accel_x (m/s^2),accel_y (m/s^2),accel_z (m/s^2)
0.230845,0.354769,-10.782728
0.203986,0.321943,-10.778095
0.185893,0.288716,-10.783020
0.161933,0.260505,-10.770059
0.158393,0.234929,-10.778473
0.129266,0.197274,-10.777069
0.127099,0.191385,-10.778729
0.117868,0.168769,-10.786239
0.104022,0.157694,-10.785191
0.082284,0.131165,-10.785793
0.085126,0.114417,-10.784164
0.073968,0.099668,-10.779481
0.069542,0.084367,-10.785582
0.064129,0.076375,-10.774593
0.060221,0.070540,-10.781446
0.057865,0.054049,-10.782452
0.045379,0.045598,-10.774371
0.042631,0.032661,-10.780047
0.049705,0.024420,-10.775878
0.043163,0.010068,-10.776769
0.040400,0.012818,-10.773766
0.039526,-0.003473,-10.775239
0.034763,-0.000359,-10.780477
0.040260,-0.004223,-10.774694
0.039873,-0.016706,-10.770311
0.042239,-0.016822,-10.771347
0.035391,-0.026825,-10.772409
0.033728,-0.035229,-10.778077
0.035957,-0.022484,-10.775598
0.038230,-0.032136,-10.785604
0.029494,-0.028699,-10.775757
0.035788,-0.043120,-10.778724
0.027623,-0.045487,-10.782834
0.029948,-0.050341,-10.778578
0.028106,-0.062585,-10.788236
0.032457,-0.055589,-10.782108
0.034901,-0.071235,-10.780717
0.027486,-0.057894,-10.783395
0.034825,-0.072543,-10.777970
0.025543,-0.068447,-10.780913
0.052760,-0.077911,-10.775286
0.031684,-0.071613,-10.781932
0.042416,-0.083610,-10.786257
0.046341,-0.079265,-10.780495
0.054092,-0.087176,-10.771774
0.039822,-0.087484,-10.774845
0.046966,-0.084834,-10.777836
0.041785,-0.086723,-10.784525
0.053838,-0.092879,-10.786934
0.043968,-0.093972,-10.779716
0.049686,-0.105241,-10.774381
0.051095,-0.097922,-10.786623
0.052467,-0.111081,-10.780101
0.049883,-0.110812,-10.779749
0.044948,-0.108741,-10.780689
0.043606,-0.110050,-10.781740
0.042408,-0.118899,-10.779225
0.052528,-0.111613,-10.775527
0.047979,-0.115879,-10.778204
0.048772,-0.115850,-10.784118
0.048682,-0.126623,-10.774602
0.057161,-0.131551,-10.779575
0.060173,-0.130575,-10.778999
0.055372,-0.121165,-10.787412
0.063867,-0.129017,-10.779207
0.059686,-0.132657,-10.789357
0.064286,-0.135767,-10.781518
0.064324,-0.136217,-10.777166
0.067022,-0.143519,-10.767096
0.064529,-0.149932,-10.777166
0.066985,-0.138224,-10.785482
0.059514,-0.150793,-10.775422
0.062873,-0.147812,-10.773258
0.066844,-0.149532,-10.777891
0.074099,-0.150324,-10.775784
0.065331,-0.157665,-10.775828
0.083221,-0.149808,-10.771097
0.064431,-0.153937,-10.777906
0.079240,-0.160414,-10.775439
0.074434,-0.161715,-10.778328
0.079356,-0.163809,-10.785660
0.079122,-0.155190,-10.773739
0.078721,-0.168401,-10.778221
0.075730,-0.178495,-10.773740
0.079928,-0.166868,-10.775537
0.079363,-0.167418,-10.783233
0.080325,-0.177365,-10.772324
0.085780,-0.177036,-10.776808
0.073718,-0.184779,-10.775294
0.085694,-0.182100,-10.780838
0.089871,-0.188664,-10.774397
0.079206,-0.193128,-10.775084
0.088898,-0.182413,-10.782729
0.099503,-0.196691,-10.772492
0.085692,-0.202182,-10.774387
0.089274,-0.198258,-10.774664
0.089045,-0.198093,-10.776866
0.088774,-0.199259,-10.777283
0.091192,-0.202377,-10.772206
0.090515,-0.206440,-10.773739
0.087170,-0.208367,-10.774843
0.094688,-0.207165,-10.775462
0.093738,-0.211815,-10.775241
0.098802,-0.215452,-10.772519
0.092015,-0.208180,-10.777686
0.103109,-0.214571,-10.771035
0.090662,-0.221377,-10.784842
0.096860,-0.224913,-10.774767
0.100502,-0.216956,-10.775134
0.095189,-0.218636,-10.773768
0.098328,-0.221810,-10.782551
0.096494,-0.228068,-10.772713
0.108136,-0.221292,-10.783623
0.104832,-0.224477,-10.772306
0.107725,-0.227994,-10.779142
0.105394,-0.234276,-10.772932
0.109389,-0.229530,-10.778707
0.114082,-0.231512,-10.770508
0.105131,-0.244108,-10.785311
0.103384,-0.236457,-10.778654
0.111903,-0.237211,-10.779334
0.104558,-0.236991,-10.778182
0.112468,-0.239238,-10.771639
0.110084,-0.244349,-10.786079
0.106894,-0.249266,-10.771602
0.105041,-0.255881,-10.774791
0.106069,-0.251465,-10.777308
0.116152,-0.252472,-10.774968
0.119272,-0.260226,-10.773987
0.121055,-0.259767,-10.780793
0.119341,-0.261589,-10.780016
0.107013,-0.254008,-10.767384
0.112055,-0.257741,-10.772982
0.122255,-0.257694,-10.782302
0.125244,-0.265044,-10.778677
0.120172,-0.266030,-10.777513
0.122436,-0.260323,-10.774205
0.125156,-0.267468,-10.778789
0.125080,-0.261106,-10.778647
0.131021,-0.270336,-10.769537
0.128503,-0.279680,-10.774614
0.123356,-0.278103,-10.772335
0.116834,-0.269051,-10.773128
0.130981,-0.277669,-10.769761
0.130329,-0.281240,-10.777548
0.123027,-0.279843,-10.776597
0.121530,-0.282746,-10.768967
0.128180,-0.289275,-10.767656
0.130852,-0.292789,-10.775553
0.123943,-0.285937,-10.767050
0.135352,-0.292106,-10.774324
0.132134,-0.287464,-10.777424
0.134162,-0.283603,-10.769242
0.127840,-0.284593,-10.781932
0.136074,-0.295069,-10.776367
0.136773,-0.298052,-10.777342
0.133650,-0.303040,-10.767984
0.130776,-0.292396,-10.776021
0.130933,-0.302495,-10.772221
0.135246,-0.312847,-10.761385
0.135107,-0.297712,-10.773780
0.133084,-0.306311,-10.764697
0.136892,-0.308397,-10.766663
0.141397,-0.300403,-10.771040
0.135943,-0.311463,-10.769976
0.139727,-0.308184,-10.774655
0.144187,-0.311980,-10.764805
0.149079,-0.317218,-10.772797
0.139476,-0.316123,-10.782365
0.132652,-0.311238,-10.768044
0.156370,-0.318225,-10.764125
0.143494,-0.317639,-10.770476
0.134622,-0.321246,-10.767914
0.148039,-0.320584,-10.771905
0.149410,-0.315294,-10.772399
0.146256,-0.320767,-10.767365
0.151352,-0.310238,-10.773383
0.150189,-0.326586,-10.769360
0.148884,-0.335436,-10.768682
0.146846,-0.329131,-10.776996
0.158617,-0.334194,-10.771044
0.145996,-0.318878,-10.773915
0.146597,-0.333029,-10.773273
0.155625,-0.330243,-10.765215
0.153696,-0.334655,-10.766905
0.155871,-0.340755,-10.765238
0.159501,-0.338377,-10.780119
0.149099,-0.338433,-10.776532
0.150166,-0.336980,-10.773842
0.163769,-0.332935,-10.774328
0.169756,-0.337292,-10.773507
0.155456,-0.349620,-10.769433
0.160516,-0.348703,-10.772871
0.146160,-0.340563,-10.536709
0.152311,-0.353681,-9.779586
0.156856,-0.349157,-9.771962
0.159934,-0.350864,-9.769519
0.160492,-0.355288,-9.780965
0.160783,-0.352199,-9.772439
0.154814,-0.349349,-9.769336
0.159735,-0.363605,-9.771712
0.151958,-0.349646,-9.775078
0.152015,-0.351107,-9.772982
0.168046,-0.362849,-9.776928
0.165023,-0.356038,-9.782084
0.164223,-0.354924,-9.770061
0.158784,-0.362848,-9.771482
0.165676,-0.363216,-9.773605
0.172760,-0.360377,-9.778953
0.157019,-0.362116,-9.777924
0.166050,-0.376730,-9.763173
0.182739,-0.366508,-9.771257
0.170658,-0.375271,-9.777863
0.171487,-0.365925,-9.764715
0.159519,-0.371917,-9.762922
0.174273,-0.374823,-9.773685
0.171409,-0.369638,-9.775615
0.167868,-0.377638,-9.773293
0.175509,-0.375920,-9.774850
0.180971,-0.374620,-9.761752
0.178049,-0.373331,-9.760007
0.175637,-0.374792,-9.771560
0.174273,-0.382076,-9.768784
0.170031,-0.385244,-9.763826
0.176338,-0.375976,-9.770855
0.164110,-0.377333,-9.770589
0.180896,-0.382329,-9.767631
0.178952,-0.385243,-9.762140
0.179454,-0.380866,-9.768025
0.178293,-0.391355,-9.766352
0.182343,-0.391936,-9.768119
0.171922,-0.390041,-9.772431
0.180173,-0.392600,-9.773801
0.170881,-0.387676,-9.762877
0.176976,-0.396265,-9.770032
0.170612,-0.398044,-9.772219
0.168093,-0.403594,-9.762273
0.177940,-0.404554,-9.773045
0.176205,-0.390326,-9.764745
0.181578,-0.400185,-9.760170
0.182693,-0.392782,-9.768185
0.188819,-0.399962,-9.763743
0.177095,-0.406200,-9.769691
0.173984,-0.411081,-9.768101
0.182921,-0.407544,-9.761177
0.186064,-0.399078,-9.768630
0.190550,-0.398553,-9.770760
0.184524,-0.415195,-9.768244
0.179388,-0.404749,-9.777763
0.183849,-0.411069,-9.775558
0.190448,-0.410805,-9.766137
0.190533,-0.403102,-9.767362
0.194415,-0.413024,-9.769355
0.190643,-0.407622,-9.769087
0.188823,-0.417312,-9.766548
0.196487,-0.404842,-9.768174
0.181270,-0.408058,-9.767098
0.195154,-0.418362,-9.772147
0.198313,-0.418753,-9.771263
0.193006,-0.421417,-9.774444
0.185420,-0.421898,-9.771820
0.198535,-0.428362,-9.764306
0.183899,-0.422130,-9.771924
0.205391,-0.423593,-9.775055
0.191618,-0.425648,-9.767852
0.180102,-0.425219,-9.766917
0.195377,-0.425521,-9.767452
0.195191,-0.423598,-9.768504
0.196249,-0.423265,-9.764043
0.195624,-0.427415,-9.776975
0.191525,-0.428208,-9.766287
0.197305,-0.417705,-9.769055
0.196868,-0.436503,-9.769678
0.186413,-0.438001,-9.768252
0.200272,-0.430577,-9.768304
0.191016,-0.439944,-9.769948
0.195628,-0.435753,-9.769088
0.197647,-0.430364,-9.764418
0.198203,-0.428842,-9.778147
0.197316,-0.435745,-9.766688
0.199884,-0.439772,-9.755704
0.201407,-0.437069,-9.770337
0.194219,-0.441314,-9.756251
0.193264,-0.448893,-9.761585
0.196193,-0.439852,-9.767619
0.200471,-0.450065,-9.762966
0.196548,-0.440164,-9.770142
0.205619,-0.447541,-9.763177
0.201855,-0.440064,-9.772883
0.206923,-0.440564,-9.767072
0.202203,-0.445593,-9.771106
0.200430,-0.439306,-9.766597
0.191792,-0.435177,-9.770831
0.202823,-0.443260,-9.776749
0.204214,-0.454999,-9.774416
0.207464,-0.447077,-9.760285
0.195096,-0.451512,-9.760753
0.206648,-0.452424,-9.770434
0.210329,-0.465706,-9.769825
0.202643,-0.457698,-9.758492
0.207428,-0.455377,-9.758553
0.208572,-0.459126,-9.771380
0.201745,-0.456920,-9.774591
0.204235,-0.458753,-9.762537
0.213156,-0.453267,-9.770397
0.207062,-0.461190,-9.769940
0.211431,-0.462916,-9.765859
0.201054,-0.466169,-9.765760
0.206255,-0.467264,-9.773671
0.211103,-0.459930,-9.766221
0.213731,-0.459681,-9.767719
0.207306,-0.470554,-9.760689
0.206162,-0.468937,-9.772217
0.211683,-0.461099,-9.771932
0.207529,-0.467758,-9.761786
0.215366,-0.468495,-9.773366
0.210659,-0.470188,-9.760250
0.218612,-0.455304,-9.758640
0.207519,-0.474712,-9.763294
0.212525,-0.461890,-9.774876
0.208692,-0.470589,-9.766357
0.216253,-0.466585,-9.768441
0.208820,-0.468378,-9.769208
0.217518,-0.470772,-9.763792
0.213438,-0.467842,-9.762306
0.213135,-0.468031,-9.768084
0.219799,-0.469861,-9.761350
0.220541,-0.471466,-9.769167
0.210458,-0.478290,-9.754165
0.215391,-0.468785,-9.766188
0.211137,-0.470031,-9.763073
0.213487,-0.472951,-9.770533
0.211864,-0.475490,-9.778611
0.219954,-0.477014,-9.770455
0.218696,-0.475293,-9.754798
0.215947,-0.473693,-9.769359
0.225377,-0.475414,-9.766668
0.219493,-0.482185,-9.766551
0.213598,-0.483266,-9.773568
0.217974,-0.491538,-9.773388
0.225834,-0.484045,-9.764173
0.218250,-0.490058,-9.770681
0.213365,-0.478114,-9.753786
0.222104,-0.480450,-9.763337
0.221737,-0.485758,-9.766768
0.215813,-0.481839,-9.775230
0.226467,-0.489892,-9.757752
0.229626,-0.486049,-9.764588
0.224156,-0.476881,-9.760771
0.215842,-0.493731,-9.774152
0.223810,-0.484607,-9.771848
0.219700,-0.484390,-9.761364
0.222209,-0.484408,-9.765242
0.230064,-0.491071,-9.764933
0.223201,-0.491243,-9.759386
0.217103,-0.489174,-9.766933
0.208810,-0.493318,-9.764316
0.228311,-0.489551,-9.768413
0.223514,-0.495974,-9.772227
0.220319,-0.495557,-9.772302
0.220368,-0.503678,-9.766104
0.228968,-0.492985,-9.766182
0.223891,-0.493689,-9.765415
0.216269,-0.495203,-9.761655
0.217807,-0.491978,-9.761564
0.221110,-0.489597,-9.773185
0.227471,-0.490101,-9.761556
0.226465,-0.488449,-9.766172
0.221058,-0.503105,-9.756700
0.226452,-0.495196,-9.761779
0.221051,-0.497759,-9.761210
0.226708,-0.498278,-9.757385
0.224067,-0.491979,-9.764681
0.225301,-0.496890,-9.767940
0.225339,-0.503733,-9.766978
0.226567,-0.500254,-9.759084
0.225740,-0.493745,-9.769660
0.221504,-0.508324,-9.766048
0.228002,-0.492736,-9.764583
0.224804,-0.512272,-9.765042
0.228062,-0.506871,-9.755917
0.228186,-0.504150,-9.762499
0.229908,-0.511209,-9.765464
0.225383,-0.499788,-9.763592
0.224318,-0.497600,-9.757362
0.233161,-0.493318,-9.772819
0.229568,-0.498449,-9.761288
0.230433,-0.516394,-9.759079
0.230084,-0.510202,-9.771109
0.227662,-0.513972,-9.768551
0.236524,-0.503896,-9.764607
0.241067,-0.508221,-9.764699
0.224607,-0.505300,-9.760043
0.226948,-0.503341,-9.768823
0.230770,-0.509745,-9.762439
0.223412,-0.511960,-9.769404
0.235646,-0.514544,-9.765973
0.224061,-0.507619,-9.766347
0.236842,-0.506291,-9.765300
0.232407,-0.510821,-9.760728
0.229240,-0.510395,-9.763597
0.232121,-0.513958,-9.765317
0.230198,-0.509622,-9.774505
0.231887,-0.511600,-9.772866
0.230643,-0.508855,-9.760014
0.231042,-0.518244,-9.767274
0.224583,-0.509401,-9.761522
0.232498,-0.514464,-9.765325
0.223870,-0.518699,-9.763504
0.234484,-0.517486,-9.764626
0.240717,-0.515327,-9.771949
0.228563,-0.512376,-9.761724
0.240097,-0.518765,-9.756934
0.228345,-0.510315,-9.764506
0.231151,-0.514727,-9.766413
0.236329,-0.529066,-9.766187
0.234402,-0.515728,-9.771699
0.231964,-0.516999,-9.762145
0.240958,-0.522333,-9.761286
0.238333,-0.521971,-9.759322
0.240127,-0.509371,-9.758511
0.232723,-0.524619,-9.769344
0.226304,-0.516890,-9.776248
0.238307,-0.514938,-9.758406
0.234885,-0.525573,-9.760791
0.239230,-0.521184,-9.758463
0.238972,-0.522535,-9.765461
0.234518,-0.514371,-9.767397
0.238264,-0.526113,-9.761708
0.245153,-0.529587,-9.766792
0.237348,-0.519924,-9.763105
0.236292,-0.523846,-9.760280
0.236080,-0.520077,-9.764928
0.233563,-0.517736,-9.765246
0.240000,-0.517760,-9.763583
0.237152,-0.524837,-9.757456
0.234870,-0.518729,-9.770819
0.240741,-0.526136,-9.763691
0.234722,-0.535554,-9.765574
0.241959,-0.526500,-9.770328
0.239098,-0.535195,-9.760316
0.233621,-0.529849,-9.765328
0.240582,-0.537944,-9.773786
0.236524,-0.534706,-9.768748
0.231278,-0.535295,-9.755738
0.242176,-0.527403,-9.758888
0.234928,-0.531049,-9.761730
0.235363,-0.535235,-9.764971
0.232708,-0.523945,-9.765869
0.241838,-0.525277,-9.763921
0.243230,-0.531064,-9.763989
0.249150,-0.533339,-9.773251
0.240021,-0.529292,-9.758784
0.252875,-0.534246,-9.763398
0.247330,-0.538997,-9.757266
0.235285,-0.532961,-9.754565
0.247038,-0.530431,-9.758689
0.235542,-0.536756,-9.748223
0.241887,-0.532044,-9.757937
0.235603,-0.530303,-9.766020
0.243116,-0.529752,-9.769123
0.247726,-0.534154,-9.762361
0.249525,-0.531289,-9.757545
0.248790,-0.534581,-9.759665
0.240104,-0.532422,-9.764496
0.244694,-0.532418,-9.759437
0.241608,-0.535159,-9.763747
0.239747,-0.545168,-9.763478
0.240075,-0.538850,-9.763686
0.245460,-0.538857,-9.765827
0.238134,-0.530267,-9.762872
0.243595,-0.536640,-9.772503
0.235517,-0.528141,-9.752030
0.247281,-0.547925,-9.764622
0.241974,-0.542330,-9.762373
0.246631,-0.538774,-9.756831
0.248127,-0.533786,-9.761800
0.246960,-0.535459,-9.764004
0.241509,-0.532782,-9.754858
0.245319,-0.540076,-9.757609
0.248705,-0.541196,-9.771855
0.250048,-0.539820,-9.762404
0.250271,-0.542311,-9.762169
0.239203,-0.552379,-9.759648
0.248410,-0.533886,-9.762403
0.239509,-0.549027,-9.761306
0.246743,-0.546378,-9.773250
0.243683,-0.545211,-9.748558
0.246741,-0.539297,-9.772737
0.240673,-0.538560,-9.763452
0.242827,-0.544692,-9.751726
0.246797,-0.549935,-9.761389
0.246627,-0.544794,-9.756618
0.246814,-0.546808,-9.761549
0.254478,-0.538875,-9.761690
0.249877,-0.546888,-9.764813
0.253843,-0.543580,-9.763356
0.248567,-0.541157,-9.762184
0.249369,-0.541812,-9.761129
0.250742,-0.547853,-9.768842
0.248262,-0.544350,-9.764615
0.241281,-0.551836,-9.761858
0.250398,-0.547888,-9.760279
0.254630,-0.542972,-9.759951
0.256196,-0.548264,-9.769853
0.250071,-0.542525,-9.765362
0.248582,-0.549498,-9.764603
0.253871,-0.556307,-9.754803
0.253407,-0.550155,-9.762153
0.247728,-0.548570,-9.762543
0.253357,-0.552522,-9.756462
0.252012,-0.550603,-9.764579
0.249221,-0.542562,-9.760673
0.248272,-0.549097,-9.757659
0.249968,-0.538504,-9.760451
0.242950,-0.553118,-9.765150
0.259215,-0.550596,-9.760522
0.249151,-0.552558,-9.764172
0.250035,-0.558470,-9.757782
0.250979,-0.556163,-9.757047
0.252564,-0.549840,-9.761074
0.258077,-0.542990,-9.764550
0.249848,-0.553661,-9.766695
0.244508,-0.545700,-9.753070
0.253581,-0.554140,-9.761505
0.245102,-0.556463,-9.754082
0.254057,-0.553216,-9.765622
0.247145,-0.549598,-9.763997
0.259906,-0.550963,-9.757462
0.248598,-0.556739,-9.764328
0.252828,-0.560909,-9.768589
0.248285,-0.554943,-9.760957
0.254469,-0.541326,-9.757292
0.254699,-0.544501,-9.759767
0.253905,-0.554021,-9.764686
0.248369,-0.552872,-9.759977
0.260329,-0.559520,-9.764362
0.249215,-0.552571,-9.762559
0.251006,-0.545705,-9.758157
0.254676,-0.551707,-9.762373
0.250334,-0.558096,-9.753158
0.246025,-0.551981,-9.761752
0.251779,-0.545936,-9.758215
0.254253,-0.565142,-9.768315
0.255898,-0.554462,-9.761061
0.270586,-0.549148,-9.760962
0.249898,-0.554855,-9.762989
0.254173,-0.561007,-9.760814
0.262889,-0.556036,-9.765879
0.258216,-0.563791,-9.763038
0.255901,-0.560008,-9.759146
0.258579,-0.567888,-9.765188
0.255657,-0.556827,-9.764697
0.252559,-0.556704,-9.765578
0.265946,-0.558914,-9.766473
0.251209,-0.552805,-9.752177
0.257221,-0.559861,-9.752855
0.259508,-0.564058,-9.763524
0.262832,-0.554687,-9.756804
0.262197,-0.567316,-9.768153
0.260028,-0.556353,-9.763030
0.254627,-0.566446,-9.759716
0.255868,-0.563818,-9.767315
0.256133,-0.556279,-9.765463
0.261350,-0.560865,-9.757616
0.257821,-0.554183,-9.760315
0.249057,-0.557647,-9.758033
0.257493,-0.558923,-9.758294
0.249575,-0.555036,-9.756315
0.249825,-0.561807,-9.771979
0.257712,-0.562739,-9.753560
0.255891,-0.565770,-9.764652
0.256711,-0.562685,-9.745697
0.257206,-0.558171,-9.762609
0.264315,-0.571553,-9.764464
0.255160,-0.561278,-9.760501
0.252861,-0.555716,-9.774037
0.247458,-0.568501,-9.769033
0.259555,-0.559321,-9.764915
0.254279,-0.574453,-9.760823
0.259039,-0.563432,-9.766814
0.256869,-0.555998,-9.759340
0.265157,-0.567121,-9.761489
0.253540,-0.563987,-9.760447
0.263268,-0.555873,-9.755098
0.265223,-0.558378,-9.760129
0.258315,-0.555716,-9.760646
0.261742,-0.554261,-9.766277
0.252079,-0.566641,-9.765195
0.254230,-0.557324,-9.768452
0.258398,-0.568668,-9.749760
0.258271,-0.561968,-9.755534
0.251092,-0.561436,-9.755461
0.260521,-0.559274,-9.760289
0.253588,-0.562706,-9.761453
0.261522,-0.568536,-9.764211
0.256751,-0.565806,-9.760515
0.265591,-0.564496,-9.756743
0.261654,-0.568450,-9.766014
0.249626,-0.561716,-9.757756
0.255480,-0.571437,-9.760855
0.262555,-0.566404,-9.761439
0.261306,-0.564806,-9.756193
0.266119,-0.565877,-9.755772
0.259908,-0.561706,-9.758489
0.259140,-0.565544,-9.759886
0.261997,-0.560971,-9.748145
0.254157,-0.567333,-9.766453
0.261062,-0.574882,-9.763308
0.258987,-0.560417,-9.755482
0.254420,-0.577177,-9.763428
0.259159,-0.566591,-9.762954
0.265891,-0.573524,-9.760107
0.259789,-0.561318,-9.766844
0.253372,-0.570558,-9.758510
0.266632,-0.561694,-9.755287
0.258166,-0.563244,-9.764383
0.253849,-0.564950,-9.758204
0.262497,-0.572935,-9.760667
0.259440,-0.564778,-9.759641
0.251494,-0.574119,-9.764800
0.255941,-0.568499,-9.753895
0.253652,-0.571317,-9.762136
0.274131,-0.566698,-9.760144
0.265575,-0.567491,-9.748885
0.257804,-0.568965,-9.757436
0.261231,-0.571639,-9.761729
0.272613,-0.575454,-9.765650
0.256307,-0.564894,-9.751212
0.253843,-0.566083,-9.756285
0.260048,-0.576774,-9.764905
0.258036,-0.575819,-9.753533
0.254384,-0.567497,-9.769420
0.258937,-0.567208,-9.749449
0.257103,-0.576521,-9.764695
0.258053,-0.578245,-9.760288
0.260708,-0.562713,-9.762397
0.258445,-0.568309,-9.757147
0.260686,-0.572166,-9.759292
0.254256,-0.568784,-9.764410
0.257743,-0.574477,-9.764418
0.257625,-0.574159,-9.763702
0.255700,-0.578287,-9.762473
0.264153,-0.568025,-9.762131
0.259395,-0.568882,-9.769499
0.255490,-0.561421,-9.764133
0.254911,-0.572142,-9.751206
0.255301,-0.581082,-9.768214
0.259166,-0.574200,-9.761944
0.242450,-0.568889,-9.756837
0.259759,-0.574862,-9.747726
0.258087,-0.572887,-9.758988
0.262076,-0.576258,-9.767950
0.262274,-0.572601,-9.767327
0.258363,-0.570319,-9.764729
0.260320,-0.573481,-9.755798
0.268923,-0.577244,-9.763978
0.259578,-0.571088,-9.761475
0.257135,-0.573035,-9.758326
0.258835,-0.572626,-9.753188
0.258500,-0.569151,-9.761074
0.267505,-0.576075,-9.760968
0.264548,-0.583287,-9.758059
0.258655,-0.570278,-9.758514
0.250601,-0.575502,-9.754564
0.256951,-0.569719,-9.757212
0.259442,-0.588392,-9.767245
0.252135,-0.569839,-9.750835
0.260278,-0.573345,-9.755523
0.263927,-0.577140,-9.759804
0.272677,-0.575499,-9.752333
0.261735,-0.575640,-9.755837
0.257586,-0.575737,-9.753892
0.271267,-0.571831,-9.767142
0.265729,-0.585135,-9.749217
0.264042,-0.582990,-9.760309
0.259337,-0.576116,-9.765507
0.259272,-0.585754,-9.764760
0.263388,-0.573220,-9.762681
0.265868,-0.573385,-9.756809
0.265814,-0.577592,-9.769317
0.263741,-0.584214,-9.755341
0.267360,-0.570746,-9.765946
0.271141,-0.573773,-9.765964
0.265010,-0.574585,-9.765969
0.258307,-0.578545,-9.756222
0.266549,-0.573030,-9.758398
0.267764,-0.573840,-9.764229
0.264838,-0.578234,-9.765862
0.252000,-0.577532,-9.759708
0.261590,-0.575210,-9.767411
0.265692,-0.582056,-9.758185
0.264175,-0.582678,-9.756081
0.263055,-0.576067,-9.762127
0.266189,-0.579598,-9.759232
0.270618,-0.574766,-9.757636
0.258798,-0.572513,-9.757205
0.274699,-0.579170,-9.764830
0.251826,-0.571474,-9.771567
0.272482,-0.583018,-9.755109
0.265252,-0.577998,-9.759471
0.269788,-0.585583,-9.753353
0.265988,-0.581709,-9.767880
0.258092,-0.567645,-9.754081
0.266760,-0.580994,-9.755427
0.250243,-0.575581,-9.754626
0.266832,-0.574404,-9.763323
0.258887,-0.574817,-9.753107
0.261920,-0.573906,-9.753875
0.261666,-0.577631,-9.762116
0.268831,-0.578571,-9.759932
0.262146,-0.579066,-9.761545
0.266375,-0.576106,-9.753368
0.270357,-0.570712,-9.764983
0.264006,-0.585535,-9.766154
0.256127,-0.582888,-9.758422
0.253270,-0.580858,-9.754388
0.258248,-0.575496,-9.768220
0.263379,-0.569389,-9.758629
0.262884,-0.590302,-9.758664
0.264786,-0.579036,-9.761610
0.254958,-0.585595,-9.746171
0.266291,-0.573220,-9.758061
0.269609,-0.570729,-9.766117
0.267775,-0.580838,-9.757795
0.270818,-0.579354,-9.765281
0.260890,-0.566283,-9.765058
0.273062,-0.580625,-9.752297
0.263168,-0.570366,-9.754709
0.259171,-0.587591,-9.755036
0.270390,-0.584220,-9.759823
0.272198,-0.580583,-9.755471
0.266588,-0.577955,-9.756735
0.274116,-0.585223,-9.760738
0.261653,-0.579023,-9.761570
0.260702,-0.576265,-9.754231
0.265286,-0.581751,-9.759878
0.265565,-0.581462,-9.759945
0.263004,-0.584315,-9.749914
0.268208,-0.575572,-9.762614
0.257041,-0.564765,-9.756185
0.272533,-0.574557,-9.759036
0.259796,-0.579560,-9.757272
0.270694,-0.586214,-9.756474
0.263316,-0.571736,-9.754002
0.258603,-0.589277,-9.756934
0.268562,-0.585540,-9.764738
0.261233,-0.581420,-9.760887
0.257835,-0.582744,-9.758740
0.266150,-0.582015,-9.761050
0.264241,-0.588952,-9.763413
0.270270,-0.586172,-9.760302
0.264487,-0.582797,-9.754047
0.267568,-0.577560,-9.756871
0.264587,-0.586503,-9.764219
0.260463,-0.578629,-9.762422
0.265205,-0.577356,-9.760353
0.267581,-0.585843,-9.750158
0.264931,-0.583698,-9.760445
0.268773,-0.586282,-9.755031
0.260795,-0.585972,-9.765594
0.262050,-0.583615,-9.761660
0.269645,-0.589351,-9.760000
0.274758,-0.582567,-9.761170
0.266846,-0.581332,-9.757270
0.277234,-0.593335,-9.758061
0.260150,-0.585069,-9.760440
0.268351,-0.579089,-9.756941
0.261171,-0.579505,-9.756060
0.265618,-0.587424,-9.754138
0.266627,-0.588197,-9.754976
0.277398,-0.582615,-9.753928
0.268951,-0.577381,-9.756700
0.259206,-0.589435,-9.756697
0.268431,-0.588481,-9.767721
0.269391,-0.586175,-9.760726
0.259449,-0.576909,-9.759355
0.263266,-0.591219,-9.760284
0.272016,-0.584895,-9.760413
0.258940,-0.585140,-9.751010
0.268645,-0.583491,-9.758353
0.269114,-0.577611,-9.764376
0.269646,-0.588669,-9.751620
0.267575,-0.582727,-9.762015
0.264668,-0.580115,-9.768677
0.259673,-0.583269,-9.756102
0.269961,-0.576607,-9.757729
0.260018,-0.592005,-9.754898
0.259945,-0.574847,-9.760180
0.266426,-0.592158,-9.757523
0.268142,-0.589058,-9.757084
0.266248,-0.584411,-9.757274
0.266283,-0.589045,-9.758949
0.262244,-0.588942,-9.762524
0.263338,-0.572710,-9.751633
0.267887,-0.578638,-9.765109
0.264280,-0.588258,-9.756297
0.266570,-0.586237,-9.762395
0.273950,-0.587393,-9.753794
0.262254,-0.579403,-9.762512
0.269963,-0.584609,-9.757953
0.261023,-0.582462,-9.766119
0.273045,-0.587409,-9.761171
0.263695,-0.585942,-9.760099
0.266726,-0.588104,-9.759119
0.262033,-0.581610,-9.762782
0.266216,-0.578398,-9.746918
0.264878,-0.589281,-9.753225
0.257557,-0.581157,-9.761505
0.266999,-0.582706,-9.766619
0.270409,-0.581592,-9.758919
0.273508,-0.584050,-9.763989
0.270638,-0.586574,-9.753880
0.269206,-0.594224,-9.750064
0.260083,-0.588897,-9.765444
0.270560,-0.583298,-9.755097
0.270023,-0.583914,-9.759268
0.266480,-0.584043,-9.762574
0.270983,-0.582151,-9.760779
0.263962,-0.581474,-9.752293
0.272263,-0.580350,-9.750501
0.270299,-0.585327,-9.750830
0.260943,-0.593502,-9.763772
0.261520,-0.588746,-9.755918
0.260839,-0.589946,-9.761300
0.279534,-0.585213,-9.752525
0.260698,-0.585330,-9.755044
0.264470,-0.588855,-9.759256
0.265460,-0.591117,-9.754408
0.268097,-0.591533,-9.763830
0.270735,-0.588551,-9.760769
0.266505,-0.590251,-9.762907
0.268806,-0.584206,-9.765845
0.267014,-0.590575,-9.754692
0.264213,-0.591450,-9.749714
0.271751,-0.590448,-9.745923
0.271535,-0.589752,-9.755080
0.259107,-0.589912,-9.762237
0.262023,-0.580913,-9.765004
0.271439,-0.586122,-9.759666
0.268681,-0.584320,-9.762888
0.272553,-0.584475,-9.765429
0.260636,-0.588483,-9.755668
0.267565,-0.587320,-9.759475
0.279668,-0.574658,-9.757542
0.259690,-0.586149,-9.763161
0.269086,-0.586646,-9.758298
0.260090,-0.582769,-9.760498
0.268277,-0.585951,-9.763434
0.263424,-0.587523,-9.751370
0.257410,-0.584938,-9.762075
0.264554,-0.590426,-9.748276
0.274410,-0.591615,-9.756367
0.263640,-0.590024,-9.763562
0.256642,-0.589868,-9.757792
0.271389,-0.590792,-9.759835
0.279405,-0.588589,-9.768385
0.259949,-0.587539,-9.758027
0.265125,-0.583382,-9.760048
0.267695,-0.586799,-9.751430
0.258891,-0.587934,-9.761564
0.267947,-0.584122,-9.760230
0.278585,-0.590646,-9.756907
0.269311,-0.581143,-9.756254
0.265581,-0.587516,-9.756627
0.260821,-0.588442,-9.758711
0.274165,-0.591413,-9.757225
0.262750,-0.578313,-9.753035
0.259766,-0.588126,-9.764445
0.263444,-0.591584,-9.757494
0.259279,-0.582572,-9.758828
0.264986,-0.589367,-9.766108
0.271110,-0.582021,-9.765625
0.267081,-0.584056,-9.758381
0.263619,-0.588116,-9.752527
0.271978,-0.584047,-9.770961
0.273035,-0.587701,-9.762101
0.265419,-0.586811,-9.754953
0.274718,-0.578781,-9.751460
0.265055,-0.585934,-9.751279
0.272079,-0.578249,-9.758625
0.264211,-0.595765,-9.762853
0.269678,-0.587997,-9.760309
0.265251,-0.584265,-9.767544
0.263627,-0.586520,-9.758512
0.259667,-0.595124,-9.763822
0.275526,-0.582105,-9.760286
0.261286,-0.586957,-9.752349
0.254861,-0.589143,-9.765640
0.268314,-0.598310,-9.760824
0.268468,-0.582687,-9.759595
0.265744,-0.592734,-9.755766
0.272666,-0.584941,-9.753374
0.269982,-0.590913,-9.762920
0.274406,-0.588142,-9.750548
0.264831,-0.589507,-9.770809
0.257705,-0.578099,-9.761854
0.270449,-0.585096,-9.759033
0.277287,-0.590334,-9.754538
0.276087,-0.583804,-9.758176
0.264376,-0.596288,-9.763951
0.274631,-0.587390,-9.756229
0.264849,-0.576681,-9.755522
0.273598,-0.589040,-9.755296
0.269008,-0.593180,-9.756683
0.274269,-0.591392,-9.755309
0.264185,-0.578182,-9.754106
0.267541,-0.588786,-9.749576
0.265769,-0.586471,-9.764987
0.264484,-0.591202,-9.761201
0.273314,-0.588877,-9.756327
0.271880,-0.588771,-9.763377
0.259677,-0.590527,-9.760919
0.271811,-0.585488,-9.754917
0.265142,-0.597507,-9.758902
0.270648,-0.590431,-9.754412
0.263484,-0.583318,-9.758485
0.266324,-0.594068,-9.755576
0.262008,-0.597757,-9.762023
0.266829,-0.594390,-9.759291
0.267977,-0.589454,-9.766398
0.275200,-0.585224,-9.766211
0.268344,-0.592214,-9.772298
0.264691,-0.584469,-9.762700
0.270586,-0.595430,-9.761174
0.266217,-0.587087,-9.755506
0.269760,-0.584371,-9.759891
0.266752,-0.591922,-9.755374
0.268158,-0.592863,-9.759907
0.265799,-0.590649,-9.764213
0.284169,-0.594222,-9.752334
0.272182,-0.597535,-9.757072
0.264620,-0.588310,-9.752399
0.278890,-0.580858,-9.766259
0.267958,-0.588288,-9.756018
0.270737,-0.594020,-9.760467
0.261933,-0.593491,-9.756521
0.262188,-0.597821,-9.761870
0.273961,-0.590286,-9.758344
0.273292,-0.598343,-9.756400
0.260020,-0.589259,-9.752544
0.265201,-0.579886,-9.758383
0.269450,-0.586890,-9.763347
0.268565,-0.589998,-9.757282
0.281707,-0.590657,-9.755789
0.269710,-0.595446,-9.765570
0.266058,-0.590191,-9.760621
0.265932,-0.590538,-9.754556
0.275343,-0.591885,-9.760500
0.271572,-0.585746,-9.758609
0.265865,-0.594308,-9.752268
0.266736,-0.590167,-9.767829
0.262638,-0.603160,-9.762410
0.266963,-0.586760,-9.761585
0.270004,-0.593178,-9.761942
0.278959,-0.590135,-9.761686
0.264505,-0.593578,-9.767995
0.279346,-0.591310,-9.751119
0.269254,-0.589757,-9.760146
0.268389,-0.582039,-9.759244
0.264948,-0.596165,-9.758424
0.275119,-0.598032,-9.760705
0.270041,-0.586794,-9.749557
0.274859,-0.586873,-9.757695
0.275408,-0.593932,-9.756193
0.269942,-0.590106,-9.762193
0.276321,-0.596392,-9.755665
0.274751,-0.589768,-9.759793
0.267292,-0.591990,-9.761732
0.267758,-0.593057,-9.764591
0.275512,-0.594880,-9.758671
0.263055,-0.589383,-9.753803
0.271709,-0.597944,-9.753193
0.268387,-0.587524,-9.756053
0.277093,-0.593175,-9.758146
0.279364,-0.600728,-9.756584
0.268473,-0.583894,-9.757818
0.267514,-0.587127,-9.761268
0.267012,-0.591860,-9.764840
0.276814,-0.600054,-9.755307
0.261579,-0.594918,-9.765420
0.270414,-0.586104,-9.756460
0.267075,-0.590819,-9.749873
0.268486,-0.595835,-9.751295
0.270050,-0.584914,-9.754492
0.276276,-0.592286,-9.750946
0.273511,-0.591049,-9.762849
0.274773,-0.589547,-9.752611
0.276547,-0.589557,-9.762098
0.261455,-0.600246,-9.760342
0.268950,-0.595978,-9.759690
0.271840,-0.599281,-9.748449
0.260565,-0.590037,-9.762148
0.272550,-0.586310,-9.758215
0.281130,-0.587623,-9.755708
0.274642,-0.593486,-9.752621
0.258779,-0.592694,-9.760993
0.274941,-0.587129,-9.749768
0.275570,-0.594226,-9.761900
0.271403,-0.586363,-9.758672
0.273344,-0.596278,-9.762413
0.274465,-0.588631,-9.762338
0.273338,-0.585362,-9.758570
0.274137,-0.591685,-9.758039
0.271107,-0.592854,-9.762272
0.260782,-0.595242,-9.751138
0.274718,-0.595699,-9.763207
0.261560,-0.588729,-9.766206
0.277147,-0.584897,-9.760744
0.271843,-0.596941,-9.755456
0.266810,-0.595356,-9.756034
0.273201,-0.591948,-9.757939
0.270149,-0.598775,-9.751228
0.259393,-0.592688,-9.760139
0.281713,-0.593952,-9.751400
0.272275,-0.600844,-9.756976
0.274263,-0.594989,-9.752488
0.265931,-0.591855,-9.762944
0.266680,-0.597046,-9.754923
0.269891,-0.599926,-9.768156
0.267656,-0.598066,-9.755986
0.265757,-0.596015,-9.760851
0.271279,-0.594860,-9.759941
0.258622,-0.594146,-9.756222
0.268279,-0.601225,-9.768971
0.267535,-0.587059,-9.760394
0.262910,-0.589884,-9.765606
0.265707,-0.589373,-9.751871
0.275247,-0.592085,-9.754014
0.262055,-0.590401,-9.757556
0.268381,-0.597841,-9.758395
0.259439,-0.589348,-9.751407
0.277054,-0.588445,-9.768013
0.274564,-0.581687,-9.758245
0.268161,-0.603971,-9.760231
0.261081,-0.590942,-9.768181
0.266105,-0.582525,-9.763889
0.273619,-0.591381,-9.759857
0.280381,-0.600814,-9.764077
0.271683,-0.592337,-9.754069
0.265291,-0.589575,-9.762382
0.270317,-0.587223,-9.751929
0.268303,-0.596092,-9.764332
0.268282,-0.584590,-9.758107
0.274304,-0.600921,-9.757542
0.270815,-0.590142,-9.762698
0.264943,-0.591948,-9.758013
0.271603,-0.597560,-9.757906
0.275580,-0.590816,-9.752742
0.270459,-0.591265,-9.765294
0.268383,-0.584176,-9.766513
0.274560,-0.591169,-9.750636
0.266724,-0.597750,-9.761002
0.258489,-0.586908,-9.764014
0.267243,-0.596807,-9.755991
0.276764,-0.588696,-9.762774
0.277224,-0.599761,-9.762078
0.261739,-0.584357,-9.761282
0.270155,-0.592875,-9.758992
0.275049,-0.596048,-9.760504
0.281783,-0.585303,-9.759377
0.266603,-0.600293,-9.761347
0.270620,-0.591477,-9.756702
0.276127,-0.592751,-9.759958
0.268918,-0.587905,-9.763581
0.273537,-0.580870,-9.756052
0.264847,-0.590085,-9.764608
0.276596,-0.590015,-9.763615
0.267541,-0.600324,-9.756117
0.274841,-0.594697,-9.755928
0.271513,-0.585987,-9.756088
0.272660,-0.584947,-9.766046
0.271121,-0.595194,-9.757761
0.265045,-0.591030,-9.751057
0.266630,-0.584595,-9.760760
0.274725,-0.594223,-9.761976
0.275313,-0.600441,-9.760472
0.278324,-0.596704,-9.752804
0.278722,-0.592883,-9.757398
0.273565,-0.592448,-9.751317
0.266808,-0.588225,-9.752231
0.271988,-0.601459,-9.766568
0.275494,-0.591644,-9.762503
0.278509,-0.597348,-9.762332
0.278424,-0.592984,-9.757151
0.271714,-0.591494,-9.758646
0.271771,-0.600966,-9.752583
0.265917,-0.589913,-9.760704
0.265284,-0.595960,-9.767106
0.267573,-0.600495,-9.764540
0.261665,-0.587617,-9.766325
0.269403,-0.588758,-9.757449
0.270440,-0.590500,-9.759083
0.276890,-0.602207,-9.758999
0.268135,-0.591267,-9.752759
0.276319,-0.591922,-9.763708
0.270017,-0.589532,-9.755290
0.274223,-0.590096,-9.762677
0.272819,-0.592996,-9.759859
0.278306,-0.587676,-9.759806
0.269879,-0.595844,-9.750313
0.265739,-0.595106,-9.761979
0.271697,-0.590947,-9.760399
0.269955,-0.598677,-9.756412
0.265038,-0.595585,-9.758505
0.273507,-0.594338,-9.767173
0.276060,-0.592665,-9.752362
0.270161,-0.597333,-9.753144
0.276608,-0.589140,-9.759959
0.276536,-0.604395,-9.765250
0.275357,-0.593313,-9.755520
0.273402,-0.593604,-9.758737
0.279006,-0.591137,-9.750427
0.268126,-0.596887,-9.763876
0.266302,-0.588516,-9.766212
0.273342,-0.593710,-9.758614
0.269055,-0.593803,-9.757517
0.267063,-0.605493,-9.762842
0.271275,-0.592470,-9.752953
0.269022,-0.594961,-9.755593
0.269350,-0.593164,-9.764785
0.273169,-0.600379,-9.754974
0.269830,-0.595839,-9.747424
0.276890,-0.596939,-9.749691
0.266817,-0.594506,-9.758759
0.274879,-0.592787,-9.756499
0.267387,-0.594263,-9.763908
0.276710,-0.590341,-9.754725
0.270671,-0.601292,-9.758669
0.264680,-0.602658,-9.757688
0.261984,-0.592377,-9.768848
0.262239,-0.594678,-9.757480
0.267676,-0.599505,-9.759206
0.261093,-0.592210,-9.752025
0.273901,-0.594213,-9.769390
0.275130,-0.595067,-9.756121
0.274835,-0.588061,-9.762774
0.267645,-0.587653,-9.759602
0.271480,-0.584407,-9.757279
0.263980,-0.589426,-9.752380
0.273377,-0.587049,-9.755569
0.276286,-0.599394,-9.755265
0.273476,-0.602863,-9.764931
0.270012,-0.590264,-9.751251
0.270823,-0.603428,-9.767916
0.274807,-0.589510,-9.758770
0.265293,-0.589873,-9.754500
0.271583,-0.588581,-9.755720
0.277891,-0.594629,-9.754460
0.268570,-0.597654,-9.753359
0.262118,-0.593898,-9.762040
0.266244,-0.592091,-9.756441
0.268221,-0.602859,-9.753508
0.269589,-0.593354,-9.747840
0.273830,-0.592416,-9.761335
0.272564,-0.601101,-9.755236
0.268118,-0.594131,-9.757580
0.272798,-0.595219,-9.752566
0.266309,-0.586412,-9.761026
0.273561,-0.603372,-9.747067
0.271310,-0.595155,-9.760403
0.272446,-0.596230,-9.758902
0.270050,-0.596695,-9.756166
0.267839,-0.605315,-9.763456
0.274227,-0.596409,-9.754502
0.264159,-0.590415,-9.759493
0.271682,-0.595809,-9.762874
0.276051,-0.602671,-9.756471
0.274811,-0.597543,-9.760780
0.265690,-0.600929,-9.747387
0.267954,-0.591692,-9.761004
0.276913,-0.597141,-9.764344
0.267618,-0.591104,-9.762441
0.259852,-0.593838,-9.752589
0.268477,-0.596118,-9.766722
0.263363,-0.591364,-9.755878
0.267939,-0.597112,-9.753825
0.266869,-0.590342,-9.753143
0.275161,-0.602702,-9.754146
0.273736,-0.598807,-9.759684
0.268034,-0.584918,-9.754560
0.272063,-0.602174,-9.759356
0.269441,-0.592858,-9.761218
0.266234,-0.591270,-9.756897
0.274610,-0.592934,-9.758483
0.262354,-0.592303,-9.759229
0.266944,-0.588129,-9.758579
0.268349,-0.588665,-9.754514
0.273536,-0.595705,-9.761847
0.272733,-0.595195,-9.764302
0.267485,-0.591263,-9.763283
0.270910,-0.601330,-9.761106
0.275008,-0.595746,-9.760211
0.271278,-0.593497,-9.756340
0.278369,-0.593789,-9.758771
0.270169,-0.585505,-9.757597
0.271612,-0.599295,-9.758795
0.265950,-0.588848,-9.758977
0.272526,-0.604028,-9.763217
0.274510,-0.589498,-9.757780
0.275134,-0.591357,-9.763190
0.271374,-0.595791,-9.758320
0.272967,-0.593559,-9.746301
0.261481,-0.603566,-9.755995
0.271857,-0.592212,-9.759974
0.271886,-0.591462,-9.750625
0.270136,-0.599162,-9.765561
0.277574,-0.593102,-9.763426
0.262396,-0.592431,-9.759287
0.265979,-0.597300,-9.757634
0.266648,-0.595943,-9.751309
0.273476,-0.594928,-9.753259
0.270774,-0.597700,-9.759323
0.263066,-0.596763,-9.754693
0.272108,-0.593034,-9.759658
0.277492,-0.580953,-9.751698
0.270481,-0.601589,-9.763470
0.269385,-0.601426,-9.764614
0.273767,-0.589107,-9.750208
0.268944,-0.595301,-9.761656
0.268332,-0.589298,-9.752992
0.262091,-0.592032,-9.757442
0.279143,-0.595513,-9.763027
0.282035,-0.589980,-9.762750
0.261675,-0.599207,-9.752498
0.275363,-0.585708,-9.755255
0.264033,-0.593583,-9.757862
0.266900,-0.595687,-9.764970
0.277564,-0.596875,-9.763098
0.262934,-0.592436,-9.767091
0.268534,-0.584309,-9.749241
0.277870,-0.588351,-9.761586
0.268907,-0.594522,-9.752354
0.265508,-0.587302,-9.756655
0.275561,-0.595099,-9.754599
0.263540,-0.586577,-9.763849
0.273516,-0.597886,-9.763347
0.266618,-0.589973,-9.764955
0.271132,-0.592633,-9.760816
0.268217,-0.586706,-9.760186
0.273273,-0.592307,-9.754158
0.271578,-0.592855,-9.750289
0.270106,-0.594165,-9.758976
0.272599,-0.601333,-9.771033
0.276721,-0.585423,-9.757610
0.271568,-0.590383,-9.755775
0.271733,-0.600166,-9.752008
0.271330,-0.586471,-9.756964
0.269073,-0.593891,-9.756846
0.267437,-0.582338,-9.763014
0.272901,-0.595870,-9.762498
0.269397,-0.595052,-9.762021
0.263146,-0.596863,-9.764619
0.266165,-0.597086,-9.754930
0.270167,-0.590769,-9.753289
0.268100,-0.597826,-9.750957
0.265179,-0.598946,-9.751471
0.277150,-0.591428,-9.755991
0.268227,-0.606299,-9.755164
0.267660,-0.593192,-9.746501
0.265002,-0.595008,-9.750453
0.265873,-0.594760,-9.768264
0.267034,-0.601635,-9.755869
0.273317,-0.589883,-9.758224
0.272545,-0.591248,-9.754472
0.273611,-0.593829,-9.753428
0.275639,-0.598755,-9.761710
0.277285,-0.585517,-9.758372
0.269204,-0.597474,-9.748891
0.264441,-0.597151,-9.759386
0.272386,-0.592167,-9.752566
0.270573,-0.589218,-9.757833
0.274026,-0.604654,-9.752358
0.266955,-0.602996,-9.765221
0.264739,-0.598546,-9.757677
0.268312,-0.602484,-9.763408
0.270719,-0.598672,-9.772121
0.272386,-0.602060,-9.750052
0.271184,-0.597815,-9.761591
0.238364,-0.571658,-9.755348
0.221828,-0.532516,-9.744103
0.195481,-0.526708,-9.746834
0.182540,-0.503015,-9.734506
0.171818,-0.499937,-9.734647
0.156214,-0.479062,-9.746680
0.145982,-0.475216,-9.735599
0.143616,-0.465145,-9.726777
0.144699,-0.444709,-9.721982
0.141508,-0.438133,-9.726616
0.137479,-0.434591,-9.723433
0.135223,-0.424422,-9.724978
0.151781,-0.424994,-9.716450
0.135612,-0.426106,-9.716314
0.155641,-0.413973,-9.711860
0.159589,-0.423098,-9.715346
0.168701,-0.409007,-9.710619
0.174283,-0.422790,-9.720331
0.176304,-0.419364,-9.724498
0.197688,-0.419006,-9.715874
0.198867,-0.424495,-9.707518
0.216940,-0.420845,-9.704832
0.219707,-0.416793,-9.710627
0.235622,-0.440183,-9.704248
0.238973,-0.434435,-9.710285
0.254550,-0.436106,-9.693470
0.274070,-0.425490,-9.705360
0.276970,-0.430620,-9.697675
0.296345,-0.440611,-9.702605
0.304222,-0.438480,-9.699280
0.319702,-0.435926,-9.698923
0.331235,-0.448313,-9.687704
0.341842,-0.444642,-9.689845
0.357750,-0.446913,-9.697341
0.378941,-0.461369,-9.692493
0.384310,-0.458001,-9.699898
0.404093,-0.469366,-9.690265
0.416935,-0.477975,-9.690196
0.438784,-0.469459,-9.679416
0.446632,-0.475495,-9.689043
0.455427,-0.472685,-9.684651
0.474182,-0.481228,-9.678708
0.485375,-0.490203,-9.687966
0.503048,-0.492384,-9.675902
0.516440,-0.497379,-9.673148
0.534300,-0.496017,-9.663795
0.551593,-0.518825,-9.667534
0.559847,-0.511348,-9.668960
0.586924,-0.517333,-9.665542
0.596434,-0.519700,-9.671788
0.606398,-0.526414,-9.658657
0.620631,-0.536317,-9.667790
0.635862,-0.534139,-9.664533
0.651935,-0.533773,-9.662575
0.665278,-0.546405,-9.662026
0.683779,-0.537491,-9.665871
0.696980,-0.550925,-9.655427
0.712973,-0.552349,-9.651327
0.728447,-0.566726,-9.646272
0.743698,-0.569986,-9.650078
0.760804,-0.579203,-9.638081
0.778110,-0.571024,-9.644230
0.790936,-0.586209,-9.643198
0.805977,-0.586011,-9.641594
0.823068,-0.587884,-9.632056
0.826926,-0.593890,-9.637786
0.846740,-0.606067,-9.631018
0.863720,-0.603944,-9.632781
0.882192,-0.616334,-9.629988
0.894837,-0.619067,-9.622663
0.908330,-0.618554,-9.623045
0.927789,-0.634662,-9.623397
0.941902,-0.626416,-9.616767
0.956021,-0.634626,-9.614076
0.967689,-0.628052,-9.613392
0.977352,-0.642376,-9.617903
0.993403,-0.635962,-9.610719
1.008146,-0.650310,-9.601592
1.031258,-0.656811,-9.601285
1.044725,-0.661907,-9.599041
1.055056,-0.663758,-9.597994
1.070866,-0.666471,-9.596506
1.092028,-0.676673,-9.595988
1.102745,-0.687288,-9.592873
1.111769,-0.687897,-9.587420
1.134892,-0.696130,-9.590440
1.140891,-0.691481,-9.584942
1.156936,-0.702357,-9.580028
1.174372,-0.696379,-9.584532
1.194691,-0.706329,-9.579358
1.209238,-0.713611,-9.561207
1.219350,-0.722131,-9.568581
1.240556,-0.720458,-9.579528
1.244047,-0.714363,-9.562455
1.269759,-0.732531,-9.574694
1.285038,-0.731520,-9.553149
1.301258,-0.735185,-9.560781
1.314868,-0.742546,-9.552102
1.321491,-0.748176,-9.552099
1.346887,-0.751129,-9.543753
1.363983,-0.755669,-9.540700
1.361274,-0.758010,-9.543775
1.393214,-0.764481,-9.542826
1.395010,-0.767287,-9.528659
1.404693,-0.766653,-9.533559
1.432906,-0.780057,-9.526558
1.452483,-0.783224,-9.520911
1.458650,-0.788009,-9.520364
1.477362,-0.789155,-9.520267
1.488794,-0.792499,-9.518569
1.510772,-0.798134,-9.506964
1.519791,-0.800690,-9.510468
1.534468,-0.812868,-9.513543
1.556464,-0.812742,-9.499303
1.564587,-0.817536,-9.499408
1.579614,-0.822423,-9.492253
1.601566,-0.822480,-9.501855
1.612798,-0.829543,-9.488937
1.625755,-0.836655,-9.485122
1.635970,-0.838142,-9.480507
1.653449,-0.846453,-9.481814
1.666652,-0.845211,-9.472087
1.689126,-0.851027,-9.472235
1.702645,-0.865148,-9.478000
1.708169,-0.857840,-9.470103
1.733483,-0.861830,-9.460153
1.742648,-0.867095,-9.457100
1.763559,-0.867033,-9.452811
1.772458,-0.878359,-9.442579
1.797217,-0.880601,-9.445532
1.803898,-0.890309,-9.434433
1.818584,-0.889677,-9.444420
1.839948,-0.894977,-9.434270
1.856281,-0.900732,-9.429666
1.864379,-0.910005,-9.409128
1.876560,-0.898992,-9.424604
1.897604,-0.912031,-9.427717
1.904127,-0.926288,-9.402801
1.926519,-0.913958,-9.418809
1.939658,-0.920181,-9.416969
1.959797,-0.927072,-9.398382
1.971906,-0.928734,-9.401644
1.980500,-0.936728,-9.397630
2.001779,-0.947897,-9.396521
2.013312,-0.940909,-9.392370
2.035920,-0.951327,-9.379448
2.045430,-0.957591,-9.377654
2.053476,-0.964551,-9.370684
2.076367,-0.958697,-9.379974
2.086732,-0.969800,-9.368823
2.103012,-0.977339,-9.374448
2.118360,-0.977110,-9.350661
2.126488,-0.985611,-9.353490
2.153976,-0.975968,-9.357935
2.161172,-0.989704,-9.341546
2.179184,-0.993353,-9.335537
2.198996,-1.007777,-9.340993
2.207449,-1.004154,-9.324806
2.226394,-0.994840,-9.322552
2.232439,-1.007658,-9.324795
2.249474,-1.009113,-9.316112
2.266706,-1.019514,-9.313675
2.278392,-1.018876,-9.308142
2.284933,-1.033344,-9.306307
2.316713,-1.031071,-9.297533
2.315916,-1.033811,-9.282606
2.337027,-1.044734,-9.293664
2.354907,-1.038113,-9.277492
2.354678,-1.049738,-9.288175
2.375122,-1.051390,-9.272496
2.392687,-1.054836,-9.275111
2.402983,-1.054987,-9.268848
2.424031,-1.063386,-9.255045
2.435752,-1.067404,-9.262136
2.455208,-1.073437,-9.252590
2.470879,-1.077386,-9.242901
2.484000,-1.081422,-9.243744
2.499198,-1.079661,-9.259939
2.506017,-1.091891,-9.239477
2.524274,-1.091335,-9.232672
2.543511,-1.099965,-9.228914
2.558636,-1.106147,-9.210722
2.570816,-1.090268,-9.207449
2.580479,-1.102374,-9.209587
2.593305,-1.112410,-9.212032
2.616569,-1.120686,-9.192726
2.627180,-1.118154,-9.193294
2.646314,-1.121809,-9.181494
2.652538,-1.128394,-9.180816
2.671391,-1.127717,-9.185445
2.687640,-1.138890,-9.189139
2.700337,-1.136195,-9.168166
2.704880,-1.137906,-9.158346
2.727345,-1.146910,-9.158138
2.747791,-1.144303,-9.155550
2.758595,-1.150657,-9.140446
2.777775,-1.168483,-9.149061
2.800777,-1.161779,-9.142154
2.808449,-1.167107,-9.129562
2.822710,-1.171997,-9.120536
2.830315,-1.178271,-9.112993
2.838778,-1.173763,-9.120466
2.859316,-1.187149,-9.106737
2.875357,-1.187139,-9.100139
2.888985,-1.192975,-9.093641
2.906468,-1.186964,-9.085027
2.915728,-1.197246,-9.093937
2.930340,-1.202692,-9.080016
2.951038,-1.200701,-9.083253
2.956504,-1.207748,-9.079604
2.982046,-1.208504,-9.070590
2.993415,-1.211365,-9.057054
3.003319,-1.215030,-9.045261
3.013658,-1.220613,-9.051187
3.030255,-1.227265,-9.052023
3.050029,-1.221395,-9.041598
3.063476,-1.236049,-9.031514
3.073237,-1.233073,-9.028202
3.087420,-1.235149,-9.017610
3.098731,-1.243483,-9.021241
3.122439,-1.253185,-9.006981
3.132609,-1.250417,-8.993553
3.137623,-1.256383,-8.990801
3.160453,-1.261824,-8.990440
3.177023,-1.261526,-8.991214
3.189265,-1.270591,-8.978416
3.209849,-1.269507,-8.977439
3.212457,-1.266525,-8.960489
3.228150,-1.272731,-8.964274
3.249266,-1.279561,-8.966407
3.259808,-1.277114,-8.948006
3.276412,-1.284313,-8.941888
3.293690,-1.294100,-8.932030
3.301840,-1.290033,-8.939956
3.322916,-1.295535,-8.922711
3.328982,-1.294867,-8.914212
3.358766,-1.302826,-8.921320
3.366107,-1.305852,-8.908518
3.376482,-1.314054,-8.898946
3.391965,-1.304899,-8.887388
3.413221,-1.311423,-8.882102
3.418048,-1.320818,-8.872331
3.429199,-1.333279,-8.879409
3.448189,-1.326260,-8.862572
3.461374,-1.326505,-8.856257
3.481629,-1.336594,-8.860165
3.486134,-1.343689,-8.842233
3.508451,-1.344573,-8.842415
3.511746,-1.336780,-8.831262
3.536179,-1.350889,-8.821944
3.543394,-1.353940,-8.828971
3.558169,-1.347104,-8.808177
3.574922,-1.357550,-8.807964
3.584132,-1.358320,-8.801463
3.600976,-1.361981,-8.789188
3.626097,-1.375604,-8.777806
3.637585,-1.377522,-8.781249
3.642017,-1.380169,-8.767510
3.656369,-1.372660,-8.761997
3.668210,-1.382467,-8.754590
3.688183,-1.384283,-8.755605
3.700765,-1.387973,-8.742723
3.705222,-1.398405,-8.730784
3.725451,-1.397849,-8.735381
3.741064,-1.398730,-8.719153
3.759816,-1.393669,-8.721950
3.776621,-1.404852,-8.710946
3.777382,-1.408831,-8.703749
3.786178,-1.406920,-8.692634
3.810613,-1.414625,-8.690864
3.822956,-1.424839,-8.680730
3.842732,-1.423020,-8.678792
3.846992,-1.426234,-8.666572
3.865178,-1.421465,-8.671454
3.886848,-1.439484,-8.653732
3.896455,-1.439644,-8.647012
3.915151,-1.437363,-8.645759
3.919665,-1.447750,-8.626300
3.940906,-1.447301,-8.623979
3.945125,-1.440133,-8.615906
3.967169,-1.454776,-8.613434
3.980163,-1.452885,-8.601146
3.991562,-1.453763,-8.592506
3.998701,-1.451420,-8.588859
4.019448,-1.455149,-8.581884
4.033684,-1.459268,-8.583802
4.045716,-1.470099,-8.565064
4.060288,-1.479739,-8.557663
4.072660,-1.469759,-8.545938
4.083794,-1.469687,-8.538153
4.096044,-1.478425,-8.539071
4.119967,-1.474544,-8.535695
4.122641,-1.490890,-8.523633
4.142481,-1.485435,-8.517238
4.150018,-1.482666,-8.502125
4.165926,-1.491166,-8.495678
4.180287,-1.496947,-8.489417
4.201806,-1.500019,-8.480558
4.211110,-1.511349,-8.477612
4.229038,-1.498955,-8.466231
4.230009,-1.499229,-8.463991
4.254755,-1.513321,-8.461468
4.264560,-1.510022,-8.440672
4.275927,-1.517161,-8.430626
4.280711,-1.515673,-8.432192
4.301322,-1.514206,-8.429056
4.306094,-1.522888,-8.412577
4.336307,-1.519011,-8.411754
4.352540,-1.530472,-8.402290
4.357954,-1.526547,-8.390680
4.369712,-1.529776,-8.373334
4.379159,-1.534774,-8.377010
4.400802,-1.542709,-8.365642
4.406169,-1.538413,-8.356412
4.418603,-1.537292,-8.357214
4.438037,-1.549493,-8.338372
4.446289,-1.550518,-8.334464
4.462995,-1.550485,-8.322850
4.481152,-1.558309,-8.319290
4.502498,-1.553244,-8.317651
4.509299,-1.560996,-8.299406
4.524296,-1.563715,-8.297803
4.532527,-1.575684,-8.288373
4.546288,-1.567630,-8.291951
4.551480,-1.570707,-8.269167
4.570965,-1.574958,-8.268952
4.589973,-1.581521,-8.259515
4.598257,-1.571118,-8.248057
4.614763,-1.578898,-8.246537
4.625986,-1.584276,-8.229957
4.641798,-1.577917,-8.219387
4.639135,-1.583866,-8.210795
4.673251,-1.587978,-8.203401
4.680612,-1.583419,-8.195403
4.697852,-1.582982,-8.193914
4.713863,-1.598625,-8.178413
4.726065,-1.590574,-8.183029
4.729492,-1.596266,-8.170520
4.740344,-1.609424,-8.159226
4.752437,-1.615377,-8.155580
4.773420,-1.612700,-8.142401
4.783812,-1.605821,-8.132989
4.801804,-1.612649,-8.129000
4.809397,-1.618929,-8.110595
4.817070,-1.609809,-8.109642
4.838087,-1.618784,-8.098581
4.847187,-1.625346,-8.096313
4.868147,-1.620167,-8.074983
4.877072,-1.634817,-8.071187
4.892541,-1.626574,-8.059553
4.908406,-1.630889,-8.060591
4.906631,-1.641277,-8.049158
4.924727,-1.635582,-8.043983
4.938491,-1.638661,-8.028849
4.962898,-1.642788,-8.020834
4.975761,-1.643217,-8.008299
4.978476,-1.647617,-8.006434
4.995158,-1.638453,-8.003018
5.016910,-1.634511,-7.986717
5.028794,-1.657562,-7.975373
5.033683,-1.648470,-7.959100
5.052405,-1.654924,-7.948609
5.052749,-1.662075,-7.944729
5.075406,-1.647817,-7.934741
5.077554,-1.656147,-7.930369
5.098049,-1.671002,-7.919725
5.101428,-1.662266,-7.909000
5.114847,-1.674284,-7.911610
5.144280,-1.668582,-7.893457
5.142858,-1.673719,-7.882277
5.162906,-1.680268,-7.874774
5.167166,-1.673045,-7.868210
5.191359,-1.676885,-7.852687
5.206448,-1.672475,-7.852658
5.216410,-1.688020,-7.835101
5.217369,-1.689832,-7.836375
5.235585,-1.682054,-7.821902
5.251676,-1.683753,-7.814665
5.264997,-1.681355,-7.810189
5.282365,-1.686988,-7.799428
5.286950,-1.693658,-7.790655
5.303704,-1.699558,-7.770204
5.313038,-1.691705,-7.774830
5.331789,-1.699723,-7.768669
5.336407,-1.710103,-7.746429
5.348312,-1.699410,-7.745909
5.363210,-1.700399,-7.732480
5.378464,-1.704078,-7.719748
5.390907,-1.713828,-7.712840
5.404169,-1.701221,-7.706711
5.407806,-1.699166,-7.692584
5.423615,-1.708530,-7.680158
5.431675,-1.721173,-7.675940
5.458024,-1.714273,-7.662764
5.455238,-1.712496,-7.653781
5.470354,-1.718964,-7.644114
5.492944,-1.717239,-7.641210
5.507806,-1.716859,-7.623770
5.520018,-1.720997,-7.620441
5.528949,-1.730874,-7.610324
5.539943,-1.723683,-7.595123
5.550860,-1.738630,-7.593035
5.565318,-1.735321,-7.575154
5.577949,-1.739732,-7.568608
5.596733,-1.735671,-7.558220
5.604320,-1.733013,-7.545050
5.612299,-1.724817,-7.538913
5.614742,-1.734404,-7.532530
5.637335,-1.743048,-7.521249
5.659508,-1.750126,-7.507964
5.658887,-1.742467,-7.505321
5.668090,-1.748488,-7.491363
5.680297,-1.745002,-7.478929
5.701862,-1.754912,-7.471894
5.710391,-1.753148,-7.466755
5.720207,-1.744416,-7.450197
5.734614,-1.742488,-7.446859
5.742869,-1.752521,-7.421770
5.762740,-1.753573,-7.417427
5.768388,-1.755327,-7.415749
5.778437,-1.747075,-7.402041
5.796981,-1.757178,-7.394167
5.801259,-1.767221,-7.377248
5.825991,-1.755471,-7.359010
5.830835,-1.760214,-7.359246
5.853774,-1.768628,-7.352311
5.863666,-1.767105,-7.346727
5.870323,-1.758108,-7.332436
5.878601,-1.764558,-7.317355
5.890359,-1.763723,-7.304952
5.907674,-1.770522,-7.296556
5.929127,-1.766260,-7.294053
5.937040,-1.770283,-7.280344
5.938566,-1.771983,-7.269874
5.956094,-1.772257,-7.264115
5.968517,-1.775817,-7.248269
5.976739,-1.777481,-7.245932
5.988931,-1.779338,-7.222279
5.995623,-1.782773,-7.230292
6.013967,-1.779638,-7.215193
6.035758,-1.787331,-7.206953
6.039792,-1.785002,-7.184187
6.040535,-1.777752,-7.174975
6.066934,-1.777623,-7.167051
6.073741,-1.785271,-7.156352
6.090722,-1.780659,-7.153621
6.095343,-1.800913,-7.139719
6.110656,-1.784894,-7.122833
6.115362,-1.789601,-7.125318
6.127142,-1.788850,-7.112489
6.146835,-1.786079,-7.091920
6.154181,-1.790907,-7.082791
6.161431,-1.786957,-7.066455
6.169043,-1.790089,-7.063067
6.186215,-1.803864,-7.047573
6.195202,-1.794291,-7.041706
6.206939,-1.791227,-7.028532
6.228618,-1.793601,-7.034304
6.239800,-1.800819,-7.009624
6.256188,-1.793579,-7.009572
6.264722,-1.791820,-6.992166
6.273903,-1.796550,-6.977238
6.281737,-1.799993,-6.961454
6.288941,-1.798503,-6.955399
6.311751,-1.801084,-6.951493
6.320319,-1.803521,-6.940700
6.336258,-1.798305,-6.927388
6.337364,-1.800418,-6.914270
6.359022,-1.808482,-6.906762
6.362444,-1.798309,-6.899044
6.377356,-1.806261,-6.880994
6.377077,-1.811589,-6.877551
6.396361,-1.803518,-6.861747
6.407031,-1.808100,-6.843066
6.411458,-1.811653,-6.846021
6.431162,-1.802835,-6.835973
6.446793,-1.808681,-6.824558
6.455770,-1.796644,-6.808135
6.469984,-1.813495,-6.797965
6.479685,-1.807053,-6.787546
6.489533,-1.807076,-6.771881
6.495882,-1.810470,-6.772840
6.504813,-1.811001,-6.755518
6.515851,-1.810128,-6.741343
6.525256,-1.806560,-6.727818
6.542957,-1.803345,-6.722469
6.554179,-1.813501,-6.712150
6.562691,-1.808336,-6.703036
6.573087,-1.808173,-6.691305
6.585400,-1.806335,-6.675749
6.599766,-1.811184,-6.665592
6.606785,-1.803689,-6.657069
6.624146,-1.805459,-6.640562
6.634344,-1.820099,-6.625471
6.637453,-1.820796,-6.621405
6.653259,-1.810190,-6.609947
6.663814,-1.810589,-6.599722
6.676271,-1.816236,-6.590881
6.686564,-1.816654,-6.571959
6.697842,-1.812371,-6.568644
6.716083,-1.821211,-6.552577
6.719297,-1.810867,-6.542612
6.727968,-1.818038,-6.529644
6.738667,-1.817909,-6.517740
6.764852,-1.817876,-6.510486
6.765279,-1.819410,-6.498801
6.770969,-1.812895,-6.484598
6.777125,-1.805460,-6.476645
6.802390,-1.811458,-6.456846
6.806974,-1.809466,-6.443337
6.814952,-1.816878,-6.436471
6.833581,-1.817580,-6.436452
6.840083,-1.810741,-6.409690
6.845950,-1.817842,-6.414542
6.866404,-1.807350,-6.392981
6.864238,-1.813572,-6.381918
6.892177,-1.809114,-6.366754
6.889503,-1.801948,-6.359417
6.903582,-1.806148,-6.355359
6.917461,-1.816391,-6.340630
6.921708,-1.811453,-6.325425
6.942998,-1.808397,-6.320276
6.946533,-1.812673,-6.303093
6.958941,-1.814088,-6.289561
6.965700,-1.811039,-6.283927
6.978724,-1.811990,-6.274536
6.992910,-1.814610,-6.253863
7.005304,-1.807643,-6.237600
7.008540,-1.807459,-6.227889
7.010736,-1.806100,-6.228279
7.016188,-1.810646,-6.213236
7.034393,-1.811094,-6.203606
7.061208,-1.812825,-6.187943
7.053280,-1.819214,-6.183478
7.074504,-1.809344,-6.167041
7.080659,-1.805107,-6.157160
7.093915,-1.804209,-6.147595
7.100846,-1.808523,-6.127680
7.107407,-1.809565,-6.113884
7.123326,-1.808332,-6.104679
7.134356,-1.804741,-6.095037
7.144587,-1.800602,-6.087014
7.156274,-1.807307,-6.072517
7.163520,-1.811350,-6.058343
7.183268,-1.814784,-6.049750
7.182195,-1.798654,-6.035475
7.199803,-1.806162,-6.020537
7.205129,-1.801299,-6.014336
7.219618,-1.794430,-6.003711
7.225397,-1.802352,-5.991252
7.236955,-1.804100,-5.974870
7.256659,-1.806753,-5.975739
7.259014,-1.798597,-5.953224
7.262901,-1.806111,-5.941926
7.274054,-1.805537,-5.927418
7.288559,-1.798071,-5.918487
7.300328,-1.798751,-5.904946
7.309051,-1.801400,-5.890631
7.322516,-1.793668,-5.873025
7.322941,-1.795782,-5.870370
7.331688,-1.790538,-5.853140
7.345667,-1.789388,-5.847954
7.358339,-1.792117,-5.834670
7.370907,-1.788166,-5.824206
7.376908,-1.795473,-5.804337
7.392619,-1.783716,-5.790744
7.400622,-1.786474,-5.785183
7.408631,-1.788539,-5.767814
7.428420,-1.788474,-5.761772
7.417317,-1.770695,-5.749430
7.439275,-1.785781,-5.738586
7.440535,-1.786344,-5.724183
7.448611,-1.784272,-5.710804
7.460668,-1.783404,-5.693505
7.468844,-1.782822,-5.691527
7.489123,-1.785818,-5.673732
7.496487,-1.774414,-5.666433
7.496749,-1.772020,-5.650630
7.514109,-1.779523,-5.637881
7.526282,-1.774153,-5.629444
7.529178,-1.777917,-5.613386
7.545962,-1.773599,-5.603577
7.553733,-1.768425,-5.589629
7.565005,-1.763544,-5.585477
7.567715,-1.772372,-5.560558
7.578089,-1.764733,-5.549609
7.585629,-1.766113,-5.544117
7.587174,-1.768652,-5.527925
7.601408,-1.762639,-5.522108
7.614400,-1.763052,-5.501030
7.625927,-1.760896,-5.481454
7.633428,-1.759413,-5.474363
7.643209,-1.751843,-5.469976
7.656458,-1.755681,-5.456599
7.668482,-1.760858,-5.445209
7.666220,-1.747018,-5.425778
7.681835,-1.753425,-5.424357
7.694447,-1.752256,-5.402262
7.695843,-1.742278,-5.393152
7.708574,-1.748499,-5.378336
7.718270,-1.753361,-5.365845
7.735328,-1.741089,-5.361084
7.734734,-1.747011,-5.336662
7.747183,-1.750258,-5.326690
7.752770,-1.730519,-5.324880
7.768246,-1.736786,-5.306408
7.771439,-1.735577,-5.291403
7.786763,-1.734257,-5.279604
7.787324,-1.739879,-5.268532
7.805584,-1.729537,-5.252521
7.806947,-1.732449,-5.233136
7.818609,-1.724960,-5.219775
7.823948,-1.731599,-5.214207
7.833308,-1.731535,-5.204082
7.855155,-1.727610,-5.193709
7.853454,-1.724306,-5.178508
7.862452,-1.719327,-5.163187
7.873452,-1.722161,-5.154164
7.878522,-1.719048,-5.147258
7.884886,-1.712491,-5.128083
7.899065,-1.718334,-5.115639
7.909844,-1.718639,-5.108478
7.919523,-1.706607,-5.093202
7.923588,-1.705163,-5.077781
7.934783,-1.708354,-5.064234
7.945079,-1.692942,-5.052204
7.951284,-1.706961,-5.037050
7.973063,-1.697835,-5.021748
7.968640,-1.703882,-5.009693
7.980526,-1.694732,-5.003313
7.986090,-1.696153,-4.996987
8.001836,-1.690440,-4.982678
8.001117,-1.686241,-4.965116
8.016703,-1.695141,-4.948663
8.015933,-1.689498,-4.926318
8.029323,-1.687545,-4.921771
8.039244,-1.685583,-4.912007
8.053993,-1.683505,-4.902219
8.044314,-1.679333,-4.884587
8.062349,-1.675481,-4.882801
8.069327,-1.677750,-4.859249
8.074115,-1.677622,-4.851771
8.093668,-1.678613,-4.841699
8.095484,-1.664314,-4.830890
8.107049,-1.675245,-4.815675
8.116755,-1.655261,-4.794874
8.127694,-1.666665,-4.778385
8.125896,-1.658059,-4.761970
8.136379,-1.663001,-4.755342
8.138044,-1.658204,-4.756685
8.145418,-1.650254,-4.740986
8.163719,-1.650537,-4.718992
8.166864,-1.653418,-4.708654
8.171771,-1.654673,-4.690781
8.189676,-1.651296,-4.681615
8.183030,-1.636609,-4.670284
8.198783,-1.637144,-4.650290
8.213380,-1.641228,-4.646110
8.226287,-1.627265,-4.628505
8.229752,-1.631057,-4.611477
8.240635,-1.634139,-4.595001
8.254705,-1.631055,-4.585940
8.249257,-1.627221,-4.575859
8.264367,-1.622439,-4.567401
8.269469,-1.619583,-4.544839
8.277450,-1.624725,-4.536693
8.288798,-1.613220,-4.511779
8.288185,-1.617278,-4.517449
8.302657,-1.614914,-4.505508
8.320857,-1.611801,-4.485517
8.317145,-1.605120,-4.477696
8.329279,-1.592862,-4.457755
8.335759,-1.602720,-4.447673
8.343811,-1.595620,-4.435540
8.347047,-1.595821,-4.424343
8.357668,-1.587804,-4.418439
8.362741,-1.595916,-4.390105
8.379929,-1.586466,-4.375796
8.378032,-1.588905,-4.376276
8.388044,-1.583454,-4.344492
8.395102,-1.586592,-4.340618
8.408551,-1.579789,-4.325885
8.412780,-1.573292,-4.315826
8.418588,-1.569366,-4.305338
8.419611,-1.559330,-4.288627
8.435554,-1.566672,-4.278534
8.435647,-1.563133,-4.266959
8.448997,-1.559426,-4.254193
8.456595,-1.553791,-4.228130
8.456356,-1.547036,-4.222990
8.481251,-1.544401,-4.210377
8.474042,-1.553235,-4.197932
8.483858,-1.548541,-4.183738
8.491959,-1.540955,-4.171602
8.496651,-1.544319,-4.158116
8.500885,-1.530771,-4.147846
8.510887,-1.544777,-4.129828
8.519631,-1.526007,-4.110776
8.525600,-1.525071,-4.107223
8.542697,-1.518912,-4.097255
8.545519,-1.517682,-4.076739
8.548760,-1.509784,-4.062657
8.560795,-1.510826,-4.038864
8.562469,-1.506323,-4.034363
8.572437,-1.512393,-4.023499
8.584048,-1.496708,-4.016120
8.587038,-1.490506,-3.999303
8.598054,-1.500424,-3.984363
8.601787,-1.492027,-3.968077
8.602390,-1.486996,-3.958112
8.613429,-1.491478,-3.942958
8.625918,-1.479848,-3.922457
8.630801,-1.480018,-3.912741
8.646048,-1.483765,-3.904795
8.644273,-1.468984,-3.871926
8.652087,-1.467626,-3.877161
8.653284,-1.472806,-3.862162
8.668126,-1.466378,-3.853564
8.664586,-1.460766,-3.838045
8.676151,-1.461383,-3.819606
8.681900,-1.454956,-3.816504
8.694907,-1.448154,-3.797558
8.701917,-1.454144,-3.787260
8.710032,-1.439581,-3.766200
8.713172,-1.436178,-3.753400
8.726391,-1.444078,-3.747029
8.723496,-1.430960,-3.741496
8.732975,-1.425817,-3.714451
8.747871,-1.427011,-3.705299
8.749960,-1.426745,-3.690028
8.755172,-1.416635,-3.677907
8.753983,-1.415142,-3.657569
8.755589,-1.410529,-3.643029
8.770624,-1.414130,-3.630627
8.784080,-1.405057,-3.627215
8.781353,-1.401920,-3.606142
8.794526,-1.404553,-3.600714
8.804859,-1.394556,-3.583790
8.805713,-1.384846,-3.557299
8.808971,-1.381247,-3.558571
8.819528,-1.371575,-3.542127
8.829013,-1.388323,-3.525039
8.828692,-1.372364,-3.513899
8.834125,-1.365291,-3.499136
8.848579,-1.365237,-3.485062
8.846956,-1.365458,-3.467476
8.866521,-1.357841,-3.459330
8.865233,-1.358205,-3.445195
8.872209,-1.339423,-3.439474
8.878742,-1.353974,-3.423472
8.879149,-1.351715,-3.402215
8.888017,-1.339438,-3.393755
8.889152,-1.334853,-3.386412
8.898645,-1.333787,-3.363238
8.904052,-1.331150,-3.355170
8.907791,-1.324239,-3.344247
8.915722,-1.317818,-3.328984
8.926727,-1.315104,-3.308179
8.919638,-1.307181,-3.297014
8.932633,-1.304668,-3.286293
8.948183,-1.302084,-3.273711
8.947557,-1.301896,-3.256656
8.958210,-1.294657,-3.242633
8.965492,-1.290176,-3.229710
8.965315,-1.282328,-3.211246
8.975379,-1.283409,-3.202884
8.983338,-1.269440,-3.190777
8.983253,-1.282066,-3.176380
8.991171,-1.273882,-3.164295
8.999500,-1.260305,-3.151123
8.995195,-1.262880,-3.135028
9.003837,-1.259450,-3.119623
9.008244,-1.248784,-3.109725
9.016682,-1.250811,-3.089467
9.029534,-1.246793,-3.076542
9.034617,-1.242226,-3.062497
9.044717,-1.241040,-3.050692
9.042262,-1.226583,-3.041088
9.045048,-1.231924,-3.034691
9.056918,-1.224392,-2.998877
9.055520,-1.213835,-3.008532
9.058688,-1.217101,-2.983347
9.071241,-1.207628,-2.978079
9.079736,-1.209173,-2.962187
9.088770,-1.193536,-2.954862
9.087462,-1.198526,-2.926218
9.093189,-1.189979,-2.918264
9.097947,-1.185512,-2.902343
9.103043,-1.178350,-2.887872
9.105085,-1.174072,-2.876971
9.113376,-1.169533,-2.870493
9.118607,-1.171545,-2.844889
9.126437,-1.158859,-2.830787
9.130218,-1.154438,-2.818328
9.128356,-1.162966,-2.808107
9.142711,-1.146866,-2.791213
9.148559,-1.140903,-2.782349
9.142521,-1.148332,-2.761952
9.154577,-1.140961,-2.759419
9.155133,-1.134943,-2.745711
9.175188,-1.131603,-2.723688
9.170641,-1.121869,-2.709255
9.182042,-1.116311,-2.700244
9.181845,-1.112969,-2.684753
9.183829,-1.111271,-2.672988
9.190446,-1.103921,-2.650484
9.193912,-1.087373,-2.644799
9.200321,-1.095907,-2.624537
9.214162,-1.083527,-2.621926
9.208674,-1.089107,-2.607543
9.227842,-1.078816,-2.599129
9.221226,-1.071097,-2.580062
9.221995,-1.070969,-2.564693
9.234215,-1.066177,-2.546671
9.232227,-1.064402,-2.540630
9.237071,-1.061429,-2.521351
9.249405,-1.046137,-2.505131
9.243815,-1.040792,-2.506155
9.253566,-1.037714,-2.487604
9.253324,-1.036710,-2.469722
9.260551,-1.037873,-2.446924
9.269825,-1.024855,-2.444591
9.282182,-1.031173,-2.435889
9.282133,-1.011415,-2.408334
9.288033,-1.008886,-2.401979
9.287472,-0.994695,-2.384673
9.291264,-0.993784,-2.384016
9.299198,-0.992047,-2.354786
9.300712,-0.991670,-2.339366
9.310420,-0.975775,-2.323938
9.304937,-0.976860,-2.315824
9.318702,-0.976731,-2.307834
9.320775,-0.963281,-2.283254
9.318221,-0.966113,-2.278999
9.327557,-0.955065,-2.263911
9.329806,-0.953303,-2.241457
9.328642,-0.941415,-2.231888
9.343682,-0.935017,-2.220367
9.344957,-0.939440,-2.206984
9.355523,-0.926698,-2.186462
9.350424,-0.928161,-2.182841
9.362433,-0.915554,-2.167844
9.356076,-0.914951,-2.154392
9.368426,-0.904656,-2.145412
9.369542,-0.899728,-2.119349
9.375519,-0.888976,-2.115175
9.381478,-0.883075,-2.095147
9.386326,-0.877290,-2.089203
9.384511,-0.887876,-2.065799
9.386703,-0.877025,-2.067598
9.397691,-0.873920,-2.041793
9.401609,-0.860975,-2.021823
9.405558,-0.854362,-2.024313
9.397212,-0.862713,-2.007409
9.406636,-0.844856,-1.983298
9.415025,-0.849870,-1.969327
9.415698,-0.834038,-1.967635
9.430134,-0.831760,-1.943324
9.426549,-0.827726,-1.941311
9.434521,-0.827895,-1.927329
9.434437,-0.805011,-1.911347
9.435945,-0.809621,-1.898743
9.442139,-0.812079,-1.883333
9.453590,-0.800673,-1.868383
9.452940,-0.794271,-1.856862
9.454622,-0.782095,-1.831809
9.460309,-0.779833,-1.833354
9.472014,-0.763250,-1.807496
9.465145,-0.763326,-1.797030
9.455843,-0.755184,-1.793493
9.477626,-0.755708,-1.778958
9.479035,-0.752227,-1.760717
9.479598,-0.733783,-1.739637
9.484610,-0.744060,-1.731012
9.485594,-0.735832,-1.714079
9.490052,-0.725769,-1.710491
9.491619,-0.723112,-1.694022
9.494785,-0.709344,-1.675968
9.499040,-0.707785,-1.665256
9.504598,-0.707297,-1.646099
9.509265,-0.690643,-1.634384
9.500586,-0.684968,-1.616066
9.516715,-0.684018,-1.609134
9.513700,-0.688026,-1.598119
9.512425,-0.672211,-1.578958
9.532656,-0.663672,-1.574436
9.518800,-0.669258,-1.550748
9.533186,-0.656190,-1.543473
9.531448,-0.649211,-1.517086
9.531166,-0.646692,-1.512512
9.531794,-0.638409,-1.491742
9.554067,-0.627625,-1.478873
9.552845,-0.625038,-1.466132
9.548254,-0.622269,-1.460259
9.547392,-0.609467,-1.446023
9.560070,-0.609380,-1.425716
9.558386,-0.596522,-1.403053
9.558741,-0.591555,-1.411181
9.569646,-0.595230,-1.393396
9.568467,-0.576927,-1.370437
9.562686,-0.573732,-1.353440
9.572742,-0.565874,-1.340760
9.576986,-0.567645,-1.330792
9.584874,-0.553909,-1.320119
9.584369,-0.557852,-1.305179
9.580718,-0.540599,-1.293019
9.584213,-0.532511,-1.279264
9.583861,-0.522126,-1.257414
9.591487,-0.521128,-1.253773
9.595974,-0.524864,-1.229231
9.598974,-0.506528,-1.224213
9.605222,-0.509120,-1.210578
9.609611,-0.499262,-1.195963
9.609781,-0.487854,-1.193596
9.599360,-0.489127,-1.164964
9.603469,-0.478335,-1.159083
9.612798,-0.469286,-1.134840
9.610238,-0.461303,-1.125697
9.612117,-0.459050,-1.112937
9.616821,-0.453661,-1.102115
9.630436,-0.451737,-1.092758
9.628604,-0.437454,-1.068371
9.626613,-0.437894,-1.060466
9.621087,-0.426276,-1.043494
9.633024,-0.410285,-1.028620
9.634648,-0.423983,-1.031828
9.633304,-0.409938,-1.007461
9.635201,-0.401007,-0.996338
9.642278,-0.409339,-0.992437
9.651571,-0.388512,-0.970979
9.646814,-0.387425,-0.947488
9.645278,-0.386527,-0.950514
9.650115,-0.377397,-0.931766
9.654755,-0.362031,-0.908577
9.658475,-0.351652,-0.909922
9.659241,-0.341331,-0.883398
9.662710,-0.332800,-0.867364
9.666993,-0.336244,-0.854612
9.658223,-0.326992,-0.842424
9.666562,-0.320143,-0.824249
9.665476,-0.309246,-0.824460
9.665461,-0.306328,-0.802388
9.667583,-0.306098,-0.791172
9.661541,-0.295686,-0.786433
9.673260,-0.291104,-0.772789
9.671353,-0.273874,-0.759661
9.683712,-0.271101,-0.741229
9.692158,-0.265917,-0.734944
9.675882,-0.259351,-0.719024
9.681511,-0.256830,-0.699589
9.699773,-0.244921,-0.686371
9.687135,-0.232561,-0.666973
9.671811,-0.229909,-0.646943
9.688861,-0.222166,-0.653069
9.694883,-0.208915,-0.635111
9.695709,-0.215515,-0.616487
9.696386,-0.202006,-0.610939
9.697458,-0.191536,-0.598015
9.700320,-0.188283,-0.590338
9.695775,-0.176897,-0.562481
9.704117,-0.175564,-0.543008
9.704732,-0.158850,-0.543908
9.699288,-0.156528,-0.527690
9.697498,-0.153782,-0.517904
9.710993,-0.142498,-0.497153
9.711388,-0.130767,-0.484846
9.706061,-0.136236,-0.472737
9.720381,-0.128204,-0.452866
9.725271,-0.120432,-0.446336
9.715689,-0.104587,-0.426212
9.714838,-0.095164,-0.418378
9.718134,-0.092450,-0.416294
9.709295,-0.085390,-0.397823
9.720725,-0.074736,-0.378535
9.718721,-0.073241,-0.370800
9.716899,-0.058605,-0.353046
9.729119,-0.056145,-0.339027
9.721883,-0.054359,-0.321787
9.728236,-0.045406,-0.318819
9.730437,-0.036603,-0.305451
9.725224,-0.022917,-0.291488
9.727734,-0.028131,-0.264812
9.724019,-0.019345,-0.258618
9.733633,-0.007316,-0.248008
9.726536,0.004783,-0.238027
9.733969,0.011524,-0.220923
9.732978,0.016942,-0.203709
9.730672,0.016100,-0.191468
9.737437,0.026145,-0.180696
9.740449,0.042477,-0.163346
9.739975,0.046176,-0.156242
9.745348,0.052182,-0.149364
9.736260,0.071548,-0.133285
9.737036,0.066569,-0.118393
9.746169,0.084185,-0.098426
9.739760,0.087007,-0.081165
9.742579,0.091927,-0.076420
9.739702,0.098102,-0.063683
9.743148,0.105436,-0.048783
9.742293,0.123688,-0.035597
10.724710,0.829466,-1.073891
10.720818,0.742871,-1.064790
10.715970,0.666915,-1.049114
10.732150,0.598523,-1.043549
10.728012,0.533343,-1.033060
10.724693,0.492648,-1.025253
10.730404,0.444815,-1.022084
10.730775,0.402311,-1.004733
10.734923,0.348076,-1.007499
10.733493,0.317407,-0.982935
10.740380,0.296657,-0.991289
10.743218,0.265747,-0.969812
10.745446,0.238797,-0.981379
10.739667,0.220652,-0.955747
10.740732,0.202500,-0.948641
10.746593,0.181467,-0.947439
10.750122,0.165646,-0.944804
10.744172,0.165617,-0.934071
10.742462,0.148611,-0.929349
10.744276,0.135958,-0.920401
10.744784,0.135381,-0.914234
10.751945,0.120234,-0.905769
10.750622,0.107128,-0.906083
10.749616,0.109969,-0.904599
10.748232,0.101049,-0.885220
10.745018,0.097652,-0.888028
10.757384,0.096786,-0.886945
10.751741,0.095522,-0.888505
10.750492,0.092177,-0.871673
10.747665,0.091732,-0.871848
10.743553,0.090518,-0.854061
10.741362,0.093767,-0.862620
10.752383,0.078308,-0.858232
10.746431,0.082703,-0.850697
10.751183,0.081848,-0.849153
10.751221,0.079078,-0.846914
10.763087,0.088758,-0.831969
10.743831,0.082858,-0.830292
10.749036,0.085549,-0.832625
10.746273,0.086761,-0.833251
10.749303,0.086173,-0.822613
10.756579,0.094014,-0.825557
10.746534,0.094319,-0.809290
10.749580,0.095963,-0.810978
10.748644,0.087983,-0.804648
10.753033,0.093961,-0.792825
10.751003,0.096720,-0.796451
10.747882,0.096117,-0.796806
10.760598,0.105985,-0.783049
10.753861,0.102994,-0.790025
10.756320,0.108364,-0.779986
10.756842,0.100247,-0.779319
10.746335,0.103545,-0.771489
10.754697,0.108531,-0.777476
10.757048,0.105746,-0.768978
10.464939,0.119265,-0.764231
9.769790,0.102751,-0.761638
9.763453,0.119042,-0.756167
9.770749,0.117151,-0.754001
9.762825,0.122455,-0.749872
9.752895,0.123252,-0.737827
9.753834,0.125512,-0.745371
9.751575,0.132933,-0.740197
9.755829,0.132812,-0.731418
9.762235,0.136988,-0.726055
9.748422,0.129936,-0.727160
9.749484,0.134444,-0.722025
9.747245,0.139903,-0.717807
9.752794,0.142964,-0.716380
9.744749,0.131768,-0.714819
9.751707,0.150405,-0.699100
9.746005,0.132509,-0.695106
9.740736,0.143468,-0.698648
9.737735,0.142728,-0.697862
9.738702,0.149215,-0.693892
9.753119,0.157136,-0.690161
9.746262,0.147403,-0.680891
9.743775,0.148333,-0.677887
9.755290,0.151509,-0.673996
9.752720,0.163706,-0.678605
9.750313,0.158168,-0.667735
9.753828,0.170540,-0.663619
9.733394,0.169857,-0.671854
9.750265,0.177709,-0.660324
9.748788,0.173786,-0.656763
9.739481,0.177160,-0.648673
9.748270,0.176665,-0.647994
9.743771,0.174511,-0.649636
9.735458,0.192185,-0.645549
9.745155,0.178319,-0.642581
9.741540,0.193311,-0.636321
9.739925,0.190403,-0.627896
9.739861,0.189555,-0.620255
9.732266,0.197091,-0.631998
9.739348,0.188881,-0.628509
9.738873,0.195831,-0.623507
9.739996,0.210200,-0.618314
9.738700,0.205009,-0.618394
9.739577,0.201360,-0.614595
9.736627,0.217100,-0.608013
9.745562,0.212153,-0.614708
9.734934,0.225118,-0.602672
9.740630,0.205299,-0.597284
9.738408,0.205317,-0.593407
9.732817,0.212055,-0.597262
9.729138,0.221302,-0.588307
9.734217,0.226425,-0.588448
9.747430,0.233085,-0.578819
9.743706,0.214098,-0.584913
9.741261,0.228581,-0.578165
9.743018,0.234194,-0.576898
9.732486,0.234948,-0.583708
9.737149,0.222167,-0.581535
9.739413,0.232094,-0.573471
9.723679,0.233253,-0.563227
9.736461,0.242566,-0.569613
9.730288,0.239512,-0.555882
9.731718,0.240196,-0.559370
9.736327,0.242240,-0.553693
9.742230,0.232335,-0.551847
9.737034,0.249980,-0.547993
9.736446,0.249582,-0.543960
9.731586,0.247554,-0.549083
9.738201,0.256486,-0.538946
9.732112,0.255423,-0.536628
9.732520,0.256244,-0.537452
9.737285,0.260962,-0.543641
9.724076,0.258083,-0.533493
9.738841,0.267224,-0.525552
9.727066,0.261285,-0.520520
9.730846,0.260462,-0.520822
9.733137,0.273232,-0.521512
9.726867,0.271415,-0.516097
9.738414,0.269278,-0.524473
9.719234,0.275713,-0.510304
9.725576,0.277560,-0.505879
9.734433,0.279672,-0.509243
9.735620,0.282199,-0.493773
9.739936,0.286695,-0.502085
9.725367,0.283251,-0.498314
9.726637,0.287721,-0.488054
9.725517,0.284024,-0.492992
9.733594,0.283428,-0.490342
9.726243,0.286846,-0.491349
9.731768,0.295783,-0.492205
9.717396,0.297415,-0.482159
9.724008,0.299794,-0.487120
9.729165,0.297004,-0.477452
9.733993,0.296008,-0.482671
9.725357,0.302941,-0.150556
9.722582,0.302161,0.528761
9.734538,0.303194,0.532436
9.726295,0.303640,0.533454
9.722105,0.306792,0.535265
9.735750,0.314743,0.533100
9.736062,0.312818,0.542883
9.729950,0.318790,0.536457
9.728581,0.317081,0.540303
9.732980,0.308695,0.546044
9.721829,0.322918,0.545949
9.728390,0.325318,0.546975
9.737246,0.329564,0.542749
9.736559,0.332723,0.548174
9.728206,0.320081,0.565595
9.728997,0.337641,0.558979
9.725100,0.335799,0.555392
9.727248,0.330347,0.558482
9.729076,0.339358,0.560476
9.735937,0.334759,0.567744
9.733263,0.341036,0.566631
9.735155,0.336035,0.577071
9.717413,0.332986,0.575504
9.732362,0.346183,0.572649
9.723490,0.343928,0.574165
9.728225,0.345716,0.572939
9.728204,0.348558,0.571667
9.729284,0.355791,0.578076
9.734021,0.351472,0.582810
9.727423,0.348723,0.584123
9.735696,0.355127,0.578975
9.727741,0.362612,0.586243
9.740941,0.356949,0.589319
9.726682,0.358203,0.594322
9.726443,0.363957,0.598083
9.732906,0.358959,0.593510
9.734482,0.372581,0.602546
9.737520,0.366494,0.594091
9.729826,0.379658,0.601354
9.735916,0.373000,0.606642
9.721823,0.372281,0.604638
9.741501,0.377375,0.604978
9.730451,0.382875,0.610400
9.725721,0.372639,0.601305
9.730826,0.377265,0.614335
9.724013,0.383213,0.613576
9.722780,0.389043,0.617413
9.728684,0.382721,0.607801
9.722655,0.382836,0.618476
9.738464,0.385439,0.624654
9.732352,0.392776,0.619816
9.730837,0.396819,0.621068
9.735288,0.388775,0.625451
9.730439,0.386006,0.624926
9.732583,0.398560,0.639074
9.727425,0.395878,0.623949
9.728928,0.397131,0.642673
9.729011,0.401205,0.632007
9.728280,0.403037,0.635984
9.729139,0.401757,0.638738
9.728816,0.403577,0.644116
9.735093,0.405208,0.642758
9.733165,0.408122,0.644188
9.726041,0.406821,0.640018
9.729663,0.413523,0.643914
9.728947,0.417189,0.647709
9.735038,0.410884,0.644494
9.723886,0.414000,0.647747
9.728019,0.412704,0.651438
9.731098,0.420193,0.660135
9.727105,0.413373,0.664064
9.725023,0.420585,0.649571
9.728455,0.414166,0.663304
9.731126,0.416953,0.660044
9.721318,0.427874,0.658707
9.729254,0.428009,0.668816
9.724311,0.433819,0.665795
9.728776,0.435732,0.659191
9.736125,0.433850,0.671131
9.731633,0.429556,0.664774
9.726330,0.427143,0.672493
9.741900,0.436479,0.666625
9.724463,0.436973,0.671840
9.720912,0.437252,0.676472
9.725164,0.444046,0.679217
9.726992,0.442237,0.692443
9.725745,0.443227,0.674987
9.725622,0.431888,0.679970
9.721347,0.449101,0.681352
9.718419,0.441265,0.683384
9.726423,0.446572,0.680713
9.725152,0.447311,0.692274
9.728071,0.438860,0.684007
9.729062,0.448497,0.695850
9.719927,0.445079,0.684362
9.728811,0.458169,0.689822
9.733193,0.444181,0.696351
9.731643,0.446407,0.698542
9.725234,0.454074,0.692382
9.727754,0.448088,0.694946
9.725774,0.450881,0.698894
9.723568,0.461467,0.694334
9.731855,0.455657,0.698293
9.723616,0.460236,0.692804
9.723362,0.459348,0.705286
9.725823,0.462657,0.699499
9.734446,0.462572,0.712773
9.731051,0.466585,0.718767
9.731474,0.466929,0.702395
9.724159,0.471090,0.708767
9.721601,0.471719,0.710011
9.728392,0.466516,0.722770
9.723067,0.474382,0.715853
9.724311,0.480127,0.719551
9.717778,0.477325,0.718431
9.719138,0.477110,0.715542
9.727650,0.468568,0.712566
9.733522,0.471650,0.715075
9.725659,0.469772,0.718539
9.732071,0.478307,0.723293
9.719456,0.480660,0.720509
9.720570,0.484034,0.716724
9.725890,0.481453,0.723164
9.724755,0.482631,0.732716
9.727807,0.495784,0.724966
9.725723,0.486958,0.725009
9.715187,0.488815,0.741515
9.728395,0.484897,0.730411
9.726645,0.493027,0.733371
9.724603,0.483884,0.736105
9.727941,0.492013,0.739932
9.727574,0.490875,0.736228
9.723729,0.493574,0.737087
9.715085,0.491593,0.738960
9.737310,0.491309,0.741748
9.727684,0.492863,0.744952
9.726053,0.491991,0.740291
9.720292,0.491916,0.736612
9.727702,0.495254,0.743809
9.724642,0.501597,0.742180
9.717624,0.499389,0.745686
9.717381,0.499180,0.742164
9.725823,0.507510,0.746609
9.724397,0.506538,0.751099
9.713567,0.501654,0.749524
9.726574,0.502373,0.754779
9.725739,0.503442,0.751423
9.727444,0.512913,0.752967
9.720584,0.512150,0.747190
9.729401,0.512700,0.753927
9.727644,0.507000,0.750925
9.726789,0.510706,0.753043
9.733922,0.518494,0.764041
9.729934,0.514137,0.763616
9.720717,0.504703,0.759392
9.721096,0.515848,0.761139
9.726300,0.527428,0.766176
9.725219,0.514332,0.766562
9.725723,0.518545,0.764101
9.709897,0.514203,0.769149
9.718774,0.516238,0.767407
9.718511,0.528479,0.760534
9.715697,0.524086,0.760592
9.710802,0.514987,0.775234
9.718855,0.526509,0.767076
9.728497,0.527834,0.767938
9.722019,0.509342,0.771547
9.725506,0.524050,0.772096
9.724106,0.528581,0.770622
9.720162,0.519837,0.763196
9.727150,0.529840,0.780961
9.712497,0.529362,0.766668
9.720067,0.529808,0.773541
9.721405,0.521868,0.775971
9.719848,0.527909,0.780016
9.722442,0.536231,0.778821
9.725276,0.532836,0.778678
9.715833,0.533776,0.766708
9.731050,0.542248,0.781457
9.725042,0.535335,0.778433
9.720095,0.545418,0.786454
9.728911,0.538510,0.779495
9.718579,0.539289,0.782792
9.728395,0.540153,0.790859
9.714091,0.551915,0.782850
9.713163,0.552613,0.786043
9.718773,0.535758,0.785802
9.716068,0.543980,0.796320
9.720139,0.542745,0.788485
9.721874,0.547255,0.791133
9.718513,0.543115,0.797898
9.726526,0.542606,0.793127
9.723421,0.545410,0.784952
9.715488,0.540030,0.797300
9.711636,0.551613,0.795801
9.716960,0.542450,0.793785
9.732125,0.543908,0.798193
9.727893,0.549383,0.793480
9.716582,0.547136,0.810794
9.720451,0.554294,0.797947
9.723479,0.554710,0.793672
9.723691,0.554656,0.799597
9.727303,0.551467,0.797244
9.726040,0.544874,0.798688
9.721927,0.554488,0.802414
9.718622,0.561851,0.801612
9.723804,0.553087,0.809881
9.721291,0.553405,0.808971
9.716443,0.559060,0.801865
9.714285,0.567654,0.801036
9.722655,0.558882,0.802769
9.720124,0.564526,0.814273
9.719972,0.552594,0.800894
9.718583,0.556576,0.802741
9.727307,0.569060,0.812290
9.724269,0.566728,0.817064
9.721595,0.565642,0.814841
9.712984,0.567666,0.820704
9.720118,0.568225,0.807488
9.726180,0.564340,0.821299
9.715264,0.573474,0.813989
9.723111,0.569652,0.813530
9.719611,0.566389,0.812591
9.728727,0.572424,0.805839
9.711454,0.569984,0.816664
9.727616,0.571644,0.815372
9.734849,0.568083,0.814083
9.722668,0.568048,0.824354
9.725779,0.568607,0.815062
9.713951,0.572673,0.822749
9.722102,0.571014,0.817098
9.720194,0.574663,0.821810
9.715119,0.561188,0.815361
9.724423,0.569004,0.824026
9.721964,0.586388,0.823144
9.708341,0.589225,0.827426
9.717592,0.571334,0.823135
9.733217,0.570655,0.819712
9.724318,0.578955,0.827007
9.711555,0.582194,0.823678
9.724327,0.581023,0.821447
9.727373,0.568993,0.832516
9.723670,0.579998,0.829028
9.719194,0.578043,0.828860
9.713240,0.582255,0.828659
9.718662,0.585624,0.822855
9.720111,0.583160,0.843571
9.717644,0.575586,0.834270
9.715248,0.577182,0.831223
9.709175,0.585599,0.834023
9.710317,0.592788,0.833935
9.717643,0.584127,0.837530
9.718518,0.584176,0.830828
9.723289,0.586005,0.833906
9.713128,0.578877,0.839030
9.722572,0.593536,0.829850
9.720076,0.596869,0.845379
9.732313,0.584805,0.836912
9.714346,0.596213,0.840080
9.715794,0.586504,0.832356
9.714736,0.595247,0.845510
9.721869,0.587070,0.837315
9.713553,0.594874,0.844584
9.707869,0.593467,0.835250
9.716170,0.586134,0.853032
9.725159,0.595841,0.845482
9.725885,0.596655,0.838685
9.716797,0.594004,0.849785
9.708581,0.593240,0.847006
9.721180,0.595525,0.841108
9.721514,0.593609,0.840375
9.717142,0.591160,0.849458
9.715502,0.594891,0.848671
9.713995,0.594675,0.850676
9.718091,0.598486,0.844702
9.722202,0.590750,0.839610
9.716326,0.593707,0.844304
9.716556,0.594333,0.842168
9.726241,0.591354,0.857351
9.719120,0.594747,0.851470
9.713806,0.601463,0.850673
9.720443,0.598649,0.846324
9.724579,0.611255,0.853065
9.718455,0.603395,0.842672
9.725076,0.604563,0.847205
9.712893,0.593703,0.847637
9.724008,0.610723,0.852809
9.720628,0.598069,0.850386
9.717760,0.617766,0.850668
9.715327,0.610316,0.853509
9.715402,0.602547,0.850698
9.711558,0.609434,0.861810
9.712932,0.609769,0.865309
9.718055,0.610463,0.857898
9.717685,0.612381,0.856075
9.722827,0.598172,0.863849
9.716049,0.606262,0.855916
9.716075,0.610592,0.861138
9.717873,0.608762,0.858749
9.716629,0.604498,0.863269
9.712233,0.610312,0.855513
9.722188,0.611738,0.861305
9.718893,0.610143,0.864134
9.722529,0.602863,0.868437
9.713155,0.618887,0.866654
9.717276,0.607602,0.861462
9.720600,0.608002,0.866152
9.711311,0.605607,0.859516
9.726390,0.615203,0.871010
9.720354,0.609732,0.870427
9.710815,0.612636,0.862795
9.727823,0.609351,0.863778
9.717829,0.624971,0.856626
9.714770,0.606974,0.866526
9.718063,0.619382,0.862422
9.716966,0.620808,0.862471
9.714456,0.617330,0.868554
9.725645,0.620093,0.869058
9.715789,0.618643,0.870663
9.717327,0.614822,0.869444
9.716237,0.622120,0.876666
9.716182,0.620913,0.870334
9.717230,0.620873,0.865126
9.714055,0.615202,0.868254
9.720879,0.632129,0.862849
9.723859,0.624161,0.868839
9.715452,0.638404,0.874151
9.719269,0.621470,0.864437
9.714443,0.621496,0.880449
9.721058,0.619848,0.872465
9.721826,0.625429,0.865643
9.715575,0.617375,0.875706
9.718935,0.625374,0.868713
9.716430,0.623448,0.866154
9.719975,0.623896,0.876061
9.725645,0.625081,0.866433
9.713269,0.629475,0.871775
9.715413,0.620290,0.864722
9.716098,0.632814,0.880217
9.714987,0.631907,0.884496
9.711617,0.625687,0.873364
9.713259,0.613707,0.880925
9.710464,0.623085,0.874913
9.709505,0.622559,0.879416
9.717447,0.627323,0.878637
9.716124,0.619930,0.871811
9.706732,0.622905,0.883970
9.723864,0.629617,0.868256
9.709809,0.634600,0.877146
9.718633,0.621159,0.874412
9.715129,0.633055,0.877034
9.717784,0.627381,0.875546
9.718805,0.632397,0.885406
9.719314,0.632111,0.876017
9.713764,0.637986,0.883952
9.715288,0.629426,0.874253
9.725436,0.629399,0.876920
9.722885,0.633621,0.874517
9.713835,0.640742,0.883851
9.715474,0.636533,0.886373
9.719559,0.633457,0.885243
9.717916,0.623520,0.885097
9.716466,0.634826,0.888760
9.708583,0.637733,0.886464
9.716231,0.636029,0.889734
9.710213,0.635653,0.876619
9.716453,0.633541,0.886627
9.711160,0.632116,0.874147
9.719513,0.641212,0.886460
9.719302,0.636783,0.877980
9.717958,0.642382,0.887387
9.711718,0.635659,0.885285
9.714111,0.629168,0.879052
9.720260,0.637696,0.885061
9.697375,0.640302,0.885727
9.715039,0.639209,0.885138
9.713867,0.633528,0.881650
9.724120,0.639872,0.893113
9.703274,0.637240,0.886239
9.718787,0.641836,0.876584
9.720846,0.635885,0.886822
9.709678,0.642514,0.878099
9.711515,0.641782,0.886981
9.721034,0.637761,0.880668
9.715837,0.649360,0.887383
9.720090,0.645977,0.892004
9.706916,0.640312,0.878248
9.722453,0.636994,0.882864
9.716059,0.645737,0.891468
9.709310,0.636427,0.897227
9.725415,0.637658,0.896897
9.715355,0.641687,0.896721
9.712345,0.639629,0.898101
9.715969,0.640668,0.890619
9.716448,0.641649,0.887118
9.718599,0.638228,0.881064
9.717350,0.641328,0.889267
9.715283,0.638766,0.907059
9.713087,0.644284,0.892154
9.719021,0.646766,0.892883
9.709992,0.650024,0.895064
9.709014,0.647066,0.897364
9.722473,0.641239,0.897118
9.720020,0.640552,0.889720
9.720253,0.645412,0.900292
9.717177,0.640227,0.891766
9.714066,0.649501,0.888259
9.717624,0.647355,0.896258
9.702705,0.638845,0.895620
9.714632,0.649534,0.889297
9.709443,0.649950,0.898397
9.716770,0.648253,0.895953
9.710279,0.643306,0.892130
9.707462,0.649817,0.893955
9.713362,0.636179,0.898897
9.717494,0.649679,0.900879
9.712289,0.647652,0.903586
9.714269,0.650908,0.904482
9.717118,0.652399,0.898511
9.708106,0.646819,0.901269
9.711585,0.650305,0.907552
9.717079,0.662145,0.899480
9.713811,0.647634,0.902988
9.713660,0.651009,0.897699
9.715648,0.648657,0.895085
9.705621,0.650213,0.898078
9.715118,0.653826,0.892543
9.720581,0.653685,0.894012
9.707326,0.651580,0.903437
9.713883,0.640999,0.902859
9.711120,0.659534,0.897703
9.715954,0.649906,0.901368
9.718976,0.654861,0.898678
9.714919,0.646041,0.904784
9.721769,0.662314,0.901102
9.720319,0.652895,0.904607
9.714396,0.657060,0.901324
9.708631,0.648532,0.902618
9.712482,0.649962,0.902101
9.713485,0.639699,0.905930
9.709672,0.659859,0.899001
9.713039,0.664440,0.911381
9.718626,0.655209,0.902867
9.715301,0.657238,0.903046
9.721615,0.658118,0.902460
9.710634,0.649245,0.907150
9.712066,0.659237,0.902721
9.709895,0.659810,0.902896
9.706026,0.657934,0.911296
9.722405,0.656677,0.901111
9.717566,0.651791,0.898692
9.724441,0.658810,0.899880
9.715008,0.660787,0.899429
9.708474,0.661768,0.917741
9.714341,0.655566,0.912048
9.711608,0.659797,0.897930
9.719148,0.653415,0.899104
9.710927,0.654690,0.908349
9.717290,0.660634,0.905065
9.714470,0.651734,0.897411
9.726799,0.660037,0.904176
9.719575,0.658898,0.898564
9.710071,0.662138,0.910409
9.717561,0.665609,0.910540
9.718596,0.659524,0.911963
9.713852,0.665410,0.907534
9.721081,0.657809,0.909784
9.713991,0.656928,0.904859
9.712424,0.666417,0.907749
9.709643,0.654462,0.899988
9.710561,0.650602,0.903030
9.711323,0.657951,0.911990
9.722987,0.666079,0.909185
9.706131,0.644053,0.915979
9.717553,0.661648,0.902060
9.713339,0.660967,0.901057
9.703392,0.658497,0.902825
9.720923,0.659777,0.908510
9.708947,0.656422,0.909532
9.714164,0.655841,0.918905
9.714310,0.671383,0.909265
9.717639,0.664051,0.916228
9.715840,0.659467,0.901384
9.720368,0.645257,0.920341
9.711667,0.663752,0.903474
9.725260,0.663834,0.909497
9.713784,0.664551,0.905691
9.719950,0.656871,0.913639
9.713903,0.662364,0.909770
9.712233,0.656344,0.912212
9.708162,0.666667,0.919257
9.718324,0.672857,0.909299
9.717722,0.662645,0.913613
9.716626,0.660506,0.913362
9.716363,0.657636,0.912472
9.717940,0.654708,0.914256
9.713008,0.668179,0.915922
9.715599,0.668496,0.908970
9.713621,0.667950,0.909037
9.711189,0.663833,0.922445
9.707591,0.660369,0.911473
9.706135,0.666212,0.910993
9.716086,0.656406,0.914629
9.708946,0.664574,0.920489
9.712165,0.667631,0.914731
9.708735,0.663459,0.912010
9.720690,0.655532,0.911704
9.717595,0.666763,0.921196
9.714684,0.668402,0.917705
9.716459,0.655777,0.922712
9.716523,0.662791,0.913273
9.712322,0.674308,0.920790
9.714659,0.665279,0.910516
9.714387,0.664804,0.910619
9.706788,0.661498,0.915461
9.707965,0.668469,0.922287
9.711081,0.667272,0.917752
9.706697,0.667007,0.914723
9.712259,0.663851,0.913855
9.707820,0.660373,0.915543
9.708078,0.670315,0.912697
9.714703,0.666046,0.914120
9.720863,0.668498,0.918100
9.708281,0.664758,0.921650
9.706988,0.661713,0.923304
9.711158,0.677893,0.913915
9.710704,0.670769,0.919386
9.707185,0.665111,0.918849
9.704992,0.673951,0.928049
9.715411,0.667080,0.931367
9.716759,0.664702,0.923528
9.702479,0.667088,0.918108
9.706847,0.667985,0.915083
9.714718,0.669175,0.908605
9.710818,0.668008,0.919701
9.705481,0.665263,0.915481
9.715777,0.667585,0.914337
9.718057,0.669169,0.916777
9.714114,0.671022,0.918475
9.699393,0.671368,0.926717
9.705750,0.670654,0.917876
9.710331,0.673078,0.923305
9.718778,0.664212,0.922126
9.713066,0.676088,0.923355
9.714949,0.675222,0.917810
9.712207,0.675793,0.917230
9.712927,0.663875,0.925421
9.719001,0.676187,0.918247
9.708155,0.664485,0.926492
9.718309,0.676842,0.922883
9.716024,0.671519,0.919580
9.707752,0.669054,0.922382
9.706853,0.670618,0.916326
9.712028,0.676078,0.920255
9.713546,0.673676,0.914681
9.723009,0.674895,0.927237
9.714998,0.674502,0.924540
9.708447,0.677171,0.917835
9.714903,0.672517,0.924962
9.713139,0.671785,0.917541
9.712818,0.676883,0.915179
9.711639,0.664177,0.913339
9.714320,0.685601,0.918259
9.712383,0.670920,0.907663
9.710622,0.672605,0.925885
9.718748,0.673959,0.919123
9.720322,0.665403,0.933792
9.715938,0.679689,0.926262
9.711288,0.673101,0.916173
9.720160,0.677086,0.926707
9.714093,0.679386,0.920015
9.702336,0.678534,0.916993
9.711405,0.667713,0.922369
9.706240,0.673113,0.932384
9.709116,0.671927,0.925655
9.711904,0.668987,0.915618
9.714888,0.678963,0.920385
9.711795,0.674410,0.914862
9.705952,0.677059,0.918750
9.705138,0.671394,0.922994
9.715510,0.665579,0.919595
9.711766,0.671428,0.921934
9.712797,0.671467,0.925882
9.710217,0.682197,0.923335
9.714378,0.680540,0.928044
9.717189,0.671004,0.913130
9.714325,0.675392,0.925216
9.713589,0.666509,0.928119
9.710648,0.678486,0.919975
9.709416,0.673172,0.924043
9.721168,0.681370,0.934611
9.711651,0.685243,0.911111
9.722499,0.678146,0.921927
9.707361,0.688475,0.921999
9.711679,0.670288,0.922468
9.712701,0.676555,0.923401
9.711242,0.680961,0.928707
9.715110,0.674063,0.934265
9.701405,0.665531,0.919530
9.713141,0.677654,0.928749
9.704645,0.673883,0.925234
9.714368,0.677158,0.924505
9.711066,0.673507,0.928881
9.713312,0.682949,0.925029
9.721558,0.679310,0.923793
9.717797,0.676086,0.922422
9.712893,0.679049,0.925796
9.721870,0.675000,0.919688
9.713879,0.677218,0.926750
9.701353,0.678605,0.919802
9.711643,0.677929,0.933698
9.701513,0.673040,0.929017
9.709407,0.666984,0.935048
9.716077,0.680960,0.929283
9.710845,0.670410,0.924048
9.711231,0.666298,0.933974
9.709570,0.683703,0.930394
9.706934,0.680065,0.933318
9.700702,0.671745,0.918568
9.705114,0.679103,0.927076
9.714483,0.680337,0.922259
9.711405,0.678773,0.928508
9.715814,0.683417,0.933807
9.708655,0.674821,0.921350
9.707265,0.678502,0.926241
9.713009,0.682295,0.928172
9.718649,0.674975,0.927346
9.707090,0.681062,0.923318
9.706565,0.670837,0.936496
9.706065,0.676948,0.924654
9.708458,0.678567,0.924103
9.717352,0.684591,0.929271
9.708830,0.684765,0.922661
9.704684,0.675492,0.929321
9.706420,0.688239,0.924265
9.714891,0.671265,0.918193
9.714683,0.681168,0.934241
9.710696,0.676291,0.928327
9.717743,0.673857,0.924555
9.706895,0.677696,0.921664
9.713749,0.677856,0.926011
9.709294,0.675921,0.930054
9.704565,0.685860,0.932960
9.707437,0.688222,0.930503
9.707932,0.679256,0.929023
9.720677,0.675635,0.929723
9.719018,0.683758,0.928221
9.715249,0.683125,0.926664
9.701914,0.686421,0.929555
9.712016,0.679060,0.931822
9.711711,0.681331,0.932678
9.709202,0.687010,0.925033
9.715561,0.685296,0.924944
9.717553,0.676353,0.937094
9.704502,0.682030,0.935493
9.712000,0.673763,0.927928
9.707010,0.675215,0.928402
9.714648,0.675427,0.922820
9.708521,0.685307,0.930175
9.705244,0.672682,0.920357
9.720375,0.686349,0.929936
9.715121,0.683447,0.936579
9.711914,0.679555,0.943801
9.714109,0.674730,0.934998
9.719502,0.672058,0.926526
9.713071,0.683703,0.934164
9.711846,0.682222,0.921129
9.718370,0.674895,0.934259
9.714317,0.685266,0.937336
9.712196,0.685955,0.924120
9.704384,0.675121,0.930020
9.710119,0.679771,0.935556
9.709963,0.676578,0.930540
9.703173,0.679912,0.929642
9.713145,0.683971,0.936673
9.711910,0.679538,0.927734
9.716509,0.689096,0.927644
9.714668,0.689278,0.927538
9.707019,0.681044,0.933482
9.717183,0.693403,0.937410
9.717517,0.683143,0.920744
9.706081,0.676207,0.931707
9.707441,0.678020,0.929562
9.716309,0.677365,0.920678
9.708879,0.683253,0.929083
9.705470,0.686248,0.931607
9.719759,0.682196,0.935182
9.712605,0.680846,0.931552
9.706507,0.675254,0.931171
9.711785,0.690908,0.940030
9.715928,0.682314,0.926366
9.702025,0.685220,0.938624
9.712530,0.694328,0.931421
9.700883,0.682009,0.915537
9.712204,0.679141,0.940526
9.707491,0.692638,0.931701
9.713958,0.691881,0.921063
9.703678,0.698627,0.935436
9.701960,0.678531,0.933056
9.708994,0.676280,0.936581
9.704167,0.676047,0.942592
9.706052,0.679856,0.934144
9.709029,0.679264,0.938868
9.710461,0.680014,0.934365
9.704497,0.680276,0.929516
9.713530,0.683533,0.934326
9.712699,0.675064,0.933621
9.704099,0.671922,0.932125
9.706869,0.678714,0.930879
9.718101,0.676961,0.937757
9.704624,0.676310,0.933897
9.713029,0.681386,0.936197
9.704162,0.674652,0.930836
9.707148,0.695707,0.934553
9.705735,0.691240,0.931656
9.712978,0.695454,0.932137
9.725457,0.685882,0.933299
9.714153,0.684769,0.923661
9.706318,0.695261,0.939976
9.714319,0.691292,0.932712
9.707173,0.686997,0.924309
9.713180,0.682580,0.925818
9.699266,0.680245,0.934861
9.706973,0.681260,0.932600
9.703079,0.691429,0.937151
9.704812,0.684943,0.931438
9.712649,0.676299,0.935152
9.707279,0.673704,0.937565
9.714288,0.689525,0.935751
9.707894,0.677332,0.931630
9.710917,0.678904,0.926121
9.706188,0.678037,0.922787
9.709755,0.684517,0.933110
9.713585,0.688455,0.932451
9.711503,0.684885,0.932514
9.708594,0.686632,0.934054
9.715235,0.681924,0.934264
9.718072,0.680519,0.933012
9.709652,0.695933,0.932793
9.704606,0.683880,0.940232
9.690325,0.690090,0.926296
9.715395,0.685007,0.928092
9.703087,0.690302,0.937168
9.712386,0.694104,0.937402
9.701579,0.693401,0.931677
9.720897,0.677077,0.931510
9.722749,0.697508,0.929699
9.707094,0.689798,0.937039
9.709717,0.690591,0.936656
9.704487,0.689509,0.932572
9.714110,0.685530,0.929535
9.707581,0.685884,0.940835
9.698815,0.673773,0.932307
9.706953,0.681923,0.934536
9.710455,0.686883,0.938693
9.714926,0.683405,0.933970
9.708587,0.678420,0.941571
9.701346,0.686336,0.931917
9.713609,0.691237,0.929294
9.711682,0.688343,0.925309
9.704840,0.683442,0.939927
9.720138,0.680147,0.936855
9.705964,0.684644,0.939356
9.706219,0.680988,0.937702
9.709194,0.682453,0.940162
9.708340,0.677808,0.936936
9.705260,0.688711,0.938273
9.711838,0.688437,0.929321
9.717249,0.686403,0.940916
9.711051,0.678207,0.930593
9.706107,0.685684,0.928756
9.714004,0.688739,0.936014
9.708012,0.684101,0.930629
9.701141,0.678097,0.928926
9.714536,0.693183,0.937815
9.710436,0.685585,0.932978
9.702880,0.692599,0.938469
9.711471,0.687916,0.932206
9.711162,0.685597,0.934960
9.699663,0.688798,0.936871
9.720009,0.682993,0.929489
9.712353,0.681625,0.930990
9.708916,0.695537,0.934601
9.706267,0.682998,0.930468
9.716187,0.688409,0.934324
9.704608,0.698656,0.940197
9.705242,0.697961,0.929387
9.718869,0.684788,0.933237
9.710331,0.688267,0.937688
9.707109,0.687584,0.945992
9.717530,0.678427,0.937111
9.718220,0.688186,0.935064
9.712885,0.685259,0.937294
9.712509,0.693653,0.939619
9.707295,0.683328,0.927177
9.707042,0.683657,0.937652
9.704870,0.688083,0.930631
9.715808,0.689724,0.939296
9.711113,0.682995,0.940546
9.699388,0.690103,0.939295
9.709259,0.690398,0.938501
9.707372,0.684552,0.928667
9.707934,0.686207,0.948253
9.701817,0.691945,0.935841
9.707934,0.688871,0.937115
9.710187,0.691809,0.940498
9.714217,0.684678,0.937440
9.709176,0.686193,0.941258
9.707947,0.684412,0.930296
9.715791,0.697349,0.936112
9.703460,0.687006,0.937925
9.708663,0.693482,0.942980
9.708214,0.685596,0.931194
9.714149,0.694325,0.931283
9.713264,0.691605,0.937982
9.717640,0.686139,0.938703
9.712933,0.697695,0.932762
9.713707,0.697332,0.943460
9.712725,0.688768,0.947427
9.712026,0.688401,0.934626
9.707404,0.696988,0.929692
9.705862,0.691981,0.940672
9.713093,0.687894,0.934050
9.717510,0.687340,0.931896
9.707698,0.690716,0.938968
9.712949,0.680531,0.938044
9.713429,0.685099,0.934605
9.719918,0.688889,0.939228
9.708802,0.684137,0.940992
9.714316,0.676986,0.937030
9.706697,0.691147,0.936226
9.716527,0.678390,0.926582
9.716593,0.691527,0.941081
9.702531,0.692911,0.938348
9.716699,0.691397,0.934268
9.705429,0.692812,0.932029
9.712873,0.680579,0.935291
9.712315,0.684731,0.936988
9.717352,0.691272,0.935172
9.711368,0.692340,0.937931
9.698839,0.684126,0.936294
9.715949,0.698918,0.930202
9.700380,0.685618,0.935469
9.712005,0.689357,0.932925
9.709078,0.684642,0.948365
9.711379,0.680314,0.945270
9.707727,0.679525,0.928287
9.708822,0.677380,0.932806
9.707284,0.682708,0.936869
9.708424,0.694655,0.944808
9.705658,0.688642,0.941343
9.716917,0.687001,0.950422
9.704799,0.688084,0.940316
9.712581,0.695639,0.936602
9.705277,0.688093,0.941473
9.721719,0.688524,0.935330
9.709508,0.697291,0.939340
9.704994,0.686112,0.936862
9.715498,0.692550,0.937297
9.715825,0.698587,0.941325
9.711962,0.686870,0.932187
9.708107,0.685472,0.938929
9.710644,0.687145,0.938131
9.706250,0.679152,0.941420
9.709984,0.693244,0.937448
9.711801,0.696844,0.936199
9.720486,0.692411,0.936734
9.715826,0.674934,0.938726
9.709491,0.693982,0.940391
9.710796,0.694429,0.932666
9.706976,0.693718,0.941969
9.714831,0.686340,0.934714
9.713681,0.688210,0.936889
9.705722,0.685801,0.928842
9.718867,0.690737,0.942535
9.708768,0.684167,0.933866
9.713516,0.687634,0.931894
9.707464,0.692783,0.932857
9.708510,0.693107,0.936168
9.703405,0.689487,0.926827
9.713342,0.689213,0.930738
9.701897,0.688930,0.944693
9.711365,0.695065,0.938573
9.702831,0.676623,0.945780
9.718537,0.693384,0.935232
9.708071,0.689477,0.937144
9.704957,0.694018,0.936284
9.712382,0.691616,0.933535
9.707754,0.690046,0.941715
9.717827,0.687865,0.936563
9.716752,0.687700,0.944946
9.712535,0.700950,0.947200
9.708350,0.683459,0.937378
9.704812,0.697898,0.941113
9.711385,0.689476,0.945410
9.705926,0.681941,0.944943
9.709494,0.696004,0.945140
9.704626,0.695231,0.942323
9.705365,0.691561,0.930629
9.712935,0.686777,0.940045
9.719761,0.698535,0.937467
9.705135,0.695571,0.945742
9.707876,0.693533,0.939613
9.717859,0.691234,0.937345
9.711421,0.683080,0.937478
9.703462,0.685842,0.929180
9.696529,0.685777,0.939434
9.710598,0.680870,0.942645
9.698433,0.693253,0.944360
9.702108,0.689267,0.938067
9.712899,0.689941,0.939955
9.710826,0.688438,0.945526
9.708356,0.691886,0.939506
9.722020,0.686466,0.945222
9.706617,0.689628,0.936176
9.715066,0.694258,0.937677
9.717324,0.685844,0.932387
9.716642,0.686605,0.946140
9.705731,0.686810,0.941537
9.715945,0.692716,0.937789
9.711615,0.694032,0.939700
9.706926,0.693153,0.944589
9.712319,0.692123,0.936663
9.711650,0.686743,0.935213
9.703764,0.689520,0.938706
9.710006,0.691337,0.942937
9.716424,0.694659,0.936523
9.709109,0.697519,0.935418
9.708227,0.682997,0.944834
9.716522,0.687049,0.935163
9.705330,0.693583,0.942136
9.713576,0.699384,0.939999
9.704749,0.694228,0.935938
9.710543,0.686671,0.936541
9.698809,0.696374,0.944142
9.712196,0.680176,0.937468
9.710302,0.691162,0.937936
9.704343,0.691480,0.932890
9.706906,0.686854,0.938505
9.707929,0.693189,0.934507
9.707512,0.681341,0.934998
9.702361,0.689450,0.932099
9.716751,0.688557,0.933477
9.704428,0.697930,0.944061
9.715992,0.692069,0.930693
9.706184,0.692381,0.938983
9.705886,0.686841,0.946532
9.711500,0.682220,0.938759
9.703973,0.686191,0.943649
9.717933,0.688585,0.936567
9.709171,0.693629,0.943644
9.707699,0.689862,0.948820
9.709621,0.690965,0.935259
9.704333,0.687841,0.933903
9.711157,0.686709,0.940220
9.711014,0.694088,0.939407
9.703142,0.681709,0.940649
9.707805,0.684222,0.940737
9.714187,0.687267,0.950150
9.706438,0.680468,0.939132
9.709362,0.694078,0.941291
9.717493,0.691693,0.933723
9.706086,0.687116,0.934589
9.707827,0.692953,0.944787
9.708613,0.691422,0.949395
9.705100,0.698432,0.942144
9.723271,0.693852,0.943376
9.703505,0.688928,0.940731
9.710149,0.694559,0.937925
9.721521,0.691407,0.945220
9.711881,0.681102,0.931924
9.713886,0.696881,0.944805
9.706367,0.687534,0.948750
9.695379,0.694295,0.944231
9.718098,0.693208,0.946387
9.713871,0.696858,0.940832
9.720378,0.687997,0.942855
9.713664,0.687729,0.934512
9.710323,0.691750,0.942209
9.718970,0.693410,0.943998
9.713699,0.680498,0.935032
9.714734,0.695662,0.939096
9.709862,0.691533,0.933442
9.716440,0.702031,0.937781
9.707806,0.692769,0.937675
9.712673,0.690790,0.935939
9.711546,0.685235,0.944646
9.716473,0.689701,0.943220
9.707096,0.700340,0.941648
9.714313,0.685912,0.940371
9.701756,0.687306,0.941268
9.706724,0.698058,0.945059
9.716657,0.693477,0.939444
9.707278,0.688871,0.934104
9.707744,0.697033,0.941191
9.715593,0.688909,0.934587
9.704281,0.692317,0.939644
9.719014,0.689755,0.936468
9.720057,0.693746,0.938827
9.712241,0.690308,0.935520
9.715205,0.682924,0.938525
9.705199,0.691554,0.948023
9.709298,0.687773,0.944659
9.714435,0.685843,0.945918
9.713338,0.693497,0.931516
9.706898,0.685916,0.939152
9.705516,0.686182,0.946307
9.711147,0.682012,0.938139
9.710593,0.691812,0.932109
9.716342,0.687144,0.948212
9.707640,0.693592,0.941958
9.705370,0.687776,0.936362
9.716064,0.701827,0.947288
9.719131,0.700404,0.941391
9.709051,0.695125,0.953762
9.707430,0.691974,0.943345
9.708518,0.687811,0.943769
9.720064,0.692578,0.950818
9.716027,0.689025,0.942513
9.704147,0.694701,0.939434
9.710885,0.696906,0.940347
9.709011,0.682485,0.945352
9.703838,0.689979,0.944534
9.710083,0.693905,0.943179
9.710476,0.688242,0.944737
9.712047,0.690477,0.939745
9.716009,0.696550,0.948443
9.711353,0.686605,0.936751
9.712986,0.686249,0.949332
9.711945,0.687205,0.940644
9.710180,0.690981,0.937393
9.703190,0.698662,0.946521
9.701233,0.692333,0.934880
9.707699,0.694328,0.941309
9.713813,0.686929,0.949181
9.703684,0.695962,0.944382
9.709837,0.692317,0.947772
9.719456,0.694416,0.932142
9.714020,0.691630,0.931928
9.710593,0.689828,0.938044
9.700373,0.686700,0.945493
9.709024,0.688889,0.944772
9.713494,0.703355,0.947436
9.703522,0.689620,0.945650
9.711910,0.702302,0.938481
9.708762,0.693554,0.943889
9.716540,0.689951,0.945550
9.713947,0.689444,0.946878
9.713319,0.679282,0.947793
9.713367,0.692949,0.940586
9.718742,0.686447,0.946263
9.712273,0.700292,0.940429
9.722088,0.696572,0.934404
9.697945,0.683441,0.942199
9.715468,0.695340,0.940725
9.716855,0.695405,0.935262
9.718936,0.689304,0.947134
9.701109,0.693904,0.939677
9.703248,0.684814,0.945794
9.712574,0.701792,0.944904
9.711863,0.689318,0.948261
9.720973,0.691127,0.946808
9.713704,0.693042,0.946042
9.710895,0.694533,0.940123
9.714611,0.692590,0.931216
9.709055,0.687709,0.943216
9.708317,0.693663,0.939537
9.709419,0.693170,0.947151
9.707627,0.687907,0.931934
9.707870,0.685039,0.935737
9.705611,0.693037,0.937208
9.714027,0.691632,0.945274
9.711248,0.691002,0.931855
9.702234,0.693281,0.942052
9.713455,0.684723,0.944473
9.707464,0.692630,0.936890
9.717628,0.680871,0.948692
9.702983,0.700209,0.937795
9.704171,0.684312,0.961595
9.711138,0.690948,0.949604
9.710132,0.696031,0.943641
9.711043,0.693638,0.935105
9.707703,0.693677,0.942602
9.707896,0.690059,0.937698
9.712809,0.689799,0.935102
9.712132,0.693912,0.938445
9.705575,0.695289,0.952801
9.701217,0.688705,0.945274
9.703348,0.689015,0.937966
9.700054,0.690891,0.940167
9.696071,0.695961,0.948832
9.706172,0.688477,0.943391
9.707191,0.699836,0.941373
9.708945,0.689826,0.936936
9.716818,0.687386,0.941366
9.718249,0.691069,0.943696
9.718579,0.692712,0.942033
9.713941,0.696353,0.943993
9.721075,0.685213,0.938713
9.706395,0.681886,0.949011
9.705296,0.694543,0.939999
9.703360,0.697267,0.941582
9.709870,0.700485,0.936145
9.709876,0.705951,0.946277
9.712322,0.695047,0.938226
9.709021,0.697409,0.937846
9.710046,0.687300,0.932055
9.719280,0.695371,0.937207
9.712568,0.690656,0.944306
9.714168,0.692835,0.942017
9.709458,0.691304,0.939291
9.710107,0.697777,0.948235
9.711818,0.694964,0.940184
9.708937,0.681305,0.942020
9.709126,0.689258,0.937952
9.708281,0.694422,0.939220
9.706670,0.698082,0.946555
9.709445,0.698238,0.937377
9.710769,0.685283,0.931655
9.709780,0.692323,0.938471
9.709500,0.690700,0.944161
9.707550,0.685401,0.944553
9.699743,0.687299,0.945487
9.708412,0.699613,0.934158
9.706037,0.690723,0.942353
9.711826,0.692753,0.933959
9.705366,0.693983,0.933210
9.711825,0.699463,0.941260
9.706371,0.692167,0.938565
9.714509,0.706032,0.932936
9.711042,0.691567,0.945530
9.714172,0.691618,0.943422
9.713540,0.688139,0.940242
9.709575,0.698869,0.942132
9.711711,0.682239,0.939660
9.710809,0.689724,0.938040
9.704013,0.689494,0.943667
9.710363,0.694614,0.933362
9.713503,0.686867,0.939513
9.709423,0.693003,0.937602
9.699838,0.696288,0.955206
9.708989,0.690976,0.941963
9.710127,0.697841,0.930337
9.712687,0.697073,0.946418
9.706833,0.689959,0.939669
9.710670,0.693621,0.946075
9.707025,0.691773,0.942841
9.714251,0.690653,0.947540
9.711235,0.701638,0.937473
9.721517,0.699974,0.941908
9.711642,0.691986,0.939691
9.707721,0.694681,0.938034
9.713277,0.689582,0.935087
9.713931,0.692112,0.943258
9.713403,0.688710,0.947638
9.704333,0.692960,0.951740
9.705763,0.695312,0.937724
9.716151,0.687258,0.934145
9.707105,0.690776,0.943807
9.698757,0.692845,0.945311
9.720381,0.698025,0.945559
9.707526,0.701773,0.936406
9.700841,0.697822,0.944343
9.705918,0.687169,0.953795
9.714387,0.695125,0.933012
9.708807,0.688995,0.940604
9.709091,0.693689,0.944092
9.707799,0.694987,0.944479
9.716671,0.698436,0.932510
9.705835,0.697506,0.940795
9.703880,0.694108,0.937276
9.706355,0.693537,0.941462
9.702902,0.689719,0.945788
9.705240,0.688522,0.946450
9.703231,0.694286,0.946279
9.706864,0.695069,0.930067
9.707755,0.688977,0.940801
9.716161,0.692897,0.946605
9.710052,0.697856,0.950248
9.715324,0.695717,0.942266
9.715493,0.694191,0.939911
9.722803,0.701363,0.938545
9.711420,0.690502,0.933225
9.708506,0.704680,0.946091
9.711879,0.695530,0.950389
9.704048,0.699281,0.942416
9.714227,0.693759,0.944367
9.711047,0.688497,0.940550
9.711210,0.687270,0.935513
9.714204,0.691489,0.947028
9.713314,0.688144,0.940123
9.707696,0.701818,0.942886
9.710379,0.695236,0.941700
9.719808,0.697718,0.932596
9.714179,0.692583,0.940773
9.717578,0.692608,0.943149
9.710497,0.693287,0.941435
9.717207,0.695682,0.934694
9.715304,0.693703,0.941016
9.713440,0.687529,0.936327
9.708726,0.691361,0.936688
9.710646,0.696141,0.942647
9.707764,0.696604,0.940539
9.717450,0.694727,0.938025
9.707384,0.692171,0.939493
9.715376,0.692290,0.943019
9.709654,0.695826,0.950730
9.717282,0.697844,0.934289
9.708721,0.685814,0.932835
9.712705,0.693044,0.957941
9.706101,0.698585,0.943690
9.706378,0.696095,0.943365
9.714782,0.702624,0.940949
9.707839,0.689873,0.939642
9.704407,0.692695,0.941554
9.703120,0.699973,0.935796
9.719669,0.692887,0.944582
9.712946,0.689571,0.939633
9.710488,0.692750,0.944355
9.709662,0.691003,0.940942
9.716922,0.695113,0.937135
9.701738,0.695894,0.941923
9.714769,0.696436,0.942387
9.709136,0.696744,0.940648
9.702571,0.697608,0.944214
9.710861,0.695873,0.946044
9.708841,0.693039,0.944266
9.712769,0.701935,0.946484
9.711000,0.696021,0.943281
9.713869,0.689709,0.948233
9.707810,0.691581,0.948765
9.704264,0.699140,0.934490
9.713539,0.692748,0.942502
9.703982,0.695238,0.939604
9.709147,0.694928,0.944679
9.711732,0.687439,0.932098
9.707744,0.691707,0.938347
9.710623,0.700330,0.938889
9.716920,0.693493,0.949166
9.704398,0.695064,0.936835
9.715628,0.695552,0.938933
9.703438,0.696945,0.942490
9.710707,0.688561,0.948847
9.705660,0.690466,0.936327
9.707382,0.693882,0.940312
9.707202,0.690217,0.948367
9.705528,0.695358,0.931457
9.714332,0.691094,0.943203
9.712542,0.695929,0.943477
9.705554,0.698722,0.947610
9.707901,0.697487,0.940964
9.709184,0.698268,0.936730
9.706219,0.687297,0.942491
9.701103,0.698512,0.939858
9.709508,0.689342,0.933099
9.711149,0.691255,0.946889
9.704250,0.695538,0.939226
9.714928,0.693330,0.942451
9.704971,0.691306,0.944719
9.709959,0.700408,0.945753
9.717409,0.687160,0.938957
9.705847,0.697168,0.937757
9.709647,0.693885,0.945727
9.710192,0.698581,0.944983
9.708313,0.696967,0.938952
9.719669,0.699329,0.932963
9.712978,0.691137,0.939508
9.714122,0.694553,0.942391
9.705665,0.693039,0.945012
9.717477,0.691405,0.947022
9.710150,0.691308,0.948898
9.711316,0.693299,0.951240
9.711189,0.686738,0.933619
9.710047,0.684781,0.943723
9.707537,0.694979,0.947154
9.708506,0.694807,0.943558
9.705098,0.702017,0.947922
9.697230,0.702268,0.935762
9.720293,0.689745,0.940430
9.719990,0.698255,0.945191
9.717058,0.693199,0.940447
9.708234,0.693201,0.942528
9.717206,0.692459,0.941060
9.705245,0.691160,0.941488
9.705753,0.697581,0.936441
9.699938,0.700895,0.944520
9.709567,0.695607,0.938154
9.714225,0.695872,0.942610
9.706208,0.710007,0.935076
9.703272,0.687137,0.944342
9.714962,0.691685,0.945012
9.714250,0.692270,0.934098
9.711704,0.694587,0.940198
9.707593,0.699089,0.946794
9.706890,0.702941,0.945001
9.700023,0.689900,0.944513
9.717064,0.701771,0.936805
9.704195,0.689205,0.938332
9.709021,0.694421,0.944099
9.712292,0.689558,0.945326
9.715368,0.686865,0.935553
9.704872,0.692179,0.945502
9.705558,0.692927,0.945052
9.714218,0.689001,0.944271
9.713433,0.686148,0.944913
9.708334,0.692279,0.943646
9.693548,0.696961,0.935620
9.710374,0.700128,0.933630
9.714419,0.694430,0.950800
9.713734,0.700083,0.933798
9.706928,0.700133,0.947289
9.709693,0.697947,0.937025
9.708788,0.687191,0.945529
9.708895,0.690370,0.943364
9.713875,0.688930,0.945162
9.707206,0.689190,0.947650
9.695924,0.694779,0.942923
9.714064,0.697746,0.941266
9.702174,0.692746,0.940073
9.705530,0.695992,0.944426
9.701139,0.694097,0.940086
9.720975,0.700988,0.948660
9.705782,0.701857,0.942066
9.711974,0.691217,0.943127
9.710173,0.699552,0.937587
9.709038,0.692541,0.940882
9.712926,0.690389,0.936480
9.709539,0.697325,0.943008
9.709133,0.690653,0.941383
9.706591,0.691949,0.937299
9.706345,0.695240,0.944258
9.704018,0.685962,0.939200
9.710317,0.695612,0.936137
9.710621,0.693521,0.939474
9.711358,0.699596,0.934907
9.715790,0.698242,0.937522
9.707731,0.694881,0.943406
9.711799,0.693070,0.949890
9.717121,0.692079,0.942844
9.709979,0.697825,0.939872
9.712813,0.687172,0.947261
9.715789,0.695231,0.945731
9.709168,0.692454,0.935975
9.717821,0.697192,0.941623
9.714602,0.691937,0.942905
9.734674,0.662056,0.934367
9.749361,0.641283,0.939020
9.767339,0.624981,0.938349
9.789995,0.600441,0.923165
9.794859,0.571309,0.922337
9.808191,0.566094,0.936730
9.819652,0.552856,0.924241
9.825779,0.547305,0.920893
9.837869,0.532172,0.923931
9.843924,0.526009,0.920775
9.864360,0.525776,0.932360
9.861099,0.520862,0.920624
9.867628,0.507779,0.910557
9.874126,0.499323,0.911715
9.880623,0.492489,0.924195
9.878582,0.487469,0.927042
9.888232,0.480606,0.926781
9.887860,0.488680,0.924791
9.898868,0.485901,0.929295
9.904885,0.482073,0.930934
9.900025,0.472570,0.925429
9.908797,0.479464,0.932325
9.911024,0.474713,0.937348
9.906635,0.484871,0.938982
9.907454,0.479625,0.936061
9.908366,0.483584,0.933904
9.911825,0.472319,0.943281
9.914990,0.472421,0.943452
9.910736,0.481294,0.939892
9.916487,0.478543,0.944329
9.919268,0.474712,0.952510
9.920222,0.480602,0.944777
9.920478,0.485099,0.953317
9.923487,0.487053,0.942367
9.923891,0.483778,0.951975
9.914400,0.487897,0.958949
9.915768,0.493570,0.957333
9.923966,0.490914,0.961222
9.920029,0.493660,0.955880
9.916984,0.490019,0.963834
9.918284,0.498934,0.958593
9.931767,0.484217,0.961745
9.914120,0.496590,0.966696
9.925143,0.500361,0.964051
9.918579,0.500827,0.976820
9.929757,0.511021,0.967713
9.923115,0.509013,0.974528
9.918053,0.500780,0.976298
9.913669,0.519134,0.972688
9.921493,0.514996,0.980915
9.923504,0.514246,0.973230
9.915123,0.520385,0.981133
9.923337,0.523749,0.992782
9.920096,0.522189,0.991366
9.925375,0.520622,0.980866
9.930016,0.528011,0.990863
9.930338,0.526106,0.983091
9.928590,0.539389,0.990548
9.925221,0.542785,0.990184
9.920709,0.534967,0.992770
9.919790,0.539347,1.005510
9.929354,0.543168,1.006888
9.926545,0.549021,1.006817
9.922469,0.540661,1.009531
9.926690,0.546787,1.011535
9.915482,0.554433,1.018633
9.918861,0.551348,1.012742
9.922191,0.563221,1.011091
9.924655,0.569010,1.026481
9.924522,0.561659,1.011799
9.932532,0.557566,1.026289
9.918160,0.571373,1.020404
9.924952,0.564888,1.028204
9.919750,0.571922,1.029029
9.921874,0.571606,1.036046
9.918556,0.573859,1.030039
9.922612,0.580752,1.026943
9.919549,0.579830,1.036970
9.914408,0.590925,1.044665
9.915573,0.583303,1.038861
9.916345,0.589308,1.042261
9.915808,0.592630,1.040470
9.921574,0.599243,1.050037
9.916086,0.607070,1.043918
9.928211,0.597901,1.044366
9.918864,0.593437,1.044130
9.915907,0.596155,1.050208
9.924645,0.602477,1.060778
9.924311,0.619089,1.058639
9.920254,0.620202,1.061884
9.917225,0.623581,1.054075
9.914084,0.615730,1.058923
9.915323,0.628190,1.066580
9.912885,0.625286,1.064678
9.911388,0.615726,1.066428
9.924135,0.622714,1.073454
9.922316,0.630642,1.072636
9.911086,0.637425,1.074239
9.926627,0.635313,1.076990
9.916276,0.642161,1.077655
9.911896,0.634313,1.084191
9.906361,0.643000,1.074527
9.919909,0.644210,1.083566
9.928453,0.644143,1.092864
9.916472,0.656257,1.079848
9.912059,0.661715,1.088877
9.913213,0.654347,1.092629
9.914639,0.656626,1.085147
9.917428,0.657520,1.099076
9.901912,0.654561,1.096777
9.925775,0.666895,1.102960
9.922536,0.667402,1.101831
9.920670,0.666913,1.101370
9.918205,0.674278,1.104745
9.913209,0.669567,1.104097
9.910900,0.669180,1.114758
9.906891,0.670919,1.107976
9.903084,0.673342,1.114863
9.913775,0.684585,1.108327
9.905868,0.686044,1.125578
9.908076,0.690991,1.119919
9.898701,0.691321,1.118629
9.906940,0.694360,1.121012
9.911471,0.699974,1.121681
9.914295,0.697443,1.130187
9.898973,0.703701,1.126465
9.906148,0.712121,1.130522
9.901700,0.711145,1.129870
9.912865,0.700121,1.135064
9.913597,0.715127,1.124748
9.906878,0.710285,1.148959
9.908182,0.711593,1.131167
9.908745,0.720431,1.137467
9.905054,0.714672,1.136279
9.916585,0.726517,1.144664
9.908422,0.727385,1.136511
9.914550,0.725254,1.148565
9.905512,0.734153,1.152860
9.911876,0.734622,1.154418
9.906857,0.731934,1.161283
9.906781,0.740607,1.155371
9.907933,0.738198,1.164110
9.906043,0.743254,1.163037
9.904141,0.756629,1.158167
9.903861,0.746002,1.159834
9.913646,0.760512,1.159392
9.912029,0.761247,1.166731
9.907022,0.756157,1.161199
9.910643,0.753930,1.169732
9.905914,0.768838,1.173917
9.912225,0.766566,1.175879
9.905193,0.774012,1.158816
9.900888,0.771636,1.160696
9.901597,0.768191,1.180960
9.900859,0.789107,1.177053
9.900222,0.779108,1.165432
9.889356,0.777938,1.181250
9.901048,0.786625,1.174960
9.910940,0.791603,1.190855
9.897237,0.787649,1.179036
9.903629,0.791254,1.196475
9.893999,0.792511,1.191218
9.907440,0.800765,1.190429
9.905197,0.795567,1.196409
9.905889,0.810846,1.193527
9.912083,0.812935,1.193216
9.903502,0.806876,1.196097
9.897617,0.807838,1.196831
9.893451,0.815895,1.204417
9.899480,0.816043,1.207373
9.891819,0.822034,1.213510
9.900576,0.821244,1.210035
9.899561,0.816491,1.213817
9.898712,0.826233,1.210906
9.898094,0.823693,1.222873
9.907657,0.832252,1.212260
9.887961,0.830663,1.223637
9.902832,0.834670,1.213329
9.890504,0.839347,1.222715
9.905951,0.844050,1.218847
9.894415,0.850207,1.232535
9.898590,0.845129,1.225338
9.896818,0.852036,1.226640
9.898162,0.850566,1.230602
9.894224,0.856203,1.230938
9.900716,0.852140,1.232884
9.896339,0.859100,1.236551
9.894077,0.868258,1.233704
9.902501,0.861337,1.239503
9.894179,0.873229,1.245641
9.892337,0.875689,1.232890
9.896297,0.875644,1.247594
9.895785,0.871463,1.244126
9.901758,0.884770,1.244341
9.889205,0.883306,1.249851
9.902303,0.892608,1.251539
9.894386,0.887964,1.257537
9.895205,0.897264,1.257241
9.898176,0.897931,1.257816
9.895044,0.889916,1.252548
9.891471,0.905809,1.262717
9.901940,0.901058,1.263830
9.894477,0.907336,1.261729
9.898359,0.904262,1.262429
9.899709,0.903722,1.268735
9.890179,0.914290,1.265900
9.898145,0.912620,1.271002
9.884836,0.923325,1.278143
9.890713,0.914621,1.274408
9.885701,0.921380,1.278884
9.896649,0.927942,1.283197
9.893470,0.933704,1.278133
9.893192,0.926764,1.285709
9.890150,0.930354,1.284187
9.892690,0.938304,1.280307
9.885994,0.943554,1.285292
9.887247,0.949064,1.284479
9.895359,0.943674,1.282840
9.895427,0.954175,1.287308
9.899042,0.952234,1.291456
9.889471,0.949689,1.291081
9.889270,0.954552,1.298798
9.889095,0.962152,1.295423
9.886261,0.965057,1.303309
9.885322,0.969073,1.291301
9.881449,0.975291,1.316702
9.883777,0.966846,1.297527
9.890884,0.968433,1.310552
9.893930,0.974444,1.306478
9.892333,0.982328,1.303959
9.885863,0.977683,1.305935
9.879466,0.990849,1.311637
9.889588,0.985371,1.306846
9.888533,0.984296,1.314718
9.881782,0.986900,1.316634
9.889285,0.988155,1.321423
9.876600,0.993208,1.319026
9.876837,1.003960,1.324887
9.885247,1.004396,1.322168
9.882204,1.001804,1.328528
9.894471,1.001798,1.320533
9.880685,1.002471,1.332095
9.880751,1.012740,1.329460
9.887102,1.015641,1.322816
9.879695,1.014527,1.324789
9.874906,1.021640,1.334750
9.880358,1.018993,1.334759
9.880812,1.024793,1.337336
9.868617,1.025718,1.337522
9.882537,1.034812,1.338644
9.876906,1.025686,1.342619
9.875671,1.040706,1.338896
9.880757,1.039318,1.349040
9.877259,1.048014,1.347164
9.869925,1.049671,1.349215
9.873816,1.041464,1.349486
9.874429,1.040759,1.347517
9.873250,1.061731,1.358406
9.876529,1.050055,1.364251
9.874573,1.058952,1.359267
9.878169,1.060439,1.361611
9.876164,1.071440,1.361033
9.878428,1.059714,1.354431
9.878691,1.074838,1.360461
9.870806,1.073598,1.359361
9.873537,1.078756,1.374297
9.870731,1.086728,1.363117
9.870344,1.081921,1.367855
9.876323,1.074126,1.371805
9.869460,1.080096,1.374345
9.870291,1.087682,1.368314
9.874787,1.097466,1.378156
9.871238,1.091274,1.375042
9.875208,1.098637,1.375103
9.867128,1.106609,1.382016
9.871214,1.100954,1.385389
9.870265,1.103230,1.380629
9.864734,1.118246,1.392061
9.873071,1.118975,1.387265
9.863267,1.120727,1.394052
9.865903,1.118437,1.385313
9.871746,1.122727,1.388902
9.868992,1.114274,1.383336
9.870921,1.121801,1.397317
9.865270,1.128754,1.396399
9.870479,1.132059,1.399465
9.859190,1.130277,1.405687
9.865734,1.135024,1.395040
9.861154,1.137204,1.413487
9.866888,1.142143,1.409848
9.861236,1.151888,1.412280
9.872559,1.149821,1.408131
9.870607,1.147432,1.395832
9.863490,1.153608,1.416369
9.859535,1.157541,1.410103
9.860939,1.152634,1.413915
9.862760,1.162660,1.417998
9.868749,1.165818,1.414115
9.864021,1.170042,1.426473
9.848626,1.169165,1.418458
9.856531,1.180053,1.415632
9.865462,1.177079,1.425232
9.863175,1.175315,1.428470
9.859708,1.188579,1.426868
9.851396,1.177623,1.435736
9.849067,1.181405,1.432324
9.858518,1.182050,1.430546
9.854940,1.187804,1.428778
9.858976,1.205674,1.433633
9.854837,1.190964,1.437756
9.855774,1.206693,1.441226
9.859921,1.200334,1.443086
9.857445,1.208217,1.438406
9.855568,1.202566,1.445294
9.852349,1.213493,1.442498
9.860528,1.211439,1.441342
9.851869,1.210960,1.442178
9.854213,1.224203,1.452591
9.855184,1.227519,1.452229
9.853904,1.232336,1.450262
9.845698,1.228774,1.451671
9.850065,1.236220,1.447357
9.857373,1.239744,1.456545
9.847532,1.232934,1.458881
9.850792,1.247530,1.459729
9.853992,1.243772,1.464766
9.851559,1.244599,1.461634
9.845272,1.252894,1.458015
9.848849,1.254786,1.468262
9.855399,1.258135,1.458820
9.846733,1.255290,1.469241
9.844229,1.262283,1.460341
9.844216,1.259913,1.462304
9.849222,1.261268,1.481041
9.838488,1.262464,1.477910
9.852059,1.269119,1.467748
9.857778,1.273811,1.476746
9.845827,1.273871,1.470941
9.846879,1.279051,1.472071
9.839702,1.280736,1.482691
9.843870,1.296778,1.477973
9.848310,1.291601,1.486867
9.846567,1.294671,1.484040
9.844881,1.301573,1.493010
9.846166,1.298294,1.488819
9.840255,1.298025,1.488824
9.842946,1.302329,1.492090
9.840946,1.311550,1.499293
9.845082,1.310179,1.491915
9.842204,1.312079,1.492710
9.840841,1.326538,1.492280
9.835135,1.315763,1.488465
9.841796,1.331477,1.498739
9.849635,1.334632,1.492350
9.838080,1.326034,1.495082
9.837192,1.325969,1.496909
9.839172,1.335080,1.507368
9.841949,1.336475,1.509934
9.838954,1.336032,1.507565
9.843383,1.331301,1.511596
9.835339,1.346363,1.513649
9.836776,1.342597,1.515556
9.832863,1.348412,1.506871
9.835103,1.346993,1.508781
9.829894,1.363357,1.513434
9.833927,1.362930,1.513645
9.833076,1.365781,1.517313
9.828041,1.367512,1.528854
9.828509,1.371289,1.520191
9.833233,1.369615,1.514232
9.827571,1.373594,1.524924
9.823257,1.382255,1.522414
9.831386,1.378592,1.518919
9.830736,1.378524,1.528790
9.829808,1.378343,1.527681
9.824184,1.383362,1.529928
9.835950,1.395253,1.526570
9.830427,1.397184,1.536814
9.828102,1.388343,1.532078
9.825544,1.393731,1.536339
9.827004,1.400334,1.534660
9.829952,1.411233,1.537601
9.821897,1.412851,1.538189
9.829714,1.413757,1.544589
9.822555,1.417469,1.539776
9.821579,1.415799,1.544163
9.817234,1.419147,1.544191
9.818737,1.427099,1.555012
9.823106,1.422180,1.559608
9.821227,1.426118,1.548812
9.820594,1.430786,1.551199
9.817032,1.434718,1.557283
9.821174,1.439961,1.560035
9.815068,1.437246,1.553198
9.823338,1.442386,1.561609
9.829703,1.444385,1.559535
9.815787,1.450499,1.562111
9.819013,1.451394,1.569396
9.816793,1.450233,1.558188
9.817327,1.461922,1.565517
9.813918,1.459548,1.564849
9.816521,1.461463,1.561960
9.818730,1.474559,1.557605
9.813491,1.475272,1.570225
9.811859,1.473650,1.571402
9.821086,1.476205,1.567903
9.812356,1.474697,1.574438
9.810267,1.483433,1.578382
9.817520,1.481498,1.572868
9.806646,1.485695,1.578774
9.813572,1.492952,1.582743
9.810839,1.494647,1.574862
9.809976,1.499739,1.582079
9.813213,1.501988,1.585101
9.809670,1.501597,1.591050
9.804161,1.514101,1.577642
9.804900,1.499162,1.584911
9.802318,1.513276,1.589250
9.808733,1.516168,1.584278
9.816067,1.519380,1.590442
9.809065,1.521281,1.595250
9.802578,1.528388,1.588049
9.814055,1.515533,1.584797
9.806040,1.522258,1.598651
9.805739,1.535878,1.601619
9.804129,1.531754,1.600658
9.803514,1.528763,1.596571
9.797073,1.544332,1.604427
9.802001,1.543438,1.604825
9.802552,1.549397,1.606923
9.805800,1.551649,1.603424
9.797710,1.559919,1.606677
9.804510,1.558060,1.612107
9.800020,1.558965,1.610968
9.798071,1.561866,1.609361
9.796035,1.561668,1.607116
9.798518,1.559090,1.608789
9.794578,1.577388,1.605162
9.793733,1.587597,1.609422
9.792272,1.577159,1.612731
9.794987,1.571966,1.624564
9.795198,1.580245,1.615173
9.796034,1.593778,1.618671
9.789787,1.584317,1.613140
9.795981,1.596022,1.628060
9.794073,1.596081,1.623617
9.794223,1.602835,1.616167
9.797200,1.606031,1.627273
9.801925,1.610631,1.633326
9.792804,1.608001,1.629885
9.786556,1.611874,1.619961
9.789678,1.613616,1.630982
9.788547,1.613661,1.631126
9.778413,1.621687,1.635091
9.783469,1.614404,1.643971
9.784052,1.627474,1.636179
9.784443,1.624044,1.631812
9.778169,1.642510,1.623432
9.775717,1.626275,1.637793
9.786670,1.647163,1.641161
9.781830,1.642097,1.644808
9.782617,1.635821,1.641876
9.796974,1.644718,1.639561
9.780935,1.654205,1.644313
9.774690,1.657004,1.643189
9.782910,1.658846,1.643258
9.775517,1.652952,1.641894
9.778671,1.661863,1.649284
9.786064,1.668174,1.647043
9.774267,1.662163,1.654007
9.788568,1.665858,1.651148
9.779189,1.677208,1.649726
9.783230,1.678237,1.660156
9.779363,1.678511,1.656401
9.783335,1.682676,1.651411
9.772287,1.686823,1.657633
9.765451,1.689213,1.660737
9.777228,1.695814,1.663151
9.774301,1.703071,1.664082
9.769291,1.703285,1.655109
9.776675,1.707848,1.672738
9.772018,1.705529,1.664456
9.770177,1.710911,1.668989
9.767831,1.717684,1.668439
9.779625,1.716977,1.667882
9.770489,1.721125,1.672741
9.770779,1.724584,1.670488
9.775183,1.728054,1.672289
9.769231,1.729941,1.676715
9.768200,1.732190,1.678581
9.766666,1.728045,1.678710
9.771367,1.732447,1.672970
9.776536,1.740600,1.672731
9.765723,1.737507,1.683385
9.772845,1.746563,1.679279
9.768050,1.752999,1.679074
9.760514,1.744970,1.679349
9.769717,1.752965,1.688082
9.749208,1.758730,1.682526
9.755402,1.754586,1.681267
9.761759,1.762345,1.687736
9.760223,1.778241,1.695436
9.754268,1.761703,1.683147
9.758260,1.762569,1.700463
9.762523,1.785471,1.692263
9.765504,1.772276,1.685294
9.752420,1.784506,1.692531
9.752856,1.782515,1.692954
9.760006,1.785987,1.696507
9.745267,1.783582,1.698393
9.751255,1.781000,1.699926
9.756577,1.796098,1.696296
9.748994,1.795835,1.692435
9.752467,1.794630,1.701499
9.750855,1.803057,1.697486
9.755831,1.808317,1.699139
9.755844,1.810900,1.707264
9.747862,1.811480,1.703588
9.761194,1.816324,1.704610
9.753386,1.819220,1.698088
9.745688,1.833159,1.704011
9.747221,1.824787,1.712285
9.748359,1.828952,1.712582
9.741919,1.839336,1.712431
9.761965,1.831303,1.712291
9.748044,1.852714,1.716991
9.744393,1.842980,1.718574
9.747403,1.843130,1.722603
9.737806,1.850395,1.721720
9.749545,1.847405,1.720210
9.733870,1.849628,1.718009
9.743891,1.855959,1.724410
9.736633,1.856800,1.723673
9.739501,1.868564,1.726516
9.734479,1.871695,1.724249
9.739745,1.878479,1.723280
9.729072,1.874678,1.721328
9.745171,1.870645,1.733833
9.725753,1.879989,1.726649
9.737814,1.880813,1.726493
9.734295,1.889664,1.724783
9.737691,1.895587,1.726438
9.734801,1.893815,1.726303
9.729584,1.897653,1.739098
9.729404,1.902993,1.739887
9.733200,1.906964,1.731430
9.731849,1.904714,1.734133
9.727529,1.913029,1.728248
9.724926,1.910614,1.743757
9.733412,1.910275,1.739384
9.724827,1.914569,1.741572
9.732476,1.921282,1.737559
9.728629,1.921544,1.742187
9.727214,1.929566,1.742495
9.733503,1.938413,1.745238
9.727814,1.935723,1.747630
9.732203,1.927635,1.737109
9.722543,1.944162,1.743485
9.728302,1.945826,1.745462
9.726812,1.946467,1.748794
9.723775,1.952525,1.746428
9.735305,1.953000,1.752105
9.712492,1.954572,1.752931
9.720372,1.962934,1.746289
9.721492,1.962874,1.745054
9.725613,1.954459,1.754808
9.730774,1.969071,1.760553
9.717636,1.974680,1.751420
9.709585,1.971611,1.766553
9.715977,1.978399,1.760953
9.710474,1.989319,1.757472
9.711582,1.980570,1.754812
9.717782,1.979467,1.760248
9.717230,1.996376,1.760186
9.708110,1.998104,1.751955
9.718637,2.000969,1.760965
9.716326,2.001735,1.772992
9.706248,2.007817,1.755598
9.707414,2.009513,1.771435
9.712939,2.006201,1.770664
9.706325,2.015061,1.775077
9.712522,2.020944,1.766929
9.703806,2.020487,1.782656
9.704565,2.015041,1.772332
9.700860,2.030750,1.779909
9.709330,2.031431,1.775003
9.700996,2.027170,1.773328
9.704479,2.032265,1.775606
9.703668,2.031987,1.779181
9.695673,2.047802,1.783173
9.715658,2.048107,1.773764
9.701689,2.043237,1.775578
9.704999,2.041793,1.782463
9.698861,2.056308,1.771867
9.701378,2.069984,1.782636
9.700337,2.059008,1.782898
9.698808,2.049862,1.783192
9.690091,2.071656,1.781579
9.683109,2.068381,1.787986
9.693547,2.076144,1.787955
9.696981,2.086580,1.787748
9.687113,2.076468,1.787590
9.690622,2.079147,1.794877
9.696789,2.088385,1.794295
9.698655,2.089074,1.802541
9.687211,2.084283,1.792820
9.686776,2.094484,1.790387
9.691635,2.098464,1.793907
9.690310,2.104072,1.798040
9.691773,2.117135,1.795236
9.689302,2.106339,1.790369
9.686503,2.101306,1.799262
9.695994,2.107802,1.806788
9.685699,2.112219,1.785211
9.681703,2.113681,1.799478
9.688971,2.132354,1.796296
9.680843,2.131532,1.798165
9.688304,2.125053,1.801669
9.678242,2.130069,1.805044
9.683551,2.134163,1.811526
9.677455,2.134624,1.811804
9.677583,2.146235,1.806707
9.674807,2.144560,1.801962
9.673277,2.158283,1.802636
9.668347,2.151307,1.810574
9.670543,2.153511,1.810659
9.676081,2.160597,1.801707
9.682346,2.162782,1.809673
9.669108,2.162651,1.807223
9.674398,2.174070,1.817138
9.678307,2.170034,1.819703
9.667228,2.177948,1.816701
9.660462,2.174896,1.810879
9.665470,2.176893,1.807471
9.674129,2.184651,1.816643
9.666535,2.182254,1.817226
9.663602,2.190208,1.818632
9.664096,2.194094,1.821262
9.666725,2.201365,1.821788
9.666342,2.197080,1.821164
9.663542,2.205126,1.822901
9.656515,2.209960,1.830728
9.663460,2.217418,1.812918
9.667601,2.210598,1.828005
9.662227,2.200326,1.815912
9.656187,2.217326,1.824620
9.657629,2.218747,1.831243
9.659230,2.214441,1.829970
9.657459,2.219483,1.825635
9.660587,2.227462,1.826822
9.661029,2.241807,1.828302
9.653314,2.240031,1.838007
9.653596,2.235365,1.833565
9.656989,2.248720,1.825631
9.645340,2.250190,1.836316
9.654691,2.257528,1.835763
9.650044,2.256580,1.837005
9.654075,2.257336,1.827468
9.654658,2.259932,1.836924
9.641061,2.260953,1.831507
9.646630,2.270594,1.849246
9.647797,2.268908,1.830707
9.645248,2.265925,1.844336
9.645390,2.268376,1.835640
9.644098,2.279760,1.848835
9.643333,2.286473,1.843986
9.647102,2.290434,1.848427
9.635985,2.282788,1.841569
9.641079,2.291675,1.829871
9.639935,2.296102,1.842569
9.640534,2.302007,1.844536
9.647425,2.305142,1.834558
9.625734,2.307660,1.846351
9.635507,2.306109,1.850526
9.644113,2.315077,1.848052
9.631920,2.311698,1.846624
9.639128,2.320389,1.849286
9.630336,2.312246,1.853394
9.631883,2.326749,1.852048
9.631177,2.325798,1.852028
9.631350,2.329812,1.848311
9.633388,2.332895,1.856183
9.635941,2.346343,1.850715
9.624313,2.339258,1.858905
9.624330,2.348332,1.852332
9.629295,2.344946,1.856956
9.621294,2.355183,1.862311
9.625991,2.357628,1.856945
9.624094,2.357519,1.851711
9.620451,2.365275,1.851007
9.627909,2.360889,1.863990
9.623958,2.365039,1.861564
9.620613,2.372583,1.861021
9.615598,2.377723,1.860282
9.616201,2.375381,1.865370
9.615969,2.373250,1.866968
9.617508,2.380789,1.866577
9.618618,2.381647,1.863453
9.614955,2.388029,1.864028
9.618426,2.395651,1.876797
9.615521,2.399042,1.864783
9.613571,2.399486,1.874718
9.617125,2.401476,1.861729
9.605032,2.414221,1.868022
9.610508,2.407309,1.871149
9.612834,2.411923,1.862767
9.612425,2.422678,1.873631
9.614774,2.416798,1.873328
9.616024,2.420084,1.866737
9.610859,2.429555,1.866530
9.603943,2.420236,1.864047
9.603125,2.435691,1.884369
9.595293,2.431150,1.874830
9.601044,2.445156,1.877761
9.608826,2.450115,1.865696
9.597480,2.447755,1.874264
9.611140,2.448720,1.871644
9.605489,2.454045,1.877513
9.599194,2.451832,1.883997
9.597175,2.451862,1.882626
9.598825,2.460520,1.868771
9.600818,2.464358,1.887791
9.598142,2.465200,1.878220
9.598310,2.472015,1.879784
9.597367,2.470942,1.881496
9.608203,2.470802,1.890011
9.593650,2.486878,1.883123
9.609899,2.491694,1.888147
9.595716,2.489005,1.883206
9.585661,2.493335,1.879602
9.583347,2.493539,1.886788
9.589351,2.493968,1.885793
9.587805,2.494778,1.885687
9.587204,2.508025,1.884373
9.579219,2.508429,1.889950
9.586177,2.515771,1.882387
9.593457,2.520663,1.887095
9.584120,2.509200,1.887552
9.583446,2.524780,1.897027
9.576990,2.521224,1.895344
9.587615,2.525120,1.893649
9.586065,2.536535,1.896246
9.578344,2.533145,1.903933
9.569968,2.533956,1.896463
9.578325,2.539538,1.889891
9.573829,2.547669,1.892642
9.576450,2.543697,1.896540
9.577081,2.546439,1.893937
9.571654,2.553759,1.891775
9.570048,2.548462,1.903828
9.570466,2.566272,1.893576
9.565766,2.564553,1.898627
9.574035,2.565311,1.898428
9.562899,2.561313,1.895128
9.561134,2.577634,1.905393
9.560900,2.573102,1.907584
9.567812,2.578402,1.895804
9.562008,2.574676,1.899183
9.567050,2.590841,1.898882
9.559158,2.591300,1.904326
9.562091,2.603466,1.912177
9.559408,2.596321,1.897580
9.555815,2.600488,1.917926
9.557901,2.607946,1.899407
9.559449,2.612094,1.902336
9.554519,2.616177,1.907224
9.559759,2.612942,1.904998
9.559334,2.616406,1.912920
9.557219,2.611823,1.913505
9.548277,2.616274,1.904056
9.562606,2.625761,1.900728
9.552805,2.628828,1.905250
9.551222,2.628843,1.922293
9.553744,2.637718,1.906653
9.546786,2.642489,1.907297
9.542425,2.638870,1.921895
9.548727,2.648887,1.909194
9.553414,2.657960,1.912673
9.542324,2.645480,1.916413
9.553692,2.658570,1.915892
9.552356,2.664819,1.910031
9.543560,2.665103,1.913544
9.542653,2.670423,1.907491
9.546092,2.662103,1.908087
9.551657,2.670415,1.918689
9.538195,2.682474,1.917466
9.548401,2.676030,1.921102
9.543200,2.685142,1.919497
9.538911,2.684119,1.909274
9.530684,2.689335,1.924029
9.531526,2.694950,1.916854
9.530172,2.693746,1.914664
9.535473,2.703909,1.922930
9.530525,2.708628,1.916507
9.535050,2.705736,1.913860
9.519238,2.719333,1.920879
9.526447,2.715966,1.917267
9.531292,2.717269,1.920545
9.529754,2.719005,1.922533
9.536067,2.724359,1.921411
9.523413,2.721340,1.923029
9.521713,2.728995,1.921633
9.536796,2.732338,1.925527
9.533311,2.745289,1.926317
9.517081,2.736511,1.918530
9.525054,2.743174,1.926715
9.527269,2.748837,1.924587
9.522634,2.741012,1.922571
9.513755,2.750797,1.928167
9.518662,2.746526,1.923714
9.519187,2.757731,1.926851
9.512109,2.762568,1.935298
9.511568,2.767774,1.924238
9.513690,2.775843,1.914293
9.510289,2.774387,1.930299
9.507873,2.776690,1.935744
9.507361,2.778534,1.917737
9.509496,2.786043,1.935387
9.507452,2.789885,1.933046
9.507142,2.782227,1.941903
9.502470,2.793711,1.926893
9.506243,2.791753,1.929851
9.500515,2.800222,1.930853
9.499308,2.801558,1.923929
9.503892,2.810435,1.936847
9.491566,2.803458,1.931975
9.491417,2.814699,1.940136
9.498399,2.823877,1.934941
9.493858,2.816588,1.937030
9.502275,2.821738,1.940213
9.495008,2.831239,1.937462
9.499117,2.827526,1.921776
9.485049,2.823913,1.935047
9.487291,2.831114,1.936986
9.501079,2.846042,1.930334
9.483387,2.837472,1.942916
9.494312,2.836516,1.941125
9.482746,2.850691,1.935820
9.491745,2.859445,1.940841
9.488694,2.853235,1.933742
9.483366,2.855393,1.942736
9.482001,2.862550,1.934759
9.497582,2.864128,1.942867
9.483199,2.869767,1.948394
9.475353,2.872469,1.937108
9.489710,2.876567,1.931693
9.480899,2.875154,1.938417
9.475705,2.877869,1.943135
9.473188,2.892576,1.940346
9.473271,2.894602,1.943697
9.481303,2.883842,1.943622
9.476698,2.897354,1.942823
9.478953,2.904419,1.935251
9.470373,2.898542,1.941648
9.464518,2.906135,1.941542
9.468603,2.910920,1.934884
9.475342,2.912881,1.945235
9.473823,2.912046,1.946318
9.463720,2.918895,1.949319
9.468237,2.926800,1.941737
9.465531,2.928001,1.950743
9.454424,2.925316,1.944770
9.462328,2.939216,1.947908
9.462953,2.931405,1.948145
9.454084,2.941858,1.951253
9.455665,2.942749,1.954843
9.455520,2.949324,1.946847
9.458607,2.956682,1.938146
9.454306,2.948050,1.956291
9.453514,2.950117,1.951051
9.459088,2.960123,1.947992
9.453418,2.961722,1.953103
9.465372,2.974269,1.948630
9.448840,2.968344,1.946447
9.450611,2.965996,1.956825
9.461569,2.977010,1.949969
9.450590,2.984019,1.947826
9.442562,2.976270,1.958216
9.443874,2.989455,1.955255
9.443423,2.986175,1.946704
9.448386,2.983221,1.946895
9.437272,2.995121,1.952082
9.440079,2.994407,1.949125
9.445365,3.007506,1.954756
9.435783,3.018435,1.947941
9.436837,3.005086,1.954417
9.440994,3.009107,1.950141
9.441453,3.009561,1.951801
9.436047,3.027941,1.953288
9.435730,3.020999,1.954134
9.424043,3.031184,1.954909
9.429289,3.030792,1.960938
9.431224,3.039159,1.958692
9.426936,3.028013,1.951243
9.430895,3.034591,1.957612
9.428535,3.043874,1.956144
9.425948,3.049099,1.964142
9.418143,3.051450,1.958817
9.431576,3.045975,1.956317
9.426605,3.052575,1.963985
9.432106,3.048588,1.959076
9.405615,3.074558,1.958782
9.429003,3.068693,1.960925
9.415956,3.068726,1.958099
9.419484,3.074286,1.961447
9.418006,3.075268,1.952122
9.408895,3.088054,1.962003
9.420592,3.081354,1.957566
9.407071,3.096442,1.963400
9.408978,3.092157,1.957375
9.400093,3.095339,1.946292
9.407910,3.104675,1.959760
9.395903,3.095177,1.952018
9.406658,3.107565,1.958185
9.406686,3.109697,1.957761
9.411760,3.105705,1.955393
9.409159,3.117777,1.959889
9.402731,3.121659,1.951389
9.407095,3.110971,1.954254
9.401465,3.126851,1.961544
9.395011,3.125446,1.975888
9.398146,3.131956,1.959214
9.394167,3.129263,1.955671
9.395095,3.140656,1.961172
9.397102,3.150258,1.969713
9.393848,3.147866,1.951563
9.390709,3.154014,1.958143
9.394687,3.147275,1.959259
9.389432,3.160563,1.969111
9.394016,3.162805,1.959019
9.393585,3.159376,1.970228
9.390643,3.158407,1.961258
9.387734,3.160846,1.972024
9.384316,3.167953,1.961205
9.391377,3.173832,1.970643
9.385878,3.181098,1.965192
9.368921,3.183114,1.953975
9.375307,3.188205,1.972898
9.379899,3.193814,1.963383
9.377595,3.188771,1.956529
9.384023,3.196141,1.967056
9.382674,3.199149,1.957396
9.368305,3.212858,1.958659
9.375202,3.200681,1.969835
9.378135,3.211099,1.960062
9.368643,3.215751,1.961804
9.361849,3.216397,1.961280
9.363899,3.220585,1.966518
9.361138,3.219341,1.962637
9.360245,3.225912,1.955775
9.368401,3.222995,1.958704
9.364623,3.231204,1.959313
9.361047,3.237808,1.959991
9.378008,3.242412,1.959737
9.363478,3.246041,1.969773
9.364477,3.243441,1.964592
9.358037,3.247120,1.969443
9.356468,3.255413,1.969423
9.357136,3.255437,1.964244
9.348354,3.264171,1.960328
9.346544,3.259955,1.957972
9.356863,3.271891,1.962847
9.350597,3.280654,1.969148
9.352416,3.274633,1.964923
9.350012,3.277104,1.963366
9.352027,3.276785,1.975854
9.341775,3.284042,1.964222
9.351538,3.288037,1.957799
9.342618,3.287020,1.954407
9.343068,3.292355,1.959757
9.347880,3.292493,1.965551
9.341613,3.298280,1.976361
9.350061,3.297712,1.960390
9.339051,3.310849,1.971830
9.336671,3.305490,1.964268
9.334414,3.311463,1.963342
9.339879,3.323124,1.967468
9.333475,3.320665,1.959845
9.328570,3.325373,1.975112
9.332190,3.329618,1.968592
9.326591,3.336914,1.962160
9.332936,3.340424,1.965556
9.330562,3.339126,1.964177
9.331788,3.333565,1.969517
9.316683,3.333979,1.968624
9.317312,3.337683,1.965042
9.322782,3.355564,1.968690
9.324372,3.362667,1.962928
9.313430,3.359803,1.965914
9.327733,3.365613,1.963421
9.323983,3.369451,1.961422
9.312680,3.365610,1.959987
9.317744,3.372599,1.962149
9.313413,3.388603,1.958725
9.316783,3.382191,1.963967
9.309924,3.382406,1.959058
9.316677,3.385901,1.956992
9.309359,3.386992,1.961451
9.310317,3.391788,1.963891
9.307856,3.400487,1.968555
8.094355,4.309957,0.780708
8.083840,4.329054,0.782178
8.068016,4.331773,0.788185
8.067678,4.358215,0.800998
8.046625,4.362067,0.800728
8.044794,4.376848,0.798026
8.024496,4.386480,0.800485
8.023564,4.405085,0.802471
8.014933,4.418914,0.812227
8.006050,4.426580,0.815954
7.999770,4.442082,0.819083
7.997051,4.442356,0.821303
7.997138,4.102117,0.831731
7.977807,3.897424,0.844556
7.973309,3.872651,0.842889
7.964887,3.822188,0.843744
7.956914,3.805840,0.853719
7.955288,3.781365,0.856048
7.952871,3.758130,0.866252
7.926960,3.752032,0.869071
7.934752,3.734389,0.885255
7.922792,3.716613,0.883862
7.920220,3.702946,0.893307
7.916611,3.698830,0.913059
7.915050,3.691389,0.902829
7.908940,3.692576,0.909412
7.899692,3.688418,0.928382
7.896281,3.680512,0.929808
8.220423,3.683373,0.945448
8.736291,3.683178,0.948983
8.751176,3.682601,0.954199
8.757296,3.685581,0.958901
8.769040,3.674314,0.959219
8.769457,3.681452,0.971309
8.783735,3.678949,0.968980
8.796150,3.682713,0.974273
8.798715,3.671111,0.997809
8.796111,3.673905,0.994420
8.801242,3.681543,0.985208
8.801011,3.671787,0.989631
8.807375,3.670092,0.992017
8.822206,3.677827,0.994789
8.811963,3.675950,0.993464
8.819754,3.676668,0.991595
8.823524,3.671713,0.988557
8.817099,3.660494,0.987008
8.819080,3.662804,1.009471
8.831532,3.667950,0.984932
8.830459,3.669278,0.996025
8.828389,3.667545,0.996784
8.838230,3.668593,1.001127
8.833206,3.663540,0.999311
8.823583,3.665571,0.994814
8.837399,3.670694,0.997274
8.841888,3.667525,1.000626
8.832392,3.661058,0.991816
8.834498,3.658844,1.002492
8.838290,3.663196,0.997290
8.851024,3.656891,0.999668
8.843305,3.660052,0.999556
8.849943,3.661842,0.991847
8.841195,3.652284,0.990265
8.851170,3.656572,0.986237
8.842630,3.659727,0.992269
8.848843,3.661723,0.993149
8.851372,3.651534,0.983575
8.851067,3.659073,0.989183
8.848053,3.653611,0.988726
8.852394,3.657292,0.984510
8.846948,3.650957,0.987288
8.854058,3.652950,0.982867
8.854916,3.650686,0.984300
8.859331,3.657468,0.978104
8.860931,3.656319,0.973974
8.850052,3.650918,0.977758
8.857743,3.650770,0.984367
8.855416,3.645706,0.978836
8.860956,3.654944,0.980259
8.847554,3.648307,0.975759
8.868788,3.636383,0.982480
8.857176,3.644742,0.982328
8.859805,3.650869,0.976895
8.866119,3.650860,0.977033
8.863385,3.645551,0.979353
8.854415,3.637231,0.970516
8.864719,3.636156,0.975578
8.852764,3.635393,0.975554
8.866774,3.645103,0.978355
8.859944,3.628892,0.966753
8.863779,3.641259,0.972832
8.869355,3.640509,0.967333
8.854720,3.634732,0.958740
8.864996,3.641663,0.971443
8.867191,3.633601,0.962764
8.862704,3.632151,0.970575
8.870893,3.635106,0.962972
8.868866,3.636343,0.972422
8.870491,3.632497,0.966551
8.861011,3.629637,0.965979
8.872675,3.633984,0.953340
8.866831,3.633432,0.955040
8.868572,3.639026,0.958157
8.875692,3.627252,0.960892
8.868720,3.632309,0.961769
8.874185,3.629076,0.953461
8.871052,3.630883,0.957293
8.872011,3.624119,0.963633
8.868540,3.621945,0.951636
8.877301,3.622942,0.953935
8.877680,3.622210,0.950069
8.867256,3.619013,0.957743
8.867104,3.619117,0.955398
8.881968,3.619458,0.955592
8.869268,3.618945,0.944279
8.879568,3.613175,0.958200
8.870520,3.625502,0.948648
8.875152,3.615407,0.954244
8.878708,3.621027,0.952463
8.877744,3.617004,0.951868
8.881986,3.619665,0.939669
8.873769,3.616726,0.952404
8.882979,3.619288,0.942360
8.883671,3.607320,0.939920
8.884166,3.617823,0.938911
8.877462,3.617969,0.939258
8.879220,3.612964,0.938675
8.881142,3.609190,0.945249
8.888118,3.603220,0.939568
8.883814,3.615389,0.943353
8.882814,3.598890,0.946319
8.894996,3.611587,0.937044
8.876374,3.602339,0.939460
8.882076,3.598387,0.939001
8.887189,3.613836,0.932639
8.885303,3.607419,0.934125
8.893499,3.597365,0.938508
8.896939,3.611318,0.936689
8.885536,3.601580,0.933424
8.885343,3.604412,0.931296
8.882489,3.602141,0.936944
8.894422,3.595012,0.934726
8.890726,3.610277,0.937100
8.882830,3.602849,0.924665
8.890127,3.604559,0.926387
8.896787,3.589224,0.933092
8.900171,3.604641,0.927073
8.901215,3.595879,0.927529
8.886995,3.599378,0.919057
8.891077,3.595864,0.928797
8.887740,3.596383,0.920714
8.889713,3.593618,0.927255
8.891407,3.596273,0.926680
8.892588,3.587134,0.920081
8.891148,3.593771,0.923986
8.898684,3.588293,0.923210
8.901240,3.603510,0.923598
8.896087,3.591172,0.920211
8.891610,3.592100,0.919729
8.890754,3.602221,0.926864
8.898279,3.586684,0.925536
8.891227,3.589028,0.923555
8.890707,3.577573,0.925610
8.898588,3.590387,0.931038
8.897016,3.581128,0.910359
8.900265,3.579983,0.917088
8.905469,3.580303,0.923201
8.897839,3.594534,0.914058
8.899562,3.588234,0.904611
8.899045,3.584242,0.908169
8.889030,3.579853,0.913758
8.904927,3.588337,0.913975
8.902810,3.583333,0.915852
8.894975,3.580950,0.916602
8.900657,3.579196,0.904453
8.904341,3.576421,0.905749
8.900838,3.578171,0.914987
8.905187,3.585861,0.906926
8.907564,3.569322,0.913035
8.906923,3.582313,0.907260
8.894101,3.569002,0.902087
8.906010,3.572969,0.891510
8.898465,3.574664,0.911033
8.907314,3.578746,0.899795
8.910743,3.572447,0.906773
8.904163,3.578898,0.907967
8.902241,3.573505,0.904921
8.903983,3.575999,0.903257
8.900353,3.575500,0.906653
8.904036,3.575005,0.900759
8.914382,3.568446,0.903550
8.901103,3.569549,0.897842
8.910859,3.574369,0.900594
8.909032,3.575109,0.901335
8.909624,3.565587,0.907616
8.899059,3.566138,0.894015
8.906278,3.568682,0.890291
8.910472,3.570924,0.902308
8.908288,3.559289,0.900367
8.904407,3.565357,0.908212
8.909183,3.565526,0.893481
8.902671,3.565695,0.899812
8.912821,3.562419,0.895847
8.912204,3.567017,0.895318
8.913879,3.563587,0.896513
8.918456,3.572400,0.892639
8.912595,3.558650,0.897257
8.912896,3.562760,0.899348
8.905793,3.563680,0.894939
8.909437,3.548213,0.896232
8.912471,3.562711,0.894466
8.910476,3.557312,0.901748
8.918535,3.560862,0.884627
8.915833,3.553813,0.891520
8.910890,3.554982,0.897932
8.917750,3.560960,0.891867
8.912552,3.561062,0.895118
8.919310,3.556009,0.905544
8.915549,3.560212,0.900848
8.917506,3.557212,0.891468
8.916201,3.564523,0.890670
8.921342,3.553177,0.883529
8.918526,3.552735,0.875850
8.920135,3.565269,0.885363
8.924410,3.551500,0.889692
8.925220,3.545591,0.882051
8.920180,3.544551,0.890622
8.917560,3.545502,0.885951
8.923459,3.557923,0.891267
8.919488,3.551698,0.887317
8.917721,3.548393,0.885207
8.915070,3.549706,0.880608
8.919147,3.554867,0.880956
8.916945,3.541588,0.884172
8.923493,3.549887,0.885192
8.912630,3.552680,0.875361
8.919032,3.552897,0.878742
8.924589,3.554741,0.890583
8.915114,3.552049,0.880650
8.928147,3.544157,0.876163
8.924673,3.547060,0.877429
8.916687,3.527448,1.322066
8.928599,3.547373,1.877161
8.917209,3.541340,1.875892
8.926186,3.524985,1.884925
8.931976,3.550402,1.880249
8.936354,3.539784,1.864385
8.918128,3.541938,1.883427
8.926216,3.533236,1.869182
8.923102,3.538507,1.876385
8.917470,3.537854,1.873911
8.925735,3.549553,1.867954
8.931097,3.539046,1.872642
8.924895,3.538448,1.870775
8.933717,3.539345,1.876338
8.930672,3.538763,1.878220
8.924604,3.546943,1.877683
8.928505,3.530300,1.872840
8.925661,3.531221,1.881392
8.929282,3.550977,1.864204
8.926888,3.532256,1.872970
8.922346,3.538462,1.876843
8.922295,3.537092,1.867679
8.928752,3.535163,1.872377
8.924436,3.533584,1.867383
8.932354,3.539280,1.872269
8.941218,3.539924,1.867388
8.926547,3.528908,1.878883
8.929171,3.526901,1.882318
8.926257,3.530083,1.872048
8.928597,3.528059,1.862573
8.928582,3.532908,1.868160
8.924866,3.529554,1.871424
8.934183,3.523050,1.874035
8.939137,3.523684,1.867639
8.937120,3.531859,1.868079
8.931154,3.524549,1.869948
8.920955,3.522972,1.872736
8.928988,3.529725,1.861634
8.924117,3.522553,1.858369
8.940606,3.534661,1.867290
8.941594,3.532740,1.872382
8.928415,3.527874,1.876209
8.937286,3.524018,1.858827
8.929195,3.522419,1.856420
8.929896,3.529370,1.862431
8.928485,3.531067,1.866702
8.927253,3.520847,1.862482
8.933835,3.521179,1.870605
8.937096,3.514238,1.860572
8.929812,3.519511,1.866997
8.935711,3.521609,1.857414
8.947187,3.531453,1.862678
8.927978,3.521743,1.860374
8.931135,3.515408,1.878240
8.928412,3.525876,1.857906
8.929650,3.515420,1.860387
8.933442,3.511732,1.864376
8.933036,3.522883,1.853155
8.935232,3.520859,1.861699
8.935666,3.515608,1.857898
8.933520,3.528665,1.870119
8.935164,3.515183,1.864886
8.935179,3.520009,1.856344
8.937413,3.521984,1.855291
8.932841,3.513012,1.858176
8.939958,3.509648,1.850112
8.932929,3.514330,1.865605
8.941125,3.511868,1.857267
8.936498,3.515204,1.859304
8.947043,3.512159,1.861664
8.949587,3.507195,1.852440
8.949974,3.513925,1.861964
8.942140,3.514625,1.862153
8.939970,3.517382,1.862772
8.932645,3.509562,1.850418
8.947807,3.510236,1.850119
8.938938,3.515861,1.862837
8.935535,3.509696,1.857558
8.941080,3.517302,1.866694
8.935470,3.510033,1.855326
8.946829,3.498864,1.853815
8.938891,3.509390,1.851852
8.947526,3.501099,1.859234
8.947300,3.505249,1.849282
8.938610,3.513229,1.856170
8.937609,3.514649,1.854291
8.951836,3.512812,1.849998
8.937077,3.507918,1.862713
8.937966,3.505054,1.852923
8.946938,3.509279,1.851542
8.951656,3.512255,1.853293
8.947253,3.505849,1.854322
8.941978,3.500523,1.857291
8.942981,3.497428,1.850118
8.931508,3.501140,1.855395
8.943166,3.495504,1.857831
8.930426,3.492932,1.857412
8.951980,3.502456,1.848557
8.947123,3.501091,1.845302
8.942955,3.510002,1.855850
8.945957,3.503462,1.856874
8.944144,3.500000,1.856255
8.941207,3.504468,1.850346
8.944785,3.490234,1.847762
8.944373,3.498665,1.852517
8.947018,3.506187,1.852883
8.945928,3.495819,1.844511
8.947868,3.496769,1.849134
8.938444,3.497426,1.842944
8.950691,3.497575,1.850586
8.943127,3.493689,1.854329
8.962066,3.500604,1.844362
8.945932,3.500324,1.850277
8.953388,3.496765,1.845225
8.945426,3.490660,1.844155
8.944975,3.501858,1.853060
8.943473,3.499675,1.849599
8.955333,3.496384,1.842444
8.955132,3.497307,1.849778
8.946383,3.494654,1.839674
8.946651,3.491585,1.848120
8.948946,3.495612,1.847878
8.948734,3.493858,1.851824
8.946953,3.493921,1.849968
8.953518,3.492142,1.850914
8.951384,3.494180,1.848388
8.951084,3.503831,1.845735
8.955316,3.498053,1.845833
8.952175,3.495153,1.841348
8.947324,3.492901,1.845628
8.947480,3.492966,1.848745
8.948688,3.485952,1.848044
8.951848,3.492831,1.836407
8.947550,3.485216,1.836971
8.953619,3.487485,1.843864
8.954873,3.492853,1.841784
8.945516,3.493218,1.842478
8.948913,3.489705,1.836538
8.946226,3.486658,1.845970
8.942730,3.490787,1.849841
8.946153,3.493223,1.840188
8.942117,3.491813,1.838797
8.951225,3.495161,1.843889
8.940000,3.487101,1.841279
8.952573,3.486055,1.850206
8.950359,3.493856,1.836319
8.946872,3.494932,1.841389
8.948090,3.487089,1.829028
8.962157,3.489598,1.847915
8.955404,3.481579,1.833379
8.950420,3.487881,1.829247
8.946629,3.485638,1.843798
8.960367,3.484051,1.838835
8.953950,3.482861,1.835892
8.957606,3.478396,1.836260
8.953369,3.475297,1.843940
8.956512,3.486368,1.830295
8.955005,3.480449,1.839197
8.961071,3.480488,1.843979
8.954420,3.477505,1.840443
8.947769,3.479770,1.840171
8.956085,3.477712,1.833801
8.961844,3.484717,1.847002
8.963699,3.481996,1.844241
8.947969,3.485515,1.834775
8.951160,3.484524,1.850776
8.958413,3.482083,1.840799
8.953889,3.477001,1.841596
8.947795,3.483409,1.841065
8.943748,3.479084,1.837051
8.945717,3.485956,1.830625
8.952115,3.487863,1.841603
8.959323,3.463714,1.832712
8.966806,3.484238,1.833143
8.965433,3.479780,1.833371
8.960953,3.480161,1.838197
8.962225,3.481579,1.840280
8.953567,3.482457,1.835792
8.953557,3.471655,1.839845
8.958246,3.483119,1.832953
8.952729,3.473908,1.836861
8.962736,3.483572,1.838127
8.957116,3.480063,1.837358
8.957224,3.485641,1.841327
8.957450,3.483509,1.842339
8.957969,3.477445,1.840614
8.954800,3.484754,1.841914
8.963183,3.477085,1.835269
8.953792,3.477883,1.825053
8.956250,3.476697,1.825264
8.961856,3.478283,1.833753
8.963527,3.471294,1.842380
8.953958,3.475089,1.833649
8.957457,3.468147,1.830977
8.961383,3.478662,1.834296
8.955519,3.465087,1.832071
8.950660,3.468180,1.833638
8.955538,3.471100,1.830858
8.959273,3.472100,1.835668
8.961857,3.478967,1.828251
8.966402,3.479285,1.831552
8.960822,3.467009,1.837588
8.965598,3.480808,1.813518
8.962839,3.466748,1.836065
8.959125,3.474128,1.828713
8.955639,3.480800,1.835404
8.953122,3.471804,1.828787
8.963847,3.473838,1.839794
8.962224,3.479744,1.818629
8.950277,3.461912,1.836083
8.963787,3.469704,1.840511
8.961171,3.465537,1.828245
8.965525,3.464972,1.835570
8.957320,3.469304,1.834512
8.964206,3.466426,1.831719
8.959798,3.466422,1.826790
8.968230,3.474125,1.831366
8.963737,3.467089,1.836375
8.965779,3.468896,1.830825
8.956502,3.468796,1.830644
8.956128,3.458981,1.832781
8.952596,3.475775,1.834583
8.952187,3.472569,1.838694
8.960452,3.476522,1.835997
8.958117,3.470100,1.830670
8.961918,3.472819,1.838878
8.961642,3.469405,1.831903
8.963685,3.466129,1.831007
8.947064,3.468038,1.822867
8.954055,3.467162,1.836866
8.960896,3.470673,1.821925
8.965086,3.471030,1.835980
8.959497,3.471411,1.839717
8.962746,3.466249,1.824059
8.956973,3.464667,1.819689
8.972105,3.470979,1.830473
8.957009,3.465712,1.834525
8.963030,3.463545,1.826330
8.955065,3.463087,1.833035
8.966408,3.463546,1.826400
8.965717,3.460841,1.829461
8.962399,3.480256,1.829463
8.959063,3.469052,1.821272
8.962526,3.473171,1.828750
8.954554,3.465153,1.824430
8.963330,3.464114,1.820588
8.975611,3.465973,1.815758
8.961616,3.472541,1.830174
8.963034,3.463829,1.834010
8.961557,3.464001,1.821555
8.964310,3.464323,1.827822
8.964967,3.470567,1.825530
8.964280,3.467628,1.826141
8.960231,3.472894,1.824329
8.965946,3.471679,1.827529
8.956474,3.470407,1.836553
8.967723,3.458960,1.832005
8.964950,3.464917,1.826949
8.965711,3.469780,1.831129
8.960470,3.463684,1.820717
8.964948,3.469326,1.829087
8.956747,3.464165,1.830722
8.962130,3.449401,1.832620
8.962006,3.457402,1.816585
8.962689,3.466896,1.830137
8.961090,3.471539,1.830157
8.966753,3.465438,1.819424
8.952868,3.460889,1.818056
8.960350,3.464989,1.832542
8.959227,3.464694,1.832936
8.962672,3.462083,1.828594
8.966497,3.457963,1.829575
8.965931,3.457476,1.820601
8.951938,3.461870,1.826925
8.968876,3.452951,1.827483
8.963597,3.463042,1.829319
8.965660,3.462805,1.821480
8.955737,3.469336,1.826127
8.954431,3.464940,1.834736
8.970003,3.460969,1.822917
8.969829,3.470326,1.826189
8.965425,3.457265,1.824544
8.966911,3.463596,1.828481
8.964926,3.461790,1.831262
8.958953,3.462548,1.820947
8.967532,3.459729,1.818476
8.969845,3.457699,1.819958
8.959261,3.456992,1.824789
8.965055,3.459351,1.835332
8.962816,3.456546,1.829132
8.959555,3.467388,1.817378
8.964154,3.460291,1.823996
8.973039,3.456097,1.824464
8.963631,3.455940,1.819425
8.965319,3.458862,1.816578
8.956309,3.457090,1.819578
8.957307,3.470037,1.825729
8.975446,3.460371,1.821124
8.953364,3.444197,1.825414
8.966678,3.461512,1.817921
8.965601,3.458380,1.816903
8.962620,3.458087,1.822486
8.967735,3.459597,1.819556
8.961523,3.456586,1.825498
8.961920,3.467198,1.819550
8.964624,3.455257,1.819807
8.970726,3.440803,1.823536
8.965645,3.461508,1.823543
8.961520,3.462199,1.823876
8.968695,3.461901,1.819908
8.973354,3.459561,1.823503
8.965083,3.464724,1.819056
8.974565,3.461746,1.816902
8.967100,3.451800,1.826789
8.965958,3.457679,1.817806
8.970686,3.449387,1.819412
8.965921,3.457368,1.826992
8.964036,3.461558,1.809642
8.963495,3.449732,1.816015
8.961767,3.464845,1.812753
8.973993,3.455635,1.833917
8.958037,3.460249,1.825071
8.974868,3.456181,1.829569
8.968254,3.457080,1.821937
8.973116,3.450709,1.822665
8.965815,3.451074,1.820183
8.962188,3.450565,1.822056
8.964685,3.454561,1.820312
8.958426,3.451975,1.821338
8.969980,3.459117,1.822165
8.967308,3.449387,1.823430
8.970212,3.456396,1.818767
8.964535,3.461708,1.824654
8.966771,3.442569,1.815650
8.960228,3.454731,1.817175
8.963522,3.452532,1.820081
8.972638,3.458546,1.815826
8.967032,3.453873,1.822312
8.967608,3.457827,1.822807
8.961830,3.464774,1.822713
8.964119,3.456113,1.819240
8.966361,3.464604,1.824352
8.964085,3.457939,1.824372
8.969634,3.462973,1.816652
8.975374,3.443418,1.822593
8.975198,3.464307,1.817247
8.965326,3.455532,1.816415
8.972571,3.459752,1.815123
8.965536,3.455676,1.818570
8.967596,3.452933,1.815931
8.958870,3.464452,1.814832
8.967557,3.456935,1.812384
8.970573,3.451552,1.821845
8.967820,3.448464,1.820759
8.961698,3.454275,1.815927
8.964354,3.454608,1.813079
8.965080,3.443981,1.814799
8.970656,3.452048,1.820954
8.961005,3.451504,1.812966
8.970738,3.453645,1.814700
8.982486,3.442904,1.814223
8.975704,3.451836,1.820276
8.972718,3.452281,1.816838
8.968917,3.450889,1.820310
8.972855,3.454716,1.814910
8.966600,3.454534,1.822213
8.973872,3.453455,1.811165
8.969496,3.451157,1.823437
8.973770,3.438534,1.823700
8.967509,3.445398,1.807386
8.976754,3.452514,1.815772
8.967626,3.451678,1.824707
8.975810,3.461882,1.811230
8.965700,3.454472,1.823902
8.965894,3.457458,1.820148
8.968671,3.444125,1.818132
8.969093,3.455797,1.815984
8.961599,3.459000,1.810661
8.969409,3.445723,1.818629
8.973141,3.448380,1.821218
8.966961,3.449239,1.818693
8.967187,3.448916,1.816296
8.978602,3.448678,1.809573
8.968081,3.455043,1.808499
8.969817,3.449511,1.823157
8.969152,3.453013,1.812334
8.968893,3.449579,1.808197
8.969237,3.454749,1.811691
8.974187,3.452281,1.815277
8.975900,3.450610,1.809793
8.966804,3.451790,1.824488
8.972251,3.463288,1.821359
8.970575,3.449411,1.813017
8.971439,3.458612,1.824293
8.973302,3.449890,1.810964
8.962885,3.447609,1.822350
8.977336,3.450631,1.818245
8.977595,3.454563,1.815334
8.966772,3.453676,1.812418
8.971447,3.446537,1.821298
8.975314,3.448682,1.812073
8.966017,3.446298,1.820422
8.959015,3.445955,1.810066
8.975067,3.451521,1.820762
8.973606,3.449395,1.820160
8.972732,3.455807,1.817110
8.966816,3.452396,1.817326
8.967434,3.445483,1.818389
8.966566,3.441210,1.813806
8.961476,3.451380,1.814869
8.962295,3.447957,1.809482
8.967174,3.452794,1.818562
8.965369,3.444779,1.812345
8.978167,3.450545,1.818231
8.966328,3.458926,1.813509
8.967055,3.451463,1.801518
8.971332,3.449907,1.812786
8.972381,3.451413,1.816455
8.971881,3.443169,1.816818
8.973454,3.449223,1.808300
8.974872,3.451603,1.818579
8.974010,3.456812,1.814751
8.974610,3.447057,1.813653
8.963296,3.451487,1.817107
8.969262,3.448889,1.818497
8.966903,3.444716,1.809395
8.972801,3.461370,1.823683
8.967356,3.446768,1.812331
8.967004,3.449987,1.804243
8.973524,3.447801,1.814439
8.971575,3.445748,1.826375
8.973283,3.441882,1.823106
8.973390,3.448307,1.810771
8.970371,3.445485,1.815980
8.971229,3.445142,1.823693
8.969449,3.437873,1.826189
8.967454,3.443460,1.810089
8.972583,3.452187,1.821078
8.965215,3.449772,1.814076
8.967566,3.439166,1.814915
8.972728,3.444564,1.811602
8.968985,3.438596,1.814979
8.974544,3.446623,1.815059
8.976890,3.449027,1.817558
8.974581,3.447582,1.816826
8.976606,3.442944,1.820690
8.968294,3.449736,1.811705
8.969903,3.449437,1.815648
8.970878,3.441063,1.807569
8.972994,3.450231,1.820368
8.975652,3.449009,1.819216
8.973958,3.456664,1.816379
8.972702,3.435891,1.809293
8.969341,3.444736,1.815665
8.974729,3.456225,1.821174
8.971613,3.445573,1.809544
8.971387,3.441802,1.813018
8.971078,3.444043,1.824668
8.974637,3.444155,1.812808
8.970948,3.441926,1.807217
8.978160,3.440254,1.811442
8.977128,3.446638,1.804293
8.963758,3.444311,1.810732
8.973575,3.447694,1.820507
8.976352,3.444163,1.814411
8.973585,3.452959,1.816322
8.967941,3.447119,1.811585
8.965698,3.451550,1.815414
8.968342,3.449738,1.809601
8.973347,3.441379,1.817093
8.966983,3.447755,1.806101
8.977441,3.446129,1.803797
8.969426,3.445097,1.814938
8.972188,3.453260,1.816471
8.977750,3.446870,1.814639
8.970294,3.456848,1.810917
8.960825,3.441464,1.809692
8.976296,3.437550,1.807853
8.969182,3.445212,1.821434
8.970714,3.449908,1.816609
8.964805,3.439071,1.808750
8.970094,3.444034,1.815544
8.976045,3.445226,1.810541
8.968416,3.448955,1.810243
8.969668,3.444997,1.810071
8.971500,3.442381,1.811678
8.975661,3.450870,1.814329
8.970436,3.441189,1.814427
8.967081,3.447890,1.813621
8.968912,3.442669,1.806924
8.981986,3.448647,1.800953
8.975564,3.450676,1.803878
8.973861,3.446099,1.815943
8.966894,3.440853,1.809950
8.972778,3.446244,1.817235
8.978707,3.440250,1.809945
8.970783,3.443994,1.814792
8.971772,3.445343,1.817387
8.956040,3.448504,1.809094
8.970282,3.447045,1.811676
8.974505,3.450612,1.808413
8.975432,3.449254,1.811670
8.979521,3.449741,1.813643
8.967733,3.446165,1.795436
8.969873,3.441165,1.816037
8.975980,3.438792,1.812325
8.976808,3.460122,1.811003
8.979997,3.440518,1.807686
8.978908,3.437670,1.812158
8.970531,3.450161,1.805076
8.972695,3.448079,1.811794
8.961670,3.441500,1.808429
8.972540,3.445259,1.815463
8.972363,3.440488,1.807477
8.980112,3.445409,1.804087
8.971695,3.449457,1.814994
8.969757,3.436120,1.809453
8.968322,3.444842,1.805788
8.976010,3.450243,1.817393
8.977484,3.439249,1.821275
8.974149,3.447923,1.811192
8.976258,3.445363,1.811749
8.967841,3.447364,1.817077
8.972546,3.440201,1.813720
8.970878,3.450453,1.805341
8.980876,3.447556,1.810966
8.971202,3.447665,1.811169
8.977255,3.437116,1.808080
8.969693,3.449851,1.821633
8.964990,3.445080,1.819746
8.974318,3.447306,1.815788
8.971778,3.433431,1.819318
8.976186,3.444278,1.807099
8.974792,3.431911,1.813782
8.968158,3.437016,1.817586
8.986267,3.449586,1.810593
8.975857,3.444932,1.810858
8.972114,3.433061,1.809580
8.978096,3.448546,1.820459
8.972961,3.430191,1.810009
8.967461,3.432795,1.812115
8.967560,3.443492,1.808590
8.976067,3.438245,1.816959
8.982818,3.449419,1.812959
8.983844,3.439164,1.814192
8.972929,3.438585,1.801205
8.980650,3.440867,1.806115
8.976144,3.436468,1.813842
8.966241,3.442827,1.822455
8.974447,3.439152,1.815673
8.967877,3.447859,1.814182
8.965950,3.443468,1.804682
8.970542,3.450287,1.808332
8.970194,3.444485,1.815549
8.971692,3.444942,1.808972
8.963983,3.440431,1.813296
8.971290,3.446800,1.801696
8.964034,3.439458,1.812463
8.973987,3.446346,1.815326
8.966443,3.442343,1.818318
8.969727,3.445159,1.811289
8.973362,3.447045,1.805563
8.978565,3.449445,1.815400
8.967664,3.437610,1.811823
8.971163,3.443333,1.806526
8.969962,3.447282,1.802596
8.965750,3.443479,1.810396
8.978238,3.441066,1.808163
8.976896,3.435081,1.802229
8.977625,3.434702,1.812367
8.968825,3.439393,1.804341
8.975570,3.449900,1.807005
8.976525,3.443685,1.814562
8.973091,3.435599,1.813836
8.980789,3.443801,1.805980
8.975813,3.432269,1.811962
8.973865,3.440635,1.808849
8.973702,3.435633,1.816565
8.977900,3.439726,1.806543
8.975598,3.440636,1.816137
8.968736,3.443503,1.815131
8.978436,3.434865,1.807977
8.977347,3.440608,1.809424
8.966355,3.443026,1.812322
8.974258,3.439784,1.810821
8.969620,3.441039,1.816060
8.979982,3.434487,1.801068
8.973037,3.441839,1.805522
8.979552,3.443352,1.804610
8.970258,3.445220,1.806855
8.977421,3.447845,1.813111
8.972137,3.442968,1.808653
8.986672,3.439397,1.802407
8.971870,3.450156,1.811119
8.973330,3.438684,1.813101
8.972968,3.451319,1.813975
8.979980,3.437651,1.817380
8.978245,3.435014,1.809083
8.976519,3.441537,1.803425
8.968786,3.433196,1.807726
8.972145,3.439377,1.809914
8.980437,3.440365,1.807190
8.973208,3.433340,1.813637
8.973438,3.444871,1.810590
8.975007,3.446468,1.814931
8.972981,3.438934,1.810778
8.980022,3.437443,1.811143
8.969261,3.437585,1.800698
8.984945,3.440982,1.811782
8.974424,3.437075,1.808113
8.971908,3.437557,1.813578
8.971398,3.445584,1.799921
8.972812,3.438199,1.800598
8.976826,3.437698,1.829938
8.975883,3.438015,1.810738
8.977941,3.443697,1.804285
8.968288,3.435685,1.800453
8.974158,3.437462,1.810341
8.969544,3.442640,1.805287
8.969665,3.442814,1.814564
8.972681,3.434692,1.805334
8.973342,3.446088,1.815960
8.971744,3.445604,1.811042
8.971484,3.430868,1.801287
8.976275,3.441066,1.810962
8.973390,3.445696,1.808938
8.976524,3.440448,1.809260
8.979572,3.435541,1.801728
8.976506,3.441316,1.812712
8.967636,3.436913,1.805243
8.964747,3.434062,1.808734
8.960533,3.448998,1.815765
8.979755,3.438732,1.805102
8.982476,3.442541,1.811511
8.983436,3.447231,1.803405
8.972165,3.437825,1.813055
8.968804,3.439978,1.803467
8.973725,3.455574,1.808096
8.968431,3.439824,1.812129
8.979997,3.443590,1.803289
8.976631,3.441245,1.805295
8.978114,3.432867,1.814736
8.966643,3.433436,1.810092
8.976278,3.443568,1.812803
8.976862,3.438219,1.815088
8.975157,3.445614,1.817058
8.968832,3.446865,1.809556
8.987441,3.440754,1.806296
8.973760,3.443512,1.808211
8.976193,3.436140,1.806818
8.977052,3.439300,1.808638
8.976499,3.434002,1.820377
8.976556,3.445040,1.810356
8.975538,3.444909,1.809445
8.969366,3.440452,1.802236
8.971284,3.451312,1.803518
8.976741,3.445802,1.808170
8.972286,3.444352,1.810749
8.982738,3.434605,1.808162
8.978232,3.444139,1.813049
8.973617,3.439719,1.813664
8.982839,3.448201,1.813631
8.967849,3.440212,1.812608
8.982148,3.447284,1.808459
8.973324,3.437394,1.802140
8.970094,3.441104,1.803810
8.964826,3.441364,1.806282
8.978288,3.439957,1.815217
8.974324,3.438686,1.804589
8.974866,3.438499,1.811434
8.980778,3.449819,1.802760
8.978492,3.437736,1.812953
8.973559,3.436420,1.808212
8.986738,3.440897,1.808548
8.975222,3.439772,1.798036
8.968844,3.444507,1.808413
8.980210,3.443971,1.807065
8.968213,3.430488,1.808086
8.972972,3.447447,1.808806
8.971986,3.444636,1.818993
8.957505,3.441270,1.809155
8.980413,3.437331,1.809679
8.972810,3.433837,1.812662
8.981155,3.446735,1.805740
8.972090,3.441023,1.804804
8.974992,3.432892,1.810769
8.971112,3.443639,1.816521
8.962740,3.435695,1.811952
8.968829,3.436922,1.811816
8.984914,3.438230,1.815858
8.981682,3.438911,1.805140
8.981472,3.437398,1.810097
8.968195,3.439959,1.806667
8.978001,3.434518,1.806722
8.970622,3.441564,1.813330
8.982789,3.437336,1.804562
8.978770,3.435913,1.812697
8.969611,3.434435,1.803435
8.981258,3.430765,1.815007
8.974952,3.445607,1.807990
8.977596,3.442853,1.812542
8.976058,3.432862,1.809595
8.982087,3.437900,1.812931
8.975993,3.445954,1.800005
8.973327,3.433407,1.818898
8.980320,3.439192,1.811391
8.976047,3.439875,1.813077
8.984034,3.446247,1.815802
8.981806,3.438129,1.809281
8.982269,3.439959,1.807462
8.971582,3.436768,1.809130
8.960618,3.440064,1.804241
8.980644,3.433696,1.801170
8.977930,3.436879,1.816113
8.972210,3.436791,1.809967
8.982545,3.434359,1.811229
8.967184,3.440799,1.805031
8.972338,3.430265,1.810569
8.967288,3.432567,1.808693
8.978934,3.440655,1.811904
8.966504,3.431292,1.812168
8.979926,3.443656,1.807729
8.971727,3.434958,1.801557
8.981973,3.433687,1.800579
8.978200,3.442894,1.809616
8.977155,3.437630,1.813855
8.973276,3.445917,1.813590
8.981271,3.439536,1.811184
8.978733,3.438443,1.810553
8.978503,3.444855,1.808810
8.981313,3.439849,1.802135
8.971255,3.433922,1.803321
8.976620,3.438806,1.805455
8.987398,3.443779,1.808223
8.977871,3.438057,1.811674
8.977816,3.445407,1.808849
8.978364,3.443471,1.808157
8.981780,3.444973,1.808284
8.969275,3.441513,1.814367
8.974672,3.446758,1.808991
8.977104,3.428832,1.807671
8.977877,3.430253,1.813210
8.975620,3.447253,1.813066
8.981925,3.435204,1.810913
8.981693,3.430505,1.798844
8.984396,3.436919,1.816901
8.968507,3.444208,1.814841
8.970042,3.428154,1.813203
8.969656,3.434428,1.800087
8.972472,3.439442,1.809964
8.983213,3.444320,1.810792
8.982000,3.436367,1.808530
8.978336,3.446804,1.808684
8.986565,3.446821,1.818306
8.971214,3.433640,1.813094
8.975213,3.436559,1.803392
8.970261,3.442091,1.812409
8.982296,3.431431,1.806635
8.970034,3.437163,1.806706
8.975722,3.441150,1.803230
8.968136,3.440518,1.809437
8.963654,3.436129,1.807963
8.986884,3.442389,1.805885
8.976064,3.440710,1.812622
8.960345,3.438151,1.808000
8.981859,3.431951,1.807573
8.980187,3.438616,1.803377
8.975333,3.435767,1.811423
8.978971,3.435666,1.804771
8.976948,3.439548,1.806162
8.968590,3.442168,1.808353
8.972024,3.439101,1.807382
8.972870,3.440939,1.807410
8.975481,3.437729,1.809677
8.978629,3.430026,1.804304
8.973612,3.433182,1.796583
8.973472,3.437856,1.816610
8.971849,3.439991,1.805527
8.968480,3.432563,1.812042
8.978718,3.440486,1.808597
8.967938,3.439513,1.817293
8.975361,3.436713,1.812901
8.971922,3.438669,1.805731
8.976924,3.447333,1.812762
8.979807,3.437581,1.804897
8.970079,3.434976,1.809274
8.984606,3.442545,1.809927
8.980552,3.435944,1.814674
8.972334,3.450127,1.810659
8.976138,3.436917,1.810819
8.972310,3.439610,1.800969
8.974004,3.437664,1.815583
8.971340,3.432160,1.807156
8.975085,3.441878,1.804858
8.977883,3.437209,1.801066
8.975331,3.437407,1.815258
8.964919,3.431413,1.811236
8.976528,3.430544,1.809374
8.976012,3.434682,1.805743
8.983061,3.438273,1.812207
8.978744,3.426017,1.809255
8.971795,3.441254,1.812302
8.986533,3.442870,1.810004
8.978371,3.436027,1.809564
8.977205,3.430454,1.805000
8.977622,3.439120,1.809877
8.975362,3.432752,1.808699
8.977581,3.440001,1.814420
8.971294,3.429151,1.814183
8.978265,3.444151,1.821256
8.979506,3.438328,1.813710
8.981405,3.441640,1.807802
8.974989,3.437504,1.810497
8.975655,3.435929,1.809823
8.982741,3.432555,1.803495
8.965776,3.433747,1.812382
8.968274,3.433889,1.808048
8.973276,3.436975,1.806607
8.968615,3.438410,1.810550
8.981637,3.436737,1.804958
8.982492,3.433955,1.808011
8.969568,3.449104,1.817580
8.985232,3.445654,1.805411
8.968679,3.441734,1.811547
8.979391,3.440371,1.810881
8.971794,3.440169,1.804930
8.986455,3.433531,1.810525
8.979916,3.431238,1.809566
8.978791,3.443782,1.803797
8.985432,3.436086,1.808532
8.980903,3.439814,1.804275
8.981344,3.446371,1.809817
8.972991,3.448366,1.799681
8.977722,3.443601,1.809073
8.984415,3.445071,1.805828
8.972890,3.434809,1.810429
8.983375,3.441930,1.814882
8.968901,3.439373,1.811159
8.976483,3.444253,1.813249
8.985834,3.437304,1.811808
8.980552,3.435019,1.815362
8.974165,3.442664,1.807690
8.977887,3.435767,1.801309
8.971878,3.437948,1.806372
8.971302,3.436300,1.802413
8.982689,3.435794,1.806114
8.972424,3.431261,1.806806
8.976772,3.437482,1.809842
8.970312,3.435213,1.806057
8.978408,3.443170,1.808914
8.968479,3.441909,1.809292
8.976170,3.441836,1.802590
8.985827,3.440461,1.801272
8.974047,3.437044,1.815140
8.975151,3.439947,1.805161
8.974327,3.432333,1.808047
8.978340,3.433682,1.796418
8.987719,3.428944,1.805209
8.976576,3.435901,1.801208
8.973505,3.435089,1.810107
8.978023,3.439986,1.805227
8.979494,3.433262,1.810284
8.982119,3.435250,1.804262
8.984468,3.432333,1.816142
8.979480,3.439243,1.811079
8.984152,3.435800,1.798522
8.979944,3.435275,1.804546
8.974759,3.438324,1.807469
8.965955,3.443760,1.810972
8.978601,3.439303,1.804531
8.975916,3.438108,1.803347
8.985811,3.429435,1.805813
8.973438,3.434187,1.807698
8.969801,3.431257,1.803325
8.974234,3.431781,1.811415
8.972724,3.440461,1.807965
8.968489,3.438534,1.816859
8.980356,3.431276,1.802211
8.980620,3.434167,1.812415
8.971997,3.440413,1.795316
8.977024,3.446437,1.808168
8.979555,3.434700,1.804297
8.969917,3.447707,1.805006
8.975060,3.439474,1.814728
8.977012,3.433594,1.806280
8.977475,3.440239,1.808617
8.974578,3.437128,1.805875
8.980760,3.436899,1.813534
8.968032,3.430580,1.805960
8.967416,3.437935,1.802431
8.977625,3.440121,1.807994
8.975570,3.440559,1.816889
8.979730,3.450079,1.806461
8.981764,3.435729,1.815676
8.973780,3.437722,1.801955
8.981766,3.436794,1.802767
8.976092,3.439935,1.808368
8.979093,3.435599,1.804519
8.979754,3.445597,1.803989
8.980795,3.425847,1.800629
8.974013,3.440448,1.809024
8.974465,3.430422,1.803157
8.984027,3.434798,1.801894
8.974248,3.437500,1.805787
8.973704,3.441606,1.811955
8.975789,3.445088,1.808268
8.981935,3.448970,1.809055
8.980565,3.440011,1.817697
8.979643,3.441205,1.807177
8.965288,3.434841,1.803882
8.975194,3.437994,1.815421
8.985044,3.433657,1.806590
8.978639,3.439805,1.814441
8.977959,3.429865,1.807655
8.968861,3.438256,1.810759
8.972367,3.436229,1.803031
8.963569,3.442940,1.813620
8.983879,3.432890,1.805142
8.971402,3.437280,1.811179
8.972484,3.440932,1.811472
8.979056,3.441801,1.804873
8.979984,3.440408,1.810367
8.977728,3.436560,1.804921
8.973325,3.434092,1.809227
8.974539,3.438177,1.800653
8.984982,3.436151,1.809625
8.973202,3.440544,1.810095
8.980501,3.436441,1.818332
8.971976,3.437931,1.805605
8.976738,3.442821,1.802711
8.975102,3.445396,1.804160
8.978319,3.435621,1.809803
8.984222,3.436856,1.808444
8.976482,3.434353,1.807895
8.973423,3.433106,1.814818
8.971815,3.438557,1.812786
8.976294,3.432392,1.806393
8.977571,3.440844,1.815599
8.981175,3.437014,1.810698
8.968945,3.433518,1.804633
8.964157,3.434260,1.812982
8.972571,3.435049,1.810484
8.975262,3.434077,1.805500
8.977075,3.441011,1.807795
8.975050,3.424801,1.802310
8.979078,3.440652,1.802374
8.974404,3.443864,1.808277
8.968783,3.431770,1.811963
8.977097,3.441717,1.814040
8.982220,3.443658,1.804470
8.974332,3.440396,1.806533
8.974112,3.439624,1.799100
8.984441,3.435819,1.808468
8.978178,3.430268,1.814702
8.980093,3.434764,1.803768
8.970363,3.430274,1.796930
8.977500,3.435426,1.800319
8.975067,3.432906,1.799209
8.982754,3.435536,1.796221
8.973446,3.438725,1.809596
8.974366,3.446885,1.816068
8.980008,3.437895,1.812654
8.978419,3.438548,1.815177
8.991161,3.433020,1.805657
8.976698,3.426871,1.816333
8.966625,3.443853,1.805070
8.985106,3.435511,1.808497
8.976369,3.441786,1.813752
8.977249,3.422347,1.813387
8.980451,3.431431,1.811173
8.961308,3.434389,1.803075
8.975470,3.433842,1.803811
8.975508,3.436712,1.803472
8.969383,3.437647,1.806894
8.962748,3.444290,1.805584
8.978708,3.435153,1.801684
8.971559,3.429003,1.808691
8.979478,3.431384,1.809311
8.978417,3.446833,1.806857
8.977817,3.437093,1.805059
8.982483,3.436595,1.805802
8.979835,3.432556,1.819887
8.968490,3.437595,1.810044
8.985132,3.442010,1.814039
8.973987,3.437951,1.810532
8.979269,3.442487,1.809653
8.974311,3.438701,1.817525
8.983178,3.434289,1.810909
8.968974,3.449404,1.810303
8.980017,3.438913,1.803073
8.977978,3.439301,1.795001
8.964705,3.430126,1.807150
8.980470,3.439071,1.807867
8.976755,3.437856,1.812659
8.982889,3.439436,1.808036
8.976040,3.431466,1.809388
8.980119,3.440362,1.809766
8.981838,3.437482,1.808081
8.980126,3.440315,1.809764
8.967972,3.435399,1.806179
8.971141,3.437953,1.807431
8.984407,3.434251,1.810370
8.966113,3.433012,1.809086
8.976586,3.436917,1.802218
8.980536,3.441244,1.805537
8.982278,3.441028,1.809311
8.983711,3.435955,1.798302
8.976756,3.435444,1.807036
8.978849,3.434516,1.806259
8.974803,3.431312,1.798727
8.979314,3.439099,1.813172
8.979890,3.441886,1.810542
8.966343,3.432340,1.815555
8.971095,3.442554,1.810206
8.973512,3.437768,1.815185
8.983798,3.436465,1.805040
8.975026,3.437629,1.807632
8.977848,3.440155,1.815761
8.977858,3.439733,1.808519
8.963021,3.435118,1.804942
8.965095,3.443260,1.794478
8.972516,3.437985,1.811343
8.963905,3.438449,1.816746
8.978590,3.438973,1.808915
8.976842,3.439898,1.809387
8.978816,3.434244,1.806515
8.985381,3.437200,1.815111
8.977958,3.444437,1.811743
8.970478,3.436554,1.810708
8.971404,3.444007,1.805557
8.975516,3.433756,1.812278
8.976858,3.427128,1.805243
8.968077,3.432961,1.820408
8.978596,3.436107,1.802036
9.046875,3.379379,1.789769
9.096272,3.322517,1.761916
9.154276,3.279051,1.750763
9.199261,3.243247,1.730947
9.246328,3.206370,1.729889
9.282786,3.186484,1.709968
9.317092,3.148579,1.699895
9.344064,3.138612,1.694191
9.369853,3.104672,1.689107
9.382907,3.094034,1.692223
9.407612,3.082886,1.681298
9.426784,3.066825,1.681769
9.443692,3.061234,1.674375
9.445399,3.043924,1.669222
9.468323,3.045196,1.681537
9.477498,3.043115,1.663760
9.496147,3.038087,1.655129
9.505919,3.045627,1.654521
9.514729,3.036749,1.661494
9.511064,3.043690,1.664562
9.519192,3.043429,1.660423
9.520045,3.050236,1.656912
9.529079,3.055357,1.657060
9.522266,3.059727,1.660805
9.532198,3.059748,1.666178
9.534351,3.068720,1.658725
9.532600,3.073862,1.671051
9.532627,3.080490,1.661397
9.534987,3.085723,1.675265
9.536197,3.100970,1.669483
9.529262,3.102153,1.675148
9.526958,3.104661,1.675639
9.539881,3.121352,1.670228
9.534605,3.127268,1.679514
9.526676,3.138668,1.676041
9.525221,3.149108,1.689802
9.538053,3.149544,1.692955
9.526732,3.161805,1.697266
9.521600,3.162708,1.699248
9.521923,3.179617,1.693529
9.512108,3.190332,1.699649
9.522582,3.206171,1.706655
9.519409,3.216085,1.705537
9.511278,3.222563,1.703348
9.500199,3.230423,1.704939
9.504647,3.240595,1.710053
9.493301,3.243135,1.707060
9.494172,3.259164,1.717411
9.495544,3.265818,1.722447
9.488141,3.275814,1.712236
9.487588,3.282805,1.726834
9.474940,3.312924,1.728749
9.476156,3.322299,1.741471
9.470669,3.316401,1.734991
9.468033,3.337245,1.728345
9.467685,3.340614,1.731914
9.462934,3.350717,1.748152
9.458587,3.355532,1.739389
9.452855,3.385715,1.742586
9.459453,3.381795,1.745042
9.442978,3.395942,1.745390
9.447997,3.405307,1.752411
9.433933,3.411379,1.754037
9.433675,3.430281,1.753918
9.435412,3.443143,1.750957
9.430529,3.445691,1.759577
9.430585,3.461044,1.765615
9.417062,3.463651,1.761666
9.416429,3.485901,1.761135
9.427518,3.486530,1.773278
9.416873,3.508170,1.772564
9.403887,3.516918,1.766165
9.402098,3.527650,1.776725
9.408122,3.542247,1.771366
9.387061,3.553408,1.787707
9.390745,3.558382,1.779405
9.384625,3.567809,1.785748
9.384914,3.571331,1.793743
9.375671,3.583375,1.788733
9.374616,3.596315,1.790911
9.366388,3.611212,1.788476
9.365054,3.623786,1.793981
9.360494,3.627782,1.801566
9.353503,3.634627,1.797613
9.352095,3.656489,1.799646
9.355856,3.655633,1.803057
9.348979,3.668604,1.810563
9.335067,3.681582,1.800998
9.324510,3.695789,1.803998
9.338402,3.701402,1.816338
9.337686,3.718215,1.820827
9.323215,3.724052,1.818062
9.312514,3.736725,1.809989
9.311585,3.745174,1.817037
9.308996,3.753419,1.825098
9.297434,3.768447,1.824138
9.307029,3.776072,1.822806
9.289844,3.793736,1.829703
9.290247,3.793006,1.838095
9.288156,3.810301,1.829322
9.289256,3.814446,1.836909
9.269002,3.837759,1.832369
9.275437,3.847734,1.839688
9.267065,3.855403,1.834470
9.275847,3.864884,1.834082
9.261126,3.874384,1.844333
9.260230,3.895838,1.848386
9.259130,3.904248,1.846076
9.247986,3.908656,1.841112
9.239336,3.917602,1.848887
9.232350,3.933915,1.850713
9.234364,3.941530,1.857732
9.228999,3.953707,1.857129
9.226994,3.958199,1.859796
9.214851,3.958639,1.855067
9.223628,3.973687,1.856034
9.199112,3.985358,1.863703
9.212380,4.006678,1.864570
9.205465,4.009553,1.866431
9.195143,4.024001,1.864770
9.189913,4.030726,1.866837
9.182987,4.044893,1.869544
9.186516,4.048326,1.863467
9.181463,4.060598,1.866526
9.174419,4.077036,1.870389
9.169118,4.088497,1.878191
9.165258,4.094033,1.877676
9.165268,4.108589,1.880933
9.155603,4.118955,1.879422
9.159732,4.132721,1.885430
9.146465,4.134717,1.880444
9.141616,4.160145,1.882653
9.132603,4.162901,1.884367
9.128052,4.178811,1.881219
9.126493,4.180964,1.884545
9.115204,4.194389,1.898450
9.119177,4.195756,1.886580
9.105808,4.215442,1.885935
9.101083,4.226426,1.889600
9.103735,4.226756,1.890367
9.094825,4.245126,1.882560
9.091284,4.240540,1.888371
9.080917,4.262785,1.894084
9.091614,4.277723,1.897461
9.075537,4.291759,1.893731
9.068365,4.295511,1.895395
9.064998,4.310084,1.904608
9.055395,4.323951,1.905265
9.057505,4.332355,1.910107
9.047739,4.336309,1.908551
9.038347,4.349005,1.906059
9.035697,4.368044,1.903476
9.024494,4.366264,1.907406
9.029706,4.382606,1.905212
9.031380,4.392569,1.914946
9.019537,4.406134,1.909146
9.016732,4.411526,1.907839
9.008549,4.420308,1.915813
9.004558,4.445184,1.919561
9.005118,4.449475,1.914356
8.991284,4.456931,1.918255
8.984493,4.460753,1.920708
8.980898,4.482041,1.921012
8.976170,4.489814,1.913921
8.970188,4.496308,1.924110
8.970599,4.502518,1.925451
8.960715,4.517577,1.928408
8.954515,4.523405,1.922869
8.948759,4.552094,1.924686
8.945689,4.556031,1.925859
8.936685,4.561946,1.922856
8.938515,4.571198,1.927552
8.932693,4.586473,1.931480
8.929658,4.594550,1.929853
8.918785,4.601505,1.919628
8.909677,4.609695,1.921651
8.905565,4.623917,1.934887
8.891900,4.629933,1.935813
8.904073,4.647287,1.921377
8.884549,4.657481,1.927253
8.885251,4.661434,1.931382
8.880705,4.671062,1.931190
8.879241,4.686138,1.931105
8.869540,4.693820,1.935347
8.867613,4.711908,1.933757
8.857449,4.723599,1.930922
8.852848,4.725844,1.927832
8.840840,4.741127,1.938187
8.837349,4.743523,1.942148
8.840723,4.757022,1.942466
8.826386,4.774263,1.942549
8.818701,4.775318,1.949937
8.823476,4.789442,1.941085
8.812560,4.810902,1.942089
8.812318,4.813510,1.935681
8.801686,4.825571,1.941727
8.799437,4.825160,1.934026
8.799956,4.845846,1.948691
8.782936,4.847175,1.938873
8.773887,4.867731,1.934685
8.775451,4.869126,1.945243
8.769687,4.878614,1.945495
8.754654,4.892474,1.944005
8.756349,4.906861,1.942511
8.746439,4.906304,1.937677
8.741581,4.918256,1.937552
8.736060,4.933018,1.948748
8.731841,4.947814,1.939120
8.731704,4.963230,1.943598
8.715440,4.971346,1.945652
8.721201,4.986118,1.950463
8.707384,4.995140,1.947261
8.697944,5.001646,1.949941
8.703645,5.012979,1.947324
8.694863,5.011791,1.948972
8.681877,5.028318,1.960307
8.683737,5.030279,1.949847
8.670915,5.046582,1.940739
8.662470,5.063912,1.942303
8.660359,5.069594,1.946046
8.658616,5.076720,1.946815
8.645242,5.083453,1.951522
8.635517,5.108017,1.938768
8.632407,5.109902,1.945861
8.627509,5.120996,1.942405
8.632042,5.134463,1.947615
8.611868,5.140518,1.938931
8.611060,5.164215,1.946940
8.612452,5.161293,1.944333
8.605018,5.176561,1.945425
8.586787,5.184536,1.942233
8.584209,5.188369,1.937981
8.593415,5.209888,1.941107
8.584194,5.219707,1.947476
8.570562,5.219994,1.945278
8.563301,5.224458,1.945671
8.564128,5.243271,1.940462
8.545584,5.255128,1.939192
8.554420,5.267982,1.946862
8.536113,5.265829,1.938278
8.539857,5.292420,1.942393
8.533938,5.291023,1.932676
8.529926,5.310856,1.944447
8.517902,5.322413,1.943600
8.508861,5.318922,1.933398
8.505658,5.326935,1.943372
8.483512,5.341931,1.939108
8.489818,5.348864,1.937845
8.484628,5.375171,1.936921
8.481371,5.374231,1.936338
8.470251,5.385645,1.944183
8.466891,5.396514,1.929663
8.453680,5.400664,1.939211
8.454545,5.418916,1.951528
8.444594,5.426901,1.939825
8.441985,5.432617,1.939549
8.426656,5.445638,1.936447
8.422656,5.457467,1.941999
8.418880,5.468280,1.939051
8.419566,5.474440,1.927303
8.406399,5.488230,1.936984
8.403285,5.493179,1.940585
8.392849,5.509853,1.935380
8.382096,5.514151,1.937796
8.380386,5.528145,1.932776
8.369822,5.529327,1.936941
8.365799,5.541858,1.929413
8.354507,5.551791,1.930324
8.362509,5.558049,1.926489
8.347402,5.568707,1.915172
8.338836,5.586454,1.927090
8.329909,5.591116,1.924419
8.327911,5.608194,1.924399
8.321658,5.618424,1.919905
8.310313,5.621512,1.924976
8.307256,5.642703,1.925246
8.301786,5.646125,1.928273
8.292939,5.646518,1.928194
8.280433,5.662899,1.915361
8.282199,5.671667,1.913630
8.272468,5.674459,1.921096
8.270454,5.693578,1.918438
8.259222,5.700233,1.922048
8.254611,5.715610,1.915914
8.244389,5.737345,1.916762
8.245694,5.741967,1.913259
8.226660,5.742136,1.917323
8.225176,5.742547,1.907821
8.217456,5.760385,1.913502
8.207946,5.775509,1.910498
8.209219,5.789968,1.911276
8.202304,5.796406,1.916518
8.191385,5.811834,1.900848
8.185968,5.821956,1.893214
8.182509,5.828362,1.908956
8.158719,5.830979,1.906316
8.164517,5.845518,1.905291
8.159308,5.850750,1.904895
8.138403,5.870704,1.899681
8.149849,5.873537,1.898038
8.136577,5.888550,1.897782
8.127687,5.889727,1.903401
8.117630,5.898912,1.891791
8.113528,5.911971,1.899205
8.110591,5.927859,1.898038
8.100694,5.931928,1.901528
8.088133,5.938270,1.900510
8.093045,5.954814,1.886133
8.086583,5.962902,1.895492
8.068397,5.966280,1.896340
8.068471,5.979058,1.887976
8.068331,5.993813,1.887994
8.051784,5.995097,1.876572
8.037512,6.012925,1.875405
8.042835,6.016197,1.877634
8.027654,6.029296,1.884304
8.024855,6.039945,1.880653
8.017880,6.049938,1.872575
8.012926,6.057164,1.870361
8.001184,6.067677,1.870033
7.992554,6.078347,1.872441
7.986216,6.097168,1.867124
7.971629,6.095840,1.869426
7.975011,6.111633,1.867103
7.966991,6.113833,1.862188
7.953522,6.130836,1.869695
7.952666,6.124655,1.873285
7.941683,6.133828,1.863008
7.949232,6.150059,1.859434
7.931558,6.162939,1.846483
7.919691,6.172968,1.858177
7.911255,6.185059,1.857590
7.905855,6.194725,1.855581
7.904443,6.205921,1.847872
7.890136,6.221925,1.852944
7.884702,6.218642,1.851926
7.871638,6.227438,1.855750
7.867065,6.238286,1.846209
7.867585,6.259115,1.846239
7.858275,6.254598,1.840600
7.851354,6.271208,1.838889
7.844742,6.272029,1.839555
7.826470,6.293786,1.838146
7.820280,6.293422,1.843550
7.817828,6.305171,1.839000
7.817901,6.316620,1.830876
7.800348,6.331974,1.836909
7.786709,6.329659,1.829290
7.795362,6.334917,1.828593
7.789146,6.343704,1.829187
7.765783,6.357985,1.825976
7.768419,6.370923,1.822426
7.758806,6.372423,1.820843
7.743157,6.392074,1.822179
7.747090,6.400623,1.815669
7.746087,6.402989,1.822168
7.715374,6.418045,1.808855
7.726303,6.432111,1.804366
7.718200,6.437521,1.800810
7.701966,6.449786,1.807330
7.695034,6.450696,1.813223
7.693927,6.465145,1.805609
7.679109,6.474333,1.796669
7.654558,6.474660,1.808487
7.662867,6.490743,1.801875
7.658621,6.497899,1.792287
7.652530,6.514830,1.791073
7.633731,6.526650,1.790719
7.639100,6.528906,1.801743
7.627648,6.540751,1.787800
7.626454,6.550668,1.781014
7.600721,6.554164,1.785044
7.603937,6.558302,1.784828
7.599214,6.576817,1.769820
7.587339,6.579724,1.778987
7.584517,6.590215,1.770950
7.583310,6.601525,1.777088
7.562460,6.610891,1.769517
7.553237,6.611854,1.762443
7.540261,6.627616,1.763947
7.538462,6.642441,1.766186
7.535134,6.650138,1.767485
7.520773,6.659746,1.763973
7.515713,6.663892,1.756922
7.507683,6.672296,1.759870
7.503326,6.681032,1.752895
7.498671,6.678039,1.753394
7.487367,6.693936,1.743773
7.468484,6.718032,1.745408
7.465636,6.715494,1.741182
7.457765,6.722028,1.742305
7.444691,6.732694,1.732340
7.442962,6.748306,1.737759
7.435752,6.759925,1.741367
7.427587,6.767397,1.741544
7.412653,6.778729,1.729749
7.405296,6.779237,1.731246
7.407313,6.793322,1.725938
7.391813,6.797911,1.726871
7.379478,6.809172,1.719794
7.379167,6.816568,1.725132
7.375045,6.827165,1.711991
7.363887,6.835729,1.719924
7.345634,6.849724,1.710350
7.348053,6.849301,1.704427
7.346744,6.861431,1.709412
7.336032,6.864943,1.706405
7.321323,6.877310,1.695058
7.314058,6.896213,1.686672
7.308573,6.889321,1.694574
7.299870,6.903205,1.696308
7.286980,6.909067,1.689989
7.279648,6.919680,1.678048
7.267749,6.931802,1.681435
7.267773,6.930465,1.677073
7.254708,6.949634,1.676107
7.246780,6.966998,1.680174
7.241032,6.965212,1.665397
7.226811,6.973790,1.665190
7.214022,6.983813,1.659442
7.218919,6.985288,1.664477
7.210535,7.004091,1.665702
7.203284,7.011726,1.662746
7.180947,7.012465,1.649566
7.182909,7.025742,1.656395
7.179745,7.033200,1.654176
7.165063,7.038614,1.644895
7.164184,7.050860,1.649909
7.151847,7.061098,1.639735
7.134573,7.072036,1.631598
7.127285,7.076963,1.642975
7.120605,7.080664,1.637649
7.108079,7.090958,1.628714
7.109922,7.107793,1.625631
7.099949,7.101917,1.632035
7.082166,7.117665,1.621873
7.079432,7.131225,1.617769
7.069954,7.138764,1.609046
7.055047,7.136430,1.619504
7.056461,7.150429,1.606867
7.040729,7.157058,1.605010
7.038998,7.167872,1.605081
7.027331,7.179957,1.601605
7.023352,7.188736,1.606478
7.019097,7.191804,1.594161
7.003608,7.203456,1.597377
6.994413,7.208818,1.584707
6.976707,7.218048,1.584895
6.981043,7.229705,1.589415
6.962088,7.231940,1.585449
6.953188,7.245030,1.580666
6.943836,7.260413,1.568301
6.944524,7.264878,1.570556
6.926853,7.269257,1.566789
6.930098,7.276923,1.559224
6.921936,7.281487,1.564790
6.913395,7.288785,1.564475
6.896479,7.300232,1.546914
6.886337,7.320786,1.561435
6.883879,7.321424,1.554828
6.875694,7.324484,1.555479
6.868634,7.346134,1.548326
6.865913,7.346942,1.539783
6.851531,7.361744,1.532231
6.833747,7.364892,1.537775
6.827190,7.357702,1.525991
6.819556,7.375792,1.519760
6.818151,7.395162,1.523690
6.803201,7.395291,1.525075
6.790059,7.404401,1.521178
6.782128,7.409481,1.512605
6.776868,7.415451,1.513156
6.762722,7.429715,1.501277
6.755188,7.437688,1.507452
6.749133,7.436690,1.500390
6.746227,7.447620,1.502215
6.722272,7.458504,1.493439
6.717767,7.470682,1.497483
6.710070,7.469397,1.491150
6.705977,7.483142,1.484669
6.687556,7.492533,1.468592
6.681462,7.493468,1.477554
6.680646,7.504716,1.476460
6.666162,7.510907,1.471885
6.657748,7.524562,1.468170
6.650339,7.541807,1.460192
6.646350,7.533451,1.462395
6.626296,7.546901,1.455365
6.623069,7.544434,1.448248
6.608391,7.556415,1.452613
6.606897,7.562709,1.437269
6.587147,7.584830,1.444260
6.583677,7.586925,1.444586
6.576226,7.599623,1.437414
6.559735,7.592934,1.438604
6.554961,7.605063,1.427392
6.542925,7.612788,1.425504
6.539362,7.628449,1.420799
6.532950,7.634409,1.413380
6.515602,7.637936,1.419519
6.513442,7.652418,1.405275
6.507944,7.659563,1.405441
6.488430,7.658791,1.406726
6.491979,7.664326,1.399318
6.471541,7.681058,1.402771
6.465526,7.682137,1.390355
6.461964,7.687237,1.386680
6.450246,7.698614,1.380648
6.441939,7.710490,1.382260
6.428735,7.717473,1.378526
6.422907,7.730160,1.375135
6.411198,7.724860,1.367162
6.391527,7.743395,1.368097
6.393085,7.745263,1.363535
6.382231,7.748819,1.354771
6.381885,7.755600,1.356858
6.364631,7.760890,1.348375
6.352791,7.772083,1.347233
6.345904,7.780304,1.345828
6.332339,7.781139,1.336391
6.327250,7.801695,1.336476
6.320225,7.816503,1.325495
6.304091,7.820763,1.330813
6.300915,7.810653,1.317602
6.294624,7.829755,1.319220
6.269074,7.837444,1.307204
6.267623,7.840712,1.312683
6.267726,7.849897,1.307346
6.251544,7.848507,1.299524
6.247167,7.858690,1.302843
6.228689,7.873901,1.298409
6.224645,7.878328,1.294807
6.208277,7.883772,1.288282
6.203395,7.892832,1.286659
6.195250,7.890702,1.288303
6.187262,7.897992,1.278073
6.184220,7.910508,1.270939
6.172072,7.909875,1.270780
6.152006,7.932723,1.270297
6.151269,7.939236,1.265438
6.141671,7.950809,1.260673
6.131762,7.951266,1.245660
6.123451,7.962401,1.238597
6.109618,7.963820,1.245066
6.096445,7.969527,1.238983
6.095702,7.981965,1.239706
6.078463,7.984436,1.230306
6.081012,7.996136,1.228123
6.064161,7.991319,1.229416
6.051177,8.001811,1.222700
6.042812,8.008281,1.215808
6.025594,8.017549,1.219591
6.021010,8.021260,1.213406
6.018023,8.029707,1.200338
6.011673,8.039122,1.205143
5.988771,8.050575,1.194714
5.984721,8.056469,1.190639
5.971040,8.067250,1.183766
5.957707,8.056719,1.179421
5.952212,8.077694,1.177396
5.947616,8.087135,1.170380
5.936823,8.089315,1.170816
5.922362,8.100053,1.168775
5.918040,8.110477,1.164098
5.902124,8.097482,1.154421
5.897113,8.116256,1.157794
5.884632,8.120413,1.150710
5.879011,8.130177,1.141731
5.865005,8.138933,1.141407
5.851431,8.136470,1.133031
5.848676,8.147963,1.123256
5.835371,8.156218,1.131088
5.825023,8.159159,1.122691
5.818360,8.172926,1.113344
5.811679,8.178131,1.113262
5.798469,8.184570,1.110159
5.782829,8.192955,1.106790
5.774250,8.202242,1.099050
5.763874,8.200273,1.094857
5.761137,8.213414,1.091119
5.751419,8.215722,1.086638
5.743973,8.217100,1.087194
5.729928,8.225505,1.073706
5.731319,8.231635,1.079206
5.715445,8.242688,1.073208
5.698736,8.242563,1.058653
5.690757,8.256553,1.063923
5.674688,8.266614,1.054488
5.672052,8.261936,1.055907
5.663881,8.271565,1.051527
5.645563,8.281007,1.041921
5.640046,8.282783,1.034043
5.633784,8.295491,1.027227
5.620591,8.297473,1.023583
5.601599,8.306481,1.031073
5.592913,8.316473,1.013946
5.586690,8.323928,1.016673
5.578073,8.314121,1.008886
5.562876,8.333615,1.001268
5.559633,8.342588,1.005857
5.554114,8.355118,1.002494
5.535675,8.347434,1.000135
5.531658,8.354344,0.992754
5.518893,8.370035,0.981505
5.499874,8.371438,0.975658
5.504077,8.377951,0.985567
5.491170,8.387498,0.962924
5.478518,8.393707,0.965164
5.468005,8.387589,0.959045
5.457714,8.395646,0.957593
5.445350,8.402917,0.952299
5.441573,8.418456,0.946737
5.430459,8.414086,0.950225
5.413049,8.420734,0.944080
5.400340,8.425126,0.938976
5.403544,8.438436,0.933259
5.385691,8.439527,0.920205
5.372464,8.454038,0.918626
5.361557,8.456890,0.915768
5.356962,8.456721,0.906932
5.348261,8.469287,0.903326
5.333441,8.467359,0.900472
5.330295,8.482423,0.892393
5.318662,8.490801,0.888515
5.307388,8.487301,0.886327
5.289684,8.495609,0.880072
5.283262,8.502063,0.878003
5.274673,8.513492,0.873041
5.268721,8.518754,0.869427
5.260313,8.524202,0.867704
5.239446,8.523294,0.857255
5.232031,8.527526,0.850127
5.213455,8.530310,0.848309
5.207739,8.549211,0.847134
5.199988,8.548993,0.836935
5.184820,8.553850,0.838987
5.176718,8.558249,0.824561
5.170772,8.571631,0.823087
5.160723,8.574174,0.819373
5.156663,8.570983,0.817425
5.144981,8.576645,0.814083
5.124858,8.590736,0.814560
5.122162,8.591426,0.802678
5.105221,8.602352,0.790551
5.091547,8.600230,0.786699
5.090050,8.609493,0.792517
5.080223,8.615433,0.780439
5.067879,8.619569,0.779916
5.055219,8.630166,0.777295
5.052060,8.635249,0.772846
5.034449,8.641220,0.755383
5.020414,8.647842,0.757923
5.016841,8.645438,0.750465
5.008015,8.656174,0.749632
4.987748,8.659954,0.740897
4.982603,8.655080,0.730545
4.965788,8.681971,0.730064
4.959810,8.671041,0.731672
4.948840,8.684481,0.723354
4.943303,8.693126,0.714818
4.931027,8.693116,0.719727
4.917510,8.697150,0.706312
4.913775,8.709995,0.687820
4.900004,8.700594,0.696611
4.890344,8.722652,0.686877
4.878060,8.716392,0.683678
4.864896,8.721053,0.680659
4.856608,8.738787,0.675918
4.840887,8.733902,0.675173
4.832274,8.730125,0.662361
4.829916,8.745765,0.657471
4.809959,8.745514,0.664459
4.800277,8.748384,0.654116
4.796125,8.758939,0.641980
4.782869,8.758441,0.641233
4.774960,8.768963,0.630398
4.760849,8.764865,0.636923
4.750898,8.779049,0.626857
4.740664,8.788663,0.629582
4.725747,8.792528,0.606431
4.709084,8.804803,0.612589
4.703201,8.797375,0.599187
4.690618,8.798772,0.600196
4.687148,8.816102,0.599194
4.665985,8.808639,0.584834
4.666523,8.826184,0.587933
4.652592,8.826213,0.583331
4.637243,8.824773,0.572641
4.628523,8.832560,0.565661
4.628068,8.839706,0.560468
4.610938,8.849120,0.553544
4.600323,8.848944,0.546888
4.588783,8.858506,0.551287
4.573640,8.857082,0.545114
4.567916,8.861958,0.541515
4.550207,8.863873,0.529169
4.545525,8.872062,0.519531
4.528068,8.883035,0.518373
4.513980,8.877568,0.517353
4.511953,8.890903,0.513115
4.500990,8.895480,0.501503
4.481413,8.897668,0.501491
4.474777,8.899525,0.495051
4.472223,8.902874,0.499260
4.460254,8.908214,0.477347
4.444898,8.921146,0.473562
4.441062,8.923559,0.479795
4.425415,8.918796,0.472148
4.417279,8.927668,0.466144
4.405280,8.931565,0.451833
4.392352,8.939946,0.449642
4.378052,8.948019,0.458801
4.380167,8.949505,0.448614
4.354879,8.945719,0.445382
4.346167,8.952742,0.436281
4.344353,8.957772,0.432250
4.334361,8.968716,0.430450
4.316812,8.966042,0.418717
4.293898,8.973232,0.416453
4.293173,8.974419,0.412335
4.279489,8.984215,0.403632
4.265124,8.979558,0.400828
4.264201,8.979574,0.393482
4.248322,8.996107,0.380980
4.240911,8.995882,0.379219
4.233293,9.006221,0.373868
4.211888,9.011973,0.357877
4.200470,9.015475,0.362746
4.197114,9.017267,0.361765
4.182631,9.023221,0.350088
4.174013,9.020226,0.344091
4.164497,9.027288,0.340585
4.147218,9.032797,0.333499
4.135972,9.038358,0.332027
4.124822,9.045076,0.328466
4.118709,9.049815,0.317888
4.103618,9.049171,0.318515
4.095602,9.048193,0.309790
4.085776,9.050940,0.302304
4.073424,9.056713,0.302692
4.067128,9.075131,0.290927
4.045955,9.063219,0.292086
4.038119,9.068867,0.280793
4.020331,9.066675,0.279438
4.016158,9.084840,0.281825
4.010185,9.087035,0.267125
3.995148,9.086649,0.264938
3.984926,9.100363,0.262079
3.975224,9.092326,0.247998
3.963012,9.099347,0.238582
3.951758,9.110654,0.232195
3.936915,9.104680,0.242841
3.933696,9.104153,0.229930
3.927616,9.112192,0.221781
3.910576,9.116222,0.215010
3.888731,9.123265,0.211503
3.881361,9.126392,0.210123
3.871363,9.126285,0.193841
3.867395,9.132786,0.192756
3.856307,9.138710,0.190477
3.837767,9.137799,0.181119
3.815008,9.135625,0.177158
3.810228,9.147168,0.170899
3.795696,9.151621,0.173589
3.792408,9.150085,0.159535
3.779690,9.155087,0.155204
3.775735,9.161228,0.152702
3.754171,9.160891,0.145036
3.751534,9.174779,0.143700
3.743142,9.180432,0.128360
3.731651,9.177510,0.138687
3.712120,9.182103,0.120683
3.705292,9.183470,0.121650
3.698805,9.192339,0.118438
3.678012,9.185685,0.109056
3.674287,9.196088,0.102748
3.662306,9.191705,0.099037
3.644734,9.193487,0.094983
3.644172,9.202711,0.075775
3.624630,9.201034,0.078993
3.616818,9.210799,0.075339
3.605219,9.211641,0.073808
3.589902,9.216419,0.068857
3.576658,9.214544,0.061419
3.572447,9.213622,0.045683
3.558402,9.217885,0.046696
3.546747,9.219156,0.038467
3.533807,9.229193,0.029205
3.516256,9.234082,0.036385
3.510387,9.226162,0.020783
3.487930,9.242809,0.023608
3.482808,9.235581,0.007280
3.472879,9.252246,0.005811
3.462610,9.255903,0.003999
3.455547,9.252896,-0.004907
3.434336,9.262900,-0.007021
3.439925,9.249120,-0.024822
3.412228,9.263678,-0.006801
3.413787,9.262588,-0.021157
3.396364,9.276054,-0.027840
3.381326,9.265986,-0.034750
3.384582,9.262482,-0.038110
3.360093,9.269317,-0.045550
3.347167,9.281018,-0.051821
3.337540,9.281450,-0.056005
3.326395,9.289850,-0.066437
3.318191,9.289379,-0.076848
3.311723,9.280093,-0.073942
3.289111,9.301273,-0.080397
3.285556,9.295005,-0.085679
3.267549,9.312885,-0.097635
3.259142,9.295524,-0.101798
3.247867,9.299045,-0.112918
3.233842,9.308458,-0.103992
3.233779,9.304526,-0.114183
3.215661,9.314129,-0.117160
3.200965,9.317972,-0.128630
3.193261,9.313710,-0.126980
3.176288,9.317479,-0.140943
3.167107,9.323858,-0.140323
3.155256,9.321111,-0.157693
3.136385,9.334378,-0.162269
3.126190,9.324125,-0.165139
3.116368,9.342751,-0.170760
3.114878,9.337996,-0.173561
3.098375,9.334233,-0.174067
3.085382,9.342737,-0.185251
3.070406,9.345616,-0.190869
3.071398,9.335146,-0.194679
3.051977,9.342857,-0.199724
3.047254,9.343870,-0.204208
3.030448,9.348921,-0.213066
3.026859,9.353979,-0.223207
3.005451,9.357692,-0.226199
2.994357,9.354029,-0.233341
2.984808,9.360845,-0.237836
2.975388,9.362804,-0.239476
2.945420,9.369901,-0.245643
2.949244,9.368301,-0.244015
2.943957,9.372069,-0.261276
2.925692,9.375992,-0.264837
2.910434,9.372716,-0.264522
2.909062,9.382768,-0.278634
2.885378,9.385163,-0.279863
2.883809,9.376982,-0.279083
2.867759,9.382886,-0.291500
2.850405,9.392588,-0.297343
2.843981,9.381379,-0.311415
2.830979,9.387153,-0.304710
2.818894,9.387715,-0.316697
2.811147,9.398315,-0.327990
2.802438,9.394431,-0.318742
2.782124,9.395686,-0.326250
2.777167,9.394325,-0.332189
2.763669,9.398942,-0.342757
2.747195,9.396097,-0.341866
2.748045,9.403880,-0.352691
2.725850,9.408534,-0.358518
2.718842,9.418712,-0.366131
2.706642,9.416350,-0.369648
2.694959,9.409605,-0.372621
2.678936,9.422796,-0.379741
2.667304,9.417598,-0.394864
2.656770,9.410540,-0.391018
2.654056,9.410769,-0.394477
2.628030,9.419903,-0.395662
2.621380,9.420459,-0.411197
2.607724,9.420018,-0.417611
2.599107,9.424855,-0.417753
2.584727,9.431189,-0.424076
2.571963,9.420642,-0.437098
2.559198,9.431857,-0.442141
2.548062,9.431750,-0.439826
2.541965,9.434276,-0.455997
2.533697,9.434485,-0.458093
2.509948,9.427541,-0.462415
2.500482,9.433174,-0.464550
2.492659,9.438058,-0.473760
2.475377,9.437173,-0.473828
2.470600,9.443924,-0.484680
2.449943,9.446249,-0.489005
2.441795,9.452170,-0.491135
2.442269,9.448811,-0.499854
2.424162,9.447797,-0.503642
2.411906,9.455216,-0.516426
2.402522,9.451686,-0.515791
2.383300,9.463060,-0.524682
2.371359,9.449382,-0.527473
2.371260,9.461301,-0.530088
2.353216,9.455143,-0.544589
2.331278,9.447505,-0.549446
2.325792,9.459158,-0.553565
2.318037,9.465138,-0.552943
2.306295,9.458912,-0.558141
2.293367,9.469681,-0.571181
2.280378,9.469193,-0.570181
2.268277,9.462684,-0.572804
2.253863,9.473263,-0.575759
2.245634,9.464961,-0.597007
2.228796,9.475572,-0.601493
2.221339,9.466588,-0.606534
2.204957,9.474538,-0.612540
2.202371,9.479792,-0.614260
2.187879,9.469511,-0.626816
2.173318,9.472326,-0.626442
2.157811,9.477889,-0.630455
2.146649,9.459940,-0.638141
2.137770,9.470382,-0.649028
2.126391,9.477460,-0.652807
2.110988,9.474681,-0.653862
2.108668,9.483955,-0.659110
2.092810,9.486007,-0.679579
2.077131,9.477857,-0.675025
2.061730,9.483223,-0.666055
2.057931,9.475849,-0.682040
2.042525,9.485729,-0.687128
2.034553,9.486135,-0.695374
2.016454,9.485835,-0.695966
2.008302,9.479443,-0.703683
1.992184,9.487363,-0.711695
1.978113,9.487470,-0.716853
1.970443,9.487094,-0.729621
1.965026,9.498800,-0.721643
1.950990,9.489356,-0.730951
1.934738,9.488100,-0.745369
1.924112,9.487294,-0.755141
1.914022,9.497407,-0.759224
1.907241,9.500016,-0.764496
1.880910,9.496909,-0.767475
1.871962,9.489573,-0.772784
1.855742,9.494312,-0.775266
1.853181,9.483014,-0.776045
1.835348,9.503770,-0.772420
1.830979,9.488854,-0.794312
1.818272,9.494421,-0.795640
1.799760,9.496381,-0.809562
1.789401,9.488216,-0.799065
1.776486,9.499539,-0.805302
1.773078,9.495789,-0.816547
1.746447,9.498383,-0.822860
1.752843,9.506771,-0.829584
1.731229,9.499513,-0.836051
1.729705,9.496581,-0.844489
1.710245,9.502661,-0.856685
1.694657,9.500090,-0.851554
1.681432,9.503926,-0.849619
1.668362,9.497968,-0.864040
1.663321,9.501342,-0.868074
1.652947,9.504276,-0.878798
1.631222,9.501196,-0.883518
1.628393,9.501655,-0.898290
1.616192,9.492839,-0.887687
1.597174,9.505211,-0.890885
1.593072,9.505945,-0.911551
1.582917,9.504162,-0.905841
1.562893,9.504538,-0.910213
1.556436,9.503020,-0.911628
1.549232,9.510587,-0.930560
1.522126,9.512784,-0.940950
1.523202,9.499076,-0.939139
1.498807,9.497050,-0.943261
1.488043,9.505770,-0.941120
1.480665,9.496857,-0.958451
1.470048,9.500675,-0.963689
1.451499,9.496600,-0.970561
1.437210,9.496586,-0.980440
1.436033,9.504322,-0.975674
1.412764,9.505244,-0.985087
1.412326,9.504377,-0.991705
1.391058,9.495216,-0.992333
1.388821,9.504549,-0.993972
1.373625,9.499805,-1.003772
1.367007,9.502391,-1.002731
1.345608,9.495486,-1.009899
1.337374,9.505256,-1.024917
1.329818,9.497766,-1.024513
1.312681,9.510359,-1.024585
1.298950,9.496135,-1.033685
1.286122,9.506528,-1.046142
1.284271,9.500289,-1.047040
1.259392,9.503741,-1.055671
1.253628,9.507184,-1.055593
1.247437,9.512083,-1.066420
1.221248,9.497325,-1.073428
1.216337,9.500747,-1.078693
1.203251,9.497531,-1.079407
1.195247,9.505037,-1.082204
1.177644,9.494688,-1.094305
1.159872,9.495212,-1.094136
1.156065,9.491703,-1.106663
1.146849,9.492758,-1.110526
1.123050,9.490768,-1.109252
1.125028,9.490844,-1.122443
1.106840,9.489931,-1.126946
1.101821,9.496542,-1.135959
1.079170,9.491521,-1.134011
1.070552,9.498527,-1.147888
1.054136,9.491405,-1.143569
1.045031,9.485047,-1.154654
1.034281,9.483628,-1.155706
1.790295,9.606816,-2.267556
1.753411,9.590754,-2.316006
1.713871,9.573659,-2.351476
1.666155,9.560595,-2.385350
1.639780,9.572694,-2.433834
1.587370,9.544551,-2.475741
1.542470,9.543952,-2.506989
1.517588,9.543990,-2.535996
1.486322,9.532859,-2.560594
1.454884,9.548496,-2.591925
1.433207,9.538394,-2.608508
1.403569,9.541402,-2.633255
1.384381,9.547626,-2.653989
1.355187,9.548917,-2.680708
1.337571,9.534429,-2.695660
1.322535,9.533762,-2.710592
1.310430,9.531197,-2.726618
1.297138,9.532306,-2.746715
1.273928,9.536671,-2.766531
1.258807,9.530169,-2.772021
1.244246,9.528152,-2.788157
1.247028,9.527240,-2.798740
1.227752,9.534444,-2.804022
1.222814,9.530700,-2.809910
1.212979,9.530733,-2.832159
1.198881,9.525764,-2.842915
1.185051,9.523964,-2.848181
1.189244,9.538037,-2.853083
1.178216,9.520186,-2.866185
1.167009,9.526760,-2.869720
1.156844,9.529748,-2.880076
1.156720,9.521994,-2.881284
0.710418,9.518292,-2.896432
0.239807,9.523660,-2.897601
0.211122,9.525232,-2.917357
0.210504,9.521594,-2.916799
0.201046,9.516866,-2.932866
0.180027,9.523054,-2.932794
0.162281,9.522770,-2.944258
0.168055,9.514646,-2.943377
0.140935,9.524338,-2.952588
0.139993,9.513183,-2.959064
0.129996,9.513212,-2.965796
0.121202,9.510246,-2.970475
0.109410,9.515055,-2.968338
0.106146,9.513342,-2.983881
0.104945,9.507726,-2.994166
0.089963,9.510137,-2.987432
0.089041,9.512469,-2.997453
0.080189,9.514101,-3.008683
0.078852,9.508554,-3.018680
0.057487,9.505044,-3.021101
0.063349,9.507503,-3.024403
0.053064,9.506282,-3.036162
0.043446,9.495695,-3.038571
0.047250,9.495117,-3.050185
0.033189,9.502625,-3.044889
0.036083,9.508392,-3.067822
0.029434,9.505144,-3.055579
0.019819,9.503720,-3.069459
0.012102,9.502456,-3.060200
0.010048,9.504754,-3.067541
0.007704,9.501272,-3.080040
-0.001608,9.501696,-3.089687
0.002520,9.496115,-3.097756
-0.001895,9.504880,-3.097108
-0.010329,9.497305,-3.099043
-0.010076,9.501566,-3.103425
-0.022311,9.493590,-3.102867
-0.025749,9.485685,-3.114080
-0.021831,9.493677,-3.114923
-0.020369,9.499371,-3.132478
-0.027918,9.489746,-3.131183
-0.038834,9.489665,-3.126344
-0.043660,9.487465,-3.142770
-0.043554,9.485706,-3.149124
-0.052178,9.493675,-3.159240
-0.048092,9.493515,-3.160751
-0.055835,9.490915,-3.162227
-0.063301,9.489524,-3.168712
-0.059962,9.481584,-3.168492
-0.067739,9.481674,-3.187515
-0.071546,9.490228,-3.176475
-0.071746,9.492867,-3.176262
-0.078619,9.484948,-3.188785
-0.084755,9.489386,-3.200635
-0.081100,9.488407,-3.207625
-0.086454,9.483952,-3.210789
-0.088017,9.469633,-3.209263
-0.097763,9.476302,-3.219611
-0.097831,9.480846,-3.218122
-0.108107,9.470926,-3.229915
-0.103342,9.474448,-3.233694
-0.103731,9.473715,-3.231824
-0.107958,9.486870,-3.231030
-0.109258,9.476447,-3.234051
-0.116180,9.475486,-3.245815
-0.117608,9.472635,-3.250270
-0.119270,9.473724,-3.246126
-0.121746,9.476528,-3.254272
-0.127820,9.462100,-3.262249
-0.123557,9.461689,-3.267288
-0.132640,9.469936,-3.274467
-0.138960,9.470823,-3.273891
-0.150028,9.473108,-3.280180
-0.152426,9.478433,-3.282401
-0.139446,9.465096,-3.292347
-0.155246,9.469287,-3.287298
-0.149216,9.461908,-3.299184
-0.151135,9.463623,-3.303573
-0.144297,9.460014,-3.313490
-0.154977,9.457058,-3.306801
-0.160384,9.462499,-3.309501
-0.165056,9.469572,-3.319904
-0.170848,9.461532,-3.318252
-0.180781,9.454946,-3.333266
-0.171628,9.443377,-3.330941
-0.180364,9.451964,-3.333209
-0.180047,9.456687,-3.326603
-0.182245,9.461779,-3.345992
-0.191821,9.462012,-3.339399
-0.190385,9.461347,-3.350845
-0.197313,9.454394,-3.354908
-0.197941,9.455000,-3.362517
-0.199298,9.454089,-3.354597
-0.202033,9.455005,-3.367528
-0.198860,9.449073,-3.369960
-0.210592,9.457723,-3.369613
-0.209778,9.448487,-3.380446
-0.210512,9.448468,-3.376237
-0.215298,9.450535,-3.375513
-0.222660,9.441138,-3.382890
-0.223078,9.452687,-3.390907
-0.224814,9.454532,-3.395476
-0.228041,9.453468,-3.404442
-0.233647,9.448868,-3.399792
-0.238140,9.450218,-3.396131
-0.238502,9.440114,-3.404153
-0.237618,9.443459,-3.409173
-0.240015,9.442363,-3.413942
-0.249891,9.445616,-3.417847
-0.240948,9.434934,-3.415173
-0.252004,9.444894,-3.421833
-0.247757,9.433812,-3.427986
-0.252227,9.438385,-3.433894
-0.254772,9.441978,-3.430831
-0.249212,9.447742,-3.438504
-0.256540,9.443077,-3.440353
-0.267600,9.430392,-3.449340
-0.271517,9.433126,-3.456364
-0.274468,9.440600,-3.450958
-0.268582,9.435980,-3.451354
-0.272405,9.437064,-3.450666
-0.275019,9.436595,-3.464771
-0.282371,9.423137,-3.462781
-0.275285,9.429838,-3.467045
-0.290529,9.428117,-3.460578
-0.288879,9.425908,-3.468709
-0.292234,9.423999,-3.471718
-0.292731,9.418177,-3.473478
-0.298822,9.422665,-3.480752
-0.294159,9.428849,-3.490763
-0.297928,9.439325,-3.485902
-0.307235,9.432409,-3.493066
-0.300079,9.424492,-3.500084
-0.304094,9.423515,-3.506341
-0.307081,9.431655,-3.504161
-0.321615,9.427123,-3.517430
-0.307820,9.421694,-3.510689
-0.313925,9.427820,-3.506414
-0.326111,9.423017,-3.507078
-0.318499,9.411503,-3.519401
-0.328371,9.414331,-3.528617
-0.325347,9.420253,-3.516103
-0.337083,9.418369,-3.524763
-0.339856,9.415232,-3.525748
-0.340669,9.416697,-3.534694
-0.331926,9.418313,-3.536875
-0.344826,9.411626,-3.532314
-0.339948,9.402860,-3.536379
-0.347214,9.404067,-3.533145
-0.353670,9.412905,-3.550625
-0.352209,9.409955,-3.541218
-0.355882,9.414063,-3.545827
-0.353614,9.407248,-3.554283
-0.348201,9.409146,-3.562529
-0.363746,9.408144,-3.552313
-0.359256,9.411830,-3.558074
-0.356341,9.417959,-3.563166
-0.368139,9.408299,-3.561950
-0.371742,9.408974,-3.575039
-0.368099,9.403240,-3.573839
-0.363324,9.400576,-3.578603
-0.374134,9.407732,-3.578548
-0.372842,9.410850,-3.578238
-0.378166,9.399567,-2.607968
-0.376333,9.406573,-2.583840
-0.385820,9.396328,-2.593134
-0.378411,9.399610,-2.591742
-0.387803,9.402399,-2.601361
-0.390546,9.396389,-2.589711
-0.396013,9.396716,-2.596932
-0.393741,9.406048,-2.595127
-0.391717,9.395649,-2.606267
-0.401778,9.399594,-2.602064
-0.404644,9.401468,-2.599208
-0.403792,9.392853,-2.610328
-0.398119,9.397662,-2.610867
-0.410373,9.393137,-2.618814
-0.417034,9.395215,-2.624104
-0.409488,9.396761,-2.619216
-0.423873,9.400151,-2.633540
-0.421787,9.397083,-2.637271
-0.414703,9.384131,-2.626232
-0.420675,9.400136,-2.630669
-0.425002,9.389286,-2.630685
-0.419400,9.394064,-2.643611
-0.431623,9.393786,-2.640570
-0.437199,9.391692,-2.639985
-0.429040,9.393410,-2.639326
-0.437122,9.390029,-2.644112
-0.441752,9.375112,-2.649146
-0.442034,9.387746,-2.640260
-0.441938,9.381863,-2.653913
-0.448773,9.387607,-2.651145
-0.445889,9.387011,-2.657928
-0.446356,9.384259,-2.655241
-0.458947,9.388050,-2.661469
-0.461086,9.374362,-2.660427
-0.460468,9.381970,-2.668637
-0.458910,9.377488,-2.663087
-0.463943,9.380943,-2.680323
-0.473157,9.382296,-2.677036
-0.463384,9.375971,-2.675281
-0.469571,9.384365,-2.680450
-0.471229,9.381304,-2.677787
-0.472139,9.379859,-2.679355
-0.484909,9.376907,-2.680660
-0.472081,9.381714,-2.680422
-0.468528,9.366407,-2.684528
-0.487795,9.377194,-2.689682
-0.482569,9.368327,-2.690768
-0.479051,9.368990,-2.694020
-0.484905,9.372210,-2.689688
-0.479902,9.374383,-2.704072
-0.489425,9.366816,-2.700811
-0.490784,9.371349,-2.696055
-0.491895,9.362598,-2.703365
-0.498197,9.365578,-2.695232
-0.489489,9.377930,-2.710303
-0.500958,9.360330,-2.707457
-0.502754,9.366937,-2.702999
-0.504872,9.358966,-2.717614
-0.500538,9.362699,-2.719200
-0.510615,9.355879,-2.720915
-0.502742,9.372693,-2.720688
-0.511777,9.370261,-2.718082
-0.521707,9.354915,-2.724006
-0.507893,9.358987,-2.727017
-0.513121,9.359055,-2.721954
-0.518148,9.368263,-2.723330
-0.526827,9.356527,-2.733350
-0.522282,9.351591,-2.721655
-0.524166,9.359460,-2.748300
-0.523120,9.355546,-2.730269
-0.525567,9.357963,-2.736850
-0.529631,9.361007,-2.740677
-0.531112,9.359625,-2.734258
-0.541056,9.349323,-2.744428
-0.537064,9.361008,-2.749352
-0.534502,9.358478,-2.756857
-0.543831,9.355718,-2.748503
-0.533349,9.360176,-2.752209
-0.540115,9.350242,-2.747261
-0.547993,9.354126,-2.758227
-0.553452,9.350966,-2.754229
-0.543561,9.350808,-2.755395
-0.548014,9.353900,-2.759386
-0.550116,9.344743,-2.756044
-0.549734,9.343477,-2.757747
-0.553018,9.353090,-2.765786
-0.555984,9.347919,-2.762484
-0.556431,9.349373,-2.776715
-0.558174,9.348227,-2.770604
-0.557694,9.346834,-2.766130
-0.573688,9.342298,-2.773713
-0.558544,9.336787,-2.772356
-0.563233,9.338045,-2.771034
-0.573051,9.334621,-2.779505
-0.568126,9.336553,-2.787878
-0.573232,9.350356,-2.787718
-0.569691,9.344328,-2.774950
-0.573912,9.345373,-2.778494
-0.572164,9.345011,-2.782333
-0.572262,9.344189,-2.788307
-0.575868,9.348382,-2.790889
-0.570270,9.342170,-2.790523
-0.584460,9.341576,-2.798701
-0.581627,9.346784,-2.794118
-0.596045,9.333140,-2.804399
-0.588812,9.334206,-2.790922
-0.596449,9.338518,-2.793085
-0.577635,9.336321,-2.796635
-0.587898,9.339722,-2.807558
-0.580647,9.338284,-2.795977
-0.595193,9.337140,-2.804082
-0.597839,9.334182,-2.807321
-0.597740,9.337169,-2.809670
-0.600919,9.328228,-2.804109
-0.600241,9.341988,-2.806205
-0.590210,9.336294,-2.809391
-0.600522,9.334257,-2.807491
-0.605330,9.327577,-2.799618
-0.607424,9.331413,-2.818224
-0.604554,9.333182,-2.817174
-0.607458,9.331304,-2.823414
-0.609053,9.332609,-2.810490
-0.614059,9.329959,-2.815889
-0.605653,9.328421,-2.823239
-0.613152,9.333664,-2.823122
-0.613002,9.330196,-2.822551
-0.612607,9.317125,-2.823441
-0.619768,9.324825,-2.825161
-0.616254,9.327840,-2.825402
-0.626127,9.326000,-2.834744
-0.622349,9.334635,-2.827982
-0.617060,9.328551,-2.829423
-0.627165,9.335357,-2.837090
-0.627307,9.322784,-2.832346
-0.618123,9.327044,-2.837510
-0.628217,9.326377,-2.825000
-0.628495,9.329317,-2.839812
-0.624525,9.320326,-2.838623
-0.630255,9.316739,-2.836927
-0.629330,9.327753,-2.837916
-0.634765,9.318739,-2.846144
-0.631277,9.323315,-2.838071
-0.637154,9.330190,-2.854098
-0.629103,9.329459,-2.844201
-0.639378,9.317175,-2.852063
-0.639922,9.323560,-2.842237
-0.633309,9.318524,-2.847815
-0.640337,9.324961,-2.845463
-0.637330,9.320866,-2.858193
-0.643685,9.318539,-2.858770
-0.644025,9.320507,-2.853230
-0.645621,9.316530,-2.865165
-0.647143,9.318820,-2.863363
-0.646972,9.314257,-2.855849
-0.643431,9.315337,-2.860983
-0.646139,9.319656,-2.857372
-0.647042,9.323554,-2.864948
-0.656440,9.316747,-2.854678
-0.645853,9.327549,-2.861402
-0.650001,9.319793,-2.869299
-0.660037,9.313794,-2.872481
-0.655814,9.309580,-2.868625
-0.653450,9.323401,-2.861290
-0.656400,9.312434,-2.871214
-0.663350,9.313642,-2.867696
-0.662943,9.311949,-2.868247
-0.655407,9.312237,-2.879524
-0.665597,9.308971,-2.871153
-0.668870,9.318155,-2.882251
-0.670473,9.314362,-2.872548
-0.665256,9.314144,-2.884425
-0.670702,9.310223,-2.875505
-0.667964,9.311304,-2.875236
-0.659081,9.313720,-2.886394
-0.663762,9.304781,-2.882327
-0.671627,9.313146,-2.878679
-0.668135,9.311401,-2.885767
-0.674357,9.312481,-2.885510
-0.671473,9.319936,-2.883757
-0.682506,9.301693,-2.889729
-0.675651,9.312238,-2.892612
-0.671613,9.301022,-2.893411
-0.684834,9.306991,-2.900677
-0.679721,9.301891,-2.897257
-0.677081,9.300914,-2.888541
-0.676531,9.306971,-2.895052
-0.683502,9.306282,-2.900465
-0.683747,9.313029,-2.905957
-0.681059,9.299941,-2.896511
-0.686805,9.299450,-2.898899
-0.686266,9.305489,-2.894265
-0.686807,9.304203,-2.895577
-0.684594,9.296616,-2.896477
-0.690444,9.307609,-2.899932
-0.687400,9.298682,-2.905951
-0.705865,9.305133,-2.903007
-0.690484,9.297015,-2.903373
-0.694527,9.305469,-2.906160
-0.690959,9.305485,-2.901672
-0.687125,9.305928,-2.905804
-0.698312,9.302632,-2.904902
-0.694052,9.295664,-2.906071
-0.694541,9.300016,-2.904180
-0.700906,9.303183,-2.916231
-0.700822,9.298190,-2.910077
-0.704174,9.296599,-2.902241
-0.697791,9.298297,-2.919743
-0.704512,9.298433,-2.913031
-0.706983,9.309172,-2.921549
-0.703819,9.297397,-2.920789
-0.698439,9.293770,-2.918088
-0.705286,9.300739,-2.914067
-0.705072,9.294161,-2.927787
-0.714153,9.299071,-2.912906
-0.702578,9.297119,-2.917789
-0.714675,9.291447,-2.922652
-0.717100,9.294955,-2.918420
-0.709858,9.291621,-2.916503
-0.713804,9.288238,-2.929237
-0.712684,9.300005,-2.918101
-0.696408,9.293048,-2.927194
-0.719786,9.295968,-2.929330
-0.714145,9.300224,-2.926181
-0.718562,9.295259,-2.927828
-0.714746,9.288038,-2.937134
-0.716815,9.298852,-2.936273
-0.722304,9.295979,-2.934720
-0.728209,9.294824,-2.932512
-0.727008,9.292774,-2.922511
-0.723136,9.300235,-2.939651
-0.725228,9.291797,-2.937528
-0.729278,9.298330,-2.931300
-0.716995,9.291569,-2.934774
-0.721685,9.284717,-2.937115
-0.727442,9.287759,-2.939951
-0.723577,9.290544,-2.936934
-0.722879,9.291757,-2.940182
-0.727597,9.294698,-2.944267
-0.723933,9.289433,-2.936318
-0.741650,9.291124,-2.940013
-0.717621,9.299513,-2.944796
-0.721619,9.290669,-2.938513
-0.727339,9.292919,-2.939452
-0.727216,9.298127,-2.944356
-0.725527,9.294107,-2.945259
-0.735316,9.284641,-2.949498
-0.733047,9.282173,-2.943065
-0.731119,9.281137,-2.953199
-0.738637,9.287315,-2.945648
-0.736133,9.291053,-2.945216
-0.731832,9.284686,-2.946998
-0.737890,9.283125,-2.953438
-0.734727,9.290424,-2.948395
-0.733692,9.285208,-2.949603
-0.739153,9.284205,-2.945130
-0.745455,9.293636,-2.960736
-0.732555,9.292595,-2.962306
-0.741929,9.286102,-2.960339
-0.737214,9.279124,-2.958502
-0.735978,9.295944,-2.957420
-0.743032,9.292179,-2.960040
-0.748097,9.287471,-2.953861
-0.739112,9.290773,-2.961276
-0.739949,9.280937,-2.953599
-0.749659,9.289110,-2.955277
-0.739033,9.283698,-2.960866
-0.744930,9.283726,-2.955792
-0.755164,9.280027,-2.957023
-0.748699,9.284725,-2.951181
-0.750812,9.296016,-2.964038
-0.750047,9.276668,-2.964137
-0.747917,9.276404,-2.960508
-0.752711,9.276588,-2.962090
-0.741917,9.276385,-2.964814
-0.748514,9.276876,-2.958902
-0.745500,9.277300,-2.965513
-0.756158,9.279111,-2.960229
-0.742900,9.283216,-2.968424
-0.749024,9.275612,-2.970961
-0.751164,9.291797,-2.967024
-0.760308,9.283251,-2.967998
-0.752834,9.293076,-2.972526
-0.754288,9.285174,-2.972399
-0.760351,9.289657,-2.967042
-0.751688,9.281358,-2.967966
-0.763573,9.280366,-2.970809
-0.761711,9.276057,-2.974342
-0.762567,9.269985,-2.972244
-0.762632,9.276228,-2.976726
-0.766525,9.288831,-2.964617
-0.761174,9.281370,-2.971517
-0.759689,9.278250,-2.976387
-0.769125,9.281851,-2.971240
-0.765119,9.281273,-2.975033
-0.762994,9.276389,-2.976847
-0.757424,9.279061,-2.973127
-0.762820,9.278038,-2.974553
-0.762757,9.275525,-2.980624
-0.767588,9.274221,-2.976318
-0.761716,9.286610,-2.981222
-0.763709,9.271916,-2.982573
-0.765382,9.281258,-2.975040
-0.768009,9.277035,-2.977937
-0.767386,9.275397,-2.978573
-0.773017,9.283198,-2.985330
-0.771332,9.279161,-2.983114
-0.773806,9.277569,-2.982761
-0.767474,9.280134,-2.988292
-0.768245,9.271105,-2.982891
-0.783464,9.275912,-2.988256
-0.775913,9.269867,-2.984352
-0.771852,9.277473,-2.987480
-0.767409,9.272742,-2.989951
-0.774058,9.272464,-2.982309
-0.785382,9.274294,-2.988095
-0.761574,9.276744,-2.981454
-0.779055,9.277191,-2.992077
-0.774269,9.266558,-2.996270
-0.770829,9.269751,-2.993612
-0.781980,9.276925,-2.993111
-0.784189,9.273743,-2.980052
-0.772791,9.285161,-2.989753
-0.773188,9.270330,-2.995753
-0.784549,9.280707,-2.994809
-0.771938,9.266642,-2.992198
-0.777102,9.271301,-2.996899
-0.778055,9.281784,-2.995706
-0.776430,9.273919,-2.986424
-0.774272,9.267151,-3.000520
-0.775091,9.268956,-2.991421
-0.785057,9.282313,-2.994445
-0.784193,9.273669,-2.988152
-0.777914,9.265574,-2.998014
-0.777763,9.264494,-2.997430
-0.772417,9.271760,-2.998233
-0.784543,9.273088,-2.994361
-0.794597,9.265800,-2.997796
-0.788566,9.274630,-2.995855
-0.781575,9.273321,-3.000643
-0.778946,9.280171,-3.000707
-0.781595,9.266123,-3.001366
-0.773266,9.266776,-2.995818
-0.783804,9.265190,-2.996118
-0.784896,9.271415,-3.000477
-0.782180,9.270683,-2.994672
-0.794795,9.268208,-3.010695
-0.780482,9.263797,-3.011449
-0.791576,9.269528,-3.004270
-0.790756,9.272998,-2.995609
-0.791011,9.259743,-2.999983
-0.785653,9.266567,-2.999604
-0.786002,9.263001,-3.003231
-0.787724,9.265138,-3.007531
-0.795569,9.259557,-3.008611
-0.793896,9.268684,-3.006661
-0.796538,9.269279,-3.004308
-0.789299,9.264941,-2.998444
-0.791078,9.263359,-3.010960
-0.791902,9.262853,-3.003880
-0.785158,9.269172,-3.002274
-0.790241,9.262148,-3.019205
-0.786983,9.271608,-3.000891
-0.788585,9.264413,-3.007733
-0.795466,9.259922,-3.010215
-0.802755,9.267249,-3.009626
-0.793842,9.258923,-3.008618
-0.800412,9.264428,-3.006744
-0.801957,9.272928,-3.013546
-0.804724,9.265412,-3.011005
-0.797493,9.271647,-3.010031
-0.796918,9.262427,-3.010300
-0.796997,9.267312,-3.019054
-0.794164,9.267131,-3.005771
-0.803569,9.266179,-3.016061
-0.791368,9.273094,-3.014084
-0.803672,9.264451,-3.007768
-0.790297,9.265798,-3.013513
-0.801061,9.260459,-3.017367
-0.802662,9.260660,-3.022784
-0.796777,9.262465,-3.010604
-0.801241,9.262038,-3.009218
-0.795536,9.265647,-3.018505
-0.801762,9.263066,-3.000787
-0.801516,9.262319,-3.015261
-0.797593,9.265490,-3.022980
-0.801976,9.265579,-3.024823
-0.810080,9.269894,-3.013331
-0.810468,9.264919,-3.011031
-0.804683,9.268593,-3.024429
-0.802328,9.266254,-3.022409
-0.804365,9.262857,-3.016446
-0.813370,9.262280,-3.018061
-0.807218,9.257823,-3.022738
-0.810762,9.263870,-3.008693
-0.803369,9.254363,-3.017218
-0.802118,9.264104,-3.023694
-0.803461,9.263101,-3.024926
-0.802959,9.258258,-3.017466
-0.808218,9.261464,-3.027907
-0.802581,9.263325,-3.014022
-0.807606,9.266685,-3.018099
-0.808178,9.247345,-3.037083
-0.797915,9.265114,-3.026425
-0.797516,9.266509,-3.021162
-0.805728,9.268773,-3.014311
-0.809700,9.267547,-3.013135
-0.809696,9.257450,-3.016800
-0.803532,9.262781,-3.025827
-0.810718,9.262533,-3.025711
-0.807788,9.259573,-3.016428
-0.800600,9.258890,-3.011330
-0.807524,9.250143,-3.022678
-0.810781,9.253602,-3.024233
-0.813012,9.256330,-3.022937
-0.807824,9.265717,-3.022152
-0.809789,9.258318,-3.031054
-0.807621,9.256346,-3.027898
-0.800339,9.259407,-3.020022
-0.820996,9.264021,-3.033385
-0.810467,9.264899,-3.030018
-0.813218,9.259490,-3.039483
-0.822405,9.263483,-3.028714
-0.815906,9.264669,-3.025870
-0.808395,9.264272,-3.029624
-0.817150,9.259636,-3.032763
-0.816331,9.269011,-3.021834
-0.813872,9.268675,-3.030526
-0.803413,9.273068,-3.028060
-0.808689,9.264240,-3.035588
-0.816626,9.274578,-3.033036
-0.809731,9.258692,-3.030577
-0.806468,9.259752,-3.026997
-0.811213,9.261102,-3.036600
-0.813112,9.258100,-3.037641
-0.806336,9.254582,-3.031163
-0.822228,9.262070,-3.037691
-0.816392,9.251385,-3.032065
-0.812554,9.267294,-3.033979
-0.822034,9.261762,-3.027978
-0.811446,9.254984,-3.032204
-0.816335,9.252605,-3.030006
-0.814606,9.267465,-3.033539
-0.815312,9.263249,-3.037809
-0.811844,9.257108,-3.039593
-0.827852,9.259503,-3.038219
-0.816749,9.260254,-3.029449
-0.822636,9.257172,-3.040363
-0.816838,9.255298,-3.038029
-0.825443,9.262160,-3.037271
-0.813671,9.250992,-3.039077
-0.820037,9.262400,-3.043356
-0.817913,9.253418,-3.041489
-0.819524,9.268273,-3.034175
-0.817830,9.268975,-3.046113
-0.818485,9.256578,-3.031119
-0.822700,9.258851,-3.043887
-0.816602,9.266591,-3.034348
-0.813021,9.255571,-3.029991
-0.819411,9.257367,-3.038271
-0.825817,9.259087,-3.041052
-0.833052,9.258257,-3.044770
-0.823563,9.255795,-3.038057
-0.823864,9.248655,-3.047254
-0.829821,9.260285,-3.043596
-0.823752,9.252577,-3.039107
-0.816405,9.256281,-3.044675
-0.817121,9.254879,-3.042494
-0.824467,9.248251,-3.040351
-0.812696,9.252832,-3.043416
-0.823078,9.253875,-3.044158
-0.822458,9.260784,-3.044233
-0.829587,9.248878,-3.037952
-0.824881,9.260164,-3.036894
-0.818061,9.259363,-3.028673
-0.821906,9.263743,-3.039798
-0.824775,9.257502,-3.039168
-0.830597,9.257507,-3.046747
-0.826319,9.259114,-3.049176
-0.824383,9.257507,-3.042041
-0.827107,9.259978,-3.052339
-0.821503,9.260223,-3.040208
-0.827040,9.258852,-3.038420
-0.830283,9.248365,-3.047032
-0.827011,9.257914,-3.038476
-0.817783,9.251675,-3.046001
-0.831937,9.248071,-3.048075
-0.826434,9.249165,-3.044088
-0.825238,9.257910,-3.040674
-0.831579,9.252396,-3.043453
-0.838039,9.253477,-3.039234
-0.827924,9.250006,-3.050941
-0.835774,9.251795,-3.049345
-0.824361,9.253626,-3.038902
-0.829032,9.235329,-3.045455
-0.829513,9.258377,-3.044775
-0.821894,9.250867,-3.053006
-0.827828,9.247390,-3.040583
-0.833057,9.244605,-3.040877
-0.829325,9.247480,-3.048059
-0.825163,9.251770,-3.046538
-0.827179,9.259527,-3.044494
-0.821051,9.247862,-3.044383
-0.838007,9.256044,-3.052542
-0.833390,9.253572,-3.041462
-0.835770,9.250057,-3.051995
-0.841161,9.250869,-3.050121
-0.827172,9.250533,-3.049867
-0.832119,9.250346,-3.052917
-0.826540,9.252114,-3.044221
-0.840377,9.260744,-3.056664
-0.834731,9.255340,-3.058175
-0.841409,9.251598,-3.057069
-0.834675,9.252588,-3.040366
-0.835310,9.249455,-3.045302
-0.841809,9.249146,-3.050517
-0.830365,9.249462,-3.053240
-0.836277,9.251930,-3.050901
-0.826525,9.246435,-3.051456
-0.842905,9.252931,-3.047339
-0.833064,9.259016,-3.052060
-0.828440,9.254066,-3.051326
-0.827443,9.258589,-3.054076
-0.829789,9.251610,-3.049647
-0.831094,9.256331,-3.045679
-0.833708,9.250900,-3.057784
-0.848832,9.256007,-3.042739
-0.832230,9.244603,-3.048175
-0.835420,9.246044,-3.061614
-0.837750,9.253158,-3.048621
-0.846113,9.259711,-3.054050
-0.835793,9.258562,-3.049014
-0.841612,9.250435,-3.049867
-0.842081,9.263089,-3.050550
-0.840331,9.251873,-3.052153
-0.825446,9.252642,-3.052592
-0.842526,9.251214,-3.047277
-0.841664,9.242206,-3.051901
-0.837016,9.255501,-3.059904
-0.838645,9.244863,-3.056229
-0.838630,9.249911,-3.054142
-0.847535,9.257294,-3.044622
-0.833041,9.244370,-3.059862
-0.833764,9.242258,-3.057731
-0.842386,9.260143,-3.047053
-0.836320,9.249575,-3.053497
-0.851544,9.250842,-3.057262
-0.837888,9.252235,-3.062418
-0.834976,9.251349,-3.056793
-0.839060,9.244417,-3.049069
-0.838792,9.252489,-3.052287
-0.840108,9.245953,-3.051046
-0.838725,9.248891,-3.055982
-0.850636,9.252611,-3.056234
-0.834477,9.264050,-3.047154
-0.842001,9.251825,-3.057582
-0.840137,9.250879,-3.056141
-0.847644,9.255301,-3.048774
-0.841274,9.242055,-3.052354
-0.841356,9.263842,-3.069203
-0.844964,9.247949,-3.054152
-0.836126,9.258526,-3.051660
-0.850547,9.243579,-3.052437
-0.836960,9.245055,-3.056328
-0.841855,9.254945,-3.057656
-0.841735,9.259926,-3.045747
-0.838515,9.252070,-3.052273
-0.832461,9.256286,-3.056086
-0.847428,9.249376,-3.059510
-0.839323,9.249928,-3.067955
-0.843879,9.244103,-3.061215
-0.843822,9.246737,-3.059996
-0.839767,9.252107,-3.058747
-0.839880,9.240203,-3.049345
-0.834216,9.239285,-3.054204
-0.836536,9.250302,-3.058559
-0.846406,9.247591,-3.058017
-0.835441,9.255355,-3.060227
-0.838475,9.250963,-3.058730
-0.843785,9.256472,-3.050473
-0.840514,9.249921,-3.066108
-0.843670,9.246603,-3.061097
-0.841893,9.250371,-3.060915
-0.853163,9.260573,-3.048547
-0.844790,9.261217,-3.062178
-0.842501,9.250808,-3.053251
-0.844157,9.250237,-3.058380
-0.849123,9.250502,-3.058756
-0.850083,9.248405,-3.045460
-0.847169,9.244590,-3.056110
-0.845056,9.249458,-3.058177
-0.840055,9.251009,-3.056529
-0.842946,9.257874,-3.057536
-0.840380,9.244905,-3.064571
-0.837676,9.240441,-3.053787
-0.837554,9.252006,-3.062870
-0.843745,9.248908,-3.051282
-0.841272,9.255004,-3.069346
-0.841008,9.240938,-3.070362
-0.842930,9.245755,-3.064964
-0.837051,9.254946,-3.061169
-0.837270,9.252689,-3.052561
-0.844015,9.249282,-3.060468
-0.845466,9.254297,-3.067323
-0.843165,9.257079,-3.068323
-0.837641,9.244196,-3.054382
-0.848404,9.247458,-3.063775
-0.835892,9.252416,-3.055500
-0.842226,9.248459,-3.052676
-0.844012,9.247279,-3.063423
-0.841634,9.255671,-3.059668
-0.843189,9.253786,-3.064243
-0.848092,9.243175,-3.061392
-0.849402,9.258791,-3.063628
-0.853522,9.252712,-3.070466
-0.850498,9.248606,-3.064685
-0.843472,9.248899,-3.056867
-0.843555,9.252183,-3.065979
-0.849536,9.255347,-3.066916
-0.837774,9.245887,-3.055189
-0.846802,9.242696,-3.068422
-0.849795,9.251881,-3.064439
-0.854829,9.241356,-3.060860
-0.844275,9.244390,-3.061892
-0.852652,9.248441,-3.062103
-0.846990,9.255316,-3.070971
-0.840134,9.255729,-3.067567
-0.854093,9.251636,-3.071588
-0.847969,9.255626,-3.064411
-0.856029,9.241385,-3.058383
-0.849674,9.244666,-3.071276
-0.842270,9.243264,-3.068613
-0.849830,9.248467,-3.060857
-0.842436,9.245847,-3.064754
-0.847611,9.252066,-3.065634
-0.846815,9.247913,-3.060665
-0.860395,9.247726,-3.065814
-0.850205,9.245390,-3.067088
-0.854241,9.246717,-3.061575
-0.850480,9.251380,-3.068790
-0.855298,9.247819,-3.070931
-0.857065,9.244298,-3.071508
-0.847400,9.238250,-3.064544
-0.843400,9.242434,-3.068207
-0.851175,9.246462,-3.066267
-0.847544,9.256444,-3.066310
-0.852440,9.247256,-3.059943
-0.847316,9.248057,-3.064570
-0.845013,9.247193,-3.067408
-0.847155,9.243987,-3.064518
-0.852062,9.254716,-3.065180
-0.851712,9.245428,-3.061167
-0.836989,9.250309,-3.073799
-0.846681,9.249168,-3.071192
-0.851034,9.257932,-3.063445
-0.848544,9.245653,-3.064609
-0.865448,9.245598,-3.071150
-0.843711,9.243806,-3.055993
-0.853536,9.250310,-3.066648
-0.858120,9.252526,-3.063625
-0.846011,9.254733,-3.074127
-0.857540,9.252883,-3.068489
-0.845374,9.247357,-3.068234
-0.852780,9.244520,-3.064784
-0.854552,9.246178,-3.066010
-0.849016,9.249539,-3.070749
-0.852694,9.249968,-3.064667
-0.849712,9.244372,-3.064831
-0.851697,9.244014,-3.069569
-0.858703,9.242476,-3.076745
-0.848699,9.251423,-3.074820
-0.846215,9.247245,-3.074477
-0.855027,9.244632,-3.069595
-0.845241,9.249030,-3.065874
-0.850945,9.247585,-3.072488
-0.853816,9.241772,-3.072737
-0.845860,9.251964,-3.060231
-0.843910,9.239666,-3.064391
-0.844053,9.246461,-3.064607
-0.856739,9.246886,-3.061745
-0.853252,9.242748,-3.070377
-0.859587,9.248676,-3.074411
-0.840820,9.254387,-3.070248
-0.850370,9.241867,-3.063700
-0.852775,9.252798,-3.071895
-0.854999,9.233399,-3.064838
-0.857265,9.249194,-3.069484
-0.851566,9.248652,-3.059190
-0.848524,9.244772,-3.066969
-0.849932,9.242189,-3.073572
-0.855441,9.252836,-3.071096
-0.852040,9.247687,-3.067012
-0.853457,9.249809,-3.067516
-0.842269,9.246526,-3.074498
-0.861110,9.252907,-3.071175
-0.854357,9.240207,-3.071278
-0.856519,9.239292,-3.066823
-0.848368,9.247703,-3.068612
-0.861540,9.250572,-3.070224
-0.851800,9.236113,-3.073820
-0.859162,9.239619,-3.075479
-0.855417,9.247125,-3.065129
-0.856310,9.248041,-3.072142
-0.850863,9.245787,-3.075910
-0.844444,9.240355,-3.074124
-0.856152,9.250149,-3.071295
-0.860582,9.247847,-3.069692
-0.862428,9.239898,-3.068157
-0.851723,9.239308,-3.075594
-0.859811,9.254581,-3.063949
-0.856994,9.241861,-3.076713
-0.853851,9.244032,-3.069238
-0.859690,9.247289,-3.071435
-0.845302,9.243274,-3.066203
-0.845741,9.252554,-3.066313
-0.858715,9.245820,-3.071615
-0.853737,9.255000,-3.071086
-0.861524,9.242157,-3.071037
-0.847386,9.241624,-3.076770
-0.849916,9.247998,-3.071204
-0.856891,9.238469,-3.080773
-0.864456,9.255558,-3.061961
-0.854155,9.250888,-3.073587
-0.852462,9.248089,-3.073515
-0.852584,9.246992,-3.072121
-0.856155,9.248234,-3.074744
-0.852252,9.240659,-3.071475
-0.860705,9.254242,-3.074102
-0.857853,9.244679,-3.076752
-0.857734,9.246755,-3.075038
-0.856318,9.243931,-3.071056
-0.850178,9.242796,-3.066341
-0.852153,9.240583,-3.078934
-0.859870,9.236093,-3.066709
-0.854508,9.236759,-3.066658
-0.854051,9.239677,-3.075631
-0.857509,9.241160,-3.073976
-0.852050,9.240630,-3.073366
-0.855688,9.235475,-3.077172
-0.852278,9.245311,-3.063536
-0.852262,9.249966,-3.076566
-0.848520,9.243532,-3.067470
-0.856692,9.245907,-3.079630
-0.858577,9.247164,-3.069876
-0.844147,9.248167,-3.073101
-0.868032,9.243807,-3.075834
-0.857924,9.248469,-3.079079
-0.850921,9.244456,-3.079205
-0.854958,9.254252,-3.071721
-0.857040,9.250576,-3.075695
-0.849641,9.236485,-3.073072
-0.852626,9.248325,-3.065547
-0.853978,9.250985,-3.070287
-0.858877,9.236651,-3.076604
-0.856967,9.228676,-3.071456
-0.856166,9.249103,-3.072598
-0.844800,9.247882,-3.066484
-0.861056,9.241542,-3.078748
-0.852223,9.245608,-3.075441
-0.863434,9.247280,-3.069017
-0.855611,9.247738,-3.071767
-0.869833,9.240769,-3.062476
-0.867741,9.241762,-3.078104
-0.855234,9.244989,-3.083175
-0.860400,9.240768,-3.087623
-0.856465,9.241835,-3.082967
-0.859958,9.241212,-3.074649
-0.855712,9.243414,-3.074004
-0.861894,9.232317,-3.076208
-0.858282,9.239905,-3.063882
-0.857179,9.241209,-3.068906
-0.858344,9.242815,-3.080215
-0.856317,9.238893,-3.077190
-0.864888,9.242947,-3.078621
-0.856071,9.248821,-3.064861
-0.852145,9.246097,-3.066016
-0.859885,9.242836,-3.090003
-0.854906,9.239295,-3.074172
-0.858926,9.239672,-3.074029
-0.865702,9.242191,-3.071909
-0.854359,9.239065,-3.076248
-0.858732,9.237502,-3.077188
-0.853072,9.238860,-3.078702
-0.860631,9.241798,-3.075948
-0.854989,9.245602,-3.078170
-0.868887,9.247467,-3.076224
-0.856951,9.246676,-3.078782
-0.857122,9.247396,-3.077009
-0.855298,9.248200,-3.077332
-0.862576,9.254573,-3.070440
-0.865186,9.244193,-3.075422
-0.864957,9.243493,-3.076414
-0.863419,9.247957,-3.076654
-0.866101,9.244452,-3.081266
-0.863953,9.238007,-3.074399
-0.852583,9.241010,-3.077928
-0.860592,9.252363,-3.075595
-0.859500,9.239669,-3.069398
-0.857583,9.242328,-3.083165
-0.861049,9.240906,-3.075388
-0.854080,9.245135,-3.075481
-0.857921,9.245375,-3.078975
-0.864020,9.237685,-3.078927
-0.865928,9.243439,-3.081519
-0.859122,9.240372,-3.072855
-0.855268,9.239376,-3.081523
-0.862263,9.239305,-3.080859
-0.860767,9.247221,-3.073697
-0.860343,9.245515,-3.076136
-0.875575,9.245651,-3.078501
-0.861259,9.237243,-3.071663
-0.862965,9.242877,-3.078213
-0.857257,9.242793,-3.077803
-0.864080,9.234653,-3.076161
-0.862938,9.239088,-3.076135
-0.864288,9.239793,-3.081255
-0.867702,9.254471,-3.079853
-0.860929,9.238408,-3.083913
-0.877119,9.237837,-3.077457
-0.854282,9.244378,-3.073518
-0.854508,9.244012,-3.082475
-0.858550,9.233911,-3.069387
-0.854127,9.248170,-3.072468
-0.861193,9.249848,-3.073787
-0.858958,9.248781,-3.071234
-0.866318,9.239730,-3.074937
-0.857913,9.249545,-3.074476
-0.858546,9.234037,-3.080089
-0.857394,9.245322,-3.070645
-0.857535,9.238185,-3.073817
-0.860040,9.239197,-3.078428
-0.860996,9.239854,-3.070427
-0.862693,9.246788,-3.074170
-0.860683,9.233113,-3.078182
-0.849298,9.248472,-3.074037
-0.863333,9.244956,-3.075873
-0.859158,9.240832,-3.071922
-0.857942,9.244425,-3.078425
-0.866226,9.249860,-3.077033
-0.845963,9.242352,-3.092061
-0.865688,9.241273,-3.071913
-0.858275,9.244075,-3.084150
-0.856676,9.244731,-3.070522
-0.868562,9.241872,-3.087858
-0.872614,9.244541,-3.092754
-0.862118,9.245501,-3.079277
-0.856543,9.241991,-3.072640
-0.857990,9.232896,-3.081376
-0.863954,9.246126,-3.078227
-0.858114,9.246854,-3.079628
-0.860674,9.248586,-3.074158
-0.856021,9.243181,-3.086892
-0.856484,9.244198,-3.082807
-0.854655,9.250743,-3.078872
-0.857847,9.238288,-3.078737
-0.859963,9.244919,-3.071133
-0.864012,9.243810,-3.081980
-0.858985,9.245281,-3.080862
-0.864800,9.241538,-3.077039
-0.865869,9.241378,-3.075307
-0.862868,9.248193,-3.075339
-0.862780,9.242508,-3.072045
-0.854694,9.247507,-3.082886
-0.864901,9.254426,-3.071539
-0.860072,9.243541,-3.072199
-0.868503,9.247154,-3.075551
-0.859336,9.246495,-3.079298
-0.868138,9.242195,-3.086830
-0.861316,9.244741,-3.088060
-0.851536,9.242550,-3.070164
-0.869522,9.234275,-3.076925
-0.850365,9.235362,-3.082793
-0.859164,9.242815,-3.077642
-0.861003,9.238879,-3.080093
-0.863468,9.242301,-3.071850
-0.861149,9.244181,-3.086074
-0.860767,9.242940,-3.081121
-0.866277,9.246561,-3.073569
-0.859040,9.242795,-3.065189
-0.869128,9.249802,-3.075969
-0.860570,9.246285,-3.068620
-0.858233,9.240278,-3.073269
-0.861116,9.236745,-3.084829
-0.856008,9.238446,-3.071684
-0.854596,9.241991,-3.081029
-0.864720,9.246301,-3.088068
-0.867361,9.253243,-3.074661
-0.858126,9.245767,-3.078350
-0.866699,9.243290,-3.079366
-0.865624,9.237444,-3.067507
-0.867771,9.237233,-3.080596
-0.866634,9.246859,-3.089615
-0.855152,9.238953,-3.088475
-0.860597,9.237726,-3.074729
-0.859217,9.239298,-3.077198
-0.860318,9.241428,-3.078560
-0.847645,9.238612,-3.081092
-0.852661,9.232826,-3.082304
-0.868374,9.234737,-3.080167
-0.863156,9.247474,-3.081388
-0.864075,9.245277,-3.080325
-0.862692,9.248720,-3.090595
-0.871852,9.236681,-3.077380
-0.860598,9.241558,-3.082478
-0.866851,9.242172,-3.079656
-0.867919,9.246166,-3.078836
-0.856465,9.238949,-3.069446
-0.862370,9.245048,-3.083045
-0.860419,9.237554,-3.072780
-0.866642,9.240312,-3.074260
-0.859862,9.244076,-3.082262
-0.859977,9.244885,-3.076974
-0.868027,9.231111,-3.075142
-0.856743,9.251451,-3.085590
-0.858865,9.244576,-3.079667
-0.857817,9.233839,-3.072655
-0.863199,9.242117,-3.081455
-0.869074,9.243937,-3.082802
-0.860970,9.242911,-3.080917
-0.859182,9.244958,-3.082205
-0.860657,9.238551,-3.081952
-0.873431,9.234606,-3.086126
-0.860274,9.241071,-3.077995
-0.860932,9.239485,-3.074877
-0.856081,9.233174,-3.079232
-0.869054,9.243907,-3.081153
-0.867384,9.245079,-3.084911
-0.862078,9.250446,-3.073545
-0.860157,9.242058,-3.069310
-0.863150,9.238839,-3.084362
-0.853952,9.245575,-3.085720
-0.855608,9.249780,-3.085710
-0.862344,9.238692,-3.084730
-0.858062,9.236077,-3.075417
-0.866417,9.243188,-3.074615
-0.868579,9.242734,-3.077776
-0.860364,9.245229,-3.079282
-0.868445,9.252190,-3.074088
-0.869900,9.237318,-3.077085
-0.862823,9.242841,-3.075928
-0.869263,9.244462,-3.073504
-0.865606,9.244050,-3.083476
-0.865797,9.239750,-3.078342
-0.869706,9.245977,-3.075900
-0.864045,9.245926,-3.073569
-0.859242,9.240682,-3.088893
-0.857038,9.251233,-3.078166
-0.854858,9.246459,-3.072355
-0.855678,9.232481,-3.084520
-0.854367,9.229271,-3.077079
-0.865194,9.246500,-3.075142
-0.864431,9.241389,-3.081773
-0.869499,9.237930,-3.073248
-0.864269,9.246466,-3.079758
-0.861584,9.249426,-3.087180
-0.872145,9.245139,-3.073987
-0.858447,9.242101,-3.083694
-0.856670,9.242475,-3.071567
-0.864122,9.235846,-3.083685
-0.862783,9.241628,-3.076580
-0.862223,9.242436,-3.081979
-0.856258,9.249752,-3.074541
-0.859099,9.239668,-3.078967
-0.860658,9.246616,-3.083566
-0.854796,9.235063,-3.078787
-0.866479,9.239246,-3.085711
-0.860204,9.252552,-3.083920
-0.866081,9.242810,-3.076071
-0.863056,9.233543,-3.078129
-0.870994,9.245672,-3.074723
-0.863730,9.247137,-3.090486
-0.857418,9.245638,-3.085209
-0.857461,9.240583,-3.080274
-0.869007,9.249841,-3.079323
-0.873841,9.241761,-3.077482
-0.863298,9.243405,-3.079177
-0.863330,9.233767,-3.071848
-0.875629,9.245199,-3.078266
-0.861796,9.252808,-3.074970
-0.862270,9.239381,-3.070791
-0.860312,9.246435,-3.086056
-0.861182,9.245104,-3.077641
-0.863904,9.246130,-3.081368
-0.867879,9.241968,-3.082729
-0.860107,9.245053,-3.076168
-0.859511,9.245698,-3.076272
-0.853528,9.240822,-3.089520
-0.859187,9.242611,-3.084874
-0.857261,9.243380,-3.082541
-0.856536,9.241961,-3.078797
-0.862649,9.243361,-3.081074
-0.858543,9.246634,-3.071673
-0.853701,9.241541,-3.085966
-0.860076,9.254227,-3.080480
-0.862485,9.245103,-3.082943
-0.869782,9.240546,-3.081974
-0.865384,9.239744,-3.081209
-0.857714,9.244414,-3.085203
-0.858245,9.236109,-3.081954
-0.871385,9.243218,-3.072205
-0.872056,9.248666,-3.087393
-0.862920,9.240368,-3.075303
-0.868303,9.241313,-3.077869
-0.869040,9.244646,-3.085961
-0.857619,9.242744,-3.078159
-0.860800,9.245666,-3.085552
-0.859125,9.255815,-3.083958
-0.866303,9.241162,-3.076447
-0.860313,9.247123,-3.075794
-0.859113,9.240266,-3.085983
-0.865448,9.240782,-3.077385
-0.861467,9.231865,-3.072524
-0.860692,9.235739,-3.077598
-0.864529,9.243067,-3.080157
-0.862493,9.246053,-3.076960
-0.867823,9.246308,-3.077776
-0.863365,9.242378,-3.086411
-0.860412,9.240520,-3.081951
-0.862918,9.241203,-3.082474
-0.872290,9.235303,-3.076152
-0.863131,9.243814,-3.083434
-0.872291,9.239308,-3.079016
-0.860726,9.243202,-3.070987
-0.857406,9.237516,-3.082420
-0.866080,9.245667,-3.073574
-0.865751,9.241688,-3.078235
-0.868423,9.236970,-3.076018
-0.856258,9.246693,-3.085274
-0.867686,9.243282,-3.079192
-0.874438,9.241645,-3.089280
-0.861838,9.242852,-3.083674
-0.865410,9.241171,-3.085330
-0.863015,9.239711,-3.080782
-0.869367,9.237218,-3.084303
-0.863065,9.243783,-3.083823
-0.859933,9.249319,-3.086078
-0.857217,9.243881,-3.086465
-0.869781,9.236971,-3.083043
-0.875466,9.245325,-3.086393
-0.860125,9.250060,-3.071559
-0.870202,9.235352,-3.077564
-0.865420,9.240488,-3.079456
-0.865864,9.244583,-3.074739
-0.865476,9.240914,-3.076470
-0.853272,9.233783,-3.085601
-0.864737,9.244593,-3.072280
-0.854040,9.241627,-3.093717
-0.866070,9.241584,-3.075839
-0.858861,9.237049,-3.072720
-0.863332,9.248686,-3.070749
-0.873041,9.244264,-3.079584
-0.863295,9.239859,-3.080806
-0.855898,9.242962,-3.080135
-0.860306,9.240371,-3.079895
-0.866358,9.247569,-3.089398
-0.863477,9.246197,-3.080552
-0.864217,9.232190,-3.072494
-0.858771,9.243674,-3.070891
-0.864910,9.251114,-3.081015
-0.858039,9.241914,-3.079343
-0.865532,9.235750,-3.077223
-0.863697,9.248576,-3.082424
-0.860656,9.239997,-3.079614
-0.862811,9.249698,-3.080078
-0.863574,9.248654,-3.082791
-0.859646,9.236569,-3.089715
-0.873982,9.245333,-3.080208
-0.866509,9.241061,-3.090319
-0.869710,9.244080,-3.088381
-0.863867,9.249475,-3.069476
-0.865931,9.249861,-3.072386
-0.860917,9.243807,-3.088552
-0.856345,9.236464,-3.079821
-0.860795,9.242865,-3.082525
-0.869576,9.241433,-3.082582
-0.852488,9.244161,-3.084724
-0.863792,9.235201,-3.089501
-0.862737,9.240633,-3.084822
-0.865653,9.243719,-3.079949
-0.871592,9.237982,-3.077988
-0.861981,9.234940,-3.088687
-0.846389,9.234110,-3.080900
-0.863555,9.243675,-3.078204
-0.862848,9.235764,-3.079784
-0.870202,9.240512,-3.089593
-0.866305,9.240045,-3.079403
-0.873056,9.242106,-3.066527
-0.858534,9.236331,-3.072568
-0.864617,9.238177,-3.083540
-0.866804,9.245098,-3.078189
-0.867657,9.250906,-3.079430
-0.860717,9.235536,-3.080469
-0.857819,9.241942,-3.084743
-0.863543,9.244957,-3.090169
-0.865499,9.246054,-3.081711
-0.864311,9.243787,-3.080007
-0.855143,9.240654,-3.084589
-0.864517,9.234203,-3.082854
-0.859211,9.239330,-3.070336
-0.867302,9.248707,-3.081721
-0.859909,9.237070,-3.089635
-0.871212,9.239270,-3.082597
-0.864220,9.245628,-3.077563
-0.866809,9.244422,-3.077971
-0.863888,9.243519,-3.073690
-0.862596,9.247469,-3.086105
-0.863061,9.242239,-3.070857
-0.871315,9.238971,-3.088984
-0.862399,9.239229,-3.076868
-0.872548,9.238309,-3.084527
-0.862041,9.242968,-3.075740
-0.860140,9.240680,-3.079759
-0.863565,9.235334,-3.086611
-0.866361,9.238852,-3.086043
-0.864030,9.241241,-3.080356
-0.855284,9.239323,-3.079712
-0.857907,9.243980,-3.080608
-0.858870,9.236194,-3.079497
-0.858022,9.230398,-3.076489
-0.870449,9.231558,-3.086136
-0.866173,9.238800,-3.082693
-0.871282,9.246146,-3.086129
-0.860024,9.247411,-3.082104
-0.864156,9.243263,-3.088677
-0.871063,9.240194,-3.088747
-0.864498,9.247272,-3.071450
-0.866565,9.241596,-3.076824
-0.874328,9.238846,-3.089867
-0.860020,9.244745,-3.084310
-0.863794,9.241561,-3.082580
-0.869900,9.247622,-3.087956
-0.864797,9.241523,-3.088347
-0.857531,9.246056,-3.083000
-0.862907,9.235870,-3.071781
-0.867832,9.239818,-3.081054
-0.866753,9.243540,-3.078368
-0.861138,9.250227,-3.085965
-0.867119,9.237602,-3.072445
-0.865124,9.251029,-3.088771
-0.861943,9.238680,-3.085422
-0.864601,9.246586,-3.085196
-0.856437,9.239633,-3.076969
-0.860041,9.247647,-3.082739
-0.865529,9.241982,-3.084041
-0.867841,9.242316,-3.070972
-0.865148,9.237981,-3.083915
-0.864863,9.246005,-3.082714
-0.857993,9.248516,-3.069006
-0.862019,9.237583,-3.081621
-0.861895,9.246623,-3.089043
-0.854603,9.249875,-3.088383
-0.863719,9.243428,-3.084953
-0.867993,9.240419,-3.083592
-0.867918,9.248637,-3.080762
-0.862551,9.247247,-3.082827
-0.861413,9.250056,-3.081001
-0.860388,9.248684,-3.089226
-0.856726,9.235229,-3.083022
-0.868934,9.236085,-3.074708
-0.860924,9.236353,-3.078674
-0.865190,9.232735,-3.078162
-0.876421,9.237887,-3.074223
-0.870746,9.242280,-3.087826
-0.865056,9.238737,-3.083091
-0.861750,9.243200,-3.090843
-0.868737,9.239658,-3.071650
-0.867066,9.235535,-3.076416
-0.867779,9.237565,-3.088341
-0.865610,9.242507,-3.075567
-0.864499,9.239866,-3.079749
-0.860967,9.240515,-3.081533
-0.863761,9.232413,-3.080639
-0.871103,9.249067,-3.075440
-0.864302,9.240822,-3.076135
-0.870627,9.240808,-3.077723
-0.868453,9.236842,-3.081240
-0.860265,9.238086,-3.080585
-0.869933,9.241735,-3.079699
-0.862844,9.236572,-3.082569
-0.866079,9.237229,-3.074006
-0.866678,9.236024,-3.075302
-0.873567,9.239027,-3.078966
-0.866671,9.241561,-3.080339
-0.867827,9.237252,-3.081178
-0.871985,9.237901,-3.086023
-0.863044,9.234236,-3.082058
-0.872774,9.244971,-3.076738
-0.861095,9.239954,-3.078884
-0.866167,9.235680,-3.086381
-0.874584,9.240937,-3.085884
-0.862906,9.238718,-3.073781
-0.864723,9.242393,-3.086748
-0.863367,9.242991,-3.086520
-0.860887,9.238733,-3.086917
-0.858478,9.239272,-3.072214
-0.867181,9.239610,-3.081473
-0.872321,9.236912,-3.080323
-0.869225,9.237223,-3.080474
-0.871747,9.245221,-3.086233
-0.873933,9.248008,-3.082292
-0.856432,9.245064,-3.090748
-0.864332,9.240845,-3.075767
-0.868927,9.243741,-3.073807
-0.863354,9.235644,-3.087505
-0.860853,9.238247,-3.078387
-0.860446,9.241070,-3.078031
-0.860905,9.241463,-3.071295
-0.857476,9.229504,-3.077932
-0.865854,9.231142,-3.079498
-0.859526,9.242630,-3.073263
-0.860243,9.250462,-3.093504
-0.865906,9.238690,-3.075540
-0.865379,9.243276,-3.084469
-0.874732,9.242233,-3.080263
-0.878957,9.237844,-3.081455
-0.865512,9.233932,-3.081974
-0.874256,9.237229,-3.079552
-0.863464,9.247059,-3.086119
-0.867309,9.244359,-3.081837
-0.858616,9.238643,-3.078774
-0.867113,9.227524,-3.084398
-0.871364,9.240728,-3.082282
-0.865006,9.239949,-3.085723
-0.865982,9.235773,-3.087417
-0.856401,9.242856,-3.090483
-0.865798,9.240324,-3.084186
-0.875626,9.244743,-3.082287
-0.864426,9.240705,-3.072131
-0.868575,9.244588,-3.087297
-0.860155,9.232243,-3.085297
-0.866136,9.242651,-3.077559
-0.867847,9.235374,-3.086977
-0.862724,9.237733,-3.089240
-0.866467,9.238902,-3.075304
-0.866318,9.244290,-3.083651
-0.868589,9.240187,-3.075509
-0.869745,9.228201,-3.080792
-0.869548,9.242536,-3.086475
-0.871351,9.243384,-3.087621
-0.868974,9.239043,-3.083709
-0.863754,9.234070,-3.077717
-0.858642,9.249377,-3.081962
-0.859440,9.237798,-3.088383
-0.868853,9.243089,-3.080717
-0.860840,9.238975,-3.075559
-0.869673,9.241589,-3.082666
-0.867216,9.245658,-3.078075
-0.874189,9.236021,-3.087808
-0.867389,9.243937,-3.082529
-0.867663,9.245916,-3.086788
-0.867857,9.239761,-3.086661
-0.859097,9.244819,-3.091890
-0.867878,9.239833,-3.089684
-0.863566,9.244738,-3.085240
-0.863847,9.234431,-3.078014
-0.852197,9.237982,-3.083564
-0.867521,9.232954,-3.083242
-0.859871,9.251043,-3.091749
-0.866135,9.239953,-3.075394
-0.862014,9.250616,-3.086145
-0.867336,9.242341,-3.079364
-0.864105,9.241361,-3.078730
-0.862889,9.235356,-3.079362
-0.868464,9.241359,-3.088897
-0.862735,9.235622,-3.077728
-0.866097,9.239438,-3.081467
-0.862362,9.252537,-3.075155
-0.865997,9.233821,-3.084489
-0.863011,9.238660,-3.076741
-0.858499,9.232351,-3.082770
-0.865703,9.240397,-3.089232
-0.870119,9.238047,-3.080627
-0.872013,9.245892,-3.085762
-0.874025,9.242691,-3.072444
-0.861140,9.233165,-3.083501
-0.868221,9.250727,-3.081464
-0.868107,9.238815,-3.082267
-0.866933,9.236245,-3.090310
-0.868262,9.238772,-3.078349
-0.862721,9.237034,-3.089260
-0.864807,9.249844,-3.082694
-0.876554,9.241640,-3.084925
-0.870496,9.233931,-3.069734
-0.868340,9.245314,-3.077259
-0.867745,9.241670,-3.086426
-0.855361,9.239786,-3.080290
-0.867138,9.245712,-3.083290
-0.866492,9.234292,-3.084924
-0.860868,9.236042,-3.076201
-0.859490,9.235286,-3.072063
-0.865394,9.236570,-3.088993
-0.864621,9.239636,-3.088641
-0.860136,9.244109,-3.084398
-0.871210,9.238418,-3.082561
-0.857028,9.236114,-3.076394
-0.865290,9.247781,-3.081053
-0.859366,9.244112,-3.083075
-0.869777,9.250090,-3.080272
-0.860809,9.252422,-3.079555
-0.861713,9.239574,-3.078791
-0.862580,9.241571,-3.089154
-0.863638,9.227140,-3.076336
-0.722256,9.229301,-2.953382
-0.572573,9.235716,-2.840818
-0.455251,9.220948,-2.728497
-0.351430,9.213404,-2.640001
-0.258102,9.197788,-2.555716
-0.171683,9.190279,-2.475253
-0.107704,9.194723,-2.411967
-0.042820,9.194595,-2.356787
0.012883,9.185987,-2.295763
0.059181,9.183180,-2.245274
0.108521,9.176965,-2.200242
0.133630,9.179442,-2.153928
0.177065,9.173500,-2.126523
0.204176,9.179938,-2.086042
0.225272,9.169528,-2.062324
0.248821,9.168240,-2.040157
0.258792,9.163304,-2.005172
0.268422,9.167284,-1.994350
0.282883,9.154703,-1.982036
0.294691,9.168528,-1.968437
0.288343,9.154067,-1.951149
0.298638,9.160767,-1.934287
0.297070,9.155083,-1.919424
0.289750,9.154093,-1.909435
0.297703,9.147170,-1.885613
0.291313,9.148396,-1.889593
0.298344,9.139664,-1.885792
0.295009,9.149290,-1.873470
0.277810,9.152954,-1.867187
0.271696,9.142014,-1.876043
0.259552,9.134679,-1.853626
0.254998,9.142301,-1.856565
0.244362,9.134862,-1.856146
0.232830,9.136758,-1.856072
0.221253,9.134884,-1.848794
0.212593,9.136014,-1.840081
0.211115,9.125465,-1.840357
0.194727,9.121420,-1.842302
0.172596,9.121688,-1.847285
0.167483,9.125589,-1.852293
0.145662,9.125924,-1.840296
0.146092,9.112105,-1.845327
0.123377,9.112003,-1.831595
0.108536,9.103191,-1.843163
0.107751,9.116412,-1.841230
0.087963,9.104051,-1.842615
0.066745,9.113181,-1.831848
0.067145,9.112158,-1.843468
0.053048,9.106614,-1.836979
0.022122,9.107551,-1.830844
0.024629,9.098201,-1.840373
-0.004210,9.095142,-1.844127
-0.005260,9.097983,-1.838116
-0.018465,9.106471,-1.835022
-0.047815,9.098139,-1.834601
-0.053065,9.091154,-1.845723
-0.063623,9.084073,-1.835108
-0.075443,9.083408,-1.838327
-0.110768,9.085099,-1.839005
-0.115698,9.084556,-1.852636
-0.127417,9.084979,-1.845897
-0.137289,9.074853,-1.846631
-0.158590,9.075386,-1.851962
-0.173468,9.075522,-1.842798
-0.179518,9.068410,-1.849401
-0.202456,9.072850,-1.846450
-0.219882,9.078058,-1.856457
-0.240510,9.065852,-1.849163
-0.250124,9.063095,-1.848522
-0.263395,9.063100,-1.843104
-0.279492,9.058656,-1.857028
-0.297618,9.058187,-1.856900
-0.309294,9.055175,-1.845011
-0.323999,9.049366,-1.849279
-0.328701,9.045313,-1.849264
-0.346158,9.043691,-1.856110
-0.372621,9.047345,-1.844152
-0.376514,9.037568,-1.859311
-0.402820,9.041197,-1.858312
-0.408532,9.034391,-1.843359
-0.423678,9.028813,-1.853244
-0.438534,9.036967,-1.865353
-0.460709,9.018679,-1.857053
-0.476384,9.028679,-1.861464
-0.490297,9.020510,-1.869184
-0.501230,9.020640,-1.862227
-0.513045,9.005201,-1.857824
-0.535881,9.014966,-1.868537
-0.552481,9.011814,-1.868755
-0.553767,9.012722,-1.864677
-0.583384,9.005452,-1.873519
-0.593083,9.007493,-1.870132
-0.605479,8.997066,-1.870855
-0.622518,8.995805,-1.859367
-0.624372,8.990055,-1.864636
-0.644451,8.985306,-1.868153
-0.667437,8.994226,-1.873045
-0.683177,8.982275,-1.870620
-0.691878,8.976485,-1.868084
-0.707305,8.968236,-1.870271
-0.725540,8.973915,-1.869376
-0.732654,8.973824,-1.872515
-0.761438,8.973715,-1.866513
-0.768813,8.953563,-1.866382
-0.784811,8.963343,-1.869468
-0.790979,8.957852,-1.877019
-0.812587,8.966122,-1.870789
-0.843815,8.954444,-1.871151
-0.848157,8.949743,-1.866750
-0.867326,8.943640,-1.877530
-0.883440,8.947592,-1.872099
-0.887763,8.940854,-1.874222
-0.908183,8.934675,-1.879163
-0.923346,8.931508,-1.881091
-0.932757,8.925275,-1.880678
-0.942348,8.933370,-1.880714
-0.969769,8.918538,-1.876864
-0.977994,8.924816,-1.888327
-0.993743,8.921562,-1.870691
-1.008580,8.908480,-1.877701
-1.028239,8.911350,-1.880549
-1.040232,8.906725,-1.880009
-1.055989,8.899682,-1.880699
-1.078276,8.902327,-1.887036
-1.082837,8.889034,-1.884048
-1.099705,8.894138,-1.884921
-1.117511,8.883588,-1.882833
-1.121295,8.889475,-1.878605
-1.137490,8.876962,-1.887503
-1.164063,8.877180,-1.884057
-1.169065,8.869699,-1.877274
-1.190354,8.874848,-1.891914
-1.196439,8.860645,-1.884741
-1.214168,8.858855,-1.874545
-1.227884,8.851717,-1.885452
-1.251578,8.849755,-1.890710
-1.260376,8.851651,-1.882178
-1.276152,8.843529,-1.890098
-1.294762,8.847670,-1.887617
-1.303917,8.834609,-1.875031
-1.322661,8.825827,-1.886120
-1.333246,8.838397,-1.891223
-1.343967,8.828214,-1.874731
-1.360238,8.825920,-1.889202
-1.385400,8.822612,-1.894133
-1.392316,8.805499,-1.890048
-1.415546,8.801129,-1.888556
-1.428623,8.804915,-1.892662
-1.440336,8.800202,-1.883705
-1.456544,8.794060,-1.878673
-1.472858,8.790674,-1.886349
-1.483250,8.795685,-1.880014
-1.505560,8.777150,-1.893000
-1.511063,8.770161,-1.887682
-1.514788,8.776259,-1.885425
-1.544731,8.771206,-1.886464
-1.553425,8.764051,-1.883122
-1.568122,8.754601,-1.892751
-1.590030,8.753959,-1.897667
-1.598688,8.752007,-1.887340
-1.610092,8.748481,-1.885391
-1.625534,8.742774,-1.887807
-1.642265,8.737612,-1.887816
-1.650349,8.735940,-1.886888
-1.666363,8.725634,-1.892975
-1.685137,8.729443,-1.882680
-1.700068,8.715775,-1.889538
-1.714854,8.722853,-1.892731
-1.731363,8.707620,-1.893706
-1.743806,8.701154,-1.881183
-1.759375,8.707444,-1.880991
-1.777835,8.696179,-1.885473
-1.792999,8.692509,-1.889711
-1.804391,8.688685,-1.893171
-1.823487,8.684364,-1.881006
-1.843894,8.681411,-1.894622
-1.843890,8.665048,-1.885461
-1.857372,8.673423,-1.887183
-1.879162,8.662331,-1.881931
-1.896780,8.654036,-1.891965
-1.907389,8.659530,-1.892583
-1.921609,8.641544,-1.888759
-1.930032,8.649891,-1.887190
-1.946623,8.643528,-1.882554
-1.968138,8.645408,-1.880218
-1.969025,8.631206,-1.892391
-1.986919,8.625797,-1.884191
-2.008433,8.622845,-1.878535
-2.017433,8.614503,-1.878458
-2.031677,8.612019,-1.884864
-2.050212,8.606452,-1.892048
-2.071070,8.598288,-1.882142
-2.078598,8.581673,-1.879055
-2.092397,8.584868,-1.886641
-2.109961,8.586278,-1.887705
-2.126372,8.578086,-1.889485
-2.136869,8.578792,-1.882644
-2.144481,8.567188,-1.876588
-2.161785,8.567446,-1.884902
-2.186160,8.559498,-1.872706
-2.183654,8.551919,-1.874630
-2.203717,8.541806,-1.878258
-2.222205,8.540372,-1.874386
-2.226778,8.540614,-1.880476
-2.251094,8.538581,-1.877871
-2.263130,8.527062,-1.883454
-2.287289,8.519462,-1.876351
-2.287742,8.515087,-1.871846
-2.306044,8.504931,-1.881277
-2.324693,8.505974,-1.882361
-2.328103,8.503682,-1.879406
-2.350109,8.490722,-1.880941
-2.364622,8.489999,-1.870835
-2.390403,8.474255,-1.884850
-2.391699,8.478271,-1.866579
-2.407342,8.474657,-1.876216
-2.426767,8.465801,-1.885828
-2.438355,8.462768,-1.876194
-2.446635,8.449946,-1.873916
-2.467280,8.452449,-1.873348
-2.482944,8.442183,-1.876538
-2.496168,8.433442,-1.878802
-2.503851,8.429663,-1.865146
-2.519216,8.427119,-1.870260
-2.528823,8.424359,-1.868374
-2.548105,8.412058,-1.863788
-2.563272,8.410994,-1.867756
-2.573957,8.399854,-1.867394
-2.590035,8.402336,-1.871415
-2.604492,8.389986,-1.852413
-2.621062,8.384649,-1.868689
-2.640308,8.381773,-1.866743
-2.650576,8.371334,-1.857165
-2.652739,8.367810,-1.853779
-2.679563,8.356823,-1.862187
-2.686577,8.352376,-1.865045
-2.709630,8.346485,-1.857105
-2.717759,8.341907,-1.860453
-2.732584,8.337491,-1.859833
-2.750822,8.335202,-1.851306
-2.765311,8.325777,-1.862406
-2.776974,8.321369,-1.866094
-2.792038,8.314988,-1.865371
-2.800302,8.299447,-1.854250
-2.812896,8.299929,-1.858098
-2.831280,8.300372,-1.853956
-2.845767,8.280004,-1.849723
-2.861778,8.281069,-1.855971
-2.878703,8.280263,-1.850766
-2.886474,8.260339,-1.853514
-2.896810,8.259060,-1.841996
-2.909310,8.258752,-1.848031
-2.925259,8.248834,-1.849355
-2.935672,8.241385,-1.851707
-2.953935,8.240418,-1.843223
-2.974262,8.230299,-1.847423
-2.987557,8.221391,-1.838691
-2.998704,8.222203,-1.842722
-3.017522,8.207441,-1.835793
-3.027293,8.208086,-1.853888
-3.043964,8.191021,-1.845468
-3.050211,8.195705,-1.846211
-3.055048,8.191271,-1.839099
-3.080333,8.174537,-1.836131
-3.097955,8.173525,-1.834803
-3.108947,8.161173,-1.840346
-3.113599,8.157817,-1.836604
-3.133854,8.147528,-1.827059
-3.150570,8.144523,-1.830085
-3.159173,8.129216,-1.828293
-3.184105,8.135948,-1.835528
-3.190691,8.132448,-1.829409
-3.205721,8.116971,-1.826820
-3.214339,8.105724,-1.829831
-3.241380,8.097426,-1.818251
-3.239733,8.094549,-1.822758
-3.267538,8.083026,-1.831006
-3.269420,8.082726,-1.812793
-3.288104,8.078325,-1.814194
-3.299695,8.064925,-1.818361
-3.314041,8.063670,-1.825119
-3.324703,8.063962,-1.820874
-3.341079,8.052148,-1.809294
-3.362010,8.044912,-1.814350
-3.373150,8.033275,-1.810765
-3.385302,8.032858,-1.810969
-3.395990,8.016514,-1.819269
-3.408504,8.017289,-1.796462
-3.419518,8.007487,-1.808648
-3.431421,8.000127,-1.810626
-3.446811,8.002965,-1.804306
-3.463060,7.982473,-1.808212
-3.479401,7.978057,-1.799648
-3.489246,7.976558,-1.804162
-3.508230,7.967610,-1.794215
-3.524603,7.963005,-1.793248
-3.521240,7.949371,-1.798536
-3.534645,7.939227,-1.803856
-3.551645,7.931452,-1.793706
-3.569060,7.930553,-1.795494
-3.584592,7.916763,-1.791943
-3.596391,7.906453,-1.793160
-3.609508,7.902304,-1.786154
-3.629150,7.897449,-1.785325
-3.632073,7.898170,-1.784464
-3.651503,7.882574,-1.789704
-3.662174,7.877453,-1.779531
-3.673692,7.866271,-1.790036
-3.692368,7.858017,-1.781168
-3.704348,7.847030,-1.777862
-3.721789,7.858368,-1.767932
-3.728748,7.838774,-1.775281
-3.735464,7.836714,-1.781059
-3.757375,7.818401,-1.759724
-3.768062,7.813977,-1.768700
-3.782667,7.808427,-1.774488
-3.791001,7.802212,-1.768429
-3.816296,7.790426,-1.773210
-3.824872,7.799939,-1.766217
-3.842560,7.773690,-1.763785
-3.850088,7.771363,-1.767497
-3.865428,7.760131,-1.764991
-3.879633,7.756828,-1.766844
-3.899656,7.752898,-1.752762
-3.898201,7.740694,-1.748777
-3.916943,7.723433,-1.753699
-3.921577,7.726405,-1.746629
-3.934050,7.720325,-1.757220
-3.949584,7.708711,-1.756378
-3.965755,7.705344,-1.750467
-3.975105,7.684756,-1.747616
-3.995784,7.697302,-1.747112
-4.005072,7.684158,-1.739873
-4.019709,7.672409,-1.740079
-4.037573,7.661834,-1.747480
-4.047839,7.660190,-1.732511
-4.054059,7.641996,-1.735970
-4.068919,7.639149,-1.734549
-4.084380,7.630864,-1.734719
-4.100648,7.628040,-1.725892
-4.106467,7.623637,-1.721917
-4.122531,7.603363,-1.730008
-4.138068,7.594990,-1.725998
-4.143705,7.592355,-1.722426
-4.164375,7.583258,-1.713992
-4.168806,7.574108,-1.714099
-4.191465,7.575509,-1.722678
-4.200204,7.544814,-1.714828
-4.214144,7.550612,-1.710638
-4.222608,7.533357,-1.703400
-4.245021,7.531813,-1.709179
-4.246499,7.518223,-1.708222
-4.267557,7.523262,-1.697496
-4.276440,7.512632,-1.709523
-4.286429,7.494819,-1.695949
-4.306060,7.491774,-1.704016
-4.314850,7.489792,-1.693618
-4.326558,7.483729,-1.684146
-4.337030,7.466743,-1.693131
-4.362241,7.464429,-1.699914
-4.357555,7.447931,-1.686257
-4.375374,7.441584,-1.687176
-4.400907,7.439240,-1.678795
-4.402175,7.419354,-1.691035
-4.413162,7.414572,-1.675534
-4.431366,7.400246,-1.681920
-4.447485,7.396492,-1.684335
-4.460140,7.386192,-1.668479
-4.477952,7.387764,-1.673227
-4.488715,7.375193,-1.660866
-4.489434,7.365847,-1.662853
-4.500442,7.350974,-1.654610
-4.522878,7.358450,-1.666929
-4.525466,7.346367,-1.663615
-4.543165,7.328442,-1.656414
-4.554776,7.326846,-1.652845
-4.562508,7.319773,-1.659553
-4.582000,7.308449,-1.654354
-4.594986,7.305219,-1.650586
-4.605710,7.292185,-1.648170
-4.615153,7.282817,-1.634774
-4.643779,7.268261,-1.638620
-4.648396,7.268802,-1.640479
-4.663628,7.258525,-1.646110
-4.661344,7.245246,-1.640186
-4.680256,7.231464,-1.632121
-4.695825,7.229876,-1.631131
-4.706177,7.215038,-1.622627
-4.716467,7.209281,-1.627400
-4.723534,7.199016,-1.626088
-4.742307,7.192156,-1.624365
-4.751241,7.177063,-1.620215
-4.764653,7.165828,-1.618894
-4.770956,7.155147,-1.609235
-4.784752,7.157830,-1.609575
-4.809208,7.142266,-1.609695
-4.812714,7.139140,-1.602609
-4.825620,7.134271,-1.598128
-4.843448,7.119818,-1.600873
-4.844010,7.114829,-1.603407
-4.862506,7.094626,-1.601498
-4.879624,7.097373,-1.586521
-4.883968,7.083147,-1.592230
-4.903320,7.074006,-1.589299
-4.911803,7.062589,-1.592526
-4.926779,7.057022,-1.585193
-4.946048,7.041063,-1.583325
-4.955861,7.040793,-1.582857
-4.962722,7.025520,-1.573305
-4.960982,7.018790,-1.569727
-4.973177,7.012261,-1.565726
-4.995118,7.000156,-1.571626
-5.013054,6.996928,-1.565065
-5.029067,6.988149,-1.559887
-5.025198,6.972594,-1.560219
-5.038638,6.972566,-1.564775
-5.053941,6.942653,-1.556155
-5.067026,6.945729,-1.553631
-5.077856,6.932068,-1.556968
-5.080781,6.929312,-1.555068
-5.100522,6.917135,-1.544619
-5.112989,6.895804,-1.552244
-5.128927,6.906009,-1.542055
-5.139817,6.892683,-1.535597
-5.157697,6.880321,-1.533833
-5.160250,6.876657,-1.531279
-5.169063,6.854856,-1.532755
-5.190392,6.849728,-1.520629
-5.192891,6.842268,-1.514269
-5.200105,6.822741,-1.513670
-5.224749,6.823003,-1.508896
-5.228130,6.804979,-1.511507
-5.245828,6.805562,-1.507381
-5.261357,6.791612,-1.498190
-5.258817,6.778987,-1.498955
-5.274027,6.774866,-1.508611
-5.294035,6.765071,-1.501475
-5.305276,6.750134,-1.495099
-5.313163,6.738690,-1.489573
-5.321806,6.742106,-1.487790
-5.327710,6.720968,-1.493203
-5.351161,6.714884,-1.481272
-5.371087,6.701834,-1.480327
-5.363524,6.690485,-1.481639
-5.381502,6.675598,-1.473364
-5.395417,6.674550,-1.465936
-5.396418,6.664886,-1.462968
-5.423645,6.656034,-1.469867
-5.425532,6.657035,-1.471284
-5.441469,6.635398,-1.464852
-5.454321,6.631664,-1.450103
-5.462957,6.617185,-1.443811
-5.471811,6.610550,-1.451198
-5.486465,6.592970,-1.452660
-5.487964,6.583541,-1.450944
-5.509197,6.575523,-1.436547
-5.521888,6.569967,-1.441975
-5.535552,6.553654,-1.435154
-5.538705,6.553708,-1.436419
-5.547072,6.536078,-1.425515
-5.567841,6.519795,-1.417744
-5.578512,6.518491,-1.411524
-5.583720,6.497801,-1.416244
-5.589364,6.498586,-1.419099
-5.606976,6.494592,-1.416489
-5.615229,6.475748,-1.409696
-5.628836,6.469906,-1.398471
-5.648371,6.464114,-1.399111
-5.651931,6.442158,-1.397416
-5.663150,6.441328,-1.391212
-5.678231,6.433378,-1.402696
-5.689442,6.416085,-1.382766
-5.694206,6.411597,-1.375928
-5.701550,6.394152,-1.383474
-5.717017,6.381387,-1.381082
-5.728290,6.371576,-1.372487
-5.734117,6.364765,-1.360913
-5.750525,6.353751,-1.363529
-5.752691,6.345003,-1.365393
-5.775129,6.326704,-1.357965
-5.790862,6.326198,-1.355971
-5.799287,6.305749,-1.350912
-5.801355,6.305992,-1.354387
-5.823726,6.285910,-1.353609
-5.824976,6.277420,-1.350605
-5.847018,6.277244,-1.347955
-5.855865,6.266406,-1.333068
-5.865648,6.254360,-1.331854
-5.874748,6.241519,-1.335471
-5.888921,6.229916,-1.323087
-5.892163,6.222877,-1.327860
-5.897450,6.215074,-1.315409
-5.906993,6.200657,-1.314926
-5.928739,6.193470,-1.307375
-5.936172,6.177619,-1.306733
-5.945971,6.174646,-1.301791
-5.959189,6.164320,-1.310871
-5.970763,6.140091,-1.299544
-5.970117,6.144402,-1.295731
-5.985165,6.130384,-1.286882
-6.001524,6.115779,-1.290740
-6.007081,6.103409,-1.282220
-6.020511,6.091241,-1.277130
-6.031867,6.087036,-1.278076
-6.042758,6.073774,-1.267131
-6.056127,6.051269,-1.271104
-6.061510,6.049937,-1.271318
-6.074534,6.035732,-1.273186
-6.077134,6.035604,-1.259204
-6.085725,6.025530,-1.244455
-6.097480,6.019731,-1.254284
-6.107635,5.990746,-1.243727
-6.106860,5.983171,-1.239420
-6.130757,5.983106,-1.239521
-6.147018,5.973718,-1.227373
-6.155297,5.947389,-1.223416
-6.153873,5.938792,-1.231327
-6.177433,5.935900,-1.219499
-6.188963,5.920040,-1.216607
-6.193646,5.915268,-1.210711
-6.210050,5.897462,-1.207469
-6.214197,5.888373,-1.211204
-6.229064,5.884146,-1.201503
-6.237568,5.863697,-1.203998
-6.247010,5.857413,-1.191358
-6.253265,5.832336,-1.191821
-6.266741,5.835437,-1.180669
-6.278798,5.827079,-1.193818
-6.292090,5.814991,-1.173687
-6.297606,5.800956,-1.176887
-6.311291,5.791474,-1.171537
-6.316393,5.788608,-1.165394
-6.328329,5.765348,-1.165640
-6.335164,5.760932,-1.164045
-6.345817,5.747123,-1.158741
-6.344953,5.736126,-1.145106
-6.379675,5.736534,-1.149849
-6.368316,5.718507,-1.142063
-6.383033,5.708690,-1.140265
-6.383799,5.691460,-1.132688
-6.411166,5.676508,-1.133125
-6.418658,5.669959,-1.120493
-6.427619,5.660539,-1.120202
-6.443823,5.655496,-1.125177
-6.443669,5.638698,-1.103770
-6.453184,5.632320,-1.108077
-6.466063,5.612596,-1.100943
-6.466689,5.612649,-1.097632
-6.485127,5.584961,-1.096049
-6.496627,5.579448,-1.092767
-6.500412,5.571813,-1.091886
-6.523594,5.559236,-1.083198
-6.517816,5.543877,-1.077390
-6.520215,5.527305,-1.072373
-6.537342,5.519415,-1.070053
-6.557800,5.516453,-1.070789
-6.555049,5.501748,-1.056540
-6.574073,5.492147,-1.060984
-6.573634,5.482093,-1.054755
-6.586349,5.468418,-1.058245
-6.603485,5.457163,-1.042377
-6.614384,5.444973,-1.038482
-6.616743,5.430702,-1.030817
-6.620936,5.423215,-1.033976
-6.633249,5.407418,-1.026965
-6.640212,5.401268,-1.024954
-6.665921,5.394993,-1.025545
-6.663580,5.382363,-1.016880
-6.666546,5.371914,-1.014685
-6.691958,5.349380,-1.005007
-6.688216,5.341659,-1.003031
-6.702771,5.328316,-1.003537
-6.711953,5.323558,-0.991732
-6.711870,5.314562,-0.986948
-6.728746,5.289275,-0.988501
-6.735423,5.283504,-0.972034
-6.747566,5.263819,-0.964620
-6.747248,5.257042,-0.974205
-6.761508,5.257513,-0.961089
-6.777183,5.238826,-0.963372
-6.781313,5.227250,-0.961013
-6.796228,5.223966,-0.958421
-6.795058,5.209439,-0.948279
-6.820383,5.191250,-0.941407
-6.817431,5.177447,-0.928461
-6.830035,5.165658,-0.925515
-6.840371,5.155010,-0.918325
-6.835100,5.151650,-0.926972
-6.851083,5.138178,-0.914838
-6.867474,5.124717,-0.914370
-6.869320,5.106415,-0.914731
-6.880494,5.095065,-0.898723
-6.889883,5.087478,-0.891550
-6.895891,5.084919,-0.887678
-6.905592,5.069115,-0.874246
-6.917727,5.049851,-0.879887
-6.928788,5.053053,-0.885466
-6.939968,5.025957,-0.874523
-6.939989,5.008812,-0.867615
-6.951475,5.004441,-0.866478
-6.967402,4.998877,-0.862857
-6.968341,4.988046,-0.869625
-6.965552,4.973352,-0.849195
-6.995228,4.958475,-0.848167
-6.993611,4.955169,-0.849821
-6.998788,4.923926,-0.840630
-7.012279,4.935187,-0.824770
-7.022031,4.902295,-0.826615
-7.035660,4.900361,-0.814410
-7.040728,4.893100,-0.811334
-7.040211,4.871465,-0.807941
-7.057848,4.855771,-0.807452
-7.064136,4.848276,-0.795438
-7.062848,4.843344,-0.794288
-7.080638,4.833715,-0.797430
-7.079616,4.822809,-0.784551
-7.092696,4.809553,-0.780227
-7.106279,4.799215,-0.783664
-7.115086,4.780971,-0.772902
-7.115157,4.768605,-0.757715
-7.125430,4.753038,-0.763564
-7.138892,4.737371,-0.755832
-7.142446,4.742724,-0.748816
-7.143463,4.725601,-0.746563
-7.161271,4.709475,-0.741789
-7.167380,4.694354,-0.732839
-7.172997,4.691266,-0.740007
-7.184072,4.660157,-0.723657
-7.188795,4.668696,-0.714960
-7.199022,4.648297,-0.719894
-7.215091,4.628946,-0.702765
-7.212340,4.633901,-0.710240
-7.223012,4.620657,-0.702871
-7.233439,4.607511,-0.692960
-7.247965,4.587331,-0.693211
-7.258578,4.573206,-0.690751
-7.261723,4.568231,-0.673651
-7.273073,4.549100,-0.671504
-7.284027,4.539125,-0.672869
-7.276372,4.529789,-0.666279
-7.286756,4.524175,-0.660858
-7.288075,4.512561,-0.649749
-7.307213,4.491516,-0.645535
-7.310362,4.482455,-0.641260
-7.321848,4.462818,-0.630099
-7.332370,4.458378,-0.628273
-7.333763,4.447624,-0.637933
-7.345275,4.436620,-0.623789
-7.353985,4.420134,-0.620769
-7.361205,4.407303,-0.606723
-7.364043,4.391801,-0.598600
-7.371151,4.386327,-0.599308
-7.385370,4.374225,-0.593102
-7.377736,4.358196,-0.587219
-7.397626,4.352861,-0.580459
-7.403067,4.338344,-0.579148
-7.416108,4.324007,-0.565711
-7.420029,4.310507,-0.570121
-7.423665,4.293218,-0.567784
-7.428417,4.276445,-0.546300
-7.450618,4.280596,-0.553961
-7.452287,4.262773,-0.534969
-7.464815,4.241900,-0.544163
-7.462988,4.235444,-0.534718
-7.471742,4.223504,-0.520210
-7.485066,4.207272,-0.518761
-7.489837,4.206583,-0.517034
-7.494263,4.192648,-0.511013
-7.499510,4.181350,-0.505506
-7.495274,4.158469,-0.507560
-7.516517,4.151772,-0.500102
-7.527682,4.137056,-0.476281
-7.534608,4.117008,-0.486950
-7.551019,4.120800,-0.477631
-7.537999,4.102920,-0.477961
-7.551783,4.086827,-0.474750
-7.559748,4.076642,-0.465149
-7.562374,4.067176,-0.452324
-7.571984,4.046039,-0.449174
-7.590509,4.030440,-0.448669
-7.586450,4.023693,-0.434339
-7.591009,4.014460,-0.440134
-7.596412,4.000777,-0.423627
-7.615481,3.984885,-0.419294
-7.614991,3.973255,-0.413472
-7.630621,3.967872,-0.405012
-7.629817,3.945251,-0.408208
-7.640165,3.932022,-0.398330
-7.642634,3.927891,-0.382521
-7.651746,3.904988,-0.384119
-7.649179,3.895578,-0.371371
-7.663432,3.889242,-0.376743
-7.656675,3.873567,-0.365169
-7.677864,3.862361,-0.365599
-7.690374,3.858494,-0.366093
-7.690729,3.839898,-0.351807
-7.695200,3.822943,-0.341854
-7.701326,3.816035,-0.346907
-7.716735,3.793261,-0.339973
-7.714696,3.779492,-0.336730
-7.726617,3.767244,-0.325121
-7.729059,3.766445,-0.315213
-7.734109,3.743293,-0.314409
-7.730008,3.726771,-0.303965
-7.752299,3.715825,-0.300554
-7.752029,3.704992,-0.298923
-7.765314,3.693552,-0.281978
-7.776722,3.674070,-0.286328
-7.781444,3.669128,-0.271165
-7.781827,3.662042,-0.271435
-7.784145,3.646735,-0.274827
-7.793272,3.632296,-0.248257
-7.807814,3.622789,-0.252994
-7.818357,3.597790,-0.245001
-7.812493,3.590935,-0.243040
-7.817069,3.588318,-0.231076
-7.829647,3.564999,-0.226540
-7.832402,3.558403,-0.221435
-7.841733,3.553005,-0.209498
-7.846056,3.537477,-0.210771
-7.844604,3.522701,-0.203516
-7.851084,3.511767,-0.191058
-7.851931,3.489233,-0.194709
-7.874829,3.481470,-0.200020
-7.879771,3.465475,-0.184484
-7.887303,3.460381,-0.177219
-7.883630,3.445979,-0.170219
-7.898739,3.428636,-0.157554
-7.901406,3.418448,-0.150070
-7.900571,3.393716,-0.149628
-7.907391,3.400006,-0.132582
-7.914732,3.384678,-0.132385
-7.924788,3.375539,-0.128346
-7.930800,3.356203,-0.116583
-7.936169,3.342381,-0.111983
-7.951504,3.333857,-0.101633
-7.954212,3.318678,-0.105511
-7.950276,3.289252,-0.091413
-7.965572,3.289030,-0.090094
-7.966664,3.279669,-0.083395
-7.969936,3.266981,-0.082795
-7.972352,3.247655,-0.069403
-7.976254,3.239149,-0.057575
-7.990912,3.223816,-0.050057
-7.998132,3.219850,-0.050254
-7.994979,3.200406,-0.040081
-8.008709,3.186031,-0.043230
-8.003683,3.176651,-0.038398
-8.011134,3.167318,-0.021092
-8.015310,3.155878,-0.015820
-8.030758,3.136711,-0.008482
-8.025461,3.123307,-0.010903
-8.036101,3.117923,0.000410
-8.046920,3.094338,0.006671
-8.059879,3.073210,0.013160
-8.053546,3.077105,0.016872
-8.052170,3.071821,0.024769
-8.065207,3.047919,0.038533
-8.070130,3.033440,0.036055
-8.073936,3.019042,0.050609
-8.084954,3.002767,0.053438
-8.089404,2.991886,0.059214
-8.085764,2.968355,0.059847
-8.087011,2.970577,0.068491
-8.099813,2.956904,0.082535
-8.105625,2.948273,0.091870
-8.112317,2.929192,0.091371
-8.106933,2.915756,0.094069
-8.113269,2.898758,0.097145
-8.126598,2.892808,0.107870
-8.135722,2.876977,0.112351
-8.133571,2.861893,0.124740
-8.148489,2.840051,0.123645
-8.143025,2.839791,0.140995
-8.145907,2.811653,0.149589
-8.161786,2.811214,0.149794
-8.160244,2.792184,0.155844
-8.161063,2.784024,0.167128
-8.169362,2.767270,0.174242
-8.177717,2.761790,0.183375
-8.173090,2.745852,0.188688
-8.181810,2.728373,0.190525
-8.185266,2.720389,0.192753
-8.195099,2.702439,0.209406
-8.199050,2.697004,0.212804
-8.208503,2.677494,0.209740
-8.206846,2.663921,0.230571
-8.210210,2.656030,0.225492
-8.210405,2.642206,0.244096
-8.215909,2.632621,0.247144
-8.221815,2.617562,0.256140
-8.236379,2.604462,0.261718
-8.229022,2.593285,0.253411
-8.243065,2.576238,0.269058
-8.250585,2.563224,0.279537
-8.245738,2.561114,0.287019
-8.254103,2.535657,0.292574
-8.268980,2.516773,0.306999
-8.261426,2.516889,0.301265
-8.263104,2.496900,0.310609
-8.277713,2.496460,0.323243
-8.285392,2.476742,0.332077
-8.273594,2.460734,0.325015
-8.287633,2.446420,0.349956
-8.292248,2.427895,0.353567
-8.292979,2.418621,0.356592
-8.293750,2.408510,0.362190
-8.305459,2.389978,0.367315
-8.305302,2.384855,0.376818
-8.305799,2.361826,0.387939
-8.315474,2.354756,0.404276
-8.314384,2.333358,0.391175
-8.312353,2.332319,0.401889
-8.322110,2.320606,0.415761
-8.339020,2.302401,0.412921
-8.334578,2.284696,0.434814
-8.332488,2.270452,0.430651
-8.352601,2.256283,0.442214
-8.337939,2.254324,0.448262
-8.358680,2.229946,0.453998
-8.349298,2.221441,0.466074
-8.352863,2.209844,0.473228
-8.352917,2.193801,0.475493
-8.357192,2.181768,0.478677
-8.363275,2.171349,0.486518
-8.379125,2.158559,0.496221
-8.372428,2.133687,0.500382
-8.389518,2.133208,0.514872
-8.387302,2.123125,0.517881
-8.384775,2.093666,0.521570
-8.394657,2.087014,0.532362
-8.397825,2.072513,0.536362
-8.402648,2.059773,0.544159
-8.404312,2.050739,0.558484
-8.401405,2.039448,0.559324
-8.400014,2.027116,0.569807
-8.412687,2.008359,0.580553
-8.420494,1.989727,0.578748
-8.418490,1.981128,0.594240
-8.425692,1.971070,0.597043
-8.421873,1.956009,0.605009
-8.437528,1.942836,0.605909
-8.431330,1.929717,0.619296
-8.443757,1.913999,0.630203
-8.442099,1.912228,0.640137
-8.439441,1.885279,0.638572
-8.449476,1.879622,0.640286
-8.454451,1.863589,0.650885
-8.458222,1.848905,0.667157
-8.462217,1.849595,0.671184
-8.459033,1.830485,0.689017
-8.461025,1.806317,0.693569
-8.471518,1.801794,0.703901
-8.470623,1.784634,0.700373
-8.475340,1.776265,0.703277
-8.472336,1.763419,0.716383
-8.479905,1.736705,0.726871
-8.479099,1.733838,0.728195
-8.480113,1.723558,0.736486
-8.498706,1.703140,0.739438
-8.493742,1.690991,0.748612
-8.492946,1.676411,0.765386
-8.497284,1.654416,0.775697
-8.496814,1.652229,0.774895
-8.506427,1.647624,0.774594
-8.504741,1.626979,0.787762
-8.508610,1.611035,0.799764
-8.502289,1.601204,0.805671
-8.521995,1.581081,0.810115
-8.513720,1.579009,0.826552
-8.511327,1.566521,0.814182
-8.519926,1.547822,0.832845
-8.512210,1.534859,0.844796
-8.523038,1.524594,0.851032
-8.530129,1.506236,0.847487
-8.532734,1.500184,0.869684
-8.536639,1.483991,0.869340
-8.539978,1.474900,0.886615
-8.530172,1.460710,0.892259
-8.543095,1.448222,0.898469
-8.543629,1.430301,0.907740
-8.544791,1.424851,0.911202
-8.547280,1.411130,0.920708
-8.546842,1.391613,0.928682
-8.548566,1.374447,0.934212
-8.549524,1.362500,0.949011
-8.550858,1.353304,0.954253
-8.561931,1.327637,0.957365
-8.561344,1.326321,0.973726
-8.555583,1.309460,0.967834
-8.555321,1.293008,0.983082
-8.573689,1.280583,0.980088
-8.569635,1.272858,1.001377
-8.572579,1.265809,1.007377
-8.579739,1.243725,1.006704
-8.575991,1.232319,1.025170
-8.578808,1.215263,1.017305
-8.587409,1.208236,1.032102
-8.588377,1.190714,1.047156
-8.597114,1.186743,1.054484
-8.593224,1.163496,1.053098
-8.579993,1.152228,1.070443
-8.598615,1.144352,1.070941
-8.598451,1.129152,1.080024
-8.599948,1.105367,1.096976
-8.599500,1.101652,1.083682
-8.601439,1.085460,1.108900
-8.604294,1.079568,1.110429
-8.603582,1.058327,1.115437
-8.605014,1.037262,1.131476
-8.603836,1.028881,1.135438
-8.612988,1.024347,1.147178
-8.613536,1.008135,1.150983
-8.602287,0.992698,1.150424
-8.623173,0.976283,1.168953
-8.613857,0.965505,1.172849
-8.607475,0.945035,1.190643
-8.613068,0.938822,1.188437
-8.616096,0.936270,1.197215
-8.625068,0.911120,1.206114
-8.626786,0.898228,1.214450
-8.622838,0.894288,1.217590
-8.627429,0.871170,1.222470
-8.625934,0.858845,1.232266
-8.633686,0.848237,1.239204
-8.625246,0.836290,1.253965
-8.642016,0.823535,1.269585
-8.630200,0.803626,1.273061
-8.639948,0.787669,1.280725
-8.633559,0.785866,1.287836
-8.634474,0.774960,1.288033
-8.629922,0.762640,1.302085
-8.642143,0.738731,1.316334
-8.637325,0.723871,1.320906
-8.645210,0.708364,1.321440
-8.648623,0.705001,1.332186
-8.653643,0.694036,1.355180
-8.645307,0.682861,1.340039
-8.643226,0.667818,1.364421
-8.652517,0.650394,1.370097
-8.650382,0.631051,1.373484
-8.650035,0.626616,1.388789
-8.648439,0.617471,1.395896
-8.651651,0.588039,1.398212
-8.652571,0.589124,1.407420
-8.661408,0.578992,1.417840
-8.655610,0.556586,1.429730
-8.647481,0.546438,1.436581
-8.652630,0.524510,1.437731
-8.653552,0.510302,1.443030
-8.661670,0.499572,1.449782
-8.664013,0.478658,1.460426
-8.660231,0.474902,1.482181
-8.653255,0.454752,1.492000
-8.663585,0.445545,1.485338
-8.664661,0.430062,1.499647
-8.658934,0.423977,1.508189
-8.659084,0.416052,1.513828
-8.659517,0.396987,1.532724
-8.659777,0.383409,1.527748
-8.668380,0.367693,1.541909
-8.666857,0.360761,1.546773
-8.655082,0.338159,1.553614
-8.664140,0.323090,1.560399
-8.671186,0.309879,1.573812
-8.673446,0.306938,1.578695
-8.660945,0.299018,1.589444
-8.672096,0.283479,1.594820
-8.657784,0.273994,1.597435
-8.671743,0.256366,1.605443
-8.665252,0.250375,1.621129
-8.662927,0.234004,1.628719
-8.670383,0.213867,1.637630
-8.667215,0.206605,1.644274
-8.665310,0.193362,1.649886
-8.670621,0.173358,1.668439
-8.678337,0.156790,1.675598
-8.669726,0.154196,1.684776
-8.672757,0.132942,1.687981
-8.666687,0.128322,1.699950
-8.665850,0.103840,1.694770
-8.668936,0.097309,1.719034
-8.674305,0.090989,1.721844
-8.670821,0.068870,1.724700
-8.679230,0.057988,1.730835
-8.671478,0.042891,1.741130
-8.673847,0.042974,1.758474
-8.669680,0.016154,1.758239
-8.666974,0.005083,1.772030
-8.668466,0.013363,1.784166
-8.676362,-0.021953,1.781250
-8.668643,-0.035905,1.798775
-8.668890,-0.051914,1.800520
-8.655640,-0.051635,1.814461
-8.674625,-0.075812,1.824870
-8.670209,-0.096042,1.834161
-8.663374,-0.098091,1.838730
-8.671136,-0.114910,1.847740
-8.670472,-0.121210,1.858756
-8.663777,-0.137528,1.869104
-8.973938,0.721923,0.679944
-8.971178,0.713247,0.677728
-8.976824,0.560661,0.667263
-8.979383,0.488916,0.650320
-8.991702,0.408313,0.637638
-8.991542,0.320702,0.621919
-8.991083,0.258002,0.611698
-9.004061,0.190377,0.580327
-9.004573,0.130458,0.563830
-9.011282,0.075248,0.547416
-9.013619,0.013802,0.532237
-9.018291,-0.024385,0.512548
-9.017860,-0.082075,0.484552
-9.031085,-0.119861,0.468607
-9.035356,-0.163442,0.442684
-9.047778,-0.206595,0.435195
-9.036115,-0.234906,0.407960
-9.038024,-0.275552,0.385796
-9.054105,-0.310547,0.363294
-9.052586,-0.345221,0.336929
-9.053507,-0.377764,0.324590
-9.072990,-0.420040,0.302114
-9.061630,-0.449009,0.282942
-9.062255,-0.469184,0.248332
-9.073223,-0.499520,0.230628
-9.064964,-0.531498,0.202796
-9.080794,-0.555342,0.188540
-9.078102,-0.582667,0.166262
-9.077036,-0.620991,0.144049
-9.084720,-0.639844,0.122547
-9.086266,-0.658835,0.111708
-9.086944,-0.681637,0.096535
-9.096797,-0.705413,0.076467
-9.099960,-0.719094,0.065075
-9.088974,-0.741781,0.058388
-9.094374,-0.746872,0.061902
-9.102418,-0.760736,0.041571
-9.103189,-0.774852,0.040135
-9.109510,-0.800499,0.029266
-9.100390,-0.806995,0.017202
-9.106608,-0.808133,0.018704
-9.111923,-0.829484,0.014265
-9.116162,-0.830878,0.003060
-9.135047,-0.845047,0.006092
-9.128829,-0.852705,0.008510
-9.130747,-0.862181,0.004286
-9.130117,-0.862959,0.017233
-9.125184,-0.873392,0.006632
-9.130435,-0.886506,0.003339
-9.130705,-0.891217,0.021629
-9.134161,-0.896260,0.010748
-9.138230,-0.907893,0.013615
-9.139595,-0.909821,0.008558
-9.136254,-0.920336,0.013647
-9.138365,-0.930891,0.015203
-9.139108,-0.925263,0.008975
-9.143984,-0.930109,0.027459
-9.156389,-0.939343,0.029425
-9.151068,-0.940975,0.029416
-9.156973,-0.946960,0.026838
-9.157038,-0.951911,0.023030
-9.145025,-0.962325,0.030616
-9.159285,-0.964388,0.033762
-9.152704,-0.968291,0.043953
-9.163836,-0.964054,0.039136
-9.164033,-0.968631,0.044197
-9.163070,-0.986788,0.039872
-9.164502,-0.980676,0.057024
-9.160727,-0.992215,0.058860
-9.170566,-0.989213,0.057490
-9.174058,-1.003237,0.068624
-9.175138,-1.011655,0.060652
-9.175261,-0.999954,0.060957
-9.177384,-1.007429,0.060274
-9.178507,-1.019344,0.063578
-9.182976,-1.014929,0.075686
-9.183034,-1.014701,0.078361
-9.187800,-1.031755,0.075028
-9.194742,-1.026020,0.078625
-9.188023,-1.029892,0.083751
-9.189598,-1.035689,0.092298
-9.196820,-1.049238,0.095065
-9.193807,-1.047097,0.096258
-9.188735,-1.048104,0.085752
-9.188815,-1.043141,0.102835
-9.205962,-1.059515,0.095257
-9.194033,-1.063093,0.114281
-9.206943,-1.070088,0.110019
-9.194273,-1.067917,0.121908
-9.200938,-1.073534,0.121660
-9.207057,-1.067758,0.118606
-9.202979,-1.077206,0.122589
-9.206203,-1.075320,0.132024
-9.211361,-1.075904,0.128904
-9.204736,-1.080281,0.131083
-9.212125,-1.088489,0.131350
-9.202462,-1.089347,0.132074
-9.208115,-1.097941,0.138714
-9.214666,-1.099784,0.152097
-9.219038,-1.100719,0.145099
-9.220939,-1.112489,0.152247
-9.213453,-1.110246,0.144726
-9.221287,-1.119174,0.158733
-9.217184,-1.118788,0.161264
-9.221405,-1.126508,0.160074
-9.225789,-1.127829,0.158913
-9.228556,-1.117171,0.170550
-9.226778,-1.132087,0.170880
-9.222095,-1.131437,0.185066
-9.222414,-1.143146,0.170393
-9.236241,-1.138304,0.183527
-9.227118,-1.139080,0.175077
-9.232981,-1.145523,0.183487
-9.229399,-1.157457,0.186979
-9.242730,-1.153552,0.184335
-9.237405,-1.161045,0.189230
-9.233514,-1.153297,0.200829
-9.231281,-1.152300,0.201329
-9.236705,-1.163738,0.197671
-9.243403,-1.170218,0.204202
-9.249461,-1.169932,0.205282
-9.245430,-1.173131,0.216943
-9.247217,-1.174822,0.210973
-9.244681,-1.185094,0.218372
-9.256709,-1.181111,0.214436
-9.238909,-1.179993,0.214853
-9.250614,-1.193950,0.220306
-9.247322,-1.195905,0.228524
-9.251977,-1.194810,0.224351
-9.256798,-1.190991,0.227600
-9.252716,-1.201261,0.236445
-9.260922,-1.191551,0.229670
-9.255601,-1.201375,0.236753
-9.258679,-1.216080,0.236251
-9.259221,-1.203380,0.239211
-9.264549,-1.215968,0.239389
-9.254901,-1.216629,0.249031
-9.272474,-1.210566,0.249011
-9.258114,-1.212527,0.262437
-9.256574,-1.229281,0.250159
-9.254491,-1.226731,0.256940
-9.266179,-1.237315,0.264185
-9.264038,-1.233646,0.272642
-9.262631,-1.241029,0.266332
-9.267650,-1.237873,0.259134
-9.267927,-1.241247,0.259824
-9.265622,-1.239956,0.268383
-9.279082,-1.244332,0.281481
-9.267327,-1.251256,0.268117
-9.268898,-1.244082,0.280747
-9.277579,-1.248986,0.282208
-9.280470,-1.256803,0.282297
-9.283185,-1.242298,0.281388
-9.273558,-1.252644,0.292090
-9.289730,-1.259945,0.294543
-9.271395,-1.267480,0.293298
-9.279006,-1.269186,0.296481
-9.276959,-1.269175,0.295718
-9.280242,-1.269824,0.293510
-9.286556,-1.266226,0.289048
-9.282871,-1.280050,0.307692
-9.288540,-1.281856,0.303267
-9.276334,-1.281985,0.305010
-9.285604,-1.270624,0.307304
-9.284407,-1.286875,0.313130
-9.288650,-1.289895,0.322637
-9.287254,-1.288134,0.328016
-9.287263,-1.288210,0.323330
-9.291488,-1.298509,0.322503
-9.295235,-1.300992,0.325320
-9.285068,-1.302786,0.328109
-9.284915,-1.297465,0.329100
-9.295532,-1.301782,0.334000
-9.298811,-1.306021,0.325553
-9.293816,-1.304264,0.333808
-9.289492,-1.296745,0.338843
-9.292457,-1.302334,0.333284
-9.301110,-1.309226,0.337354
-9.296287,-1.309243,0.342451
-9.303170,-1.318680,0.334262
-9.298583,-1.312080,0.342705
-9.305179,-1.318558,0.344248
-9.294334,-1.318363,0.344859
-9.300807,-1.319296,0.358989
-9.312526,-1.327066,0.353118
-9.311721,-1.328673,0.348277
-9.311200,-1.330016,1.236016
-9.303023,-1.348028,1.365862
-9.308930,-1.336584,1.363713
-9.299195,-1.339154,1.363321
-9.313111,-1.340913,1.374058
-9.302569,-1.342453,1.373482
-9.305327,-1.347485,1.368680
-9.314272,-1.344484,1.365503
-9.313388,-1.347565,1.362162
-9.315539,-1.355486,1.368661
-9.313058,-1.353144,1.366390
-9.309969,-1.347677,1.380831
-9.312301,-1.361797,1.375915
-9.324479,-1.361653,1.370799
-9.321255,-1.353094,1.385755
-9.320080,-1.363650,1.380440
-9.329133,-1.369506,1.379898
-9.321714,-1.360578,1.389650
-9.326994,-1.363476,1.385311
-9.324365,-1.370331,1.388217
-9.326001,-1.370531,1.390231
-9.326980,-1.382329,1.399643
-9.332135,-1.370211,1.400233
-9.323582,-1.369272,1.390671
-9.320400,-1.385490,1.396974
-9.328183,-1.381052,1.399578
-9.331283,-1.377990,1.407318
-9.333378,-1.383015,1.402614
-9.328056,-1.388959,1.405146
-9.336209,-1.386139,1.409730
-9.335267,-1.389520,1.408796
-9.339982,-1.393598,1.407312
-9.333440,-1.391763,1.405855
-9.337841,-1.397987,1.404032
-9.337588,-1.403892,1.415620
-9.342655,-1.405633,1.408528
-9.342421,-1.388700,1.414624
-9.339785,-1.399447,1.414580
-9.336531,-1.399534,1.423778
-9.338733,-1.406667,1.427358
-9.339924,-1.409987,1.427462
-9.343868,-1.405639,1.428283
-9.341879,-1.406178,1.438384
-9.345245,-1.411171,1.419870
-9.347066,-1.412442,1.429226
-9.358646,-1.414741,1.425584
-9.351624,-1.415697,1.441833
-9.346779,-1.417547,1.437567
-9.342164,-1.415018,1.441081
-9.340144,-1.418211,1.438967
-9.355459,-1.424311,1.435817
-9.346122,-1.434595,1.451596
-9.344191,-1.429963,1.445427
-9.352949,-1.429666,1.445412
-9.358280,-1.421099,1.445419
-9.354279,-1.424269,1.451587
-9.353645,-1.438180,1.448742
-9.363820,-1.433546,1.457866
-9.356375,-1.433500,1.446665
-9.358216,-1.427907,1.450715
-9.358951,-1.439644,1.456206
-9.351015,-1.438783,1.451553
-9.354688,-1.434439,1.456474
-9.365652,-1.449797,1.469848
-9.358247,-1.441871,1.458121
-9.358014,-1.459788,1.457825
-9.369304,-1.439862,1.457737
-9.359242,-1.450788,1.466380
-9.357612,-1.440127,1.468012
-9.356143,-1.454931,1.471989
-9.366633,-1.444691,1.471956
-9.357253,-1.452990,1.469544
-9.370490,-1.454510,1.474093
-9.375867,-1.466013,1.475174
-9.359279,-1.459275,1.479416
-9.361839,-1.460212,1.477114
-9.368177,-1.471035,1.477343
-9.373170,-1.470888,1.484889
-9.365384,-1.463998,1.482808
-9.363812,-1.459811,1.478822
-9.370422,-1.465355,1.478747
-9.367933,-1.465300,1.486881
-9.364403,-1.473893,1.487332
-9.374133,-1.471076,1.494596
-9.371706,-1.475048,1.496687
-9.379347,-1.470549,1.481275
-9.373612,-1.473100,1.490873
-9.380218,-1.485378,1.491139
-9.371971,-1.477930,1.487882
-9.378128,-1.471801,1.499934
-9.376736,-1.490688,1.501449
-9.384959,-1.486604,1.495409
-9.376304,-1.472947,1.494897
-9.377875,-1.484848,1.502899
-9.385554,-1.488796,1.503167
-9.374006,-1.495144,1.503403
-9.374977,-1.484876,1.494101
-9.375239,-1.498567,1.494366
-9.370856,-1.495054,1.505522
-9.373733,-1.495915,1.511441
-9.379408,-1.487274,1.505271
-9.377935,-1.490283,1.503654
-9.378347,-1.503012,1.511988
-9.385657,-1.495641,1.510405
-9.397292,-1.496154,1.514145
-9.377140,-1.498891,1.515874
-9.394836,-1.507532,1.510572
-9.388392,-1.509751,1.509185
-9.380732,-1.511481,1.519773
-9.392193,-1.502101,1.525808
-9.372798,-1.501076,1.521053
-9.392967,-1.502961,1.519861
-9.383388,-1.506872,1.524422
-9.388418,-1.517009,1.528629
-9.388628,-1.499822,1.522864
-9.381385,-1.514627,1.522125
-9.395365,-1.510129,1.527871
-9.393923,-1.516038,1.531921
-9.389514,-1.512265,1.525865
-9.383403,-1.513761,1.528514
-9.393744,-1.512583,1.528937
-9.392307,-1.514946,1.527994
-9.393527,-1.525886,1.534889
-9.393304,-1.526834,1.534391
-9.395903,-1.521906,1.528583
-9.394907,-1.523459,1.533971
-9.398859,-1.531491,1.531790
-9.389513,-1.525262,1.538023
-9.408251,-1.525787,1.542163
-9.399892,-1.522075,1.544911
-9.390785,-1.528138,1.536214
-9.398349,-1.526178,1.543816
-9.403522,-1.528686,1.541881
-9.391964,-1.533611,1.544490
-9.393077,-1.533688,1.533746
-9.386816,-1.531681,1.543594
-9.397435,-1.533001,1.553326
-9.406447,-1.533865,1.544820
-9.404411,-1.536218,1.549644
-9.395079,-1.538022,1.539023
-9.407665,-1.536219,1.553608
-9.401372,-1.541837,1.552749
-9.398474,-1.537864,1.549447
-9.396883,-1.537673,1.549705
-9.401054,-1.533739,1.555543
-9.398315,-1.541392,1.553066
-9.398851,-1.538904,1.552925
-9.404238,-1.545535,1.558341
-9.399010,-1.543673,1.550891
-9.400282,-1.544137,1.559970
-9.400944,-1.546369,1.564234
-9.408867,-1.546290,1.551917
-9.401760,-1.544967,1.557609
-9.403322,-1.555356,1.567935
-9.405361,-1.554669,1.564608
-9.407599,-1.559169,1.561332
-9.407726,-1.548023,1.549890
-9.408557,-1.557238,1.557994
-9.418827,-1.565267,1.565681
-9.413502,-1.549248,1.572345
-9.422649,-1.560774,1.561152
-9.413278,-1.557985,1.564686
-9.409640,-1.562687,1.563883
-9.414920,-1.562166,1.573064
-9.413474,-1.565992,1.567145
-9.412517,-1.566842,1.564194
-9.410863,-1.558957,1.575065
-9.400397,-1.564230,1.562488
-9.394202,-1.555678,1.570380
-9.412063,-1.564303,1.571680
-9.411390,-1.572735,1.571146
-9.406027,-1.570121,1.577982
-9.413086,-1.565792,1.582706
-9.414943,-1.574253,1.580344
-9.408974,-1.564953,1.573034
-9.417299,-1.561093,1.575857
-9.413623,-1.565001,1.576578
-9.417165,-1.570911,1.586908
-9.412498,-1.573648,1.580083
-9.412156,-1.569781,1.577217
-9.419461,-1.574001,1.571996
-9.417139,-1.574689,1.592374
-9.416940,-1.576229,1.579614
-9.414691,-1.568788,1.581495
-9.409431,-1.581251,1.589765
-9.411628,-1.581944,1.589124
-9.408931,-1.583072,1.582394
-9.410090,-1.587294,1.586409
-9.410935,-1.567889,1.588186
-9.414384,-1.586967,1.578778
-9.418846,-1.575572,1.582332
-9.418421,-1.577399,1.597045
-9.423053,-1.572328,1.594364
-9.420783,-1.583890,1.590274
-9.415992,-1.588527,1.597361
-9.414984,-1.590378,1.594629
-9.422059,-1.576773,1.590408
-9.421350,-1.593230,1.597027
-9.429841,-1.594142,1.600852
-9.428748,-1.588538,1.592614
-9.414979,-1.589372,1.596451
-9.424299,-1.588919,1.599094
-9.423915,-1.589721,1.598184
-9.426706,-1.594800,1.599549
-9.417796,-1.591653,1.598338
-9.417611,-1.592980,1.599538
-9.412737,-1.601605,1.604040
-9.425293,-1.592154,1.597464
-9.426291,-1.597781,1.600819
-9.429261,-1.598249,1.600926
-9.434189,-1.597586,1.599934
-9.419390,-1.601374,1.597915
-9.437730,-1.590436,1.607457
-9.426287,-1.597757,1.612456
-9.424728,-1.591212,1.604752
-9.425136,-1.596464,1.617763
-9.420071,-1.612990,1.607657
-9.426429,-1.598140,1.608199
-9.430206,-1.595036,1.608002
-9.418132,-1.603907,1.610285
-9.436354,-1.599894,1.612751
-9.428412,-1.609538,1.605708
-9.426994,-1.605153,1.613561
-9.427900,-1.599642,1.615264
-9.426439,-1.601517,1.609350
-9.426901,-1.603991,1.618830
-9.432910,-1.608033,1.613980
-9.436200,-1.608723,1.613497
-9.431752,-1.600176,1.614840
-9.424399,-1.606509,1.614313
-9.427879,-1.605944,1.623776
-9.436169,-1.604128,1.613986
-9.420365,-1.613563,1.621837
-9.432060,-1.611127,1.618281
-9.423869,-1.612771,1.626212
-9.437357,-1.624602,1.619977
-9.438495,-1.612819,1.619168
-9.429366,-1.612292,1.625300
-9.429894,-1.616519,1.626857
-9.429526,-1.609263,1.618561
-9.428176,-1.605225,1.626651
-9.435723,-1.611456,1.613366
-9.429419,-1.610998,1.618260
-9.429579,-1.613107,1.620765
-9.433009,-1.617087,1.624742
-9.435625,-1.615660,1.625170
-9.427910,-1.614585,1.624922
-9.436040,-1.615428,1.625790
-9.431034,-1.619166,1.623998
-9.436203,-1.619386,1.632875
-9.438160,-1.621586,1.622757
-9.425100,-1.624726,1.630899
-9.437149,-1.623191,1.625680
-9.436149,-1.617397,1.620822
-9.440854,-1.625398,1.632512
-9.445159,-1.619620,1.626152
-9.436708,-1.623371,1.629768
-9.432949,-1.627218,1.637230
-9.435261,-1.614645,1.634283
-9.442193,-1.616553,1.630405
-9.436537,-1.622987,1.644985
-9.446588,-1.630295,1.636379
-9.436840,-1.619769,1.632253
-9.437909,-1.620978,1.635508
-9.433948,-1.614532,1.643167
-9.443028,-1.619446,1.642613
-9.443452,-1.629409,1.631399
-9.437621,-1.619057,1.639409
-9.431478,-1.623556,1.634532
-9.435780,-1.631729,1.638891
-9.433292,-1.624183,1.640994
-9.437524,-1.615518,1.632659
-9.441906,-1.619548,1.644003
-9.432665,-1.629545,1.643446
-9.444673,-1.627067,1.638900
-9.439624,-1.622780,1.641090
-9.438862,-1.624973,1.642613
-9.443613,-1.632250,1.643086
-9.434559,-1.633792,1.644709
-9.442509,-1.635444,1.633759
-9.445808,-1.642805,1.641875
-9.443192,-1.630105,1.647496
-9.438514,-1.630686,1.640064
-9.436167,-1.635023,1.641802
-9.442925,-1.636825,1.639006
-9.438393,-1.630692,1.648343
-9.441275,-1.632433,1.653505
-9.442777,-1.640038,1.649031
-9.439599,-1.643272,1.645724
-9.441815,-1.639238,1.656155
-9.435977,-1.640141,1.642059
-9.441091,-1.635406,1.642453
-9.438896,-1.635928,1.651704
-9.443779,-1.642685,1.657223
-9.441015,-1.638361,1.644926
-9.440538,-1.633255,1.648654
-9.430661,-1.645575,1.643112
-9.442086,-1.637571,1.646023
-9.435455,-1.638990,1.646837
-9.439724,-1.646291,1.647903
-9.436761,-1.647394,1.651529
-9.436790,-1.646718,1.653536
-9.436459,-1.645696,1.651937
-9.444468,-1.638294,1.655907
-9.442476,-1.644259,1.662852
-9.449573,-1.640070,1.648778
-9.442913,-1.651043,1.648234
-9.451829,-1.637913,1.650653
-9.443713,-1.649177,1.661475
-9.442452,-1.641674,1.658527
-9.445377,-1.646950,1.659293
-9.440195,-1.647900,1.651667
-9.442978,-1.648705,1.656078
-9.436095,-1.642772,1.652102
-9.455699,-1.649556,1.649112
-9.447594,-1.651231,1.662243
-9.440479,-1.648809,1.654073
-9.449864,-1.644612,1.660780
-9.445579,-1.647595,1.657777
-9.445911,-1.646565,1.662040
-9.444001,-1.639565,1.654773
-9.452938,-1.648782,1.657126
-9.439487,-1.650046,1.659712
-9.445678,-1.643127,1.655845
-9.448210,-1.655647,1.648796
-9.448155,-1.643422,1.661944
-9.448328,-1.647844,1.660622
-9.440743,-1.645480,1.647632
-9.457774,-1.656628,1.658761
-9.453319,-1.646949,1.659114
-9.453444,-1.654225,1.662634
-9.447301,-1.656722,1.662437
-9.441218,-1.654294,1.662093
-9.449032,-1.664076,1.668692
-9.449475,-1.658525,1.660983
-9.450478,-1.656138,1.652118
-9.441939,-1.647769,1.665492
-9.448645,-1.656724,1.659286
-9.443457,-1.653877,1.670115
-9.449256,-1.647102,1.653270
-9.454593,-1.666824,1.663504
-9.453468,-1.660089,1.660307
-9.444249,-1.665652,1.658353
-9.441598,-1.647034,1.673186
-9.456823,-1.664582,1.664327
-9.457305,-1.656689,1.673193
-9.446388,-1.659518,1.661628
-9.441814,-1.665249,1.679800
-9.446983,-1.662724,1.671425
-9.453309,-1.672414,1.670604
-9.449924,-1.661607,1.672041
-9.448371,-1.661179,1.660194
-9.447313,-1.660101,1.666172
-9.448082,-1.650131,1.670825
-9.452404,-1.665688,1.666143
-9.453686,-1.662816,1.676083
-9.454023,-1.656840,1.673751
-9.443793,-1.658126,1.665022
-9.462433,-1.677716,1.668544
-9.453552,-1.663022,1.672752
-9.440434,-1.667180,1.673915
-9.446594,-1.666809,1.678241
-9.456186,-1.665271,1.677606
-9.456572,-1.667804,1.671259
-9.460870,-1.669831,1.676361
-9.449765,-1.666478,1.671927
-9.442213,-1.668419,1.674208
-9.449255,-1.659984,1.677942
-9.457666,-1.660222,1.678743
-9.453085,-1.669062,1.675233
-9.452016,-1.666394,1.669760
-9.455153,-1.667614,1.679941
-9.449163,-1.663188,1.674415
-9.458575,-1.666621,1.677905
-9.452923,-1.665572,1.680897
-9.457006,-1.669972,1.677536
-9.455913,-1.659912,1.679029
-9.453970,-1.667210,1.676302
-9.451132,-1.664159,1.670094
-9.457920,-1.669049,1.673757
-9.455719,-1.667813,1.678341
-9.456547,-1.672968,1.680292
-9.447672,-1.668265,1.681213
-9.456623,-1.660853,1.676783
-9.459237,-1.672501,1.684693
-9.450418,-1.670871,1.677887
-9.452105,-1.660047,1.670415
-9.444743,-1.665237,1.686704
-9.456411,-1.674954,1.679737
-9.453184,-1.669766,1.677907
-9.450885,-1.667695,1.682865
-9.466220,-1.671886,1.685371
-9.447307,-1.664975,1.677139
-9.457164,-1.674227,1.678001
-9.453228,-1.670691,1.669805
-9.454590,-1.677408,1.685933
-9.460037,-1.675572,1.685380
-9.453221,-1.673451,1.677099
-9.459007,-1.668628,1.685154
-9.455949,-1.672209,1.682639
-9.458179,-1.666068,1.680117
-9.454457,-1.669396,1.682644
-9.458979,-1.668840,1.679307
-9.456924,-1.688137,1.681050
-9.458986,-1.676692,1.688897
-9.453622,-1.681600,1.675391
-9.453072,-1.673470,1.672173
-9.454748,-1.675501,1.683671
-9.455121,-1.681664,1.685128
-9.465690,-1.674380,1.679991
-9.460352,-1.677610,1.689228
-9.455940,-1.682240,1.685983
-9.460655,-1.684325,1.684336
-9.464387,-1.676422,1.682612
-9.457300,-1.675526,1.690277
-9.452077,-1.672122,1.688080
-9.459024,-1.669893,1.687408
-9.450193,-1.677395,1.687248
-9.456293,-1.679722,1.687331
-9.451909,-1.662842,1.685558
-9.459124,-1.683456,1.689142
-9.461946,-1.674453,1.695873
-9.452315,-1.679806,1.684943
-9.457294,-1.680651,1.692986
-9.454462,-1.682831,1.675634
-9.451628,-1.666829,1.690240
-9.452417,-1.683182,1.679965
-9.458210,-1.673025,1.686682
-9.452669,-1.681042,1.688764
-9.459908,-1.684548,1.684352
-9.454482,-1.681042,1.684620
-9.455744,-1.686840,1.686335
-9.457013,-1.677495,1.679497
-9.447797,-1.676145,1.685092
-9.456858,-1.693068,1.694578
-9.455484,-1.672245,1.692182
-9.451532,-1.685148,1.689860
-9.454202,-1.681128,1.693460
-9.449868,-1.678692,1.693901
-9.460759,-1.676943,1.696691
-9.461748,-1.677589,1.695709
-9.458673,-1.682706,1.692444
-9.464647,-1.679602,1.691341
-9.459162,-1.684634,1.686873
-9.450977,-1.682953,1.693320
-9.456801,-1.679585,1.702670
-9.462953,-1.686700,1.696044
-9.452015,-1.686441,1.692355
-9.458184,-1.680093,1.693349
-9.461411,-1.681115,1.692373
-9.459753,-1.681795,1.687097
-9.459148,-1.684535,1.688592
-9.457127,-1.688744,1.700996
-9.459058,-1.681947,1.696044
-9.455226,-1.671211,1.692198
-9.456180,-1.689469,1.684683
-9.455970,-1.684432,1.696350
-9.454176,-1.675630,1.693256
-9.454649,-1.687655,1.700850
-9.455249,-1.690338,1.698964
-9.457761,-1.677272,1.691639
-9.461451,-1.688011,1.690417
-9.461726,-1.681700,1.696705
-9.455929,-1.685585,1.692946
-9.462023,-1.680103,1.694630
-9.455859,-1.692323,1.683825
-9.449852,-1.687446,1.688894
-9.466147,-1.683930,1.693384
-9.464706,-1.682075,1.700166
-9.471397,-1.689701,1.697801
-9.461884,-1.683387,1.694135
-9.458606,-1.697584,1.687130
-9.463798,-1.683492,1.693776
-9.464883,-1.691316,1.697015
-9.459741,-1.694606,1.700030
-9.464672,-1.690678,1.699843
-9.457254,-1.688536,1.688762
-9.457019,-1.688182,1.696833
-9.457403,-1.684570,1.691154
-9.464475,-1.690263,1.691505
-9.466407,-1.689605,1.697518
-9.463353,-1.685618,1.702633
-9.457930,-1.693406,1.697362
-9.458887,-1.692551,1.698663
-9.460129,-1.688734,1.699493
-9.461081,-1.693623,1.689118
-9.459993,-1.696867,1.705623
-9.469316,-1.694215,1.706083
-9.450629,-1.690345,1.698777
-9.460374,-1.678064,1.710185
-9.457581,-1.694456,1.696650
-9.473629,-1.694474,1.701608
-9.474152,-1.692538,1.699965
-9.457493,-1.685829,1.699969
-9.464219,-1.702752,1.707900
-9.452383,-1.686218,1.697436
-9.460852,-1.687627,1.708107
-9.450814,-1.699444,1.700244
-9.451969,-1.685946,1.702690
-9.465609,-1.692907,1.704490
-9.469489,-1.690977,1.701449
-9.463882,-1.694599,1.706621
-9.453190,-1.699759,1.697178
-9.467547,-1.694744,1.698370
-9.462525,-1.698234,1.703787
-9.464044,-1.696138,1.703123
-9.464067,-1.693106,1.694932
-9.462206,-1.704229,1.702213
-9.466118,-1.694282,1.700067
-9.472160,-1.694017,1.700461
-9.468204,-1.692565,1.693552
-9.472779,-1.691946,1.700511
-9.461169,-1.695486,1.709382
-9.462464,-1.687326,1.707707
-9.459595,-1.692847,1.702127
-9.451002,-1.697712,1.690126
-9.457394,-1.685274,1.704165
-9.460369,-1.696484,1.702259
-9.470474,-1.695967,1.713178
-9.454655,-1.699555,1.702582
-9.462444,-1.701795,1.712735
-9.468891,-1.692502,1.697284
-9.457879,-1.696487,1.705061
-9.467972,-1.691157,1.704215
-9.465028,-1.692685,1.705729
-9.456010,-1.699831,1.711222
-9.461575,-1.695174,1.709416
-9.461186,-1.693832,1.703373
-9.469787,-1.698792,1.705614
-9.464921,-1.694879,1.692556
-9.457833,-1.700818,1.697949
-9.468524,-1.696177,1.707686
-9.467316,-1.702558,1.708305
-9.460566,-1.696378,1.704117
-9.463052,-1.697110,1.702054
-9.461811,-1.701188,1.712769
-9.466014,-1.699885,1.698504
-9.461509,-1.695059,1.710559
-9.459206,-1.691115,1.714963
-9.464223,-1.696416,1.704777
-9.460389,-1.698143,1.707680
-9.463646,-1.702431,1.712132
-9.464156,-1.694735,1.707645
-9.458472,-1.696866,1.707421
-9.459009,-1.699222,1.711967
-9.462404,-1.687597,1.700839
-9.462740,-1.696327,1.714575
-9.461951,-1.696072,1.709492
-9.463949,-1.705669,1.714354
-9.463608,-1.695425,1.709085
-9.461248,-1.697162,1.709392
-9.464738,-1.691010,1.707956
-9.471478,-1.701743,1.707927
-9.468336,-1.703381,1.705998
-9.464400,-1.694481,1.716176
-9.460009,-1.699728,1.707470
-9.466793,-1.696606,1.708275
-9.462051,-1.698296,1.708104
-9.470090,-1.696328,1.709538
-9.463359,-1.703203,1.709262
-9.462592,-1.702120,1.704362
-9.462043,-1.694297,1.709622
-9.463288,-1.704311,1.703110
-9.464619,-1.694965,1.710360
-9.466268,-1.696946,1.709533
-9.467896,-1.696068,1.712281
-9.465155,-1.702230,1.714307
-9.459546,-1.710810,1.703992
-9.468770,-1.699718,1.714753
-9.464106,-1.699997,1.707000
-9.462380,-1.699250,1.717806
-9.470091,-1.695641,1.713245
-9.468831,-1.698395,1.706787
-9.463475,-1.693658,1.709598
-9.455529,-1.701467,1.704316
-9.462935,-1.711164,1.709342
-9.465676,-1.704411,1.717569
-9.464859,-1.696171,1.705764
-9.461480,-1.709114,1.716164
-9.465996,-1.707018,1.713675
-9.467603,-1.704658,1.720527
-9.461094,-1.704342,1.713555
-9.460319,-1.702619,1.709181
-9.474508,-1.701044,1.718136
-9.458877,-1.697635,1.704728
-9.462560,-1.701494,1.715615
-9.466014,-1.702341,1.712641
-9.472782,-1.709084,1.711776
-9.467212,-1.693404,1.706526
-9.462296,-1.704545,1.707788
-9.464517,-1.696397,1.706081
-9.463730,-1.697313,1.712291
-9.461558,-1.705525,1.706458
-9.469950,-1.698788,1.718921
-9.463109,-1.700535,1.705417
-9.459201,-1.703220,1.706839
-9.465378,-1.704335,1.720005
-9.459841,-1.708503,1.716921
-9.458442,-1.703273,1.704123
-9.462179,-1.705673,1.706652
-9.480117,-1.695175,1.709122
-9.472016,-1.707940,1.710776
-9.478078,-1.694323,1.719550
-9.472252,-1.707714,1.720094
-9.463295,-1.698299,1.714287
-9.459190,-1.696558,1.718236
-9.464127,-1.704910,1.715814
-9.465352,-1.700811,1.708999
-9.460744,-1.701253,1.716006
-9.468923,-1.706292,1.719192
-9.470881,-1.719819,1.718875
-9.463870,-1.704844,1.716496
-9.471577,-1.704969,1.702465
-9.472353,-1.701302,1.724751
-9.467210,-1.698311,1.717004
-9.465290,-1.712937,1.710076
-9.464735,-1.693893,1.713059
-9.469755,-1.709424,1.709965
-9.471705,-1.706939,1.716250
-9.465118,-1.714037,1.708290
-9.472071,-1.699701,1.709781
-9.463604,-1.709803,1.709186
-9.463206,-1.707930,1.707656
-9.462517,-1.703216,1.710171
-9.467728,-1.706167,1.708390
-9.468988,-1.705312,1.714895
-9.464481,-1.701418,1.712105
-9.461065,-1.710987,1.717423
-9.467523,-1.703520,1.708898
-9.471812,-1.703891,1.711327
-9.463015,-1.703325,1.711144
-9.467105,-1.710197,1.712134
-9.466135,-1.708071,1.715498
-9.467563,-1.705472,1.718265
-9.464139,-1.702837,1.719245
-9.463757,-1.706148,1.723239
-9.465318,-1.705458,1.716506
-9.464488,-1.707807,1.710062
-9.475586,-1.695962,1.713648
-9.468671,-1.700637,1.721054
-9.458499,-1.704744,1.716913
-9.471478,-1.701523,1.716484
-9.461229,-1.712662,1.717716
-9.462814,-1.700815,1.717923
-9.468437,-1.707167,1.708583
-9.459661,-1.708203,1.718153
-9.467312,-1.705624,1.714967
-9.464277,-1.706255,1.703077
-9.480888,-1.709235,1.712865
-9.464347,-1.706226,1.714703
-9.465227,-1.697403,1.726607
-9.464365,-1.702229,1.717039
-9.473187,-1.710063,1.714130
-9.465069,-1.707300,1.703942
-9.472563,-1.700930,1.701659
-9.469868,-1.708313,1.716114
-9.476030,-1.713715,1.715059
-9.469973,-1.712340,1.722685
-9.460532,-1.702391,1.716521
-9.464268,-1.711266,1.719985
-9.470924,-1.705497,1.719700
-9.465731,-1.705504,1.720707
-9.462161,-1.706518,1.720927
-9.467818,-1.710513,1.713400
-9.475647,-1.712934,1.714625
-9.471625,-1.710740,1.713893
-9.466713,-1.706668,1.711191
-9.455997,-1.709581,1.715277
-9.469457,-1.706470,1.717414
-9.457367,-1.696285,1.722556
-9.470983,-1.713796,1.725470
-9.461233,-1.701034,1.714146
-9.469492,-1.697478,1.715188
-9.468046,-1.706788,1.725160
-9.468912,-1.714689,1.720271
-9.468284,-1.702648,1.722778
-9.470782,-1.699575,1.724857
-9.471289,-1.702828,1.717902
-9.465120,-1.706999,1.722210
-9.472100,-1.708014,1.712135
-9.466840,-1.706500,1.713366
-9.466698,-1.705810,1.719552
-9.467013,-1.705338,1.721139
-9.468914,-1.697827,1.722009
-9.470440,-1.710798,1.713998
-9.467375,-1.702465,1.715067
-9.468104,-1.707939,1.720612
-9.463077,-1.710054,1.718417
-9.476948,-1.700866,1.729579
-9.469375,-1.705743,1.713490
-9.474945,-1.702612,1.722571
-9.464134,-1.699299,1.719781
-9.466612,-1.703459,1.718091
-9.468746,-1.711490,1.716799
-9.461136,-1.713298,1.713839
-9.465987,-1.701707,1.722543
-9.472418,-1.709450,1.716204
-9.466961,-1.709328,1.713648
-9.470148,-1.700083,1.709925
-9.468992,-1.703796,1.717420
-9.472873,-1.708973,1.726964
-9.476137,-1.717022,1.724905
-9.466531,-1.707211,1.714989
-9.469034,-1.713892,1.716469
-9.473807,-1.708547,1.718402
-9.469295,-1.711797,1.721087
-9.467921,-1.722006,1.716819
-9.471403,-1.718326,1.713658
-9.469846,-1.712706,1.719561
-9.470426,-1.715754,1.718453
-9.471921,-1.709771,1.721996
-9.465056,-1.718634,1.723113
-9.467709,-1.718517,1.725271
-9.464658,-1.714354,1.721335
-9.473299,-1.707584,1.726976
-9.460190,-1.714915,1.719659
-9.468456,-1.715136,1.725882
-9.477913,-1.705441,1.718042
-9.463011,-1.713784,1.718657
-9.466352,-1.710388,1.723934
-9.467712,-1.711420,1.718974
-9.467910,-1.702628,1.726080
-9.469913,-1.710280,1.715584
-9.471491,-1.714964,1.724942
-9.454380,-1.708983,1.722747
-9.469623,-1.724067,1.717226
-9.473293,-1.710402,1.720815
-9.470175,-1.710670,1.711951
-9.470777,-1.708600,1.729199
-9.469899,-1.709353,1.720076
-9.466291,-1.707781,1.719423
-9.466282,-1.713322,1.723693
-9.475919,-1.701883,1.725715
-9.466762,-1.708896,1.725635
-9.465628,-1.712894,1.719688
-9.474170,-1.709544,1.718295
-9.471008,-1.712552,1.719551
-9.462339,-1.714397,1.722376
-9.469253,-1.701509,1.720934
-9.469536,-1.711249,1.719727
-9.473792,-1.715824,1.727154
-9.474045,-1.708135,1.726892
-9.475246,-1.711403,1.721723
-9.462767,-1.706926,1.721311
-9.469804,-1.716132,1.714868
-9.475881,-1.706162,1.719879
-9.468943,-1.712510,1.727217
-9.463102,-1.712211,1.709040
-9.475406,-1.708093,1.724608
-9.468726,-1.710726,1.717426
-9.472995,-1.716361,1.722779
-9.469016,-1.718393,1.720974
-9.463672,-1.721262,1.721957
-9.465528,-1.707727,1.723936
-9.473921,-1.706087,1.721937
-9.465716,-1.711758,1.722942
-9.460490,-1.709596,1.720709
-9.476788,-1.717362,1.717956
-9.473614,-1.712697,1.716478
-9.460114,-1.707549,1.724600
-9.472182,-1.709945,1.715178
-9.471389,-1.720709,1.721436
-9.465121,-1.715523,1.709871
-9.465825,-1.709583,1.718704
-9.466541,-1.714529,1.722039
-9.475765,-1.713111,1.719362
-9.456449,-1.712124,1.718388
-9.464932,-1.697830,1.714260
-9.475742,-1.712619,1.721428
-9.470475,-1.707385,1.725769
-9.470388,-1.705109,1.713348
-9.473238,-1.705729,1.721697
-9.471038,-1.709998,1.716420
-9.473437,-1.706739,1.710410
-9.471176,-1.711430,1.720252
-9.480557,-1.718139,1.724749
-9.475345,-1.708291,1.715824
-9.467651,-1.709479,1.723666
-9.465318,-1.712723,1.730576
-9.473382,-1.720107,1.720774
-9.462898,-1.716549,1.713866
-9.474372,-1.715246,1.733918
-9.469505,-1.711969,1.718184
-9.471576,-1.703905,1.729710
-9.461200,-1.712150,1.720466
-9.471176,-1.714503,1.720882
-9.469440,-1.708532,1.719857
-9.480101,-1.713596,1.720868
-9.473699,-1.711266,1.720547
-9.463134,-1.711667,1.733728
-9.470185,-1.705587,1.721772
-9.472841,-1.706264,1.729852
-9.473346,-1.711048,1.724933
-9.472540,-1.706129,1.720847
-9.460068,-1.713667,1.730220
-9.467864,-1.703214,1.732327
-9.468060,-1.713201,1.714472
-9.466701,-1.713499,1.720951
-9.475863,-1.705145,1.725995
-9.473746,-1.707254,1.717420
-9.466295,-1.711110,1.714298
-9.474625,-1.710578,1.721400
-9.468697,-1.713993,1.728530
-9.466507,-1.709316,1.724114
-9.473862,-1.718354,1.724056
-9.472554,-1.717653,1.721072
-9.472748,-1.714278,1.722607
-9.462242,-1.711004,1.719874
-9.472484,-1.717431,1.721346
-9.469902,-1.713524,1.721884
-9.471345,-1.720722,1.721725
-9.461836,-1.717705,1.731056
-9.470906,-1.704694,1.720720
-9.471481,-1.723121,1.725775
-9.471781,-1.701188,1.723389
-9.475830,-1.710286,1.731597
-9.473735,-1.724842,1.728305
-9.471226,-1.706414,1.719174
-9.465918,-1.715687,1.728745
-9.465331,-1.716507,1.725606
-9.474153,-1.716994,1.715630
-9.469422,-1.715357,1.716571
-9.465148,-1.718203,1.724655
-9.469224,-1.715681,1.724914
-9.480183,-1.714796,1.718671
-9.478108,-1.709719,1.726073
-9.475867,-1.715505,1.718474
-9.468403,-1.710751,1.724941
-9.472658,-1.715270,1.721764
-9.467759,-1.713930,1.725756
-9.473746,-1.713413,1.729980
-9.463735,-1.715734,1.728196
-9.468215,-1.721055,1.728581
-9.476972,-1.706444,1.716826
-9.469356,-1.707988,1.715105
-9.461197,-1.710065,1.721224
-9.474294,-1.718330,1.729472
-9.469823,-1.707194,1.723190
-9.466553,-1.722634,1.716652
-9.467491,-1.721405,1.720766
-9.473783,-1.709794,1.717225
-9.464199,-1.720663,1.731232
-9.470584,-1.715813,1.729988
-9.464915,-1.710560,1.717822
-9.465060,-1.717838,1.721856
-9.473235,-1.716417,1.722562
-9.473911,-1.703319,1.715036
-9.469119,-1.716365,1.717949
-9.467993,-1.718784,1.724359
-9.465821,-1.715642,1.724335
-9.474997,-1.709680,1.723120
-9.469452,-1.718163,1.722231
-9.469894,-1.713493,1.729104
-9.468850,-1.713253,1.737281
-9.477421,-1.716067,1.716818
-9.471630,-1.717725,1.724669
-9.475942,-1.715583,1.717373
-9.469498,-1.708777,1.724725
-9.473137,-1.711482,1.732369
-9.466081,-1.710654,1.721008
-9.457699,-1.715455,1.722226
-9.474672,-1.719433,1.717006
-9.472224,-1.708691,1.724383
-9.472663,-1.722320,1.717674
-9.477915,-1.722187,1.728400
-9.469442,-1.709154,1.725017
-9.466151,-1.709416,1.732938
-9.466831,-1.721648,1.724411
-9.463096,-1.706617,1.731232
-9.471883,-1.719850,1.724961
-9.468193,-1.716227,1.723487
-9.467392,-1.716943,1.730970
-9.474747,-1.713861,1.723856
-9.476288,-1.719856,1.716562
-9.472953,-1.713601,1.734957
-9.464281,-1.716520,1.723455
-9.473085,-1.712415,1.736916
-9.467757,-1.713069,1.721211
-9.474166,-1.719783,1.722525
-9.473266,-1.715322,1.731383
-9.464962,-1.715088,1.731403
-9.470832,-1.715764,1.730067
-9.471353,-1.709699,1.722981
-9.470700,-1.718645,1.719181
-9.473991,-1.711752,1.720656
-9.474209,-1.713859,1.728808
-9.473166,-1.709504,1.723659
-9.481086,-1.714758,1.723332
-9.468032,-1.713822,1.725521
-9.467368,-1.716095,1.722395
-9.475890,-1.714314,1.725726
-9.479042,-1.717733,1.728276
-9.465825,-1.718451,1.721422
-9.475118,-1.716800,1.729905
-9.469589,-1.717764,1.726204
-9.471269,-1.715358,1.724070
-9.471649,-1.716919,1.722570
-9.469147,-1.722715,1.727160
-9.471624,-1.718793,1.730850
-9.471355,-1.717007,1.721721
-9.465093,-1.720341,1.729893
-9.468603,-1.707104,1.719252
-9.475920,-1.701883,1.722289
-9.474211,-1.708076,1.730958
-9.476493,-1.710425,1.721598
-9.466604,-1.710606,1.720302
-9.468096,-1.713924,1.726463
-9.468003,-1.718994,1.723529
-9.467961,-1.717588,1.737331
-9.462793,-1.719339,1.721937
-9.474483,-1.712489,1.719330
-9.474130,-1.725509,1.727902
-9.473314,-1.714331,1.719309
-9.474172,-1.725311,1.728575
-9.467020,-1.708502,1.725533
-9.467330,-1.734425,1.729162
-9.474542,-1.721253,1.726291
-9.468938,-1.727273,1.730074
-9.467564,-1.711151,1.733743
-9.481759,-1.707767,1.729404
-9.466943,-1.723516,1.733047
-9.477399,-1.718440,1.722524
-9.468616,-1.717092,1.726119
-9.475645,-1.712767,1.731069
-9.469719,-1.717764,1.724403
-9.461606,-1.726034,1.731523
-9.469830,-1.719317,1.739537
-9.472607,-1.722328,1.728263
-9.462144,-1.715406,1.727937
-9.467196,-1.716439,1.725074
-9.461021,-1.717729,1.733355
-9.467117,-1.713583,1.719022
-9.470324,-1.718537,1.713961
-9.470111,-1.715465,1.727438
-9.465570,-1.716824,1.729135
-9.462685,-1.719932,1.727608
-9.481864,-1.720175,1.730760
-9.480186,-1.719532,1.713005
-9.467950,-1.719475,1.719459
-9.473478,-1.713189,1.729594
-9.480141,-1.717936,1.726672
-9.480630,-1.711058,1.727646
-9.465612,-1.723884,1.725168
-9.481230,-1.707571,1.733677
-9.471987,-1.719244,1.734684
-9.467445,-1.708153,1.730406
-9.468735,-1.714172,1.723376
-9.469198,-1.712264,1.726910
-9.464990,-1.722639,1.730011
-9.473289,-1.713677,1.724701
-9.469826,-1.719040,1.731763
-9.469249,-1.724560,1.721799
-9.464681,-1.712367,1.723666
-9.465803,-1.714754,1.734081
-9.472110,-1.713511,1.721985
-9.469324,-1.709289,1.725977
-9.466069,-1.713499,1.724963
-9.477568,-1.710159,1.726942
-9.473799,-1.716026,1.728561
-9.474209,-1.712180,1.722849
-9.465263,-1.721965,1.733077
-9.477814,-1.717964,1.724464
-9.464576,-1.715325,1.722620
-9.475233,-1.721281,1.717974
-9.472772,-1.715818,1.726840
-9.470319,-1.714074,1.734816
-9.468496,-1.713512,1.730980
-9.480267,-1.708138,1.726968
-9.474379,-1.714744,1.724591
-9.469172,-1.708341,1.729078
-9.469761,-1.714370,1.723495
-9.470011,-1.713840,1.732044
-9.465741,-1.718396,1.726234
-9.469414,-1.722758,1.732977
-9.474564,-1.717995,1.726175
-9.470782,-1.716167,1.725445
-9.468401,-1.718657,1.734595
-9.478395,-1.720357,1.719456
-9.474830,-1.717823,1.726497
-9.469311,-1.724913,1.726934
-9.467260,-1.717964,1.731327
-9.481080,-1.712712,1.727961
-9.472881,-1.723991,1.728936
-9.473957,-1.715830,1.731099
-9.473130,-1.718595,1.733468
-9.465256,-1.718508,1.725904
-9.470883,-1.711321,1.722344
-9.472138,-1.724428,1.731527
-9.472019,-1.721933,1.723864
-9.469186,-1.719020,1.726060
-9.464006,-1.717421,1.727751
-9.481381,-1.721502,1.726685
-9.471851,-1.711596,1.719476
-9.473398,-1.719723,1.715172
-9.463314,-1.717477,1.732340
-9.473802,-1.718811,1.726404
-9.465160,-1.728601,1.728838
-9.472643,-1.722012,1.730527
-9.473664,-1.712232,1.726652
-9.475340,-1.716939,1.731779
-9.471339,-1.721637,1.720211
-9.468345,-1.717160,1.717311
-9.469450,-1.715540,1.722426
-9.469852,-1.716160,1.726262
-9.467952,-1.712195,1.725833
-9.469469,-1.710450,1.721114
-9.470038,-1.722293,1.727949
-9.474073,-1.715742,1.729122
-9.474900,-1.720670,1.723608
-9.481231,-1.711813,1.724725
-9.467766,-1.719124,1.729693
-9.467274,-1.713877,1.719734
-9.466601,-1.713541,1.733276
-9.463629,-1.718229,1.723312
-9.470093,-1.713600,1.729066
-9.473083,-1.716826,1.734549
-9.473782,-1.720293,1.728484
-9.470685,-1.707885,1.725460
-9.462495,-1.722238,1.725441
-9.468948,-1.710531,1.715409
-9.467909,-1.723597,1.732965
-9.472094,-1.726668,1.728807
-9.471987,-1.709869,1.721071
-9.470778,-1.718422,1.712668
-9.472717,-1.717770,1.728707
-9.471544,-1.721369,1.727979
-9.471552,-1.722440,1.729236
-9.471824,-1.713434,1.725674
-9.469942,-1.728971,1.736308
-9.464311,-1.706375,1.732546
-9.468214,-1.722623,1.721103
-9.467780,-1.719609,1.721942
-9.475516,-1.719026,1.731486
-9.478712,-1.721942,1.729567
-9.467538,-1.718595,1.721022
-9.465686,-1.717699,1.730764
-9.472003,-1.717753,1.731860
-9.472201,-1.712640,1.725843
-9.473620,-1.729020,1.726170
-9.460955,-1.707315,1.729923
-9.470398,-1.717507,1.722263
-9.473918,-1.721189,1.724717
-9.472078,-1.716759,1.734437
-9.478590,-1.718885,1.726742
-9.470455,-1.716081,1.725502
-9.472591,-1.721430,1.740595
-9.470859,-1.716105,1.729655
-9.470194,-1.717746,1.725424
-9.479436,-1.712443,1.727233
-9.480135,-1.722520,1.721551
-9.469841,-1.716900,1.732408
-9.468067,-1.705945,1.730987
-9.473158,-1.724117,1.718587
-9.466685,-1.719647,1.725571
-9.473003,-1.723486,1.730341
-9.473251,-1.719539,1.736522
-9.478796,-1.710624,1.723975
-9.473956,-1.719367,1.726746
-9.471817,-1.724551,1.731224
-9.477487,-1.722308,1.720658
-9.470378,-1.715230,1.725565
-9.468119,-1.713589,1.727089
-9.468112,-1.713544,1.728982
-9.466513,-1.713079,1.732582
-9.469020,-1.712052,1.734103
-9.467273,-1.710538,1.722643
-9.475784,-1.729174,1.724321
-9.466288,-1.725907,1.718918
-9.472955,-1.722588,1.735629
-9.470144,-1.713792,1.730271
-9.464888,-1.723055,1.736991
-9.471119,-1.716349,1.723365
-9.468041,-1.718843,1.737542
-9.475181,-1.717330,1.726308
-9.463170,-1.712483,1.731108
-9.475900,-1.717624,1.723185
-9.467907,-1.719810,1.730343
-9.470366,-1.717425,1.725918
-9.467401,-1.726987,1.729483
-9.474747,-1.717401,1.725324
-9.473016,-1.710486,1.731432
-9.476933,-1.717446,1.725846
-9.465150,-1.718885,1.731789
-9.475760,-1.716567,1.725349
-9.473579,-1.721460,1.733565
-9.468670,-1.723257,1.731216
-9.469720,-1.721246,1.725053
-9.475635,-1.714114,1.737364
-9.471402,-1.718406,1.734285
-9.470894,-1.723283,1.726366
-9.466108,-1.728939,1.724245
-9.475055,-1.717971,1.735688
-9.476298,-1.713497,1.728502
-9.472120,-1.713898,1.727201
-9.473149,-1.715167,1.730492
-9.475318,-1.714739,1.728986
-9.476288,-1.720937,1.728318
-9.465516,-1.720035,1.721113
-9.474829,-1.711371,1.717092
-9.468252,-1.715903,1.738136
-9.476508,-1.716364,1.731285
-9.469662,-1.723495,1.733063
-9.475001,-1.718789,1.728266
-9.474777,-1.708086,1.735343
-9.472219,-1.717450,1.731398
-9.476453,-1.727412,1.722517
-9.484662,-1.722413,1.725886
-9.472196,-1.720042,1.727210
-9.465026,-1.707837,1.727171
-9.460972,-1.707590,1.730165
-9.463623,-1.722616,1.734677
-9.473423,-1.722332,1.728600
-9.472103,-1.717096,1.726092
-9.472343,-1.720012,1.727691
-9.472268,-1.716307,1.729966
-9.469063,-1.717976,1.724366
-9.462511,-1.712786,1.720407
-9.474401,-1.720236,1.724546
-9.478781,-1.708698,1.732963
-9.473996,-1.718788,1.734026
-9.463411,-1.717752,1.737394
-9.483088,-1.717760,1.716297
-9.475184,-1.723606,1.730082
-9.470666,-1.720800,1.720980
-9.472068,-1.719986,1.720590
-9.468493,-1.721682,1.733326
-9.475564,-1.715283,1.729262
-9.474117,-1.716136,1.731617
-9.468547,-1.722066,1.725659
-9.466583,-1.712530,1.727831
-9.467198,-1.726258,1.726583
-9.473163,-1.709132,1.729254
-9.472549,-1.706255,1.733509
-9.468875,-1.721226,1.733702
-9.475236,-1.721831,1.728963
-9.471065,-1.712804,1.720053
-9.467328,-1.709922,1.736590
-9.464185,-1.713722,1.727998
-9.465892,-1.724584,1.728281
-9.472387,-1.708353,1.728905
-9.464470,-1.717392,1.731045
-9.463353,-1.712737,1.722674
-9.469573,-1.707932,1.728750
-9.462702,-1.724376,1.717141
-9.466561,-1.723569,1.729280
-9.472042,-1.714544,1.724981
-9.472264,-1.722680,1.727128
-9.466929,-1.715018,1.725612
-9.464209,-1.715080,1.729747
-9.470636,-1.717508,1.724377
-9.472107,-1.715007,1.732093
-9.475239,-1.718401,1.731479
-9.465793,-1.721914,1.723775
-9.472425,-1.715922,1.734398
-9.464268,-1.725439,1.718283
-9.470866,-1.716779,1.728075
-9.469507,-1.717599,1.729064
-9.467805,-1.721791,1.732713
-9.463818,-1.713834,1.725056
-9.471626,-1.718571,1.722395
-9.481440,-1.710475,1.733481
-9.479501,-1.723355,1.729698
-9.475270,-1.707212,1.731858
-9.475187,-1.710712,1.729210
-9.463277,-1.723001,1.728102
-9.472226,-1.716898,1.723197
-9.472931,-1.714765,1.722934
-9.465836,-1.714686,1.721978
-9.483482,-1.711369,1.728445
-9.481148,-1.715684,1.729513
-9.468740,-1.709586,1.727940
-9.472475,-1.723577,1.721141
-9.476562,-1.713466,1.724712
-9.465646,-1.723022,1.728846
-9.476927,-1.718409,1.723626
-9.472070,-1.712802,1.735646
-9.478744,-1.713492,1.725855
-9.466736,-1.714907,1.726816
-9.471795,-1.717927,1.728138
-9.482523,-1.722234,1.732030
-9.474632,-1.710273,1.731758
-9.468249,-1.713212,1.729328
-9.474484,-1.719958,1.732191
-9.470291,-1.719903,1.734449
-9.467224,-1.716186,1.726980
-9.475393,-1.726252,1.723994
-9.465678,-1.713361,1.726964
-9.464798,-1.726917,1.733836
-9.467837,-1.719445,1.724037
-9.475144,-1.716055,1.729752
-9.480016,-1.715133,1.726693
-9.473250,-1.709122,1.726684
-9.476753,-1.719031,1.725279
-9.464547,-1.718875,1.722146
-9.468487,-1.727244,1.723420
-9.476293,-1.712136,1.731491
-9.475128,-1.710835,1.726422
-9.473364,-1.718179,1.730523
-9.469375,-1.725073,1.735988
-9.473590,-1.719487,1.722882
-9.470962,-1.723027,1.720484
-9.477281,-1.714693,1.725182
-9.472433,-1.723855,1.722489
-9.469567,-1.712924,1.729798
-9.467013,-1.719279,1.736454
-9.479846,-1.722490,1.727339
-9.473370,-1.729765,1.728975
-9.473510,-1.717618,1.722119
-9.464277,-1.717311,1.727885
-9.463302,-1.725187,1.723745
-9.474171,-1.726193,1.723317
-9.461445,-1.718866,1.731704
-9.481823,-1.718045,1.736902
-9.471996,-1.717169,1.720858
-9.470007,-1.718068,1.734018
-9.469425,-1.727054,1.724165
-9.472125,-1.717006,1.719352
-9.478730,-1.716170,1.738573
-9.474654,-1.722215,1.731534
-9.473290,-1.717987,1.728592
-9.476596,-1.719384,1.724389
-9.467155,-1.716963,1.732855
-9.463864,-1.708525,1.734936
-9.460675,-1.720755,1.732503
-9.478660,-1.724657,1.731156
-9.473690,-1.717617,1.738318
-9.473669,-1.721483,1.722377
-9.462034,-1.710464,1.728192
-9.472783,-1.723997,1.725657
-9.472332,-1.714918,1.724754
-9.472472,-1.730864,1.728527
-9.475124,-1.719759,1.722696
-9.473953,-1.725924,1.728222
-9.481584,-1.712556,1.728732
-9.461135,-1.719247,1.733382
-9.471333,-1.721787,1.725966
-9.479958,-1.722053,1.726947
-9.472157,-1.715987,1.723349
-9.470805,-1.724877,1.732847
-9.474236,-1.720925,1.737688
-9.469109,-1.717865,1.728697
-9.475811,-1.724136,1.731104
-9.484530,-1.715631,1.720880
-9.477911,-1.716177,1.725302
-9.470445,-1.720593,1.724098
-9.459592,-1.721420,1.724744
-9.478076,-1.715912,1.726014
-9.471870,-1.720510,1.729891
-9.474402,-1.722561,1.727357
-9.468285,-1.718883,1.729621
-9.474041,-1.720767,1.725645
-9.471333,-1.715729,1.726921
-9.465420,-1.719691,1.737333
-9.467199,-1.717131,1.720914
-9.465959,-1.707974,1.721710
-9.467885,-1.712053,1.732214
-9.473907,-1.725991,1.731551
-9.471411,-1.716560,1.721722
-9.466880,-1.710340,1.725209
-9.471629,-1.709431,1.722847
-9.465230,-1.714003,1.726013
-9.481552,-1.708795,1.723505
-9.474561,-1.718806,1.724452
-9.476028,-1.717456,1.730761
-9.472046,-1.722681,1.726179
-9.469540,-1.721596,1.728721
-9.472714,-1.714214,1.720151
-9.472183,-1.714295,1.727362
-9.468246,-1.720040,1.737395
-9.470323,-1.723364,1.724816
-9.465637,-1.721364,1.729727
-9.472460,-1.710146,1.725240
-9.466709,-1.715193,1.727686
-9.478711,-1.716716,1.728552
-9.477411,-1.711049,1.734898
-9.477075,-1.711480,1.732751
-9.475982,-1.722380,1.739282
-9.476620,-1.717144,1.731534
-9.482978,-1.717916,1.729914
-9.465278,-1.713334,1.721845
-9.474923,-1.720996,1.731036
-9.473732,-1.717909,1.723789
-9.474567,-1.726789,1.732475
-9.477705,-1.723289,1.729059
-9.468228,-1.721261,1.732976
-9.471289,-1.720002,1.722095
-9.468910,-1.720280,1.737281
-9.475206,-1.716910,1.723753
-9.474541,-1.716585,1.730708
-9.473764,-1.724133,1.727598
-9.478774,-1.717232,1.725686
-9.473380,-1.708350,1.732808
-9.466859,-1.706213,1.732177
-9.473494,-1.721714,1.732617
-9.470032,-1.722893,1.735923
-9.473614,-1.716943,1.730668
-9.469916,-1.715508,1.731862
-9.469501,-1.718240,1.727666
-9.474274,-1.725805,1.733533
-9.479558,-1.716863,1.728581
-9.471423,-1.728302,1.725484
-9.472064,-1.717512,1.724327
-9.478804,-1.723741,1.725037
-9.470918,-1.725116,1.733962
-9.464674,-1.712238,1.722488
-9.469412,-1.721616,1.717923
-9.477457,-1.713965,1.725589
-9.471001,-1.709674,1.724395
-9.471399,-1.714397,1.736347
-9.473421,-1.711934,1.724116
-9.464856,-1.719317,1.728001
-9.471891,-1.713375,1.723183
-9.468020,-1.725204,1.730998
-9.473840,-1.715630,1.726313
-9.475356,-1.719342,1.725063
-9.469788,-1.714904,1.720453
-9.470864,-1.723613,1.720948
-9.469240,-1.722301,1.725513
-9.472374,-1.721763,1.729054
-9.459254,-1.722219,1.732254
-9.480514,-1.720478,1.730607
-9.470151,-1.720646,1.733251
-9.472274,-1.718597,1.725402
-9.465053,-1.725336,1.729774
-9.402481,-1.705293,1.810878
-9.344161,-1.684765,1.905288
-9.293934,-1.667268,1.978165
-9.238371,-1.654996,2.046926
-9.203794,-1.644460,2.106229
-9.162620,-1.622045,2.163190
-9.119944,-1.620909,2.213760
-9.101048,-1.615269,2.261735
-9.073388,-1.607966,2.316968
-9.050381,-1.598658,2.338065
-9.018157,-1.590457,2.382873
-8.996513,-1.590052,2.415713
-8.977720,-1.579466,2.444370
-8.965534,-1.582476,2.473297
-8.942158,-1.572281,2.502347
-8.933031,-1.579937,2.514305
-8.918107,-1.588114,2.548502
-8.900404,-1.588550,2.564723
-8.875101,-1.584535,2.583540
-8.877857,-1.584065,2.595775
-8.866747,-1.580349,2.611487
-8.859539,-1.590142,2.633241
-8.855327,-1.599350,2.640335
-8.846814,-1.587117,2.660916
-8.842749,-1.598056,2.672350
-8.826569,-1.591410,2.681051
-8.828995,-1.599500,2.694526
-8.814253,-1.600363,2.703829
-8.808786,-1.603068,2.721665
-8.807789,-1.610060,2.735941
-8.813522,-1.617710,2.740798
-8.801433,-1.618964,2.749696
-8.797907,-1.629893,2.748958
-8.780254,-1.624526,2.763819
-8.786999,-1.628934,2.778435
-8.785053,-1.626559,2.784415
-8.782517,-1.640469,2.788093
-8.767441,-1.645593,2.797462
-8.771019,-1.637316,2.795490
-8.769991,-1.643394,2.806543
-8.771065,-1.657224,2.817466
-8.765110,-1.666268,2.828332
-8.766251,-1.655851,2.837175
-8.760823,-1.661189,2.838524
-8.754587,-1.662594,2.844282
-8.754408,-1.671158,2.859369
-8.748849,-1.678991,2.858171
-8.744316,-1.678064,2.864061
-8.749429,-1.676617,2.869517
-8.744363,-1.692143,2.874522
-8.742344,-1.695720,2.885073
-8.736143,-1.700027,2.893909
-8.733476,-1.710000,2.899857
-8.728951,-1.709565,2.908043
-8.730537,-1.712516,2.915242
-8.729851,-1.714343,2.922385
-8.719838,-1.718295,2.928700
-8.723670,-1.732556,2.938008
-8.719754,-1.729471,2.946545
-8.717966,-1.723528,2.940509
-8.713575,-1.728076,2.953848
-8.715989,-1.741987,2.968709
-8.706326,-1.740665,2.958332
-8.712752,-1.748672,2.969243
-8.702225,-1.746856,2.976438
-8.704881,-1.747236,2.981122
-8.691610,-1.761625,2.977734
-8.695873,-1.758474,2.997038
-8.700179,-1.765223,3.007418
-8.692800,-1.768566,2.998662
-8.686533,-1.776598,3.020658
-8.675920,-1.768997,3.019454
-8.679090,-1.786646,3.030382
-8.679937,-1.782134,3.026661
-8.676333,-1.782475,3.038333
-8.684568,-1.793275,3.051221
-8.675135,-1.797652,3.050077
-8.680695,-1.807301,3.063474
-8.669072,-1.810394,3.055911
-8.668453,-1.810160,3.062494
-8.674761,-1.814334,3.079675
-8.666279,-1.817070,3.083204
-8.668889,-1.826790,3.091894
-8.659889,-1.823147,3.087879
-8.659177,-1.829928,3.101131
-8.652508,-1.845011,3.105921
-8.651655,-1.845156,3.119032
-8.650350,-1.839657,3.119289
-8.653817,-1.845683,3.127149
-8.647883,-1.851037,3.135795
-8.653995,-1.852013,3.137361
-8.641131,-1.852479,3.145633
-8.637240,-1.854186,3.147322
-8.631897,-1.868156,3.154534
-8.629804,-1.872794,3.165101
-8.634973,-1.879126,3.168775
-8.621404,-1.881201,3.177607
-8.629230,-1.884997,3.186858
-8.615818,-1.887634,3.184991
-8.617844,-1.900801,3.198651
-8.619908,-1.899883,3.196329
-8.610194,-1.901488,3.208026
-8.617575,-1.913658,3.220699
-8.609378,-1.907432,3.225236
-8.611723,-1.908254,3.224656
-8.608087,-1.916626,3.223061
-8.601742,-1.916076,3.240872
-8.606664,-1.921468,3.248503
-8.605231,-1.918285,3.253705
-8.592416,-1.928639,3.253075
-8.580377,-1.930858,3.272595
-8.592460,-1.932411,3.274658
-8.580897,-1.940047,3.284076
-8.585046,-1.948771,3.283089
-8.583908,-1.945363,3.304200
-8.580331,-1.948389,3.297649
-8.577487,-1.962406,3.296614
-8.579539,-1.965934,3.310727
-8.574854,-1.967730,3.307557
-8.568695,-1.977991,3.317931
-8.565703,-1.977468,3.326383
-8.571393,-1.977843,3.330742
-8.558557,-1.968661,3.345237
-8.553833,-1.985038,3.352994
-8.553622,-1.994360,3.349904
-8.557018,-1.988198,3.367479
-8.555911,-2.003518,3.373084
-8.550740,-2.001171,3.366594
-8.540114,-1.996530,3.386243
-8.543724,-2.014727,3.390915
-8.538258,-2.013581,3.396635
-8.544542,-2.023501,3.399981
-8.532997,-2.023845,3.405665
-8.537543,-2.029596,3.403189
-8.541949,-2.024620,3.411896
-8.526630,-2.038605,3.433999
-8.523602,-2.029037,3.438543
-8.517873,-2.043935,3.436916
-8.521223,-2.050409,3.443262
-8.516258,-2.045565,3.448086
-8.511464,-2.051457,3.463524
-8.516777,-2.054907,3.469524
-8.513441,-2.054505,3.473713
-8.500668,-2.059400,3.466863
-8.503571,-2.064507,3.479722
-8.506241,-2.062866,3.499975
-8.496784,-2.064599,3.494916
-8.491088,-2.076660,3.502874
-8.493891,-2.085859,3.505409
-8.490963,-2.079548,3.513718
-8.485725,-2.087280,3.532456
-8.482002,-2.090511,3.528530
-8.475544,-2.086948,3.529356
-8.475449,-2.103077,3.537509
-8.475822,-2.100175,3.543553
-8.477166,-2.111198,3.559696
-8.471500,-2.101003,3.554219
-8.463601,-2.106762,3.554119
-8.467011,-2.108988,3.574126
-8.463469,-2.124054,3.573119
-8.450564,-2.117966,3.581367
-8.446536,-2.124567,3.590550
-8.453303,-2.127390,3.593827
-8.447738,-2.133551,3.602378
-8.447105,-2.132382,3.616410
-8.448290,-2.133396,3.621085
-8.438039,-2.147469,3.624431
-8.439909,-2.139412,3.628575
-8.437618,-2.143424,3.633402
-8.428826,-2.156967,3.638016
-8.437986,-2.157827,3.642849
-8.435666,-2.151944,3.653458
-8.429074,-2.162493,3.664765
-8.420931,-2.166784,3.658734
-8.421211,-2.165727,3.674401
-8.411952,-2.177207,3.685581
-8.410512,-2.178904,3.697253
-8.420541,-2.180948,3.701837
-8.401209,-2.183047,3.701123
-8.408124,-2.172782,3.713596
-8.395517,-2.181386,3.719503
-8.396734,-2.202446,3.723293
-8.398134,-2.212207,3.733231
-8.387211,-2.197280,3.736502
-8.386783,-2.206759,3.741800
-8.385316,-2.214549,3.753013
-8.384995,-2.217074,3.754493
-8.384105,-2.217529,3.756537
-8.374013,-2.219721,3.766410
-8.381813,-2.215208,3.779716
-8.367887,-2.224250,3.780176
-8.369521,-2.240528,3.791025
-8.368297,-2.226168,3.800027
-8.365038,-2.225532,3.804163
-8.364794,-2.241413,3.803295
-8.354193,-2.242603,3.811450
-8.340071,-2.249839,3.827265
-8.342312,-2.249219,3.821034
-8.343031,-2.257868,3.819863
-8.344617,-2.248374,3.846191
-8.341565,-2.259840,3.844209
-8.337873,-2.256900,3.850733
-8.340383,-2.263032,3.861233
-8.338023,-2.271473,3.856078
-8.339110,-2.270374,3.877723
-8.333866,-2.277803,3.880912
-8.325713,-2.278200,3.889336
-8.318172,-2.278478,3.887966
-8.320140,-2.287877,3.895911
-8.317860,-2.283784,3.911784
-8.313965,-2.284477,3.901489
-8.314126,-2.287579,3.918437
-8.299823,-2.293391,3.924631
-8.299262,-2.297507,3.935607
-8.303861,-2.301423,3.941712
-8.297689,-2.305270,3.940684
-8.293289,-2.307845,3.947359
-8.292184,-2.309087,3.953712
-8.283527,-2.306478,3.955314
-8.283360,-2.307298,3.968850
-8.283438,-2.320525,3.975972
-8.278151,-2.330906,3.979263
-8.275718,-2.325975,3.981535
-8.270088,-2.332524,3.996369
-8.255268,-2.329959,4.001365
-8.260032,-2.329394,4.010505
-8.250548,-2.335558,4.015605
-8.250108,-2.327161,4.022625
-8.252915,-2.349357,4.030330
-8.253654,-2.346946,4.035523
-8.253964,-2.346084,4.033121
-8.241450,-2.354571,4.050102
-8.243391,-2.362335,4.051713
-8.234976,-2.353965,4.064835
-8.239769,-2.368857,4.077703
-8.235706,-2.364555,4.079795
-8.226076,-2.362096,4.084147
-8.221275,-2.375237,4.085502
-8.223546,-2.378525,4.088720
-8.221872,-2.374522,4.093906
-8.199287,-2.386145,4.105783
-8.211616,-2.389461,4.116167
-8.215952,-2.378904,4.108940
-8.202487,-2.396531,4.130858
-8.204038,-2.390011,4.138427
-8.205314,-2.395319,4.147151
-8.194391,-2.398790,4.145815
-8.200521,-2.396125,4.161282
-8.186623,-2.399589,4.160643
-8.177684,-2.402960,4.165960
-8.183829,-2.412639,4.184611
-8.178248,-2.415064,4.179170
-8.173516,-2.416419,4.182016
-8.169354,-2.418485,4.185742
-8.166178,-2.419630,4.195226
-8.158715,-2.426945,4.203928
-8.162313,-2.431682,4.205985
-8.151240,-2.430380,4.225212
-8.145798,-2.436249,4.231153
-8.151418,-2.439444,4.221538
-8.147474,-2.440088,4.244911
-8.139184,-2.441470,4.244457
-8.133723,-2.454809,4.255498
-8.137595,-2.449008,4.259945
-8.134182,-2.451966,4.271380
-8.129809,-2.455925,4.273127
-8.126521,-2.456510,4.283858
-8.130116,-2.455202,4.284736
-8.119041,-2.463592,4.291190
-8.118804,-2.465057,4.296126
-8.111301,-2.456552,4.303015
-8.103585,-2.464358,4.313622
-8.113144,-2.474458,4.326607
-8.110748,-2.470576,4.324815
-8.096296,-2.481447,4.330101
-8.095842,-2.485426,4.335589
-8.097242,-2.480760,4.352489
-8.094983,-2.483800,4.349225
-8.096999,-2.496374,4.359901
-8.086031,-2.492954,4.369507
-8.068916,-2.493182,4.376288
-8.085770,-2.501381,4.373615
-8.060961,-2.507242,4.394275
-8.072021,-2.502964,4.391576
-8.067746,-2.508673,4.392549
-8.064484,-2.514467,4.406809
-8.057900,-2.512719,4.412394
-8.057124,-2.508692,4.402378
-8.053791,-2.521130,4.433862
-8.048500,-2.516475,4.432664
-8.044571,-2.524657,4.437436
-8.042818,-2.523204,4.447120
-8.031978,-2.527779,4.455364
-8.045078,-2.529812,4.454278
-8.022704,-2.523632,4.455515
-8.024967,-2.537630,4.468712
-8.026978,-2.539537,4.482635
-8.028137,-2.540334,4.491808
-8.014939,-2.544224,4.497715
-8.022061,-2.544223,4.503062
-8.011493,-2.540449,4.503720
-8.006898,-2.553644,4.516702
-7.999498,-2.543842,4.511235
-7.992873,-2.550946,4.533751
-8.001954,-2.549591,4.535474
-7.992050,-2.551613,4.542162
-7.997715,-2.554068,4.539197
-7.981176,-2.568439,4.559749
-7.976101,-2.562507,4.557630
-7.973612,-2.570932,4.571599
-7.973569,-2.570558,4.571581
-7.963417,-2.572505,4.575321
-7.967014,-2.578126,4.587320
-7.959647,-2.576491,4.592904
-7.947571,-2.583725,4.597731
-7.951463,-2.588057,4.610492
-7.961697,-2.591339,4.618481
-7.946912,-2.593644,4.625881
-7.950499,-2.587842,4.620701
-7.938721,-2.592093,4.638495
-7.942097,-2.596467,4.627551
-7.926530,-2.598836,4.640162
-7.935636,-2.599320,4.653907
-7.924849,-2.600643,4.660471
-7.915358,-2.610628,4.660667
-7.916440,-2.612786,4.675251
-7.915241,-2.616060,4.680466
-7.917101,-2.609943,4.686562
-7.907052,-2.607543,4.693916
-7.898326,-2.623510,4.707418
-7.894843,-2.624268,4.708865
-7.890718,-2.626250,4.715243
-7.893866,-2.624446,4.713694
-7.891983,-2.624617,4.721225
-7.885750,-2.644233,4.729389
-7.879257,-2.632402,4.739204
-7.878381,-2.642251,4.746073
-7.870408,-2.633537,4.753315
-7.871847,-2.640474,4.761651
-7.864413,-2.636758,4.768593
-7.856233,-2.639573,4.780091
-7.872845,-2.649526,4.778826
-7.857865,-2.638597,4.789352
-7.859964,-2.642135,4.787078
-7.847639,-2.655648,4.794108
-7.840410,-2.651278,4.804482
-7.841247,-2.653833,4.809808
-7.834028,-2.667283,4.815773
-7.840872,-2.664639,4.832287
-7.822181,-2.660773,4.840247
-7.832554,-2.662740,4.847912
-7.815424,-2.672462,4.849127
-7.823269,-2.671565,4.860081
-7.808975,-2.667548,4.859324
-7.804296,-2.677542,4.867389
-7.797850,-2.671512,4.877917
-7.793880,-2.671927,4.883758
-7.801225,-2.672722,4.887254
-7.789186,-2.685417,4.893561
-7.794514,-2.672815,4.899482
-7.792392,-2.687296,4.900990
-7.770419,-2.692712,4.917946
-7.764429,-2.689728,4.927131
-7.772784,-2.699395,4.932671
-7.768714,-2.694627,4.936064
-7.763367,-2.689823,4.940798
-7.757153,-2.699959,4.940983
-7.756007,-2.693414,4.954857
-7.753872,-2.700755,4.958021
-7.748113,-2.696710,4.969299
-7.748051,-2.696598,4.972403
-7.740658,-2.702430,4.983883
-7.740226,-2.710506,4.988745
-7.734474,-2.712880,4.995600
-7.727437,-2.712290,5.004021
-7.731096,-2.712662,5.015235
-7.710717,-2.711592,5.013828
-7.712854,-2.719584,5.026748
-7.711145,-2.720493,5.032442
-7.709538,-2.721912,5.036763
-7.703986,-2.718719,5.049034
-7.696524,-2.724417,5.047557
-7.700286,-2.735732,5.061252
-7.693233,-2.736664,5.068546
-7.684975,-2.736841,5.066591
-7.691366,-2.744431,5.071653
-7.684569,-2.735094,5.076894
-7.672296,-2.738213,5.084271
-7.671562,-2.744690,5.099078
-7.675833,-2.738114,5.102302
-7.668916,-2.747733,5.110212
-7.659062,-2.748593,5.119086
-7.659233,-2.756340,5.120111
-7.646538,-2.750695,5.126663
-7.646906,-2.756867,5.143722
-7.642491,-2.752112,5.145893
-7.639826,-2.752288,5.144231
-7.633788,-2.757175,5.166623
-7.630166,-2.758799,5.161206
-7.624627,-2.758118,5.168491
-7.631360,-2.768802,5.169121
-7.619765,-2.766536,5.181479
-7.615717,-2.764712,5.188713
-7.615929,-2.768595,5.190269
-7.599594,-2.773337,5.203452
-7.604274,-2.782086,5.221611
-7.595922,-2.779344,5.211277
-7.597661,-2.778729,5.218102
-7.587275,-2.788791,5.227397
-7.589728,-2.780197,5.232684
-7.577448,-2.792310,5.250202
-7.577079,-2.774048,5.247847
-7.583182,-2.779480,5.255041
-7.569861,-2.789397,5.265684
-7.566286,-2.789986,5.272340
-7.556814,-2.784854,5.276023
-7.563725,-2.799478,5.281608
-7.547822,-2.795414,5.287887
-7.559411,-2.797920,5.300133
-7.543170,-2.805671,5.306584
-7.536965,-2.798520,5.309501
-7.533320,-2.805850,5.322847
-7.528484,-2.805086,5.322082
-7.521429,-2.801726,5.336719
-7.525469,-2.800948,5.336655
-7.521992,-2.802106,5.344415
-7.517098,-2.812472,5.353277
-7.511702,-2.807104,5.346906
-7.515925,-2.811656,5.365949
-7.502086,-2.810088,5.358710
-7.496312,-2.812382,5.381967
-7.493343,-2.817106,5.390288
-7.490049,-2.808769,5.387116
-7.472782,-2.810232,5.406656
-7.475172,-2.817572,5.402485
-7.473555,-2.828981,5.411794
-7.471516,-2.819766,5.417699
-7.473301,-2.820547,5.424999
-7.460999,-2.832162,5.442055
-7.465925,-2.837933,5.440471
-7.450052,-2.829767,5.451412
-7.450298,-2.825157,5.449758
-7.444900,-2.833083,5.461478
-7.439269,-2.836671,5.456352
-7.425730,-2.839325,5.474903
-7.428882,-2.835050,5.471568
-7.429896,-2.827116,5.482708
-7.437069,-2.842633,5.491992
-7.418326,-2.845073,5.503112
-7.412139,-2.849060,5.493398
-7.412686,-2.839182,5.504986
-7.401728,-2.838751,5.519127
-7.403908,-2.852704,5.523119
-7.400554,-2.847155,5.545099
-7.397178,-2.852508,5.537815
-7.381982,-2.858345,5.529217
-7.385995,-2.844401,5.557519
-7.378183,-2.857648,5.562860
-7.366159,-2.852490,5.571988
-7.369624,-2.851364,5.569883
-7.366264,-2.858800,5.577022
-7.354716,-2.864539,5.579244
-7.363284,-2.869607,5.593474
-7.350153,-2.861568,5.600909
-7.354961,-2.866492,5.608054
-7.342570,-2.860192,5.612641
-7.339350,-2.864342,5.616941
-7.331817,-2.868252,5.630766
-7.324489,-2.874407,5.624876
-7.321999,-2.874211,5.644509
-7.324023,-2.875177,5.641914
-7.314044,-2.871797,5.639339
-7.312016,-2.876334,5.664058
-7.312919,-2.876398,5.658648
-7.299898,-2.882790,5.681291
-7.298501,-2.872748,5.678400
-7.299819,-2.878508,5.687397
-7.285029,-2.890524,5.695067
-7.290006,-2.880194,5.697096
-7.278057,-2.885747,5.712018
-7.263845,-2.879642,5.709294
-7.270374,-2.892804,5.717735
-7.262332,-2.885403,5.728646
-7.263166,-2.884143,5.736189
-7.258093,-2.891540,5.748802
-7.261680,-2.884007,5.752312
-7.249669,-2.895177,5.751564
-7.242348,-2.898468,5.759889
-7.243348,-2.877404,5.765088
-7.243990,-2.892772,5.780070
-7.228205,-2.885674,5.780122
-7.222336,-2.897613,5.787413
-7.226805,-2.896354,5.792152
-7.216226,-2.902976,5.790877
-7.220944,-2.903388,5.802788
-7.204813,-2.902952,5.817863
-7.193828,-2.900249,5.815799
-7.195902,-2.903253,5.825982
-7.199071,-2.901695,5.835304
-7.197470,-2.903519,5.838595
-7.190905,-2.904133,5.850954
-7.189304,-2.918569,5.857701
-7.182657,-2.909665,5.862433
-7.170002,-2.906914,5.866708
-7.165116,-2.910977,5.876476
-7.157611,-2.907460,5.886110
-7.167649,-2.923518,5.885287
-7.148544,-2.918023,5.898560
-7.149438,-2.922121,5.894573
-7.139264,-2.920520,5.899803
-7.145692,-2.919338,5.920067
-7.139622,-2.914005,5.914135
-7.134828,-2.914235,5.934969
-7.129124,-2.920934,5.932596
-7.120917,-2.915223,5.939905
-7.115534,-2.919650,5.944594
-7.108929,-2.919993,5.948294
-7.105623,-2.919749,5.958348
-7.106263,-2.920531,5.967559
-7.097316,-2.922023,5.968276
-7.095564,-2.928916,5.984432
-7.081789,-2.928654,5.981481
-7.084201,-2.935408,5.987311
-7.080285,-2.929055,6.002312
-7.071951,-2.926668,6.003417
-7.073636,-2.938312,6.013970
-7.059555,-2.928674,6.015271
-7.061378,-2.932753,6.019357
-7.061793,-2.934015,6.035019
-7.048375,-2.936243,6.041259
-7.046242,-2.939349,6.053099
-7.032266,-2.944247,6.050392
-7.028181,-2.937047,6.049916
-7.030965,-2.935725,6.064813
-7.018291,-2.944006,6.068727
-7.020476,-2.941463,6.083244
-7.022993,-2.927913,6.089463
-7.016760,-2.942052,6.087863
-7.015941,-2.941774,6.094490
-6.998859,-2.943678,6.109293
-6.999115,-2.939895,6.118570
-6.989757,-2.946276,6.115374
-6.986565,-2.945009,6.125255
-6.981349,-2.945057,6.138289
-6.976427,-2.937125,6.143350
-6.969438,-2.947585,6.142896
-6.972494,-2.947001,6.152627
-6.965797,-2.946875,6.151399
-6.963466,-2.953564,6.160009
-6.956950,-2.952211,6.171979
-6.948574,-2.951794,6.177825
-6.952079,-2.956714,6.174984
-6.941276,-2.948290,6.194138
-6.937118,-2.956526,6.198102
-6.927372,-2.949903,6.203724
-6.921513,-2.944200,6.212668
-6.929577,-2.952990,6.214905
-6.919203,-2.962260,6.217730
-6.912429,-2.954923,6.232562
-6.915091,-2.954667,6.238285
-6.907658,-2.955984,6.254221
-6.902121,-2.958280,6.251630
-6.885024,-2.957266,6.254814
-6.878958,-2.960231,6.257204
-6.891821,-2.959244,6.274523
-6.886884,-2.960590,6.270896
-6.871822,-2.955516,6.279181
-6.872009,-2.960518,6.281916
-6.860913,-2.963431,6.303374
-6.860366,-2.960577,6.306051
-6.849997,-2.967764,6.311990
-6.844783,-2.962018,6.313902
-6.843846,-2.968013,6.317336
-6.840059,-2.968255,6.331640
-6.837883,-2.961714,6.348953
-6.832837,-2.963227,6.342449
-6.816461,-2.963335,6.343425
-6.809646,-2.960234,6.350268
-6.812714,-2.963385,6.360644
-6.801438,-2.960736,6.368882
-6.797245,-2.962980,6.379785
-6.795542,-2.965905,6.380584
-6.790697,-2.962185,6.387861
-6.790511,-2.972959,6.399579
-6.784653,-2.962817,6.403533
-6.773126,-2.963314,6.407633
-6.763797,-2.962221,6.420182
-6.769465,-2.962086,6.423601
-6.768857,-2.967155,6.430928
-6.751959,-2.968389,6.440419
-6.761414,-2.968934,6.439089
-6.737957,-2.973461,6.453632
-6.738724,-2.963270,6.455085
-6.731120,-2.970474,6.464756
-6.732126,-2.973652,6.470068
-6.730786,-2.970596,6.471230
-6.725600,-2.970532,6.481098
-6.720577,-2.968106,6.483725
-6.708135,-2.975105,6.493627
-6.700386,-2.970459,6.508396
-6.708343,-2.974806,6.520368
-6.689035,-2.974932,6.516116
-6.680724,-2.976927,6.521074
-6.683511,-2.979637,6.521560
-6.682956,-2.966555,6.534399
-6.671709,-2.978253,6.539166
-6.671073,-2.975402,6.552186
-6.666626,-2.979634,6.552107
-6.662025,-2.969162,6.556210
-6.655998,-2.973316,6.565388
-6.655821,-2.976498,6.573330
-6.649243,-2.973042,6.574620
-6.642068,-2.977982,6.584748
-6.637899,-2.976409,6.591276
-6.628078,-2.969100,6.609319
-6.621995,-2.974006,6.617933
-6.618111,-2.974273,6.613798
-6.624574,-2.974761,6.619430
-6.613181,-2.974103,6.633733
-6.598049,-2.981163,6.629664
-6.603640,-2.991934,6.642396
-6.589815,-2.987498,6.645689
-6.583779,-2.985658,6.641300
-6.572606,-2.969819,6.654020
-6.565317,-2.982610,6.660929
-6.581350,-2.985122,6.669177
-6.571573,-2.985932,6.677144
-6.567416,-2.971659,6.693920
-6.552245,-2.978620,6.695234
-6.548476,-2.986065,6.692060
-6.545274,-2.988502,6.704474
-6.546513,-2.977856,6.710163
-6.537334,-2.974502,6.716787
-6.538810,-2.981694,6.722866
-6.527993,-2.986133,6.730584
-6.516098,-2.978025,6.736930
-6.520937,-2.989222,6.733130
-6.510491,-2.980774,6.754091
-6.503852,-2.980563,6.755596
-6.497515,-2.980292,6.756728
-6.486940,-2.976963,6.752833
-6.501355,-2.986405,6.772542
-6.479786,-2.985532,6.783610
-6.478054,-2.979293,6.782364
-6.470483,-2.980038,6.796816
-6.464906,-2.974860,6.792358
-6.469723,-2.979979,6.807552
-6.446638,-2.971237,6.809764
-6.447267,-2.979191,6.815075
-6.445350,-2.979829,6.817751
-6.447128,-2.992781,6.827955
-6.430886,-2.984381,6.834381
-6.422910,-2.976564,6.843594
-6.422341,-2.989920,6.860311
-6.418708,-2.982645,6.863793
-6.405783,-2.980110,6.867378
-6.407167,-2.983482,6.871150
-6.413915,-2.981883,6.876321
-6.399051,-2.979770,6.890003
-6.388226,-2.977156,6.894063
-6.390724,-2.981402,6.891697
-6.392973,-2.969922,6.895739
-6.386770,-2.978219,6.900783
-6.368352,-2.978033,6.907355
-6.363072,-2.981720,6.911627
-6.360965,-2.980362,6.930039
-6.351214,-2.972504,6.925944
-6.351690,-2.972814,6.942564
-6.353456,-2.974839,6.937187
-6.345923,-2.974356,6.959218
-6.334484,-2.976224,6.957741
-6.326758,-2.981312,6.960897
-6.327980,-2.981497,6.978122
-6.309879,-2.971135,6.974417
-6.313985,-2.978578,6.980741
-6.313114,-2.961444,6.989108
-6.302522,-2.973717,6.993794
-6.306298,-2.970955,7.002774
-6.286668,-2.973580,7.010342
-6.286818,-2.975607,7.008735
-6.286152,-2.977863,7.032318
-6.271004,-2.976943,7.033209
-6.272193,-2.973386,7.029925
-6.263797,-2.977729,7.038441
-6.265083,-2.975601,7.041433
-6.252470,-2.968186,7.052587
-6.248157,-2.971643,7.063443
-6.231726,-2.980940,7.071087
-6.238057,-2.978762,7.075317
-6.238502,-2.968598,7.076925
-6.233376,-2.963569,7.083759
-6.227418,-2.974812,7.093446
-6.214655,-2.964562,7.093616
-6.210993,-2.975660,7.104860
-6.206686,-2.972424,7.114204
-6.198136,-2.972395,7.115512
-6.194997,-2.965973,7.129497
-6.188233,-2.971029,7.128980
-6.193821,-2.966202,7.137507
-6.170632,-2.968771,7.138667
-6.173360,-2.957978,7.144402
-6.169657,-2.973869,7.162169
-6.158334,-2.963171,7.167522
-6.157285,-2.962009,7.173711
-6.153958,-2.963280,7.172472
-6.143111,-2.963404,7.183210
-6.130201,-2.963982,7.189917
-6.129906,-2.960639,7.195096
-6.130405,-2.962649,7.195762
-6.123535,-2.957752,7.202172
-6.118886,-2.952713,7.220599
-6.112726,-2.949763,7.224979
-6.110436,-2.966402,7.224221
-6.097683,-2.959298,7.225522
-6.099821,-2.962152,7.230319
-6.082821,-2.957782,7.245922
-6.080166,-2.962740,7.244911
-6.075399,-2.954479,7.250026
-6.065965,-2.959644,7.261835
-6.054559,-2.949634,7.262019
-6.065042,-2.960170,7.276491
-6.048758,-2.955997,7.275264
-6.050606,-2.959036,7.293481
-6.044875,-2.951817,7.288012
-6.037833,-2.959592,7.300220
-6.029852,-2.956295,7.304490
-6.034416,-2.948585,7.305519
-6.016941,-2.952695,7.314117
-6.012643,-2.945895,7.311948
-6.011556,-2.955836,7.334130
-6.011091,-2.947620,7.341380
-6.002027,-2.951592,7.336284
-5.999528,-2.942209,7.348595
-5.994228,-2.944411,7.357364
-5.979312,-2.955133,7.354619
-5.978622,-2.945442,7.366469
-5.971337,-2.947571,7.374753
-5.965968,-2.935404,7.381637
-5.950887,-2.946693,7.390045
-5.945913,-2.940813,7.391061
-5.959659,-2.942928,7.398421
-5.945067,-2.943531,7.410250
-5.942242,-2.945572,7.410363
-5.942790,-2.952296,7.417673
-5.920951,-2.934244,7.426227
-5.918518,-2.944520,7.423159
-5.915427,-2.934266,7.437144
-5.910065,-2.943559,7.446034
-5.906815,-2.926771,7.441090
-5.894409,-2.940473,7.450730
-5.894938,-2.932898,7.456643
-5.886771,-2.944936,7.466056
-5.879798,-2.934362,7.475648
-5.865984,-2.932830,7.477332
-5.868049,-2.936534,7.483179
-5.865120,-2.930415,7.495367
-5.860773,-2.932742,7.492880
-5.847075,-2.936640,7.502173
-5.851981,-2.925702,7.507170
-5.837363,-2.926623,7.512681
-5.839142,-2.921925,7.522967
-5.826536,-2.930708,7.530374
-5.821257,-2.930888,7.529586
-5.813583,-2.932501,7.531320
-5.814480,-2.913161,7.557169
-5.807200,-2.920729,7.540156
-5.805040,-2.924690,7.558941
-5.794901,-2.928505,7.559515
-5.789972,-2.927067,7.568386
-5.785149,-2.921225,7.578132
-5.780556,-2.916335,7.582323
-5.774078,-2.909927,7.587587
-5.762059,-2.919322,7.592439
-5.763792,-2.917896,7.597806
-5.759180,-2.913984,7.609554
-5.747163,-2.909113,7.606972
-5.743973,-2.902682,7.614222
-5.742037,-2.910640,7.616799
-5.727796,-2.920623,7.638361
-5.728825,-2.910509,7.638516
-5.722150,-2.907083,7.635039
-5.717101,-2.913019,7.646780
-5.703625,-2.914004,7.654289
-5.708090,-2.904578,7.660369
-5.703956,-2.907248,7.667744
-5.684962,-2.905245,7.667864
-5.687505,-2.906790,7.684694
-5.680759,-2.902390,7.687503
-5.674083,-2.899366,7.692677
-5.663300,-2.909804,7.692448
-5.668873,-2.908835,7.704571
-5.660562,-2.908630,7.704865
-5.643973,-2.893403,7.712126
-5.644407,-2.897657,7.714111
-5.632614,-2.895363,7.720097
-5.628693,-2.894490,7.733136
-5.632580,-2.892774,7.731965
-5.624132,-2.892623,7.745519
-5.621561,-2.890798,7.752665
-5.602378,-2.895568,7.753722
-5.594798,-2.887870,7.776840
-5.594667,-2.884090,7.766568
-5.596152,-2.889140,7.774296
-5.578670,-2.888053,7.773268
-5.572475,-2.880998,7.789344
-5.565801,-2.871525,7.794864
-5.562582,-2.877049,7.791877
-5.563675,-2.870842,7.805571
-5.549664,-2.881202,7.815872
-5.560151,-2.876946,7.811310
-5.540910,-2.877575,7.826735
-5.535686,-2.871580,7.830423
-5.537501,-2.879011,7.823928
-5.526442,-2.866260,7.838088
-5.521931,-2.866886,7.844127
-5.521828,-2.863664,7.849400
-5.501077,-2.864532,7.861824
-5.501946,-2.874793,7.852583
-5.494379,-2.856472,7.875004
-5.482037,-2.866837,7.874720
-5.486668,-2.864159,7.879365
-5.486010,-2.857229,7.883199
-5.465933,-2.859418,7.891698
-5.460938,-2.859681,7.901642
-5.457035,-2.861574,7.897712
-5.454932,-2.855410,7.913109
-5.444567,-2.849080,7.913402
-5.439014,-2.850928,7.926715
-5.431041,-2.859996,7.922569
-5.428376,-2.852405,7.933214
-5.425300,-2.850708,7.937275
-5.412576,-2.851244,7.941218
-5.408137,-2.837887,7.951467
-5.406243,-2.851458,7.965616
-5.390894,-2.853346,7.958971
-5.394768,-2.842958,7.966096
-5.394757,-2.844044,7.969397
-5.381843,-2.839064,7.977991
-5.375437,-2.844723,7.975380
-5.374800,-2.839957,7.979891
-5.359142,-2.834516,7.988208
-5.365069,-2.833772,7.999672
-5.351412,-2.832421,7.998841
-5.341202,-2.827713,8.012774
-5.339732,-2.826017,8.016480
-5.331731,-2.832333,8.020480
-5.319121,-2.830479,8.027774
-5.329648,-2.825898,8.034237
-5.313432,-2.820874,8.035719
-5.309323,-2.815292,8.045070
-5.298749,-2.817054,8.055544
-5.292006,-2.817484,8.049067
-5.282546,-2.818883,8.063647
-5.281416,-2.806887,8.077854
-5.276019,-2.810019,8.084590
-5.275432,-2.815233,8.079205
-5.269944,-2.810329,8.082545
-5.256659,-2.810787,8.087997
-5.258100,-2.814174,8.101016
-5.241987,-2.801831,8.096337
-5.245962,-2.818457,8.106883
-5.226953,-2.807755,8.116811
-5.235644,-2.804212,8.121495
-5.213613,-2.804157,8.126367
-5.224483,-2.795609,8.135415
-5.222715,-2.797141,8.134443
-5.209500,-2.796253,8.141040
-5.195604,-2.796600,8.153688
-5.187192,-2.797291,8.165161
-5.189093,-2.790549,8.153340
-5.178415,-2.794692,8.173729
-5.178122,-2.788464,8.168756
-5.159273,-2.796271,8.177377
-5.168457,-2.784964,8.177884
-5.153960,-2.795264,8.190457
-5.150747,-2.785069,8.193815
-5.137143,-2.774026,8.202465
-5.131431,-2.779789,8.211790
-5.132649,-2.771674,8.220406
-5.127183,-2.775036,8.216835
-5.120505,-2.766950,8.223839
-5.112700,-2.767857,8.221544
-5.108926,-2.762534,8.232623
-5.105026,-2.759353,8.239862
-5.097138,-2.768452,8.243300
-5.087514,-2.768654,8.243108
-5.080358,-2.775027,8.257022
-5.070341,-2.763822,8.265692
-5.067830,-2.758472,8.265775
-5.061840,-2.758843,8.273937
-5.057805,-2.758693,8.283972
-5.047202,-2.765503,8.282527
-5.045919,-2.758806,8.283797
-5.040215,-2.750277,8.286580
-5.024766,-2.746542,8.293652
-5.026140,-2.751263,8.301993
-5.013028,-2.751692,8.314731
-5.010030,-2.744847,8.314784
-5.004509,-2.748992,8.327852
-5.004211,-2.755833,8.331819
-5.003200,-2.737323,8.336844
-4.993888,-2.730914,8.345914
-4.983877,-2.738950,8.348981
-4.973590,-2.739639,8.357394
-4.970224,-2.726279,8.361019
-4.958324,-2.739855,8.365004
-4.963930,-2.727916,8.365999
-4.943528,-2.726110,8.382380
-4.949776,-2.731863,8.384604
-4.934021,-2.718806,8.383675
-4.930003,-2.711450,8.388581
-4.924002,-2.721265,8.396577
-4.924207,-2.719144,8.404986
-4.905995,-2.709384,8.411945
-4.904899,-2.706230,8.409395
-4.892636,-2.711619,8.420222
-4.893169,-2.706654,8.427872
-4.894783,-2.710489,8.429535
-4.891298,-2.707899,8.430204
-4.885247,-2.704533,8.439256
-4.865516,-2.694365,8.440679
-4.867708,-2.695659,8.445027
-4.858904,-2.706796,8.452730
-4.846333,-2.697636,8.462097
-4.839338,-2.688004,8.460019
-4.835929,-2.697380,8.478971
-4.828983,-2.690695,8.484948
-4.824656,-2.689929,8.488736
-4.820450,-2.690223,8.484682
-4.812109,-2.681118,8.497290
-4.801675,-2.679517,8.506617
-4.803424,-2.685993,8.504174
-4.803392,-2.670402,8.519999
-4.786170,-2.675367,8.504880
-4.786986,-2.677657,8.519397
-4.772365,-2.666877,8.524237
-4.765666,-2.672555,8.531006
-4.759975,-2.666204,8.534345
-4.752216,-2.666877,8.539592
-4.743379,-2.664768,8.543537
-4.743506,-2.668236,8.549713
-4.730346,-2.662871,8.560528
-4.733357,-2.658429,8.563664
-4.720444,-2.655149,8.569771
-4.717608,-2.655144,8.581769
-4.700586,-2.657969,8.577725
-4.699690,-2.650717,8.579853
-4.697650,-2.650717,8.590457
-4.698028,-2.645527,8.589048
-4.680989,-2.648614,8.600113
-4.672615,-2.649805,8.597082
-4.677386,-2.639495,8.606259
-4.673484,-2.629691,8.617388
-4.660391,-2.630341,8.621277
-4.656041,-2.641105,8.623780
-4.654307,-2.626247,8.630394
-4.642385,-2.630811,8.641773
-4.634417,-2.622207,8.639276
-4.628950,-2.619471,8.655878
-4.618768,-2.613644,8.642261
-4.612285,-2.621103,8.657232
-4.611152,-2.608452,8.666467
-4.595066,-2.610763,8.663016
-4.592404,-2.613611,8.676842
-4.587057,-2.606909,8.680999
-4.583657,-2.613033,8.687727
-4.568210,-2.601485,8.695133
-4.572580,-2.599282,8.689708
-4.565727,-2.593916,8.687920
-4.556371,-2.602910,8.701726
-4.547145,-2.598006,8.711781
-4.539846,-2.593417,8.707463
-4.533715,-2.588366,8.710000
-4.530444,-2.586727,8.720497
-4.522865,-2.591675,8.733070
-4.516684,-2.579960,8.737817
-4.509445,-2.580809,8.735839
-4.500282,-2.578177,8.741413
-4.495109,-2.586949,8.746593
-4.486770,-2.567422,8.763679
-4.480672,-2.577599,8.744789
-4.484573,-2.568056,8.778443
-4.470045,-2.564981,8.773976
-4.467759,-2.563872,8.782021
-4.451914,-2.567931,8.779277
-4.454213,-2.564719,8.792047
-4.451067,-2.563080,8.788659
-4.438517,-2.554754,8.792271
-4.436347,-2.546423,8.794105
-4.423368,-2.551488,8.814234
-4.420771,-2.548753,8.813060
-4.406154,-2.543621,8.811422
-4.401547,-2.540547,8.827635
-4.399717,-2.547461,8.828001
-4.393666,-2.541567,8.835546
-4.390092,-2.539522,8.832992
-4.383286,-2.537004,8.838991
-4.382226,-2.535612,8.850943
-4.364969,-2.528778,8.844840
-4.352873,-2.526414,8.850940
