ref_accel_x (m/s^2),ref_accel_y (m/s^2),ref_accel_z (m/s^2)
1.000000,0.739911,-10.780325
0.950889,0.665631,-10.780351
0.832517,0.598454,-10.780407
0.750337,0.537604,-10.780489
0.676818,0.482437,-10.780605
0.611146,0.432370,-10.780749
0.552603,0.386867,-10.780902
0.500489,0.345457,-10.781058
0.454170,0.307721,-10.781211
0.413073,0.273281,-10.781358
0.376682,0.241801,-10.781496
0.344533,0.212979,-10.781621
0.316203,0.186545,-10.781734
0.291315,0.162255,-10.781833
0.269525,0.139894,-10.781917
0.250526,0.119265,-10.781986
0.234040,0.100195,-10.782039
0.219815,0.082526,-10.782077
0.207626,0.066117,-10.782100
0.197268,0.050844,-10.782107
0.188559,0.036591,-10.782100
0.181331,0.023258,-10.782079
0.175436,0.010754,-10.782044
0.170740,-0.001004,-10.781995
0.167120,-0.012089,-10.781933
0.164468,-0.022568,-10.781858
0.162685,-0.032499,-10.781771
0.161683,-0.041936,-10.781672
0.161381,-0.050927,-10.781561
0.161707,-0.059515,-10.781439
0.162597,-0.067738,-10.781307
0.163992,-0.075632,-10.781164
0.165839,-0.083227,-10.781011
0.168090,-0.090551,-10.780849
0.170703,-0.097630,-10.780677
0.173640,-0.104487,-10.780496
0.176866,-0.111141,-10.780307
0.180348,-0.117610,-10.780109
0.184060,-0.123912,-10.779903
0.187976,-0.130062,-10.779689
0.192073,-0.136071,-10.779467
0.196330,-0.141953,-10.779238
0.200729,-0.147718,-10.779002
0.205253,-0.153376,-10.778758
0.209887,-0.158935,-10.778508
0.214618,-0.164403,-10.778251
0.219433,-0.169787,-10.777988
0.224322,-0.175094,-10.777719
0.229274,-0.180329,-10.777443
0.234281,-0.185498,-10.777162
0.239335,-0.190604,-10.776875
0.244428,-0.195653,-10.776582
0.249555,-0.200647,-10.776284
0.254709,-0.205590,-10.775980
0.259885,-0.210486,-10.775671
0.265078,-0.215337,-10.775358
0.270284,-0.220145,-10.775039
0.275500,-0.224912,-10.774715
0.280722,-0.229641,-10.774387
0.285946,-0.234334,-10.774054
0.291171,-0.238991,-10.773717
0.296393,-0.243615,-10.773375
0.301611,-0.248207,-10.773029
0.306822,-0.252768,-10.772679
0.312025,-0.257300,-10.772325
0.317219,-0.261802,-10.771967
0.322401,-0.266276,-10.771605
0.327570,-0.270723,-10.771239
0.332726,-0.275144,-10.770870
0.337867,-0.279539,-10.770497
0.342993,-0.283909,-10.770120
0.348102,-0.288254,-10.769740
0.353194,-0.292575,-10.769357
0.358268,-0.296873,-10.768970
0.363325,-0.301148,-10.768581
0.368362,-0.305399,-10.768188
0.373381,-0.309629,-10.767792
0.378379,-0.313836,-10.767393
0.383359,-0.318021,-10.766991
0.388317,-0.322185,-10.766587
0.393256,-0.326328,-10.766179
0.398174,-0.330449,-10.765769
0.403071,-0.334550,-10.765357
0.407948,-0.338631,-10.764942
0.412803,-0.342691,-10.764524
0.417637,-0.346731,-10.764104
0.422450,-0.350751,-10.763681
0.427242,-0.354751,-10.763257
0.432012,-0.358731,-10.762830
0.436761,-0.362692,-10.762401
0.441489,-0.366634,-10.761970
0.446195,-0.370556,-10.761536
0.450880,-0.374460,-10.761101
0.455543,-0.378344,-10.760664
0.460185,-0.382210,-10.760225
0.464806,-0.386056,-10.759784
0.469406,-0.389884,-10.759341
0.473984,-0.393694,-10.758897
0.478542,-0.397485,-10.758451
0.483078,-0.401258,-10.758003
0.487593,-0.405013,-10.757554
0.492087,-0.408750,-10.757103
0.496560,-0.412468,-10.756651
0.501012,-0.416169,-10.756197
0.505444,-0.419852,-10.755742
0.509855,-0.423517,-10.755286
0.514245,-0.427164,-10.754828
0.518614,-0.430794,-10.754369
0.522964,-0.434407,-10.753909
0.527292,-0.438002,-10.753448
0.531601,-0.441579,-10.752986
0.535889,-0.445140,-10.752523
0.540157,-0.448683,-10.752058
0.544405,-0.452210,-10.751593
0.548633,-0.455719,-10.751127
0.552841,-0.459211,-10.750660
0.557030,-0.462687,-10.750192
0.561198,-0.466146,-10.749723
0.565347,-0.469588,-10.749253
0.569477,-0.473014,-10.748783
0.573587,-0.476423,-10.748312
0.577678,-0.479816,-10.747841
0.581749,-0.483192,-10.747368
0.585801,-0.486552,-10.746895
0.589835,-0.489896,-10.746422
0.593849,-0.493224,-10.745948
0.597844,-0.496536,-10.745474
0.601820,-0.499831,-10.744999
0.605778,-0.503111,-10.744524
0.609717,-0.506375,-10.744048
0.613638,-0.509624,-10.743572
0.617540,-0.512856,-10.743096
0.621423,-0.516073,-10.742619
0.625289,-0.519275,-10.742143
0.629136,-0.522460,-10.741666
0.632965,-0.525631,-10.741188
0.636776,-0.528786,-10.740711
0.640569,-0.531926,-10.740234
0.644344,-0.535051,-10.739756
0.648101,-0.538161,-10.739278
0.651841,-0.541255,-10.738800
0.655563,-0.544335,-10.738323
0.659268,-0.547400,-10.737845
0.662955,-0.550450,-10.737367
0.666624,-0.553485,-10.736890
0.670277,-0.556505,-10.736412
0.673912,-0.559511,-10.735935
0.677530,-0.562502,-10.735457
0.681131,-0.565479,-10.734980
0.684715,-0.568441,-10.734503
0.688282,-0.571389,-10.734026
0.691833,-0.574323,-10.733550
0.695366,-0.577243,-10.733073
0.698883,-0.580148,-10.732597
0.702384,-0.583039,-10.732122
0.705868,-0.585916,-10.731646
0.709335,-0.588779,-10.731171
0.712787,-0.591629,-10.730696
0.716222,-0.594464,-10.730222
0.719641,-0.597286,-10.729748
0.723043,-0.600094,-10.729274
0.726430,-0.602888,-10.728801
0.729801,-0.605669,-10.728329
0.733156,-0.608436,-10.727857
0.736495,-0.611190,-10.727385
0.739818,-0.613930,-10.726914
0.743126,-0.616658,-10.726443
0.746418,-0.619371,-10.725973
0.749695,-0.622072,-10.725504
0.752956,-0.624760,-10.725035
0.756202,-0.627434,-10.724567
0.759433,-0.630096,-10.724099
0.762648,-0.632744,-10.723632
0.765849,-0.635380,-10.723165
0.769034,-0.638002,-10.722700
0.772204,-0.640612,-10.722235
0.775360,-0.643210,-10.721770
0.778500,-0.645794,-10.721307
0.781626,-0.648366,-10.720844
0.784737,-0.650926,-10.720382
0.787833,-0.653473,-10.719920
0.790915,-0.656008,-10.719460
0.793983,-0.658530,-10.719000
0.797036,-0.661040,-10.718541
0.800074,-0.663538,-10.718082
0.803099,-0.666023,-10.717625
0.806109,-0.668497,-10.717168
0.809105,-0.670958,-10.716713
0.812086,-0.673408,-10.716258
0.815054,-0.675845,-10.715804
0.818008,-0.678271,-10.715351
0.820948,-0.680685,-10.714898
0.823874,-0.683087,-10.714447
0.826786,-0.685477,-10.713997
0.829685,-0.687856,-10.713547
0.832570,-0.690223,-10.713098
0.835442,-0.692578,-9.930014
0.838544,-0.695088,-9.712204
0.841698,-0.697629,-9.711758
0.844835,-0.700157,-9.711314
0.847956,-0.702672,-9.710870
0.851061,-0.705172,-9.710427
0.854149,-0.707659,-9.709985
0.857221,-0.710133,-9.709545
0.860277,-0.712594,-9.709105
0.863317,-0.715041,-9.708666
0.866342,-0.717474,-9.708228
0.869350,-0.719895,-9.707792
0.872343,-0.722303,-9.707356
0.875319,-0.724697,-9.706922
0.878281,-0.727079,-9.706488
0.881227,-0.729448,-9.706056
0.884157,-0.731804,-9.705625
0.887072,-0.734147,-9.705194
0.889972,-0.736477,-9.704765
0.892857,-0.738795,-9.704337
0.895726,-0.741101,-9.703910
0.898581,-0.743394,-9.703484
0.901420,-0.745674,-9.703060
0.904245,-0.747943,-9.702636
0.907055,-0.750199,-9.702214
0.909850,-0.752443,-9.701792
0.912631,-0.754675,-9.701372
0.915397,-0.756894,-9.700953
0.918148,-0.759102,-9.700535
0.920885,-0.761298,-9.700119
0.923608,-0.763482,-9.699703
0.926317,-0.765654,-9.699289
0.929011,-0.767815,-9.698876
0.931691,-0.769963,-9.698464
0.934357,-0.772101,-9.698053
0.937010,-0.774226,-9.697643
0.939648,-0.776341,-9.697235
0.942272,-0.778444,-9.696827
0.944883,-0.780535,-9.696421
0.947480,-0.782615,-9.696016
0.950064,-0.784684,-9.695613
0.952634,-0.786742,-9.695210
0.955190,-0.788789,-9.694809
0.957733,-0.790825,-9.694409
0.960263,-0.792850,-9.694010
0.962779,-0.794863,-9.693612
0.965283,-0.796867,-9.693216
0.967773,-0.798859,-9.692821
0.970250,-0.800840,-9.692427
0.972714,-0.802811,-9.692034
0.975165,-0.804771,-9.691643
0.977604,-0.806721,-9.691252
0.980029,-0.808660,-9.690863
0.982442,-0.810589,-9.690476
0.984843,-0.812507,-9.690089
0.987230,-0.814415,-9.689704
0.989606,-0.816313,-9.689320
0.991968,-0.818201,-9.688937
0.994319,-0.820078,-9.688555
0.996657,-0.821945,-9.688175
0.998982,-0.823803,-9.687796
1.001296,-0.825650,-9.687418
1.003598,-0.827487,-9.687042
1.005887,-0.829315,-9.686666
1.008164,-0.831132,-9.686292
1.010430,-0.832940,-9.685919
1.012683,-0.834738,-9.685548
1.014925,-0.836527,-9.685178
1.017155,-0.838306,-9.684809
1.019374,-0.840075,-9.684441
1.021580,-0.841835,-9.684074
1.023775,-0.843585,-9.683709
1.025959,-0.845326,-9.683345
1.028131,-0.847057,-9.682982
1.030292,-0.848780,-9.682621
1.032442,-0.850493,-9.682261
1.034580,-0.852197,-9.681902
1.036707,-0.853891,-9.681544
1.038823,-0.855577,-9.681188
1.040927,-0.857253,-9.680833
1.043021,-0.858921,-9.680479
1.045104,-0.860579,-9.680126
1.047176,-0.862229,-9.679775
1.049237,-0.863870,-9.679425
1.051287,-0.865502,-9.679076
1.053326,-0.867125,-9.678728
1.055355,-0.868739,-9.678382
1.057373,-0.870345,-9.678037
1.059380,-0.871942,-9.677693
1.061377,-0.873531,-9.677350
1.063364,-0.875111,-9.677009
1.065340,-0.876683,-9.676669
1.067306,-0.878246,-9.676330
1.069261,-0.879801,-9.675993
1.071206,-0.881347,-9.675656
1.073141,-0.882886,-9.675321
1.075066,-0.884416,-9.674988
1.076981,-0.885937,-9.674655
1.078885,-0.887451,-9.674324
1.080780,-0.888956,-9.673994
1.082665,-0.890454,-9.673665
1.084540,-0.891943,-9.673337
1.086405,-0.893425,-9.673011
1.088260,-0.894898,-9.672686
1.090106,-0.896364,-9.672362
1.091941,-0.897821,-9.672039
1.093768,-0.899271,-9.671718
1.095584,-0.900713,-9.671398
1.097391,-0.902148,-9.671079
1.099189,-0.903575,-9.670761
1.100977,-0.904994,-9.670445
1.102756,-0.906405,-9.670130
1.104526,-0.907809,-9.669816
1.106286,-0.909206,-9.669503
1.108037,-0.910595,-9.669191
1.109779,-0.911976,-9.668881
1.111511,-0.913350,-9.668572
1.113235,-0.914717,-9.668264
1.114949,-0.916076,-9.667957
1.116655,-0.917429,-9.667652
1.118352,-0.918774,-9.667347
1.120039,-0.920111,-9.667044
1.121718,-0.921442,-9.666742
1.123388,-0.922765,-9.666442
1.125049,-0.924082,-9.666142
1.126702,-0.925391,-9.665844
1.128346,-0.926693,-9.665547
1.129981,-0.927989,-9.665251
1.131608,-0.929277,-9.664956
1.133226,-0.930559,-9.664663
1.134836,-0.931834,-9.664371
1.136437,-0.933102,-9.664080
1.138030,-0.934363,-9.663790
1.139614,-0.935617,-9.663501
1.141190,-0.936865,-9.663213
1.142758,-0.938106,-9.662927
1.144318,-0.939340,-9.662642
1.145869,-0.940568,-9.662357
1.147413,-0.941789,-9.662075
1.148948,-0.943004,-9.661793
1.150475,-0.944212,-9.661512
1.151994,-0.945414,-9.661233
1.153506,-0.946609,-9.660954
1.155009,-0.947798,-9.660677
1.156504,-0.948981,-9.660401
1.157992,-0.950157,-9.660126
1.159472,-0.951327,-9.659853
1.160944,-0.952491,-9.659580
1.162408,-0.953648,-9.659309
1.163865,-0.954800,-9.659038
1.165313,-0.955945,-9.658769
1.166755,-0.957084,-9.658501
1.168189,-0.958217,-9.658234
1.169615,-0.959344,-9.657969
1.171034,-0.960465,-9.657704
1.172445,-0.961580,-9.657440
1.173849,-0.962689,-9.657178
1.175245,-0.963792,-9.656917
1.176635,-0.964889,-9.656656
1.178017,-0.965981,-9.656397
1.179391,-0.967066,-9.656139
1.180759,-0.968146,-9.655882
1.182119,-0.969220,-9.655627
1.183472,-0.970288,-9.655372
1.184818,-0.971351,-9.655118
1.186157,-0.972408,-9.654866
1.187489,-0.973459,-9.654614
1.188814,-0.974505,-9.654364
1.190132,-0.975545,-9.654114
1.191443,-0.976579,-9.653866
1.192748,-0.977608,-9.653619
1.194045,-0.978632,-9.653373
1.195336,-0.979650,-9.653128
1.196619,-0.980663,-9.652884
1.197897,-0.981670,-9.652641
1.199167,-0.982672,-9.652399
1.200431,-0.983669,-9.652158
1.201688,-0.984660,-9.651919
1.202938,-0.985646,-9.651680
1.204182,-0.986627,-9.651442
1.205420,-0.987602,-9.651206
1.206650,-0.988572,-9.650970
1.207875,-0.989537,-9.650735
1.209093,-0.990497,-9.650502
1.210305,-0.991452,-9.650269
1.211510,-0.992402,-9.650038
1.212709,-0.993347,-9.649807
1.213901,-0.994287,-9.649578
1.215088,-0.995221,-9.649349
1.216268,-0.996151,-9.649122
1.217442,-0.997076,-9.648896
1.218610,-0.997996,-9.648670
1.219771,-0.998911,-9.648446
1.220927,-0.999821,-9.648222
1.222077,-1.000726,-9.648000
1.223220,-1.001627,-9.647778
1.224358,-1.002522,-9.647558
1.225489,-1.003413,-9.647338
1.226615,-1.004299,-9.647120
1.227734,-1.005181,-9.646902
1.228848,-1.006057,-9.646686
1.229956,-1.006929,-9.646470
1.231058,-1.007797,-9.646256
1.232155,-1.008660,-9.646042
1.233245,-1.009518,-9.645829
1.234330,-1.010372,-9.645617
1.235409,-1.011221,-9.645407
1.236483,-1.012065,-9.645197
1.237551,-1.012905,-9.644988
1.238613,-1.013741,-9.644780
1.239670,-1.014572,-9.644573
1.240721,-1.015399,-9.644367
1.241766,-1.016222,-9.644162
1.242807,-1.017040,-9.643957
1.243841,-1.017853,-9.643754
1.244871,-1.018663,-9.643552
1.245894,-1.019468,-9.643350
1.246913,-1.020268,-9.643150
1.247926,-1.021065,-9.642950
1.248934,-1.021857,-9.642751
1.249936,-1.022645,-9.642554
1.250934,-1.023429,-9.642357
1.251926,-1.024209,-9.642161
1.252913,-1.024985,-9.641966
1.253894,-1.025756,-9.641771
1.254871,-1.026523,-9.641578
1.255842,-1.027287,-9.641386
1.256808,-1.028046,-9.641194
1.257770,-1.028801,-9.641003
1.258726,-1.029552,-9.640814
1.259677,-1.030299,-9.640625
1.260623,-1.031043,-9.640437
1.261564,-1.031782,-9.640249
1.262501,-1.032517,-9.640063
1.263432,-1.033249,-9.639878
1.264358,-1.033976,-9.639693
1.265280,-1.034700,-9.639509
1.266197,-1.035420,-9.639326
1.267109,-1.036136,-9.639144
1.268016,-1.036848,-9.638963
1.268918,-1.037557,-9.638783
1.269816,-1.038261,-9.638603
1.270709,-1.038962,-9.638424
1.271597,-1.039660,-9.638246
1.272481,-1.040353,-9.638069
1.273360,-1.041043,-9.637893
1.274234,-1.041729,-9.637718
1.275104,-1.042412,-9.637543
1.275969,-1.043091,-9.637369
1.276830,-1.043766,-9.637196
1.277686,-1.044438,-9.637024
1.278537,-1.045106,-9.636853
1.279385,-1.045771,-9.636682
1.280227,-1.046432,-9.636513
1.281066,-1.047090,-9.636344
1.281899,-1.047744,-9.636175
1.282729,-1.048394,-9.636008
1.283554,-1.049042,-9.635841
1.284375,-1.049685,-9.635676
1.285192,-1.050326,-9.635511
1.286004,-1.050963,-9.635346
1.286812,-1.051596,-9.635183
1.287616,-1.052226,-9.635020
1.288415,-1.052853,-9.634858
1.289210,-1.053477,-9.634697
1.290002,-1.054097,-9.634537
1.290789,-1.054714,-9.634377
1.291571,-1.055328,-9.634218
1.292350,-1.055938,-9.634060
1.293125,-1.056546,-9.633903
1.293895,-1.057150,-9.633746
1.294662,-1.057750,-9.633590
1.295425,-1.058348,-9.633435
1.296183,-1.058942,-9.633280
1.296938,-1.059534,-9.633127
1.297688,-1.060122,-9.632974
1.298435,-1.060707,-9.632821
1.299178,-1.061289,-9.632670
1.299916,-1.061868,-9.632519
1.300651,-1.062444,-9.632369
1.301382,-1.063016,-9.632220
1.302110,-1.063586,-9.632071
1.302833,-1.064153,-9.631923
1.303553,-1.064716,-9.631776
1.304269,-1.065277,-9.631629
1.304981,-1.065835,-9.631483
1.305689,-1.066390,-9.631338
1.306394,-1.066942,-9.631194
1.307095,-1.067490,-9.631050
1.307792,-1.068036,-9.630907
1.308486,-1.068580,-9.630765
1.309176,-1.069120,-9.630623
1.309862,-1.069657,-9.630482
1.310545,-1.070192,-9.630341
1.311224,-1.070724,-9.630202
1.311900,-1.071252,-9.630063
1.312572,-1.071779,-9.629924
1.313240,-1.072302,-9.629787
1.313905,-1.072822,-9.629650
1.314567,-1.073340,-9.629513
1.315225,-1.073855,-9.629378
1.315879,-1.074368,-9.629243
1.316530,-1.074877,-9.629108
1.317178,-1.075384,-9.628975
1.317823,-1.075888,-9.628841
1.318464,-1.076390,-9.628709
1.319101,-1.076889,-9.628577
1.319735,-1.077385,-9.628446
1.320366,-1.077879,-9.628316
1.320994,-1.078370,-9.628186
1.321618,-1.078858,-9.628056
1.322239,-1.079344,-9.627928
1.322857,-1.079827,-9.627800
1.323472,-1.080308,-9.627672
1.324083,-1.080786,-9.627545
1.324691,-1.081262,-9.627419
1.325296,-1.081735,-9.627294
1.325898,-1.082206,-9.627169
1.326496,-1.082674,-9.627044
1.327092,-1.083140,-9.626921
1.327684,-1.083603,-9.626798
1.328273,-1.084063,-9.626675
1.328859,-1.084522,-9.626553
1.329442,-1.084978,-9.626432
1.330022,-1.085431,-9.626311
1.330599,-1.085882,-9.626191
1.331173,-1.086331,-9.626071
1.331744,-1.086777,-9.625952
1.332312,-1.087221,-9.625834
1.332877,-1.087663,-9.625716
1.333439,-1.088102,-9.625599
1.333998,-1.088539,-9.625482
1.334554,-1.088974,-9.625366
1.335107,-1.089406,-9.625250
1.335657,-1.089836,-9.625135
1.336205,-1.090264,-9.625021
1.336749,-1.090690,-9.624907
1.337291,-1.091113,-9.624794
1.337829,-1.091534,-9.624681
1.338365,-1.091953,-9.624569
1.338899,-1.092369,-9.624457
1.339429,-1.092784,-9.624346
1.339956,-1.093196,-9.624236
1.340481,-1.093606,-9.624126
1.341003,-1.094014,-9.624016
1.341523,-1.094420,-9.623907
1.342039,-1.094823,-9.623799
1.342553,-1.095225,-9.623691
1.343064,-1.095624,-9.623584
1.343573,-1.096021,-9.623477
1.344078,-1.096416,-9.623370
1.344581,-1.096809,-9.623265
1.345082,-1.097200,-9.623159
1.345580,-1.097589,-9.623055
1.346075,-1.097976,-9.622951
1.346568,-1.098361,-9.622847
1.347058,-1.098744,-9.622744
1.347545,-1.099124,-9.622641
1.348030,-1.099503,-9.622539
1.348513,-1.099880,-9.622437
1.348993,-1.100254,-9.622336
1.349470,-1.100627,-9.622235
1.349945,-1.100998,-9.622135
1.350417,-1.101367,-9.622036
1.350887,-1.101734,-9.621936
1.351354,-1.102099,-9.621838
1.351819,-1.102462,-9.621740
1.352282,-1.102823,-9.621642
1.352742,-1.103182,-9.621545
1.353200,-1.103539,-9.621448
1.353655,-1.103895,-9.621352
1.354108,-1.104248,-9.621256
1.354558,-1.104600,-9.621161
1.355006,-1.104950,-9.621066
1.355452,-1.105298,-9.620971
1.355896,-1.105644,-9.620877
1.356337,-1.105988,-9.620784
1.356776,-1.106331,-9.620691
1.357212,-1.106671,-9.620599
1.357646,-1.107010,-9.620507
1.358078,-1.107347,-9.620415
1.358508,-1.107683,-9.620324
1.358935,-1.108016,-9.620233
1.359360,-1.108348,-9.620143
1.359783,-1.108678,-9.620053
1.360204,-1.109006,-9.619964
1.360622,-1.109333,-9.619875
1.361039,-1.109658,-9.619787
1.361453,-1.109981,-9.619699
1.361865,-1.110302,-9.619611
1.362275,-1.110622,-9.619524
1.362682,-1.110940,-9.619437
1.363088,-1.111256,-9.619351
1.363491,-1.111571,-9.619265
1.363892,-1.111884,-9.619180
1.364291,-1.112195,-9.619095
1.364689,-1.112505,-9.619010
1.365083,-1.112813,-9.618926
1.365476,-1.113119,-9.618842
1.365867,-1.113424,-9.618759
1.366256,-1.113728,-9.618676
1.366643,-1.114029,-9.618594
1.367027,-1.114329,-9.618512
1.367410,-1.114628,-9.618430
1.367791,-1.114925,-9.618349
1.368169,-1.115220,-9.618268
1.368546,-1.115514,-9.618188
1.368921,-1.115806,-9.618108
1.369294,-1.116097,-9.618028
1.369664,-1.116386,-9.617949
1.370033,-1.116673,-9.617870
1.370400,-1.116959,-9.617792
1.370765,-1.117244,-9.617714
1.371128,-1.117527,-9.617636
1.371489,-1.117809,-9.617559
1.371848,-1.118089,-9.617482
1.372206,-1.118367,-9.617406
1.372561,-1.118645,-9.617330
1.372915,-1.118920,-9.617254
1.373267,-1.119195,-9.617179
1.373617,-1.119467,-9.617104
1.373965,-1.119739,-9.617029
1.374311,-1.120009,-9.616955
1.374655,-1.120277,-9.616881
1.374998,-1.120544,-9.616808
1.375339,-1.120810,-9.616735
1.375678,-1.121074,-9.616662
1.376015,-1.121337,-9.616590
1.376351,-1.121599,-9.616518
1.376684,-1.121859,-9.616446
1.377016,-1.122118,-9.616375
1.377347,-1.122375,-9.616304
1.377675,-1.122631,-9.616233
1.378002,-1.122886,-9.616163
1.378327,-1.123139,-9.616093
1.378650,-1.123391,-9.616024
1.378972,-1.123642,-9.615955
1.379292,-1.123891,-9.615886
1.379610,-1.124139,-9.615818
1.379927,-1.124386,-9.615750
1.380242,-1.124631,-9.615682
1.380555,-1.124875,-9.615614
1.380867,-1.125118,-9.615547
1.381177,-1.125360,-9.615481
1.381485,-1.125600,-9.615414
1.381792,-1.125839,-9.615348
1.382097,-1.126077,-9.615283
1.382401,-1.126313,-9.615217
1.382703,-1.126549,-9.615152
1.383003,-1.126783,-9.615087
1.383302,-1.127016,-9.615023
1.383599,-1.127247,-9.614959
1.383895,-1.127477,-9.614895
1.384189,-1.127707,-9.614832
1.384482,-1.127935,-9.614769
1.384773,-1.128161,-9.614706
1.385062,-1.128387,-9.614644
1.385350,-1.128611,-9.614582
1.385637,-1.128834,-9.614520
1.385922,-1.129056,-9.614458
1.386205,-1.129277,-9.614397
1.386487,-1.129497,-9.614336
1.386768,-1.129715,-9.614276
1.387047,-1.129933,-9.614215
1.387324,-1.130149,-9.614155
1.387601,-1.130364,-9.614096
1.387875,-1.130578,-9.614036
1.388148,-1.130791,-9.613977
1.388420,-1.131002,-9.613919
1.388691,-1.131213,-9.613860
1.388960,-1.131422,-9.613802
1.389227,-1.131631,-9.613744
1.389493,-1.131838,-9.613686
1.389758,-1.132044,-9.613629
1.390021,-1.132249,-9.613572
1.390283,-1.132453,-9.613516
1.390544,-1.132656,-9.613459
1.390803,-1.132858,-9.613403
1.391061,-1.133059,-9.613347
1.391318,-1.133259,-9.613292
1.391573,-1.133457,-9.613236
1.391827,-1.133655,-9.613181
1.392079,-1.133852,-9.613127
1.392330,-1.134047,-9.613072
1.392580,-1.134242,-9.613018
1.392829,-1.134435,-9.612964
1.393076,-1.134628,-9.612911
1.393322,-1.134819,-9.612857
1.393566,-1.135010,-9.612804
1.393810,-1.135199,-9.612752
1.394052,-1.135388,-9.612699
1.394293,-1.135575,-9.612647
1.394532,-1.135761,-9.612595
1.394771,-1.135947,-9.612543
1.395008,-1.136132,-9.612492
1.395243,-1.136315,-9.612440
1.395478,-1.136498,-9.612390
1.395711,-1.136679,-9.612339
1.395943,-1.136860,-9.612288
1.396174,-1.137040,-9.612238
1.396404,-1.137218,-9.612188
1.396632,-1.137396,-9.612139
1.396860,-1.137573,-9.612089
1.397086,-1.137749,-9.612040
1.397311,-1.137924,-9.611991
1.397534,-1.138098,-9.611943
1.397757,-1.138272,-9.611894
1.397978,-1.138444,-9.611846
1.398199,-1.138615,-9.611798
1.398418,-1.138786,-9.611751
1.398635,-1.138955,-9.611703
1.398852,-1.139124,-9.611656
1.399068,-1.139292,-9.611609
1.399282,-1.139459,-9.611563
1.399496,-1.139625,-9.611516
1.399708,-1.139790,-9.611470
1.399919,-1.139954,-9.611424
1.400129,-1.140118,-9.611378
1.400338,-1.140280,-9.611333
1.400546,-1.140442,-9.611287
1.400753,-1.140603,-9.611242
1.400958,-1.140763,-9.611198
1.401163,-1.140922,-9.611153
1.401366,-1.141080,-9.611109
1.401569,-1.141238,-9.611065
1.401770,-1.141394,-9.611021
1.401970,-1.141550,-9.610977
1.402170,-1.141705,-9.610934
1.402368,-1.141860,-9.610890
1.402565,-1.142013,-9.610847
1.402761,-1.142166,-9.610805
1.402956,-1.142317,-9.610762
1.403150,-1.142468,-9.610720
1.403343,-1.142619,-9.610678
1.403535,-1.142768,-9.610636
1.403726,-1.142917,-9.610594
1.403916,-1.143064,-9.610553
1.404105,-1.143211,-9.610511
1.404293,-1.143358,-9.610470
1.404480,-1.143503,-9.610429
1.404667,-1.143648,-9.610389
1.404852,-1.143792,-9.610348
1.405036,-1.143935,-9.610308
1.405219,-1.144078,-9.610268
1.405401,-1.144219,-9.610228
1.405582,-1.144360,-9.610189
1.405763,-1.144501,-9.610149
1.405942,-1.144640,-9.610110
1.406120,-1.144779,-9.610071
1.406298,-1.144917,-9.610032
1.406474,-1.145054,-9.609994
1.406650,-1.145191,-9.609955
1.406825,-1.145327,-9.609917
1.406998,-1.145462,-9.609879
1.407171,-1.145596,-9.609841
1.407343,-1.145730,-9.609804
1.407514,-1.145863,-9.609766
1.407684,-1.145996,-9.609729
1.407854,-1.146127,-9.609692
1.408022,-1.146258,-9.609655
1.408190,-1.146388,-9.609619
1.408356,-1.146518,-9.609582
1.408522,-1.146647,-9.609546
1.408687,-1.146775,-9.609510
1.408851,-1.146903,-9.609474
1.409014,-1.147029,-9.609438
1.409176,-1.147156,-9.609403
1.409338,-1.147281,-9.609367
1.409498,-1.147406,-9.609332
1.409658,-1.147530,-9.609297
1.409817,-1.147654,-9.609262
1.409975,-1.147777,-9.609228
1.410132,-1.147899,-9.609193
1.410288,-1.148021,-9.609159
1.410444,-1.148142,-9.609125
1.410599,-1.148262,-9.609091
1.410753,-1.148382,-9.609057
1.410906,-1.148501,-9.609024
1.411058,-1.148619,-9.608990
1.411210,-1.148737,-9.608957
1.411361,-1.148854,-9.608924
1.411510,-1.148971,-9.608891
1.411660,-1.149087,-9.608859
1.411808,-1.149202,-9.608826
1.411956,-1.149317,-9.608794
1.412102,-1.149431,-9.608761
1.412249,-1.149545,-9.608729
1.412394,-1.149658,-9.608697
1.412538,-1.149770,-9.608666
1.412682,-1.149882,-9.608634
1.412825,-1.149993,-9.608603
1.412967,-1.150104,-9.608572
1.413109,-1.150214,-9.608541
1.413250,-1.150323,-9.608510
1.413390,-1.150432,-9.608479
1.413529,-1.150540,-9.608448
1.413668,-1.150648,-9.608418
1.413805,-1.150755,-9.608388
1.413943,-1.150862,-9.608357
1.414079,-1.150968,-9.608328
1.414215,-1.151073,-9.608298
1.414350,-1.151178,-9.608268
1.414484,-1.151283,-9.608239
1.414617,-1.151387,-9.608209
1.414750,-1.151490,-9.608180
1.414882,-1.151593,-9.608151
1.415014,-1.151695,-9.608122
1.415145,-1.151797,-9.608093
1.415275,-1.151898,-9.608065
1.415404,-1.151998,-9.608036
1.415533,-1.152098,-9.608008
1.415661,-1.152198,-9.607980
1.415788,-1.152297,-9.607952
1.415915,-1.152395,-9.607924
1.416041,-1.152493,-9.607896
1.416167,-1.152591,-9.607869
1.416291,-1.152688,-9.607841
1.416415,-1.152784,-9.607814
1.416539,-1.152880,-9.607787
1.416662,-1.152976,-9.607760
1.416784,-1.153071,-9.607733
1.416905,-1.153165,-9.607706
1.417026,-1.153259,-9.607680
1.417146,-1.153352,-9.607653
1.417266,-1.153445,-9.607627
1.417385,-1.153538,-9.607601
1.417503,-1.153630,-9.607575
1.417621,-1.153721,-9.607549
1.417738,-1.153812,-9.607523
1.417854,-1.153903,-9.607497
1.417970,-1.153993,-9.607472
1.418085,-1.154082,-9.607446
1.418200,-1.154171,-9.607421
1.418314,-1.154260,-9.607396
1.418428,-1.154348,-9.607371
1.418541,-1.154436,-9.607346
1.418653,-1.154523,-9.607322
1.418764,-1.154610,-9.607297
1.418876,-1.154696,-9.607272
1.418986,-1.154782,-9.607248
1.419096,-1.154868,-9.607224
1.419205,-1.154953,-9.607200
1.419314,-1.155037,-9.607176
1.419422,-1.155121,-9.607152
1.419530,-1.155205,-9.607128
1.419637,-1.155288,-9.607105
1.419744,-1.155371,-9.607081
1.419849,-1.155453,-9.607058
1.419955,-1.155535,-9.607035
1.420060,-1.155617,-9.607012
1.420164,-1.155698,-9.606989
1.420268,-1.155778,-9.606966
1.420371,-1.155859,-9.606943
1.420474,-1.155938,-9.606920
1.420576,-1.156018,-9.606898
1.420677,-1.156097,-9.606875
1.420778,-1.156175,-9.606853
1.420879,-1.156253,-9.606831
1.420979,-1.156331,-9.606809
1.421078,-1.156408,-9.606787
1.421177,-1.156485,-9.606765
1.421276,-1.156562,-9.606743
1.421374,-1.156638,-9.606722
1.421471,-1.156713,-9.606700
1.421568,-1.156789,-9.606679
1.421664,-1.156863,-9.606658
1.421760,-1.156938,-9.606636
1.421855,-1.157012,-9.606615
1.421950,-1.157086,-9.606595
1.422045,-1.157159,-9.606574
1.422139,-1.157232,-9.606553
1.422232,-1.157305,-9.606532
1.422325,-1.157377,-9.606512
1.422417,-1.157449,-9.606491
1.422509,-1.157520,-9.606471
1.422601,-1.157591,-9.606451
1.422692,-1.157662,-9.606431
1.422782,-1.157732,-9.606411
1.422872,-1.157802,-9.606391
1.422962,-1.157871,-9.606371
1.423051,-1.157941,-9.606352
1.423139,-1.158010,-9.606332
1.423227,-1.158078,-9.606313
1.423315,-1.158146,-9.606293
1.423402,-1.158214,-9.606274
1.423489,-1.158281,-9.606255
1.423575,-1.158348,-9.606236
1.423661,-1.158415,-9.606217
1.423746,-1.158481,-9.606198
1.423831,-1.158547,-9.606179
1.423916,-1.158613,-9.606160
1.424000,-1.158678,-9.606142
1.424083,-1.158743,-9.606123
1.424167,-1.158808,-9.606105
1.424249,-1.158872,-9.606087
1.424332,-1.158936,-9.606069
1.424414,-1.159000,-9.606050
1.424495,-1.159063,-9.606032
1.424576,-1.159126,-9.606015
1.424657,-1.159188,-9.605997
1.424737,-1.159251,-9.605979
1.424816,-1.159313,-9.605961
1.424896,-1.159374,-9.605944
1.424975,-1.159436,-9.605926
1.425053,-1.159497,-9.605909
1.425131,-1.159557,-9.605892
1.425209,-1.159617,-9.605875
1.425286,-1.159678,-9.605858
1.425363,-1.159737,-9.605841
1.425440,-1.159797,-9.605824
1.425516,-1.159856,-9.605807
1.425591,-1.159914,-9.605790
1.425666,-1.159973,-9.605773
1.425741,-1.160031,-9.605757
1.425816,-1.160089,-9.605740
1.425890,-1.160146,-9.605724
1.425964,-1.160204,-9.605708
1.426037,-1.160261,-9.605691
1.426110,-1.160317,-9.605675
1.426182,-1.160374,-9.605659
1.426254,-1.160430,-9.605643
1.426326,-1.160485,-9.605627
1.426398,-1.160541,-9.605612
1.426469,-1.160596,-9.605596
1.426539,-1.160651,-9.605580
1.426610,-1.160705,-9.605565
1.426679,-1.160760,-9.605549
1.426749,-1.160814,-9.605534
1.426818,-1.160868,-9.605519
1.426887,-1.160921,-9.605503
1.426955,-1.160974,-9.605488
1.427024,-1.161027,-9.605473
1.427091,-1.161080,-9.605458
1.427159,-1.161132,-9.605443
1.427226,-1.161184,-9.605428
1.427292,-1.161236,-9.605414
1.427359,-1.161287,-9.605399
1.427425,-1.161339,-9.605384
1.427490,-1.161390,-9.605370
1.427556,-1.161440,-9.605355
1.427620,-1.161491,-9.605341
1.427685,-1.161541,-9.605327
1.427749,-1.161591,-9.605312
1.427813,-1.161640,-9.605298
1.427877,-1.161690,-9.605284
1.427940,-1.161739,-9.605270
1.428003,-1.161788,-9.605256
1.428066,-1.161836,-9.605242
1.428128,-1.161885,-9.605229
1.428190,-1.161933,-9.605215
1.428251,-1.161981,-9.605201
1.428313,-1.162028,-9.605188
1.428374,-1.162076,-9.605174
1.428434,-1.162123,-9.605161
1.428495,-1.162170,-9.605147
1.428555,-1.162216,-9.605134
1.428614,-1.162263,-9.605121
1.428674,-1.162309,-9.605108
1.428733,-1.162355,-9.605095
1.428792,-1.162400,-9.605081
1.428850,-1.162446,-9.605069
1.428908,-1.162491,-9.605056
1.428966,-1.162536,-9.605043
1.429024,-1.162580,-9.605030
1.429081,-1.162625,-9.605017
1.429138,-1.162669,-9.605005
1.429194,-1.162713,-9.604992
1.429251,-1.162757,-9.604980
1.429307,-1.162800,-9.604967
1.429363,-1.162844,-9.604955
1.429418,-1.162887,-9.604943
1.429473,-1.162930,-9.604930
1.429528,-1.162972,-9.604918
1.429583,-1.163015,-9.604906
1.429637,-1.163057,-9.604894
1.429691,-1.163099,-9.604882
1.429745,-1.163140,-9.604870
1.429798,-1.163182,-9.604858
1.429851,-1.163223,-9.604847
1.429904,-1.163264,-9.604835
1.429957,-1.163305,-9.604823
1.430009,-1.163346,-9.604812
1.430061,-1.163386,-9.604800
1.430113,-1.163426,-9.604789
1.430164,-1.163466,-9.604777
1.430216,-1.163506,-9.604766
1.430267,-1.163546,-9.604754
1.430317,-1.163585,-9.604743
1.430368,-1.163624,-9.604732
1.430418,-1.163663,-9.604721
1.430468,-1.163702,-9.604710
1.430518,-1.163741,-9.604699
1.430567,-1.163779,-9.604688
1.430616,-1.163817,-9.604677
1.430665,-1.163855,-9.604666
1.430714,-1.163893,-9.604655
1.430762,-1.163930,-9.604645
1.430810,-1.163968,-9.604634
1.430858,-1.164005,-9.604623
1.430906,-1.164042,-9.604613
1.430953,-1.164079,-9.604602
1.431000,-1.164115,-9.604592
1.431047,-1.164152,-9.604581
1.431094,-1.164188,-9.604571
1.431140,-1.164224,-9.604561
1.431186,-1.164260,-9.604550
1.431232,-1.164295,-9.604540
1.431278,-1.164331,-9.604530
1.431323,-1.164366,-9.604520
1.431368,-1.164401,-9.604510
1.431413,-1.164436,-9.604500
1.431458,-1.164471,-9.604490
1.431502,-1.164505,-9.604480
1.431546,-1.164540,-9.604470
1.431590,-1.164574,-9.604461
1.431634,-1.164608,-9.604451
1.431678,-1.164642,-9.604441
1.431721,-1.164675,-9.604432
1.431764,-1.164709,-9.604422
1.431807,-1.164742,-9.604413
1.431850,-1.164775,-9.604403
1.431892,-1.164808,-9.604394
1.431934,-1.164841,-9.604384
1.431976,-1.164873,-9.604375
1.432018,-1.164906,-9.604366
1.432059,-1.164938,-9.604357
1.432101,-1.164970,-9.604347
1.432142,-1.165002,-9.604338
1.432183,-1.165034,-9.604329
1.432223,-1.165065,-9.604320
1.432264,-1.165097,-9.604311
1.432304,-1.165128,-9.604302
1.432344,-1.165159,-9.604293
1.432384,-1.165190,-9.604285
1.432423,-1.165221,-9.604276
1.432463,-1.165251,-9.604267
1.432502,-1.165282,-9.604258
1.432541,-1.165312,-9.604250
1.432580,-1.165342,-9.604241
1.432618,-1.165372,-9.604232
1.432657,-1.165402,-9.604224
1.432695,-1.165431,-9.604215
1.432733,-1.165461,-9.604207
1.432770,-1.165490,-9.604199
1.432808,-1.165519,-9.604190
1.432845,-1.165548,-9.604182
1.432883,-1.165577,-9.604174
1.432920,-1.165606,-9.604165
1.432956,-1.165634,-9.604157
1.432993,-1.165663,-9.604149
1.433029,-1.165691,-9.604141
1.433066,-1.165719,-9.604133
1.433102,-1.165747,-9.604125
1.433137,-1.165775,-9.604117
1.433173,-1.165803,-9.604109
1.433208,-1.165830,-9.604101
1.433244,-1.165858,-9.604093
1.433279,-1.165885,-9.604086
1.433314,-1.165912,-9.604078
1.433348,-1.165939,-9.604070
1.433383,-1.165966,-9.604062
1.433417,-1.165992,-9.604055
1.433452,-1.166019,-9.604047
1.433485,-1.166045,-9.604040
1.433519,-1.166071,-9.604032
1.433553,-1.166098,-9.604025
1.433586,-1.166124,-9.604017
1.433620,-1.166149,-9.604010
1.433653,-1.166175,-9.604003
1.433686,-1.166201,-9.603995
1.433718,-1.166226,-9.603988
1.433751,-1.166251,-9.603981
1.433784,-1.166277,-9.603973
1.433816,-1.166302,-9.603966
1.433848,-1.166327,-9.603959
1.433880,-1.166351,-9.603952
1.433911,-1.166376,-9.603945
1.433943,-1.166400,-9.603938
1.433974,-1.166425,-9.603931
1.434006,-1.166449,-9.603924
1.434037,-1.166473,-9.603917
1.434068,-1.166497,-9.603910
1.434098,-1.166521,-9.603903
1.434129,-1.166545,-9.603897
1.434160,-1.166568,-9.603890
1.434190,-1.166592,-9.603883
1.434220,-1.166615,-9.603876
1.434250,-1.166639,-9.603870
1.434280,-1.166662,-9.603863
1.434309,-1.166685,-9.603857
1.434339,-1.166708,-9.603850
1.434368,-1.166730,-9.603843
1.434397,-1.166753,-9.603837
1.434426,-1.166776,-9.603831
1.434455,-1.166798,-9.603824
1.434484,-1.166820,-9.603818
1.434513,-1.166843,-9.603811
1.434541,-1.166865,-9.603805
1.434569,-1.166887,-9.603799
1.434597,-1.166908,-9.603793
1.434625,-1.166930,-9.603786
1.434653,-1.166952,-9.603780
1.434681,-1.166973,-9.603774
1.434708,-1.166995,-9.603768
1.434736,-1.167016,-9.603762
1.434763,-1.167037,-9.603756
1.434790,-1.167058,-9.603750
1.434817,-1.167079,-9.603744
1.434844,-1.167100,-9.603738
1.434871,-1.167121,-9.603732
1.434897,-1.167141,-9.603726
1.434924,-1.167162,-9.603720
1.434950,-1.167182,-9.603714
1.434976,-1.167202,-9.603708
1.435002,-1.167222,-9.603703
1.435028,-1.167243,-9.603697
1.435053,-1.167263,-9.603691
1.435079,-1.167282,-9.603685
1.435105,-1.167302,-9.603680
1.435130,-1.167322,-9.603674
1.435155,-1.167341,-9.603668
1.435180,-1.167361,-9.603663
1.435205,-1.167380,-9.603657
1.435230,-1.167399,-9.603652
1.435254,-1.167418,-9.603646
1.435279,-1.167438,-9.603641
1.435303,-1.167456,-9.603635
1.435328,-1.167475,-9.603630
1.435352,-1.167494,-9.603625
1.435376,-1.167513,-9.603619
1.435400,-1.167531,-9.603614
1.435423,-1.167550,-9.603609
1.435447,-1.167568,-9.603603
1.435471,-1.167586,-9.603598
1.435494,-1.167604,-9.603593
1.435517,-1.167623,-9.603588
1.435540,-1.167640,-9.603583
1.435563,-1.167658,-9.603578
1.435586,-1.167676,-9.603572
1.435609,-1.167694,-9.603567
1.435632,-1.167711,-9.603562
1.435654,-1.167729,-9.603557
1.435677,-1.167746,-9.603552
1.435699,-1.167764,-9.603547
1.435721,-1.167781,-9.603542
1.435743,-1.167798,-9.603538
1.435765,-1.167815,-9.603533
1.435787,-1.167832,-9.603528
1.435809,-1.167849,-9.603523
1.435830,-1.167866,-9.603518
1.435852,-1.167882,-9.603513
1.435873,-1.167899,-9.603509
1.435895,-1.167916,-9.603504
1.435916,-1.167932,-9.603499
1.435937,-1.167948,-9.603494
1.435958,-1.167965,-9.603490
1.435979,-1.167981,-9.603485
1.435999,-1.167997,-9.603481
1.436020,-1.168013,-9.603476
1.436041,-1.168029,-9.603471
1.436061,-1.168045,-9.603467
1.436081,-1.168060,-9.603462
1.436101,-1.168076,-9.603458
1.436121,-1.168092,-9.603453
1.436141,-1.168107,-9.603449
1.436161,-1.168123,-9.603444
1.436181,-1.168138,-9.603440
1.436201,-1.168153,-9.603436
1.436220,-1.168168,-9.603431
1.436240,-1.168183,-9.603427
1.436259,-1.168198,-9.603423
1.436278,-1.168213,-9.603418
1.436298,-1.168228,-9.603414
1.436317,-1.168243,-9.603410
1.436336,-1.168258,-9.603406
1.436354,-1.168272,-9.603402
1.436373,-1.168287,-9.603397
1.436392,-1.168301,-9.603393
1.436410,-1.168316,-9.603389
1.436429,-1.168330,-9.603385
1.436447,-1.168344,-9.603381
1.436465,-1.168359,-9.603377
1.436484,-1.168373,-9.603373
1.436502,-1.168387,-9.603369
1.436520,-1.168401,-9.603365
1.436538,-1.168415,-9.603361
1.436555,-1.168428,-9.603357
1.436573,-1.168442,-9.603353
1.436591,-1.168456,-9.603349
1.436608,-1.168469,-9.603345
1.436626,-1.168483,-9.603341
1.436643,-1.168496,-9.603337
1.436660,-1.168510,-9.603333
1.436677,-1.168523,-9.603330
1.436694,-1.168536,-9.603326
1.436711,-1.168549,-9.603322
1.436728,-1.168563,-9.603318
1.436745,-1.168576,-9.603315
1.436762,-1.168589,-9.603311
1.436778,-1.168601,-9.603307
1.436795,-1.168614,-9.603303
1.436811,-1.168627,-9.603300
1.436828,-1.168640,-9.603296
1.436844,-1.168652,-9.603293
1.436860,-1.168665,-9.603289
1.436876,-1.168677,-9.603285
1.436892,-1.168690,-9.603282
1.436908,-1.168702,-9.603278
1.436924,-1.168715,-9.603275
1.436940,-1.168727,-9.603271
1.436955,-1.168739,-9.603268
1.436971,-1.168751,-9.603264
1.436987,-1.168763,-9.603261
1.437002,-1.168775,-9.603257
1.437017,-1.168787,-9.603254
1.437033,-1.168799,-9.603250
1.437048,-1.168811,-9.603247
1.437063,-1.168822,-9.603244
1.437078,-1.168834,-9.603240
1.437093,-1.168846,-9.603237
1.437108,-1.168857,-9.603234
1.437123,-1.168869,-9.603230
1.437137,-1.168880,-9.603227
1.437152,-1.168891,-9.603224
1.437167,-1.168903,-9.603221
1.437181,-1.168914,-9.603217
1.437195,-1.168925,-9.603214
1.437210,-1.168936,-9.603211
1.437224,-1.168947,-9.603208
1.437238,-1.168958,-9.603205
1.437252,-1.168969,-9.603202
1.437266,-1.168980,-9.603198
1.437280,-1.168991,-9.603195
1.437294,-1.169002,-9.603192
1.437308,-1.169013,-9.603189
1.437322,-1.169023,-9.603186
1.437335,-1.169034,-9.603183
1.437349,-1.169044,-9.603180
1.437363,-1.169055,-9.603177
1.437376,-1.169065,-9.603174
1.437389,-1.169076,-9.603171
1.437403,-1.169086,-9.603168
1.437416,-1.169096,-9.603165
1.437429,-1.169107,-9.603162
1.437442,-1.169117,-9.603159
1.437455,-1.169127,-9.603156
1.437468,-1.169137,-9.603153
1.437481,-1.169147,-9.603151
1.437494,-1.169157,-9.603148
1.437507,-1.169167,-9.603145
1.437520,-1.169177,-9.603142
1.437532,-1.169187,-9.603139
1.437545,-1.169196,-9.603136
1.437557,-1.169206,-9.603134
1.437570,-1.169216,-9.603131
1.437582,-1.169225,-9.603128
1.437594,-1.169235,-9.603125
1.437607,-1.169244,-9.603123
1.437619,-1.169254,-9.603120
1.437631,-1.169263,-9.603117
1.437643,-1.169273,-9.603114
1.437655,-1.169282,-9.603112
1.437667,-1.169291,-9.603109
1.437679,-1.169300,-9.603107
1.437691,-1.169310,-9.603104
1.437702,-1.169319,-9.603101
1.437714,-1.169328,-9.603099
1.437726,-1.169337,-9.603096
1.437737,-1.169346,-9.603094
1.437749,-1.169355,-9.603091
1.437760,-1.169363,-9.603088
1.437771,-1.169372,-9.603086
1.437783,-1.169381,-9.603083
1.437794,-1.169390,-9.603081
1.437805,-1.169399,-9.603078
1.437816,-1.169407,-9.603076
1.437827,-1.169416,-9.603073
1.437838,-1.169424,-9.603071
1.437849,-1.169433,-9.603068
1.437860,-1.169441,-9.603066
1.437871,-1.169450,-9.603064
1.437882,-1.169458,-9.603061
1.437893,-1.169466,-9.603059
1.437903,-1.169475,-9.603056
1.437914,-1.169483,-9.603054
1.437925,-1.169491,-9.603052
1.437935,-1.169499,-9.603049
1.437946,-1.169507,-9.603047
1.437956,-1.169515,-9.603045
1.437966,-1.169524,-9.603042
1.437977,-1.169532,-9.603040
1.437987,-1.169539,-9.603038
1.437997,-1.169547,-9.603036
1.438007,-1.169555,-9.603033
1.438017,-1.169563,-9.603031
1.438027,-1.169571,-9.603029
1.438037,-1.169579,-9.603027
1.438047,-1.169586,-9.603024
1.438057,-1.169594,-9.603022
1.438067,-1.169602,-9.603020
1.438077,-1.169609,-9.603018
1.438086,-1.169617,-9.603016
1.438096,-1.169624,-9.603014
1.438106,-1.169632,-9.603011
1.438115,-1.169639,-9.603009
1.438125,-1.169646,-9.603007
1.438134,-1.169654,-9.603005
1.438144,-1.169661,-9.603003
1.438153,-1.169668,-9.603001
1.438162,-1.169676,-9.602999
1.438171,-1.169683,-9.602997
1.438181,-1.169690,-9.602995
1.438190,-1.169697,-9.602993
1.438199,-1.169704,-9.602991
1.438208,-1.169711,-9.602989
1.438217,-1.169718,-9.602987
1.438226,-1.169725,-9.602985
1.438235,-1.169732,-9.602983
1.438244,-1.169739,-9.602981
1.438253,-1.169746,-9.602979
1.438261,-1.169753,-9.602977
1.438270,-1.169759,-9.602975
1.438279,-1.169766,-9.602973
1.438288,-1.169773,-9.602971
1.438296,-1.169780,-9.602969
1.438305,-1.169786,-9.602967
1.438313,-1.169793,-9.602965
1.438322,-1.169799,-9.602963
1.438330,-1.169806,-9.602961
1.438339,-1.169812,-9.602959
1.438347,-1.169819,-9.602958
1.438355,-1.169825,-9.602956
1.438363,-1.169832,-9.602954
1.438372,-1.169838,-9.602952
1.438380,-1.169844,-9.602950
1.438388,-1.169851,-9.602948
1.438396,-1.169857,-9.602947
1.438404,-1.169863,-9.602945
1.438412,-1.169869,-9.602943
1.438420,-1.169876,-9.602941
1.438428,-1.169882,-9.602940
1.438436,-1.169888,-9.602938
1.438444,-1.169894,-9.602936
1.438451,-1.169900,-9.602934
1.438459,-1.169906,-9.602933
1.438467,-1.169912,-9.602931
1.438474,-1.169918,-9.602929
1.438482,-1.169924,-9.602927
1.438490,-1.169930,-9.602926
1.438497,-1.169936,-9.602924
1.438505,-1.169941,-9.602922
1.438512,-1.169947,-9.602921
1.438520,-1.169953,-9.602919
1.438527,-1.169959,-9.602917
1.438534,-1.169964,-9.602916
1.438542,-1.169970,-9.602914
1.438549,-1.169976,-9.602913
1.438556,-1.169981,-9.602911
1.438563,-1.169987,-9.602909
1.438571,-1.169992,-9.602908
1.438578,-1.169998,-9.602906
1.438585,-1.170004,-9.602905
1.438592,-1.170009,-9.602903
1.438599,-1.170014,-9.602901
1.438606,-1.170020,-9.602900
1.438613,-1.170025,-9.602898
1.438620,-1.170031,-9.602897
1.438626,-1.170036,-9.602895
1.438633,-1.170041,-9.602894
1.438640,-1.170046,-9.602892
1.438647,-1.170052,-9.602891
1.438654,-1.170057,-9.602889
1.438660,-1.170062,-9.602888
1.438667,-1.170067,-9.602886
1.438673,-1.170072,-9.602885
1.438680,-1.170078,-9.602883
1.438687,-1.170083,-9.602882
1.438693,-1.170088,-9.602880
1.438700,-1.170093,-9.602879
1.438706,-1.170098,-9.602878
1.438712,-1.170103,-9.602876
1.438719,-1.170108,-9.602875
1.438725,-1.170113,-9.602873
1.438731,-1.170117,-9.602872
1.438738,-1.170122,-9.602870
1.438744,-1.170127,-9.602869
1.438750,-1.170132,-9.602868
1.438756,-1.170137,-9.602866
1.438763,-1.170142,-9.602865
1.438769,-1.170146,-9.602864
1.438775,-1.170151,-9.602862
1.438781,-1.170156,-9.602861
1.438787,-1.170160,-9.602860
1.438793,-1.170165,-9.602858
1.438799,-1.170170,-9.602857
1.438805,-1.170174,-9.602856
1.438811,-1.170179,-9.602854
1.438816,-1.170183,-9.602853
1.438822,-1.170188,-9.602852
1.438828,-1.170192,-9.602850
1.438834,-1.170197,-9.602849
1.438840,-1.170201,-9.602848
1.438845,-1.170206,-9.602847
1.438851,-1.170210,-9.602845
1.438857,-1.170214,-9.602844
1.438862,-1.170219,-9.602843
1.438868,-1.170223,-9.602841
1.438873,-1.170228,-9.602840
1.438879,-1.170232,-9.602839
1.438884,-1.170236,-9.602838
1.438890,-1.170240,-9.602837
1.438895,-1.170245,-9.602835
1.438901,-1.170249,-9.602834
1.438906,-1.170253,-9.602833
1.438911,-1.170257,-9.602832
1.438917,-1.170261,-9.602831
1.438922,-1.170265,-9.602829
1.438927,-1.170269,-9.602828
1.438933,-1.170274,-9.602827
1.438938,-1.170278,-9.602826
1.438943,-1.170282,-9.602825
1.438948,-1.170286,-9.602824
1.438953,-1.170290,-9.602822
1.438958,-1.170294,-9.602821
1.438964,-1.170297,-9.602820
1.438969,-1.170301,-9.602819
1.438974,-1.170305,-9.602818
1.438979,-1.170309,-9.602817
1.438984,-1.170313,-9.602816
1.438989,-1.170317,-9.602815
1.438993,-1.170321,-9.602813
1.438998,-1.170325,-9.602812
1.439003,-1.170328,-9.602811
1.439008,-1.170332,-9.602810
1.439013,-1.170336,-9.602809
1.439018,-1.170340,-9.602808
1.439022,-1.170343,-9.602807
1.439027,-1.170347,-9.602806
1.439032,-1.170351,-9.602805
1.439037,-1.170354,-9.602804
1.439041,-1.170358,-9.602803
1.439046,-1.170361,-9.602802
1.439051,-1.170365,-9.602801
1.439055,-1.170369,-9.602800
1.439060,-1.170372,-9.602799
1.439064,-1.170376,-9.602798
1.439069,-1.170379,-9.602797
1.439073,-1.170383,-9.602796
1.439078,-1.170386,-9.602795
1.439082,-1.170390,-9.602794
1.439087,-1.170393,-9.602793
1.439091,-1.170397,-9.602792
1.439096,-1.170400,-9.602791
1.439100,-1.170403,-9.602790
1.439104,-1.170407,-9.602789
1.439109,-1.170410,-9.602788
1.439113,-1.170413,-9.602787
1.439117,-1.170417,-9.602786
1.439121,-1.170420,-9.602785
1.439126,-1.170423,-9.602784
1.439130,-1.170427,-9.602783
1.439134,-1.170430,-9.602782
1.439138,-1.170433,-9.602781
1.439142,-1.170436,-9.602780
1.439146,-1.170439,-9.602779
1.439151,-1.170443,-9.602778
1.439155,-1.170446,-9.602778
1.439159,-1.170449,-9.602777
1.439163,-1.170452,-9.602776
1.439167,-1.170455,-9.602775
1.439171,-1.170458,-9.602774
1.439175,-1.170461,-9.602773
1.439179,-1.170464,-9.602772
1.439183,-1.170467,-9.602771
1.439186,-1.170470,-9.602770
1.439190,-1.170474,-9.602770
1.439194,-1.170477,-9.602769
1.439198,-1.170480,-9.602768
1.439202,-1.170482,-9.602767
1.439206,-1.170485,-9.602766
1.439209,-1.170488,-9.602765
1.439213,-1.170491,-9.602764
1.439217,-1.170494,-9.602764
1.439221,-1.170497,-9.602763
1.439224,-1.170500,-9.602762
1.439228,-1.170503,-9.602761
1.439232,-1.170506,-9.602760
1.439235,-1.170509,-9.602760
1.439239,-1.170511,-9.602759
1.439243,-1.170514,-9.602758
1.439246,-1.170517,-9.602757
1.439250,-1.170520,-9.602756
1.439253,-1.170522,-9.602755
1.439257,-1.170525,-9.602755
1.439260,-1.170528,-9.602754
1.439264,-1.170531,-9.602753
1.424447,-1.128190,-9.600604
1.412656,-1.091429,-9.598264
1.403653,-1.059739,-9.595753
1.397155,-1.032615,-9.593087
1.392908,-1.009603,-9.590282
1.390686,-0.990292,-9.587350
1.390285,-0.974314,-9.584301
1.391520,-0.961336,-9.581143
1.394228,-0.951056,-9.577882
1.398260,-0.943204,-9.574525
1.403483,-0.937537,-9.571077
1.409778,-0.933836,-9.567542
1.417036,-0.931901,-9.563923
1.425162,-0.931556,-9.560225
1.434068,-0.932640,-9.556449
1.443677,-0.935008,-9.552599
1.453916,-0.938530,-9.548677
1.464724,-0.943090,-9.544684
1.476044,-0.948582,-9.540623
1.487823,-0.954910,-9.536496
1.500016,-0.961991,-9.532303
1.512581,-0.969746,-9.528047
1.525481,-0.978107,-9.523729
1.538681,-0.987012,-9.519349
1.552153,-0.996404,-9.514910
1.565868,-1.006232,-9.510412
1.579802,-1.016452,-9.505856
1.593933,-1.027023,-9.501244
1.608240,-1.037907,-9.496575
1.622706,-1.049073,-9.491852
1.637315,-1.060489,-9.487074
1.652052,-1.072129,-9.482242
1.666905,-1.083969,-9.477358
1.681860,-1.095988,-9.472421
1.696908,-1.108165,-9.467432
1.712039,-1.120483,-9.462392
1.727244,-1.132926,-9.457302
1.742515,-1.145480,-9.452161
1.757847,-1.158132,-9.446971
1.773231,-1.170870,-9.441732
1.788663,-1.183685,-9.436443
1.804138,-1.196566,-9.431106
1.819651,-1.209505,-9.425721
1.835197,-1.222494,-9.420288
1.850773,-1.235527,-9.414807
1.866375,-1.248598,-9.409280
1.882001,-1.261700,-9.403705
1.897648,-1.274829,-9.398083
1.913313,-1.287980,-9.392415
1.928994,-1.301150,-9.386701
1.944689,-1.314333,-9.380941
1.960396,-1.327528,-9.375135
1.976114,-1.340731,-9.369283
1.991841,-1.353939,-9.363386
2.007576,-1.367149,-9.357444
2.023317,-1.380361,-9.351456
2.039063,-1.393571,-9.345423
2.054814,-1.406777,-9.339346
2.070568,-1.419979,-9.333224
2.086325,-1.433174,-9.327057
2.102084,-1.446361,-9.320846
2.117845,-1.459539,-9.314591
2.133606,-1.472707,-9.308292
2.149367,-1.485863,-9.301948
2.165128,-1.499008,-9.295561
2.180888,-1.512139,-9.289129
2.196647,-1.525256,-9.282654
2.212404,-1.538359,-9.276135
2.228159,-1.551446,-9.269573
2.243912,-1.564518,-9.262967
2.259663,-1.577573,-9.256318
2.275411,-1.590611,-9.249626
2.291156,-1.603632,-9.242890
2.306898,-1.616634,-9.236112
2.322636,-1.629619,-9.229290
2.338371,-1.642585,-9.222425
2.354101,-1.655531,-9.215518
2.369828,-1.668458,-9.208568
2.385551,-1.681366,-9.201575
2.401270,-1.694253,-9.194539
2.416984,-1.707121,-9.187461
2.432694,-1.719967,-9.180341
2.448399,-1.732793,-9.173178
2.464100,-1.745598,-9.165973
2.479796,-1.758381,-9.158725
2.495487,-1.771143,-9.151436
2.511173,-1.783884,-9.144104
2.526854,-1.796602,-9.136731
2.542530,-1.809298,-9.129315
2.558200,-1.821972,-9.121858
2.573866,-1.834623,-9.114359
2.589526,-1.847252,-9.106818
2.605181,-1.859858,-9.099236
2.620830,-1.872441,-9.091612
2.636474,-1.885001,-9.083947
2.652112,-1.897537,-9.076240
2.667744,-1.910050,-9.068492
2.683371,-1.922539,-9.060703
2.698993,-1.935005,-9.052873
2.714608,-1.947446,-9.045001
2.730217,-1.959864,-9.037089
2.745821,-1.972257,-9.029136
2.761419,-1.984626,-9.021142
2.777011,-1.996970,-9.013107
2.792596,-2.009290,-9.005031
2.808176,-2.021585,-8.996915
2.823749,-2.033855,-8.988758
2.839317,-2.046100,-8.980561
2.854878,-2.058319,-8.972324
2.870432,-2.070514,-8.964046
2.885981,-2.082682,-8.955728
2.901523,-2.094826,-8.947370
2.917059,-2.106943,-8.938972
2.932588,-2.119035,-8.930534
2.948111,-2.131101,-8.922056
2.963627,-2.143140,-8.913538
2.979137,-2.155154,-8.904980
2.994640,-2.167141,-8.896383
3.010136,-2.179101,-8.887747
3.025626,-2.191035,-8.879071
3.041109,-2.202942,-8.870355
3.056585,-2.214822,-8.861600
3.072054,-2.226676,-8.852806
3.087517,-2.238502,-8.843973
3.102972,-2.250301,-8.835101
3.118421,-2.262072,-8.826190
3.133862,-2.273816,-8.817240
3.149297,-2.285532,-8.808251
3.164724,-2.297221,-8.799224
3.180144,-2.308882,-8.790157
3.195558,-2.320514,-8.781053
3.210963,-2.332119,-8.771910
3.226362,-2.343695,-8.762728
3.241754,-2.355244,-8.753509
3.257138,-2.366763,-8.744251
3.272514,-2.378254,-8.734955
3.287883,-2.389716,-8.725621
3.303245,-2.401150,-8.716249
3.318600,-2.412554,-8.706839
3.333946,-2.423930,-8.697392
3.349286,-2.435276,-8.687907
3.364617,-2.446593,-8.678384
3.379941,-2.457880,-8.668824
3.395257,-2.469138,-8.659227
3.410566,-2.480367,-8.649592
3.425866,-2.491565,-8.639921
3.441159,-2.502734,-8.630212
3.456444,-2.513873,-8.620466
3.471721,-2.524981,-8.610683
3.486990,-2.536059,-8.600863
3.502251,-2.547107,-8.591007
3.517504,-2.558125,-8.581114
3.532749,-2.569111,-8.571185
3.547986,-2.580068,-8.561219
3.563215,-2.590993,-8.551217
3.578436,-2.601887,-8.541178
3.593648,-2.612751,-8.531104
3.608852,-2.623583,-8.520993
3.624048,-2.634384,-8.510847
3.639235,-2.645153,-8.500664
3.654414,-2.655891,-8.490446
3.669584,-2.666598,-8.480193
3.684746,-2.677273,-8.469903
3.699900,-2.687915,-8.459578
3.715045,-2.698526,-8.449218
3.730181,-2.709105,-8.438823
3.745309,-2.719652,-8.428393
3.760428,-2.730166,-8.417927
3.775538,-2.740649,-8.407427
3.790640,-2.751098,-8.396891
3.805733,-2.761515,-8.386321
3.820816,-2.771899,-8.375716
3.835891,-2.782251,-8.365077
3.850957,-2.792569,-8.354404
3.866015,-2.802855,-8.343695
3.881063,-2.813107,-8.332953
3.896102,-2.823326,-8.322177
3.911132,-2.833512,-8.311366
3.926152,-2.843664,-8.300522
3.941164,-2.853783,-8.289644
3.956166,-2.863868,-8.278732
3.971160,-2.873919,-8.267786
3.986143,-2.883937,-8.256807
4.001118,-2.893920,-8.245795
4.016083,-2.903869,-8.234749
4.031039,-2.913785,-8.223670
4.045985,-2.923665,-8.212558
4.060922,-2.933512,-8.201414
4.075849,-2.943324,-8.190236
4.090767,-2.953101,-8.179025
4.105675,-2.962843,-8.167782
4.120573,-2.972551,-8.156506
4.135462,-2.982224,-8.145198
4.150341,-2.991862,-8.133858
4.165210,-3.001464,-8.122485
4.180070,-3.011032,-8.111080
4.194919,-3.020564,-8.099643
4.209759,-3.030061,-8.088174
4.224589,-3.039522,-8.076674
4.239408,-3.048947,-8.065142
4.254218,-3.058337,-8.053578
4.269018,-3.067691,-8.041983
4.283807,-3.077009,-8.030356
4.298587,-3.086291,-8.018699
4.313356,-3.095537,-8.007010
4.328115,-3.104747,-7.995290
4.342863,-3.113920,-7.983539
4.357602,-3.123057,-7.971758
4.372330,-3.132158,-7.959946
4.387048,-3.141222,-7.948103
4.401755,-3.150249,-7.936230
4.416452,-3.159240,-7.924326
4.431138,-3.168193,-7.912393
4.445814,-3.177110,-7.900429
4.460479,-3.185989,-7.888435
4.475134,-3.194832,-7.876412
4.489778,-3.203637,-7.864358
4.504411,-3.212404,-7.852276
4.519034,-3.221135,-7.840163
4.533645,-3.229828,-7.828021
4.548246,-3.238483,-7.815850
4.562836,-3.247100,-7.803650
4.577415,-3.255680,-7.791421
4.591984,-3.264221,-7.779163
4.606541,-3.272725,-7.766875
4.621087,-3.281191,-7.754560
4.635622,-3.289618,-7.742216
4.650146,-3.298007,-7.729843
4.664659,-3.306358,-7.717442
4.679161,-3.314671,-7.705012
4.693652,-3.322945,-7.692555
4.708131,-3.331180,-7.680070
4.722599,-3.339376,-7.667557
4.737055,-3.347534,-7.655016
4.751501,-3.355653,-7.642447
4.765935,-3.363733,-7.629851
4.780357,-3.371774,-7.617228
4.794768,-3.379776,-7.604577
4.809167,-3.387738,-7.591899
4.823555,-3.395661,-7.579195
4.837931,-3.403545,-7.566463
4.852296,-3.411390,-7.553705
4.866649,-3.419195,-7.540920
4.880990,-3.426960,-7.528108
4.895319,-3.434685,-7.515270
4.909637,-3.442371,-7.502406
4.923943,-3.450017,-7.489516
4.938236,-3.457623,-7.476599
4.952518,-3.465188,-7.463657
4.966788,-3.472714,-7.450689
4.981046,-3.480199,-7.437695
4.995292,-3.487645,-7.424676
5.009526,-3.495049,-7.411632
5.023748,-3.502414,-7.398562
5.037957,-3.509738,-7.385467
5.052154,-3.517021,-7.372347
5.066339,-3.524263,-7.359202
5.080512,-3.531465,-7.346032
5.094673,-3.538626,-7.332838
5.108821,-3.545746,-7.319619
5.122957,-3.552825,-7.306376
5.137080,-3.559863,-7.293108
5.151191,-3.566860,-7.279817
5.165289,-3.573816,-7.266501
5.179375,-3.580730,-7.253162
5.193448,-3.587603,-7.239798
5.207509,-3.594435,-7.226411
5.221557,-3.601225,-7.213001
5.235592,-3.607973,-7.199567
5.249614,-3.614680,-7.186111
5.263624,-3.621345,-7.172631
5.277621,-3.627968,-7.159128
5.291605,-3.634549,-7.145602
5.305576,-3.641089,-7.132053
5.319534,-3.647586,-7.118482
5.333479,-3.654042,-7.104888
5.347411,-3.660455,-7.091273
5.361330,-3.666826,-7.077634
5.375236,-3.673154,-7.063974
5.389129,-3.679441,-7.050292
5.403009,-3.685685,-7.036588
5.416875,-3.691886,-7.022863
5.430729,-3.698045,-7.009116
5.444568,-3.704161,-6.995347
5.458395,-3.710234,-6.981558
5.472208,-3.716265,-6.967747
5.486008,-3.722253,-6.953915
5.499795,-3.728198,-6.940062
5.513568,-3.734100,-6.926189
5.527327,-3.739959,-6.912295
5.541073,-3.745775,-6.898380
5.554805,-3.751548,-6.884445
5.568524,-3.757277,-6.870490
5.582229,-3.762963,-6.856515
5.595920,-3.768606,-6.842520
5.609598,-3.774206,-6.828505
5.623261,-3.779762,-6.814471
5.636911,-3.785274,-6.800417
5.650547,-3.790743,-6.786343
5.664170,-3.796169,-6.772250
5.677778,-3.801550,-6.758139
5.691372,-3.806888,-6.744008
5.704952,-3.812182,-6.729858
5.718519,-3.817432,-6.715690
5.732071,-3.822638,-6.701503
5.745609,-3.827800,-6.687297
5.759133,-3.832918,-6.673074
5.772642,-3.837992,-6.658832
5.786138,-3.843022,-6.644572
5.799619,-3.848008,-6.630294
5.813086,-3.852949,-6.615999
5.826538,-3.857846,-6.601685
5.839976,-3.862699,-6.587355
5.853400,-3.867507,-6.573007
5.866809,-3.872271,-6.558642
5.880204,-3.876990,-6.544259
5.893584,-3.881664,-6.529860
5.906949,-3.886294,-6.515444
5.920300,-3.890879,-6.501011
5.933636,-3.895420,-6.486562
5.946958,-3.899915,-6.472097
5.960265,-3.904366,-6.457615
5.973557,-3.908772,-6.443117
5.986834,-3.913133,-6.428603
6.000097,-3.917449,-6.414074
6.013344,-3.921719,-6.399528
6.026577,-3.925945,-6.384967
6.039795,-3.930126,-6.370391
6.052997,-3.934261,-6.355800
6.066185,-3.938351,-6.341193
6.079358,-3.942396,-6.326571
6.092515,-3.946395,-6.311935
6.105658,-3.950349,-6.297284
6.118785,-3.954258,-6.282618
6.131897,-3.958121,-6.267938
6.144994,-3.961939,-6.253243
6.158075,-3.965711,-6.238535
6.171141,-3.969437,-6.223812
6.184192,-3.973118,-6.209076
6.197228,-3.976753,-6.194326
6.210248,-3.980343,-6.179562
6.223252,-3.983886,-6.164785
6.236241,-3.987384,-6.149994
6.249215,-3.990836,-6.135191
6.262172,-3.994242,-6.120374
6.275115,-3.997602,-6.105545
6.288041,-4.000916,-6.090703
6.300952,-4.004184,-6.075848
6.313847,-4.007406,-6.060981
6.326727,-4.010582,-6.046102
6.339590,-4.013712,-6.031210
6.352438,-4.016795,-6.016306
6.365270,-4.019833,-6.001391
6.378086,-4.022824,-5.986464
6.390886,-4.025769,-5.971525
6.403670,-4.028667,-5.956575
6.416438,-4.031520,-5.941614
6.429190,-4.034325,-5.926641
6.441926,-4.037085,-5.911658
6.454646,-4.039798,-5.896663
6.467350,-4.042464,-5.881658
6.480037,-4.045084,-5.866642
6.492708,-4.047658,-5.851616
6.505363,-4.050184,-5.836580
6.518002,-4.052665,-5.821533
6.530624,-4.055098,-5.806477
6.543230,-4.057485,-5.791410
6.555819,-4.059825,-5.776334
6.568392,-4.062119,-5.761249
6.580949,-4.064365,-5.746154
6.593489,-4.066565,-5.731049
6.606012,-4.068718,-5.715936
6.618519,-4.070825,-5.700813
6.631009,-4.072884,-5.685682
6.643483,-4.074896,-5.670542
6.655940,-4.076862,-5.655394
6.668380,-4.078781,-5.640237
6.680803,-4.080652,-5.625072
6.693209,-4.082477,-5.609899
6.705599,-4.084254,-5.594717
6.717972,-4.085985,-5.579528
6.730328,-4.087668,-5.564332
6.742667,-4.089305,-5.549127
6.754988,-4.090894,-5.533916
6.767293,-4.092436,-5.518697
6.779581,-4.093931,-5.503471
6.791852,-4.095379,-5.488238
6.804105,-4.096779,-5.472999
6.816342,-4.098132,-5.457753
6.828561,-4.099438,-5.442500
6.840763,-4.100697,-5.427241
6.852948,-4.101909,-5.411975
6.865115,-4.103073,-5.396704
6.877265,-4.104190,-5.381427
6.889398,-4.105259,-5.366144
6.901513,-4.106281,-5.350855
6.913611,-4.107256,-5.335561
6.925691,-4.108184,-5.320261
6.937754,-4.109064,-5.304957
6.949799,-4.109896,-5.289647
6.961827,-4.110681,-5.274332
6.973837,-4.111419,-5.259013
6.985830,-4.112109,-5.243689
6.997804,-4.112752,-5.228361
7.009761,-4.113348,-5.213028
7.021701,-4.113895,-5.197691
7.033622,-4.114396,-5.182350
7.045526,-4.114848,-5.167006
7.057411,-4.115254,-5.151657
7.069279,-4.115611,-5.136305
7.081129,-4.115921,-5.120950
7.092961,-4.116184,-5.105591
7.104775,-4.116399,-5.090229
7.116571,-4.116566,-5.074864
7.128349,-4.116686,-5.059497
7.140108,-4.116758,-5.044126
7.151850,-4.116783,-5.028754
7.163573,-4.116760,-5.013378
7.175279,-4.116689,-4.998001
7.186966,-4.116571,-4.982621
7.198634,-4.116405,-4.967240
7.210285,-4.116192,-4.951857
7.221917,-4.115931,-4.936472
7.233530,-4.115622,-4.921085
7.245126,-4.115265,-4.905697
7.256702,-4.114861,-4.890308
7.268261,-4.114410,-4.874918
7.279800,-4.113910,-4.859527
7.291322,-4.113363,-4.844135
7.302824,-4.112768,-4.828743
7.314308,-4.112126,-4.813350
7.325774,-4.111436,-4.797957
7.337221,-4.110698,-4.782563
7.348648,-4.109913,-4.767170
7.360058,-4.109080,-4.751777
7.371448,-4.108199,-4.736384
7.382820,-4.107271,-4.720991
7.394173,-4.106295,-4.705599
7.405507,-4.105271,-4.690207
7.416822,-4.104200,-4.674817
7.428118,-4.103081,-4.659427
7.439395,-4.101915,-4.644039
7.450653,-4.100701,-4.628652
7.461892,-4.099439,-4.613266
7.473112,-4.098129,-4.597882
7.484312,-4.096772,-4.582500
7.495494,-4.095368,-4.567119
7.506656,-4.093916,-4.551741
7.517800,-4.092416,-4.536365
7.528924,-4.090868,-4.520991
7.540028,-4.089273,-4.505619
7.551114,-4.087631,-4.490250
7.562180,-4.085941,-4.474884
7.573227,-4.084203,-4.459521
7.584254,-4.082418,-4.444161
7.595262,-4.080585,-4.428804
7.606250,-4.078705,-4.413451
7.617219,-4.076777,-4.398101
7.628168,-4.074802,-4.382754
7.639098,-4.072780,-4.367412
7.650008,-4.070709,-4.352073
7.660898,-4.068592,-4.336738
7.671769,-4.066427,-4.321408
7.682620,-4.064214,-4.306082
7.693451,-4.061954,-4.290760
7.704263,-4.059647,-4.275444
7.715055,-4.057293,-4.260132
7.725827,-4.054891,-4.244825
7.736579,-4.052441,-4.229523
7.747311,-4.049945,-4.214226
7.758023,-4.047401,-4.198935
7.768715,-4.044810,-4.183649
7.779388,-4.042171,-4.168369
7.790040,-4.039485,-4.153095
7.800672,-4.036752,-4.137827
7.811284,-4.033972,-4.122565
7.821876,-4.031145,-4.107309
7.832448,-4.028270,-4.092059
7.843000,-4.025348,-4.076817
7.853531,-4.022380,-4.061581
7.864042,-4.019364,-4.046351
7.874533,-4.016301,-4.031129
7.885004,-4.013191,-4.015914
7.895454,-4.010034,-4.000706
7.905884,-4.006829,-3.985506
7.916293,-4.003578,-3.970313
7.926682,-4.000280,-3.955128
7.937051,-3.996935,-3.939951
7.947399,-3.993543,-3.924782
7.957726,-3.990105,-3.909621
7.968033,-3.986619,-3.894468
7.978319,-3.983087,-3.879324
7.988585,-3.979507,-3.864188
7.998830,-3.975881,-3.849061
8.009055,-3.972209,-3.833944
8.019258,-3.968489,-3.818835
8.029441,-3.964723,-3.803735
8.039603,-3.960910,-3.788644
8.049745,-3.957051,-3.773563
8.059865,-3.953145,-3.758492
8.069965,-3.949192,-3.743430
8.080043,-3.945193,-3.728378
8.090101,-3.941148,-3.713337
8.100138,-3.937056,-3.698305
8.110154,-3.932917,-3.683284
8.120149,-3.928733,-3.668273
8.130122,-3.924501,-3.653273
8.140075,-3.920224,-3.638284
8.150006,-3.915900,-3.623305
8.159917,-3.911530,-3.608338
8.169806,-3.907114,-3.593381
8.179674,-3.902651,-3.578436
8.189521,-3.898143,-3.563503
8.199346,-3.893588,-3.548581
8.209151,-3.888987,-3.533671
8.218933,-3.884340,-3.518773
8.228695,-3.879648,-3.503886
8.238435,-3.874909,-3.489012
8.248154,-3.870124,-3.474151
8.257851,-3.865294,-3.459301
8.267527,-3.860418,-3.444465
8.277181,-3.855495,-3.429641
8.286814,-3.850528,-3.414830
8.296425,-3.845514,-3.400032
8.306015,-3.840455,-3.385247
8.315583,-3.835350,-3.370475
8.325129,-3.830199,-3.355717
8.334654,-3.825003,-3.340973
8.344157,-3.819762,-3.326242
8.353638,-3.814475,-3.311525
8.363097,-3.809143,-3.296822
8.372535,-3.803765,-3.282133
8.381951,-3.798342,-3.267459
8.391345,-3.792874,-3.252798
8.400717,-3.787361,-3.238153
8.410067,-3.781802,-3.223522
8.419395,-3.776198,-3.208906
8.428701,-3.770550,-3.194305
8.437985,-3.764856,-3.179719
8.447248,-3.759117,-3.165149
8.456488,-3.753333,-3.150593
8.465706,-3.747505,-3.136054
8.474902,-3.741631,-3.121530
8.484075,-3.735713,-3.107021
8.493227,-3.729750,-3.092529
8.502357,-3.723743,-3.078053
8.511464,-3.717691,-3.063593
8.520549,-3.711594,-3.049149
8.529611,-3.705453,-3.034722
8.538652,-3.699267,-3.020312
8.547669,-3.693037,-3.005918
8.556665,-3.686762,-2.991541
8.565638,-3.680443,-2.977181
8.574589,-3.674080,-2.962839
8.583517,-3.667673,-2.948513
8.592423,-3.661222,-2.934206
8.601307,-3.654727,-2.919915
8.610167,-3.648187,-2.905643
8.619006,-3.641604,-2.891388
8.627821,-3.634977,-2.877152
8.636614,-3.628305,-2.862933
8.645384,-3.621591,-2.848733
8.654132,-3.614832,-2.834551
8.662857,-3.608030,-2.820388
8.671559,-3.601184,-2.806243
8.680239,-3.594294,-2.792117
8.688895,-3.587362,-2.778010
8.697529,-3.580385,-2.763922
8.706140,-3.573366,-2.749854
8.714729,-3.566303,-2.735804
8.723294,-3.559196,-2.721774
8.731836,-3.552047,-2.707764
8.740356,-3.544854,-2.693774
8.748852,-3.537619,-2.679803
8.757325,-3.530340,-2.665852
8.765776,-3.523019,-2.651922
8.774203,-3.515654,-2.638011
8.782607,-3.508247,-2.624121
8.790988,-3.500798,-2.610252
8.799346,-3.493305,-2.596403
8.807681,-3.485770,-2.582575
8.815993,-3.478192,-2.568768
8.824281,-3.470572,-2.554983
8.832546,-3.462910,-2.541218
8.840788,-3.455205,-2.527474
8.849007,-3.447458,-2.513752
8.857202,-3.439669,-2.500052
8.865374,-3.431838,-2.486373
8.873523,-3.423964,-2.472716
8.881648,-3.416049,-2.459081
8.889750,-3.408092,-2.445468
8.897828,-3.400093,-2.431878
8.905883,-3.392052,-2.418309
8.913914,-3.383969,-2.404763
8.921922,-3.375845,-2.391240
8.929906,-3.367679,-2.377740
8.937867,-3.359472,-2.364262
8.945804,-3.351224,-2.350807
8.953717,-3.342934,-2.337376
8.961607,-3.334603,-2.323967
8.969473,-3.326230,-2.310582
8.977315,-3.317817,-2.297221
8.985134,-3.309363,-2.283883
8.992929,-3.300867,-2.270569
9.000700,-3.292331,-2.257278
9.008447,-3.283754,-2.244012
9.016170,-3.275136,-2.230770
9.023870,-3.266478,-2.217552
9.031546,-3.257779,-2.204358
9.039197,-3.249040,-2.191189
9.046825,-3.240260,-2.178045
9.054429,-3.231440,-2.164925
9.062009,-3.222579,-2.151830
9.069565,-3.213679,-2.138760
9.077097,-3.204738,-2.125715
9.084605,-3.195757,-2.112696
9.092088,-3.186737,-2.099701
9.099548,-3.177677,-2.086733
9.106983,-3.168576,-2.073790
9.114395,-3.159437,-2.060872
9.121782,-3.150257,-2.047981
9.129145,-3.141038,-2.035115
9.136483,-3.131780,-2.022275
9.143798,-3.122482,-2.009462
9.151088,-3.113145,-1.996675
9.158354,-3.103769,-1.983914
9.165596,-3.094354,-1.971180
9.172813,-3.084899,-1.958473
9.180006,-3.075406,-1.945793
9.187174,-3.065874,-1.933139
9.194318,-3.056303,-1.920512
9.201438,-3.046694,-1.907913
9.208533,-3.037046,-1.895341
9.215603,-3.027359,-1.882796
9.222649,-3.017634,-1.870279
9.229671,-3.007871,-1.857789
9.236668,-2.998070,-1.845327
9.243641,-2.988230,-1.832893
9.250588,-2.978353,-1.820487
9.257512,-2.968437,-1.808109
9.264410,-2.958484,-1.795760
9.271284,-2.948492,-1.783438
9.278133,-2.938464,-1.771146
9.284958,-2.928397,-1.758881
9.291757,-2.918293,-1.746645
9.298532,-2.908152,-1.734439
9.305282,-2.897973,-1.722261
9.312008,-2.887757,-1.710112
9.318708,-2.877504,-1.697992
9.325384,-2.867214,-1.685901
9.332035,-2.856887,-1.673840
9.338661,-2.846523,-1.661808
9.345262,-2.836122,-1.649806
9.351838,-2.825685,-1.637834
9.358389,-2.815211,-1.625891
9.364915,-2.804701,-1.613978
9.371416,-2.794154,-1.602095
9.377892,-2.783571,-1.590243
9.384343,-2.772952,-1.578421
9.390769,-2.762297,-1.566629
9.397169,-2.751606,-1.554867
9.403545,-2.740878,-1.543136
9.409896,-2.730116,-1.531436
9.416221,-2.719317,-1.519767
9.422521,-2.708483,-1.508128
9.428796,-2.697613,-1.496521
9.435046,-2.686708,-1.484944
9.441270,-2.675768,-1.473399
9.447470,-2.664792,-1.461885
9.453643,-2.653781,-1.450403
9.459792,-2.642736,-1.438952
9.465915,-2.631655,-1.427533
9.472013,-2.620540,-1.416146
9.478086,-2.609390,-1.404790
9.484133,-2.598205,-1.393467
9.490155,-2.586986,-1.382176
9.496151,-2.575732,-1.370916
9.502122,-2.564445,-1.359690
9.508067,-2.553123,-1.348495
9.513987,-2.541767,-1.337333
9.519881,-2.530377,-1.326204
9.525750,-2.518953,-1.315107
9.531593,-2.507495,-1.304043
9.537411,-2.496004,-1.293012
9.543203,-2.484479,-1.282014
9.548970,-2.472921,-1.271050
9.554710,-2.461329,-1.260118
9.560425,-2.449704,-1.249220
9.566115,-2.438046,-1.238355
9.571779,-2.426355,-1.227524
9.577417,-2.414631,-1.216726
9.583029,-2.402875,-1.205962
9.588615,-2.391085,-1.195232
9.594176,-2.379263,-1.184536
9.599711,-2.367409,-1.173874
9.605220,-2.355522,-1.163246
9.610704,-2.343603,-1.152653
9.616161,-2.331652,-1.142093
9.621593,-2.319668,-1.131568
9.626998,-2.307653,-1.121078
9.632378,-2.295606,-1.110622
9.637732,-2.283527,-1.100201
9.643060,-2.271417,-1.089814
9.648361,-2.259275,-1.079463
9.653637,-2.247102,-1.069146
9.658887,-2.234898,-1.058865
9.664111,-2.222662,-1.048619
9.669309,-2.210395,-1.038408
9.674481,-2.198098,-1.028233
9.679626,-2.185769,-1.018093
9.684746,-2.173410,-1.007988
9.689839,-2.161020,-0.997919
9.694906,-2.148600,-0.987886
9.699948,-2.136150,-0.977889
9.704962,-2.123669,-0.967928
9.709951,-2.111158,-0.958003
9.714914,-2.098617,-0.948114
9.719850,-2.086047,-0.938261
9.724760,-2.073446,-0.928444
9.729644,-2.060816,-0.918664
9.734501,-2.048156,-0.908921
9.739333,-2.035467,-0.899213
9.744138,-2.022748,-0.889543
9.748916,-2.010001,-0.879909
9.753668,-1.997224,-0.870312
9.758394,-1.984418,-0.860752
9.763094,-1.971583,-0.851229
9.767767,-1.958720,-0.841744
9.772413,-1.945828,-0.832295
9.777033,-1.932908,-0.822884
9.781627,-1.919959,-0.813510
9.786194,-1.906982,-0.804173
9.790735,-1.893977,-0.794874
9.795249,-1.880943,-0.785613
9.799737,-1.867882,-0.776389
9.804198,-1.854794,-0.767203
9.808633,-1.841677,-0.758055
9.813041,-1.828533,-0.748945
9.817422,-1.815362,-0.739873
9.821777,-1.802163,-0.730839
9.826105,-1.788937,-0.721843
9.830407,-1.775684,-0.712886
9.834682,-1.762404,-0.703967
9.838930,-1.749098,-0.695086
9.843152,-1.735764,-0.686244
9.847347,-1.722405,-0.677441
9.851515,-1.709018,-0.668676
9.855656,-1.695606,-0.659950
9.859771,-1.682167,-0.651263
9.863859,-1.668702,-0.642614
9.867920,-1.655211,-0.634005
9.871954,-1.641695,-0.625435
9.875961,-1.628153,-0.616904
9.879942,-1.614585,-0.608412
9.883896,-1.600992,-0.599960
9.887823,-1.587373,-0.591547
9.891723,-1.573729,-0.583173
9.895596,-1.560061,-0.574839
9.899442,-1.546367,-0.566544
9.903262,-1.532649,-0.558290
9.907054,-1.518905,-0.550075
9.910820,-1.505138,-0.541900
9.914558,-1.491346,-0.533764
9.918270,-1.477529,-0.525669
9.921954,-1.463689,-0.517614
9.925612,-1.449824,-0.509599
9.929242,-1.435936,-0.501624
9.932846,-1.422023,-0.493690
9.936422,-1.408087,-0.485796
9.939971,-1.394128,-0.477942
9.943494,-1.380145,-0.470129
9.946989,-1.366139,-0.462356
9.950457,-1.352110,-0.454624
9.953898,-1.338058,-0.446932
9.957312,-1.323982,-0.439282
9.960698,-1.309885,-0.431672
9.964058,-1.295764,-0.424103
9.967390,-1.281621,-0.416575
9.970695,-1.267456,-0.409088
9.973973,-1.253268,-0.401643
9.977224,-1.239059,-0.394238
9.980447,-1.224827,-0.386875
9.983644,-1.210574,-0.379553
9.986812,-1.196299,-0.372272
9.989954,-1.182002,-0.365033
9.993069,-1.167684,-0.357835
9.996156,-1.153345,-0.350679
9.999216,-1.138984,-0.343565
10.002248,-1.124603,-0.336492
10.005253,-1.110200,-0.329461
10.008231,-1.095777,-0.322472
10.011181,-1.081333,-0.315524
10.014104,-1.066869,-0.308619
10.017000,-1.052384,-0.301756
10.019868,-1.037879,-0.294934
10.022709,-1.023354,-0.288155
10.025523,-1.008809,-0.281418
10.028309,-0.994245,-0.274723
10.031067,-0.979660,-0.268071
10.033798,-0.965056,-0.261461
10.036502,-0.950433,-0.254893
10.039178,-0.935790,-0.248368
10.041827,-0.921128,-0.241885
10.044448,-0.906447,-0.235445
10.047042,-0.891747,-0.229047
10.049608,-0.877029,-0.222692
10.052147,-0.862292,-0.216380
10.054658,-0.847536,-0.210111
10.057141,-0.832762,-0.203885
10.059597,-0.817970,-0.197701
10.062025,-0.803160,-0.191561
10.064426,-0.788332,-0.185464
10.066799,-0.773486,-0.179409
10.069145,-0.758623,-0.173398
10.071462,-0.743742,-0.167430
10.073753,-0.728843,-0.161505
10.076015,-0.713928,-0.155624
10.078250,-0.698995,-0.149786
10.080457,-0.684045,-0.143991
10.082637,-0.669079,-0.138240
10.084789,-0.654096,-0.132532
10.086913,-0.639096,-0.126867
10.089009,-0.624080,-0.121247
10.091078,-0.609048,-0.115670
10.093119,-0.593999,-0.110136
10.095132,-0.578935,-0.104647
10.097118,-0.563855,-0.099201
10.099076,-0.548759,-0.093799
10.101006,-0.533647,-0.088440
10.102908,-0.518520,-0.083126
10.104782,-0.503378,-0.077856
10.106629,-0.488221,-0.072630
10.108448,-0.473048,-0.067447
10.110239,-0.457861,-0.062309
10.112002,-0.442659,-0.057215
10.113737,-0.427443,-0.052165
10.115445,-0.412212,-0.047160
10.117124,-0.396966,-0.042198
10.118776,-0.381707,-0.037281
10.120400,-0.366434,-0.032408
10.121996,-0.351146,-0.027580
10.123564,-0.335845,-0.022796
10.125104,-0.320531,-0.018057
10.126617,-0.305203,-0.013362
10.128101,-0.289861,-0.008711
10.129557,-0.274507,-0.004105
10.130986,-0.259140,0.000456
10.132386,-0.243759,0.004972
10.133759,-0.228366,0.009444
10.135104,-0.212960,0.013871
10.136421,-0.197542,0.018254
10.137709,-0.182112,0.022591
10.138970,-0.166669,0.026884
10.140203,-0.151215,0.031132
10.141408,-0.135748,0.035334
10.142584,-0.120270,0.039492
10.143733,-0.104780,0.043605
10.144854,-0.089279,0.047673
10.145947,-0.073766,0.051696
10.147011,-0.058243,0.055674
10.148048,-0.042708,0.059607
10.149056,-0.027162,0.063495
10.150037,-0.011606,0.067337
10.150990,0.003961,0.071134
10.151914,0.019538,0.074886
10.152810,0.035126,0.078593
10.153679,0.050724,0.082255
10.154519,0.066331,0.085871
10.155331,0.081949,0.089442
10.156115,0.097576,0.092967
10.156871,0.113213,0.096447
10.157598,0.128860,0.099882
10.158298,0.144515,0.103271
10.158969,0.160180,0.106615
10.159613,0.175854,0.109913
10.160228,0.191536,0.113165
10.160815,0.207227,0.116372
10.161374,0.222927,0.119534
10.161905,0.238635,0.122650
10.162408,0.254352,0.125720
10.162882,0.270076,0.128745
10.163328,0.285809,0.131724
10.163746,0.301549,0.134657
10.164136,0.317297,0.137545
10.164498,0.333053,0.140387
10.164832,0.348816,0.143183
10.165137,0.364586,0.145933
10.165414,0.380363,0.148638
10.165663,0.396147,0.151296
10.165884,0.411938,0.153909
10.166076,0.427736,0.156476
10.166240,0.443540,0.158998
10.166377,0.459351,0.161473
10.166484,0.475168,0.163902
10.166564,0.490990,0.166286
10.166615,0.506819,0.168624
10.166638,0.522654,0.170915
10.166633,0.538494,0.173161
10.166600,0.554339,0.175361
10.166538,0.570190,0.177514
10.166448,0.586046,0.179622
10.166330,0.601907,0.181684
10.166184,0.617773,0.183699
10.166009,0.633644,0.185669
10.165806,0.649520,0.187593
10.165575,0.665399,0.189470
10.165315,0.681284,0.191301
10.165027,0.697172,0.193087
10.164711,0.713064,0.194826
10.164367,0.728960,0.196519
10.163994,0.744860,0.198166
10.163593,0.760764,0.199767
10.163164,0.776670,0.201322
10.162706,0.792581,0.202831
10.162220,0.808494,0.204293
10.161706,0.824410,0.205710
10.161163,0.840329,0.207080
10.160593,0.856251,0.208404
10.159993,0.872175,0.209682
10.159366,0.888102,0.210914
10.158710,0.904031,0.212099
10.158026,0.919962,0.213238
10.157314,0.935895,0.214332
10.156573,0.951829,0.215379
10.155804,0.967766,0.216379
10.155006,0.983704,0.217334
10.154180,0.999643,0.218243
10.153326,1.015583,0.219105
10.152444,1.031525,0.219921
10.151533,1.047467,0.220691
10.150594,1.063410,0.221414
10.149627,1.079354,0.222092
10.148631,1.095298,0.222723
10.147607,1.111243,0.223308
10.146554,1.127188,0.223847
10.145473,1.143132,0.224340
10.144364,1.159077,0.224787
10.143227,1.175022,0.225187
10.142061,1.190965,0.225541
10.140867,1.206909,0.225849
10.139644,1.222852,0.226111
10.138393,1.238793,0.226327
10.137114,1.254734,0.226496
10.135806,1.270674,0.226620
10.134470,1.286612,0.226697
10.133106,1.302549,0.226728
10.131713,1.318484,0.226713
10.130292,1.334418,0.226652
10.128843,1.350350,0.226545
10.127365,1.366279,0.226392
10.125859,1.382207,0.226192
10.124325,1.398132,0.225947
10.122762,1.414055,0.225655
10.121171,1.429975,0.225318
10.119552,1.445892,0.224934
10.117904,1.461806,0.224505
10.116228,1.477717,0.224029
10.114523,1.493625,0.223507
10.112791,1.509530,0.222940
10.111030,1.525431,0.222326
10.109240,1.541329,0.221666
10.107422,1.557222,0.220961
10.105576,1.573112,0.220209
10.103702,1.588998,0.219412
10.101799,1.604879,0.218568
10.099868,1.620756,0.217679
10.097908,1.636628,0.216744
10.095920,1.652496,0.215763
10.093904,1.668359,0.214736
10.091860,1.684217,0.213664
10.089787,1.700070,0.212546
10.087686,1.715917,0.211381
10.085556,1.731760,0.210171
10.083399,1.747596,0.208916
10.081213,1.763427,0.207614
10.078998,1.779252,0.206267
10.076756,1.795071,0.204875
10.074485,1.810884,0.203436
10.072185,1.826690,0.201952
10.069858,1.842491,0.200422
10.067502,1.858284,0.198847
10.065118,1.874071,0.197226
10.062705,1.889851,0.195560
10.060264,1.905624,0.193848
10.057795,1.921389,0.192091
10.055298,1.937148,0.190288
10.052772,1.952899,0.188440
10.050218,1.968642,0.186546
10.047636,1.984378,0.184607
10.045026,2.000105,0.182623
10.042387,2.015825,0.180593
10.039720,2.031536,0.178518
10.037025,2.047239,0.176398
10.034302,2.062934,0.174232
10.031550,2.078620,0.172022
10.028770,2.094297,0.169766
10.025962,2.109966,0.167465
10.023125,2.125625,0.165119
10.020261,2.141275,0.162727
10.017368,2.156916,0.160291
10.807274,2.612208,-0.880678
10.797646,2.568968,-0.890950
10.787880,2.532013,-0.900538
10.777999,2.500685,-0.909499
10.768025,2.474389,-0.917887
10.757978,2.452591,-0.925752
10.747875,2.434809,-0.933141
10.737733,2.420609,-0.940096
10.727565,2.409601,-0.946657
10.717385,2.401430,-0.952861
10.707203,2.395780,-0.958740
10.697032,2.392365,-0.964326
10.686878,2.390926,-0.969647
10.676752,2.391232,-0.974728
10.666661,2.393072,-0.979592
10.656611,2.396257,-0.984260
10.646609,2.400619,-0.988752
10.636660,2.406003,-0.993084
10.627348,2.411496,-0.997249
10.618819,2.416800,-1.001251
10.611001,2.421923,-1.005105
10.603828,2.426876,-1.008821
10.597243,2.431666,-1.012411
10.591189,2.436302,-1.015886
10.585620,2.440793,-1.019254
10.580489,2.445145,-1.022525
10.575757,2.449367,-1.025705
10.571387,2.453466,-1.028803
10.567344,2.457449,-1.031825
10.563600,2.461323,-1.034777
10.560125,2.465093,-1.037665
10.556896,2.468767,-1.040493
10.553890,2.472349,-1.043267
10.551086,2.475845,-1.045990
10.548465,2.479260,-1.048667
10.546011,2.482599,-1.051300
10.543707,2.485867,-1.053894
10.541541,2.489066,-1.056451
10.539500,2.492202,-1.058974
10.537572,2.495278,-1.061465
10.535746,2.498298,-1.063926
10.534014,2.501264,-1.066360
10.532367,2.504180,-1.068769
10.530797,2.507049,-1.071153
10.529297,2.509872,-1.073516
10.527861,2.512653,-1.075857
10.526483,2.515395,-1.078179
10.525158,2.518097,-1.080482
10.523881,2.520764,-1.082768
10.522648,2.523397,-1.085038
10.521455,2.525997,-1.087292
10.520299,2.528566,-1.089531
10.519176,2.531105,-1.091757
10.518083,2.533617,-1.093969
10.517018,2.536101,-1.096168
10.515979,2.538560,-1.098355
10.514962,2.540994,-1.100531
10.513968,2.543404,-1.102696
10.512993,2.545792,-1.104849
10.512035,2.548157,-1.106993
10.511095,2.550502,-1.109126
10.510169,2.552826,-1.111250
10.509258,2.555131,-1.113364
10.508360,2.557417,-1.115469
10.507474,2.559684,-1.117566
10.506598,2.561934,-1.119653
10.505734,2.564166,-1.121733
10.504878,2.566381,-1.123803
10.504032,2.568580,-1.125866
10.449628,2.570763,-1.127921
9.506749,2.572942,-1.129978
9.505488,2.575306,-1.132210
9.504277,2.577652,-1.134433
9.503112,2.579981,-1.136647
9.501989,2.582293,-1.138853
9.500903,2.584589,-1.141049
9.499852,2.586868,-1.143237
9.498832,2.589131,-1.145417
9.497840,2.591378,-1.147588
9.496873,2.593610,-1.149750
9.495930,2.595827,-1.151904
9.495008,2.598028,-1.154050
9.494106,2.600215,-1.156187
9.493221,2.602388,-1.158316
9.492353,2.604545,-1.160437
9.491499,2.606689,-1.162550
9.490659,2.608819,-1.164654
9.489832,2.610934,-1.166751
9.489016,2.613036,-1.168839
9.488211,2.615125,-1.170919
9.487415,2.617200,-1.172991
9.486629,2.619261,-1.175056
9.485850,2.621310,-1.177112
9.485080,2.623345,-1.179160
9.484317,2.625367,-1.181201
9.483561,2.627377,-1.183233
9.482811,2.629374,-1.185258
9.482067,2.631358,-1.187274
9.481328,2.633330,-1.189283
9.480595,2.635289,-1.191284
9.479867,2.637236,-1.193277
9.479143,2.639171,-1.195263
9.478424,2.641094,-1.197240
9.477710,2.643005,-1.199210
9.476999,2.644903,-1.201172
9.476292,2.646790,-1.203127
9.475590,2.648666,-1.205073
9.474890,2.650529,-1.207012
9.474194,2.652381,-1.208943
9.473502,2.654222,-1.210867
9.472813,2.656051,-1.212783
9.472126,2.657869,-1.214691
9.471443,2.659676,-1.216592
9.470763,2.661471,-1.218485
9.470086,2.663255,-1.220370
9.469412,2.665029,-1.222248
9.468741,2.666791,-1.224119
9.468072,2.668543,-1.225982
9.467406,2.670284,-1.227837
9.466742,2.672014,-1.229685
9.466082,2.673733,-1.231525
9.465424,2.675442,-1.233358
9.464768,2.677140,-1.235183
9.464115,2.678828,-1.237001
9.463464,2.680506,-1.238811
9.462816,2.682173,-1.240615
9.462170,2.683830,-1.242410
9.461527,2.685477,-1.244198
9.460886,2.687114,-1.245979
9.460247,2.688740,-1.247753
9.459611,2.690357,-1.249519
9.458977,2.691964,-1.251278
9.458345,2.693561,-1.253030
9.457715,2.695148,-1.254774
9.457088,2.696726,-1.256511
9.456463,2.698294,-1.258241
9.455841,2.699852,-1.259964
9.455220,2.701401,-1.261679
9.454602,2.702940,-1.263388
9.453986,2.704470,-1.265089
9.453373,2.705991,-1.266783
9.452761,2.707502,-1.268470
9.452152,2.709004,-1.270149
9.451545,2.710497,-0.602915
9.450843,2.711955,-0.273491
9.450098,2.713392,-0.275149
9.449356,2.714819,-0.276801
9.448617,2.716239,-0.278445
9.447882,2.717649,-0.280082
9.447150,2.719052,-0.281712
9.446421,2.720446,-0.283335
9.445696,2.721831,-0.284952
9.444974,2.723208,-0.286561
9.444256,2.724577,-0.288164
9.443540,2.725938,-0.289759
9.442828,2.727291,-0.291348
9.442119,2.728636,-0.292930
9.441414,2.729972,-0.294506
9.440712,2.731301,-0.296074
9.440012,2.732622,-0.297636
9.439317,2.733934,-0.299191
9.438624,2.735239,-0.300739
9.437934,2.736537,-0.302280
9.437248,2.737826,-0.303815
9.436565,2.739108,-0.305343
9.435885,2.740382,-0.306864
9.435208,2.741649,-0.308379
9.434535,2.742908,-0.309887
9.433864,2.744159,-0.311389
9.433197,2.745404,-0.312884
9.432532,2.746640,-0.314372
9.431871,2.747870,-0.315854
9.431213,2.749092,-0.317329
9.430558,2.750307,-0.318798
9.429906,2.751514,-0.320261
9.429256,2.752715,-0.321716
9.428610,2.753908,-0.323166
9.427967,2.755095,-0.324609
9.427327,2.756274,-0.326046
9.426690,2.757446,-0.327476
9.426056,2.758612,-0.328900
9.425425,2.759770,-0.330317
9.424797,2.760922,-0.331729
9.424172,2.762067,-0.333134
9.423550,2.763205,-0.334532
9.422930,2.764336,-0.335925
9.422314,2.765461,-0.337311
9.421700,2.766579,-0.338691
9.421090,2.767691,-0.340065
9.420482,2.768796,-0.341433
9.419877,2.769894,-0.342794
9.419275,2.770986,-0.344150
9.418676,2.772072,-0.345499
9.418080,2.773151,-0.346842
9.417486,2.774224,-0.348180
9.416895,2.775290,-0.349511
9.416307,2.776350,-0.350836
9.415722,2.777404,-0.352155
9.415140,2.778452,-0.353468
9.414560,2.779494,-0.354775
9.413983,2.780529,-0.356077
9.413409,2.781559,-0.357372
9.412838,2.782582,-0.358661
9.412269,2.783600,-0.359945
9.411703,2.784611,-0.361223
9.411140,2.785617,-0.362495
9.410579,2.786616,-0.363761
9.410021,2.787610,-0.365021
9.409466,2.788598,-0.366276
9.408913,2.789581,-0.367524
9.408363,2.790557,-0.368767
9.407816,2.791528,-0.370005
9.407271,2.792493,-0.371237
9.406729,2.793452,-0.372463
9.406190,2.794406,-0.373683
9.405653,2.795355,-0.374898
9.405118,2.796297,-0.376107
9.404587,2.797235,-0.377311
9.404057,2.798167,-0.378509
9.403531,2.799093,-0.379701
9.403006,2.800014,-0.380888
9.402485,2.800930,-0.382070
9.401966,2.801840,-0.383246
9.401449,2.802745,-0.384416
9.400935,2.803645,-0.385582
9.400423,2.804539,-0.386741
9.399914,2.805429,-0.387896
9.399407,2.806313,-0.389045
9.398903,2.807192,-0.390189
9.398401,2.808066,-0.391327
9.397902,2.808935,-0.392460
9.397405,2.809799,-0.393588
9.396910,2.810657,-0.394710
9.396418,2.811511,-0.395827
9.395928,2.812360,-0.396939
9.395440,2.813204,-0.398046
9.394955,2.814043,-0.399148
9.394473,2.814878,-0.400244
9.393992,2.815707,-0.401336
9.393514,2.816532,-0.402422
9.393038,2.817352,-0.403503
9.392565,2.818167,-0.404579
9.392094,2.818977,-0.405650
9.391625,2.819783,-0.406716
9.391158,2.820584,-0.407777
9.390694,2.821381,-0.408833
9.390232,2.822172,-0.409884
9.389772,2.822960,-0.410930
9.389315,2.823743,-0.411971
9.388859,2.824521,-0.413007
9.388406,2.825295,-0.414038
9.387955,2.826064,-0.415065
9.387507,2.826829,-0.416086
9.387060,2.827589,-0.417103
9.386616,2.828346,-0.418115
9.386174,2.829097,-0.419122
9.385734,2.829845,-0.420124
9.385296,2.830588,-0.421122
9.384860,2.831327,-0.422114
9.384427,2.832062,-0.423103
9.383995,2.832792,-0.424086
9.383566,2.833519,-0.425065
9.383139,2.834241,-0.426039
9.382714,2.834959,-0.427008
9.382291,2.835672,-0.427973
9.381870,2.836382,-0.428933
9.381451,2.837088,-0.429888
9.381034,2.837790,-0.430839
9.380620,2.838487,-0.431786
9.380207,2.839181,-0.432728
9.379796,2.839871,-0.433665
9.379388,2.840557,-0.434598
9.378981,2.841238,-0.435527
9.378576,2.841916,-0.436451
9.378174,2.842590,-0.437370
9.377773,2.843261,-0.438285
9.377374,2.843927,-0.439196
9.376978,2.844590,-0.440102
9.376583,2.845249,-0.441004
9.376190,2.845904,-0.441902
9.375799,2.846555,-0.442795
9.375410,2.847203,-0.443684
9.375023,2.847847,-0.444569
9.374638,2.848487,-0.445450
9.374255,2.849124,-0.446326
9.373874,2.849757,-0.447198
9.373495,2.850386,-0.448066
9.373117,2.851012,-0.448930
9.372741,2.851634,-0.449789
9.372368,2.852253,-0.450644
9.371996,2.852868,-0.451495
9.371626,2.853480,-0.452343
9.371258,2.854088,-0.453185
9.370891,2.854693,-0.454024
9.370527,2.855294,-0.454859
9.370164,2.855892,-0.455690
9.369803,2.856487,-0.456517
9.369444,2.857078,-0.457339
9.369086,2.857666,-0.458158
9.368731,2.858251,-0.458973
9.368377,2.858832,-0.459783
9.368025,2.859410,-0.460590
9.367674,2.859985,-0.461393
9.367326,2.860556,-0.462192
9.366979,2.861124,-0.462987
9.366634,2.861689,-0.463778
9.366291,2.862251,-0.464566
9.365949,2.862810,-0.465349
9.365609,2.863365,-0.466129
9.365271,2.863917,-0.466905
9.364934,2.864467,-0.467677
9.364599,2.865013,-0.468445
9.364266,2.865556,-0.469210
9.363934,2.866096,-0.469971
9.363605,2.866633,-0.470728
9.363276,2.867167,-0.471481
9.362950,2.867698,-0.472231
9.362625,2.868225,-0.472977
9.362301,2.868750,-0.473720
9.361980,2.869272,-0.474458
9.361659,2.869791,-0.475193
9.361341,2.870308,-0.475925
9.361024,2.870821,-0.476653
9.360709,2.871331,-0.477377
9.360395,2.871839,-0.478098
9.360083,2.872343,-0.478815
9.359772,2.872845,-0.479529
9.359463,2.873344,-0.480239
9.359156,2.873840,-0.480946
9.358850,2.874334,-0.481649
9.358545,2.874824,-0.482349
9.358242,2.875312,-0.483045
9.357941,2.875797,-0.483738
9.357641,2.876280,-0.484428
9.357343,2.876759,-0.485114
9.357046,2.877237,-0.485797
9.356751,2.877711,-0.486476
9.356457,2.878183,-0.487152
9.356164,2.878652,-0.487825
9.355873,2.879118,-0.488494
9.355584,2.879582,-0.489160
9.355296,2.880043,-0.489823
9.355009,2.880502,-0.490482
9.354724,2.880958,-0.491138
9.354441,2.881411,-0.491791
9.354158,2.881863,-0.492441
9.353878,2.882311,-0.493087
9.353598,2.882757,-0.493731
9.353320,2.883201,-0.494371
9.353044,2.883642,-0.495008
9.352768,2.884080,-0.495642
9.352495,2.884516,-0.496272
9.352222,2.884950,-0.496900
9.351951,2.885381,-0.497524
9.351682,2.885810,-0.498145
9.351413,2.886237,-0.498764
9.351146,2.886661,-0.499379
9.350881,2.887082,-0.499991
9.350616,2.887502,-0.500600
9.350353,2.887919,-0.501206
9.350092,2.888334,-0.501809
9.349832,2.888746,-0.502409
9.349573,2.889156,-0.503006
9.349315,2.889564,-0.503600
9.349059,2.889970,-0.504191
9.348804,2.890373,-0.504779
9.348550,2.890774,-0.505364
9.348297,2.891173,-0.505946
9.348046,2.891570,-0.506526
9.347796,2.891964,-0.507102
9.347548,2.892356,-0.507676
9.347300,2.892747,-0.508247
9.347054,2.893134,-0.508814
9.346809,2.893520,-0.509379
9.346566,2.893904,-0.509942
9.346323,2.894285,-0.510501
9.346082,2.894665,-0.511058
9.345842,2.895042,-0.511612
9.345603,2.895417,-0.512163
9.345366,2.895790,-0.512711
9.345130,2.896162,-0.513256
9.344894,2.896531,-0.513799
9.344661,2.896898,-0.514339
9.344428,2.897262,-0.514877
9.344196,2.897625,-0.515412
9.343966,2.897986,-0.515944
9.343737,2.898345,-0.516473
9.343509,2.898702,-0.517000
9.343282,2.899057,-0.517524
9.343056,2.899410,-0.518045
9.342831,2.899761,-0.518564
9.342608,2.900110,-0.519080
9.342386,2.900458,-0.519594
9.342165,2.900803,-0.520105
9.341945,2.901146,-0.520613
9.341726,2.901488,-0.521119
9.341508,2.901827,-0.521623
9.341291,2.902165,-0.522124
9.341076,2.902501,-0.522622
9.340861,2.902835,-0.523118
9.340648,2.903167,-0.523611
9.340435,2.903497,-0.524102
9.340224,2.903826,-0.524590
9.340014,2.904153,-0.525076
9.339805,2.904477,-0.525560
9.339597,2.904801,-0.526041
9.339390,2.905122,-0.526519
9.339184,2.905442,-0.526996
9.338979,2.905759,-0.527470
9.338776,2.906075,-0.527941
9.338573,2.906390,-0.528410
9.338371,2.906702,-0.528877
9.338170,2.907013,-0.529341
9.337971,2.907322,-0.529803
9.337772,2.907630,-0.530263
9.337575,2.907936,-0.530720
9.337378,2.908240,-0.531175
9.337182,2.908542,-0.531628
9.336988,2.908843,-0.532078
9.336794,2.909142,-0.532526
9.336601,2.909440,-0.532972
9.336410,2.909736,-0.533416
9.336219,2.910030,-0.533857
9.336029,2.910322,-0.534296
9.335841,2.910613,-0.534733
9.335653,2.910903,-0.535168
9.335466,2.911191,-0.535601
9.335280,2.911477,-0.536031
9.335096,2.911762,-0.536459
9.334912,2.912045,-0.536885
9.334729,2.912326,-0.537309
9.334547,2.912606,-0.537731
9.334365,2.912885,-0.538150
9.334185,2.913162,-0.538568
9.334006,2.913437,-0.538983
9.333828,2.913711,-0.539396
9.333650,2.913984,-0.539807
9.333474,2.914255,-0.540216
9.333298,2.914524,-0.540623
9.333123,2.914792,-0.541028
9.332949,2.915059,-0.541431
9.332777,2.915324,-0.541832
9.332605,2.915588,-0.542231
9.332433,2.915850,-0.542627
9.332263,2.916111,-0.543022
9.332094,2.916370,-0.543415
9.331925,2.916628,-0.543806
9.331757,2.916885,-0.544194
9.331591,2.917140,-0.544581
9.331425,2.917393,-0.544966
9.331260,2.917646,-0.545349
9.331095,2.917897,-0.545730
9.330932,2.918146,-0.546109
9.330769,2.918395,-0.546486
9.330608,2.918642,-0.546861
9.330447,2.918887,-0.547234
9.330287,2.919131,-0.547605
9.330127,2.919374,-0.547975
9.329969,2.919616,-0.548342
9.329811,2.919856,-0.548708
9.329654,2.920095,-0.549072
9.329498,2.920333,-0.549434
9.329343,2.920569,-0.549794
9.329189,2.920804,-0.550152
9.329035,2.921038,-0.550508
9.328882,2.921270,-0.550863
9.328730,2.921502,-0.551216
9.328579,2.921732,-0.551567
9.328429,2.921960,-0.551916
9.328279,2.922188,-0.552263
9.328130,2.922414,-0.552609
9.327982,2.922639,-0.552953
9.327834,2.922863,-0.553295
9.327688,2.923086,-0.553636
9.327542,2.923307,-0.553974
9.327397,2.923527,-0.554311
9.327252,2.923746,-0.554646
9.327109,2.923964,-0.554980
9.326966,2.924180,-0.555312
9.326824,2.924396,-0.555642
9.326682,2.924610,-0.555970
9.326541,2.924823,-0.556297
9.326401,2.925035,-0.556622
9.326262,2.925246,-0.556946
9.326124,2.925456,-0.557267
9.325986,2.925664,-0.557587
9.325849,2.925872,-0.557906
9.325712,2.926078,-0.558223
9.325576,2.926283,-0.558538
9.325441,2.926487,-0.558852
9.325307,2.926690,-0.559164
9.325174,2.926892,-0.559474
9.325041,2.927093,-0.559783
9.324908,2.927292,-0.560090
9.324777,2.927491,-0.560396
9.324646,2.927688,-0.560700
9.324516,2.927885,-0.561002
9.324386,2.928080,-0.561303
9.324257,2.928274,-0.561603
9.324129,2.928468,-0.561901
9.324002,2.928660,-0.562197
9.323875,2.928851,-0.562492
9.323748,2.929041,-0.562786
9.323623,2.929230,-0.563077
9.323498,2.929418,-0.563368
9.323374,2.929605,-0.563657
9.323250,2.929792,-0.563944
9.323127,2.929977,-0.564230
9.323005,2.930161,-0.564514
9.322883,2.930344,-0.564797
9.322762,2.930526,-0.565079
9.322641,2.930707,-0.565359
9.322521,2.930887,-0.565638
9.322402,2.931066,-0.565915
9.322284,2.931244,-0.566191
9.322166,2.931421,-0.566465
9.322048,2.931598,-0.566738
9.321931,2.931773,-0.567010
9.321815,2.931947,-0.567280
9.321700,2.932121,-0.567549
9.321585,2.932293,-0.567816
9.321470,2.932465,-0.568082
9.321356,2.932635,-0.568347
9.321243,2.932805,-0.568610
9.321131,2.932974,-0.568872
9.321018,2.933142,-0.569133
9.320907,2.933309,-0.569392
9.320796,2.933475,-0.569650
9.320686,2.933640,-0.569907
9.320576,2.933804,-0.570162
9.320467,2.933968,-0.570416
9.320358,2.934130,-0.570669
9.320250,2.934292,-0.570920
9.320143,2.934453,-0.571170
9.320036,2.934613,-0.571419
9.319929,2.934772,-0.571667
9.319824,2.934930,-0.571913
9.319718,2.935087,-0.572158
9.319614,2.935244,-0.572402
9.319509,2.935399,-0.572644
9.319406,2.935554,-0.572885
9.319303,2.935708,-0.573125
9.319200,2.935861,-0.573364
9.319098,2.936014,-0.573602
9.318996,2.936165,-0.573838
9.318895,2.936316,-0.574073
9.318795,2.936466,-0.574307
9.318695,2.936615,-0.574539
9.318596,2.936763,-0.574771
9.318497,2.936910,-0.575001
9.318398,2.937057,-0.575230
9.318300,2.937203,-0.575458
9.318203,2.937348,-0.575685
9.318106,2.937492,-0.575910
9.318010,2.937636,-0.576135
9.317914,2.937779,-0.576358
9.317818,2.937921,-0.576580
9.317724,2.938062,-0.576801
9.317629,2.938203,-0.577021
9.317535,2.938342,-0.577240
9.317442,2.938481,-0.577457
9.317349,2.938620,-0.577674
9.317256,2.938757,-0.577889
9.317164,2.938894,-0.578103
9.317073,2.939030,-0.578316
9.316982,2.939165,-0.578528
9.316891,2.939300,-0.578739
9.316801,2.939434,-0.578949
9.316712,2.939567,-0.579157
9.316623,2.939699,-0.579365
9.316534,2.939831,-0.579572
9.316446,2.939962,-0.579777
9.316358,2.940092,-0.579982
9.316271,2.940222,-0.580185
9.316184,2.940351,-0.580387
9.316097,2.940479,-0.580589
9.316011,2.940607,-0.580789
9.315926,2.940733,-0.580988
9.315841,2.940860,-0.581186
9.315756,2.940985,-0.581383
9.315672,2.941110,-0.581580
9.315588,2.941234,-0.581775
9.315505,2.941358,-0.581969
9.315422,2.941480,-0.582162
9.315339,2.941603,-0.582354
9.315257,2.941724,-0.582545
9.315176,2.941845,-0.582735
9.315095,2.941965,-0.582925
9.315014,2.942085,-0.583113
9.314934,2.942204,-0.583300
9.314854,2.942322,-0.583486
9.314774,2.942440,-0.583671
9.314695,2.942557,-0.583856
9.314616,2.942673,-0.584039
9.314538,2.942789,-0.584222
9.314460,2.942904,-0.584403
9.314383,2.943019,-0.584584
9.314306,2.943133,-0.584763
9.314229,2.943246,-0.584942
9.314153,2.943359,-0.585120
9.314077,2.943471,-0.585296
9.314002,2.943582,-0.585472
9.313926,2.943693,-0.585647
9.313852,2.943804,-0.585821
9.313778,2.943913,-0.585995
9.313704,2.944022,-0.586167
9.313630,2.944131,-0.586338
9.313557,2.944239,-0.586509
9.313484,2.944346,-0.586678
9.313412,2.944453,-0.586847
9.313340,2.944560,-0.587015
9.313268,2.944665,-0.587182
9.313197,2.944770,-0.587348
9.313126,2.944875,-0.587513
9.313056,2.944979,-0.587678
9.312985,2.945083,-0.587841
9.312916,2.945185,-0.588004
9.312846,2.945288,-0.588166
9.312777,2.945390,-0.588327
9.312708,2.945491,-0.588487
9.312640,2.945592,-0.588647
9.312572,2.945692,-0.588805
9.312504,2.945791,-0.588963
9.312437,2.945891,-0.589120
9.312370,2.945989,-0.589276
9.312304,2.946087,-0.589431
9.312237,2.946185,-0.589586
9.312172,2.946282,-0.589739
9.312106,2.946378,-0.589892
9.312041,2.946474,-0.590044
9.311976,2.946570,-0.590196
9.311911,2.946665,-0.590346
9.311847,2.946759,-0.590496
9.311783,2.946853,-0.590645
9.311720,2.946947,-0.590793
9.311657,2.947040,-0.590940
9.311594,2.947132,-0.591087
9.311531,2.947224,-0.591233
9.311469,2.947316,-0.591378
9.311407,2.947407,-0.591522
9.311345,2.947497,-0.591666
9.311284,2.947587,-0.591809
9.311223,2.947677,-0.591951
9.311163,2.947766,-0.592093
9.311102,2.947854,-0.592233
9.311042,2.947943,-0.592373
9.310983,2.948030,-0.592512
9.310923,2.948117,-0.592651
9.310864,2.948204,-0.592789
9.310806,2.948290,-0.592926
9.310747,2.948376,-0.593062
9.310689,2.948462,-0.593198
9.310631,2.948547,-0.593333
9.310574,2.948631,-0.593467
9.310516,2.948715,-0.593600
9.310460,2.948799,-0.593733
9.310403,2.948882,-0.593865
9.310347,2.948964,-0.593997
9.310291,2.949047,-0.594128
9.310235,2.949128,-0.594258
9.310179,2.949210,-0.594387
9.310124,2.949291,-0.594516
9.310069,2.949371,-0.594644
9.310015,2.949451,-0.594771
9.309960,2.949531,-0.594898
9.309906,2.949610,-0.595024
9.309853,2.949689,-0.595150
9.309799,2.949767,-0.595275
9.309746,2.949845,-0.595399
9.309693,2.949923,-0.595522
9.309640,2.950000,-0.595645
9.309588,2.950076,-0.595767
9.309536,2.950153,-0.595889
9.309484,2.950229,-0.596010
9.309433,2.950304,-0.596130
9.309381,2.950379,-0.596250
9.309330,2.950454,-0.596369
9.309280,2.950528,-0.596487
9.309229,2.950602,-0.596605
9.309179,2.950676,-0.596722
9.309129,2.950749,-0.596839
9.309079,2.950822,-0.596955
9.309030,2.950894,-0.597070
9.308981,2.950966,-0.597185
9.308932,2.951037,-0.597299
9.308883,2.951109,-0.597413
9.308835,2.951179,-0.597526
9.308786,2.951250,-0.597638
9.308739,2.951320,-0.597750
9.308691,2.951390,-0.597862
9.308643,2.951459,-0.597972
9.308596,2.951528,-0.598082
9.308549,2.951597,-0.598192
9.308503,2.951665,-0.598301
9.308456,2.951733,-0.598409
9.308410,2.951800,-0.598517
9.308364,2.951867,-0.598624
9.308318,2.951934,-0.598731
9.308273,2.952001,-0.598837
9.308228,2.952067,-0.598943
9.308183,2.952132,-0.599048
9.308138,2.952198,-0.599152
9.308093,2.952263,-0.599256
9.308049,2.952328,-0.599360
9.308005,2.952392,-0.599463
9.307961,2.952456,-0.599565
9.307918,2.952520,-0.599667
9.307874,2.952583,-0.599768
9.307831,2.952646,-0.599869
9.307788,2.952709,-0.599969
9.307746,2.952771,-0.600069
9.307703,2.952833,-0.600168
9.307661,2.952895,-0.600267
9.307619,2.952956,-0.600365
9.307577,2.953017,-0.600463
9.307535,2.953078,-0.600560
9.307494,2.953138,-0.600656
9.307453,2.953198,-0.600752
9.307412,2.953258,-0.600848
9.307371,2.953317,-0.600943
9.307331,2.953376,-0.601038
9.307290,2.953435,-0.601132
9.307250,2.953494,-0.601226
9.307210,2.953552,-0.601319
9.307171,2.953610,-0.601411
9.307131,2.953667,-0.601504
9.307092,2.953724,-0.601595
9.307053,2.953781,-0.601687
9.307014,2.953838,-0.601777
9.306975,2.953894,-0.601868
9.306937,2.953950,-0.601958
9.306899,2.954006,-0.602047
9.306861,2.954062,-0.602136
9.306823,2.954117,-0.602224
9.306785,2.954172,-0.602312
9.306748,2.954226,-0.602400
9.306710,2.954280,-0.602487
9.306673,2.954334,-0.602573
9.306637,2.954388,-0.602659
9.306600,2.954442,-0.602745
9.306563,2.954495,-0.602830
9.306527,2.954548,-0.602915
9.306491,2.954600,-0.602999
9.306455,2.954653,-0.603083
9.306419,2.954705,-0.603167
9.306384,2.954756,-0.603250
9.306348,2.954808,-0.603333
9.306313,2.954859,-0.603415
9.306278,2.954910,-0.603496
9.306243,2.954961,-0.603578
9.306209,2.955011,-0.603659
9.306174,2.955061,-0.603739
9.306140,2.955111,-0.603819
9.306106,2.955161,-0.603899
9.306072,2.955210,-0.603978
9.306038,2.955259,-0.604057
9.306005,2.955308,-0.604135
9.305971,2.955356,-0.604213
9.305938,2.955405,-0.604291
9.305905,2.955453,-0.604368
9.305872,2.955501,-0.604445
9.305840,2.955548,-0.604521
9.305807,2.955595,-0.604597
9.305775,2.955642,-0.604673
9.305743,2.955689,-0.604748
9.305711,2.955736,-0.604823
9.305679,2.955782,-0.604897
9.305647,2.955828,-0.604971
9.305616,2.955874,-0.605045
9.305584,2.955919,-0.605118
9.305553,2.955965,-0.605191
9.305522,2.956010,-0.605263
9.305491,2.956055,-0.605336
9.305461,2.956099,-0.605407
9.305430,2.956144,-0.605479
9.305400,2.956188,-0.605550
9.305369,2.956232,-0.605620
9.305339,2.956275,-0.605690
9.305309,2.956319,-0.605760
9.305280,2.956362,-0.605830
9.305250,2.956405,-0.605899
9.305221,2.956448,-0.605968
9.305191,2.956490,-0.606036
9.305162,2.956533,-0.606104
9.305133,2.956575,-0.606172
9.305104,2.956617,-0.606239
9.305076,2.956658,-0.606306
9.305047,2.956700,-0.606373
9.305019,2.956741,-0.606439
9.304991,2.956782,-0.606505
9.304963,2.956823,-0.606571
9.304935,2.956863,-0.606636
9.304907,2.956903,-0.606701
9.304879,2.956944,-0.606766
9.304852,2.956983,-0.606830
9.304824,2.957023,-0.606894
9.304797,2.957063,-0.606958
9.304770,2.957102,-0.607021
9.304743,2.957141,-0.607084
9.304716,2.957180,-0.607146
9.304690,2.957218,-0.607209
9.304663,2.957257,-0.607271
9.304637,2.957295,-0.607332
9.304611,2.957333,-0.607393
9.304585,2.957371,-0.607454
9.304559,2.957409,-0.607515
9.304533,2.957446,-0.607575
9.304507,2.957483,-0.607635
9.304482,2.957520,-0.607695
9.304456,2.957557,-0.607755
9.304431,2.957594,-0.607814
9.304406,2.957630,-0.607872
9.304381,2.957667,-0.607931
9.304356,2.957703,-0.607989
9.304331,2.957739,-0.608047
9.304307,2.957774,-0.608105
9.304282,2.957810,-0.608162
9.304258,2.957845,-0.608219
9.304233,2.957880,-0.608275
9.304209,2.957915,-0.608332
9.304185,2.957950,-0.608388
9.304161,2.957985,-0.608444
9.304138,2.958019,-0.608499
9.304114,2.958053,-0.608554
9.304091,2.958087,-0.608609
9.304067,2.958121,-0.608664
9.304044,2.958155,-0.608718
9.304021,2.958189,-0.608772
9.303998,2.958222,-0.608826
9.303975,2.958255,-0.608880
9.303952,2.958288,-0.608933
9.303930,2.958321,-0.608986
9.303907,2.958353,-0.609038
9.303885,2.958386,-0.609091
9.303862,2.958418,-0.609143
9.303840,2.958450,-0.609195
9.303818,2.958482,-0.609246
9.303796,2.958514,-0.609298
9.303774,2.958546,-0.609349
9.303753,2.958577,-0.609399
9.303731,2.958608,-0.609450
9.303710,2.958639,-0.609500
9.303688,2.958670,-0.609550
9.303667,2.958701,-0.609600
9.303646,2.958732,-0.609649
9.303625,2.958762,-0.609698
9.303604,2.958793,-0.609747
9.303583,2.958823,-0.609796
9.303562,2.958853,-0.609844
9.303542,2.958883,-0.609893
9.303521,2.958912,-0.609941
9.303501,2.958942,-0.609988
9.303481,2.958971,-0.610036
9.303460,2.959000,-0.610083
9.303440,2.959029,-0.610130
9.303420,2.959058,-0.610176
9.303401,2.959087,-0.610223
9.303381,2.959116,-0.610269
9.303361,2.959144,-0.610315
9.303342,2.959172,-0.610361
9.303322,2.959200,-0.610406
9.303303,2.959228,-0.610451
9.303284,2.959256,-0.610496
9.303264,2.959284,-0.610541
9.303245,2.959312,-0.610586
9.303226,2.959339,-0.610630
9.303208,2.959366,-0.610674
9.303189,2.959393,-0.610718
9.303170,2.959420,-0.610761
9.303152,2.959447,-0.610805
9.303133,2.959474,-0.610848
9.303115,2.959500,-0.610891
9.303097,2.959527,-0.610934
9.303078,2.959553,-0.610976
9.303060,2.959579,-0.611018
9.303042,2.959605,-0.611060
9.303025,2.959631,-0.611102
9.303007,2.959657,-0.611144
9.302989,2.959682,-0.611185
9.302971,2.959708,-0.611226
9.302954,2.959733,-0.611267
9.302937,2.959758,-0.611308
9.302919,2.959783,-0.611348
9.302902,2.959808,-0.611389
9.302885,2.959833,-0.611429
9.302868,2.959858,-0.611469
9.302851,2.959882,-0.611508
9.302834,2.959907,-0.611548
9.302817,2.959931,-0.611587
9.302801,2.959955,-0.611626
9.302784,2.959979,-0.611665
9.302767,2.960003,-0.611704
9.302751,2.960027,-0.611742
9.302735,2.960050,-0.611780
9.302718,2.960074,-0.611818
9.302702,2.960097,-0.611856
9.302686,2.960120,-0.611894
9.302670,2.960144,-0.611931
9.302654,2.960167,-0.611969
9.302638,2.960190,-0.612006
9.302623,2.960212,-0.612042
9.302607,2.960235,-0.612079
9.302591,2.960258,-0.612116
9.302576,2.960280,-0.612152
9.302560,2.960302,-0.612188
9.302545,2.960324,-0.612224
9.302530,2.960346,-0.612260
9.302514,2.960368,-0.612295
9.302499,2.960390,-0.612330
9.302484,2.960412,-0.612366
9.302469,2.960434,-0.612401
9.302455,2.960455,-0.612435
9.302440,2.960476,-0.612470
9.302425,2.960498,-0.612504
9.302410,2.960519,-0.612539
9.302396,2.960540,-0.612573
9.302381,2.960561,-0.612607
9.302367,2.960582,-0.612640
9.302353,2.960602,-0.612674
9.302338,2.960623,-0.612707
9.302324,2.960643,-0.612740
9.302310,2.960664,-0.612773
9.302296,2.960684,-0.612806
9.302282,2.960704,-0.612839
9.302268,2.960724,-0.612871
9.302254,2.960744,-0.612904
9.302241,2.960764,-0.612936
9.302227,2.960784,-0.612968
9.302213,2.960804,-0.613000
9.302200,2.960823,-0.613031
9.302186,2.960843,-0.613063
9.302173,2.960862,-0.613094
9.302160,2.960881,-0.613125
9.302146,2.960900,-0.613156
9.302133,2.960919,-0.613187
9.302120,2.960938,-0.613218
9.302107,2.960957,-0.613248
9.302094,2.960976,-0.613279
9.302081,2.960994,-0.613309
9.302068,2.961013,-0.613339
9.302055,2.961031,-0.613369
9.302043,2.961050,-0.613399
9.302030,2.961068,-0.613428
9.302018,2.961086,-0.613458
9.302005,2.961104,-0.613487
9.301993,2.961122,-0.613516
9.301980,2.961140,-0.613545
9.301968,2.961158,-0.613574
9.301956,2.961175,-0.613602
9.301943,2.961193,-0.613631
9.301931,2.961211,-0.613659
9.301919,2.961228,-0.613687
9.301907,2.961245,-0.613715
9.301895,2.961262,-0.613743
9.301884,2.961280,-0.613771
9.301872,2.961297,-0.613799
9.301860,2.961314,-0.613826
9.301848,2.961330,-0.613854
9.301837,2.961347,-0.613881
9.301825,2.961364,-0.613908
9.301814,2.961380,-0.613935
9.301802,2.961397,-0.613961
9.301791,2.961413,-0.613988
9.301779,2.961430,-0.614015
9.301768,2.961446,-0.614041
9.301757,2.961462,-0.614067
9.301746,2.961478,-0.614093
9.301735,2.961494,-0.614119
9.301724,2.961510,-0.614145
9.301713,2.961526,-0.614171
9.301702,2.961542,-0.614196
9.301691,2.961557,-0.614221
9.301680,2.961573,-0.614247
9.301669,2.961588,-0.614272
9.301659,2.961604,-0.614297
9.301648,2.961619,-0.614322
9.301638,2.961634,-0.614346
9.301627,2.961650,-0.614371
9.301617,2.961665,-0.614396
9.301606,2.961680,-0.614420
9.301596,2.961695,-0.614444
9.301586,2.961709,-0.614468
9.301575,2.961724,-0.614492
9.301565,2.961739,-0.614516
9.301555,2.961754,-0.614540
9.301545,2.961768,-0.614563
9.301535,2.961783,-0.614587
9.301525,2.961797,-0.614610
9.301515,2.961811,-0.614633
9.301505,2.961825,-0.614656
9.301495,2.961840,-0.614679
9.301486,2.961854,-0.614702
9.301476,2.961868,-0.614725
9.301466,2.961882,-0.614748
9.301457,2.961896,-0.614770
9.301447,2.961909,-0.614792
9.301437,2.961923,-0.614815
9.301428,2.961937,-0.614837
9.301419,2.961950,-0.614859
9.301409,2.961964,-0.614881
9.301400,2.961977,-0.614903
9.301391,2.961991,-0.614924
9.301381,2.962004,-0.614946
9.301372,2.962017,-0.614967
9.301363,2.962030,-0.614989
9.301354,2.962043,-0.615010
9.301345,2.962056,-0.615031
9.301336,2.962069,-0.615052
9.301327,2.962082,-0.615073
9.301318,2.962095,-0.615094
9.301309,2.962108,-0.615114
9.301301,2.962120,-0.615135
9.301292,2.962133,-0.615156
9.301283,2.962146,-0.615176
9.301274,2.962158,-0.615196
9.301266,2.962170,-0.615216
9.301257,2.962183,-0.615236
9.301249,2.962195,-0.615256
9.301240,2.962207,-0.615276
9.301232,2.962219,-0.615296
9.301223,2.962232,-0.615315
9.301215,2.962244,-0.615335
9.301207,2.962256,-0.615354
9.301199,2.962267,-0.615374
9.301190,2.962279,-0.615393
9.301182,2.962291,-0.615412
9.301174,2.962303,-0.615431
9.301166,2.962314,-0.615450
9.301158,2.962326,-0.615469
9.301150,2.962338,-0.615488
9.301142,2.962349,-0.615506
9.301134,2.962360,-0.615525
9.301126,2.962372,-0.615543
9.301118,2.962383,-0.615561
9.301111,2.962394,-0.615580
9.301103,2.962405,-0.615598
9.301095,2.962417,-0.615616
9.301087,2.962428,-0.615634
9.301080,2.962439,-0.615652
9.301072,2.962450,-0.615669
9.301065,2.962460,-0.615687
9.301057,2.962471,-0.615705
9.301050,2.962482,-0.615722
9.301042,2.962493,-0.615740
9.301035,2.962503,-0.615757
9.301027,2.962514,-0.615774
9.301020,2.962525,-0.615791
9.301013,2.962535,-0.615808
9.301006,2.962545,-0.615825
9.300998,2.962556,-0.615842
9.300991,2.962566,-0.615859
9.300984,2.962576,-0.615875
9.300977,2.962587,-0.615892
9.300970,2.962597,-0.615909
9.300963,2.962607,-0.615925
9.300956,2.962617,-0.615941
9.300949,2.962627,-0.615958
9.300942,2.962637,-0.615974
9.300935,2.962647,-0.615990
9.300928,2.962657,-0.616006
9.300922,2.962666,-0.616022
9.300915,2.962676,-0.616037
9.300908,2.962686,-0.616053
9.300902,2.962695,-0.616069
9.300895,2.962705,-0.616084
9.300888,2.962715,-0.616100
9.300882,2.962724,-0.616115
9.300875,2.962733,-0.616131
9.300869,2.962743,-0.616146
9.300862,2.962752,-0.616161
9.300856,2.962762,-0.616176
9.300849,2.962771,-0.616191
9.300843,2.962780,-0.616206
9.300836,2.962789,-0.616221
9.300830,2.962798,-0.616236
9.300824,2.962807,-0.616250
9.300818,2.962816,-0.616265
9.300811,2.962825,-0.616280
9.300805,2.962834,-0.616294
9.300799,2.962843,-0.616309
9.300793,2.962852,-0.616323
9.300787,2.962861,-0.616337
9.300781,2.962869,-0.616351
9.300775,2.962878,-0.616365
9.300769,2.962887,-0.616379
9.300763,2.962895,-0.616393
9.300757,2.962904,-0.616407
9.300751,2.962912,-0.616421
9.300745,2.962921,-0.616435
9.300739,2.962929,-0.616448
9.300734,2.962937,-0.616462
9.300728,2.962946,-0.616475
9.300722,2.962954,-0.616489
9.300716,2.962962,-0.616502
9.300711,2.962970,-0.616516
9.300705,2.962978,-0.616529
9.300699,2.962987,-0.616542
9.300694,2.962995,-0.616555
9.300688,2.963003,-0.616568
9.300683,2.963011,-0.616581
9.300677,2.963019,-0.616594
9.300672,2.963026,-0.616607
9.300666,2.963034,-0.616620
9.300661,2.963042,-0.616632
9.300655,2.963050,-0.616645
9.300650,2.963058,-0.616657
9.300645,2.963065,-0.616670
9.300639,2.963073,-0.616682
9.300634,2.963080,-0.616695
9.300629,2.963088,-0.616707
9.300624,2.963096,-0.616719
9.300618,2.963103,-0.616731
9.300613,2.963111,-0.616743
9.300608,2.963118,-0.616755
9.300603,2.963125,-0.616767
9.300598,2.963133,-0.616779
9.300593,2.963140,-0.616791
9.300588,2.963147,-0.616803
9.300583,2.963154,-0.616815
9.300578,2.963162,-0.616826
9.300573,2.963169,-0.616838
9.300568,2.963176,-0.616850
9.300563,2.963183,-0.616861
9.300558,2.963190,-0.616872
9.300553,2.963197,-0.616884
9.300548,2.963204,-0.616895
9.300544,2.963211,-0.616906
9.300539,2.963218,-0.616918
9.300534,2.963224,-0.616929
9.300529,2.963231,-0.616940
9.300525,2.963238,-0.616951
9.300520,2.963245,-0.616962
9.300515,2.963251,-0.616973
9.300511,2.963258,-0.616983
9.300506,2.963265,-0.616994
9.300502,2.963271,-0.617005
9.300497,2.963278,-0.617016
9.300492,2.963284,-0.617026
9.300488,2.963291,-0.617037
9.300483,2.963297,-0.617047
9.300479,2.963304,-0.617058
9.300475,2.963310,-0.617068
9.300470,2.963317,-0.617078
9.300466,2.963323,-0.617089
9.300461,2.963329,-0.617099
9.300457,2.963335,-0.617109
9.300453,2.963342,-0.617119
9.300448,2.963348,-0.617129
9.300444,2.963354,-0.617139
9.300440,2.963360,-0.617149
9.300436,2.963366,-0.617159
9.300431,2.963372,-0.617169
9.300427,2.963378,-0.617179
9.300423,2.963384,-0.617189
9.300419,2.963390,-0.617198
9.300415,2.963396,-0.617208
9.300411,2.963402,-0.617218
9.300407,2.963408,-0.617227
9.300403,2.963414,-0.617237
9.300399,2.963420,-0.617246
9.300395,2.963425,-0.617255
9.300391,2.963431,-0.617265
9.300387,2.963437,-0.617274
9.300383,2.963443,-0.617283
9.300379,2.963448,-0.617293
9.300375,2.963454,-0.617302
9.300371,2.963459,-0.617311
9.300367,2.963465,-0.617320
9.300363,2.963471,-0.617329
9.300359,2.963476,-0.617338
9.300355,2.963482,-0.617347
9.300352,2.963487,-0.617356
9.300348,2.963492,-0.617364
9.300344,2.963498,-0.617373
9.300340,2.963503,-0.617382
9.300337,2.963509,-0.617391
9.300333,2.963514,-0.617399
9.300329,2.963519,-0.617408
9.300326,2.963524,-0.617416
9.300322,2.963530,-0.617425
9.300318,2.963535,-0.617433
9.300315,2.963540,-0.617442
9.300311,2.963545,-0.617450
9.300308,2.963550,-0.617459
9.300304,2.963555,-0.617467
9.300301,2.963560,-0.617475
9.300297,2.963565,-0.617483
9.300294,2.963570,-0.617491
9.300290,2.963575,-0.617500
9.300287,2.963580,-0.617508
9.300283,2.963585,-0.617516
9.300280,2.963590,-0.617524
9.300277,2.963595,-0.617532
9.300273,2.963600,-0.617539
9.300270,2.963605,-0.617547
9.300266,2.963610,-0.617555
9.300263,2.963614,-0.617563
9.300260,2.963619,-0.617571
9.300257,2.963624,-0.617578
9.300253,2.963629,-0.617586
9.300250,2.963633,-0.617594
9.300247,2.963638,-0.617601
9.300244,2.963643,-0.617609
9.300240,2.963647,-0.617616
9.300237,2.963652,-0.617624
9.300234,2.963656,-0.617631
9.300231,2.963661,-0.617639
9.300228,2.963665,-0.617646
9.300225,2.963670,-0.617653
9.300221,2.963674,-0.617660
9.300218,2.963679,-0.617668
9.300215,2.963683,-0.617675
9.300212,2.963688,-0.617682
9.300209,2.963692,-0.617689
9.300206,2.963696,-0.617696
9.300203,2.963701,-0.617703
9.300200,2.963705,-0.617710
9.300197,2.963709,-0.617717
9.300194,2.963713,-0.617724
9.300191,2.963718,-0.617731
9.300188,2.963722,-0.617738
9.300185,2.963726,-0.617745
9.300183,2.963730,-0.617751
9.300180,2.963734,-0.617758
9.300177,2.963739,-0.617765
9.300174,2.963743,-0.617772
9.300171,2.963747,-0.617778
9.300168,2.963751,-0.617785
9.300165,2.963755,-0.617791
9.300163,2.963759,-0.617798
9.300160,2.963763,-0.617804
9.300157,2.963767,-0.617811
9.300154,2.963771,-0.617817
9.300152,2.963775,-0.617824
9.300149,2.963779,-0.617830
9.300146,2.963783,-0.617837
9.300144,2.963786,-0.617843
9.300141,2.963790,-0.617849
9.300138,2.963794,-0.617855
9.300136,2.963798,-0.617862
9.300133,2.963802,-0.617868
9.300130,2.963805,-0.617874
9.300128,2.963809,-0.617880
9.300125,2.963813,-0.617886
9.300123,2.963817,-0.617892
9.300120,2.963820,-0.617898
9.300117,2.963824,-0.617904
9.300115,2.963828,-0.617910
9.300112,2.963831,-0.617916
9.300110,2.963835,-0.617922
9.300107,2.963839,-0.617928
9.300105,2.963842,-0.617933
9.300102,2.963846,-0.617939
9.300100,2.963849,-0.617945
9.300097,2.963853,-0.617951
9.300095,2.963856,-0.617956
9.300093,2.963860,-0.617962
9.300090,2.963863,-0.617968
9.300088,2.963867,-0.617973
9.300085,2.963870,-0.617979
9.300083,2.963873,-0.617985
9.300081,2.963877,-0.617990
9.300078,2.963880,-0.617996
9.300076,2.963884,-0.618001
9.300074,2.963887,-0.618006
9.300071,2.963890,-0.618012
9.300069,2.963894,-0.618017
9.300067,2.963897,-0.618023
9.300064,2.963900,-0.618028
9.300062,2.963903,-0.618033
9.300060,2.963907,-0.618039
9.300058,2.963910,-0.618044
9.300055,2.963913,-0.618049
9.300053,2.963916,-0.618054
9.300051,2.963919,-0.618059
9.300049,2.963923,-0.618064
9.300047,2.963926,-0.618070
9.300044,2.963929,-0.618075
9.300042,2.963932,-0.618080
9.300040,2.963935,-0.618085
9.300038,2.963938,-0.618090
9.300036,2.963941,-0.618095
9.300034,2.963944,-0.618100
9.300032,2.963947,-0.618105
9.300030,2.963950,-0.618109
9.300028,2.963953,-0.618114
9.300025,2.963956,-0.618119
9.300023,2.963959,-0.618124
9.300021,2.963962,-0.618129
9.300019,2.963965,-0.618134
9.300017,2.963968,-0.618138
9.300015,2.963971,-0.618143
9.300013,2.963974,-0.618148
9.300011,2.963977,-0.618152
9.300009,2.963979,-0.618157
9.300007,2.963982,-0.618162
9.300005,2.963985,-0.618166
9.300003,2.963988,-0.618171
9.300001,2.963991,-0.618175
9.300000,2.963994,-0.618180
9.299998,2.963996,-0.618184
9.299996,2.963999,-0.618189
9.299994,2.964002,-0.618193
9.299992,2.964004,-0.618198
9.299990,2.964007,-0.618202
9.299988,2.964010,-0.618207
9.299986,2.964013,-0.618211
9.299984,2.964015,-0.618215
9.299983,2.964018,-0.618220
9.299981,2.964021,-0.618224
9.299979,2.964023,-0.618228
9.299977,2.964026,-0.618232
9.299975,2.964028,-0.618237
9.299973,2.964031,-0.618241
9.299972,2.964034,-0.618245
9.299970,2.964036,-0.618249
9.299968,2.964039,-0.618253
9.299966,2.964041,-0.618257
9.299965,2.964044,-0.618262
9.299963,2.964046,-0.618266
9.299961,2.964049,-0.618270
9.299959,2.964051,-0.618274
9.299958,2.964054,-0.618278
9.299956,2.964056,-0.618282
9.299954,2.964058,-0.618286
9.299953,2.964061,-0.618290
9.299951,2.964063,-0.618294
9.299949,2.964066,-0.618297
9.299948,2.964068,-0.618301
9.299946,2.964070,-0.618305
9.299944,2.964073,-0.618309
9.299943,2.964075,-0.618313
9.299941,2.964077,-0.618317
9.299939,2.964080,-0.618320
9.299938,2.964082,-0.618324
9.299936,2.964084,-0.618328
9.299935,2.964087,-0.618332
9.299933,2.964089,-0.618335
9.299932,2.964091,-0.618339
9.299930,2.964094,-0.618343
9.299928,2.964096,-0.618346
9.299927,2.964098,-0.618350
9.299925,2.964100,-0.618354
9.299924,2.964102,-0.618357
9.299922,2.964105,-0.618361
9.299921,2.964107,-0.618364
9.299919,2.964109,-0.618368
9.299918,2.964111,-0.618371
9.299916,2.964113,-0.618375
9.299915,2.964115,-0.618378
9.299913,2.964118,-0.618382
9.299912,2.964120,-0.618385
9.299910,2.964122,-0.618389
9.299909,2.964124,-0.618392
9.299907,2.964126,-0.618395
9.299906,2.964128,-0.618399
9.299905,2.964130,-0.618402
9.299903,2.964132,-0.618406
9.299902,2.964134,-0.618409
9.299900,2.964136,-0.618412
9.299899,2.964138,-0.618415
9.299898,2.964140,-0.618419
9.299896,2.964142,-0.618422
9.299895,2.964144,-0.618425
9.299893,2.964146,-0.618428
9.299892,2.964148,-0.618432
9.299891,2.964150,-0.618435
9.299889,2.964152,-0.618438
9.299888,2.964154,-0.618441
9.299887,2.964156,-0.618444
9.299885,2.964158,-0.618447
9.299884,2.964160,-0.618450
9.299883,2.964162,-0.618454
9.299881,2.964163,-0.618457
9.299880,2.964165,-0.618460
9.299879,2.964167,-0.618463
9.299877,2.964169,-0.618466
9.299876,2.964171,-0.618469
9.299875,2.964173,-0.618472
9.299874,2.964175,-0.618475
9.299872,2.964176,-0.618478
9.299871,2.964178,-0.618481
9.299870,2.964180,-0.618483
9.299869,2.964182,-0.618486
9.299867,2.964183,-0.618489
9.299866,2.964185,-0.618492
9.299865,2.964187,-0.618495
9.299864,2.964189,-0.618498
9.299863,2.964191,-0.618501
9.299861,2.964192,-0.618503
9.299860,2.964194,-0.618506
9.299859,2.964196,-0.618509
9.299858,2.964197,-0.618512
9.299857,2.964199,-0.618515
9.299855,2.964201,-0.618517
9.299854,2.964202,-0.618520
9.299853,2.964204,-0.618523
9.299852,2.964206,-0.618526
9.299851,2.964207,-0.618528
9.299850,2.964209,-0.618531
9.299848,2.964211,-0.618534
9.299847,2.964212,-0.618536
9.299846,2.964214,-0.618539
9.299845,2.964216,-0.618541
9.299844,2.964217,-0.618544
9.299843,2.964219,-0.618547
9.299842,2.964220,-0.618549
9.299841,2.964222,-0.618552
9.299840,2.964223,-0.618554
9.299839,2.964225,-0.618557
9.299837,2.964227,-0.618559
9.299836,2.964228,-0.618562
9.299835,2.964230,-0.618564
9.299834,2.964231,-0.618567
9.299833,2.964233,-0.618569
9.299832,2.964234,-0.618572
9.299831,2.964236,-0.618574
9.299830,2.964237,-0.618577
9.299829,2.964239,-0.618579
9.299828,2.964240,-0.618582
9.299827,2.964242,-0.618584
9.299826,2.964243,-0.618586
9.299825,2.964245,-0.618589
9.299824,2.964246,-0.618591
9.299823,2.964247,-0.618593
9.299822,2.964249,-0.618596
9.299821,2.964250,-0.618598
9.299820,2.964252,-0.618600
9.299819,2.964253,-0.618603
9.299818,2.964254,-0.618605
9.299817,2.964256,-0.618607
9.299816,2.964257,-0.618609
9.299815,2.964259,-0.618612
9.299814,2.964260,-0.618614
9.299813,2.964261,-0.618616
9.299812,2.964263,-0.618618
9.299811,2.964264,-0.618621
9.299810,2.964265,-0.618623
9.299809,2.964267,-0.618625
9.299809,2.964268,-0.618627
9.299808,2.964269,-0.618629
9.299807,2.964271,-0.618631
9.299806,2.964272,-0.618634
9.299805,2.964273,-0.618636
9.299804,2.964275,-0.618638
9.299803,2.964276,-0.618640
9.299802,2.964277,-0.618642
9.299801,2.964279,-0.618644
9.299800,2.964280,-0.618646
9.299800,2.964281,-0.618648
9.299799,2.964282,-0.618650
9.299798,2.964284,-0.618652
9.299797,2.964285,-0.618654
9.299796,2.964286,-0.618656
9.299795,2.964287,-0.618658
9.299794,2.964288,-0.618660
9.299793,2.964290,-0.618662
9.299793,2.964291,-0.618664
9.299792,2.964292,-0.618666
9.299791,2.964293,-0.618668
9.299790,2.964294,-0.618670
9.299789,2.964296,-0.618672
9.299789,2.964297,-0.618674
9.299788,2.964298,-0.618676
9.299787,2.964299,-0.618678
9.299786,2.964300,-0.618680
9.299785,2.964301,-0.618681
9.299784,2.964303,-0.618683
9.299784,2.964304,-0.618685
9.299783,2.964305,-0.618687
9.299782,2.964306,-0.618689
9.299781,2.964307,-0.618691
9.299781,2.964308,-0.618693
9.299780,2.964309,-0.618694
9.299779,2.964311,-0.618696
9.299778,2.964312,-0.618698
9.299777,2.964313,-0.618700
9.299777,2.964314,-0.618701
9.299776,2.964315,-0.618703
9.299775,2.964316,-0.618705
9.299774,2.964317,-0.618707
9.299774,2.964318,-0.618708
9.299773,2.964319,-0.618710
9.299772,2.964320,-0.618712
9.299772,2.964321,-0.618714
9.299771,2.964322,-0.618715
9.299770,2.964323,-0.618717
9.299769,2.964324,-0.618719
9.299769,2.964325,-0.618720
9.299768,2.964326,-0.618722
9.299767,2.964327,-0.618724
9.299767,2.964328,-0.618725
9.299766,2.964329,-0.618727
9.299765,2.964330,-0.618729
9.299764,2.964331,-0.618730
9.299764,2.964332,-0.618732
9.299763,2.964333,-0.618733
9.299762,2.964334,-0.618735
9.299762,2.964335,-0.618737
9.299761,2.964336,-0.618738
9.299760,2.964337,-0.618740
9.299760,2.964338,-0.618741
9.299759,2.964339,-0.618743
9.299758,2.964340,-0.618744
9.333930,2.981398,-0.592582
9.364446,2.997553,-0.569573
9.391632,3.012910,-0.549429
9.415831,3.027551,-0.531854
9.437347,3.041546,-0.516583
9.456453,3.054960,-0.503382
9.473394,3.067851,-0.492041
9.488388,3.080270,-0.482373
9.501632,3.092262,-0.474210
9.513300,3.103870,-0.467402
9.523551,3.115131,-0.461815
9.532525,3.126078,-0.457328
9.540351,3.136741,-0.453833
9.547140,3.147147,-0.451233
9.552997,3.157320,-0.449442
9.558013,3.167283,-0.448380
9.562272,3.177054,-0.447979
9.565846,3.186652,-0.448173
9.568804,3.196092,-0.448907
9.571206,3.205388,-0.450130
9.573105,3.214554,-0.451795
9.574551,3.223600,-0.453861
9.575588,3.232538,-0.456290
9.576255,3.241377,-0.459049
9.576588,3.250124,-0.462108
9.576619,3.258789,-0.465439
9.576377,3.267377,-0.469017
9.575888,3.275895,-0.472821
9.575175,3.284348,-0.476831
9.574259,3.292741,-0.481027
9.573160,3.301079,-0.485395
9.571894,3.309366,-0.489919
9.570478,3.317605,-0.494587
9.568924,3.325801,-0.499385
9.567247,3.333954,-0.504305
9.565456,3.342069,-0.509335
9.563562,3.350148,-0.514467
9.561574,3.358193,-0.519693
9.559501,3.366205,-0.525006
9.557350,3.374187,-0.530400
9.555128,3.382140,-0.535869
9.552841,3.390065,-0.541407
9.550493,3.397965,-0.547009
9.548091,3.405839,-0.552673
9.545639,3.413689,-0.558393
9.543140,3.421516,-0.564166
9.540598,3.429320,-0.569989
9.538017,3.437103,-0.575859
9.535400,3.444865,-0.581774
9.532748,3.452606,-0.587731
9.530065,3.460327,-0.593728
9.527352,3.468029,-0.599763
9.524612,3.475712,-0.605835
9.521847,3.483377,-0.611942
9.519057,3.491023,-0.618083
9.516244,3.498651,-0.624255
9.513410,3.506261,-0.630459
9.510555,3.513854,-0.636694
9.507682,3.521430,-0.642957
9.504790,3.528988,-0.649249
9.501880,3.536529,-0.655568
9.498954,3.544054,-0.661914
9.496011,3.551562,-0.668287
9.493054,3.559053,-0.674685
9.490081,3.566527,-0.681108
9.487094,3.573985,-0.687556
9.484093,3.581427,-0.694028
9.481079,3.588852,-0.700524
9.478052,3.596261,-0.707043
9.475011,3.603654,-0.713586
9.471958,3.611030,-0.720151
9.468894,3.618391,-0.726739
9.465817,3.625734,-0.733349
9.462728,3.633062,-0.739981
9.459628,3.640373,-0.746636
9.456516,3.647669,-0.753311
9.453393,3.654948,-0.760009
9.450259,3.662210,-0.766727
9.447114,3.669456,-0.773467
9.443958,3.676687,-0.780228
9.440792,3.683900,-0.787010
9.437615,3.691098,-0.793813
9.434427,3.698279,-0.800636
9.431229,3.705443,-0.807480
9.428021,3.712591,-0.814344
9.424802,3.719723,-0.821228
9.421573,3.726838,-0.828133
9.418334,3.733937,-0.835058
9.415085,3.741019,-0.842003
9.411825,3.748084,-0.848969
9.408556,3.755133,-0.855954
9.405276,3.762165,-0.862959
9.401987,3.769180,-0.869984
9.398687,3.776179,-0.877028
9.395378,3.783161,-0.884093
9.392058,3.790126,-0.891177
9.388729,3.797074,-0.898280
9.385390,3.804005,-0.905403
9.382041,3.810919,-0.912546
9.378682,3.817816,-0.919708
9.375313,3.824696,-0.926889
9.371934,3.831559,-0.934090
9.368546,3.838405,-0.941309
9.365148,3.845233,-0.948548
9.361740,3.852044,-0.955807
9.358322,3.858839,-0.963084
9.354895,3.865615,-0.970380
9.351458,3.872375,-0.977696
9.348011,3.879117,-0.985030
9.344554,3.885841,-0.992383
9.341088,3.892548,-0.999756
9.337612,3.899238,-1.007147
9.334126,3.905909,-1.014556
9.330630,3.912564,-1.021985
9.327125,3.919200,-1.029432
9.323610,3.925819,-1.036898
9.320086,3.932420,-1.044383
9.316551,3.939003,-1.051886
9.313007,3.945569,-1.059407
9.309453,3.952116,-1.066947
9.305890,3.958646,-1.074506
9.302317,3.965157,-1.082083
9.298734,3.971651,-1.089678
9.295142,3.978126,-1.097292
9.291540,3.984584,-1.104923
9.287928,3.991023,-1.112574
9.284307,3.997444,-1.120242
9.280676,4.003846,-1.127928
9.277035,4.010231,-1.135632
9.273385,4.016597,-1.143355
9.269725,4.022945,-1.151095
9.266055,4.029274,-1.158854
9.262376,4.035585,-1.166630
9.258687,4.041877,-1.174424
9.254989,4.048151,-1.182236
9.251280,4.054406,-1.190066
9.247563,4.060642,-1.197913
9.243835,4.066860,-1.205778
9.240098,4.073059,-1.213661
9.236352,4.079240,-1.221562
9.232596,4.085401,-1.229479
9.228830,4.091544,-1.237415
9.225054,4.097668,-1.245368
9.221269,4.103773,-1.253338
9.217475,4.109859,-1.261326
9.213670,4.115925,-1.269331
9.209856,4.121973,-1.277353
9.206033,4.128002,-1.285392
9.202200,4.134012,-1.293449
9.198357,4.140002,-1.301523
9.194505,4.145973,-1.309614
9.190643,4.151925,-1.317722
9.186772,4.157858,-1.325847
9.182891,4.163771,-1.333989
9.179001,4.169665,-1.342148
9.175100,4.175539,-1.350323
9.171191,4.181394,-1.358516
9.167272,4.187230,-1.366725
9.163343,4.193045,-1.374951
9.159405,4.198842,-1.383194
9.155457,4.204618,-1.391454
9.151499,4.210375,-1.399730
9.147532,4.216113,-1.408022
9.143556,4.221830,-1.416331
9.139570,4.227528,-1.424656
9.135574,4.233206,-1.432998
9.131569,4.238864,-1.441357
9.127554,4.244502,-1.449731
9.123530,4.250120,-1.458122
9.119496,4.255718,-1.466529
9.115453,4.261296,-1.474952
9.111400,4.266855,-1.483391
9.107338,4.272392,-1.491847
9.103266,4.277910,-1.500318
9.099184,4.283408,-1.508805
9.095094,4.288885,-1.517309
9.090993,4.294343,-1.525828
9.086883,4.299779,-1.534363
9.082764,4.305196,-1.542913
9.078635,4.310592,-1.551480
9.074497,4.315968,-1.560062
9.070349,4.321323,-1.568660
9.066191,4.326658,-1.577273
9.062024,4.331972,-1.585902
9.057848,4.337266,-1.594547
9.053662,4.342539,-1.603207
9.049467,4.347791,-1.611882
9.045262,4.353023,-1.620573
9.041048,4.358234,-1.629279
9.036824,4.363425,-1.638000
9.032591,4.368594,-1.646736
9.028349,4.373743,-1.655488
9.024097,4.378871,-1.664254
9.019835,4.383978,-1.673036
9.015564,4.389064,-1.681833
9.011284,4.394129,-1.690644
9.006994,4.399173,-1.699471
9.002694,4.404196,-1.708312
8.998386,4.409197,-1.717168
8.994068,4.414178,-1.726039
8.989740,4.419138,-1.734925
8.985403,4.424076,-1.743825
8.981056,4.428994,-1.752740
8.976701,4.433890,-1.761669
8.972335,4.438764,-1.770613
8.967961,4.443618,-1.779572
8.963576,4.448450,-1.788545
8.959183,4.453260,-1.797532
8.954780,4.458049,-1.806533
8.950368,4.462817,-1.815549
8.945946,4.467563,-1.824579
8.941515,4.472288,-1.833623
8.937074,4.476991,-1.842681
8.932625,4.481672,-1.851753
8.928165,4.486332,-1.860839
8.923697,4.490970,-1.869939
8.919219,4.495587,-1.879053
8.914731,4.500182,-1.888181
8.910235,4.504755,-1.897323
8.905728,4.509306,-1.906478
8.901213,4.513835,-1.915647
8.896688,4.518342,-1.924830
8.892154,4.522828,-1.934026
8.887610,4.527292,-1.943236
8.883058,4.531733,-1.952459
8.878495,4.536153,-1.961696
8.873924,4.540550,-1.970946
8.869343,4.544926,-1.980209
8.864753,4.549279,-1.989486
8.860153,4.553611,-1.998775
8.855544,4.557920,-2.008078
8.850926,4.562207,-2.017395
8.846299,4.566471,-2.026724
8.841662,4.570714,-2.036066
8.837016,4.574934,-2.045421
8.832360,4.579132,-2.054789
8.827696,4.583307,-2.064170
8.823022,4.587460,-2.073564
8.818338,4.591591,-2.082970
8.813646,4.595699,-2.092389
8.808944,4.599785,-2.101821
8.804233,4.603848,-2.111265
8.799512,4.607888,-2.120722
8.794783,4.611906,-2.130191
8.790044,4.615902,-2.139673
8.785295,4.619875,-2.149167
8.780538,4.623825,-2.158673
8.775771,4.627752,-2.168192
8.770995,4.631657,-2.177723
8.766210,4.635539,-2.187266
8.761415,4.639398,-2.196821
8.756612,4.643235,-2.206388
8.751799,4.647048,-2.215968
8.746977,4.650839,-2.225559
8.742145,4.654607,-2.235162
8.737304,4.658352,-2.244776
8.732455,4.662074,-2.254403
8.727596,4.665772,-2.264041
8.722727,4.669448,-2.273691
8.717850,4.673101,-2.283353
8.712963,4.676731,-2.293026
8.708067,4.680338,-2.302711
8.703162,4.683921,-2.312407
8.698248,4.687482,-2.322114
8.693324,4.691019,-2.331833
8.688391,4.694533,-2.341563
8.683450,4.698024,-2.351304
8.678499,4.701491,-2.361057
8.673538,4.704935,-2.370821
8.668569,4.708356,-2.380595
8.663591,4.711754,-2.390381
8.658603,4.715128,-2.400177
8.653606,4.718479,-2.409985
8.648600,4.721806,-2.419803
8.643585,4.725110,-2.429633
8.638561,4.728390,-2.439472
8.633527,4.731647,-2.449323
8.628485,4.734880,-2.459184
8.623433,4.738090,-2.469056
8.618372,4.741276,-2.478938
8.613302,4.744439,-2.488831
8.608223,4.747578,-2.498734
8.603135,4.750693,-2.508647
8.598038,4.753785,-2.518571
8.592932,4.756853,-2.528505
8.587816,4.759897,-2.538449
8.582692,4.762917,-2.548403
8.577558,4.765914,-2.558368
8.572415,4.768887,-2.568342
8.567263,4.771836,-2.578326
8.562103,4.774761,-2.588320
8.556933,4.777662,-2.598324
8.551754,4.780539,-2.608338
8.546566,4.783393,-2.618361
8.541368,4.786222,-2.628395
8.536162,4.789027,-2.638437
8.530947,4.791809,-2.648490
8.525723,4.794566,-2.658551
8.520489,4.797300,-2.668623
8.515247,4.800009,-2.678703
8.509996,4.802694,-2.688793
8.504735,4.805355,-2.698892
8.499466,4.807992,-2.709001
8.494188,4.810605,-2.719118
8.488900,4.813193,-2.729245
8.483604,4.815757,-2.739381
8.478298,4.818297,-2.749525
8.472984,4.820813,-2.759679
8.467660,4.823305,-2.769841
8.462328,4.825772,-2.780012
8.456987,4.828215,-2.790192
8.451636,4.830634,-2.800381
8.446277,4.833028,-2.810578
8.440908,4.835398,-2.820784
8.435531,4.837743,-2.830999
8.430145,4.840064,-2.841222
8.424750,4.842361,-2.851453
8.419346,4.844633,-2.861693
8.413932,4.846880,-2.871940
8.408510,4.849103,-2.882197
8.403079,4.851302,-2.892461
8.397640,4.853476,-2.902733
8.392191,4.855625,-2.913014
8.386733,4.857750,-2.923302
8.381266,4.859850,-2.933599
8.375791,4.861926,-2.943903
8.370306,4.863977,-2.954215
8.364813,4.866003,-2.964535
8.359311,4.868004,-2.974863
8.353799,4.869981,-2.985198
8.348279,4.871933,-2.995541
8.342750,4.873861,-3.005891
8.337213,4.875763,-3.016249
8.331666,4.877641,-3.026614
8.326110,4.879494,-3.036987
8.320546,4.881322,-3.047367
8.314973,4.883126,-3.057754
8.309391,4.884904,-3.068149
8.303800,4.886658,-3.078550
8.298200,4.888386,-3.088959
8.292591,4.890090,-3.099374
8.286974,4.891769,-3.109797
8.281347,4.893423,-3.120226
8.275712,4.895052,-3.130662
8.270068,4.896656,-3.141105
8.264416,4.898235,-3.151555
8.258754,4.899789,-3.162011
8.253084,4.901318,-3.172474
8.247404,4.902821,-3.182943
8.241717,4.904300,-3.193419
8.236020,4.905754,-3.203902
8.230314,4.907183,-3.214390
8.224600,4.908586,-3.224885
8.218877,4.909965,-3.235386
8.213145,4.911318,-3.245894
8.207405,4.912646,-3.256407
8.201655,4.913949,-3.266927
8.195897,4.915226,-3.277452
8.190130,4.916479,-3.287984
8.184355,4.917706,-3.298521
8.178571,4.918908,-3.309064
8.172778,4.920085,-3.319613
8.166976,4.921237,-3.330168
8.161165,4.922363,-3.340728
8.155346,4.923464,-3.351294
8.149518,4.924539,-3.361866
8.143682,4.925590,-3.372442
8.137836,4.926615,-3.383025
8.131983,4.927614,-3.393612
8.126120,4.928589,-3.404205
8.120249,4.929537,-3.414803
8.114369,4.930461,-3.425406
8.108480,4.931359,-3.436015
8.102583,4.932232,-3.446628
8.096677,4.933079,-3.457246
8.090762,4.933901,-3.467870
8.084839,4.934697,-3.478498
8.078907,4.935468,-3.489131
8.072966,4.936213,-3.499768
8.067017,4.936933,-3.510411
8.061059,4.937628,-3.521058
8.055093,4.938297,-3.531709
8.049118,4.938940,-3.542365
8.043134,4.939558,-3.553026
8.037142,4.940150,-3.563691
8.031141,4.940717,-3.574360
8.025132,4.941258,-3.585033
8.019114,4.941773,-3.595711
8.013087,4.942263,-3.606393
8.007052,4.942728,-3.617078
8.001008,4.943166,-3.627768
7.994956,4.943579,-3.638462
7.988895,4.943967,-3.649160
7.982826,4.944329,-3.659861
7.976748,4.944665,-3.670566
7.970661,4.944975,-3.681275
7.964566,4.945260,-3.691988
7.958463,4.945519,-3.702704
7.952351,4.945753,-3.713424
7.946230,4.945960,-3.724147
7.940101,4.946142,-3.734874
7.933963,4.946299,-3.745604
7.927817,4.946429,-3.756337
7.921663,4.946534,-3.767074
7.915499,4.946613,-3.777813
7.909328,4.946666,-3.788556
7.903148,4.946694,-3.799302
7.896959,4.946695,-3.810051
7.890762,4.946671,-3.820803
7.884557,4.946621,-3.831557
7.878343,4.946546,-3.842315
7.872121,4.946444,-3.853075
7.865890,4.946317,-3.863838
7.859651,4.946164,-3.874603
7.853403,4.945985,-3.885371
7.847147,4.945780,-3.896141
7.840883,4.945550,-3.906914
7.834610,4.945293,-3.917690
7.828328,4.945011,-3.928467
7.822039,4.944702,-3.939247
7.815741,4.944368,-3.950029
7.809434,4.944008,-3.960813
7.803119,4.943623,-3.971599
7.796796,4.943211,-3.982388
7.790464,4.942773,-3.993178
7.784124,4.942310,-4.003970
7.777776,4.941820,-4.014764
7.771419,4.941305,-4.025559
7.765054,4.940764,-4.036357
7.758681,4.940197,-4.047156
7.752299,4.939603,-4.057956
7.745909,4.938984,-4.068758
7.739511,4.938339,-4.079562
7.733104,4.937669,-4.090367
7.726689,4.936972,-4.101173
7.720266,4.936249,-4.111980
7.713835,4.935500,-4.122789
7.707395,4.934725,-4.133599
7.700947,4.933925,-4.144410
7.694490,4.933098,-4.155222
7.688026,4.932245,-4.166035
7.681553,4.931367,-4.176849
7.675071,4.930462,-4.187663
7.668582,4.929532,-4.198479
7.662084,4.928575,-4.209295
7.655578,4.927593,-4.220112
7.649064,4.926584,-4.230929
7.642542,4.925550,-4.241747
7.636011,4.924489,-4.252566
7.629472,4.923403,-4.263385
7.622925,4.922290,-4.274204
7.616370,4.921152,-4.285024
7.609807,4.919987,-4.295843
7.603235,4.918797,-4.306663
7.596655,4.917580,-4.317483
7.590067,4.916338,-4.328303
7.583471,4.915069,-4.339123
7.576867,4.913775,-4.349943
7.570254,4.912454,-4.360763
7.563634,4.911108,-4.371583
7.557005,4.909735,-4.382402
7.550368,4.908337,-4.393221
7.543723,4.906912,-4.404040
7.537070,4.905462,-4.414858
7.530408,4.903985,-4.425675
7.523739,4.902483,-4.436493
7.517062,4.900954,-4.447309
7.510376,4.899400,-4.458125
7.503682,4.897819,-4.468940
7.496980,4.896212,-4.479754
7.490271,4.894580,-4.490567
7.483553,4.892921,-4.501380
7.476827,4.891237,-4.512191
7.470093,4.889526,-4.523002
7.463351,4.887789,-4.533811
7.456600,4.886027,-4.544619
7.449842,4.884238,-4.555426
7.443076,4.882423,-4.566231
7.436302,4.880583,-4.577035
7.429519,4.878716,-4.587838
7.422729,4.876824,-4.598639
7.415931,4.874905,-4.609439
7.409125,4.872961,-4.620237
7.402310,4.870990,-4.631033
7.395488,4.868993,-4.641827
7.388658,4.866971,-4.652620
7.381819,4.864922,-4.663411
7.374973,4.862848,-4.674200
7.368119,4.860748,-4.684987
7.361257,4.858621,-4.695772
7.354387,4.856469,-4.706555
7.347509,4.854291,-4.717336
7.340623,4.852086,-4.728114
7.333729,4.849856,-4.738890
7.326827,4.847600,-4.749664
7.319918,4.845318,-4.760436
7.313000,4.843010,-4.771205
7.306075,4.840676,-4.781971
7.299141,4.838316,-4.792735
7.292200,4.835930,-4.803496
7.285251,4.833518,-4.814254
7.278294,4.831081,-4.825010
7.271329,4.828617,-4.835763
7.264356,4.826128,-4.846513
7.257376,4.823613,-4.857260
7.250387,4.821071,-4.868004
7.243391,4.818504,-4.878745
7.236387,4.815911,-4.889482
7.229375,4.813292,-4.900217
7.222355,4.810648,-4.910948
7.215328,4.807977,-4.921676
7.208292,4.805281,-4.932401
7.201249,4.802559,-4.943122
7.194198,4.799810,-4.953839
7.187140,4.797037,-4.964553
7.180073,4.794237,-4.975263
7.172999,4.791411,-4.985970
7.165917,4.788560,-4.996673
7.158827,4.785683,-5.007372
7.151730,4.782780,-5.018067
7.144625,4.779851,-5.028758
7.137512,4.776897,-5.039446
7.130391,4.773916,-5.050129
7.123263,4.770910,-5.060808
7.116126,4.767879,-5.071483
7.108983,4.764821,-5.082153
7.101831,4.761738,-5.092820
7.094672,4.758629,-5.103482
7.087505,4.755494,-5.114139
7.080330,4.752334,-5.124792
7.073148,4.749148,-5.135441
7.065958,4.745936,-5.146085
7.058761,4.742698,-5.156724
7.051556,4.739435,-5.167359
7.044343,4.736147,-5.177988
7.037122,4.732832,-5.188613
7.029894,4.729492,-5.199233
7.022659,4.726126,-5.209848
7.015415,4.722735,-5.220458
7.008164,4.719318,-5.231063
7.000906,4.715876,-5.241663
6.993640,4.712408,-5.252257
6.986366,4.708914,-5.262846
6.979085,4.705395,-5.273430
6.971796,4.701850,-5.284009
6.964500,4.698280,-5.294582
6.957196,4.694684,-5.305149
6.949885,4.691063,-5.315711
6.942566,4.687416,-5.326267
6.935239,4.683744,-5.336818
6.927905,4.680046,-5.347363
6.920564,4.676323,-5.357902
6.913214,4.672574,-5.368435
6.905858,4.668800,-5.378962
6.898494,4.665000,-5.389483
6.891122,4.661175,-5.399999
6.883743,4.657325,-5.410508
6.876357,4.653449,-5.421011
6.868963,4.649548,-5.431507
6.861562,4.645622,-5.441998
6.854153,4.641670,-5.452482
6.846737,4.637693,-5.462959
6.839313,4.633690,-5.473430
6.831882,4.629662,-5.483895
6.824443,4.625609,-5.494353
6.816997,4.621531,-5.504804
6.809544,4.617427,-5.515249
6.802083,4.613298,-5.525686
6.794615,4.609144,-5.536117
6.787140,4.604965,-5.546542
6.779657,4.600761,-5.556959
6.772167,4.596531,-5.567369
6.764669,4.592276,-5.577772
6.757164,4.587996,-5.588168
6.749652,4.583691,-5.598557
6.742132,4.579360,-5.608938
6.734605,4.575005,-5.619312
6.727071,4.570625,-5.629679
6.719529,4.566219,-5.640038
6.711981,4.561788,-5.650390
6.704424,4.557333,-5.660735
6.696861,4.552852,-5.671071
6.689290,4.548346,-5.681400
6.681712,4.543816,-5.691722
6.674127,4.539260,-5.702035
6.666535,4.534679,-5.712341
6.658935,4.530074,-5.722639
6.651328,4.525443,-5.732929
6.643714,4.520788,-5.743211
6.636092,4.516108,-5.753484
6.628464,4.511402,-5.763750
6.620828,4.506672,-5.774007
6.613185,4.501918,-5.784257
6.605534,4.497138,-5.794498
6.597877,4.492333,-5.804730
6.590212,4.487504,-5.814954
6.582540,4.482650,-5.825170
6.574862,4.477771,-5.835377
6.567175,4.472868,-5.845575
6.559482,4.467940,-5.855765
6.551782,4.462987,-5.865946
6.544074,4.458009,-5.876118
6.536360,4.453007,-5.886282
6.528638,4.447980,-5.896436
6.520909,4.442929,-5.906582
6.513173,4.437853,-5.916718
6.505430,4.432752,-5.926846
6.497680,4.427627,-5.936964
6.489923,4.422478,-5.947074
6.482158,4.417304,-5.957173
6.474387,4.412105,-5.967264
6.466609,4.406882,-5.977345
6.458823,4.401634,-5.987417
6.451031,4.396362,-5.997480
6.443231,4.391066,-6.007533
6.435425,4.385745,-6.017576
6.427611,4.380400,-6.027609
6.419791,4.375031,-6.037633
6.411963,4.369637,-6.047648
6.404129,4.364219,-6.057652
6.396287,4.358777,-6.067646
6.388439,4.353310,-6.077631
6.380584,4.347819,-6.087605
6.372721,4.342304,-6.097570
6.364852,4.336765,-6.107524
6.356976,4.331202,-6.117468
6.349092,4.325614,-6.127402
6.341202,4.320003,-6.137326
6.333305,4.314367,-6.147240
6.325402,4.308707,-6.157143
6.317491,4.303024,-6.167035
6.309573,4.297316,-6.176917
6.301648,4.291584,-6.186789
6.293717,4.285828,-6.196649
6.285779,4.280049,-6.206500
6.277834,4.274245,-6.216339
6.269882,4.268417,-6.226168
6.261923,4.262566,-6.235986
6.253957,4.256691,-6.245792
6.245985,4.250791,-6.255588
6.238005,4.244869,-6.265373
6.230019,4.238922,-6.275147
6.222026,4.232951,-6.284910
6.214027,4.226957,-6.294662
6.206020,4.220939,-6.304402
6.198007,4.214898,-6.314131
6.189987,4.208832,-6.323849
6.181960,4.202744,-6.333555
6.173927,4.196631,-6.343250
6.165886,4.190495,-6.352933
6.157839,4.184336,-6.362605
6.149786,4.178152,-6.372265
6.141725,4.171946,-6.381913
6.133658,4.165716,-6.391550
6.125584,4.159462,-6.401175
6.117504,4.153185,-6.410788
6.109417,4.146885,-6.420389
6.101323,4.140561,-6.429978
6.093222,4.134214,-6.439555
6.085115,4.127844,-6.449121
6.077001,4.121450,-6.458673
6.068881,4.115033,-6.468214
6.060754,4.108593,-6.477743
6.052620,4.102130,-6.487259
6.044480,4.095643,-6.496763
6.036333,4.089133,-6.506255
6.028179,4.082601,-6.515734
6.020019,4.076045,-6.525200
6.011852,4.069466,-6.534654
6.003679,4.062864,-6.544095
5.995499,4.056239,-6.553524
5.987313,4.049591,-6.562940
5.979120,4.042920,-6.572343
5.970921,4.036226,-6.581734
5.962715,4.029510,-6.591111
5.954502,4.022770,-6.600476
5.946283,4.016008,-6.609827
5.938058,4.009222,-6.619166
5.929826,4.002414,-6.628491
5.921587,3.995584,-6.637803
5.913342,3.988730,-6.647102
5.905091,3.981854,-6.656388
5.896833,3.974955,-6.665660
5.888569,3.968034,-6.674919
5.880298,3.961090,-6.684165
5.872021,3.954123,-6.693397
5.863737,3.947134,-6.702616
5.855447,3.940123,-6.711821
5.847151,3.933089,-6.721012
5.838848,3.926032,-6.730190
5.830539,3.918953,-6.739354
5.822223,3.911852,-6.748504
5.813901,3.904728,-6.757640
5.805573,3.897582,-6.766763
5.797238,3.890414,-6.775871
5.788897,3.883223,-6.784965
5.780550,3.876011,-6.794046
5.772196,3.868776,-6.803112
5.763836,3.861519,-6.812164
5.755470,3.854240,-6.821202
5.747097,3.846938,-6.830225
5.738718,3.839615,-6.839235
5.730333,3.832270,-6.848230
5.721942,3.824902,-6.857210
5.713544,3.817513,-6.866176
5.705140,3.810102,-6.875128
5.696730,3.802669,-6.884064
5.688313,3.795214,-6.892987
5.679890,3.787737,-6.901894
5.671462,3.780238,-6.910787
5.663026,3.772718,-6.919665
5.654585,3.765176,-6.928528
5.646138,3.757612,-6.937376
5.637684,3.750026,-6.946210
5.629224,3.742419,-6.955028
5.620758,3.734790,-6.963831
5.612286,3.727140,-6.972620
5.603807,3.719468,-6.981393
5.595323,3.711775,-6.990151
5.586832,3.704060,-6.998893
5.578336,3.696324,-7.007620
5.569833,3.688567,-7.016332
5.561324,3.680788,-7.025029
5.552809,3.672988,-7.033710
5.544288,3.665166,-7.042376
5.535760,3.657323,-7.051026
5.527227,3.649459,-7.059660
5.518688,3.641574,-7.068279
5.510142,3.633668,-7.076882
5.501591,3.625741,-7.085469
5.493033,3.617792,-7.094041
5.484470,3.609823,-7.102597
5.475900,3.601832,-7.111136
5.467325,3.593821,-7.119660
5.458743,3.585788,-7.128168
5.450156,3.577735,-7.136660
5.441562,3.569661,-7.145136
5.432963,3.561566,-7.153595
5.424358,3.553450,-7.162039
5.415746,3.545314,-7.170466
5.407129,3.537157,-7.178876
5.398506,3.528979,-7.187271
5.389877,3.520781,-7.195649
5.381242,3.512562,-7.204011
5.372601,3.504322,-7.212356
5.363954,3.496062,-7.220684
5.355301,3.487782,-7.228996
5.346642,3.479481,-7.237292
5.337978,3.471159,-7.245570
5.329308,3.462817,-7.253832
5.320631,3.454455,-7.262078
5.311949,3.446073,-7.270306
5.303262,3.437670,-7.278517
5.294568,3.429247,-7.286712
5.285868,3.420804,-7.294890
5.277163,3.412341,-7.303050
5.268452,3.403858,-7.311194
5.259735,3.395355,-7.319320
5.251013,3.386831,-7.327429
5.242284,3.378288,-7.335521
5.233550,3.369725,-7.343596
5.224810,3.361142,-7.351654
5.216065,3.352539,-7.359694
5.207313,3.343916,-7.367716
5.198556,3.335273,-7.375722
5.189793,3.326611,-7.383709
5.181025,3.317929,-7.391680
5.172251,3.309227,-7.399632
5.163471,3.300506,-7.407567
5.154685,3.291765,-7.415485
5.145894,3.283004,-7.423384
5.137097,3.274224,-7.431266
5.128295,3.265425,-7.439130
5.119487,3.256606,-7.446976
5.110673,3.247768,-7.454805
5.101853,3.238910,-7.462615
5.093028,3.230034,-7.470407
5.084198,3.221138,-7.478182
5.075362,3.212222,-7.485938
5.066520,3.203288,-7.493676
5.057673,3.194334,-7.501396
5.048820,3.185361,-7.509097
5.039962,3.176370,-7.516781
5.031098,3.167359,-7.524446
5.022228,3.158329,-7.532092
5.013353,3.149281,-7.539721
5.004473,3.140213,-7.547331
4.995587,3.131127,-7.554922
4.986695,3.122022,-7.562495
4.977798,3.112898,-7.570049
4.968896,3.103755,-7.577585
4.959988,3.094594,-7.585102
4.951074,3.085414,-7.592600
4.942156,3.076215,-7.600079
4.933231,3.066998,-7.607540
4.924302,3.057763,-7.614982
4.915367,3.048509,-7.622405
4.906426,3.039236,-7.629809
4.897480,3.029946,-7.637194
4.888529,3.020637,-7.644560
4.879572,3.011309,-7.651907
4.870610,3.001964,-7.659234
4.861643,2.992600,-7.666543
4.852670,2.983218,-7.673833
4.843692,2.973818,-7.681103
4.834709,2.964400,-7.688354
4.825720,2.954964,-7.695585
4.816726,2.945510,-7.702798
4.807727,2.936038,-7.709991
4.798722,2.926548,-7.717164
4.789712,2.917040,-7.724318
4.780697,2.907514,-7.731452
4.771677,2.897971,-7.738567
4.762651,2.888410,-7.745662
4.753620,2.878832,-7.752738
4.744584,2.869235,-7.759794
4.735543,2.859621,-7.766830
4.726496,2.849990,-7.773846
4.717444,2.840341,-7.780842
4.708387,2.830675,-7.787819
4.699325,2.820991,-7.794776
4.690258,2.811290,-7.801713
4.681185,2.801572,-7.808629
4.672108,2.791836,-7.815526
4.663025,2.782084,-7.822403
4.653937,2.772314,-7.829259
4.644844,2.762527,-7.836096
4.635746,2.752723,-7.842912
4.626642,2.742902,-7.849708
4.617534,2.733064,-7.856484
4.608421,2.723209,-7.863239
4.599302,2.713337,-7.869974
4.590179,2.703448,-7.876689
4.581050,2.693542,-7.883383
4.571916,2.683620,-7.890056
4.562777,2.673681,-7.896710
4.553634,2.663726,-7.903342
4.544485,2.653753,-7.909954
4.535331,2.643765,-7.916546
4.526172,2.633759,-7.923117
4.517009,2.623738,-7.929667
4.507840,2.613700,-7.936196
4.498666,2.603645,-7.942704
4.489488,2.593574,-7.949192
4.480304,2.583487,-7.955659
4.471115,2.573384,-7.962105
4.461922,2.563264,-7.968530
4.452724,2.553129,-7.974934
4.443520,2.542977,-7.981317
4.434312,2.532809,-7.987679
4.425099,2.522626,-7.994020
4.415881,2.512426,-8.000339
4.406658,2.502211,-8.006638
4.397431,2.491979,-8.012915
4.388198,2.481732,-8.019171
4.378961,2.471469,-8.025406
4.369718,2.461191,-8.031620
4.360471,2.450897,-8.037812
4.351220,2.440587,-8.043982
4.341963,2.430262,-8.050132
4.332702,2.419921,-8.056260
4.323435,2.409565,-8.062366
4.314164,2.399193,-8.068451
4.304889,2.388806,-8.074514
4.295608,2.378404,-8.080556
4.286323,2.367986,-8.086576
4.277033,2.357554,-8.092574
4.267739,2.347106,-8.098550
4.258439,2.336643,-8.104505
4.249135,2.326165,-8.110438
4.239826,2.315672,-8.116349
4.230513,2.305164,-8.122239
4.221195,2.294641,-8.128106
4.211872,2.284104,-8.133952
4.202545,2.273551,-8.139775
4.193213,2.262984,-8.145577
4.183876,2.252402,-8.151356
4.174535,2.241806,-8.157114
4.165189,2.231195,-8.162849
4.155839,2.220569,-8.168562
4.146484,2.209929,-8.174253
4.137124,2.199274,-8.179922
4.127760,2.188605,-8.185568
4.118391,2.177922,-8.191193
4.109018,2.167224,-8.196795
4.099640,2.156513,-8.202374
4.090258,2.145787,-8.207931
4.080871,2.135046,-8.213466
4.071480,2.124292,-8.218979
4.062084,2.113524,-8.224468
4.052683,2.102742,-8.229936
4.043279,2.091946,-8.235381
4.033869,2.081136,-8.240803
4.024455,2.070312,-8.246203
4.015037,2.059474,-8.251579
4.005615,2.048623,-8.256934
3.996188,2.037758,-8.262265
3.986756,2.026879,-8.267574
3.977320,2.015987,-8.272860
3.967880,2.005081,-8.278124
3.958436,1.994162,-8.283364
3.948987,1.983230,-8.288582
3.939533,1.972284,-8.293776
3.930076,1.961325,-8.298948
3.920613,1.950352,-8.304097
3.911147,1.939366,-8.309223
3.901676,1.928368,-8.314325
3.892201,1.917356,-8.319405
3.882722,1.906331,-8.324462
3.873239,1.895293,-8.329495
3.863751,1.884242,-8.334505
3.854259,1.873179,-8.339492
3.844762,1.862102,-8.344456
3.835261,1.851013,-8.349397
3.825757,1.839911,-8.354314
3.816247,1.828796,-8.359209
3.806734,1.817669,-8.364079
3.797217,1.806529,-8.368927
3.787695,1.795377,-8.373751
3.778169,1.784212,-8.378551
3.768639,1.773035,-8.383329
3.759105,1.761846,-8.388082
3.749566,1.750644,-8.392812
3.740024,1.739430,-8.397519
3.730477,1.728204,-8.402202
3.720926,1.716965,-8.406861
3.711371,1.705715,-8.411497
3.701812,1.694453,-8.416109
3.692249,1.683178,-8.420698
3.682682,1.671892,-8.425263
3.673111,1.660594,-8.429804
3.663535,1.649284,-8.434321
3.653956,1.637963,-8.438814
3.644372,1.626629,-8.443284
3.634785,1.615284,-8.447730
3.625194,1.603928,-8.452152
3.615598,1.592560,-8.456550
3.605999,1.581180,-8.460924
3.596395,1.569789,-8.465274
3.586788,1.558387,-8.469600
3.577176,1.546974,-8.473902
3.567561,1.535549,-8.478180
3.557942,1.524113,-8.482434
3.548318,1.512666,-8.486664
3.538691,1.501207,-8.490870
3.529060,1.489738,-8.495052
3.519425,1.478258,-8.499209
3.509786,1.466767,-8.503343
3.500143,1.455265,-8.507452
3.490497,1.443752,-8.511536
3.480846,1.432229,-8.515597
3.471192,1.420694,-8.519633
3.461534,1.409149,-8.523645
3.451872,1.397594,-8.527633
3.442206,1.386028,-8.531596
3.432536,1.374452,-8.535535
3.422863,1.362865,-8.539449
3.413185,1.351268,-8.543339
3.403504,1.339660,-8.547204
3.393820,1.328042,-8.551045
3.384131,1.316415,-8.554862
3.374439,1.304777,-8.558653
3.364743,1.293128,-8.562421
3.355043,1.281470,-8.566163
3.345339,1.269802,-8.569881
3.335632,1.258124,-8.573575
3.325921,1.246436,-8.577244
3.316207,1.234739,-8.580888
3.306489,1.223032,-8.584507
3.296767,1.211315,-8.588102
3.287041,1.199588,-8.591672
3.277312,1.187852,-8.595217
3.267579,1.176106,-8.598737
3.257843,1.164351,-8.602232
3.248103,1.152586,-8.605703
3.238359,1.140812,-8.609149
3.228612,1.129029,-8.612569
3.218861,1.117237,-8.615965
3.209107,1.105435,-8.619336
3.199349,1.093625,-8.622682
3.189587,1.081805,-8.626003
3.179823,1.069977,-8.629299
3.170054,1.058139,-8.632570
3.160282,1.046293,-8.635816
3.150506,1.034437,-8.639037
3.140727,1.022573,-8.642233
3.130945,1.010701,-8.645404
3.121159,0.998819,-8.648549
3.111370,0.986929,-8.651669
3.101577,0.975031,-8.654765
3.091780,0.963124,-8.657835
3.081981,0.951208,-8.660880
3.072177,0.939285,-8.663899
3.062371,0.927353,-8.666893
3.052561,0.915413,-8.669863
3.042748,0.903464,-8.672806
3.032931,0.891508,-8.675725
3.023111,0.879543,-8.678618
3.013287,0.867571,-8.681486
3.003461,0.855590,-8.684328
1.879788,1.726091,-9.726802
1.852995,1.703848,-9.761806
1.828298,1.681468,-9.794930
1.805506,1.659002,-9.826362
1.784443,1.592212,-9.856273
1.764967,1.328585,-9.884860
1.747004,1.234670,-9.912432
1.730369,1.147977,-9.938934
1.714941,1.067822,-9.964464
1.700611,0.993590,-9.989110
1.687281,0.925984,-10.011841
1.674859,0.864538,-10.032674
1.663262,0.808653,-10.051782
1.652414,0.757786,-10.069324
1.642248,0.711447,-10.085444
1.632701,0.669196,-10.100273
1.623716,0.630633,-10.113931
1.615244,0.595401,-10.126526
1.607237,0.563174,-10.138157
1.599654,0.533662,-10.148913
1.592456,0.506599,-10.158875
1.585610,0.481749,-10.168117
1.579082,0.458896,-10.176706
1.572847,0.437848,-10.184701
1.566876,0.418429,-10.192158
1.561148,0.400483,-10.199126
1.555641,0.383867,-10.205651
1.550335,0.368454,-10.211773
1.545214,0.354126,-10.217528
1.540262,0.340781,-10.222951
1.535463,0.328325,-10.228072
1.530806,0.316671,-10.232917
1.526279,0.305745,-10.237512
1.521870,0.295476,-10.241880
1.814175,0.285803,-10.246039
2.424273,0.276780,-10.249894
2.429076,0.268473,-10.253341
2.433074,0.260610,-10.256632
2.436348,0.253149,-10.259783
2.438973,0.246052,-10.262805
2.441015,0.239284,-10.265709
2.442536,0.232817,-10.268505
2.443588,0.226621,-10.271204
2.444221,0.220672,-10.273812
2.444478,0.214947,-10.276339
2.444398,0.209426,-10.278789
2.444017,0.204091,-10.281170
2.443366,0.198925,-10.283487
2.442475,0.193913,-10.285746
2.441368,0.189043,-10.287950
2.440069,0.184300,-10.290104
2.438598,0.179675,-10.292212
2.436975,0.175158,-10.294277
2.435216,0.170740,-10.296302
2.433337,0.166412,-10.298290
2.431350,0.162168,-10.300244
2.429268,0.158001,-10.302165
2.427102,0.153904,-10.304056
2.424861,0.149873,-10.305920
2.422556,0.145903,-10.307757
2.420193,0.141989,-10.309568
2.417779,0.138127,-10.311357
2.415322,0.134314,-10.313123
2.412827,0.130546,-10.314868
2.410299,0.126821,-10.316594
2.407743,0.123136,-10.318300
2.405163,0.119488,-10.319989
2.402563,0.115876,-10.321660
2.399946,0.112297,-10.323315
2.397315,0.108750,-10.324953
2.394673,0.105232,-10.326577
2.392023,0.101744,-10.328186
2.389366,0.098282,-10.329781
2.386704,0.094847,-10.331362
2.384040,0.091436,-10.332930
2.381374,0.088049,-10.334485
2.378709,0.084686,-10.336028
2.376045,0.081345,-10.337559
2.373383,0.078025,-10.339077
2.370726,0.074726,-10.340585
2.368073,0.071447,-10.342081
2.365425,0.068188,-10.343566
2.362783,0.064948,-10.345040
2.360148,0.061726,-10.346504
2.357520,0.058523,-10.347957
2.354900,0.055338,-10.349400
2.352288,0.052170,-10.350833
2.349684,0.049020,-10.352256
2.347090,0.045886,-10.353670
2.344505,0.042769,-10.355074
2.341929,0.039668,-10.356468
2.339364,0.036583,-10.357854
2.336808,0.033514,-10.359230
2.334262,0.030460,-10.360597
2.331727,0.027422,-10.361955
2.329202,0.024400,-10.363304
2.326688,0.021392,-10.364644
2.324184,0.018399,-10.365976
2.321691,0.015421,-10.367299
2.319209,0.012458,-10.368614
2.316738,0.009509,-10.369920
2.314278,0.006575,-10.371218
2.311829,0.003654,-10.372508
2.309391,0.000749,-10.373789
2.306964,-0.002143,-10.375063
2.304547,-0.005021,-10.376328
2.302142,-0.007886,-10.377586
2.299748,-0.010736,-10.378835
2.297366,-0.013573,-10.380077
2.294994,-0.016396,-10.381311
2.292633,-0.019206,-10.382537
2.290283,-0.022002,-10.383756
2.287944,-0.024785,-10.384967
2.285616,-0.027554,-10.386171
2.283299,-0.030311,-10.387367
2.280993,-0.033054,-10.388555
2.278698,-0.035785,-10.389736
2.276413,-0.038502,-10.390910
2.274140,-0.041206,-10.392077
2.271877,-0.043898,-10.393237
2.269625,-0.046577,-10.394389
2.267383,-0.049243,-10.395534
2.265153,-0.051896,-10.396673
2.262932,-0.054537,-10.397804
2.260723,-0.057166,-10.398928
2.258524,-0.059782,-10.400045
2.256335,-0.062385,-10.401156
2.254157,-0.064976,-10.402260
2.251989,-0.067555,-10.403357
2.249831,-0.070122,-10.404447
2.247684,-0.072677,-10.405531
2.245547,-0.075219,-10.406608
2.243420,-0.077750,-10.407678
2.241304,-0.080268,-10.408742
2.239197,-0.082774,-10.409800
2.237101,-0.085269,-10.410851
2.235015,-0.087752,-10.411895
2.232938,-0.090223,-10.412933
2.230872,-0.092682,-10.413965
2.228815,-0.095130,-10.414991
2.226769,-0.097566,-10.416010
2.224732,-0.099990,-10.417024
2.222705,-0.102403,-10.418031
2.220687,-0.104805,-10.419032
2.218679,-0.107195,-10.420027
2.216681,-0.109573,-10.421016
2.214693,-0.111941,-10.421999
2.212713,-0.114297,-10.422976
2.210744,-0.116642,-10.423947
2.208784,-0.118976,-10.424912
2.206833,-0.121299,-10.425872
2.204892,-0.123611,-10.426826
2.202959,-0.125911,-10.427773
2.201037,-0.128201,-10.428716
2.199123,-0.130480,-10.429652
2.197219,-0.132748,-10.430583
2.195323,-0.135005,-10.431509
2.193437,-0.137252,-10.432428
2.191560,-0.139488,-10.433343
2.189692,-0.141713,-10.434251
2.187832,-0.143928,-10.435155
2.185982,-0.146132,-10.436053
2.184141,-0.148325,-10.436945
2.182308,-0.150508,-10.437832
2.180484,-0.152681,-10.438714
2.178669,-0.154843,-10.439591
2.176863,-0.156995,-10.440462
2.175065,-0.159137,-10.441328
2.173276,-0.161269,-10.442189
2.171495,-0.163390,-10.443045
2.169723,-0.165501,-10.443896
2.167960,-0.167603,-10.444742
2.166205,-0.169694,-10.445582
2.164458,-0.171775,-10.446418
2.162720,-0.173846,-10.447249
2.160990,-0.175908,-10.448074
2.159269,-0.177959,-10.448895
2.157555,-0.180001,-10.449711
2.155850,-0.182033,-10.450522
2.154153,-0.184055,-10.451329
2.152465,-0.186068,-10.452130
2.150784,-0.188071,-10.452927
2.149111,-0.190064,-10.453719
2.147447,-0.192048,-10.454506
2.145790,-0.194022,-10.455289
2.144142,-0.195987,-10.456067
2.142501,-0.197942,-10.456840
2.140868,-0.199889,-10.457609
2.139243,-0.201825,-10.458374
2.137626,-0.203753,-10.459133
2.136016,-0.205671,-10.459889
2.134415,-0.207580,-10.460640
2.132821,-0.209480,-10.461386
2.131234,-0.211371,-10.462128
2.129655,-0.213253,-10.462866
2.128084,-0.215126,-10.463599
2.126521,-0.216989,-10.464328
2.124964,-0.218844,-10.465053
2.123416,-0.220690,-10.465773
2.121875,-0.222527,-10.466490
2.120341,-0.224356,-10.467202
2.118814,-0.226175,-10.467910
2.117295,-0.227986,-10.468613
2.115783,-0.229788,-10.469313
2.114279,-0.231581,-10.470008
2.112781,-0.233366,-10.470700
2.111291,-0.235142,-10.471387
2.109808,-0.236910,-10.472070
2.108332,-0.238669,-10.472750
2.106863,-0.240420,-10.473425
2.105401,-0.242162,-10.474096
2.103947,-0.243896,-10.474764
2.102499,-0.245622,-10.475427
2.101058,-0.247339,-10.476087
2.099624,-0.249048,-10.476743
2.098197,-0.250749,-10.477395
2.096777,-0.252442,-10.478043
2.095364,-0.254126,-10.478688
2.093957,-0.255803,-10.479328
2.092557,-0.257471,-10.479965
2.091164,-0.259131,-10.480599
2.089778,-0.260784,-10.481228
2.088398,-0.262428,-10.481854
2.087025,-0.264065,-10.482476
2.085658,-0.265693,-10.483095
2.084298,-0.267314,-10.483710
2.082945,-0.268927,-10.484322
2.081598,-0.270532,-10.484930
2.080258,-0.272129,-10.485534
2.078924,-0.273719,-10.486135
2.077596,-0.275301,-10.486733
2.076275,-0.276875,-10.487326
2.074960,-0.278442,-10.487917
2.073651,-0.280001,-10.488504
2.072349,-0.281553,-10.489088
2.071053,-0.283097,-10.489668
2.069763,-0.284634,-10.490245
2.068480,-0.286164,-10.490819
2.067202,-0.287686,-10.491389
2.065931,-0.289200,-10.491956
2.064666,-0.290708,-10.492520
2.063407,-0.292208,-10.493081
2.062154,-0.293700,-10.493638
2.060906,-0.295186,-10.494192
2.059665,-0.296664,-10.494743
2.058430,-0.298136,-10.495291
2.057201,-0.299600,-9.560399
2.055868,-0.301136,-9.496377
2.054534,-0.302670,-9.496915
2.053208,-0.304196,-9.497451
2.051888,-0.305714,-9.497983
2.050576,-0.307224,-9.498512
2.049270,-0.308726,-9.499038
2.047971,-0.310221,-9.499561
2.046680,-0.311708,-9.500081
2.045395,-0.313188,-9.500598
2.044117,-0.314660,-9.501112
2.042846,-0.316124,-9.501624
2.041582,-0.317581,-9.502132
2.040324,-0.319030,-9.502637
2.039073,-0.320472,-9.503140
2.037829,-0.321907,-9.503639
2.036591,-0.323334,-9.504136
2.035360,-0.324754,-9.504630
2.034135,-0.326166,-9.505121
2.032917,-0.327572,-9.505609
2.031706,-0.328970,-9.506095
2.030501,-0.330361,-9.506577
2.029302,-0.331744,-9.507057
2.028109,-0.333121,-9.507534
2.026923,-0.334490,-9.508009
2.025744,-0.335853,-9.508481
2.024570,-0.337209,-9.508950
2.023403,-0.338557,-9.509416
2.022242,-0.339899,-9.509880
2.021087,-0.341233,-9.510341
2.019939,-0.342561,-9.510800
2.018796,-0.343882,-9.511255
2.017660,-0.345197,-9.511709
2.016529,-0.346504,-9.512160
2.015405,-0.347805,-9.512608
2.014286,-0.349099,-9.513053
2.013174,-0.350386,-9.513496
2.012067,-0.351667,-9.513937
2.010967,-0.352941,-9.514375
2.009872,-0.354209,-9.514811
2.008783,-0.355470,-9.515244
2.007699,-0.356724,-9.515675
2.006622,-0.357973,-9.516103
2.005550,-0.359214,-9.516529
2.004484,-0.360450,-9.516952
2.003423,-0.361678,-9.517373
2.002369,-0.362901,-9.517792
2.001319,-0.364117,-9.518208
2.000276,-0.365327,-9.518622
1.999238,-0.366531,-9.519033
1.998205,-0.367729,-9.519443
1.997178,-0.368920,-9.519850
1.996156,-0.370106,-9.520254
1.995140,-0.371285,-9.520657
1.994129,-0.372458,-9.521057
1.993124,-0.373625,-9.521455
1.992124,-0.374786,-9.521850
1.991129,-0.375941,-9.522244
1.990139,-0.377090,-9.522635
1.989155,-0.378233,-9.523024
1.988176,-0.379370,-9.523410
1.987202,-0.380502,-9.523795
1.986233,-0.381627,-9.524177
1.985270,-0.382747,-9.524558
1.984311,-0.383861,-9.524936
1.983358,-0.384969,-9.525312
1.982410,-0.386072,-9.525686
1.981466,-0.387169,-9.526058
1.980528,-0.388260,-9.526427
1.979595,-0.389345,-9.526795
1.978667,-0.390425,-9.527160
1.977743,-0.391499,-9.527524
1.976825,-0.392568,-9.527885
1.975911,-0.393631,-9.528245
1.975002,-0.394689,-9.528602
1.974098,-0.395741,-9.528958
1.973199,-0.396788,-9.529311
1.972304,-0.397830,-9.529663
1.971415,-0.398866,-9.530012
1.970530,-0.399897,-9.530360
1.969649,-0.400922,-9.530705
1.968774,-0.401942,-9.531049
1.967903,-0.402957,-9.531391
1.967036,-0.403966,-9.531731
1.966175,-0.404971,-9.532069
1.965317,-0.405970,-9.532405
1.964465,-0.406964,-9.532739
1.963617,-0.407953,-9.533071
1.962773,-0.408936,-9.533401
1.961934,-0.409915,-9.533730
1.961099,-0.410888,-9.534057
1.960269,-0.411857,-9.534382
1.959443,-0.412821,-9.534705
1.958621,-0.413779,-9.535026
1.957804,-0.414733,-9.535346
1.956991,-0.415681,-9.535664
1.956183,-0.416625,-9.535980
1.955378,-0.417564,-9.536294
1.954578,-0.418498,-9.536606
1.953783,-0.419427,-9.536917
1.952991,-0.420351,-9.537226
1.952204,-0.421271,-9.537533
1.951421,-0.422186,-9.537839
1.950642,-0.423096,-9.538143
1.949867,-0.424001,-9.538445
1.949096,-0.424902,-9.538746
1.948329,-0.425798,-9.539045
1.947566,-0.426689,-9.539342
1.946808,-0.427576,-9.539637
1.946053,-0.428458,-9.539931
1.945302,-0.429335,-9.540224
1.944556,-0.430208,-9.540514
1.943813,-0.431077,-9.540803
1.943074,-0.431941,-9.541091
1.942339,-0.432800,-9.541377
1.941608,-0.433655,-9.541661
1.940881,-0.434506,-9.541944
1.940158,-0.435352,-9.542225
1.939439,-0.436194,-9.542504
1.938723,-0.437031,-9.542782
1.938011,-0.437865,-9.543059
1.937303,-0.438693,-9.543334
1.936599,-0.439518,-9.543607
1.935898,-0.440338,-9.543879
1.935201,-0.441154,-9.544150
1.934508,-0.441966,-9.544419
1.933819,-0.442773,-9.544686
1.933133,-0.443577,-9.544952
1.932450,-0.444376,-9.545217
1.931772,-0.445171,-9.545480
1.931097,-0.445962,-9.545741
1.930425,-0.446749,-9.546001
1.929757,-0.447531,-9.546260
1.929093,-0.448310,-9.546517
1.928432,-0.449084,-9.546773
1.927774,-0.449855,-9.547028
1.927121,-0.450622,-9.547281
1.926470,-0.451384,-9.547532
1.925823,-0.452143,-9.547783
1.925179,-0.452898,-9.548032
1.924539,-0.453648,-9.548279
1.923902,-0.454395,-9.548525
1.923269,-0.455138,-9.548770
1.922639,-0.455877,-9.549014
1.922012,-0.456613,-9.549256
1.921389,-0.457344,-9.549497
1.920768,-0.458072,-9.549736
1.920152,-0.458796,-9.549974
1.919538,-0.459516,-9.550211
1.918928,-0.460232,-9.550447
1.918320,-0.460945,-9.550681
1.917716,-0.461654,-9.550914
1.917116,-0.462359,-9.551145
1.916518,-0.463061,-9.551376
1.915924,-0.463759,-9.551605
1.915332,-0.464453,-9.551833
1.914744,-0.465144,-9.552060
1.914159,-0.465831,-9.552285
1.913577,-0.466515,-9.552509
1.912998,-0.467195,-9.552732
1.912423,-0.467872,-9.552954
1.911850,-0.468545,-9.553174
1.911280,-0.469214,-9.553394
1.910713,-0.469880,-9.553612
1.910150,-0.470543,-9.553829
1.909589,-0.471202,-9.554044
1.909031,-0.471857,-9.554259
1.908476,-0.472510,-9.554472
1.907924,-0.473159,-9.554684
1.907375,-0.473804,-9.554895
1.906829,-0.474446,-9.555105
1.906286,-0.475085,-9.555314
1.905745,-0.475721,-9.555522
1.905208,-0.476353,-9.555728
1.904673,-0.476982,-9.555933
1.904141,-0.477607,-9.556137
1.903612,-0.478230,-9.556341
1.903086,-0.478849,-9.556543
1.902563,-0.479465,-9.556743
1.902042,-0.480077,-9.556943
1.901524,-0.480687,-9.557142
1.901009,-0.481293,-9.557339
1.900496,-0.481896,-9.557536
1.899986,-0.482496,-9.557731
1.899479,-0.483093,-9.557926
1.898975,-0.483687,-9.558119
1.898473,-0.484278,-9.558311
1.897974,-0.484866,-9.558503
1.897478,-0.485450,-9.558693
1.896984,-0.486032,-9.558882
1.896492,-0.486610,-9.559070
1.896004,-0.487186,-9.559257
1.895518,-0.487758,-9.559443
1.895034,-0.488328,-9.559628
1.894553,-0.488894,-9.559812
1.894075,-0.489458,-9.559995
1.893599,-0.490019,-9.560177
1.893126,-0.490577,-9.560358
1.892655,-0.491131,-9.560538
1.892186,-0.491683,-9.560718
1.891720,-0.492232,-9.560896
1.891257,-0.492779,-9.561073
1.890796,-0.493322,-9.561249
1.890337,-0.493863,-9.561424
1.889881,-0.494400,-9.561598
1.889427,-0.494935,-9.561772
1.888976,-0.495468,-9.561944
1.888527,-0.495997,-9.562116
1.888080,-0.496524,-9.562286
1.887636,-0.497047,-9.562456
1.887194,-0.497569,-9.562624
1.886755,-0.498087,-9.562792
1.886317,-0.498603,-9.562959
1.885882,-0.499116,-9.563125
1.885450,-0.499626,-9.563290
1.885019,-0.500134,-9.563454
1.884591,-0.500639,-9.563617
1.884165,-0.501141,-9.563780
1.883742,-0.501641,-9.563941
1.883320,-0.502139,-9.564102
1.882901,-0.502633,-9.564262
1.882484,-0.503125,-9.564420
1.882069,-0.503615,-9.564578
1.881657,-0.504102,-9.564736
1.881246,-0.504586,-9.564892
1.880838,-0.505068,-9.565047
1.880432,-0.505547,-9.565202
1.880028,-0.506024,-9.565356
1.879626,-0.506498,-9.565509
1.879227,-0.506970,-9.565661
1.878829,-0.507440,-9.565812
1.878434,-0.507907,-9.565963
1.878040,-0.508371,-9.566112
1.877649,-0.508833,-9.566261
1.877260,-0.509293,-9.566409
1.876873,-0.509751,-9.566556
1.876487,-0.510205,-9.566703
1.876104,-0.510658,-9.566849
1.875723,-0.511108,-9.566993
1.875344,-0.511556,-9.567137
1.874967,-0.512002,-9.567281
1.874592,-0.512445,-9.567423
1.874219,-0.512886,-9.567565
1.873848,-0.513324,-9.567706
1.873478,-0.513761,-9.567846
1.873111,-0.514195,-9.567986
1.872746,-0.514626,-9.568125
1.872382,-0.515056,-9.568263
1.872021,-0.515483,-9.568400
1.871661,-0.515908,-9.568536
1.871304,-0.516331,-9.568672
1.870948,-0.516752,-9.568807
1.870594,-0.517170,-9.568941
1.870242,-0.517586,-9.569075
1.869892,-0.518000,-9.569208
1.869543,-0.518412,-9.569340
1.869197,-0.518822,-9.569471
1.868852,-0.519230,-9.569602
1.868509,-0.519635,-9.569732
1.868168,-0.520038,-9.569861
1.867829,-0.520440,-9.569990
1.867491,-0.520839,-9.570118
1.867156,-0.521236,-9.570245
1.866822,-0.521631,-9.570372
1.866490,-0.522024,-9.570497
1.866159,-0.522415,-9.570623
1.865830,-0.522804,-9.570747
1.865504,-0.523190,-9.570871
1.865178,-0.523575,-9.570994
1.864855,-0.523958,-9.571117
1.864533,-0.524339,-9.571239
1.864213,-0.524718,-9.571360
1.863894,-0.525095,-9.571480
1.863578,-0.525469,-9.571600
1.863263,-0.525842,-9.571719
1.862949,-0.526213,-9.571838
1.862637,-0.526582,-9.571956
1.862327,-0.526949,-9.572073
1.862019,-0.527315,-9.572190
1.861712,-0.527678,-9.572306
1.861407,-0.528039,-9.572422
1.861103,-0.528399,-9.572536
1.860801,-0.528756,-9.572651
1.860500,-0.529112,-9.572764
1.860202,-0.529466,-9.572877
1.859904,-0.529818,-9.572990
1.859609,-0.530168,-9.573101
1.859314,-0.530517,-9.573213
1.859022,-0.530863,-9.573323
1.858731,-0.531208,-9.573433
1.858441,-0.531551,-9.573543
1.858153,-0.531892,-9.573651
1.857867,-0.532231,-9.573760
1.857582,-0.532569,-9.573867
1.857298,-0.532905,-9.573974
1.857016,-0.533239,-9.574081
1.856735,-0.533571,-9.574187
1.856456,-0.533902,-9.574292
1.856179,-0.534231,-9.574397
1.855903,-0.534558,-9.574501
1.855628,-0.534883,-9.574605
1.855355,-0.535207,-9.574708
1.855083,-0.535529,-9.574810
1.854813,-0.535849,-9.574912
1.854544,-0.536168,-9.575014
1.854276,-0.536485,-9.575115
1.854010,-0.536800,-9.575215
1.853746,-0.537114,-9.575315
1.853482,-0.537426,-9.575414
1.853220,-0.537737,-9.575513
1.852960,-0.538045,-9.575611
1.852701,-0.538353,-9.575709
1.852443,-0.538658,-9.575806
1.852186,-0.538962,-9.575903
1.851931,-0.539265,-9.575999
1.851677,-0.539565,-9.576095
1.851425,-0.539865,-9.576190
1.851174,-0.540162,-9.576284
1.850924,-0.540459,-9.576379
1.850676,-0.540753,-9.576472
1.850429,-0.541046,-9.576565
1.850183,-0.541338,-9.576658
1.849938,-0.541628,-9.576750
1.849695,-0.541916,-9.576842
1.849453,-0.542203,-9.576933
1.849212,-0.542489,-9.577023
1.848973,-0.542773,-9.577114
1.848735,-0.543055,-9.577203
1.848498,-0.543336,-9.577292
1.848262,-0.543616,-9.577381
1.848028,-0.543894,-9.577469
1.847794,-0.544170,-9.577557
1.847562,-0.544446,-9.577644
1.847332,-0.544719,-9.577731
1.847102,-0.544992,-9.577818
1.846874,-0.545263,-9.577904
1.846647,-0.545532,-9.577989
1.846421,-0.545800,-9.578074
1.846196,-0.546067,-9.578159
1.845972,-0.546332,-9.578243
1.845750,-0.546596,-9.578326
1.845529,-0.546858,-9.578410
1.845309,-0.547120,-9.578492
1.845090,-0.547379,-9.578575
1.844872,-0.547638,-9.578656
1.844656,-0.547895,-9.578738
1.844440,-0.548151,-9.578819
1.844226,-0.548405,-9.578899
1.844013,-0.548658,-9.578980
1.843801,-0.548910,-9.579059
1.843590,-0.549160,-9.579139
1.843380,-0.549409,-9.579217
1.843171,-0.549657,-9.579296
1.842963,-0.549903,-9.579374
1.842757,-0.550149,-9.579451
1.842551,-0.550393,-9.579529
1.842347,-0.550635,-9.579605
1.842144,-0.550877,-9.579682
1.841941,-0.551117,-9.579758
1.841740,-0.551356,-9.579833
1.841540,-0.551593,-9.579908
1.841341,-0.551830,-9.579983
1.841143,-0.552065,-9.580058
1.840946,-0.552299,-9.580132
1.840750,-0.552531,-9.580205
1.840555,-0.552763,-9.580278
1.840361,-0.552993,-9.580351
1.840168,-0.553222,-9.580423
1.839977,-0.553450,-9.580495
1.839786,-0.553676,-9.580567
1.839596,-0.553902,-9.580638
1.839407,-0.554126,-9.580709
1.839219,-0.554349,-9.580780
1.839032,-0.554571,-9.580850
1.838847,-0.554792,-9.580919
1.838662,-0.555012,-9.580989
1.838478,-0.555230,-9.581058
1.838295,-0.555447,-9.581126
1.838113,-0.555664,-9.581195
1.837932,-0.555879,-9.581263
1.837752,-0.556093,-9.581330
1.837573,-0.556305,-9.581397
1.837394,-0.556517,-9.581464
1.837217,-0.556728,-9.581531
1.837041,-0.556937,-9.581597
1.836865,-0.557146,-9.581662
1.836691,-0.557353,-9.581728
1.836517,-0.557559,-9.581793
1.836345,-0.557764,-9.581858
1.836173,-0.557968,-9.581922
1.836002,-0.558171,-9.581986
1.835832,-0.558373,-9.582050
1.835663,-0.558574,-9.582113
1.835495,-0.558774,-9.582176
1.835328,-0.558973,-9.582239
1.835161,-0.559171,-9.582301
1.834996,-0.559367,-9.582363
1.834831,-0.559563,-9.582425
1.834667,-0.559758,-9.582486
1.834505,-0.559951,-9.582547
1.834342,-0.560144,-9.582608
1.834181,-0.560336,-9.582668
1.834021,-0.560526,-9.582728
1.833861,-0.560716,-9.582788
1.833703,-0.560904,-9.582847
1.833545,-0.561092,-9.582907
1.833388,-0.561279,-9.582965
1.833232,-0.561464,-9.583024
1.833076,-0.561649,-9.583082
1.832922,-0.561833,-9.583140
1.832768,-0.562015,-9.583197
1.832615,-0.562197,-9.583255
1.832463,-0.562378,-9.583312
1.832312,-0.562558,-9.583368
1.832161,-0.562737,-9.583425
1.832011,-0.562915,-9.583481
1.831863,-0.563092,-9.583536
1.831714,-0.563268,-9.583592
1.831567,-0.563444,-9.583647
1.831420,-0.563618,-9.583702
1.831275,-0.563791,-9.583756
1.831129,-0.563964,-9.583811
1.830985,-0.564135,-9.583865
1.830842,-0.564306,-9.583918
1.830699,-0.564476,-9.583972
1.830557,-0.564645,-9.584025
1.830415,-0.564813,-9.584078
1.830275,-0.564980,-9.584130
1.830135,-0.565146,-9.584183
1.829996,-0.565312,-9.584235
1.829858,-0.565476,-9.584286
1.829720,-0.565640,-9.584338
1.829583,-0.565803,-9.584389
1.829447,-0.565965,-9.584440
1.829312,-0.566126,-9.584491
1.829177,-0.566286,-9.584541
1.829043,-0.566446,-9.584591
1.828909,-0.566604,-9.584641
1.828777,-0.566762,-9.584690
1.828645,-0.566919,-9.584740
1.828514,-0.567075,-9.584789
1.828383,-0.567231,-9.584838
1.828253,-0.567385,-9.584886
1.828124,-0.567539,-9.584934
1.827995,-0.567692,-9.584982
1.827868,-0.567844,-9.585030
1.827741,-0.567995,-9.585078
1.827614,-0.568146,-9.585125
1.827488,-0.568295,-9.585172
1.827363,-0.568444,-9.585219
1.827239,-0.568592,-9.585265
1.827115,-0.568740,-9.585312
1.826991,-0.568886,-9.585358
1.826869,-0.569032,-9.585403
1.826747,-0.569177,-9.585449
1.826626,-0.569321,-9.585494
1.826505,-0.569465,-9.585539
1.826385,-0.569608,-9.585584
1.826266,-0.569750,-9.585629
1.826147,-0.569891,-9.585673
1.826029,-0.570032,-9.585717
1.825911,-0.570172,-9.585761
1.825795,-0.570311,-9.585805
1.825678,-0.570449,-9.585848
1.825563,-0.570587,-9.585891
1.825448,-0.570724,-9.585934
1.825333,-0.570860,-9.585977
1.825219,-0.570995,-9.586019
1.825106,-0.571130,-9.586062
1.824993,-0.571264,-9.586104
1.824881,-0.571397,-9.586145
1.824770,-0.571530,-9.586187
1.824659,-0.571662,-9.586228
1.824549,-0.571793,-9.586270
1.824439,-0.571924,-9.586311
1.824330,-0.572054,-9.586351
1.824221,-0.572183,-9.586392
1.824113,-0.572312,-9.586432
1.824006,-0.572440,-9.586472
1.823899,-0.572567,-9.586512
1.823793,-0.572693,-9.586552
1.823687,-0.572819,-9.586591
1.823582,-0.572944,-9.586630
1.823477,-0.573069,-9.586670
1.823373,-0.573193,-9.586708
1.823270,-0.573316,-9.586747
1.823167,-0.573439,-9.586785
1.823064,-0.573561,-9.586824
1.822962,-0.573682,-9.586862
1.822861,-0.573803,-9.586899
1.822760,-0.573923,-9.586937
1.822660,-0.574042,-9.586974
1.822560,-0.574161,-9.587012
1.822461,-0.574279,-9.587049
1.822362,-0.574397,-9.587086
1.822264,-0.574514,-9.587122
1.822166,-0.574630,-9.587159
1.822069,-0.574746,-9.587195
1.821972,-0.574861,-9.587231
1.821876,-0.574976,-9.587267
1.821780,-0.575089,-9.587302
1.821685,-0.575203,-9.587338
1.821591,-0.575316,-9.587373
1.821496,-0.575428,-9.587408
1.821403,-0.575539,-9.587443
1.821310,-0.575650,-9.587478
1.821217,-0.575761,-9.587512
1.821125,-0.575870,-9.587547
1.821033,-0.575980,-9.587581
1.820942,-0.576088,-9.587615
1.820851,-0.576196,-9.587649
1.820761,-0.576304,-9.587683
1.820671,-0.576411,-9.587716
1.820582,-0.576517,-9.587749
1.820493,-0.576623,-9.587782
1.820404,-0.576728,-9.587815
1.820316,-0.576833,-9.587848
1.820229,-0.576937,-9.587881
1.820142,-0.577041,-9.587913
1.820055,-0.577144,-9.587945
1.819969,-0.577247,-9.587977
1.819884,-0.577349,-9.588009
1.819798,-0.577450,-9.588041
1.819714,-0.577551,-9.588073
1.819629,-0.577651,-9.588104
1.819545,-0.577751,-9.588135
1.819462,-0.577851,-9.588166
1.819379,-0.577950,-9.588197
1.819296,-0.578048,-9.588228
1.819214,-0.578146,-9.588259
1.819133,-0.578243,-9.588289
1.819051,-0.578340,-9.588319
1.818971,-0.578436,-9.588349
1.818890,-0.578532,-9.588379
1.818810,-0.578627,-9.588409
1.818731,-0.578722,-9.588439
1.818652,-0.578816,-9.588468
1.818573,-0.578910,-9.588498
1.818495,-0.579003,-9.588527
1.818417,-0.579096,-9.588556
1.818339,-0.579188,-9.588585
1.818262,-0.579280,-9.588613
1.818185,-0.579372,-9.588642
1.818109,-0.579462,-9.588670
1.818033,-0.579553,-9.588699
1.817958,-0.579643,-9.588727
1.817883,-0.579732,-9.588755
1.817808,-0.579821,-9.588782
1.817734,-0.579910,-9.588810
1.817660,-0.579998,-9.588838
1.817586,-0.580085,-9.588865
1.817513,-0.580173,-9.588892
1.817440,-0.580259,-9.588919
1.817368,-0.580345,-9.588946
1.817296,-0.580431,-9.588973
1.817225,-0.580517,-9.589000
1.817153,-0.580601,-9.589026
1.817082,-0.580686,-9.589053
1.817012,-0.580770,-9.589079
1.816942,-0.580853,-9.589105
1.816872,-0.580936,-9.589131
1.816803,-0.581019,-9.589157
1.816734,-0.581101,-9.589182
1.816665,-0.581183,-9.589208
1.816597,-0.581265,-9.589233
1.816529,-0.581346,-9.589259
1.816461,-0.581426,-9.589284
1.816394,-0.581506,-9.589309
1.816327,-0.581586,-9.589334
1.816261,-0.581665,-9.589358
1.816195,-0.581744,-9.589383
1.816129,-0.581822,-9.589407
1.816063,-0.581900,-9.589432
1.815998,-0.581978,-9.589456
1.815933,-0.582055,-9.589480
1.815869,-0.582132,-9.589504
1.815805,-0.582208,-9.589528
1.815741,-0.582284,-9.589552
1.815678,-0.582360,-9.589575
1.815615,-0.582435,-9.589599
1.815552,-0.582510,-9.589622
1.815489,-0.582585,-9.589645
1.815427,-0.582659,-9.589668
1.815365,-0.582732,-9.589691
1.815304,-0.582805,-9.589714
1.815243,-0.582878,-9.589737
1.815182,-0.582951,-9.589760
1.815122,-0.583023,-9.589782
1.815061,-0.583095,-9.589805
1.815001,-0.583166,-9.589827
1.814942,-0.583237,-9.589849
1.814883,-0.583308,-9.589871
1.814824,-0.583378,-9.589893
1.814765,-0.583448,-9.589915
1.814707,-0.583517,-9.589936
1.814649,-0.583586,-9.589958
1.814591,-0.583655,-9.589979
1.814534,-0.583724,-9.590001
1.814477,-0.583792,-9.590022
1.814420,-0.583859,-9.590043
1.814363,-0.583927,-9.590064
1.814307,-0.583994,-9.590085
1.814251,-0.584060,-9.590106
1.814196,-0.584127,-9.590126
1.814140,-0.584193,-9.590147
1.814085,-0.584258,-9.590168
1.814031,-0.584323,-9.590188
1.813976,-0.584388,-9.590208
1.813922,-0.584453,-9.590228
1.813868,-0.584517,-9.590248
1.813815,-0.584581,-9.590268
1.813761,-0.584645,-9.590288
1.813708,-0.584708,-9.590308
1.813655,-0.584771,-9.590327
1.813603,-0.584833,-9.590347
1.813551,-0.584895,-9.590366
1.813499,-0.584957,-9.590386
1.813447,-0.585019,-9.590405
1.813396,-0.585080,-9.590424
1.813345,-0.585141,-9.590443
1.813294,-0.585202,-9.590462
1.813243,-0.585262,-9.590481
1.813193,-0.585322,-9.590499
1.813143,-0.585382,-9.590518
1.813093,-0.585441,-9.590536
1.813044,-0.585500,-9.590555
1.812994,-0.585559,-9.590573
1.812945,-0.585617,-9.590591
1.812897,-0.585675,-9.590609
1.812848,-0.585733,-9.590627
1.812800,-0.585791,-9.590645
1.812752,-0.585848,-9.590663
1.812704,-0.585905,-9.590681
1.812657,-0.585962,-9.590699
1.812609,-0.586018,-9.590716
1.812563,-0.586074,-9.590734
1.812516,-0.586130,-9.590751
1.812469,-0.586185,-9.590768
1.812423,-0.586240,-9.590785
1.812377,-0.586295,-9.590803
1.812331,-0.586350,-9.590820
1.812286,-0.586404,-9.590836
1.812240,-0.586458,-9.590853
1.812195,-0.586512,-9.590870
1.812151,-0.586565,-9.590887
1.812106,-0.586618,-9.590903
1.812062,-0.586671,-9.590920
1.812018,-0.586724,-9.590936
1.811974,-0.586776,-9.590952
1.811930,-0.586828,-9.590969
1.811887,-0.586880,-9.590985
1.811843,-0.586931,-9.591001
1.811801,-0.586983,-9.591017
1.811758,-0.587034,-9.591033
1.811715,-0.587084,-9.591048
1.811673,-0.587135,-9.591064
1.811631,-0.587185,-9.591080
1.811589,-0.587235,-9.591095
1.811547,-0.587284,-9.591111
1.811506,-0.587334,-9.591126
1.811465,-0.587383,-9.591141
1.811424,-0.587432,-9.591157
1.811383,-0.587480,-9.591172
1.811343,-0.587529,-9.591187
1.811302,-0.587577,-9.591202
1.811262,-0.587625,-9.591217
1.811222,-0.587672,-9.591232
1.811183,-0.587720,-9.591246
1.811143,-0.587767,-9.591261
1.811104,-0.587814,-9.591276
1.811065,-0.587860,-9.591290
1.811026,-0.587907,-9.591304
1.810987,-0.587953,-9.591319
1.810949,-0.587998,-9.591333
1.810910,-0.588044,-9.591347
1.810872,-0.588090,-9.591361
1.810835,-0.588135,-9.591376
1.810797,-0.588180,-9.591390
1.810759,-0.588224,-9.591403
1.810722,-0.588269,-9.591417
1.810685,-0.588313,-9.591431
1.810648,-0.588357,-9.591445
1.810612,-0.588401,-9.591458
1.810575,-0.588444,-9.591472
1.810539,-0.588488,-9.591485
1.810503,-0.588531,-9.591499
1.810467,-0.588573,-9.591512
1.810431,-0.588616,-9.591525
1.810395,-0.588658,-9.591539
1.810360,-0.588701,-9.591552
1.810325,-0.588743,-9.591565
1.810290,-0.588784,-9.591578
1.810255,-0.588826,-9.591591
1.810221,-0.588867,-9.591604
1.810186,-0.588908,-9.591616
1.810152,-0.588949,-9.591629
1.810118,-0.588990,-9.591642
1.810084,-0.589030,-9.591654
1.810050,-0.589070,-9.591667
1.810017,-0.589110,-9.591679
1.809983,-0.589150,-9.591692
1.809950,-0.589190,-9.591704
1.809917,-0.589229,-9.591716
1.809884,-0.589268,-9.591728
1.809852,-0.589307,-9.591741
1.809819,-0.589346,-9.591753
1.809787,-0.589385,-9.591765
1.809755,-0.589423,-9.591777
1.809723,-0.589461,-9.591788
1.809691,-0.589499,-9.591800
1.809659,-0.589537,-9.591812
1.809628,-0.589574,-9.591824
1.809596,-0.589612,-9.591835
1.809565,-0.589649,-9.591847
1.809534,-0.589686,-9.591858
1.809503,-0.589723,-9.591870
1.809473,-0.589759,-9.591881
1.809442,-0.589796,-9.591893
1.809412,-0.589832,-9.591904
1.809382,-0.589868,-9.591915
1.809352,-0.589904,-9.591926
1.809322,-0.589939,-9.591937
1.809292,-0.589975,-9.591948
1.809262,-0.590010,-9.591959
1.809233,-0.590045,-9.591970
1.809204,-0.590080,-9.591981
1.809175,-0.590115,-9.591992
1.809146,-0.590149,-9.592003
1.809117,-0.590184,-9.592013
1.809088,-0.590218,-9.592024
1.809060,-0.590252,-9.592034
1.809031,-0.590286,-9.592045
1.809003,-0.590319,-9.592055
1.808975,-0.590353,-9.592066
1.808947,-0.590386,-9.592076
1.808920,-0.590419,-9.592086
1.808892,-0.590452,-9.592097
1.808864,-0.590485,-9.592107
1.808837,-0.590517,-9.592117
1.808810,-0.590550,-9.592127
1.808783,-0.590582,-9.592137
1.808756,-0.590614,-9.592147
1.808729,-0.590646,-9.592157
1.808703,-0.590678,-9.592167
1.808676,-0.590709,-9.592177
1.808650,-0.590741,-9.592187
1.808624,-0.590772,-9.592196
1.808598,-0.590803,-9.592206
1.808572,-0.590834,-9.592216
1.808546,-0.590865,-9.592225
1.808520,-0.590895,-9.592235
1.808495,-0.590926,-9.592244
1.808469,-0.590956,-9.592253
1.808444,-0.590986,-9.592263
1.808419,-0.591016,-9.592272
1.808394,-0.591046,-9.592281
1.808369,-0.591076,-9.592291
1.808345,-0.591105,-9.592300
1.808320,-0.591134,-9.592309
1.808296,-0.591164,-9.592318
1.808271,-0.591193,-9.592327
1.808247,-0.591222,-9.592336
1.808223,-0.591250,-9.592345
1.808199,-0.591279,-9.592354
1.808175,-0.591307,-9.592363
1.808152,-0.591336,-9.592371
1.808128,-0.591364,-9.592380
1.808104,-0.591392,-9.592389
1.808081,-0.591419,-9.592398
1.808058,-0.591447,-9.592406
1.808035,-0.591475,-9.592415
1.808012,-0.591502,-9.592423
1.807989,-0.591529,-9.592432
1.807966,-0.591556,-9.592440
1.807944,-0.591583,-9.592449
1.807921,-0.591610,-9.592457
1.807899,-0.591637,-9.592465
1.807877,-0.591663,-9.592473
1.807855,-0.591690,-9.592482
1.807833,-0.591716,-9.592490
1.807811,-0.591742,-9.592498
1.807789,-0.591768,-9.592506
1.807767,-0.591794,-9.592514
1.807746,-0.591820,-9.592522
1.807724,-0.591845,-9.592530
1.807703,-0.591871,-9.592538
1.807682,-0.591896,-9.592546
1.807661,-0.591921,-9.592554
1.807640,-0.591946,-9.592561
1.807619,-0.591971,-9.592569
1.807598,-0.591996,-9.592577
1.807577,-0.592021,-9.592584
1.807557,-0.592045,-9.592592
1.807536,-0.592070,-9.592600
1.807516,-0.592094,-9.592607
1.807496,-0.592118,-9.592615
1.807476,-0.592142,-9.592622
1.807456,-0.592166,-9.592630
1.807436,-0.592190,-9.592637
1.807416,-0.592213,-9.592644
1.807396,-0.592237,-9.592652
1.807376,-0.592260,-9.592659
1.807357,-0.592284,-9.592666
1.807338,-0.592307,-9.592673
1.807318,-0.592330,-9.592681
1.807299,-0.592353,-9.592688
1.807280,-0.592376,-9.592695
1.807261,-0.592398,-9.592702
1.807242,-0.592421,-9.592709
1.807223,-0.592443,-9.592716
1.807205,-0.592466,-9.592723
1.807186,-0.592488,-9.592730
1.807167,-0.592510,-9.592736
1.807149,-0.592532,-9.592743
1.807131,-0.592554,-9.592750
1.807113,-0.592575,-9.592757
1.807094,-0.592597,-9.592764
1.807076,-0.592618,-9.592770
1.807059,-0.592640,-9.592777
1.807041,-0.592661,-9.592783
1.807023,-0.592682,-9.592790
1.807005,-0.592703,-9.592797
1.806988,-0.592724,-9.592803
1.806970,-0.592745,-9.592810
1.806953,-0.592766,-9.592816
1.806936,-0.592787,-9.592822
1.806918,-0.592807,-9.592829
1.806901,-0.592827,-9.592835
1.806884,-0.592848,-9.592841
1.806867,-0.592868,-9.592848
1.806851,-0.592888,-9.592854
1.806834,-0.592908,-9.592860
1.806817,-0.592928,-9.592866
1.806801,-0.592948,-9.592873
1.806784,-0.592967,-9.592879
1.806768,-0.592987,-9.592885
1.806751,-0.593006,-9.592891
1.806735,-0.593026,-9.592897
1.806719,-0.593045,-9.592903
1.806703,-0.593064,-9.592909
1.806687,-0.593083,-9.592915
1.806671,-0.593102,-9.592921
1.806655,-0.593121,-9.592926
1.806640,-0.593140,-9.592932
1.806624,-0.593158,-9.592938
1.806609,-0.593177,-9.592944
1.806593,-0.593195,-9.592949
1.806578,-0.593214,-9.592955
1.806562,-0.593232,-9.592961
1.806547,-0.593250,-9.592967
1.806532,-0.593268,-9.592972
1.806517,-0.593286,-9.592978
1.806502,-0.593304,-9.592983
1.806487,-0.593322,-9.592989
1.806472,-0.593340,-9.592994
1.806457,-0.593357,-9.593000
1.806443,-0.593375,-9.593005
1.806428,-0.593392,-9.593011
1.806414,-0.593410,-9.593016
1.806399,-0.593427,-9.593021
1.806385,-0.593444,-9.593027
1.806371,-0.593461,-9.593032
1.806356,-0.593478,-9.593037
1.806342,-0.593495,-9.593043
1.806328,-0.593512,-9.593048
1.806314,-0.593528,-9.593053
1.806300,-0.593545,-9.593058
1.806286,-0.593561,-9.593063
1.806273,-0.593578,-9.593068
1.806259,-0.593594,-9.593073
1.806245,-0.593611,-9.593078
1.806232,-0.593627,-9.593084
1.806218,-0.593643,-9.593089
1.806205,-0.593659,-9.593093
1.806191,-0.593675,-9.593098
1.806178,-0.593691,-9.593103
1.806165,-0.593706,-9.593108
1.806152,-0.593722,-9.593113
1.806139,-0.593738,-9.593118
1.806126,-0.593753,-9.593123
1.806113,-0.593769,-9.593128
1.806100,-0.593784,-9.593132
1.806087,-0.593799,-9.593137
1.806074,-0.593815,-9.593142
1.806062,-0.593830,-9.593147
1.806049,-0.593845,-9.593151
1.806037,-0.593860,-9.593156
1.806024,-0.593875,-9.593160
1.806012,-0.593889,-9.593165
1.805999,-0.593904,-9.593170
1.805987,-0.593919,-9.593174
1.805975,-0.593933,-9.593179
1.805963,-0.593948,-9.593183
1.805951,-0.593962,-9.593188
1.805939,-0.593977,-9.593192
1.805927,-0.593991,-9.593197
1.805915,-0.594005,-9.593201
1.805903,-0.594019,-9.593205
1.805891,-0.594033,-9.593210
1.805879,-0.594047,-9.593214
1.805868,-0.594061,-9.593218
1.805856,-0.594075,-9.593223
1.805845,-0.594089,-9.593227
1.805833,-0.594102,-9.593231
1.805822,-0.594116,-9.593235
1.805811,-0.594129,-9.593240
1.805799,-0.594143,-9.593244
1.805788,-0.594156,-9.593248
1.805777,-0.594170,-9.593252
1.805766,-0.594183,-9.593256
1.805755,-0.594196,-9.593260
1.805744,-0.594209,-9.593264
1.805733,-0.594222,-9.593268
1.805722,-0.594235,-9.593272
1.805711,-0.594248,-9.593276
1.805700,-0.594261,-9.593280
1.805690,-0.594274,-9.593284
1.805679,-0.594286,-9.593288
1.805668,-0.594299,-9.593292
1.805658,-0.594312,-9.593296
1.805647,-0.594324,-9.593300
1.805637,-0.594337,-9.593304
1.805627,-0.594349,-9.593308
1.805616,-0.594361,-9.593312
1.805606,-0.594373,-9.593315
1.805596,-0.594386,-9.593319
1.805586,-0.594398,-9.593323
1.805576,-0.594410,-9.593327
1.805566,-0.594422,-9.593330
1.805556,-0.594434,-9.593334
1.805546,-0.594446,-9.593338
1.805536,-0.594457,-9.593341
1.805526,-0.594469,-9.593345
1.805516,-0.594481,-9.593349
1.805506,-0.594492,-9.593352
1.805497,-0.594504,-9.593356
1.805487,-0.594516,-9.593360
1.805477,-0.594527,-9.593363
1.805468,-0.594538,-9.593367
1.805458,-0.594550,-9.593370
1.805449,-0.594561,-9.593374
1.805440,-0.594572,-9.593377
1.805430,-0.594583,-9.593381
1.805421,-0.594594,-9.593384
1.805412,-0.594605,-9.593387
1.805403,-0.594616,-9.593391
1.805393,-0.594627,-9.593394
1.805384,-0.594638,-9.593398
1.805375,-0.594649,-9.593401
1.805366,-0.594660,-9.593404
1.805357,-0.594670,-9.593408
1.805348,-0.594681,-9.593411
1.805340,-0.594692,-9.593414
1.805331,-0.594702,-9.593417
1.805322,-0.594712,-9.593421
1.805313,-0.594723,-9.593424
1.805305,-0.594733,-9.593427
1.805296,-0.594744,-9.593430
1.805287,-0.594754,-9.593433
1.805279,-0.594764,-9.593437
1.805270,-0.594774,-9.593440
1.805262,-0.594784,-9.593443
1.805254,-0.594794,-9.593446
1.805245,-0.594804,-9.593449
1.805237,-0.594814,-9.593452
1.805229,-0.594824,-9.593455
1.805220,-0.594834,-9.593458
1.805212,-0.594844,-9.593461
1.805204,-0.594853,-9.593464
1.805196,-0.594863,-9.593467
1.805188,-0.594873,-9.593470
1.805180,-0.594882,-9.593473
1.805172,-0.594892,-9.593476
1.805164,-0.594901,-9.593479
1.805156,-0.594911,-9.593482
1.805148,-0.594920,-9.593485
1.805141,-0.594929,-9.593488
1.805133,-0.594938,-9.593491
1.805125,-0.594948,-9.593494
1.805117,-0.594957,-9.593497
1.805110,-0.594966,-9.593499
1.805102,-0.594975,-9.593502
1.805095,-0.594984,-9.593505
1.805087,-0.594993,-9.593508
1.805080,-0.595002,-9.593511
1.805072,-0.595011,-9.593513
1.805065,-0.595020,-9.593516
1.805057,-0.595028,-9.593519
1.805050,-0.595037,-9.593521
1.805043,-0.595046,-9.593524
1.805035,-0.595055,-9.593527
1.805028,-0.595063,-9.593530
1.805021,-0.595072,-9.593532
1.805014,-0.595080,-9.593535
1.805007,-0.595089,-9.593537
1.805000,-0.595097,-9.593540
1.804993,-0.595106,-9.593543
1.804986,-0.595114,-9.593545
1.804979,-0.595122,-9.593548
1.804972,-0.595130,-9.593550
1.804965,-0.595139,-9.593553
1.804958,-0.595147,-9.593556
1.804951,-0.595155,-9.593558
1.804945,-0.595163,-9.593561
1.804938,-0.595171,-9.593563
1.804931,-0.595179,-9.593566
1.804925,-0.595187,-9.593568
1.804918,-0.595195,-9.593570
1.804911,-0.595203,-9.593573
1.804905,-0.595211,-9.593575
1.804898,-0.595218,-9.593578
1.804892,-0.595226,-9.593580
1.804885,-0.595234,-9.593583
1.804879,-0.595242,-9.593585
1.804872,-0.595249,-9.593587
1.804866,-0.595257,-9.593590
1.804860,-0.595264,-9.593592
1.804853,-0.595272,-9.593594
1.804847,-0.595279,-9.593597
1.804841,-0.595287,-9.593599
1.804835,-0.595294,-9.593601
1.804829,-0.595301,-9.593604
1.804823,-0.595309,-9.593606
1.804816,-0.595316,-9.593608
1.804810,-0.595323,-9.593610
1.804804,-0.595330,-9.593613
1.804798,-0.595338,-9.593615
1.804792,-0.595345,-9.593617
1.804786,-0.595352,-9.593619
1.804781,-0.595359,-9.593621
1.804775,-0.595366,-9.593624
1.804769,-0.595373,-9.593626
1.804763,-0.595380,-9.593628
1.804757,-0.595387,-9.593630
1.804751,-0.595394,-9.593632
1.804746,-0.595400,-9.593634
1.804740,-0.595407,-9.593636
1.804734,-0.595414,-9.593638
1.804729,-0.595421,-9.593641
1.804723,-0.595427,-9.593643
1.804718,-0.595434,-9.593645
1.804712,-0.595441,-9.593647
1.804707,-0.595447,-9.593649
1.804701,-0.595454,-9.593651
1.804696,-0.595460,-9.593653
1.804690,-0.595467,-9.593655
1.804685,-0.595473,-9.593657
1.804679,-0.595480,-9.593659
1.804674,-0.595486,-9.593661
1.804669,-0.595492,-9.593663
1.804663,-0.595499,-9.593665
1.804658,-0.595505,-9.593667
1.804653,-0.595511,-9.593669
1.804648,-0.595517,-9.593671
1.804643,-0.595524,-9.593672
1.804637,-0.595530,-9.593674
1.804632,-0.595536,-9.593676
1.804627,-0.595542,-9.593678
1.804622,-0.595548,-9.593680
1.804617,-0.595554,-9.593682
1.804612,-0.595560,-9.593684
1.804607,-0.595566,-9.593686
1.804602,-0.595572,-9.593687
1.804597,-0.595578,-9.593689
1.804592,-0.595584,-9.593691
1.804587,-0.595589,-9.593693
1.804583,-0.595595,-9.593695
1.804578,-0.595601,-9.593696
1.804573,-0.595607,-9.593698
1.804568,-0.595612,-9.593700
1.804563,-0.595618,-9.593702
1.804559,-0.595624,-9.593704
1.804554,-0.595629,-9.593705
1.804549,-0.595635,-9.593707
1.804545,-0.595641,-9.593709
1.804540,-0.595646,-9.593710
1.804535,-0.595652,-9.593712
1.804531,-0.595657,-9.593714
1.804526,-0.595663,-9.593716
1.804522,-0.595668,-9.593717
1.804517,-0.595673,-9.593719
1.804513,-0.595679,-9.593721
1.804508,-0.595684,-9.593722
1.804504,-0.595689,-9.593724
1.804499,-0.595695,-9.593726
1.804495,-0.595700,-9.593727
1.804491,-0.595705,-9.593729
1.804486,-0.595710,-9.593730
1.804482,-0.595715,-9.593732
1.804478,-0.595721,-9.593734
1.804473,-0.595726,-9.593735
1.804469,-0.595731,-9.593737
1.804465,-0.595736,-9.593738
1.804461,-0.595741,-9.593740
1.804456,-0.595746,-9.593741
1.804452,-0.595751,-9.593743
1.804448,-0.595756,-9.593745
1.804444,-0.595761,-9.593746
1.804440,-0.595766,-9.593748
1.804436,-0.595771,-9.593749
1.804432,-0.595775,-9.593751
1.804428,-0.595780,-9.593752
1.804424,-0.595785,-9.593754
1.804420,-0.595790,-9.593755
1.804416,-0.595795,-9.593757
1.804412,-0.595799,-9.593758
1.804408,-0.595804,-9.593759
1.804404,-0.595809,-9.593761
1.804400,-0.595813,-9.593762
1.804396,-0.595818,-9.593764
1.804392,-0.595823,-9.593765
1.804388,-0.595827,-9.593767
1.804385,-0.595832,-9.593768
1.804381,-0.595836,-9.593769
1.804377,-0.595841,-9.593771
1.804373,-0.595845,-9.593772
1.804370,-0.595850,-9.593774
1.804366,-0.595854,-9.593775
1.804362,-0.595858,-9.593776
1.804358,-0.595863,-9.593778
1.804355,-0.595867,-9.593779
1.804351,-0.595872,-9.593780
1.804348,-0.595876,-9.593782
1.804344,-0.595880,-9.593783
1.804340,-0.595884,-9.593784
1.804337,-0.595889,-9.593786
1.804333,-0.595893,-9.593787
1.804330,-0.595897,-9.593788
1.804326,-0.595901,-9.593790
1.804323,-0.595905,-9.593791
1.804319,-0.595910,-9.593792
1.804316,-0.595914,-9.593794
1.804312,-0.595918,-9.593795
1.804309,-0.595922,-9.593796
1.804306,-0.595926,-9.593797
1.804302,-0.595930,-9.593799
1.804299,-0.595934,-9.593800
1.804295,-0.595938,-9.593801
1.804292,-0.595942,-9.593802
1.804289,-0.595946,-9.593804
1.804286,-0.595950,-9.593805
1.801851,-0.486959,-9.532669
1.799111,-0.389966,-9.477538
1.796005,-0.303965,-9.427963
1.792543,-0.227845,-9.383392
1.788743,-0.160608,-9.343329
1.784623,-0.101357,-9.307326
1.780204,-0.049289,-9.274977
1.775508,-0.003681,-9.245918
1.770556,0.036115,-9.219817
1.765370,0.070684,-9.196380
1.759970,0.100548,-9.175337
1.754376,0.126179,-9.156448
1.748606,0.148001,-9.139495
1.742677,0.166394,-9.124282
1.736605,0.181701,-9.110633
1.730405,0.194231,-9.098390
1.724089,0.204260,-9.087408
1.717670,0.212038,-9.077559
1.711160,0.217790,-9.068728
1.704567,0.221717,-9.060811
1.697902,0.224001,-9.053712
1.691172,0.224806,-9.047349
1.684384,0.224279,-9.041644
1.677546,0.222552,-9.036530
1.670662,0.219746,-9.031945
1.663739,0.215967,-9.027833
1.656781,0.211312,-9.024145
1.649793,0.205868,-9.020837
1.642777,0.199713,-9.017867
1.635737,0.192919,-9.015199
1.628676,0.185548,-9.012801
1.621597,0.177658,-9.010644
1.614502,0.169301,-9.008702
1.607393,0.160522,-9.006949
1.600271,0.151364,-9.005366
1.593139,0.141863,-9.003933
1.585998,0.132055,-9.002633
1.578848,0.121970,-9.001450
1.571692,0.111634,-9.000370
1.564529,0.101074,-8.999381
1.557362,0.090310,-8.998471
1.550189,0.079363,-8.997630
1.543013,0.068252,-8.996850
1.535834,0.056992,-8.996122
1.528652,0.045599,-8.995438
1.521468,0.034084,-8.994792
1.514281,0.022461,-8.994178
1.507093,0.010740,-8.993591
1.499904,-0.001069,-8.993025
1.492713,-0.012958,-8.992477
1.485522,-0.024919,-8.991943
1.478329,-0.036944,-8.991418
1.471136,-0.049028,-8.990901
1.463943,-0.061164,-8.990387
1.456749,-0.073348,-8.989875
1.449556,-0.085575,-8.989362
1.442362,-0.097840,-8.988847
1.435168,-0.110141,-8.988326
1.427974,-0.122472,-8.987799
1.420780,-0.134832,-8.987265
1.413586,-0.147218,-8.986721
1.406392,-0.159626,-8.986166
1.399199,-0.172055,-8.985600
1.392005,-0.184504,-8.985022
1.384812,-0.196969,-8.984430
1.377620,-0.209449,-8.983824
1.370427,-0.221943,-8.983203
1.363235,-0.234449,-8.982566
1.356043,-0.246967,-8.981913
1.348852,-0.259495,-8.981244
1.341661,-0.272032,-8.980557
1.334470,-0.284577,-8.979853
1.327279,-0.297129,-8.979131
1.320089,-0.309689,-8.978391
1.312900,-0.322254,-8.977632
1.305711,-0.334824,-8.976855
1.298522,-0.347399,-8.976058
1.291333,-0.359979,-8.975242
1.284145,-0.372562,-8.974406
1.276958,-0.385149,-8.973551
1.269770,-0.397739,-8.972676
1.262583,-0.410332,-8.971781
1.255397,-0.422927,-8.970866
1.248211,-0.435524,-8.969931
1.241026,-0.448124,-8.968975
1.233840,-0.460724,-8.967999
1.226656,-0.473327,-8.967002
1.219471,-0.485930,-8.965985
1.212288,-0.498535,-8.964947
1.205104,-0.511140,-8.963888
1.197921,-0.523746,-8.962809
1.190739,-0.536353,-8.961709
1.183557,-0.548960,-8.960588
1.176375,-0.561567,-8.959446
1.169194,-0.574175,-8.958283
1.162014,-0.586782,-8.957099
1.154834,-0.599390,-8.955894
1.147654,-0.611998,-8.954668
1.140475,-0.624605,-8.953421
1.133296,-0.637212,-8.952153
1.126118,-0.649819,-8.950863
1.118940,-0.662425,-8.949553
1.111763,-0.675031,-8.948222
1.104586,-0.687636,-8.946869
1.097410,-0.700240,-8.945495
1.090235,-0.712844,-8.944100
1.083060,-0.725447,-8.942684
1.075885,-0.738049,-8.941247
1.068711,-0.750651,-8.939788
1.061537,-0.763251,-8.938309
1.054365,-0.775851,-8.936808
1.047192,-0.788449,-8.935286
1.040020,-0.801046,-8.933743
1.032849,-0.813642,-8.932178
1.025678,-0.826237,-8.930593
1.018508,-0.838831,-8.928986
1.011339,-0.851423,-8.927358
1.004170,-0.864014,-8.925708
0.997001,-0.876604,-8.924038
0.989834,-0.889192,-8.922346
0.982667,-0.901779,-8.920633
0.975500,-0.914364,-8.918899
0.968334,-0.926948,-8.917144
0.961169,-0.939530,-8.915367
0.954004,-0.952111,-8.913570
0.946840,-0.964690,-8.911751
0.939677,-0.977267,-8.909911
0.932514,-0.989842,-8.908049
0.925352,-1.002416,-8.906167
0.918190,-1.014988,-8.904263
0.911030,-1.027558,-8.902338
0.903870,-1.040126,-8.900392
0.896710,-1.052692,-8.898424
0.889551,-1.065256,-8.896436
0.882393,-1.077818,-8.894426
0.875236,-1.090378,-8.892395
0.868079,-1.102935,-8.890343
0.860923,-1.115491,-8.888270
0.853768,-1.128045,-8.886176
0.846613,-1.140596,-8.884060
0.839460,-1.153145,-8.881923
0.832306,-1.165691,-8.879765
0.825154,-1.178236,-8.877586
0.818002,-1.190778,-8.875386
0.810852,-1.203317,-8.873165
0.803701,-1.215854,-8.870922
0.796552,-1.228389,-8.868659
0.789403,-1.240920,-8.866374
0.782256,-1.253450,-8.864068
0.775108,-1.265977,-8.861741
0.767962,-1.278501,-8.859393
0.760817,-1.291022,-8.857023
0.753672,-1.303541,-8.854633
0.746528,-1.316057,-8.852221
0.739385,-1.328570,-8.849789
0.732242,-1.341080,-8.847335
0.725101,-1.353587,-8.844860
0.717960,-1.366092,-8.842364
0.710820,-1.378593,-8.839848
0.703681,-1.391092,-8.837309
0.696543,-1.403587,-8.834750
0.689406,-1.416079,-8.832170
0.682269,-1.428569,-8.829569
0.675134,-1.441055,-8.826947
0.667999,-1.453538,-8.824303
0.660865,-1.466017,-8.821639
0.653732,-1.478494,-8.818953
0.646600,-1.490967,-8.816247
0.639468,-1.503436,-8.813519
0.632338,-1.515903,-8.810771
0.625208,-1.528366,-8.808001
0.618080,-1.540825,-8.805211
0.610952,-1.553281,-8.802399
0.603825,-1.565733,-8.799567
0.596699,-1.578182,-8.796713
0.589574,-1.590627,-8.793839
0.582450,-1.603069,-8.790943
0.575327,-1.615507,-8.788027
0.568205,-1.627941,-8.785089
0.561084,-1.640371,-8.782131
0.553963,-1.652798,-8.779152
0.546844,-1.665220,-8.776151
0.539726,-1.677639,-8.773130
0.532608,-1.690054,-8.770088
0.525492,-1.702465,-8.767025
0.518376,-1.714872,-8.763941
0.511262,-1.727275,-8.760836
0.504149,-1.739674,-8.757710
0.497036,-1.752069,-8.754564
0.489925,-1.764459,-8.751396
0.482814,-1.776846,-8.748208
0.475705,-1.789228,-8.744998
0.468596,-1.801606,-8.741768
0.461489,-1.813979,-8.738517
0.454382,-1.826349,-8.735245
0.447277,-1.838714,-8.731953
0.440173,-1.851074,-8.728639
0.433069,-1.863430,-8.725305
0.425967,-1.875782,-8.721950
0.418866,-1.888129,-8.718574
0.411766,-1.900471,-8.715177
0.404667,-1.912809,-8.711759
0.397569,-1.925143,-8.708321
0.390472,-1.937471,-8.704862
0.383376,-1.949795,-8.701382
0.376282,-1.962114,-8.697882
0.369188,-1.974428,-8.694360
0.362095,-1.986738,-8.690818
0.355004,-1.999043,-8.687255
0.347914,-2.011342,-8.683672
0.340824,-2.023637,-8.680068
0.333736,-2.035927,-8.676443
0.326649,-2.048212,-8.672797
0.319564,-2.060492,-8.669131
0.312479,-2.072766,-8.665444
0.305395,-2.085036,-8.661736
0.298313,-2.097300,-8.658008
0.291232,-2.109559,-8.654259
0.284152,-2.121813,-8.650489
0.277073,-2.134062,-8.646699
0.269995,-2.146305,-8.642888
0.262919,-2.158543,-8.639057
0.255843,-2.170776,-8.635205
0.248769,-2.183003,-8.631332
0.241696,-2.195225,-8.627439
0.234624,-2.207441,-8.623525
0.227554,-2.219652,-8.619591
0.220484,-2.231857,-8.615636
0.213416,-2.244057,-8.611661
0.206349,-2.256250,-8.607665
0.199283,-2.268439,-8.603648
0.192219,-2.280621,-8.599611
0.185156,-2.292798,-8.595554
0.178094,-2.304969,-8.591476
0.171033,-2.317134,-8.587378
0.163973,-2.329293,-8.583259
0.156915,-2.341446,-8.579120
0.149858,-2.353594,-8.574960
0.142802,-2.365735,-8.570780
0.135748,-2.377870,-8.566579
0.128694,-2.389999,-8.562358
0.121643,-2.402123,-8.558117
0.114592,-2.414240,-8.553855
0.107543,-2.426351,-8.549573
0.100495,-2.438455,-8.545271
0.093448,-2.450554,-8.540948
0.086402,-2.462646,-8.536605
0.079358,-2.474732,-8.532241
0.072315,-2.486811,-8.527857
0.065274,-2.498884,-8.523453
0.058234,-2.510951,-8.519029
0.051195,-2.523011,-8.514584
0.044157,-2.535065,-8.510119
0.037121,-2.547112,-8.505634
0.030087,-2.559153,-8.501129
0.023053,-2.571187,-8.496603
0.016021,-2.583214,-8.492057
0.008990,-2.595235,-8.487491
0.001961,-2.607249,-8.482905
-0.005067,-2.619256,-8.478299
-0.012094,-2.631256,-8.473672
-0.019119,-2.643250,-8.469025
-0.026143,-2.655237,-8.464358
-0.033165,-2.667216,-8.459671
-0.040186,-2.679189,-8.454964
-0.047206,-2.691155,-8.450237
-0.054224,-2.703114,-8.445490
-0.061241,-2.715066,-8.440722
-0.068256,-2.727011,-8.435935
-0.075270,-2.738948,-8.431127
-0.082282,-2.750879,-8.426300
-0.089294,-2.762802,-8.421452
-0.096303,-2.774718,-8.416585
-0.103311,-2.786627,-8.411697
-0.110318,-2.798528,-8.406789
-0.117323,-2.810423,-8.401862
-0.124327,-2.822309,-8.396915
-0.131330,-2.834189,-8.391947
-0.138330,-2.846061,-8.386960
-0.145330,-2.857925,-8.381953
-0.152328,-2.869782,-8.376925
-0.159324,-2.881631,-8.371878
-0.166319,-2.893473,-8.366811
-0.173313,-2.905307,-8.361725
-0.180305,-2.917134,-8.356618
-0.187295,-2.928953,-8.351492
-0.194284,-2.940764,-8.346345
-0.201271,-2.952567,-8.341179
-0.208257,-2.964362,-8.335994
-0.215242,-2.976150,-8.330788
-0.222225,-2.987930,-8.325563
-0.229206,-2.999702,-8.320318
-0.236186,-3.011466,-8.315053
-0.243164,-3.023222,-8.309768
-0.250141,-3.034969,-8.304464
-0.257116,-3.046709,-8.299140
-0.264089,-3.058441,-8.293796
-0.271061,-3.070165,-8.288433
-0.278032,-3.081880,-8.283050
-0.285001,-3.093587,-8.277648
-0.291968,-3.105286,-8.272226
-0.298934,-3.116977,-8.266784
-0.305898,-3.128660,-8.261323
-0.312860,-3.140334,-8.255842
-0.319821,-3.151999,-8.250342
-0.326780,-3.163657,-8.244822
-0.333738,-3.175306,-8.239283
-0.340694,-3.186946,-8.233724
-0.347649,-3.198578,-8.228145
-0.354602,-3.210201,-8.222548
-0.361553,-3.221816,-8.216930
-0.368502,-3.233422,-8.211294
-0.375450,-3.245020,-8.205638
-0.382397,-3.256608,-8.199962
-0.389341,-3.268188,-8.194267
-0.396284,-3.279760,-8.188553
-0.403226,-3.291322,-8.182819
-0.410166,-3.302876,-8.177066
-0.417104,-3.314421,-8.171294
-0.424040,-3.325957,-8.165503
-0.430975,-3.337484,-8.159692
-0.437908,-3.349002,-8.153862
-0.444839,-3.360510,-8.148012
-0.451769,-3.372010,-8.142144
-0.458697,-3.383501,-8.136256
-0.465623,-3.394983,-8.130349
-0.472548,-3.406456,-8.124423
-0.479471,-3.417919,-8.118477
-0.486392,-3.429373,-8.112513
-0.493311,-3.440818,-8.106529
-0.500229,-3.452254,-8.100527
-0.507145,-3.463680,-8.094505
-0.514059,-3.475097,-8.088464
-0.520972,-3.486505,-8.082404
-0.527882,-3.497903,-8.076325
-0.534792,-3.509292,-8.070227
-0.541699,-3.520671,-8.064110
-0.548604,-3.532041,-8.057974
-0.555508,-3.543401,-8.051819
-0.562410,-3.554751,-8.045645
-0.569311,-3.566092,-8.039452
-0.576209,-3.577423,-8.033240
-0.583106,-3.588745,-8.027010
-0.590001,-3.600057,-8.020760
-0.596894,-3.611359,-8.014492
-0.603785,-3.622651,-8.008205
-0.610675,-3.633934,-8.001898
-0.617563,-3.645206,-7.995574
-0.624449,-3.656469,-7.989230
-0.631333,-3.667722,-7.982867
-0.638215,-3.678964,-7.976486
-0.645096,-3.690197,-7.970086
-0.651975,-3.701420,-7.963668
-0.658851,-3.712633,-7.957230
-0.665727,-3.723835,-7.950774
-0.672600,-3.735027,-7.944300
-0.679471,-3.746210,-7.937806
-0.686341,-3.757382,-7.931294
-0.693209,-3.768544,-7.924764
-0.700074,-3.779695,-7.918215
-0.706938,-3.790836,-7.911647
-0.713801,-3.801967,-7.905061
-0.720661,-3.813088,-7.898456
-0.727519,-3.824198,-7.891833
-0.734376,-3.835297,-7.885191
-0.741231,-3.846387,-7.878531
-0.748083,-3.857465,-7.871853
-0.754934,-3.868533,-7.865156
-0.761783,-3.879591,-7.858440
-0.768631,-3.890638,-7.851706
-0.775476,-3.901674,-7.844954
-0.782319,-3.912700,-7.838184
-0.789161,-3.923715,-7.831395
-0.796000,-3.934719,-7.824588
-0.802838,-3.945713,-7.817762
-0.809674,-3.956695,-7.810919
-0.816507,-3.967667,-7.804057
-0.823339,-3.978628,-7.797177
-0.830169,-3.989578,-7.790278
-0.836997,-4.000517,-7.783362
-0.843823,-4.011445,-7.776427
-0.850647,-4.022362,-7.769474
-0.857469,-4.033268,-7.762503
-0.864290,-4.044163,-7.755514
-0.871108,-4.055047,-7.748507
-0.877924,-4.065920,-7.741482
-0.884738,-4.076782,-7.734439
-0.891551,-4.087632,-7.727378
-0.898361,-4.098471,-7.720299
-0.905170,-4.109299,-7.713201
-0.911976,-4.120116,-7.706086
-0.918780,-4.130921,-7.698953
-0.925583,-4.141715,-7.691802
-0.932383,-4.152498,-7.684634
-0.939182,-4.163269,-7.677447
-0.945978,-4.174029,-7.670242
-0.952773,-4.184777,-7.663020
-0.959565,-4.195513,-7.655780
-0.966355,-4.206239,-7.648522
-0.973144,-4.216952,-7.641246
-0.979930,-4.227654,-7.633953
-0.986715,-4.238344,-7.626642
-0.993497,-4.249023,-7.619313
-1.000277,-4.259690,-7.611966
-1.007055,-4.270345,-7.604602
-1.013832,-4.280988,-7.597221
-1.020606,-4.291620,-7.589821
-1.027378,-4.302240,-7.582404
-1.034148,-4.312847,-7.574970
-1.040916,-4.323443,-7.567518
-1.047682,-4.334027,-7.560048
-1.054446,-4.344599,-7.552561
-1.061207,-4.355160,-7.545057
-1.067967,-4.365708,-7.537535
-1.074725,-4.376244,-7.529995
-1.081480,-4.386767,-7.522439
-1.088234,-4.397279,-7.514865
-1.094985,-4.407779,-7.507273
-1.101734,-4.418266,-7.499664
-1.108482,-4.428741,-7.492038
-1.115227,-4.439204,-7.484395
-1.121970,-4.449655,-7.476734
-1.128711,-4.460093,-7.469056
-1.135449,-4.470520,-7.461361
-1.142186,-4.480933,-7.453649
-1.148920,-4.491334,-7.445919
-1.155653,-4.501723,-7.438173
-1.162383,-4.512100,-7.430409
-1.169111,-4.522464,-7.422628
-1.175837,-4.532815,-7.414830
-1.182561,-4.543154,-7.407015
-1.189283,-4.553480,-7.399184
-1.196002,-4.563794,-7.391335
-1.202720,-4.574095,-7.383469
-1.209435,-4.584383,-7.375586
-1.216148,-4.594658,-7.367686
-1.222859,-4.604921,-7.359769
-1.229568,-4.615171,-7.351836
-1.236274,-4.625409,-7.343885
-1.242979,-4.635633,-7.335918
-1.249681,-4.645845,-7.327934
-1.256381,-4.656043,-7.319933
-1.263079,-4.666229,-7.311915
-1.269775,-4.676402,-7.303881
-1.276468,-4.686562,-7.295830
-1.283159,-4.696709,-7.287762
-1.289848,-4.706842,-7.279677
-1.296535,-4.716963,-7.271576
-1.303220,-4.727071,-7.263459
-1.309902,-4.737165,-7.255324
-1.316583,-4.747247,-7.247173
-1.323261,-4.757315,-7.239006
-1.329936,-4.767370,-7.230822
-1.336610,-4.777412,-7.222622
-1.343281,-4.787440,-7.214405
-1.349950,-4.797455,-7.206172
-1.356617,-4.807457,-7.197922
-1.363282,-4.817445,-7.189656
-1.369944,-4.827420,-7.181373
-1.376605,-4.837382,-7.173074
-1.383262,-4.847330,-7.164759
-1.389918,-4.857265,-7.156428
-1.396571,-4.867186,-7.148080
-1.403223,-4.877094,-7.139716
-1.409871,-4.886988,-7.131336
-1.416518,-4.896868,-7.122940
-1.423162,-4.906735,-7.114528
-1.429804,-4.916588,-7.106099
-1.436444,-4.926427,-7.097654
-1.443082,-4.936253,-7.089193
-1.449717,-4.946065,-7.080717
-1.456350,-4.955863,-7.072224
-1.462980,-4.965648,-7.063715
-1.469609,-4.975419,-7.055190
-1.476235,-4.985175,-7.046649
-1.482858,-4.994918,-7.038093
-1.489480,-5.004647,-7.029520
-1.496099,-5.014362,-7.020932
-1.502715,-5.024063,-7.012327
-1.509330,-5.033750,-7.003707
-1.515942,-5.043423,-6.995071
-1.522552,-5.053082,-6.986419
-1.529159,-5.062727,-6.977752
-1.535764,-5.072358,-6.969069
-1.542367,-5.081975,-6.960370
-1.548968,-5.091577,-6.951655
-1.555566,-5.101165,-6.942925
-1.562162,-5.110739,-6.934180
-1.568755,-5.120299,-6.925418
-1.575346,-5.129845,-6.916641
-1.581935,-5.139376,-6.907849
-1.588521,-5.148893,-6.899041
-1.595105,-5.158395,-6.890218
-1.601687,-5.167883,-6.881379
-1.608266,-5.177357,-6.872525
-1.614843,-5.186816,-6.863655
-1.621418,-5.196261,-6.854770
-1.627990,-5.205691,-6.845870
-1.634560,-5.215107,-6.836954
-1.641127,-5.224508,-6.828023
-1.647692,-5.233895,-6.819077
-1.654255,-5.243267,-6.810116
-1.660815,-5.252624,-6.801139
-1.667373,-5.261967,-6.792147
-1.673928,-5.271295,-6.783140
-1.680481,-5.280608,-6.774118
-1.687032,-5.289907,-6.765081
-1.693580,-5.299191,-6.756029
-1.700126,-5.308460,-6.746962
-1.706669,-5.317714,-6.737880
-1.713210,-5.326953,-6.728783
-1.719748,-5.336178,-6.719671
-1.726285,-5.345387,-6.710544
-1.732818,-5.354582,-6.701402
-1.739349,-5.363761,-6.692245
-1.745878,-5.372926,-6.683073
-1.752405,-5.382076,-6.673887
-1.758929,-5.391210,-6.664686
-1.765450,-5.400330,-6.655470
-1.771969,-5.409434,-6.646239
-1.778486,-5.418524,-6.636994
-1.785000,-5.427598,-6.627734
-1.791511,-5.436657,-6.618459
-1.798021,-5.445701,-6.609170
-1.804527,-5.454729,-6.599866
-1.811032,-5.463743,-6.590548
-1.817534,-5.472741,-6.581215
-1.824033,-5.481724,-6.571868
-1.830530,-5.490691,-6.562506
-1.837024,-5.499643,-6.553130
-1.843516,-5.508580,-6.543739
-1.850005,-5.517501,-6.534334
-1.856492,-5.526407,-6.524915
-1.862977,-5.535298,-6.515481
-1.869459,-5.544173,-6.506033
-1.875938,-5.553032,-6.496571
-1.882415,-5.561876,-6.487094
-1.888890,-5.570705,-6.477604
-1.895362,-5.579517,-6.468099
-1.901831,-5.588315,-6.458580
-1.908298,-5.597096,-6.449047
-1.914762,-5.605862,-6.439500
-1.921224,-5.614613,-6.429938
-1.927684,-5.623347,-6.420363
-1.934141,-5.632066,-6.410774
-1.940595,-5.640769,-6.401171
-1.947047,-5.649456,-6.391554
-1.953496,-5.658128,-6.381923
-1.959943,-5.666784,-6.372278
-1.966387,-5.675424,-6.362619
-1.972829,-5.684048,-6.352947
-1.979268,-5.692656,-6.343260
-1.985704,-5.701248,-6.333560
-1.992138,-5.709824,-6.323847
-1.998570,-5.718384,-6.314119
-2.004999,-5.726929,-6.304378
-2.011425,-5.735457,-6.294623
-2.017849,-5.743969,-6.284855
-2.024270,-5.752465,-6.275073
-2.030689,-5.760945,-6.265278
-2.037105,-5.769409,-6.255469
-2.043519,-5.777857,-6.245646
-2.049930,-5.786288,-6.235810
-2.056338,-5.794704,-6.225961
-2.062744,-5.803103,-6.216098
-2.069147,-5.811486,-6.206222
-2.075548,-5.819853,-6.196333
-2.081946,-5.828203,-6.186430
-2.088341,-5.836537,-6.176514
-2.094734,-5.844855,-6.166585
-2.101124,-5.853156,-6.156643
-2.107512,-5.861442,-6.146687
-2.113897,-5.869710,-6.136719
-2.120280,-5.877962,-6.126737
-2.126660,-5.886198,-6.116742
-2.133037,-5.894418,-6.106734
-2.139412,-5.902620,-6.096713
-2.145784,-5.910807,-6.086679
-2.152153,-5.918977,-6.076632
-2.158520,-5.927130,-6.066573
-2.164884,-5.935266,-6.056500
-2.171246,-5.943386,-6.046414
-2.177605,-5.951490,-6.036316
-2.183961,-5.959577,-6.026205
-2.190315,-5.967647,-6.016081
-2.196666,-5.975700,-6.005944
-2.203014,-5.983737,-5.995795
-2.209360,-5.991757,-5.985633
-2.215703,-5.999760,-5.975458
-2.222044,-6.007746,-5.965271
-2.228382,-6.015716,-5.955071
-2.234717,-6.023669,-5.944859
-2.241050,-6.031605,-5.934634
-2.247379,-6.039524,-5.924397
-2.253707,-6.047426,-5.914147
-2.260031,-6.055311,-5.903885
-2.266353,-6.063180,-5.893610
-2.272673,-6.071031,-5.883323
-2.278989,-6.078865,-5.873024
-2.285303,-6.086683,-5.862713
-2.291614,-6.094483,-5.852389
-2.297923,-6.102266,-5.842053
-2.304229,-6.110033,-5.831705
-2.310532,-6.117782,-5.821344
-2.316833,-6.125514,-5.810972
-2.323131,-6.133229,-5.800587
-2.329426,-6.140926,-5.790190
-2.335718,-6.148607,-5.779782
-2.342008,-6.156270,-5.769361
-2.348295,-6.163917,-5.758929
-2.354580,-6.171545,-5.748484
-2.360862,-6.179157,-5.738028
-2.367141,-6.186752,-5.727559
-2.373417,-6.194329,-5.717079
-2.379691,-6.201889,-5.706587
-2.385962,-6.209431,-5.696083
-2.392230,-6.216956,-5.685568
-2.398495,-6.224464,-5.675041
-2.404758,-6.231954,-5.664502
-2.411018,-6.239427,-5.653952
-2.417276,-6.246882,-5.643390
-2.423530,-6.254320,-5.632816
-2.429782,-6.261741,-5.622231
-2.436032,-6.269144,-5.611634
-2.442278,-6.276530,-5.601026
-2.448522,-6.283898,-5.590407
-2.454763,-6.291248,-5.579776
-2.461001,-6.298581,-5.569133
-2.467237,-6.305896,-5.558480
-2.473470,-6.313194,-5.547815
-2.479700,-6.320474,-5.537138
-2.485927,-6.327736,-5.526451
-2.492152,-6.334980,-5.515752
-2.498373,-6.342207,-5.505043
-2.504593,-6.349417,-5.494322
-2.510809,-6.356608,-5.483590
-2.517023,-6.363782,-5.472846
-2.523233,-6.370938,-5.462092
-2.529441,-6.378076,-5.451327
-2.535647,-6.385196,-5.440551
-2.541849,-6.392299,-5.429764
-2.548049,-6.399383,-5.418966
-2.554246,-6.406450,-5.408157
-2.560441,-6.413499,-5.397337
-2.566632,-6.420530,-5.386507
-2.572821,-6.427543,-5.375666
-2.579007,-6.434538,-5.364814
-2.585190,-6.441515,-5.353951
-2.591370,-6.448475,-5.343078
-2.597548,-6.455416,-5.332194
-2.603723,-6.462339,-5.321299
-2.609895,-6.469244,-5.310394
-2.616064,-6.476131,-5.299478
-2.622231,-6.483000,-5.288552
-2.628395,-6.489851,-5.277616
-2.634556,-6.496684,-5.266669
-2.640714,-6.503499,-5.255711
-2.646869,-6.510295,-5.244744
-2.653022,-6.517073,-5.233766
-2.659171,-6.523834,-5.222777
-2.665318,-6.530576,-5.211779
-2.671462,-6.537299,-5.200770
-2.677604,-6.544005,-5.189751
-2.683742,-6.550692,-5.178722
-2.689878,-6.557361,-5.167682
-2.696011,-6.564012,-5.156633
-2.702141,-6.570644,-5.145574
-2.708268,-6.577259,-5.134504
-2.714393,-6.583854,-5.123425
-2.720515,-6.590432,-5.112335
-2.726633,-6.596991,-5.101236
-2.732749,-6.603532,-5.090127
-2.738863,-6.610054,-5.079008
-2.744973,-6.616558,-5.067879
-2.751081,-6.623043,-5.056741
-2.757185,-6.629510,-5.045593
-2.763287,-6.635958,-5.034435
-2.769386,-6.642388,-5.023267
-2.775482,-6.648800,-5.012090
-2.781576,-6.655193,-5.000903
-2.787666,-6.661567,-4.989707
-2.793754,-6.667923,-4.978501
-2.799839,-6.674261,-4.967286
-2.805921,-6.680579,-4.956061
-2.812000,-6.686879,-4.944827
-2.818077,-6.693161,-4.933583
-2.824150,-6.699424,-4.922330
-2.830221,-6.705668,-4.911068
-2.836288,-6.711894,-4.899796
-2.842353,-6.718101,-4.888515
-2.848416,-6.724289,-4.877225
-2.854475,-6.730458,-4.865926
-2.860531,-6.736609,-4.854618
-2.866585,-6.742741,-4.843300
-2.872635,-6.748854,-4.831974
-2.878683,-6.754949,-4.820639
-2.884728,-6.761024,-4.809294
-2.890770,-6.767081,-4.797941
-2.896809,-6.773119,-4.786578
-2.902846,-6.779138,-4.775207
-2.908879,-6.785139,-4.763827
-2.914910,-6.791120,-4.752438
-2.920937,-6.797083,-4.741040
-2.926962,-6.803027,-4.729634
-2.932984,-6.808952,-4.718219
-2.939003,-6.814858,-4.706795
-2.945019,-6.820744,-4.695363
-2.951033,-6.826612,-4.683922
-2.957043,-6.832462,-4.672472
-2.963051,-6.838292,-4.661014
-2.969055,-6.844103,-4.649547
-2.975057,-6.849895,-4.638072
-2.981056,-6.855668,-4.626589
-2.987052,-6.861422,-4.615097
-2.993045,-6.867157,-4.603597
-2.999035,-6.872873,-4.592088
-3.005022,-6.878569,-4.580571
-3.011007,-6.884247,-4.569046
-3.016988,-6.889906,-4.557513
-3.022967,-6.895545,-4.545972
-3.028943,-6.901166,-4.534422
-3.034915,-6.906767,-4.522864
-3.040885,-6.912349,-4.511299
-3.046852,-6.917912,-4.499725
-3.052816,-6.923455,-4.488143
-3.058778,-6.928980,-4.476554
-3.064736,-6.934485,-4.464956
-3.070691,-6.939971,-4.453351
-3.076644,-6.945438,-4.441737
-3.082593,-6.950886,-4.430116
-3.088540,-6.956314,-4.418487
-3.094483,-6.961723,-4.406851
-3.100424,-6.967113,-4.395206
-3.106362,-6.972483,-4.383554
-3.112297,-6.977834,-4.371895
-3.118229,-6.983166,-4.360228
-3.124158,-6.988478,-4.348553
-3.130084,-6.993771,-4.336871
-3.136007,-6.999045,-4.325181
-3.141928,-7.004299,-4.313484
-3.147845,-7.009534,-4.301780
-3.153760,-7.014750,-4.290068
-3.159671,-7.019946,-4.278348
-3.165580,-7.025123,-4.266622
-3.171485,-7.030280,-4.254888
-3.177388,-7.035418,-4.243147
-3.183288,-7.040536,-4.231399
-3.189185,-7.045635,-4.219644
-3.195078,-7.050714,-4.207881
-3.200969,-7.055774,-4.196112
-3.206857,-7.060814,-4.184335
-3.212742,-7.065835,-4.172552
-3.218625,-7.070837,-4.160761
-3.224504,-7.075818,-4.148964
-3.230380,-7.080781,-4.137160
-3.236253,-7.085723,-4.125348
-3.242124,-7.090646,-4.113530
-3.247991,-7.095550,-4.101706
-3.253855,-7.100434,-4.089874
-3.259717,-7.105298,-4.078036
-3.265575,-7.110143,-4.066191
-3.271431,-7.114968,-4.054340
-3.277284,-7.119773,-4.042482
-3.283133,-7.124559,-4.030617
-3.288980,-7.129325,-4.018746
-3.294824,-7.134071,-4.006868
-3.300664,-7.138798,-3.994984
-3.306502,-7.143505,-3.983094
-3.312337,-7.148192,-3.971197
-3.318169,-7.152860,-3.959294
-3.323998,-7.157508,-3.947384
-3.329824,-7.162136,-3.935469
-3.335647,-7.166744,-3.923547
-3.341467,-7.171333,-3.911619
-3.347284,-7.175902,-3.899684
-3.353098,-7.180451,-3.887744
-3.358909,-7.184980,-3.875798
-3.364717,-7.189489,-3.863845
-3.370523,-7.193979,-3.851887
-3.376325,-7.198449,-3.839922
-3.382124,-7.202899,-3.827952
-3.387920,-7.207329,-3.815976
-3.393713,-7.211740,-3.803994
-3.399504,-7.216130,-3.792006
-3.405291,-7.220501,-3.780012
-3.411075,-7.224852,-3.768013
-3.416857,-7.229183,-3.756008
-3.422635,-7.233494,-3.743997
-3.428410,-7.237785,-3.731981
-3.434183,-7.242056,-3.719959
-3.439952,-7.246308,-3.707932
-3.445719,-7.250539,-3.695899
-3.451482,-7.254751,-3.683860
-3.457243,-7.258942,-3.671816
-3.463000,-7.263114,-3.659767
-3.468755,-7.267266,-3.647713
-3.474506,-7.271397,-3.635653
-3.480254,-7.275509,-3.623587
-3.486000,-7.279601,-3.611517
-3.491743,-7.283673,-3.599441
-3.497482,-7.287724,-3.587361
-3.503219,-7.291756,-3.575275
-3.508952,-7.295768,-3.563184
-3.514683,-7.299760,-3.551087
-3.520410,-7.303732,-3.538986
-3.526135,-7.307683,-3.526880
-3.531856,-7.311615,-3.514769
-3.537575,-7.315527,-3.502653
-3.543290,-7.319418,-3.490533
-3.549003,-7.323290,-3.478407
-3.554712,-7.327141,-3.466277
-3.560419,-7.330973,-3.454141
-3.566122,-7.334784,-3.442002
-3.571823,-7.338575,-3.429857
-3.577520,-7.342346,-3.417708
-3.583215,-7.346097,-3.405554
-3.588906,-7.349828,-3.393396
-3.594595,-7.353539,-3.381233
-3.600280,-7.357229,-3.369065
-3.605963,-7.360900,-3.356894
-3.611642,-7.364550,-3.344717
-3.617319,-7.368181,-3.332537
-3.622992,-7.371791,-3.320352
-3.628663,-7.375381,-3.308163
-3.634330,-7.378950,-3.295969
-3.639994,-7.382500,-3.283772
-3.645656,-7.386029,-3.271570
-3.651314,-7.389539,-3.259364
-3.656970,-7.393028,-3.247154
-3.662622,-7.396497,-3.234939
-3.668271,-7.399945,-3.222721
-3.673918,-7.403374,-3.210499
-3.679561,-7.406782,-3.198273
-3.685201,-7.410170,-3.186043
-3.690838,-7.413538,-3.173809
-3.696473,-7.416886,-3.161571
-3.702104,-7.420213,-3.149330
-3.707732,-7.423520,-3.137084
-3.713357,-7.426807,-3.124835
-3.718979,-7.430074,-3.112582
-3.724599,-7.433320,-3.100326
-3.730215,-7.436546,-3.088066
-3.735828,-7.439752,-3.075802
-3.741438,-7.442938,-3.063535
-3.747045,-7.446103,-3.051265
-3.752649,-7.449248,-3.038991
-3.758250,-7.452373,-3.026713
-3.763848,-7.455478,-3.014432
-3.769443,-7.458562,-3.002148
-3.775035,-7.461626,-2.989861
-3.780624,-7.464669,-2.977570
-3.786209,-7.467693,-2.965276
-3.791792,-7.470696,-2.952979
-3.797372,-7.473679,-2.940678
-3.802949,-7.476641,-2.928375
-3.808523,-7.479583,-2.916069
-3.814093,-7.482505,-2.903759
-3.819661,-7.485406,-2.891446
-3.825226,-7.488287,-2.879131
-3.830787,-7.491148,-2.866813
-3.836346,-7.493989,-2.854491
-3.841901,-7.496809,-2.842167
-3.847454,-7.499609,-2.829840
-3.853003,-7.502388,-2.817510
-3.858550,-7.505147,-2.805178
-3.864093,-7.507886,-2.792843
-3.869633,-7.510604,-2.780505
-3.875171,-7.513302,-2.768165
-3.880705,-7.515980,-2.755822
-3.886236,-7.518637,-2.743476
-3.891764,-7.521274,-2.731128
-3.897290,-7.523891,-2.718778
-3.902812,-7.526487,-2.706425
-3.908331,-7.529063,-2.694070
-3.913847,-7.531618,-2.681712
-3.919360,-7.534153,-2.669352
-3.924870,-7.536668,-2.656990
-3.930377,-7.539162,-2.644626
-3.935881,-7.541636,-2.632259
-3.941382,-7.544090,-2.619890
-3.946880,-7.546523,-2.607519
-3.952374,-7.548936,-2.595146
-3.957866,-7.551328,-2.582771
-3.963355,-7.553700,-2.570395
-3.968840,-7.556052,-2.558016
-3.974323,-7.558383,-2.545635
-3.979803,-7.560694,-2.533252
-3.985279,-7.562984,-2.520867
-3.990753,-7.565254,-2.508481
-3.996223,-7.567504,-2.496093
-4.001691,-7.569733,-2.483703
-4.007155,-7.571941,-2.471311
-4.012616,-7.574130,-2.458918
-4.018075,-7.576298,-2.446523
-4.023530,-7.578445,-2.434127
-4.028982,-7.580572,-2.421729
-4.034431,-7.582679,-2.409330
-4.039877,-7.584765,-2.396929
-4.045320,-7.586831,-2.384526
-4.050760,-7.588877,-2.372123
-4.056197,-7.590902,-2.359718
-4.061631,-7.592906,-2.347311
-4.067062,-7.594890,-2.334904
-4.072490,-7.596854,-2.322495
-4.077915,-7.598798,-2.310085
-4.083336,-7.600721,-2.297673
-4.088755,-7.602623,-2.285261
-4.094171,-7.604505,-2.272848
-4.099583,-7.606367,-2.260433
-4.104993,-7.608208,-2.248018
-4.110399,-7.610029,-2.235602
-4.115803,-7.611829,-2.223184
-4.121203,-7.613609,-2.210766
-4.126601,-7.615369,-2.198347
-4.131995,-7.617108,-2.185927
-4.137386,-7.618827,-2.173507
-4.142774,-7.620525,-2.161085
-4.148160,-7.622203,-2.148663
-4.153542,-7.623861,-2.136240
-4.158921,-7.625498,-2.123817
-4.164297,-7.627115,-2.111393
-4.169670,-7.628711,-2.098969
-4.175040,-7.630287,-2.086544
-4.180407,-7.631842,-2.074119
-4.185770,-7.633377,-2.061693
-4.191131,-7.634892,-2.049267
-4.196489,-7.636386,-2.036840
-4.201844,-7.637860,-2.024413
-4.207195,-7.639314,-2.011986
-4.212544,-7.640747,-1.999559
-4.217889,-7.642159,-1.987131
-4.223232,-7.643552,-1.974704
-4.228571,-7.644923,-1.962276
-4.233908,-7.646275,-1.949848
-4.239241,-7.647606,-1.937420
-4.244571,-7.648917,-1.924992
-4.249899,-7.650207,-1.912564
-4.255223,-7.651477,-1.900136
-4.260544,-7.652726,-1.887709
-4.265862,-7.653956,-1.875281
-4.271177,-7.655164,-1.862854
-4.276489,-7.656353,-1.850427
-4.281798,-7.657521,-1.838000
-4.287104,-7.658668,-1.825574
-4.292407,-7.659796,-1.813147
-4.297707,-7.660903,-1.800722
-4.303004,-7.661989,-1.788296
-4.308297,-7.663055,-1.775871
-4.313588,-7.664101,-1.763447
-4.318876,-7.665127,-1.751023
-4.324160,-7.666132,-1.738600
-4.329442,-7.667117,-1.726177
-4.334720,-7.668081,-1.713755
-4.339996,-7.669025,-1.701334
-4.345268,-7.669949,-1.688913
-4.350537,-7.670852,-1.676493
-4.355804,-7.671735,-1.664074
-4.361067,-7.672598,-1.651656
-4.366327,-7.673441,-1.639238
-4.371584,-7.674263,-1.626822
-4.376839,-7.675064,-1.614407
-4.382090,-7.675846,-1.601992
-4.387338,-7.676607,-1.589579
-4.392583,-7.677348,-1.577166
-4.397825,-7.678069,-1.564755
-4.403063,-7.678769,-1.552345
-4.408299,-7.679449,-1.539936
-4.413532,-7.680109,-1.527528
-4.418762,-7.680748,-1.515122
-4.423989,-7.681367,-1.502717
-4.429212,-7.681966,-1.490313
-4.434433,-7.682545,-1.477911
-4.439650,-7.683103,-1.465510
-4.444865,-7.683641,-1.453110
-4.450076,-7.684159,-1.440712
-4.455285,-7.684656,-1.428315
-4.460490,-7.685134,-1.415920
-4.465693,-7.685591,-1.403527
-4.470892,-7.686028,-1.391135
-4.476088,-7.686444,-1.378745
-4.481282,-7.686841,-1.366357
-4.486472,-7.687217,-1.353970
-4.491659,-7.687573,-1.341586
-4.496843,-7.687909,-1.329203
-4.502024,-7.688224,-1.316822
-4.507202,-7.688519,-1.304443
-4.512377,-7.688795,-1.292065
-4.517549,-7.689050,-1.279690
-4.522718,-7.689284,-1.267317
-4.527884,-7.689499,-1.254946
-4.533047,-7.689694,-1.242577
-4.538207,-7.689868,-1.230210
-4.543363,-7.690022,-1.217845
-4.548517,-7.690156,-1.205483
-4.553668,-7.690270,-1.193122
-4.558815,-7.690364,-1.180764
-4.563960,-7.690437,-1.168409
-4.569102,-7.690491,-1.156055
-4.574240,-7.690524,-1.143704
-4.579376,-7.690537,-1.131356
-3.632018,-7.597451,-2.246342
-3.605378,-7.664037,-2.239902
-3.578176,-7.729398,-2.233885
-3.550415,-7.793693,-2.228285
-3.522101,-7.857064,-2.223097
-3.494534,-7.918947,-2.219107
-3.468885,-7.977967,-2.216446
-3.445401,-8.033606,-2.214916
-3.423883,-8.086186,-2.214456
-3.404151,-8.136000,-2.215007
-3.386042,-8.183313,-2.216517
-3.369406,-8.228365,-2.218940
-3.354109,-8.271373,-2.222233
-3.340027,-8.312533,-2.226358
-3.327050,-8.352025,-2.231279
-3.315077,-8.388395,-2.235898
-3.304016,-8.421470,-2.239944
-3.293782,-8.451559,-2.243475
-3.284299,-8.478943,-2.246541
-3.275498,-8.503875,-2.249187
-3.892085,-8.526586,-2.251456
-4.009362,-8.547285,-2.252984
-4.027286,-8.566146,-2.254137
-4.043171,-8.583340,-2.255010
-4.057223,-8.599023,-2.255631
-4.069631,-8.613338,-2.256026
-4.080561,-8.626411,-2.256217
-4.090163,-8.638361,-2.256225
-4.098575,-8.649292,-2.256069
-4.105917,-8.659299,-2.255765
-4.112298,-8.668470,-2.255329
-4.117817,-8.676882,-2.254775
-4.122563,-8.684608,-2.254114
-4.126614,-8.691710,-2.253357
-4.130043,-8.698248,-2.252516
-4.132912,-8.704274,-2.251598
-4.135279,-8.709835,-2.250612
-4.137197,-8.714977,-2.249565
-4.138712,-8.719736,-2.248464
-4.139865,-8.724150,-2.247315
-4.140695,-8.728250,-2.246123
-4.141234,-8.732066,-2.244894
-4.141513,-8.735623,-2.243630
-4.141559,-8.738947,-2.242338
-4.141397,-8.742057,-2.241019
-4.141049,-8.744975,-2.239678
-4.140534,-8.747718,-2.238317
-4.139870,-8.750301,-2.236939
-4.139073,-8.752740,-2.235546
-4.138158,-8.755048,-2.234141
-4.137137,-8.757237,-2.232724
-4.136021,-8.759317,-2.231299
-4.134822,-8.761298,-2.229867
-4.133548,-8.763189,-2.228429
-4.132208,-8.764999,-2.226986
-4.130809,-8.766735,-2.225539
-4.129359,-8.768402,-2.224090
-4.127862,-8.770008,-2.222640
-4.126325,-8.771557,-2.221189
-4.124752,-8.773055,-2.219738
-4.123149,-8.774505,-2.218287
-4.121518,-8.775913,-2.216838
-4.119863,-8.777281,-2.215391
-4.118188,-8.778614,-2.213947
-4.116495,-8.779913,-2.212505
-4.114787,-8.781182,-2.211067
-4.113066,-8.782422,-2.209632
-4.111334,-8.783638,-2.208201
-4.109594,-8.784829,-2.206774
-4.107846,-8.785999,-2.205352
-4.106092,-8.787149,-2.203934
-4.104334,-8.788280,-2.202522
-4.102572,-8.789394,-2.201114
-4.100809,-8.790491,-2.199712
-4.099044,-8.791574,-2.198315
-4.097279,-8.792643,-2.196924
-4.095514,-8.793699,-2.195538
-4.093750,-8.794743,-2.194158
-4.091987,-8.795776,-2.192784
-4.090227,-8.796798,-2.191416
-4.088470,-8.797810,-2.190054
-4.086716,-8.798812,-2.188697
-4.084965,-8.799806,-2.187347
-4.083218,-8.800791,-2.186003
-4.081475,-8.801768,-2.184665
-4.079737,-8.802738,-2.183333
-4.078004,-8.803700,-2.182007
-4.076275,-8.804655,-2.180688
-4.074551,-8.805604,-2.179374
-4.072833,-8.806546,-2.178067
-4.071120,-8.807482,-2.176766
-4.069413,-8.808412,-2.175472
-4.067712,-8.809336,-2.174183
-4.066016,-8.810255,-2.172901
-4.064326,-8.811169,-2.171624
-4.062642,-8.812077,-2.170354
-4.060964,-8.812980,-2.169091
-4.059292,-8.813878,-2.167833
-4.057626,-8.814772,-2.166582
-4.055967,-8.815660,-2.165336
-4.054313,-8.816544,-2.164097
-4.052666,-8.817424,-2.162864
-4.051025,-8.818299,-2.161637
-4.049390,-8.819170,-2.160416
-4.047762,-8.820036,-2.159201
-4.046140,-8.820899,-2.157992
-4.044524,-8.821757,-2.156789
-4.042914,-8.822611,-2.155592
-4.041311,-8.823461,-2.154401
-4.039714,-8.824307,-2.153216
-4.038124,-8.825149,-2.152036
-4.036539,-8.825988,-2.150863
-4.034961,-8.826822,-2.149695
-4.033390,-8.827653,-2.148534
-4.031824,-8.828480,-2.147378
-4.030265,-8.829303,-2.146228
-4.028712,-8.830122,-2.145083
-4.027165,-8.830938,-2.143945
-4.025624,-8.831750,-2.142812
-4.024090,-8.832559,-2.141685
-4.022562,-8.833364,-2.140563
-4.021040,-8.834165,-2.139447
-4.019524,-8.834963,-2.138337
-4.018014,-8.835757,-2.137232
-4.016510,-8.836548,-2.136133
-4.015013,-8.837336,-2.135039
-4.013521,-8.838119,-2.133951
-4.012036,-8.838900,-2.132868
-4.010556,-8.839677,-2.131791
-4.009083,-8.840451,-2.130719
-4.007616,-8.841221,-2.129652
-4.006154,-8.841989,-2.128591
-4.004699,-8.842752,-2.127535
-4.003249,-8.843513,-2.126485
-4.001805,-8.844270,-2.125440
-4.000367,-8.845024,-2.124400
-3.998936,-8.845775,-2.123365
-3.997509,-8.846522,-2.122336
-3.996089,-8.847266,-2.121312
-3.994675,-8.848007,-2.120293
-3.993266,-8.848745,-2.119279
-3.991863,-8.849480,-2.118270
-3.990466,-8.850212,-2.117266
-3.989074,-8.850940,-2.116268
-3.987689,-8.851665,-2.115274
-3.986308,-8.852387,-2.114285
-3.984934,-8.853106,-2.113302
-3.983565,-8.853822,-2.112323
-3.982202,-8.854535,-2.111350
-3.980844,-8.855245,-2.110381
-3.979492,-8.855952,-2.109417
-3.978146,-8.856656,-2.108458
-3.976805,-8.857357,-2.107504
-3.975469,-8.858054,-2.106555
-3.974139,-8.858749,-2.105611
-3.972815,-8.859441,-2.104671
-3.971496,-8.860130,-2.103736
-3.970182,-8.860816,-2.102806
-3.968874,-8.861499,-2.101880
-3.967571,-8.862179,-2.100960
-3.966273,-8.862856,-2.100044
-3.964981,-8.863531,-2.099132
-3.963694,-8.864202,-2.098226
-3.962413,-8.864871,-2.097323
-3.961136,-8.865537,-2.096426
-3.959865,-8.866200,-2.095533
-3.958600,-8.866860,-2.094644
-3.957339,-8.867517,-2.093760
-3.956084,-8.868171,-2.092881
-3.954834,-8.868823,-2.092006
-3.953589,-8.869472,-2.091135
-3.952349,-8.870118,-2.090269
-3.951114,-8.870762,-2.089407
-3.949884,-8.871402,-2.088550
-3.948660,-8.872040,-2.087697
-3.947440,-8.872675,-2.086848
-3.946226,-8.873308,-2.086004
-3.945016,-8.873938,-2.085164
-3.943812,-8.874565,-2.084328
-3.942613,-8.875189,-2.083496
-3.941418,-8.875811,-2.082669
-3.940229,-8.876430,-2.081846
-3.939044,-8.877047,-2.081027
-3.937864,-8.877661,-2.080212
-3.936690,-8.878272,-2.079402
-3.935520,-8.878881,-2.078595
-3.934355,-8.879487,-2.077793
-3.933194,-8.880091,-2.076995
-3.932039,-8.880692,-2.076200
-3.930888,-8.881290,-1.813533
-3.929680,-8.881926,-1.074624
-3.928302,-8.882673,-1.073842
-3.926932,-8.883416,-1.073064
-3.925568,-8.884154,-1.072290
-3.924212,-8.884888,-1.071520
-3.922863,-8.885619,-1.070753
-3.921521,-8.886345,-1.069991
-3.920186,-8.887067,-1.069233
-3.918858,-8.887785,-1.068478
-3.917536,-8.888499,-1.067727
-3.916222,-8.889209,-1.066980
-3.914915,-8.889915,-1.066237
-3.913614,-8.890618,-1.065498
-3.912321,-8.891316,-1.064762
-3.911034,-8.892010,-1.064031
-3.909754,-8.892701,-1.063303
-3.908480,-8.893388,-1.062578
-3.907214,-8.894071,-1.061858
-3.905954,-8.894750,-1.061141
-3.904700,-8.895425,-1.060428
-3.903453,-8.896097,-1.059718
-3.902213,-8.896765,-1.059012
-3.900979,-8.897429,-1.058310
-3.899752,-8.898089,-1.057611
-3.898531,-8.898746,-1.056916
-3.897316,-8.899399,-1.056224
-3.896108,-8.900049,-1.055536
-3.894906,-8.900695,-1.054852
-3.893710,-8.901337,-1.054171
-3.892521,-8.901976,-1.053493
-3.891338,-8.902612,-1.052819
-3.890161,-8.903243,-1.052149
-3.888990,-8.903872,-1.051481
-3.887826,-8.904496,-1.050818
-3.886667,-8.905118,-1.050157
-3.885515,-8.905736,-1.049500
-3.884369,-8.906350,-1.048847
-3.883228,-8.906961,-1.048196
-3.882094,-8.907569,-1.047550
-3.880965,-8.908174,-1.046906
-3.879843,-8.908775,-1.046266
-3.878726,-8.909372,-1.045629
-3.877616,-8.909967,-1.044995
-3.876511,-8.910558,-1.044364
-3.875412,-8.911146,-1.043737
-3.874318,-8.911730,-1.043113
-3.873230,-8.912312,-1.042492
-3.872149,-8.912890,-1.041875
-3.871072,-8.913465,-1.041260
-3.870002,-8.914037,-1.040649
-3.868937,-8.914606,-1.040041
-3.867877,-8.915171,-1.039435
-3.866823,-8.915734,-1.038834
-3.865775,-8.916293,-1.038235
-3.864732,-8.916849,-1.037639
-3.863695,-8.917403,-1.037046
-3.862663,-8.917953,-1.036457
-3.861636,-8.918500,-1.035870
-3.860615,-8.919044,-1.035286
-3.859599,-8.919585,-1.034706
-3.858589,-8.920124,-1.034128
-3.857583,-8.920659,-1.033553
-3.856584,-8.921191,-1.032982
-3.855589,-8.921720,-1.032413
-3.854599,-8.922247,-1.031847
-3.853615,-8.922770,-1.031284
-3.852636,-8.923291,-1.030724
-3.851662,-8.923809,-1.030167
-3.850693,-8.924324,-1.029613
-3.849729,-8.924836,-1.029061
-3.848771,-8.925346,-1.028513
-3.847817,-8.925852,-1.027967
-3.846868,-8.926356,-1.027424
-3.845924,-8.926857,-1.026884
-3.844986,-8.927355,-1.026346
-3.844052,-8.927851,-1.025812
-3.843123,-8.928344,-1.025280
-3.842199,-8.928834,-1.024751
-3.841280,-8.929321,-1.024224
-3.840365,-8.929806,-1.023701
-3.839455,-8.930288,-1.023180
-3.838551,-8.930768,-1.022661
-3.837650,-8.931245,-1.022146
-3.836755,-8.931719,-1.021633
-3.835864,-8.932190,-1.021122
-3.834978,-8.932660,-1.020615
-3.834097,-8.933126,-1.020110
-3.833220,-8.933590,-1.019607
-3.832348,-8.934052,-1.019107
-3.831480,-8.934510,-1.018610
-3.830617,-8.934967,-1.018115
-3.829759,-8.935421,-1.017623
-3.828905,-8.935872,-1.017133
-3.828055,-8.936321,-1.016646
-3.827210,-8.936768,-1.016162
-3.826370,-8.937212,-1.015679
-3.825533,-8.937654,-1.015200
-3.824702,-8.938093,-1.014723
-3.823874,-8.938530,-1.014248
-3.823051,-8.938964,-1.013776
-3.822232,-8.939396,-1.013306
-3.821418,-8.939826,-1.012839
-3.820607,-8.940253,-1.012374
-3.819801,-8.940679,-1.011911
-3.818999,-8.941101,-1.011451
-3.818202,-8.941522,-1.010993
-3.817409,-8.941940,-1.010538
-3.816619,-8.942356,-1.010085
-3.815834,-8.942770,-1.009634
-3.815053,-8.943181,-1.009186
-3.814276,-8.943590,-1.008739
-3.813503,-8.943997,-1.008296
-3.812735,-8.944402,-1.007854
-3.811970,-8.944804,-1.007415
-3.811209,-8.945205,-1.006978
-3.810453,-8.945603,-1.006543
-3.809700,-8.945999,-1.006111
-3.808951,-8.946392,-1.005681
-3.808206,-8.946784,-1.005253
-3.807465,-8.947174,-1.004827
-3.806728,-8.947561,-1.004404
-3.805995,-8.947947,-1.003982
-3.805265,-8.948330,-1.003563
-3.804540,-8.948711,-1.003146
-3.803818,-8.949090,-1.002731
-3.803100,-8.949467,-1.002319
-3.802386,-8.949842,-1.001908
-3.801676,-8.950215,-1.001499
-3.800969,-8.950586,-1.001093
-3.800266,-8.950955,-1.000689
-3.799567,-8.951322,-1.000287
-3.798871,-8.951687,-0.999887
-3.798179,-8.952050,-0.999489
-3.797491,-8.952411,-0.999093
-3.796806,-8.952770,-0.998699
-3.796125,-8.953127,-0.998307
-3.795447,-8.953482,-0.997917
-3.794773,-8.953835,-0.997530
-3.794102,-8.954187,-0.997144
-3.793435,-8.954536,-0.996760
-3.792772,-8.954883,-0.996378
-3.792112,-8.955229,-0.995998
-3.791455,-8.955573,-0.995621
-3.790802,-8.955915,-0.995245
-3.790153,-8.956255,-0.994871
-3.789506,-8.956593,-0.994499
-3.788863,-8.956929,-0.994129
-3.788224,-8.957264,-0.993761
-3.787588,-8.957597,-0.993394
-3.786955,-8.957928,-0.993030
-3.786325,-8.958257,-0.992667
-3.785699,-8.958584,-0.992307
-3.785076,-8.958910,-0.991948
-3.784457,-8.959234,-0.991591
-3.783840,-8.959556,-0.991236
-3.783227,-8.959876,-0.990883
-3.782617,-8.960195,-0.990532
-3.782010,-8.960512,-0.990182
-3.781407,-8.960827,-0.989835
-3.780807,-8.961141,-0.989489
-3.780209,-8.961452,-0.989145
-3.779615,-8.961762,-0.988802
-3.779024,-8.962071,-0.988462
-3.778436,-8.962378,-0.988123
-3.777851,-8.962683,-0.987786
-3.777270,-8.962986,-0.987451
-3.776691,-8.963288,-0.987117
-3.776115,-8.963588,-0.986785
-3.775543,-8.963887,-0.986455
-3.774973,-8.964184,-0.986127
-3.774407,-8.964479,-0.985800
-3.773843,-8.964773,-0.985475
-3.773282,-8.965065,-0.985152
-3.772724,-8.965356,-0.984831
-3.772170,-8.965645,-0.984511
-3.771618,-8.965933,-0.984192
-3.771069,-8.966219,-0.983876
-3.770522,-8.966503,-0.983561
-3.769979,-8.966786,-0.983247
-3.769439,-8.967067,-0.982936
-3.768901,-8.967347,-0.982626
-3.768366,-8.967626,-0.982317
-3.767834,-8.967902,-0.982010
-3.767305,-8.968178,-0.981705
-3.766779,-8.968452,-0.981401
-3.766255,-8.968724,-0.981099
-3.765734,-8.968995,-0.980799
-3.765216,-8.969265,-0.980500
-3.764701,-8.969533,-0.980202
-3.764188,-8.969799,-0.979906
-3.763678,-8.970064,-0.979612
-3.763170,-8.970328,-0.979319
-3.762666,-8.970590,-0.979028
-3.762164,-8.970851,-0.978738
-3.761664,-8.971111,-0.978450
-3.761167,-8.971369,-0.978163
-3.760673,-8.971626,-0.977878
-3.760182,-8.971881,-0.977594
-3.759693,-8.972135,-0.977312
-3.759206,-8.972388,-0.977031
-3.758722,-8.972639,-0.976752
-3.758241,-8.972889,-0.976474
-3.757762,-8.973137,-0.976197
-3.757286,-8.973385,-0.975922
-3.756812,-8.973630,-0.975648
-3.756340,-8.973875,-0.975376
-3.755872,-8.974118,-0.975105
-3.755405,-8.974360,-0.974836
-3.754941,-8.974601,-0.974568
-3.754480,-8.974840,-0.974301
-3.754020,-8.975078,-0.974036
-3.753564,-8.975315,-0.973772
-3.753109,-8.975551,-0.973510
-3.752658,-8.975785,-0.973249
-3.752208,-8.976018,-0.972989
-3.751761,-8.976250,-0.972731
-3.751316,-8.976480,-0.972474
-3.750873,-8.976710,-0.972218
-3.750433,-8.976938,-0.971964
-3.749995,-8.977164,-0.971711
-3.749560,-8.977390,-0.971459
-3.749126,-8.977615,-0.971208
-3.748695,-8.977838,-0.970959
-3.748267,-8.978060,-0.970712
-3.747840,-8.978281,-0.970465
-3.747416,-8.978500,-0.970220
-3.746994,-8.978719,-0.969976
-3.746574,-8.978936,-0.969733
-3.746156,-8.979152,-0.969492
-3.745741,-8.979367,-0.969252
-3.745328,-8.979581,-0.969013
-3.744917,-8.979794,-0.968775
-3.744508,-8.980005,-0.968539
-3.744101,-8.980216,-0.968303
-3.743696,-8.980425,-0.968069
-3.743294,-8.980633,-0.967837
-3.742893,-8.980840,-0.967605
-3.742495,-8.981046,-0.967375
-3.742099,-8.981251,-0.967146
-3.741705,-8.981455,-0.966918
-3.741312,-8.981657,-0.966691
-3.740922,-8.981859,-0.966465
-3.740534,-8.982059,-0.966241
-3.740148,-8.982259,-0.966018
-3.739765,-8.982457,-0.965795
-3.739383,-8.982654,-0.965575
-3.739003,-8.982851,-0.965355
-3.738625,-8.983046,-0.965136
-3.738249,-8.983240,-0.964919
-3.737875,-8.983433,-0.964702
-3.737503,-8.983625,-0.964487
-3.737133,-8.983816,-0.964273
-3.736765,-8.984006,-0.964060
-3.736399,-8.984195,-0.963848
-3.736034,-8.984383,-0.963637
-3.735672,-8.984570,-0.963428
-3.735312,-8.984756,-0.963219
-3.734953,-8.984941,-0.963012
-3.734597,-8.985125,-0.962805
-3.734242,-8.985308,-0.962600
-3.733889,-8.985490,-0.962396
-3.733538,-8.985672,-0.962192
-3.733189,-8.985852,-0.961990
-3.732841,-8.986031,-0.961789
-3.732496,-8.986209,-0.961589
-3.732152,-8.986386,-0.961390
-3.731810,-8.986563,-0.961192
-3.731470,-8.986738,-0.960995
-3.731131,-8.986912,-0.960799
-3.730795,-8.987086,-0.960604
-3.730460,-8.987259,-0.960411
-3.730127,-8.987430,-0.960218
-3.729795,-8.987601,-0.960026
-3.729466,-8.987771,-0.959835
-3.729138,-8.987940,-0.959645
-3.728812,-8.988108,-0.959456
-3.728487,-8.988275,-0.959268
-3.728165,-8.988441,-0.959082
-3.727844,-8.988606,-0.958896
-3.727524,-8.988771,-0.958711
-3.727207,-8.988934,-0.958527
-3.726891,-8.989097,-0.958344
-3.726576,-8.989259,-0.958162
-3.726264,-8.989420,-0.957980
-3.725953,-8.989580,-0.957800
-3.725643,-8.989739,-0.957621
-3.725335,-8.989898,-0.957443
-3.725029,-8.990056,-0.957265
-3.724725,-8.990212,-0.957089
-3.724422,-8.990368,-0.956913
-3.724120,-8.990523,-0.956739
-3.723820,-8.990678,-0.956565
-3.723522,-8.990831,-0.956392
-3.723226,-8.990984,-0.956220
-3.722930,-8.991135,-0.956049
-3.722637,-8.991286,-0.955879
-3.722345,-8.991437,-0.955710
-3.722054,-8.991586,-0.955542
-3.721765,-8.991735,-0.955374
-3.721478,-8.991882,-0.955208
-3.721192,-8.992029,-0.955042
-3.720908,-8.992176,-0.954877
-3.720625,-8.992321,-0.954713
-3.720343,-8.992466,-0.954550
-3.720063,-8.992610,-0.954388
-3.719785,-8.992753,-0.954226
-3.719508,-8.992895,-0.954066
-3.719232,-8.993037,-0.953906
-3.718958,-8.993178,-0.953747
-3.718685,-8.993318,-0.953589
-3.718414,-8.993457,-0.953432
-3.718144,-8.993596,-0.953275
-3.717876,-8.993734,-0.953120
-3.717609,-8.993871,-0.952965
-3.717343,-8.994007,-0.952811
-3.717079,-8.994143,-0.952658
-3.716816,-8.994278,-0.952505
-3.716554,-8.994412,-0.952354
-3.716294,-8.994546,-0.952203
-3.716035,-8.994679,-0.952053
-3.715778,-8.994811,-0.951904
-3.715522,-8.994942,-0.951755
-3.715267,-8.995073,-0.951608
-3.715014,-8.995203,-0.951461
-3.714762,-8.995333,-0.951315
-3.714511,-8.995461,-0.951169
-3.714262,-8.995589,-0.951025
-3.714014,-8.995717,-0.950881
-3.713767,-8.995843,-0.950738
-3.713522,-8.995969,-0.950595
-3.713277,-8.996095,-0.950454
-3.713035,-8.996219,-0.950313
-3.712793,-8.996343,-0.950173
-3.712553,-8.996466,-0.950033
-3.712313,-8.996589,-0.949895
-3.712076,-8.996711,-0.949757
-3.711839,-8.996832,-0.949619
-3.711604,-8.996953,-0.949483
-3.711370,-8.997073,-0.949347
-3.711137,-8.997193,-0.949212
-3.710905,-8.997311,-0.949078
-3.710675,-8.997430,-0.948944
-3.710445,-8.997547,-0.948811
-3.710217,-8.997664,-0.948679
-3.709990,-8.997780,-0.948547
-3.709765,-8.997896,-0.948416
-3.709540,-8.998011,-0.948286
-3.709317,-8.998126,-0.948156
-3.709095,-8.998239,-0.948027
-3.708874,-8.998353,-0.947899
-3.708654,-8.998465,-0.947772
-3.708436,-8.998577,-0.947645
-3.708218,-8.998689,-0.947519
-3.708002,-8.998800,-0.947393
-3.707786,-8.998910,-0.947268
-3.707572,-8.999020,-0.947144
-3.707359,-8.999129,-0.947020
-3.707148,-8.999237,-0.946897
-3.706937,-8.999345,-0.946775
-3.706727,-8.999453,-0.946654
-3.706519,-8.999559,-0.946533
-3.706311,-8.999666,-0.946412
-3.706105,-8.999771,-0.946292
-3.705900,-8.999876,-0.946173
-3.705696,-8.999981,-0.946055
-3.705492,-9.000085,-0.945937
-3.705290,-9.000188,-0.945820
-3.705089,-9.000291,-0.945703
-3.704889,-9.000394,-0.945587
-3.704691,-9.000496,-0.945471
-3.704493,-9.000597,-0.945357
-3.704296,-9.000698,-0.945242
-3.704100,-9.000798,-0.945129
-3.703905,-9.000897,-0.945016
-3.703712,-9.000997,-0.944903
-3.703519,-9.001095,-0.944791
-3.703327,-9.001193,-0.944680
-3.703137,-9.001291,-0.944569
-3.702947,-9.001388,-0.944459
-3.702758,-9.001485,-0.944350
-3.702571,-9.001581,-0.944241
-3.702384,-9.001676,-0.944132
-3.702198,-9.001771,-0.944025
-3.702013,-9.001866,-0.943917
-3.701830,-9.001960,-0.943811
-3.701647,-9.002053,-0.943704
-3.701465,-9.002146,-0.943599
-3.701284,-9.002239,-0.943494
-3.701104,-9.002331,-0.943389
-3.700925,-9.002422,-0.943285
-3.700747,-9.002513,-0.943182
-3.700570,-9.002604,-0.943079
-3.700394,-9.002694,-0.942977
-3.700218,-9.002784,-0.942875
-3.700044,-9.002873,-0.942774
-3.699871,-9.002962,-0.942673
-3.699698,-9.003050,-0.942573
-3.699526,-9.003138,-0.942473
-3.699356,-9.003225,-0.942374
-3.699186,-9.003312,-0.942275
-3.699017,-9.003398,-0.942177
-3.698849,-9.003484,-0.942080
-3.698682,-9.003569,-0.941982
-3.698515,-9.003654,-0.941886
-3.698350,-9.003739,-0.941790
-3.698185,-9.003823,-0.941694
-3.698022,-9.003907,-0.941599
-3.697859,-9.003990,-0.941505
-3.697697,-9.004073,-0.941410
-3.697536,-9.004155,-0.941317
-3.697375,-9.004237,-0.941224
-3.697216,-9.004318,-0.941131
-3.697057,-9.004400,-0.941039
-3.696900,-9.004480,-0.940947
-3.696743,-9.004560,-0.940856
-3.696587,-9.004640,-0.940766
-3.696431,-9.004719,-0.940675
-3.696277,-9.004798,-0.940586
-3.696123,-9.004877,-0.940496
-3.695970,-9.004955,-0.940407
-3.695818,-9.005033,-0.940319
-3.695667,-9.005110,-0.940231
-3.695516,-9.005187,-0.940144
-3.695367,-9.005263,-0.940057
-3.695218,-9.005339,-0.939970
-3.695070,-9.005415,-0.939884
-3.694922,-9.005490,-0.939799
-3.694776,-9.005565,-0.939714
-3.694630,-9.005639,-0.939629
-3.694485,-9.005713,-0.939545
-3.694341,-9.005787,-0.939461
-3.694197,-9.005860,-0.939377
-3.694054,-9.005933,-0.939294
-3.693912,-9.006006,-0.939212
-3.693771,-9.006078,-0.939130
-3.693631,-9.006150,-0.939048
-3.693491,-9.006221,-0.938967
-3.693352,-9.006292,-0.938886
-3.693213,-9.006363,-0.938806
-3.693076,-9.006433,-0.938726
-3.692939,-9.006503,-0.938646
-3.692803,-9.006572,-0.938567
-3.692667,-9.006641,-0.938488
-3.692533,-9.006710,-0.938410
-3.692399,-9.006778,-0.938332
-3.692265,-9.006846,-0.938255
-3.692133,-9.006914,-0.938178
-3.692001,-9.006981,-0.938101
-3.691870,-9.007048,-0.938025
-3.691739,-9.007115,-0.937949
-3.691609,-9.007181,-0.937873
-3.691480,-9.007247,-0.937798
-3.691351,-9.007313,-0.937724
-3.691224,-9.007378,-0.937649
-3.691096,-9.007443,-0.937575
-3.690970,-9.007507,-0.937502
-3.690844,-9.007571,-0.937429
-3.690719,-9.007635,-0.937356
-3.690594,-9.007699,-0.937284
-3.690471,-9.007762,-0.937212
-3.690347,-9.007825,-0.937140
-3.690225,-9.007887,-0.937069
-3.690103,-9.007950,-0.936998
-3.689982,-9.008011,-0.936927
-3.689861,-9.008073,-0.936857
-3.689741,-9.008134,-0.936787
-3.689622,-9.008195,-0.936718
-3.689503,-9.008256,-0.936649
-3.689385,-9.008316,-0.936580
-3.689267,-9.008376,-0.936512
-3.689150,-9.008435,-0.936444
-3.689034,-9.008495,-0.936377
-3.688918,-9.008553,-0.936309
-3.688803,-9.008612,-0.936242
-3.688689,-9.008671,-0.936176
-3.688575,-9.008729,-0.936110
-3.688462,-9.008786,-0.936044
-3.688349,-9.008844,-0.935978
-3.688237,-9.008901,-0.935913
-3.688126,-9.008958,-0.935848
-3.688015,-9.009014,-0.935784
-3.687904,-9.009070,-0.935720
-3.687795,-9.009126,-0.935656
-3.687686,-9.009182,-0.935593
-3.687577,-9.009237,-0.935529
-3.687469,-9.009292,-0.935467
-3.687362,-9.009347,-0.935404
-3.687255,-9.009402,-0.935342
-3.687148,-9.009456,-0.935280
-3.687043,-9.009510,-0.935219
-3.686937,-9.009563,-0.935157
-3.686833,-9.009617,-0.935097
-3.686729,-9.009670,-0.935036
-3.686625,-9.009722,-0.934976
-3.686522,-9.009775,-0.934916
-3.686420,-9.009827,-0.934856
-3.686318,-9.009879,-0.934797
-3.686216,-9.009931,-0.934738
-3.686115,-9.009982,-0.934679
-3.686015,-9.010033,-0.934621
-3.685915,-9.010084,-0.934563
-3.685816,-9.010135,-0.934505
-3.685717,-9.010185,-0.934448
-3.685619,-9.010235,-0.934391
-3.685521,-9.010285,-0.934334
-3.685424,-9.010334,-0.934277
-3.685327,-9.010384,-0.934221
-3.685231,-9.010433,-0.934165
-3.685135,-9.010481,-0.934110
-3.685040,-9.010530,-0.934054
-3.684945,-9.010578,-0.933999
-3.684851,-9.010626,-0.933944
-3.684758,-9.010674,-0.933890
-3.684664,-9.010721,-0.933836
-3.684572,-9.010768,-0.933782
-3.684479,-9.010815,-0.933728
-3.684388,-9.010862,-0.933675
-3.684296,-9.010909,-0.933622
-3.684206,-9.010955,-0.933569
-3.684115,-9.011001,-0.933516
-3.684025,-9.011047,-0.933464
-3.683936,-9.011092,-0.933412
-3.683847,-9.011137,-0.933360
-3.683759,-9.011182,-0.933309
-3.683671,-9.011227,-0.933258
-3.683583,-9.011272,-0.933207
-3.683496,-9.011316,-0.933156
-3.683410,-9.011360,-0.933106
-3.683323,-9.011404,-0.933056
-3.683238,-9.011448,-0.933006
-3.683152,-9.011491,-0.932956
-3.683068,-9.011534,-0.932907
-3.682983,-9.011577,-0.932858
-3.682899,-9.011620,-0.932809
-3.682816,-9.011662,-0.932761
-3.682733,-9.011705,-0.932712
-3.682650,-9.011747,-0.932664
-3.682568,-9.011788,-0.932616
-3.682486,-9.011830,-0.932569
-3.682405,-9.011871,-0.932522
-3.682324,-9.011913,-0.932475
-3.682244,-9.011954,-0.932428
-3.682164,-9.011994,-0.932381
-3.682084,-9.012035,-0.932335
-3.682005,-9.012075,-0.932289
-3.681926,-9.012115,-0.932243
-3.681848,-9.012155,-0.932197
-3.681770,-9.012195,-0.932152
-3.681692,-9.012234,-0.932107
-3.681615,-9.012273,-0.932062
-3.681539,-9.012312,-0.932017
-3.681462,-9.012351,-0.931973
-3.681386,-9.012390,-0.931929
-3.681311,-9.012428,-0.931885
-3.681236,-9.012467,-0.931841
-3.681161,-9.012505,-0.931798
-3.681087,-9.012542,-0.931755
-3.681013,-9.012580,-0.931711
-3.680939,-9.012617,-0.931669
-3.680866,-9.012655,-0.931626
-3.680793,-9.012692,-0.931584
-3.680721,-9.012729,-0.931542
-3.680649,-9.012765,-0.931500
-3.680577,-9.012802,-0.931458
-3.680506,-9.012838,-0.931417
-3.680435,-9.012874,-0.931375
-3.680364,-9.012910,-0.931334
-3.680294,-9.012946,-0.931293
-3.680225,-9.012981,-0.931253
-3.680155,-9.013016,-0.931212
-3.680086,-9.013051,-0.931172
-3.680017,-9.013086,-0.931132
-3.679949,-9.013121,-0.931093
-3.679881,-9.013156,-0.931053
-3.679813,-9.013190,-0.931014
-3.679746,-9.013224,-0.930975
-3.679679,-9.013258,-0.930936
-3.679613,-9.013292,-0.930897
-3.679546,-9.013326,-0.930858
-3.679481,-9.013359,-0.930820
-3.679415,-9.013393,-0.930782
-3.679350,-9.013426,-0.930744
-3.679285,-9.013459,-0.930706
-3.679221,-9.013492,-0.930669
-3.679156,-9.013524,-0.930631
-3.679093,-9.013557,-0.930594
-3.679029,-9.013589,-0.930557
-3.678966,-9.013621,-0.930521
-3.678903,-9.013653,-0.930484
-3.678841,-9.013685,-0.930448
-3.678779,-9.013716,-0.930411
-3.678717,-9.013748,-0.930376
-3.678655,-9.013779,-0.930340
-3.678594,-9.013810,-0.930304
-3.678533,-9.013841,-0.930269
-3.678473,-9.013872,-0.930233
-3.678412,-9.013903,-0.930198
-3.678353,-9.013933,-0.930164
-3.678293,-9.013963,-0.930129
-3.678234,-9.013993,-0.930094
-3.678175,-9.014023,-0.930060
-3.678116,-9.014053,-0.930026
-3.678058,-9.014083,-0.929992
-3.678000,-9.014112,-0.929958
-3.677942,-9.014142,-0.929925
-3.677884,-9.014171,-0.929891
-3.677827,-9.014200,-0.929858
-3.677770,-9.014229,-0.929825
-3.677714,-9.014258,-0.929792
-3.677658,-9.014286,-0.929759
-3.677602,-9.014315,-0.929727
-3.677546,-9.014343,-0.929694
-3.677491,-9.014371,-0.929662
-3.677436,-9.014399,-0.929630
-3.677381,-9.014427,-0.929598
-3.677326,-9.014455,-0.929566
-3.677272,-9.014482,-0.929535
-3.677218,-9.014510,-0.929503
-3.677165,-9.014537,-0.929472
-3.677111,-9.014564,-0.929441
-3.677058,-9.014591,-0.929410
-3.677005,-9.014618,-0.929380
-3.676953,-9.014645,-0.929349
-3.676901,-9.014671,-0.929319
-3.676849,-9.014698,-0.929288
-3.676797,-9.014724,-0.929258
-3.676745,-9.014750,-0.929228
-3.676694,-9.014776,-0.929198
-3.676643,-9.014802,-0.929169
-3.676593,-9.014828,-0.929139
-3.676542,-9.014853,-0.929110
-3.676492,-9.014879,-0.929081
-3.676443,-9.014904,-0.929052
-3.676393,-9.014929,-0.929023
-3.676344,-9.014954,-0.928994
-3.676295,-9.014979,-0.928966
-3.676246,-9.015004,-0.928937
-3.676197,-9.015029,-0.928909
-3.676149,-9.015053,-0.928881
-3.676101,-9.015077,-0.928853
-3.676053,-9.015102,-0.928825
-3.676006,-9.015126,-0.928798
-3.675958,-9.015150,-0.928770
-3.675911,-9.015174,-0.928743
-3.675865,-9.015198,-0.928716
-3.675818,-9.015221,-0.928688
-3.675772,-9.015245,-0.928661
-3.675726,-9.015268,-0.928635
-3.675680,-9.015291,-0.928608
-3.675634,-9.015315,-0.928581
-3.675589,-9.015338,-0.928555
-3.675544,-9.015361,-0.928529
-3.675499,-9.015383,-0.928503
-3.675454,-9.015406,-0.928477
-3.675410,-9.015429,-0.928451
-3.675366,-9.015451,-0.928425
-3.675322,-9.015473,-0.928400
-3.675278,-9.015495,-0.928374
-3.675235,-9.015518,-0.928349
-3.675192,-9.015539,-0.928324
-3.675149,-9.015561,-0.928299
-3.675106,-9.015583,-0.928274
-3.675063,-9.015605,-0.928249
-3.675021,-9.015626,-0.928224
-3.674979,-9.015648,-0.928200
-3.674937,-9.015669,-0.928176
-3.674895,-9.015690,-0.928151
-3.674854,-9.015711,-0.928127
-3.674813,-9.015732,-0.928103
-3.674772,-9.015753,-0.928079
-3.674731,-9.015774,-0.928056
-3.674690,-9.015794,-0.928032
-3.674650,-9.015815,-0.928008
-3.674610,-9.015835,-0.927985
-3.674570,-9.015855,-0.927962
-3.674530,-9.015876,-0.927939
-3.674490,-9.015896,-0.927916
-3.674451,-9.015916,-0.927893
-3.674412,-9.015935,-0.927870
-3.674373,-9.015955,-0.927847
-3.674334,-9.015975,-0.927825
-3.674296,-9.015994,-0.927802
-3.674258,-9.016014,-0.927780
-3.674220,-9.016033,-0.927758
-3.674182,-9.016053,-0.927736
-3.674144,-9.016072,-0.927714
-3.674106,-9.016091,-0.927692
-3.674069,-9.016110,-0.927670
-3.674032,-9.016128,-0.927649
-3.673995,-9.016147,-0.927627
-3.673958,-9.016166,-0.927606
-3.673922,-9.016184,-0.927585
-3.673886,-9.016203,-0.927563
-3.673849,-9.016221,-0.927542
-3.673813,-9.016240,-0.927521
-3.673778,-9.016258,-0.927501
-3.673742,-9.016276,-0.927480
-3.673707,-9.016294,-0.927459
-3.673671,-9.016312,-0.927439
-3.673636,-9.016329,-0.927418
-3.673602,-9.016347,-0.927398
-3.673567,-9.016365,-0.927378
-3.673532,-9.016382,-0.927358
-3.673498,-9.016400,-0.927338
-3.673464,-9.016417,-0.927318
-3.673430,-9.016434,-0.927298
-3.673396,-9.016451,-0.927279
-3.673363,-9.016468,-0.927259
-3.673329,-9.016485,-0.927240
-3.673296,-9.016502,-0.927220
-3.673263,-9.016519,-0.927201
-3.673230,-9.016536,-0.927182
-3.673198,-9.016552,-0.927163
-3.673165,-9.016569,-0.927144
-3.673133,-9.016585,-0.927125
-3.673100,-9.016602,-0.927106
-3.673068,-9.016618,-0.927088
-3.673037,-9.016634,-0.927069
-3.673005,-9.016650,-0.927051
-3.672973,-9.016666,-0.927032
-3.672942,-9.016682,-0.927014
-3.672911,-9.016698,-0.926996
-3.672880,-9.016714,-0.926978
-3.672849,-9.016729,-0.926960
-3.672818,-9.016745,-0.926942
-3.672788,-9.016760,-0.926924
-3.672757,-9.016776,-0.926906
-3.672727,-9.016791,-0.926889
-3.672697,-9.016806,-0.926871
-3.672667,-9.016822,-0.926854
-3.672637,-9.016837,-0.926837
-3.672608,-9.016852,-0.926819
-3.672578,-9.016867,-0.926802
-3.672549,-9.016882,-0.926785
-3.672520,-9.016896,-0.926768
-3.672491,-9.016911,-0.926751
-3.672462,-9.016926,-0.926735
-3.672433,-9.016940,-0.926718
-3.672405,-9.016955,-0.926701
-3.672376,-9.016969,-0.926685
-3.672348,-9.016983,-0.926668
-3.672320,-9.016998,-0.926652
-3.672292,-9.017012,-0.926636
-3.672264,-9.017026,-0.926620
-3.672237,-9.017040,-0.926603
-3.672209,-9.017054,-0.926587
-3.672182,-9.017068,-0.926571
-3.672155,-9.017082,-0.926556
-3.672128,-9.017095,-0.926540
-3.672101,-9.017109,-0.926524
-3.672074,-9.017123,-0.926509
-3.672047,-9.017136,-0.926493
-3.672021,-9.017150,-0.926478
-3.671995,-9.017163,-0.926462
-3.671968,-9.017176,-0.926447
-3.671942,-9.017190,-0.926432
-3.671916,-9.017203,-0.926417
-3.671890,-9.017216,-0.926402
-3.671865,-9.017229,-0.926387
-3.671839,-9.017242,-0.926372
-3.671814,-9.017255,-0.926357
-3.671789,-9.017267,-0.926342
-3.671763,-9.017280,-0.926328
-3.671738,-9.017293,-0.926313
-3.671714,-9.017306,-0.926299
-3.671689,-9.017318,-0.926284
-3.671664,-9.017331,-0.926270
-3.671640,-9.017343,-0.926256
-3.671615,-9.017355,-0.926242
-3.671591,-9.017368,-0.926227
-3.671567,-9.017380,-0.926213
-3.671543,-9.017392,-0.926199
-3.671519,-9.017404,-0.926186
-3.671495,-9.017416,-0.926172
-3.671472,-9.017428,-0.926158
-3.671448,-9.017440,-0.926144
-3.671425,-9.017452,-0.926131
-3.671402,-9.017464,-0.926117
-3.671379,-9.017476,-0.926104
-3.671356,-9.017487,-0.926090
-3.671333,-9.017499,-0.926077
-3.671310,-9.017510,-0.926064
-3.671287,-9.017522,-0.926051
-3.671265,-9.017533,-0.926037
-3.671243,-9.017545,-0.926024
-3.671220,-9.017556,-0.926011
-3.671198,-9.017567,-0.925999
-3.671176,-9.017578,-0.925986
-3.671154,-9.017589,-0.925973
-3.671132,-9.017601,-0.925960
-3.671111,-9.017612,-0.925948
-3.671089,-9.017622,-0.925935
-3.671068,-9.017633,-0.925923
-3.671046,-9.017644,-0.925910
-3.671025,-9.017655,-0.925898
-3.671004,-9.017666,-0.925885
-3.670983,-9.017676,-0.925873
-3.670962,-9.017687,-0.925861
-3.670941,-9.017698,-0.925849
-3.670920,-9.017708,-0.925837
-3.670900,-9.017719,-0.925825
-3.670879,-9.017729,-0.925813
-3.670859,-9.017739,-0.925801
-3.670839,-9.017750,-0.925789
-3.670819,-9.017760,-0.925778
-3.670799,-9.017770,-0.925766
-3.670779,-9.017780,-0.925754
-3.670759,-9.017790,-0.925743
-3.670739,-9.017800,-0.925731
-3.670719,-9.017810,-0.925720
-3.670700,-9.017820,-0.925708
-3.670680,-9.017830,-0.925697
-3.670661,-9.017840,-0.925686
-3.670642,-9.017849,-0.925675
-3.670623,-9.017859,-0.925664
-3.670604,-9.017869,-0.925652
-3.670585,-9.017878,-0.925641
-3.670566,-9.017888,-0.925630
-3.670547,-9.017897,-0.925620
-3.670529,-9.017907,-0.925609
-3.670510,-9.017916,-0.925598
-3.670492,-9.017926,-0.925587
-3.670473,-9.017935,-0.925577
-3.670455,-9.017944,-0.925566
-3.670437,-9.017953,-0.925555
-3.670419,-9.017963,-0.925545
-3.670401,-9.017972,-0.925534
-3.670383,-9.017981,-0.925524
-3.670365,-9.017990,-0.925514
-3.670348,-9.017999,-0.925503
-3.670330,-9.018008,-0.925493
-3.670313,-9.018016,-0.925483
-3.670295,-9.018025,-0.925473
-3.670278,-9.018034,-0.925463
-3.670261,-9.018043,-0.925453
-3.670244,-9.018051,-0.925443
-3.670227,-9.018060,-0.925433
-3.670210,-9.018069,-0.925423
-3.670193,-9.018077,-0.925413
-3.670176,-9.018086,-0.925403
-3.670159,-9.018094,-0.925394
-3.670143,-9.018103,-0.925384
-3.670126,-9.018111,-0.925374
-3.670110,-9.018119,-0.925365
-3.670094,-9.018128,-0.925355
-3.670077,-9.018136,-0.925346
-3.670061,-9.018144,-0.925336
-3.670045,-9.018152,-0.925327
-3.670029,-9.018160,-0.925318
-3.670013,-9.018168,-0.925308
-3.669997,-9.018176,-0.925299
-3.669982,-9.018184,-0.925290
-3.669966,-9.018192,-0.925281
-3.669950,-9.018200,-0.925272
-3.669935,-9.018208,-0.925263
-3.669920,-9.018216,-0.925254
-3.669904,-9.018224,-0.925245
-3.669889,-9.018231,-0.925236
-3.669874,-9.018239,-0.925227
-3.669859,-9.018247,-0.925218
-3.669844,-9.018254,-0.925210
-3.669829,-9.018262,-0.925201
-3.669814,-9.018269,-0.925192
-3.669799,-9.018277,-0.925184
-3.669784,-9.018284,-0.925175
-3.669770,-9.018292,-0.925167
-3.669755,-9.018299,-0.925158
-3.669741,-9.018307,-0.925150
-3.669726,-9.018314,-0.925141
-3.669712,-9.018321,-0.925133
-3.669698,-9.018328,-0.925125
-3.669684,-9.018336,-0.925117
-3.669670,-9.018343,-0.925108
-3.669656,-9.018350,-0.925100
-3.669642,-9.018357,-0.925092
-3.669628,-9.018364,-0.925084
-3.669614,-9.018371,-0.925076
-3.669600,-9.018378,-0.925068
-3.669587,-9.018385,-0.925060
-3.669573,-9.018392,-0.925052
-3.669560,-9.018399,-0.925044
-3.669546,-9.018405,-0.925036
-3.669533,-9.018412,-0.925029
-3.669519,-9.018419,-0.925021
-3.669506,-9.018426,-0.925013
-3.669493,-9.018432,-0.925006
-3.669480,-9.018439,-0.924998
-3.669467,-9.018445,-0.924990
-3.669454,-9.018452,-0.924983
-3.669441,-9.018459,-0.924975
-3.669428,-9.018465,-0.924968
-3.669416,-9.018472,-0.924960
-3.669403,-9.018478,-0.924953
-3.669390,-9.018484,-0.924946
-3.669378,-9.018491,-0.924938
-3.669365,-9.018497,-0.924931
-3.669353,-9.018503,-0.924924
-3.669340,-9.018510,-0.924917
-3.669328,-9.018516,-0.924909
-3.669316,-9.018522,-0.924902
-3.669304,-9.018528,-0.924895
-3.669292,-9.018534,-0.924888
-3.669280,-9.018541,-0.924881
-3.669268,-9.018547,-0.924874
-3.669256,-9.018553,-0.924867
-3.669244,-9.018559,-0.924860
-3.669232,-9.018565,-0.924854
-3.669220,-9.018571,-0.924847
-3.669209,-9.018576,-0.924840
-3.669197,-9.018582,-0.924833
-3.669186,-9.018588,-0.924826
-3.669174,-9.018594,-0.924820
-3.669163,-9.018600,-0.924813
-3.669151,-9.018606,-0.924806
-3.669140,-9.018611,-0.924800
-3.669129,-9.018617,-0.924793
-3.669118,-9.018623,-0.924787
-3.669107,-9.018628,-0.924780
-3.669095,-9.018634,-0.924774
-3.669084,-9.018639,-0.924768
-3.669074,-9.018645,-0.924761
-3.669063,-9.018651,-0.924755
-3.669052,-9.018656,-0.924748
-3.669041,-9.018662,-0.924742
-3.669030,-9.018667,-0.924736
-3.669020,-9.018672,-0.924730
-3.669009,-9.018678,-0.924724
-3.668998,-9.018683,-0.924717
-3.668988,-9.018688,-0.924711
-3.668978,-9.018694,-0.924705
-3.668967,-9.018699,-0.924699
-3.668957,-9.018704,-0.924693
-3.668947,-9.018709,-0.924687
-3.668936,-9.018715,-0.924681
-3.668926,-9.018720,-0.924675
-3.668916,-9.018725,-0.924669
-3.668906,-9.018730,-0.924664
-3.668896,-9.018735,-0.924658
-3.668886,-9.018740,-0.924652
-3.668876,-9.018745,-0.924646
-3.668866,-9.018750,-0.924640
-3.668856,-9.018755,-0.924635
-3.668847,-9.018760,-0.924629
-3.668837,-9.018765,-0.924623
-3.668827,-9.018770,-0.924618
-3.668818,-9.018775,-0.924612
-3.668808,-9.018780,-0.924607
-3.668799,-9.018784,-0.924601
-3.668789,-9.018789,-0.924596
-3.668780,-9.018794,-0.924590
-3.668771,-9.018799,-0.924585
-3.668761,-9.018803,-0.924579
-3.668752,-9.018808,-0.924574
-3.668743,-9.018813,-0.924569
-3.668734,-9.018817,-0.924563
-3.668725,-9.018822,-0.924558
-3.668716,-9.018827,-0.924553
-3.668707,-9.018831,-0.924547
-3.668698,-9.018836,-0.924542
-3.668689,-9.018840,-0.924537
-3.668680,-9.018845,-0.924532
-3.668671,-9.018849,-0.924527
-3.668662,-9.018854,-0.924522
-3.668653,-9.018858,-0.924516
-3.668645,-9.018862,-0.924511
-3.668636,-9.018867,-0.924506
-3.668628,-9.018871,-0.924501
-3.668619,-9.018876,-0.924496
-3.668610,-9.018880,-0.924491
-3.668602,-9.018884,-0.924487
-3.668594,-9.018888,-0.924482
-3.668585,-9.018893,-0.924477
-3.668577,-9.018897,-0.924472
-3.668569,-9.018901,-0.924467
-3.668560,-9.018905,-0.924462
-3.668552,-9.018909,-0.924457
-3.668544,-9.018914,-0.924453
-3.668536,-9.018918,-0.924448
-3.668528,-9.018922,-0.924443
-3.668520,-9.018926,-0.924439
-3.668512,-9.018930,-0.924434
-3.668504,-9.018934,-0.924429
-3.668496,-9.018938,-0.924425
-3.668488,-9.018942,-0.924420
-3.668480,-9.018946,-0.924416
-3.668473,-9.018950,-0.924411
-3.668465,-9.018954,-0.924407
-3.668457,-9.018958,-0.924402
-3.668450,-9.018961,-0.924398
-3.668442,-9.018965,-0.924393
-3.668434,-9.018969,-0.924389
-3.668427,-9.018973,-0.924384
-3.668419,-9.018977,-0.924380
-3.668412,-9.018981,-0.924376
-3.668404,-9.018984,-0.924371
-3.668397,-9.018988,-0.924367
-3.668390,-9.018992,-0.924363
-3.668382,-9.018996,-0.924359
-3.668375,-9.018999,-0.924354
-3.668368,-9.019003,-0.924350
-3.668361,-9.019007,-0.924346
-3.668354,-9.019010,-0.924342
-3.668347,-9.019014,-0.924338
-3.668339,-9.019017,-0.924334
-3.668332,-9.019021,-0.924329
-3.668325,-9.019024,-0.924325
-3.668318,-9.019028,-0.924321
-3.668312,-9.019031,-0.924317
-3.668305,-9.019035,-0.924313
-3.668298,-9.019038,-0.924309
-3.668291,-9.019042,-0.924305
-3.668284,-9.019045,-0.924301
-3.668277,-9.019049,-0.924297
-3.668271,-9.019052,-0.924294
-3.668264,-9.019056,-0.924290
-3.668257,-9.019059,-0.924286
-3.668251,-9.019062,-0.924282
-3.668244,-9.019066,-0.924278
-3.668238,-9.019069,-0.924274
-3.668231,-9.019072,-0.924271
-3.668225,-9.019075,-0.924267
-3.668218,-9.019079,-0.924263
-3.668212,-9.019082,-0.924259
-3.668206,-9.019085,-0.924256
-3.668199,-9.019088,-0.924252
-3.668193,-9.019092,-0.924248
-3.668187,-9.019095,-0.924245
-3.668180,-9.019098,-0.924241
-3.668174,-9.019101,-0.924237
-3.668168,-9.019104,-0.924234
-3.668162,-9.019107,-0.924230
-3.668156,-9.019110,-0.924227
-3.668150,-9.019114,-0.924223
-3.668144,-9.019117,-0.924220
-3.668138,-9.019120,-0.924216
-3.668132,-9.019123,-0.924213
-3.668126,-9.019126,-0.924209
-3.668120,-9.019129,-0.924206
-3.668114,-9.019132,-0.924202
-3.668108,-9.019135,-0.924199
-3.668102,-9.019138,-0.924195
-3.668097,-9.019140,-0.924192
-3.668091,-9.019143,-0.924189
-3.668085,-9.019146,-0.924185
-3.668079,-9.019149,-0.924182
-3.668074,-9.019152,-0.924179
-3.668068,-9.019155,-0.924175
-3.668062,-9.019158,-0.924172
-3.668057,-9.019161,-0.924169
-3.668051,-9.019163,-0.924166
-3.668046,-9.019166,-0.924162
-3.668040,-9.019169,-0.924159
-3.668035,-9.019172,-0.924156
-3.668029,-9.019175,-0.924153
-3.668024,-9.019177,-0.924150
-3.668019,-9.019180,-0.924147
-3.668013,-9.019183,-0.924144
-3.668008,-9.019185,-0.924140
-3.668003,-9.019188,-0.924137
-3.667997,-9.019191,-0.924134
-3.667992,-9.019193,-0.924131
-3.667987,-9.019196,-0.924128
-3.667982,-9.019199,-0.924125
-3.667977,-9.019201,-0.924122
-3.667971,-9.019204,-0.924119
-3.667966,-9.019206,-0.924116
-3.667961,-9.019209,-0.924113
-3.667956,-9.019212,-0.924110
-3.667951,-9.019214,-0.924107
-3.667946,-9.019217,-0.924104
-3.667941,-9.019219,-0.924102
-3.667936,-9.019222,-0.924099
-3.667931,-9.019224,-0.924096
-3.667927,-9.019227,-0.924093
-3.667922,-9.019229,-0.924090
-3.667917,-9.019232,-0.924087
-3.667912,-9.019234,-0.924085
-3.667907,-9.019237,-0.924082
-3.667902,-9.019239,-0.924079
-3.667898,-9.019241,-0.924076
-3.667893,-9.019244,-0.924073
-3.667888,-9.019246,-0.924071
-3.667884,-9.019248,-0.924068
-3.667879,-9.019251,-0.924065
-3.667874,-9.019253,-0.924063
-3.667870,-9.019255,-0.924060
-3.667865,-9.019258,-0.924057
-3.667861,-9.019260,-0.924055
-3.667856,-9.019262,-0.924052
-3.667852,-9.019265,-0.924049
-3.667847,-9.019267,-0.924047
-3.667843,-9.019269,-0.924044
-3.667838,-9.019271,-0.924042
-3.667834,-9.019274,-0.924039
-3.667829,-9.019276,-0.924036
-3.667825,-9.019278,-0.924034
-3.667821,-9.019280,-0.924031
-3.667816,-9.019282,-0.924029
-3.667812,-9.019285,-0.924026
-3.667808,-9.019287,-0.924024
-3.667804,-9.019289,-0.924021
-3.667799,-9.019291,-0.924019
-3.667795,-9.019293,-0.924017
-3.667791,-9.019295,-0.924014
-3.667787,-9.019297,-0.924012
-3.667783,-9.019300,-0.924009
-3.667779,-9.019302,-0.924007
-3.667775,-9.019304,-0.924005
-3.667771,-9.019306,-0.924002
-3.667766,-9.019308,-0.924000
-3.667762,-9.019310,-0.923997
-3.667758,-9.019312,-0.923995
-3.667754,-9.019314,-0.923993
-3.667751,-9.019316,-0.923990
-3.667747,-9.019318,-0.923988
-3.667743,-9.019320,-0.923986
-3.667739,-9.019322,-0.923984
-3.667735,-9.019324,-0.923981
-3.667731,-9.019326,-0.923979
-3.667727,-9.019328,-0.923977
-3.667723,-9.019330,-0.923975
-3.667720,-9.019332,-0.923972
-3.667716,-9.019334,-0.923970
-3.667712,-9.019335,-0.923968
-3.667708,-9.019337,-0.923966
-3.667705,-9.019339,-0.923964
-3.667701,-9.019341,-0.923962
-3.667697,-9.019343,-0.923959
-3.667693,-9.019345,-0.923957
-3.667690,-9.019347,-0.923955
-3.667686,-9.019349,-0.923953
-3.667683,-9.019350,-0.923951
-3.667679,-9.019352,-0.923949
-3.667675,-9.019354,-0.923947
-3.667672,-9.019356,-0.923945
-3.667668,-9.019358,-0.923943
-3.667665,-9.019359,-0.923941
-3.667661,-9.019361,-0.923939
-3.667658,-9.019363,-0.923937
-3.667654,-9.019365,-0.923935
-3.667651,-9.019366,-0.923933
-3.667648,-9.019368,-0.923931
-3.667644,-9.019370,-0.923929
-3.667641,-9.019372,-0.923927
-3.667637,-9.019373,-0.923925
-3.667634,-9.019375,-0.923923
-3.667631,-9.019377,-0.923921
-3.667627,-9.019378,-0.923919
-3.667624,-9.019380,-0.923917
-3.667621,-9.019382,-0.923915
-3.667618,-9.019383,-0.923913
-3.667614,-9.019385,-0.923911
-3.667611,-9.019387,-0.923909
-3.667608,-9.019388,-0.923907
-3.667605,-9.019390,-0.923906
-3.667602,-9.019391,-0.923904
-3.667598,-9.019393,-0.923902
-3.667595,-9.019395,-0.923900
-3.667592,-9.019396,-0.923898
-3.667589,-9.019398,-0.923896
-3.667586,-9.019399,-0.923895
-3.667583,-9.019401,-0.923893
-3.667580,-9.019403,-0.923891
-3.667577,-9.019404,-0.923889
-3.667574,-9.019406,-0.923887
-3.667571,-9.019407,-0.923886
-3.667568,-9.019409,-0.923884
-3.667565,-9.019410,-0.923882
-3.667562,-9.019412,-0.923880
-3.667559,-9.019413,-0.923879
-3.667556,-9.019415,-0.923877
-3.667553,-9.019416,-0.923875
-3.667550,-9.019418,-0.923874
-3.667547,-9.019419,-0.923872
-3.667544,-9.019421,-0.923870
-3.667541,-9.019422,-0.923869
-3.667539,-9.019423,-0.923867
-3.667536,-9.019425,-0.923865
-3.667533,-9.019426,-0.923864
-3.667530,-9.019428,-0.923862
-3.667527,-9.019429,-0.923860
-3.667525,-9.019431,-0.923859
-3.667522,-9.019432,-0.923857
-3.667519,-9.019433,-0.923856
-3.667516,-9.019435,-0.923854
-3.667514,-9.019436,-0.923852
-3.769614,-8.928050,-0.956486
-3.862371,-8.845413,-0.985904
-3.946478,-8.770761,-1.012309
-4.022795,-8.703285,-1.035994
-4.092099,-8.642258,-1.057224
-4.155087,-8.587030,-1.076240
-4.212389,-8.537014,-1.093258
-4.264572,-8.491686,-1.108475
-4.312146,-8.450575,-1.122070
-4.355572,-8.413255,-1.134204
-4.395264,-8.379347,-1.145020
-4.431594,-8.348508,-1.154650
-4.464898,-8.320429,-1.163213
-4.495479,-8.294835,-1.170814
-4.523608,-8.271477,-1.177550
-4.549530,-8.250129,-1.183507
-4.573466,-8.230592,-1.188762
-4.595615,-8.212684,-1.193388
-4.616154,-8.196242,-1.197446
-4.635246,-8.181119,-1.200993
-4.653034,-8.167183,-1.204081
-4.669648,-8.154316,-1.206756
-4.685207,-8.142410,-1.209059
-4.699815,-8.131370,-1.211028
-4.713567,-8.121108,-1.212696
-4.726550,-8.111547,-1.214093
-4.738839,-8.102616,-1.215248
-4.750504,-8.094253,-1.216183
-4.761607,-8.086400,-1.216922
-4.772205,-8.079006,-1.217483
-4.782347,-8.072025,-1.217886
-4.792079,-8.065416,-1.218145
-4.801443,-8.059141,-1.218275
-4.810474,-8.053166,-1.218290
-4.819205,-8.047462,-1.218200
-4.827667,-8.042001,-1.218016
-4.835887,-8.036758,-1.217748
-4.843887,-8.031711,-1.217403
-4.851691,-8.026841,-1.216991
-4.859317,-8.022129,-1.216516
-4.866783,-8.017559,-1.215987
-4.874105,-8.013116,-1.215407
-4.881297,-8.008789,-1.214783
-4.888372,-8.004564,-1.214118
-4.895341,-8.000431,-1.213416
-4.902215,-7.996381,-1.212682
-4.909003,-7.992405,-1.211918
-4.915714,-7.988495,-1.211128
-4.922354,-7.984644,-1.210313
-4.928931,-7.980846,-1.209476
-4.935451,-7.977096,-1.208620
-4.941919,-7.973387,-1.207746
-4.948341,-7.969716,-1.206856
-4.954720,-7.966079,-1.205952
-4.961061,-7.962471,-1.205034
-4.967367,-7.958890,-1.204104
-4.973642,-7.955332,-1.203164
-4.979888,-7.951795,-1.202214
-4.986109,-7.948276,-1.201255
-4.992306,-7.944773,-1.200288
-4.998481,-7.941284,-1.199314
-5.004637,-7.937807,-1.198333
-5.010775,-7.934341,-1.197346
-5.016897,-7.930883,-1.196353
-5.023004,-7.927434,-1.195355
-5.029097,-7.923992,-1.194353
-5.035178,-7.920555,-1.193346
-5.041247,-7.917122,-1.192336
-5.047306,-7.913694,-1.191321
-5.053355,-7.910268,-1.190304
-5.059395,-7.906845,-1.189283
-5.065426,-7.903423,-1.188259
-5.071450,-7.900003,-1.187233
-5.077467,-7.896583,-1.186204
-5.083477,-7.893164,-1.185173
-5.089480,-7.889744,-1.184140
-5.095478,-7.886324,-1.183105
-5.101470,-7.882902,-1.182067
-5.107457,-7.879480,-1.181028
-5.113439,-7.876056,-1.179988
-5.119416,-7.872630,-1.178945
-5.125389,-7.869202,-1.177901
-5.131357,-7.865772,-1.176856
-5.137321,-7.862340,-1.175809
-5.143282,-7.858905,-1.174760
-5.149238,-7.855468,-1.173711
-5.155191,-7.852027,-1.172660
-5.161140,-7.848584,-1.171608
-5.167086,-7.845138,-1.170555
-5.173029,-7.841689,-1.169500
-5.178968,-7.838237,-1.168445
-5.184905,-7.834781,-1.167388
-5.190838,-7.831322,-1.166330
-5.196768,-7.827860,-1.165271
-5.202695,-7.824394,-1.164211
-5.208619,-7.820925,-1.163150
-5.214541,-7.817452,-1.162089
-5.220459,-7.813976,-1.161026
-5.226375,-7.810496,-1.159962
-5.232288,-7.807013,-1.158897
-5.238198,-7.803526,-1.157831
-5.244106,-7.800035,-1.156764
-5.250010,-7.796540,-1.155697
-5.255913,-7.793042,-1.154628
-5.261812,-7.789540,-1.153559
-5.267709,-7.786034,-1.152488
-5.273603,-7.782525,-1.151417
-5.279495,-7.779011,-1.150345
-5.285384,-7.775494,-1.149271
-5.291270,-7.771973,-1.148197
-5.297154,-7.768448,-1.147123
-5.303035,-7.764920,-1.146047
-5.308914,-7.761387,-1.144970
-5.314790,-7.757851,-1.143892
-5.320663,-7.754311,-1.142814
-5.326534,-7.750767,-1.141735
-5.332402,-7.747219,-1.140655
-5.338268,-7.743667,-1.139574
-5.344132,-7.740112,-1.138492
-5.349992,-7.736553,-1.137409
-5.355850,-7.732989,-1.136325
-5.361706,-7.729422,-1.135241
-5.367559,-7.725851,-1.134156
-5.373410,-7.722276,-1.133069
-5.379258,-7.718697,-1.131982
-5.385103,-7.715115,-1.130894
-5.390946,-7.711528,-1.129806
-5.396786,-7.707938,-1.128716
-5.402624,-7.704344,-1.127626
-5.408459,-7.700746,-1.126534
-5.414292,-7.697144,-1.125442
-5.420122,-7.693538,-1.124349
-5.425950,-7.689928,-1.123255
-5.431775,-7.686315,-1.122161
-5.437597,-7.682697,-1.121065
-5.443417,-7.679076,-1.119969
-5.449234,-7.675451,-1.118872
-5.455049,-7.671822,-1.117774
-5.460861,-7.668189,-1.116675
-5.466671,-7.664552,-1.115575
-5.472478,-7.660912,-1.114475
-5.478282,-7.657267,-1.113373
-5.484084,-7.653619,-1.112271
-5.489883,-7.649967,-1.111168
-5.495680,-7.646310,-1.110064
-5.501474,-7.642651,-1.108960
-5.507265,-7.638987,-1.107854
-5.513054,-7.635319,-1.106748
-5.518841,-7.631648,-1.105641
-5.524624,-7.627972,-1.104533
-5.530406,-7.624293,-1.103424
-5.536184,-7.620610,-1.102314
-5.541960,-7.616924,-1.101204
-5.547733,-7.613233,-1.100093
-5.553504,-7.609538,-1.098981
-5.559272,-7.605840,-1.097868
-5.565038,-7.602138,-1.096754
-5.570800,-7.598432,-1.095639
-5.576561,-7.594722,-1.094524
-5.582318,-7.591008,-1.093408
-5.588073,-7.587291,-1.092291
-5.593826,-7.583569,-1.091173
-5.599575,-7.579844,-1.090054
-5.605323,-7.576115,-1.088935
-5.611067,-7.572382,-1.087815
-5.616809,-7.568646,-1.086694
-5.622548,-7.564905,-1.085572
-5.628285,-7.561161,-1.084449
-5.634019,-7.557413,-1.083326
-5.639750,-7.553661,-1.082201
-5.645478,-7.549905,-1.081076
-5.651204,-7.546146,-1.079950
-5.656928,-7.542382,-1.078823
-5.662648,-7.538615,-1.077696
-5.668366,-7.534844,-1.076567
-5.674082,-7.531069,-1.075438
-5.679794,-7.527291,-1.074308
-5.685504,-7.523508,-1.073178
-5.691212,-7.519722,-1.072046
-5.696916,-7.515932,-1.070914
-5.702618,-7.512138,-1.069780
-5.708318,-7.508341,-1.068647
-5.714014,-7.504540,-1.067512
-5.719708,-7.500734,-1.066376
-5.725399,-7.496925,-1.065240
-5.731088,-7.493113,-1.064103
-5.736774,-7.489296,-1.062965
-5.742457,-7.485476,-1.061826
-5.748137,-7.481652,-1.060686
-5.753815,-7.477824,-1.059546
-5.759490,-7.473992,-1.058405
-5.765163,-7.470157,-1.057263
-5.770832,-7.466318,-1.056120
-5.776499,-7.462475,-1.054977
-5.782163,-7.458628,-1.053832
-5.787825,-7.454777,-1.052687
-5.793484,-7.450923,-1.051542
-5.799140,-7.447065,-1.050395
-5.804793,-7.443203,-1.049247
-5.810444,-7.439338,-1.048099
-5.816092,-7.435468,-1.046950
-5.821737,-7.431595,-1.045800
-5.827379,-7.427719,-1.044650
-5.833019,-7.423838,-1.043499
-5.838656,-7.419954,-1.042346
-5.844290,-7.416065,-1.041193
-5.849922,-7.412174,-1.040040
-5.855550,-7.408278,-1.038885
-5.861176,-7.404379,-1.037730
-5.866800,-7.400476,-1.036574
-5.872420,-7.396569,-1.035417
-5.878038,-7.392658,-1.034260
-5.883653,-7.388744,-1.033101
-5.889265,-7.384826,-1.031942
-5.894874,-7.380904,-1.030782
-5.900481,-7.376978,-1.029622
-5.906085,-7.373049,-1.028460
-5.911686,-7.369116,-1.027298
-5.917284,-7.365179,-1.026135
-5.922880,-7.361239,-1.024971
-5.928473,-7.357295,-1.023807
-5.934063,-7.353347,-1.022641
-5.939650,-7.349395,-1.021475
-5.945234,-7.345440,-1.020309
-5.950816,-7.341481,-1.019141
-5.956395,-7.337518,-1.017973
-5.961971,-7.333552,-1.016804
-5.967544,-7.329581,-1.015634
-5.973115,-7.325608,-1.014463
-5.978682,-7.321630,-1.013292
-5.984247,-7.317649,-1.012120
-5.989809,-7.313664,-1.010947
-5.995368,-7.309675,-1.009773
-6.000925,-7.305682,-1.008599
-6.006478,-7.301686,-1.007423
-6.012029,-7.297687,-1.006248
-6.017577,-7.293683,-1.005071
-6.023122,-7.289676,-1.003893
-6.028665,-7.285665,-1.002715
-6.034204,-7.281650,-1.001536
-6.039741,-7.277632,-1.000357
-6.045275,-7.273610,-0.999176
-6.050806,-7.269584,-0.997995
-6.056334,-7.265555,-0.996813
-6.061859,-7.261522,-0.995630
-6.067382,-7.257485,-0.994447
-6.072901,-7.253445,-0.993263
-6.078418,-7.249401,-0.992078
-6.083932,-7.245353,-0.990892
-6.089443,-7.241302,-0.989706
-6.094951,-7.237247,-0.988519
-6.100456,-7.233188,-0.987331
-6.105959,-7.229126,-0.986142
-6.111459,-7.225060,-0.984953
-6.116955,-7.220990,-0.983763
-6.122449,-7.216916,-0.982572
-6.127940,-7.212839,-0.981380
-6.133428,-7.208759,-0.980188
-6.138914,-7.204674,-0.978995
-6.144396,-7.200586,-0.977801
-6.149876,-7.196495,-0.976607
-6.155352,-7.192399,-0.975412
-6.160826,-7.188300,-0.974216
-6.166297,-7.184198,-0.973019
-6.171765,-7.180092,-0.971822
-6.177230,-7.175982,-0.970623
-6.182692,-7.171868,-0.969424
-6.188151,-7.167751,-0.968225
-6.193608,-7.163630,-0.967025
-6.199061,-7.159506,-0.965823
-6.204512,-7.155378,-0.964622
-6.209959,-7.151246,-0.963419
-6.215404,-7.147111,-0.962216
-6.220846,-7.142972,-0.961012
-6.226285,-7.138829,-0.959807
-6.231721,-7.134683,-0.958602
-6.237154,-7.130533,-0.957396
-6.242584,-7.126380,-0.956189
-6.248011,-7.122223,-0.954981
-6.253435,-7.118062,-0.953773
-6.258857,-7.113898,-0.952564
-6.264275,-7.109730,-0.951354
-6.269691,-7.105559,-0.950144
-6.275103,-7.101383,-0.948933
-6.280513,-7.097205,-0.947721
-6.285920,-7.093022,-0.946508
-6.291323,-7.088837,-0.945295
-6.296724,-7.084647,-0.944081
-6.302122,-7.080454,-0.942867
-6.307517,-7.076257,-0.941651
-6.312909,-7.072057,-0.940435
-6.318298,-7.067853,-0.939218
-6.323684,-7.063646,-0.938001
-6.329067,-7.059435,-0.936783
-6.334447,-7.055220,-0.935564
-6.339824,-7.051002,-0.934344
-6.345198,-7.046780,-0.933124
-6.350569,-7.042555,-0.931903
-6.355937,-7.038326,-0.930681
-6.361302,-7.034093,-0.929458
-6.366665,-7.029857,-0.928235
-6.372024,-7.025617,-0.927012
-6.377380,-7.021374,-0.925787
-6.382733,-7.017127,-0.924562
-6.388084,-7.012877,-0.923336
-6.393431,-7.008623,-0.922109
-6.398775,-7.004365,-0.920882
-6.404117,-7.000104,-0.919654
-6.409455,-6.995840,-0.918425
-6.414790,-6.991571,-0.917196
-6.420122,-6.987300,-0.915966
-6.425452,-6.983024,-0.914735
-6.430778,-6.978746,-0.913504
-6.436101,-6.974463,-0.912272
-6.441421,-6.970177,-0.911039
-6.446739,-6.965888,-0.909805
-6.452053,-6.961595,-0.908571
-6.457364,-6.957298,-0.907336
-6.462672,-6.952998,-0.906101
-6.467977,-6.948694,-0.904864
-6.473279,-6.944387,-0.903628
-6.478579,-6.940077,-0.902390
-6.483875,-6.935762,-0.901152
-6.489168,-6.931445,-0.899913
-6.494458,-6.927123,-0.898673
-6.499744,-6.922799,-0.897433
-6.505028,-6.918470,-0.896192
-6.510309,-6.914138,-0.894950
-6.515587,-6.909803,-0.893708
-6.520862,-6.905464,-0.892465
-6.526133,-6.901122,-0.891221
-6.531402,-6.896776,-0.889977
-6.536667,-6.892426,-0.888732
-6.541930,-6.888073,-0.887486
-6.547189,-6.883717,-0.886240
-6.552446,-6.879357,-0.884993
-6.557699,-6.874994,-0.883745
-6.562949,-6.870627,-0.882497
-6.568196,-6.866256,-0.881248
-6.573441,-6.861882,-0.879998
-6.578682,-6.857505,-0.878748
-6.583920,-6.853124,-0.877497
-6.589154,-6.848740,-0.876245
-6.594386,-6.844352,-0.874993
-6.599615,-6.839960,-0.873740
-6.604840,-6.835565,-0.872486
-6.610063,-6.831167,-0.871232
-6.615282,-6.826765,-0.869977
-6.620499,-6.822360,-0.868721
-6.625712,-6.817951,-0.867465
-6.630922,-6.813539,-0.866208
-6.636129,-6.809123,-0.864951
-6.641333,-6.804704,-0.863692
-6.646534,-6.800281,-0.862433
-6.651731,-6.795855,-0.861174
-6.656926,-6.791426,-0.859914
-6.662117,-6.786993,-0.858653
-6.667306,-6.782556,-0.857391
-6.672491,-6.778116,-0.856129
-6.677673,-6.773673,-0.854867
-6.682852,-6.769226,-0.853603
-6.688028,-6.764775,-0.852339
-6.693200,-6.760322,-0.851074
-6.698370,-6.755864,-0.849809
-6.703536,-6.751404,-0.848543
-6.708700,-6.746940,-0.847277
-6.713860,-6.742472,-0.846009
-6.719017,-6.738001,-0.844741
-6.724171,-6.733527,-0.843473
-6.729322,-6.729049,-0.842204
-6.734469,-6.724567,-0.840934
-6.739614,-6.720083,-0.839663
-6.744755,-6.715595,-0.838392
-6.749893,-6.711103,-0.837121
-6.755028,-6.706608,-0.835848
-6.760160,-6.702110,-0.834575
-6.765288,-6.697608,-0.833302
-6.770414,-6.693102,-0.832027
-6.775536,-6.688594,-0.830753
-6.780655,-6.684082,-0.829477
-6.785771,-6.679566,-0.828201
-6.790884,-6.675047,-0.826924
-6.795994,-6.670525,-0.825647
-6.801100,-6.665999,-0.824369
-6.806203,-6.661470,-0.823090
-6.811304,-6.656938,-0.821811
-6.816400,-6.652402,-0.820531
-6.821494,-6.647862,-0.819251
-6.826585,-6.643320,-0.817970
-6.831672,-6.638773,-0.816688
-6.836756,-6.634224,-0.815405
-6.841837,-6.629671,-0.814123
-6.846915,-6.625115,-0.812839
-6.851989,-6.620555,-0.811555
-6.857061,-6.615992,-0.810270
-6.862129,-6.611426,-0.808985
-6.867194,-6.606856,-0.807699
-6.872255,-6.602283,-0.806412
-6.877314,-6.597706,-0.805125
-6.882369,-6.593126,-0.803837
-6.887421,-6.588543,-0.802548
-6.892470,-6.583956,-0.801259
-6.897516,-6.579366,-0.799970
-6.902558,-6.574773,-0.798679
-6.907597,-6.570176,-0.797388
-6.912633,-6.565576,-0.796097
-6.917666,-6.560972,-0.794805
-6.922695,-6.556366,-0.793512
-6.927721,-6.551755,-0.792219
-6.932744,-6.547142,-0.790925
-6.937764,-6.542525,-0.789630
-6.942781,-6.537905,-0.788335
-6.947794,-6.533281,-0.787040
-6.952804,-6.528654,-0.785743
-6.957811,-6.524024,-0.784446
-6.962814,-6.519391,-0.783149
-6.967814,-6.514754,-0.781851
-6.972811,-6.510113,-0.780552
-6.977805,-6.505470,-0.779253
-6.982796,-6.500823,-0.777953
-6.987783,-6.496173,-0.776653
-6.992767,-6.491519,-0.775352
-6.997748,-6.486862,-0.774050
-7.002725,-6.482202,-0.772748
-7.007699,-6.477539,-0.771445
-7.012670,-6.472872,-0.770142
-7.017637,-6.468202,-0.768838
-7.022602,-6.463528,-0.767533
-7.027563,-6.458851,-0.766228
-7.032521,-6.454171,-0.764922
-7.037475,-6.449488,-0.763616
-7.042426,-6.444801,-0.762309
-7.047374,-6.440111,-0.761002
-7.052319,-6.435418,-0.759694
-7.057260,-6.430721,-0.758385
-7.062198,-6.426021,-0.757076
-7.067133,-6.421318,-0.755766
-7.072064,-6.416612,-0.754456
-7.076992,-6.411902,-0.753145
-7.081917,-6.407189,-0.751833
-7.086838,-6.402473,-0.750521
-7.091756,-6.397753,-0.749209
-7.096671,-6.393030,-0.747895
-7.101583,-6.388304,-0.746582
-7.106491,-6.383575,-0.745267
-7.111396,-6.378842,-0.743952
-7.116297,-6.374106,-0.742637
-7.121196,-6.369367,-0.741321
-7.126091,-6.364624,-0.740004
-7.130982,-6.359879,-0.738687
-7.135870,-6.355130,-0.737369
-7.140755,-6.350377,-0.736051
-7.145637,-6.345622,-0.734732
-7.150515,-6.340863,-0.733413
-7.155390,-6.336101,-0.732093
-7.160262,-6.331336,-0.730772
-7.165130,-6.326567,-0.729451
-7.169995,-6.321795,-0.728130
-7.174856,-6.317020,-0.726808
-7.179714,-6.312242,-0.725485
-7.184569,-6.307461,-0.724162
-7.189421,-6.302676,-0.722838
-7.194269,-6.297888,-0.721513
-7.199113,-6.293097,-0.720188
-7.203955,-6.288302,-0.718863
-7.208793,-6.283504,-0.717537
-7.213628,-6.278704,-0.716210
-7.218459,-6.273899,-0.714883
-7.223287,-6.269092,-0.713555
-7.228111,-6.264282,-0.712227
-7.232932,-6.259468,-0.710898
-7.237750,-6.254651,-0.709569
-7.242565,-6.249831,-0.708239
-7.247376,-6.245007,-0.706909
-7.252183,-6.240180,-0.705578
-7.256988,-6.235351,-0.704246
-7.261788,-6.230518,-0.702914
-7.266586,-6.225681,-0.701582
-7.271380,-6.220842,-0.700249
-7.276171,-6.215999,-0.698915
-7.280958,-6.211154,-0.697581
-7.285742,-6.206304,-0.696246
-7.290522,-6.201452,-0.694911
-7.295299,-6.196597,-0.693575
-7.300073,-6.191738,-0.692239
-7.304843,-6.186877,-0.690902
-7.309610,-6.182012,-0.689565
-7.314374,-6.177143,-0.688227
-7.319134,-6.172272,-0.686889
-7.323890,-6.167398,-0.685550
-7.328644,-6.162520,-0.684210
-7.333393,-6.157639,-0.682870
-7.338140,-6.152755,-0.681530
-7.342883,-6.147868,-0.680189
-7.347622,-6.142978,-0.678847
-7.352358,-6.138084,-0.677505
-7.357091,-6.133188,-0.676163
-7.361820,-6.128288,-0.674820
-7.366546,-6.123385,-0.673476
-7.371268,-6.118479,-0.672132
-7.375987,-6.113570,-0.670787
-7.380703,-6.108657,-0.669442
-7.385415,-6.103742,-0.668097
-7.390123,-6.098823,-0.666750
-7.394828,-6.093901,-0.665404
-7.399530,-6.088976,-0.664057
-7.404228,-6.084048,-0.662709
-7.408923,-6.079117,-0.661361
-7.413614,-6.074183,-0.660012
-7.418302,-6.069245,-0.658663
-7.422986,-6.064305,-0.657313
-7.427667,-6.059361,-0.655963
-7.432345,-6.054414,-0.654612
-7.437019,-6.049464,-0.653261
-7.441689,-6.044511,-0.651909
-7.446356,-6.039555,-0.650557
-7.451020,-6.034595,-0.649204
-7.455680,-6.029633,-0.647851
-7.460337,-6.024667,-0.646497
-7.464990,-6.019699,-0.645143
-7.469639,-6.014727,-0.643788
-7.474286,-6.009752,-0.642433
-7.478928,-6.004774,-0.641077
-7.483567,-5.999793,-0.639721
-7.488203,-5.994809,-0.638364
-7.492835,-5.989822,-0.637007
-7.497464,-5.984832,-0.635649
-7.502089,-5.979838,-0.634291
-7.506711,-5.974842,-0.632932
-7.511329,-5.969842,-0.631573
-7.515944,-5.964839,-0.630214
-7.520555,-5.959834,-0.628854
-7.525163,-5.954825,-0.627493
-7.529767,-5.949813,-0.626132
-7.534368,-5.944798,-0.624770
-7.538965,-5.939780,-0.623408
-7.543558,-5.934759,-0.622046
-7.548149,-5.929735,-0.620683
-7.552735,-5.924708,-0.619319
-7.557318,-5.919677,-0.617955
-7.561898,-5.914644,-0.616591
-7.566474,-5.909608,-0.615226
-7.571046,-5.904568,-0.613860
-7.575615,-5.899526,-0.612495
-7.580181,-5.894480,-0.611128
-7.584743,-5.889432,-0.609761
-7.589301,-5.884380,-0.608394
-7.593856,-5.879326,-0.607026
-7.598407,-5.874268,-0.605658
-7.602955,-5.869207,-0.604289
-7.607499,-5.864143,-0.602920
-7.612040,-5.859077,-0.601551
-7.616577,-5.854007,-0.600181
-7.621110,-5.848934,-0.598810
-7.625640,-5.843858,-0.597439
-7.630167,-5.838779,-0.596068
-7.634690,-5.833697,-0.594696
-7.639209,-5.828612,-0.593323
-7.643725,-5.823524,-0.591950
-7.648237,-5.818433,-0.590577
-7.652746,-5.813339,-0.589203
-7.657251,-5.808242,-0.587829
-7.661752,-5.803142,-0.586454
-7.666250,-5.798040,-0.585079
-7.670745,-5.792934,-0.583704
-7.675235,-5.787825,-0.582327
-7.679723,-5.782713,-0.580951
-7.684206,-5.777598,-0.579574
-7.688686,-5.772480,-0.578197
-7.693163,-5.767359,-0.576819
-7.697636,-5.762235,-0.575440
-7.702105,-5.757108,-0.574062
-7.706571,-5.751978,-0.572683
-7.711033,-5.746845,-0.571303
-7.715491,-5.741709,-0.569923
-7.719946,-5.736570,-0.568542
-7.724397,-5.731429,-0.567161
-7.728845,-5.726284,-0.565780
-7.733289,-5.721136,-0.564398
-7.737730,-5.715985,-0.563016
-7.742167,-5.710832,-0.561633
-7.746600,-5.705675,-0.560250
-7.751030,-5.700516,-0.558866
-7.755456,-5.695353,-0.557482
-7.759878,-5.690188,-0.556098
-7.764297,-5.685019,-0.554713
-7.768712,-5.679848,-0.553328
-7.773124,-5.674673,-0.551942
-7.777532,-5.669496,-0.550556
-7.781936,-5.664316,-0.549169
-7.786337,-5.659133,-0.547782
-7.790734,-5.653947,-0.546395
-7.795127,-5.648758,-0.545007
-7.799517,-5.643566,-0.543618
-7.803904,-5.638371,-0.542230
-7.808286,-5.633173,-0.540840
-7.812665,-5.627972,-0.539451
-7.817040,-5.622769,-0.538061
-7.821412,-5.617562,-0.536670
-7.825780,-5.612353,-0.535280
-7.830144,-5.607140,-0.533888
-7.834505,-5.601925,-0.532497
-7.838862,-5.596707,-0.531104
-7.843216,-5.591486,-0.529712
-7.847565,-5.586262,-0.528319
-7.851911,-5.581035,-0.526926
-7.856254,-5.575805,-0.525532
-7.860593,-5.570572,-0.524138
-7.864928,-5.565337,-0.522743
-7.869259,-5.560098,-0.521348
-7.873587,-5.554857,-0.519953
-7.877911,-5.549612,-0.518557
-7.882232,-5.544365,-0.517161
-7.886548,-5.539115,-0.515764
-7.890862,-5.533862,-0.514367
-7.895171,-5.528606,-0.512970
-7.899477,-5.523348,-0.511572
-7.903779,-5.518086,-0.510174
-7.908077,-5.512822,-0.508775
-7.912372,-5.507554,-0.507376
-7.916663,-5.502284,-0.505976
-7.920950,-5.497011,-0.504577
-7.925234,-5.491735,-0.503176
-7.929514,-5.486457,-0.501776
-7.933790,-5.481175,-0.500375
-7.938063,-5.475890,-0.498973
-7.942332,-5.470603,-0.497572
-7.946597,-5.465313,-0.496169
-7.950859,-5.460020,-0.494767
-7.955116,-5.454724,-0.493364
-7.959370,-5.449425,-0.491960
-7.963621,-5.444124,-0.490557
-7.967868,-5.438820,-0.489153
-7.972111,-5.433512,-0.487748
-7.976350,-5.428202,-0.486343
-7.980585,-5.422890,-0.484938
-7.984817,-5.417574,-0.483532
-7.989045,-5.412255,-0.482126
-7.993270,-5.406934,-0.480720
-7.997490,-5.401610,-0.479313
-8.001707,-5.396283,-0.477906
-8.005921,-5.390953,-0.476498
-8.010130,-5.385621,-0.475090
-8.014336,-5.380285,-0.473682
-8.018538,-5.374947,-0.472273
-8.022736,-5.369606,-0.470864
-8.026931,-5.364262,-0.469455
-8.031122,-5.358916,-0.468045
-8.035309,-5.353566,-0.466635
-8.039492,-5.348214,-0.465224
-8.043672,-5.342859,-0.463813
-8.047847,-5.337501,-0.462402
-8.052020,-5.332141,-0.460990
-8.056188,-5.326777,-0.459578
-8.060353,-5.321411,-0.458166
-8.064513,-5.316042,-0.456753
-8.068671,-5.310671,-0.455340
-8.072824,-5.305296,-0.453926
-8.076974,-5.299919,-0.452512
-8.081119,-5.294539,-0.451098
-8.085262,-5.289156,-0.449684
-8.089400,-5.283771,-0.448269
-8.093534,-5.278383,-0.446854
-8.097665,-5.272992,-0.445438
-8.101792,-5.267598,-0.444022
-8.105916,-5.262201,-0.442606
-8.110035,-5.256802,-0.441189
-8.114151,-5.251400,-0.439772
-8.118263,-5.245995,-0.438354
-8.122371,-5.240588,-0.436937
-8.126475,-5.235177,-0.435519
-8.130576,-5.229764,-0.434100
-8.134673,-5.224349,-0.432681
-8.138766,-5.218930,-0.431262
-8.142855,-5.213509,-0.429843
-8.146940,-5.208085,-0.428423
-8.151022,-5.202658,-0.427003
-8.155100,-5.197229,-0.425582
-8.159174,-5.191797,-0.424161
-8.163244,-5.186362,-0.422740
-8.167311,-5.180924,-0.421319
-8.171374,-5.175484,-0.419897
-8.175432,-5.170041,-0.418475
-8.179488,-5.164596,-0.417052
-8.183539,-5.159147,-0.415629
-8.187586,-5.153696,-0.414206
-8.191630,-5.148242,-0.412782
-8.195670,-5.142786,-0.411358
-8.199706,-5.137327,-0.409934
-8.203738,-5.131865,-0.408510
-8.207767,-5.126400,-0.407085
-8.211791,-5.120933,-0.405660
-8.215812,-5.115463,-0.404234
-8.219829,-5.109990,-0.402808
-8.223842,-5.104515,-0.401382
-8.227851,-5.099037,-0.399956
-8.231857,-5.093556,-0.398529
-8.235859,-5.088073,-0.397102
-8.239856,-5.082587,-0.395674
-8.243850,-5.077099,-0.394246
-8.247841,-5.071607,-0.392818
-8.251827,-5.066113,-0.391390
-8.255809,-5.060617,-0.389961
-8.259788,-5.055117,-0.388532
-8.263763,-5.049615,-0.387103
-8.267734,-5.044111,-0.385673
-8.271701,-5.038603,-0.384243
-8.275664,-5.033094,-0.382813
-8.279624,-5.027581,-0.381382
-8.283579,-5.022066,-0.379951
-8.287531,-5.016548,-0.378520
-8.291479,-5.011027,-0.377088
-8.295423,-5.005504,-0.375656
-8.299363,-4.999979,-0.374224
-8.303299,-4.994450,-0.372792
-8.307232,-4.988919,-0.371359
-8.311160,-4.983386,-0.369926
-8.315085,-4.977849,-0.368493
-8.319006,-4.972311,-0.367059
-8.322923,-4.966769,-0.365625
-8.326836,-4.961225,-0.364191
-8.330745,-4.955678,-0.362756
-8.334651,-4.950129,-0.361321
-8.338552,-4.944577,-0.359886
-8.342450,-4.939023,-0.358451
-8.346344,-4.933465,-0.357015
-8.350233,-4.927906,-0.355579
-8.354119,-4.922343,-0.354143
-8.358002,-4.916779,-0.352706
-8.361880,-4.911211,-0.351269
-8.365754,-4.905641,-0.349832
-8.369625,-4.900068,-0.348394
-8.373491,-4.894493,-0.346957
-8.377354,-4.888915,-0.345518
-8.381213,-4.883335,-0.344080
-8.385067,-4.877752,-0.342641
-8.388918,-4.872166,-0.341203
-8.392766,-4.866578,-0.339763
-8.396609,-4.860988,-0.338324
-8.400448,-4.855394,-0.336884
-8.404283,-4.849798,-0.335444
-8.408115,-4.844200,-0.334004
-8.411942,-4.838599,-0.332563
-8.415766,-4.832996,-0.331122
-8.419586,-4.827390,-0.329681
-8.423402,-4.821781,-0.328240
-8.427214,-4.816170,-0.326798
-8.431022,-4.810556,-0.325356
-8.434826,-4.804940,-0.323914
-8.438626,-4.799321,-0.322471
-8.442422,-4.793700,-0.321029
-8.446214,-4.788076,-0.319586
-8.450003,-4.782450,-0.318142
-8.453787,-4.776821,-0.316699
-8.457568,-4.771190,-0.315255
-8.461344,-4.765556,-0.313811
-8.465117,-4.759919,-0.312366
-8.468886,-4.754280,-0.310922
-8.472651,-4.748639,-0.309477
-8.476412,-4.742995,-0.308032
-8.480169,-4.737348,-0.306586
-8.483922,-4.731699,-0.305141
-8.487671,-4.726048,-0.303695
-8.491416,-4.720394,-0.302249
-8.495157,-4.714737,-0.300802
-8.498894,-4.709078,-0.299355
-8.502627,-4.703417,-0.297909
-8.506357,-4.697753,-0.296461
-8.510082,-4.692086,-0.295014
-8.513804,-4.686417,-0.293566
-8.517521,-4.680746,-0.292118
-8.521235,-4.675072,-0.290670
-8.524944,-4.669396,-0.289222
-8.528650,-4.663717,-0.287773
-8.532351,-4.658035,-0.286324
-8.536049,-4.652352,-0.284875
-8.539743,-4.646665,-0.283426
-8.543433,-4.640977,-0.281976
-8.547118,-4.635285,-0.280526
-8.550800,-4.629592,-0.279076
-8.554478,-4.623896,-0.277626
-8.558152,-4.618197,-0.276175
-8.561822,-4.612496,-0.274724
-8.565488,-4.606792,-0.273273
-8.569150,-4.601087,-0.271822
-8.572808,-4.595378,-0.270370
-8.576462,-4.589667,-0.268918
-8.580112,-4.583954,-0.267466
-8.583758,-4.578238,-0.266014
-8.587400,-4.572520,-0.264562
-8.591038,-4.566800,-0.263109
-8.594672,-4.561077,-0.261656
-8.598302,-4.555351,-0.260203
-8.601928,-4.549624,-0.258750
-8.605550,-4.543893,-0.257296
-8.609168,-4.538161,-0.255842
-8.612782,-4.532426,-0.254388
-8.616392,-4.526688,-0.252934
-8.619998,-4.520948,-0.251480
-8.623601,-4.515206,-0.250025
-8.627199,-4.509461,-0.248570
-8.630793,-4.503714,-0.247115
-8.634383,-4.497965,-0.245660
-8.637969,-4.492213,-0.244204
-8.641551,-4.486458,-0.242748
-8.645129,-4.480702,-0.241292
-8.648703,-4.474943,-0.239836
-8.652273,-4.469181,-0.238380
-8.655839,-4.463417,-0.236923
-8.659401,-4.457651,-0.235466
-8.662959,-4.451883,-0.234009
-8.666513,-4.446112,-0.232552
-8.670063,-4.440338,-0.231094
-8.673609,-4.434563,-0.229637
-8.677151,-4.428785,-0.228179
-8.680689,-4.423004,-0.226721
-8.684222,-4.417221,-0.225263
-8.687752,-4.411436,-0.223804
-8.691278,-4.405649,-0.222346
-8.694800,-4.399859,-0.220887
-8.698317,-4.394067,-0.219428
-8.701831,-4.388272,-0.217968
-8.705341,-4.382475,-0.216509
-8.708846,-4.376676,-0.215049
-8.712348,-4.370874,-0.213590
-8.715845,-4.365071,-0.212130
-8.719339,-4.359264,-0.210669
-8.722828,-4.353456,-0.209209
-8.726314,-4.347645,-0.207748
-8.729795,-4.341832,-0.206288
-8.733272,-4.336016,-0.204827
-8.736745,-4.330198,-0.203365
-8.740214,-4.324378,-0.201904
-8.743680,-4.318556,-0.200443
-8.747141,-4.312731,-0.198981
-8.750598,-4.306904,-0.197519
-8.754051,-4.301074,-0.196057
-8.757499,-4.295243,-0.194595
-8.760944,-4.289408,-0.193132
-8.764385,-4.283572,-0.191670
-8.767822,-4.277734,-0.190207
-8.771254,-4.271893,-0.188744
-8.774683,-4.266049,-0.187281
-8.778107,-4.260204,-0.185817
-8.781528,-4.254356,-0.184354
-8.784944,-4.248506,-0.182890
-8.788356,-4.242654,-0.181426
-8.791764,-4.236799,-0.179962
-8.795168,-4.230942,-0.178498
-8.798568,-4.225083,-0.177034
-8.801964,-4.219222,-0.175570
-8.805356,-4.213358,-0.174105
-8.808744,-4.207492,-0.172640
-8.812128,-4.201624,-0.171175
-8.815507,-4.195753,-0.169710
-8.818883,-4.189881,-0.168245
-8.822254,-4.184006,-0.166779
-8.825622,-4.178129,-0.165313
-8.828985,-4.172249,-0.163848
-8.832344,-4.166367,-0.162382
-8.835699,-4.160483,-0.160916
-8.839050,-4.154597,-0.159449
-8.842397,-4.148709,-0.157983
-8.845740,-4.142818,-0.156516
-8.849078,-4.136925,-0.155050
-8.852413,-4.131030,-0.153583
-8.855743,-4.125133,-0.152116
-8.859070,-4.119233,-0.150649
-8.862392,-4.113331,-0.149181
-8.865710,-4.107427,-0.147714
-8.869024,-4.101521,-0.146246
-8.872334,-4.095613,-0.144778
-8.875640,-4.089702,-0.143311
-8.878941,-4.083789,-0.141843
-8.882239,-4.077874,-0.140374
-8.885532,-4.071957,-0.138906
-8.888822,-4.066038,-0.137438
-8.892107,-4.060116,-0.135969
-8.895388,-4.054192,-0.134500
-8.898665,-4.048266,-0.133031
-8.901938,-4.042338,-0.131562
-8.905206,-4.036408,-0.130093
-8.908471,-4.030475,-0.128624
-8.911731,-4.024541,-0.127154
-8.914988,-4.018604,-0.125685
-8.918240,-4.012665,-0.124215
-8.921488,-4.006723,-0.122745
-8.924732,-4.000780,-0.121275
-8.927971,-3.994834,-0.119805
-8.931207,-3.988887,-0.118335
-8.934439,-3.982937,-0.116865
-8.937666,-3.976985,-0.115394
-8.940889,-3.971031,-0.113924
-8.944108,-3.965074,-0.112453
-8.947323,-3.959116,-0.110982
-8.950534,-3.953155,-0.109511
-8.953740,-3.947192,-0.108040
-8.956943,-3.941227,-0.106569
-8.960141,-3.935260,-0.105098
-8.963335,-3.929291,-0.103626
-8.966525,-3.923320,-0.102155
-8.969711,-3.917346,-0.100683
-8.972893,-3.911371,-0.099212
-8.976071,-3.905393,-0.097740
-8.979244,-3.899413,-0.096268
-8.982413,-3.893431,-0.094796
-8.985578,-3.887447,-0.093323
-8.988739,-3.881461,-0.091851
-8.991896,-3.875473,-0.090379
-8.995049,-3.869483,-0.088906
-8.998197,-3.863490,-0.087434
-9.001341,-3.857496,-0.085961
-9.004481,-3.851499,-0.084488
-9.007617,-3.845500,-0.083015
-9.010749,-3.839499,-0.081542
-9.013876,-3.833496,-0.080069
-9.017000,-3.827491,-0.078596
-9.020119,-3.821484,-0.077122
-9.023234,-3.815475,-0.075649
-9.026345,-3.809464,-0.074176
-9.029451,-3.803451,-0.072702
-9.032554,-3.797435,-0.071228
-9.035652,-3.791418,-0.069754
-9.038746,-3.785398,-0.068281
-9.041836,-3.779377,-0.066807
-9.044922,-3.773353,-0.065332
-9.048004,-3.767327,-0.063858
-9.051081,-3.761300,-0.062384
-9.054154,-3.755270,-0.060910
-9.057223,-3.749238,-0.059435
-9.060288,-3.743204,-0.057961
-9.063348,-3.737168,-0.056486
-9.066405,-3.731130,-0.055012
-9.069457,-3.725090,-0.053537
-9.072505,-3.719048,-0.052062
-9.075549,-3.713004,-0.050587
-9.078588,-3.706958,-0.049112
-9.081624,-3.700910,-0.047637
-9.084655,-3.694859,-0.046162
-9.087682,-3.688807,-0.044687
-9.090704,-3.682753,-0.043211
-9.093723,-3.676697,-0.041736
-9.096737,-3.670639,-0.040261
-9.099747,-3.664578,-0.038785
-9.102753,-3.658516,-0.037309
-9.105755,-3.652452,-0.035834
-9.108752,-3.646385,-0.034358
-9.111746,-3.640317,-0.032882
-9.114735,-3.634247,-0.031406
-9.117720,-3.628175,-0.029931
-9.120700,-3.622100,-0.028455
-9.123677,-3.616024,-0.026979
-9.126649,-3.609946,-0.025502
-9.129617,-3.603866,-0.024026
-9.132580,-3.597784,-0.022550
-9.135540,-3.591700,-0.021074
-9.138495,-3.585613,-0.019597
-9.141446,-3.579525,-0.018121
-9.144393,-3.573435,-0.016645
-9.147335,-3.567343,-0.015168
-9.150274,-3.561249,-0.013692
-9.153208,-3.555153,-0.012215
-9.156137,-3.549056,-0.010738
-9.159063,-3.542956,-0.009262
-9.161984,-3.536854,-0.007785
-9.164902,-3.530750,-0.006308
-9.167814,-3.524644,-0.004831
-9.170723,-3.518537,-0.003354
-9.173627,-3.512427,-0.001877
-9.176528,-3.506316,-0.000400
-9.179423,-3.500202,0.001077
-9.182315,-3.494087,0.002554
-9.185203,-3.487970,0.004031
-9.188086,-3.481850,0.005508
-9.190965,-3.475729,0.006985
-9.193839,-3.469606,0.008463
-9.196710,-3.463481,0.009940
-9.199576,-3.457354,0.011417
-9.202438,-3.451226,0.012894
-9.205295,-3.445095,0.014372
-9.208149,-3.438962,0.015849
-9.210998,-3.432828,0.017327
-9.213842,-3.426692,0.018804
-9.216683,-3.420553,0.020282
-9.219519,-3.414413,0.021759
-9.222351,-3.408271,0.023237
-9.225179,-3.402127,0.024714
-9.228003,-3.395981,0.026192
-9.230822,-3.389833,0.027670
-9.233637,-3.383684,0.029147
-9.236447,-3.377532,0.030625
-9.239254,-3.371379,0.032103
-9.242056,-3.365224,0.033580
-9.244854,-3.359067,0.035058
-9.247647,-3.352908,0.036536
-9.250437,-3.346747,0.038014
-9.253222,-3.340584,0.039491
-9.256003,-3.334420,0.040969
-9.258779,-3.328253,0.042447
-9.261551,-3.322085,0.043925
-10.297188,-2.511178,-1.038425
-10.271140,-2.531471,-1.029989
-10.246384,-2.593712,-1.022979
-10.222771,-2.777016,-1.017333
-10.200124,-2.877624,-1.013098
-9.999206,-2.970499,-1.010058
-9.817705,-3.056336,-1.008201
-9.731555,-3.135865,-1.007410
-9.652696,-3.209775,-1.007539
-9.580404,-3.278644,-1.008503
-9.514024,-3.342990,-1.010220
-9.452968,-3.403279,-1.012621
-9.396706,-3.459929,-1.015639
-9.344758,-3.513318,-1.019216
-9.296693,-3.563782,-1.023299
-9.252124,-3.611626,-1.027841
-9.210701,-3.657123,-1.032797
-9.172108,-3.700518,-1.038129
-9.136061,-3.742032,-1.043801
-9.102305,-3.781863,-1.049781
-9.070608,-3.820190,-1.056041
-9.040764,-3.857173,-1.062555
-9.013670,-3.890932,-1.068539
-8.989262,-3.921397,-1.073897
-8.967278,-3.948886,-1.078685
-8.947482,-3.973685,-1.082956
-8.929662,-3.996051,-1.086756
-8.913624,-4.016220,-1.090129
-8.899195,-4.034403,-1.093115
-8.886219,-4.050791,-1.095749
-8.874553,-4.065556,-1.098065
-8.864071,-4.078855,-1.100092
-8.854656,-4.090828,-1.101857
-8.846206,-4.101604,-1.103386
-8.838625,-4.111298,-1.104700
-8.831830,-4.120013,-1.105819
-8.825743,-4.127845,-1.106763
-8.820295,-4.134877,-1.107549
-8.815424,-4.141188,-1.108191
-8.811074,-4.146847,-1.108703
-8.807194,-4.151916,-1.109098
-8.803737,-4.156453,-1.109388
-8.800663,-4.160509,-1.109582
-8.797934,-4.164131,-1.109690
-8.795517,-4.167360,-1.109721
-8.793379,-4.170234,-1.109682
-8.791496,-4.172788,-1.109580
-8.789840,-4.175053,-1.109422
-8.788390,-4.177056,-1.109213
-8.787126,-4.178824,-1.108958
-8.786029,-4.180379,-1.108663
-8.785084,-4.181742,-1.108331
-8.784274,-4.182931,-1.107966
-8.783586,-4.183964,-1.107572
-8.783009,-4.184855,-1.107152
-8.782531,-4.185619,-1.106708
-8.782142,-4.186269,-1.106244
-8.781834,-4.186814,-1.105762
-8.781599,-4.187267,-1.105263
-8.781428,-4.187635,-1.104750
-8.781316,-4.187928,-1.104225
-8.781257,-4.188152,-1.103688
-8.781245,-4.188315,-1.103142
-8.781276,-4.188423,-1.102587
-8.781344,-4.188481,-1.102025
-8.781447,-4.188495,-1.101457
-8.781580,-4.188469,-1.100884
-8.781740,-4.188407,-1.100307
-8.781925,-4.188312,-1.099726
-8.782132,-4.188189,-1.099142
-8.782358,-4.188040,-1.098556
-8.782602,-4.187868,-1.097968
-8.782861,-4.187675,-1.097380
-8.783133,-4.187465,-1.096790
-8.783418,-4.187238,-1.096200
-8.783713,-4.186996,-1.095610
-8.784018,-4.186742,-1.095021
-8.784331,-4.186476,-1.094432
-8.784652,-4.186201,-1.093844
-8.784978,-4.185916,-1.093257
-8.785310,-4.185624,-1.092672
-8.785647,-4.185326,-1.092089
-8.785988,-4.185022,-1.091507
-8.786333,-4.184713,-1.090927
-8.786680,-4.184399,-1.090350
-8.787029,-4.184082,-1.089774
-8.787381,-4.183763,-1.089201
-8.787734,-4.183440,-1.088630
-8.788088,-4.183116,-1.088062
-8.788443,-4.182791,-1.087496
-8.788798,-4.182464,-1.086933
-8.789154,-4.182136,-1.086373
-8.789509,-4.181809,-1.085815
-8.789865,-4.181481,-1.085261
-8.790220,-4.181153,-1.084709
-8.790574,-4.180825,-1.084160
-8.790928,-4.180498,-1.083613
-8.791281,-4.180172,-1.083070
-8.791633,-4.179847,-1.082530
-8.791984,-4.179523,-1.081992
-8.792334,-4.179200,-1.081458
-8.792682,-4.178878,-1.080927
-8.793029,-4.178558,-1.080398
-8.793375,-4.178239,-1.079873
-8.793719,-4.177922,-1.079350
-8.794062,-4.177607,-1.078830
-8.794403,-4.177293,-1.078314
-8.794743,-4.176981,-1.077800
-8.795081,-4.176671,-1.077290
-8.795417,-4.176363,-1.076782
-8.795751,-4.176057,-1.076277
-8.796084,-4.175753,-1.075775
-8.796415,-4.175451,-1.075277
-8.796744,-4.175151,-1.074781
-8.797072,-4.174853,-1.074288
-8.797398,-4.174557,-1.073797
-8.797722,-4.174263,-1.073310
-8.798044,-4.173971,-1.072826
-8.798364,-4.173681,-1.072344
-8.798683,-4.173394,-1.071866
-8.798999,-4.173108,-1.071390
-8.799314,-4.172825,-1.070917
-8.799627,-4.172544,-1.070446
-8.799939,-4.172265,-1.069979
-8.800248,-4.171988,-1.069514
-8.800556,-4.171713,-1.069052
-8.800862,-4.171441,-1.068593
-8.801166,-4.171170,-1.068137
-8.801468,-4.170902,-1.067683
-8.801769,-4.170635,-1.067232
-8.802067,-4.170371,-1.066783
-8.802364,-4.170109,-1.066338
-8.802660,-4.169849,-1.065895
-8.802953,-4.169591,-1.065454
-8.803245,-4.169335,-1.065016
-8.803535,-4.169082,-1.064581
-8.803823,-4.168830,-1.064148
-8.804110,-4.168580,-1.063718
-8.804395,-4.168332,-1.063291
-8.804678,-4.168087,-1.062866
-8.804959,-4.167843,-1.062443
-8.805239,-4.167602,-1.062023
-8.805517,-4.167362,-1.061606
-8.805794,-4.167124,-1.061190
-8.806068,-4.166889,-1.060778
-8.806342,-4.166655,-1.060368
-8.806613,-4.166423,-1.059960
-8.806883,-4.166193,-1.059555
-8.807151,-4.165965,-1.059152
-8.807418,-4.165739,-1.058751
-8.807683,-4.165515,-1.058353
-8.807947,-4.165293,-1.057957
-8.808209,-4.165073,-1.057563
-8.808469,-4.164854,-1.057172
-8.808728,-4.164638,-1.056783
-8.808985,-4.164423,-1.056397
-8.809241,-4.164210,-1.056012
-8.809495,-4.163999,-1.055630
-8.809748,-4.163789,-1.055250
-8.809999,-4.163582,-1.054873
-8.810249,-4.163376,-1.054497
-8.810497,-4.163172,-1.054124
-8.810744,-4.162970,-1.053753
-8.810989,-4.162769,-1.053384
-8.811233,-4.162571,-1.053018
-8.811476,-4.162374,-1.052653
-8.811717,-4.162178,-1.052291
-8.811956,-4.161985,-1.051931
-8.812194,-4.161793,-1.051573
-8.812431,-4.161603,-1.051216
-8.812666,-4.161414,-1.050863
-8.812900,-4.161227,-1.050511
-8.813133,-4.161042,-1.050161
-8.813364,-4.160858,-1.049813
-8.813594,-4.160676,-1.049467
-8.813822,-4.160496,-1.049124
-8.814049,-4.160317,-1.048782
-8.814275,-4.160140,-1.048442
-8.814499,-4.159965,-1.048104
-8.814722,-4.159791,-1.047768
-8.814944,-4.159618,-1.047435
-8.815165,-4.159447,-1.047103
-8.815384,-4.159278,-1.046773
-8.815602,-4.159110,-1.046445
-8.815818,-4.158944,-1.046119
-8.816034,-4.158779,-1.045794
-8.816248,-4.158616,-1.045472
-8.816460,-4.158454,-1.045152
-8.816672,-4.158293,-0.584699
-8.816886,-4.158202,-0.044516
-8.817104,-4.158191,-0.044201
-8.817320,-4.158180,-0.043888
-8.817535,-4.158168,-0.043577
-8.817748,-4.158156,-0.043267
-8.817960,-4.158145,-0.042960
-8.818171,-4.158133,-0.042654
-8.818381,-4.158121,-0.042349
-8.818589,-4.158109,-0.042047
-8.818796,-4.158097,-0.041746
-8.819002,-4.158085,-0.041447
-8.819206,-4.158073,-0.041150
-8.819409,-4.158061,-0.040855
-8.819611,-4.158048,-0.040561
-8.819812,-4.158036,-0.040269
-8.820012,-4.158024,-0.039979
-8.820210,-4.158011,-0.039690
-8.820407,-4.157999,-0.039403
-8.820603,-4.157986,-0.039117
-8.820797,-4.157973,-0.038834
-8.820991,-4.157961,-0.038551
-8.821183,-4.157948,-0.038271
-8.821374,-4.157935,-0.037992
-8.821564,-4.157922,-0.037715
-8.821753,-4.157909,-0.037439
-8.821940,-4.157896,-0.037165
-8.822127,-4.157883,-0.036892
-8.822312,-4.157870,-0.036621
-8.822496,-4.157857,-0.036352
-8.822679,-4.157844,-0.036084
-8.822861,-4.157831,-0.035818
-8.823042,-4.157817,-0.035553
-8.823222,-4.157804,-0.035290
-8.823400,-4.157791,-0.035028
-8.823578,-4.157778,-0.034768
-8.823755,-4.157764,-0.034509
-8.823930,-4.157751,-0.034251
-8.824104,-4.157737,-0.033995
-8.824278,-4.157724,-0.033741
-8.824450,-4.157710,-0.033488
-8.824621,-4.157697,-0.033237
-8.824791,-4.157683,-0.032987
-8.824960,-4.157670,-0.032738
-8.825129,-4.157656,-0.032491
-8.825296,-4.157642,-0.032245
-8.825462,-4.157629,-0.032000
-8.825627,-4.157615,-0.031757
-8.825791,-4.157601,-0.031516
-8.825954,-4.157588,-0.031276
-8.826116,-4.157574,-0.031037
-8.826277,-4.157560,-0.030799
-8.826438,-4.157546,-0.030563
-8.826597,-4.157533,-0.030328
-8.826755,-4.157519,-0.030095
-8.826913,-4.157505,-0.029862
-8.827069,-4.157491,-0.029632
-8.827224,-4.157477,-0.029402
-8.827379,-4.157463,-0.029174
-8.827533,-4.157450,-0.028947
-8.827685,-4.157436,-0.028721
-8.827837,-4.157422,-0.028497
-8.827988,-4.157408,-0.028274
-8.828138,-4.157394,-0.028052
-8.828287,-4.157380,-0.027831
-8.828435,-4.157366,-0.027612
-8.828582,-4.157352,-0.027394
-8.828729,-4.157339,-0.027177
-8.828874,-4.157325,-0.026961
-8.829019,-4.157311,-0.026747
-8.829163,-4.157297,-0.026533
-8.829306,-4.157283,-0.026321
-8.829448,-4.157269,-0.026111
-8.829589,-4.157255,-0.025901
-8.829730,-4.157241,-0.025693
-8.829869,-4.157228,-0.025485
-8.830008,-4.157214,-0.025279
-8.830146,-4.157200,-0.025074
-8.830283,-4.157186,-0.024870
-8.830419,-4.157172,-0.024668
-8.830555,-4.157158,-0.024466
-8.830690,-4.157144,-0.024266
-8.830824,-4.157131,-0.024067
-8.830957,-4.157117,-0.023869
-8.831089,-4.157103,-0.023672
-8.831221,-4.157089,-0.023476
-8.831351,-4.157075,-0.023281
-8.831481,-4.157062,-0.023087
-8.831611,-4.157048,-0.022895
-8.831739,-4.157034,-0.022703
-8.831867,-4.157020,-0.022513
-8.831994,-4.157007,-0.022323
-8.832120,-4.156993,-0.022135
-8.832246,-4.156979,-0.021948
-8.832370,-4.156966,-0.021762
-8.832494,-4.156952,-0.021576
-8.832618,-4.156938,-0.021392
-8.832740,-4.156925,-0.021209
-8.832862,-4.156911,-0.021027
-8.832983,-4.156897,-0.020846
-8.833104,-4.156884,-0.020666
-8.833223,-4.156870,-0.020487
-8.833342,-4.156857,-0.020309
-8.833461,-4.156843,-0.020132
-8.833578,-4.156830,-0.019956
-8.833695,-4.156816,-0.019781
-8.833812,-4.156803,-0.019607
-8.833927,-4.156790,-0.019434
-8.834042,-4.156776,-0.019261
-8.834156,-4.156763,-0.019090
-8.834270,-4.156749,-0.018920
-8.834383,-4.156736,-0.018751
-8.834495,-4.156723,-0.018582
-8.834607,-4.156709,-0.018415
-8.834718,-4.156696,-0.018249
-8.834828,-4.156683,-0.018083
-8.834938,-4.156670,-0.017918
-8.835047,-4.156657,-0.017755
-8.835155,-4.156643,-0.017592
-8.835263,-4.156630,-0.017430
-8.835370,-4.156617,-0.017269
-8.835477,-4.156604,-0.017109
-8.835582,-4.156591,-0.016950
-8.835688,-4.156578,-0.016791
-8.835792,-4.156565,-0.016634
-8.835896,-4.156552,-0.016477
-8.836000,-4.156539,-0.016322
-8.836103,-4.156526,-0.016167
-8.836205,-4.156513,-0.016013
-8.836307,-4.156501,-0.015860
-8.836408,-4.156488,-0.015708
-8.836508,-4.156475,-0.015556
-8.836608,-4.156462,-0.015406
-8.836708,-4.156449,-0.015256
-8.836807,-4.156437,-0.015107
-8.836905,-4.156424,-0.014959
-8.837002,-4.156411,-0.014812
-8.837100,-4.156399,-0.014665
-8.837196,-4.156386,-0.014520
-8.837292,-4.156374,-0.014375
-8.837387,-4.156361,-0.014231
-8.837482,-4.156349,-0.014088
-8.837577,-4.156336,-0.013945
-8.837670,-4.156324,-0.013803
-8.837764,-4.156311,-0.013663
-8.837856,-4.156299,-0.013523
-8.837949,-4.156287,-0.013383
-8.838040,-4.156274,-0.013245
-8.838131,-4.156262,-0.013107
-8.838222,-4.156250,-0.012970
-8.838312,-4.156238,-0.012834
-8.838402,-4.156226,-0.012698
-8.838491,-4.156214,-0.012563
-8.838579,-4.156201,-0.012429
-8.838667,-4.156189,-0.012296
-8.838755,-4.156177,-0.012164
-8.838842,-4.156165,-0.012032
-8.838928,-4.156153,-0.011901
-8.839015,-4.156142,-0.011770
-8.839100,-4.156130,-0.011641
-8.839185,-4.156118,-0.011512
-8.839270,-4.156106,-0.011384
-8.839354,-4.156094,-0.011256
-8.839437,-4.156082,-0.011129
-8.839521,-4.156071,-0.011003
-8.839603,-4.156059,-0.010878
-8.839685,-4.156047,-0.010753
-8.839767,-4.156036,-0.010629
-8.839849,-4.156024,-0.010506
-8.839929,-4.156013,-0.010383
-8.840010,-4.156001,-0.010261
-8.840090,-4.155990,-0.010140
-8.840169,-4.155978,-0.010019
-8.840248,-4.155967,-0.009899
-8.840327,-4.155956,-0.009780
-8.840405,-4.155944,-0.009661
-8.840482,-4.155933,-0.009543
-8.840559,-4.155922,-0.009425
-8.840636,-4.155911,-0.009309
-8.840713,-4.155899,-0.009193
-8.840789,-4.155888,-0.009077
-8.840864,-4.155877,-0.008962
-8.840939,-4.155866,-0.008848
-8.841014,-4.155855,-0.008734
-8.841088,-4.155844,-0.008621
-8.841162,-4.155833,-0.008509
-8.841235,-4.155822,-0.008397
-8.841308,-4.155811,-0.008286
-8.841381,-4.155801,-0.008176
-8.841453,-4.155790,-0.008066
-8.841524,-4.155779,-0.007957
-8.841596,-4.155768,-0.007848
-8.841667,-4.155758,-0.007740
-8.841737,-4.155747,-0.007632
-8.841807,-4.155736,-0.007525
-8.841877,-4.155726,-0.007419
-8.841946,-4.155715,-0.007313
-8.842015,-4.155705,-0.007208
-8.842084,-4.155694,-0.007103
-8.842152,-4.155684,-0.006999
-8.842220,-4.155673,-0.006896
-8.842287,-4.155663,-0.006793
-8.842354,-4.155653,-0.006691
-8.842421,-4.155642,-0.006589
-8.842487,-4.155632,-0.006488
-8.842553,-4.155622,-0.006387
-8.842619,-4.155612,-0.006287
-8.842684,-4.155602,-0.006187
-8.842749,-4.155592,-0.006088
-8.842813,-4.155582,-0.005990
-8.842877,-4.155571,-0.005892
-8.842941,-4.155561,-0.005794
-8.843004,-4.155552,-0.005698
-8.843067,-4.155542,-0.005601
-8.843130,-4.155532,-0.005505
-8.843192,-4.155522,-0.005410
-8.843254,-4.155512,-0.005315
-8.843316,-4.155502,-0.005221
-8.843377,-4.155493,-0.005127
-8.843438,-4.155483,-0.005034
-8.843498,-4.155473,-0.004941
-8.843559,-4.155464,-0.004849
-8.843618,-4.155454,-0.004757
-8.843678,-4.155444,-0.004666
-8.843737,-4.155435,-0.004575
-8.843796,-4.155425,-0.004485
-8.843855,-4.155416,-0.004395
-8.843913,-4.155407,-0.004306
-8.843971,-4.155397,-0.004217
-8.844029,-4.155388,-0.004129
-8.844086,-4.155379,-0.004041
-8.844143,-4.155369,-0.003954
-8.844199,-4.155360,-0.003867
-8.844256,-4.155351,-0.003780
-8.844312,-4.155342,-0.003694
-8.844367,-4.155333,-0.003609
-8.844423,-4.155323,-0.003524
-8.844478,-4.155314,-0.003439
-8.844533,-4.155305,-0.003355
-8.844587,-4.155296,-0.003272
-8.844641,-4.155287,-0.003188
-8.844695,-4.155279,-0.003106
-8.844749,-4.155270,-0.003023
-8.844802,-4.155261,-0.002942
-8.844855,-4.155252,-0.002860
-8.844908,-4.155243,-0.002779
-8.844960,-4.155234,-0.002699
-8.845012,-4.155226,-0.002619
-8.845064,-4.155217,-0.002539
-8.845116,-4.155208,-0.002460
-8.845167,-4.155200,-0.002381
-8.845218,-4.155191,-0.002303
-8.845268,-4.155183,-0.002225
-8.845319,-4.155174,-0.002147
-8.845369,-4.155166,-0.002070
-8.845419,-4.155157,-0.001994
-8.845468,-4.155149,-0.001917
-8.845518,-4.155141,-0.001841
-8.845567,-4.155132,-0.001766
-8.845615,-4.155124,-0.001691
-8.845664,-4.155116,-0.001616
-8.845712,-4.155108,-0.001542
-8.845760,-4.155099,-0.001468
-8.845808,-4.155091,-0.001395
-8.845855,-4.155083,-0.001322
-8.845902,-4.155075,-0.001249
-8.845949,-4.155067,-0.001177
-8.845996,-4.155059,-0.001105
-8.846042,-4.155051,-0.001034
-8.846088,-4.155043,-0.000963
-8.846134,-4.155035,-0.000892
-8.846180,-4.155027,-0.000822
-8.846225,-4.155019,-0.000752
-8.846270,-4.155012,-0.000682
-8.846315,-4.155004,-0.000613
-8.846360,-4.154996,-0.000544
-8.846404,-4.154988,-0.000476
-8.846448,-4.154981,-0.000408
-8.846492,-4.154973,-0.000340
-8.846536,-4.154965,-0.000273
-8.846579,-4.154958,-0.000206
-8.846622,-4.154950,-0.000139
-8.846665,-4.154943,-0.000073
-8.846708,-4.154935,-0.000007
-8.846750,-4.154928,0.000058
-8.846793,-4.154920,0.000124
-8.846835,-4.154913,0.000188
-8.846876,-4.154905,0.000253
-8.846918,-4.154898,0.000317
-8.846959,-4.154891,0.000381
-8.847000,-4.154884,0.000444
-8.847041,-4.154876,0.000507
-8.847082,-4.154869,0.000570
-8.847122,-4.154862,0.000633
-8.847162,-4.154855,0.000695
-8.847202,-4.154848,0.000756
-8.847242,-4.154841,0.000818
-8.847281,-4.154834,0.000879
-8.847321,-4.154827,0.000940
-8.847360,-4.154820,0.001000
-8.847399,-4.154813,0.001060
-8.847437,-4.154806,0.001120
-8.847476,-4.154799,0.001179
-8.847514,-4.154792,0.001239
-8.847552,-4.154785,0.001297
-8.847590,-4.154778,0.001356
-8.847628,-4.154771,0.001414
-8.847665,-4.154765,0.001472
-8.847702,-4.154758,0.001530
-8.847739,-4.154751,0.001587
-8.847776,-4.154745,0.001644
-8.847813,-4.154738,0.001700
-8.847849,-4.154731,0.001757
-8.847885,-4.154725,0.001813
-8.847921,-4.154718,0.001869
-8.847957,-4.154712,0.001924
-8.847993,-4.154705,0.001979
-8.848028,-4.154699,0.002034
-8.848063,-4.154692,0.002089
-8.848098,-4.154686,0.002143
-8.848133,-4.154680,0.002197
-8.848168,-4.154673,0.002250
-8.848202,-4.154667,0.002304
-8.848236,-4.154661,0.002357
-8.848271,-4.154654,0.002410
-8.848304,-4.154648,0.002462
-8.848338,-4.154642,0.002515
-8.848372,-4.154636,0.002567
-8.848405,-4.154630,0.002618
-8.848438,-4.154623,0.002670
-8.848471,-4.154617,0.002721
-8.848504,-4.154611,0.002772
-8.848537,-4.154605,0.002822
-8.848569,-4.154599,0.002873
-8.848601,-4.154593,0.002923
-8.848633,-4.154587,0.002972
-8.848665,-4.154581,0.003022
-8.848697,-4.154575,0.003071
-8.848729,-4.154570,0.003120
-8.848760,-4.154564,0.003169
-8.848791,-4.154558,0.003217
-8.848822,-4.154552,0.003266
-8.848853,-4.154546,0.003314
-8.848884,-4.154541,0.003361
-8.848915,-4.154535,0.003409
-8.848945,-4.154529,0.003456
-8.848975,-4.154524,0.003503
-8.849005,-4.154518,0.003550
-8.849035,-4.154512,0.003596
-8.849065,-4.154507,0.003642
-8.849095,-4.154501,0.003688
-8.849124,-4.154496,0.003734
-8.849153,-4.154490,0.003779
-8.849182,-4.154485,0.003824
-8.849211,-4.154479,0.003869
-8.849240,-4.154474,0.003914
-8.849269,-4.154468,0.003959
-8.849297,-4.154463,0.004003
-8.849325,-4.154458,0.004047
-8.849354,-4.154452,0.004091
-8.849382,-4.154447,0.004134
-8.849410,-4.154442,0.004177
-8.849437,-4.154436,0.004221
-8.849465,-4.154431,0.004263
-8.849492,-4.154426,0.004306
-8.849519,-4.154421,0.004348
-8.849547,-4.154416,0.004391
-8.849574,-4.154410,0.004432
-8.849600,-4.154405,0.004474
-8.849627,-4.154400,0.004516
-8.849654,-4.154395,0.004557
-8.849680,-4.154390,0.004598
-8.849706,-4.154385,0.004639
-8.849732,-4.154380,0.004679
-8.849758,-4.154375,0.004720
-8.849784,-4.154370,0.004760
-8.849810,-4.154365,0.004800
-8.849835,-4.154360,0.004840
-8.849861,-4.154355,0.004879
-8.849886,-4.154351,0.004919
-8.849911,-4.154346,0.004958
-8.849936,-4.154341,0.004997
-8.849961,-4.154336,0.005035
-8.849986,-4.154331,0.005074
-8.850010,-4.154327,0.005112
-8.850035,-4.154322,0.005150
-8.850059,-4.154317,0.005188
-8.850083,-4.154312,0.005226
-8.850107,-4.154308,0.005263
-8.850131,-4.154303,0.005301
-8.850155,-4.154299,0.005338
-8.850179,-4.154294,0.005374
-8.850202,-4.154289,0.005411
-8.850226,-4.154285,0.005448
-8.850249,-4.154280,0.005484
-8.850272,-4.154276,0.005520
-8.850295,-4.154271,0.005556
-8.850318,-4.154267,0.005592
-8.850341,-4.154262,0.005627
-8.850364,-4.154258,0.005663
-8.850386,-4.154254,0.005698
-8.850409,-4.154249,0.005733
-8.850431,-4.154245,0.005767
-8.850453,-4.154241,0.005802
-8.850475,-4.154236,0.005836
-8.850497,-4.154232,0.005871
-8.850519,-4.154228,0.005905
-8.850541,-4.154223,0.005939
-8.850562,-4.154219,0.005972
-8.850584,-4.154215,0.006006
-8.850605,-4.154211,0.006039
-8.850627,-4.154207,0.006072
-8.850648,-4.154202,0.006105
-8.850669,-4.154198,0.006138
-8.850690,-4.154194,0.006171
-8.850711,-4.154190,0.006203
-8.850731,-4.154186,0.006235
-8.850752,-4.154182,0.006268
-8.850772,-4.154178,0.006299
-8.850793,-4.154174,0.006331
-8.850813,-4.154170,0.006363
-8.850833,-4.154166,0.006394
-8.850853,-4.154162,0.006425
-8.850873,-4.154158,0.006457
-8.850893,-4.154154,0.006488
-8.850913,-4.154150,0.006518
-8.850932,-4.154146,0.006549
-8.850952,-4.154142,0.006579
-8.850971,-4.154139,0.006610
-8.850990,-4.154135,0.006640
-8.851010,-4.154131,0.006670
-8.851029,-4.154127,0.006699
-8.851048,-4.154123,0.006729
-8.851066,-4.154120,0.006759
-8.851085,-4.154116,0.006788
-8.851104,-4.154112,0.006817
-8.851123,-4.154109,0.006846
-8.851141,-4.154105,0.006875
-8.851159,-4.154101,0.006904
-8.851178,-4.154098,0.006932
-8.851196,-4.154094,0.006961
-8.851214,-4.154090,0.006989
-8.851232,-4.154087,0.007017
-8.851250,-4.154083,0.007045
-8.851268,-4.154080,0.007073
-8.851285,-4.154076,0.007100
-8.851303,-4.154073,0.007128
-8.851320,-4.154069,0.007155
-8.851338,-4.154066,0.007182
-8.851355,-4.154062,0.007209
-8.851372,-4.154059,0.007236
-8.851390,-4.154055,0.007263
-8.851407,-4.154052,0.007290
-8.851424,-4.154048,0.007316
-8.851440,-4.154045,0.007343
-8.851457,-4.154042,0.007369
-8.851474,-4.154038,0.007395
-8.851491,-4.154035,0.007421
-8.851507,-4.154032,0.007447
-8.851523,-4.154028,0.007472
-8.851540,-4.154025,0.007498
-8.851556,-4.154022,0.007523
-8.851572,-4.154018,0.007549
-8.851588,-4.154015,0.007574
-8.851604,-4.154012,0.007599
-8.851620,-4.154009,0.007624
-8.851636,-4.154006,0.007648
-8.851652,-4.154002,0.007673
-8.851667,-4.153999,0.007697
-8.851683,-4.153996,0.007722
-8.851698,-4.153993,0.007746
-8.851714,-4.153990,0.007770
-8.851729,-4.153987,0.007794
-8.851744,-4.153984,0.007818
-8.851759,-4.153981,0.007842
-8.851775,-4.153978,0.007865
-8.851790,-4.153975,0.007889
-8.851804,-4.153972,0.007912
-8.851819,-4.153969,0.007935
-8.851834,-4.153966,0.007958
-8.851849,-4.153963,0.007981
-8.851863,-4.153960,0.008004
-8.851878,-4.153957,0.008027
-8.851892,-4.153954,0.008049
-8.851907,-4.153951,0.008072
-8.851921,-4.153948,0.008094
-8.851935,-4.153945,0.008116
-8.851949,-4.153942,0.008138
-8.851963,-4.153939,0.008160
-8.851977,-4.153936,0.008182
-8.851991,-4.153934,0.008204
-8.852005,-4.153931,0.008226
-8.852019,-4.153928,0.008247
-8.852033,-4.153925,0.008269
-8.852046,-4.153922,0.008290
-8.852060,-4.153920,0.008311
-8.852073,-4.153917,0.008332
-8.852087,-4.153914,0.008353
-8.852100,-4.153911,0.008374
-8.852113,-4.153909,0.008395
-8.852126,-4.153906,0.008416
-8.852139,-4.153903,0.008436
-8.852152,-4.153901,0.008456
-8.852165,-4.153898,0.008477
-8.852178,-4.153895,0.008497
-8.852191,-4.153893,0.008517
-8.852204,-4.153890,0.008537
-8.852217,-4.153887,0.008557
-8.852229,-4.153885,0.008577
-8.852242,-4.153882,0.008596
-8.852254,-4.153880,0.008616
-8.852267,-4.153877,0.008636
-8.852279,-4.153875,0.008655
-8.852291,-4.153872,0.008674
-8.852304,-4.153870,0.008693
-8.852316,-4.153867,0.008712
-8.852328,-4.153865,0.008731
-8.852340,-4.153862,0.008750
-8.852352,-4.153860,0.008769
-8.852364,-4.153857,0.008788
-8.852376,-4.153855,0.008806
-8.852388,-4.153852,0.008825
-8.852399,-4.153850,0.008843
-8.852411,-4.153847,0.008861
-8.852422,-4.153845,0.008879
-8.852434,-4.153843,0.008898
-8.852446,-4.153840,0.008916
-8.852457,-4.153838,0.008933
-8.852468,-4.153836,0.008951
-8.852480,-4.153833,0.008969
-8.852491,-4.153831,0.008987
-8.852502,-4.153829,0.009004
-8.852513,-4.153826,0.009021
-8.852524,-4.153824,0.009039
-8.852535,-4.153822,0.009056
-8.852546,-4.153820,0.009073
-8.852557,-4.153817,0.009090
-8.852568,-4.153815,0.009107
-8.852579,-4.153813,0.009124
-8.852589,-4.153811,0.009141
-8.852600,-4.153808,0.009158
-8.852611,-4.153806,0.009174
-8.852621,-4.153804,0.009191
-8.852632,-4.153802,0.009207
-8.852642,-4.153800,0.009223
-8.852652,-4.153798,0.009240
-8.852663,-4.153795,0.009256
-8.852673,-4.153793,0.009272
-8.852683,-4.153791,0.009288
-8.852693,-4.153789,0.009304
-8.852703,-4.153787,0.009320
-8.852713,-4.153785,0.009335
-8.852723,-4.153783,0.009351
-8.852733,-4.153781,0.009367
-8.852743,-4.153779,0.009382
-8.852753,-4.153777,0.009398
-8.852763,-4.153775,0.009413
-8.852773,-4.153773,0.009428
-8.852782,-4.153771,0.009443
-8.852792,-4.153769,0.009458
-8.852801,-4.153767,0.009474
-8.852811,-4.153765,0.009488
-8.852820,-4.153763,0.009503
-8.852830,-4.153761,0.009518
-8.852839,-4.153759,0.009533
-8.852849,-4.153757,0.009547
-8.852858,-4.153755,0.009562
-8.852867,-4.153753,0.009576
-8.852876,-4.153751,0.009591
-8.852885,-4.153749,0.009605
-8.852894,-4.153747,0.009619
-8.852903,-4.153745,0.009634
-8.852912,-4.153743,0.009648
-8.852921,-4.153741,0.009662
-8.852930,-4.153740,0.009676
-8.852939,-4.153738,0.009689
-8.852948,-4.153736,0.009703
-8.852957,-4.153734,0.009717
-8.852965,-4.153732,0.009731
-8.852974,-4.153730,0.009744
-8.852983,-4.153729,0.009758
-8.852991,-4.153727,0.009771
-8.853000,-4.153725,0.009785
-8.853008,-4.153723,0.009798
-8.853017,-4.153722,0.009811
-8.853025,-4.153720,0.009824
-8.853033,-4.153718,0.009837
-8.853042,-4.153716,0.009850
-8.853050,-4.153715,0.009863
-8.853058,-4.153713,0.009876
-8.853066,-4.153711,0.009889
-8.853074,-4.153709,0.009902
-8.853082,-4.153708,0.009914
-8.853090,-4.153706,0.009927
-8.853098,-4.153704,0.009940
-8.853106,-4.153703,0.009952
-8.853114,-4.153701,0.009964
-8.853122,-4.153699,0.009977
-8.853130,-4.153698,0.009989
-8.853138,-4.153696,0.010001
-8.853145,-4.153694,0.010013
-8.853153,-4.153693,0.010026
-8.853161,-4.153691,0.010038
-8.853168,-4.153690,0.010050
-8.853176,-4.153688,0.010061
-8.853184,-4.153686,0.010073
-8.853191,-4.153685,0.010085
-8.853199,-4.153683,0.010097
-8.853206,-4.153682,0.010108
-8.853213,-4.153680,0.010120
-8.853221,-4.153679,0.010131
-8.853228,-4.153677,0.010143
-8.853235,-4.153676,0.010154
-8.853242,-4.153674,0.010166
-8.853250,-4.153673,0.010177
-8.853257,-4.153671,0.010188
-8.853264,-4.153670,0.010199
-8.853271,-4.153668,0.010210
-8.853278,-4.153667,0.010222
-8.853285,-4.153665,0.010233
-8.853292,-4.153664,0.010243
-8.853299,-4.153662,0.010254
-8.853306,-4.153661,0.010265
-8.853313,-4.153659,0.010276
-8.853319,-4.153658,0.010287
-8.853326,-4.153656,0.010297
-8.853333,-4.153655,0.010308
-8.853340,-4.153654,0.010318
-8.853346,-4.153652,0.010329
-8.853353,-4.153651,0.010339
-8.853360,-4.153649,0.010350
-8.853366,-4.153648,0.010360
-8.853373,-4.153647,0.010370
-8.853379,-4.153645,0.010380
-8.853386,-4.153644,0.010391
-8.853392,-4.153642,0.010401
-8.853398,-4.153641,0.010411
-8.853405,-4.153640,0.010421
-8.853411,-4.153638,0.010431
-8.853417,-4.153637,0.010441
-8.853424,-4.153636,0.010450
-8.853430,-4.153634,0.010460
-8.853436,-4.153633,0.010470
-8.853442,-4.153632,0.010480
-8.853448,-4.153631,0.010489
-8.853454,-4.153629,0.010499
-8.853461,-4.153628,0.010508
-8.853467,-4.153627,0.010518
-8.853473,-4.153625,0.010527
-8.853479,-4.153624,0.010537
-8.853484,-4.153623,0.010546
-8.853490,-4.153622,0.010555
-8.853496,-4.153620,0.010564
-8.853502,-4.153619,0.010574
-8.853508,-4.153618,0.010583
-8.853514,-4.153617,0.010592
-8.853519,-4.153615,0.010601
-8.853525,-4.153614,0.010610
-8.853531,-4.153613,0.010619
-8.853536,-4.153612,0.010628
-8.853542,-4.153611,0.010637
-8.853548,-4.153609,0.010645
-8.853553,-4.153608,0.010654
-8.853559,-4.153607,0.010663
-8.853564,-4.153606,0.010671
-8.853570,-4.153605,0.010680
-8.853575,-4.153604,0.010689
-8.853581,-4.153602,0.010697
-8.853586,-4.153601,0.010706
-8.853591,-4.153600,0.010714
-8.853597,-4.153599,0.010723
-8.853602,-4.153598,0.010731
-8.853607,-4.153597,0.010739
-8.853613,-4.153596,0.010747
-8.853618,-4.153594,0.010756
-8.853623,-4.153593,0.010764
-8.853628,-4.153592,0.010772
-8.853633,-4.153591,0.010780
-8.853639,-4.153590,0.010788
-8.853644,-4.153589,0.010796
-8.853649,-4.153588,0.010804
-8.853654,-4.153587,0.010812
-8.853659,-4.153586,0.010820
-8.853664,-4.153585,0.010828
-8.853669,-4.153584,0.010835
-8.853674,-4.153583,0.010843
-8.853679,-4.153582,0.010851
-8.853683,-4.153581,0.010859
-8.853688,-4.153579,0.010866
-8.853693,-4.153578,0.010874
-8.853698,-4.153577,0.010881
-8.853703,-4.153576,0.010889
-8.853707,-4.153575,0.010896
-8.853712,-4.153574,0.010904
-8.853717,-4.153573,0.010911
-8.853722,-4.153572,0.010919
-8.853726,-4.153571,0.010926
-8.853731,-4.153570,0.010933
-8.853735,-4.153569,0.010940
-8.853740,-4.153568,0.010948
-8.853745,-4.153567,0.010955
-8.853749,-4.153566,0.010962
-8.853754,-4.153566,0.010969
-8.853758,-4.153565,0.010976
-8.853763,-4.153564,0.010983
-8.853767,-4.153563,0.010990
-8.853771,-4.153562,0.010997
-8.853776,-4.153561,0.011004
-8.853780,-4.153560,0.011011
-8.853784,-4.153559,0.011018
-8.853789,-4.153558,0.011024
-8.853793,-4.153557,0.011031
-8.853797,-4.153556,0.011038
-8.853802,-4.153555,0.011045
-8.853806,-4.153554,0.011051
-8.853810,-4.153553,0.011058
-8.853814,-4.153553,0.011064
-8.853818,-4.153552,0.011071
-8.853823,-4.153551,0.011077
-8.853827,-4.153550,0.011084
-8.853831,-4.153549,0.011090
-8.853835,-4.153548,0.011097
-8.853839,-4.153547,0.011103
-8.853843,-4.153546,0.011110
-8.853847,-4.153546,0.011116
-8.853851,-4.153545,0.011122
-8.853855,-4.153544,0.011128
-8.853859,-4.153543,0.011135
-8.853863,-4.153542,0.011141
-8.853867,-4.153541,0.011147
-8.853871,-4.153540,0.011153
-8.853874,-4.153540,0.011159
-8.853878,-4.153539,0.011165
-8.853882,-4.153538,0.011171
-8.853886,-4.153537,0.011177
-8.853890,-4.153536,0.011183
-8.853893,-4.153536,0.011189
-8.853897,-4.153535,0.011195
-8.853901,-4.153534,0.011201
-8.853905,-4.153533,0.011207
-8.853908,-4.153532,0.011212
-8.853912,-4.153532,0.011218
-8.853916,-4.153531,0.011224
-8.853919,-4.153530,0.011230
-8.853923,-4.153529,0.011235
-8.853926,-4.153528,0.011241
-8.853930,-4.153528,0.011247
-8.853934,-4.153527,0.011252
-8.853937,-4.153526,0.011258
-8.853941,-4.153525,0.011263
-8.853944,-4.153525,0.011269
-8.853948,-4.153524,0.011274
-8.853951,-4.153523,0.011280
-8.853955,-4.153522,0.011285
-8.853958,-4.153522,0.011290
-8.853961,-4.153521,0.011296
-8.853965,-4.153520,0.011301
-8.853968,-4.153520,0.011306
-8.853971,-4.153519,0.011312
-8.853975,-4.153518,0.011317
-8.853978,-4.153517,0.011322
-8.853981,-4.153517,0.011327
-8.853985,-4.153516,0.011333
-8.853988,-4.153515,0.011338
-8.853991,-4.153515,0.011343
-8.853994,-4.153514,0.011348
-8.853998,-4.153513,0.011353
-8.854001,-4.153512,0.011358
-8.854004,-4.153512,0.011363
-8.854007,-4.153511,0.011368
-8.854010,-4.153510,0.011373
-8.854013,-4.153510,0.011378
-8.854017,-4.153509,0.011383
-8.854020,-4.153508,0.011388
-8.854023,-4.153508,0.011392
-8.854026,-4.153507,0.011397
-8.854029,-4.153506,0.011402
-8.854032,-4.153506,0.011407
-8.854035,-4.153505,0.011412
-8.854038,-4.153504,0.011416
-8.854041,-4.153504,0.011421
-8.854044,-4.153503,0.011426
-8.854047,-4.153503,0.011430
-8.854050,-4.153502,0.011435
-8.854053,-4.153501,0.011440
-8.854056,-4.153501,0.011444
-8.854058,-4.153500,0.011449
-8.854061,-4.153499,0.011453
-8.854064,-4.153499,0.011458
-8.854067,-4.153498,0.011462
-8.854070,-4.153498,0.011467
-8.854073,-4.153497,0.011471
-8.854075,-4.153496,0.011475
-8.854078,-4.153496,0.011480
-8.854081,-4.153495,0.011484
-8.854084,-4.153495,0.011489
-8.854087,-4.153494,0.011493
-8.854089,-4.153493,0.011497
-8.854092,-4.153493,0.011501
-8.854095,-4.153492,0.011506
-8.854097,-4.153492,0.011510
-8.854100,-4.153491,0.011514
-8.854103,-4.153491,0.011518
-8.854105,-4.153490,0.011522
-8.854108,-4.153489,0.011527
-8.854111,-4.153489,0.011531
-8.854113,-4.153488,0.011535
-8.854116,-4.153488,0.011539
-8.854118,-4.153487,0.011543
-8.854121,-4.153487,0.011547
-8.854123,-4.153486,0.011551
-8.854126,-4.153485,0.011555
-8.854129,-4.153485,0.011559
-8.854131,-4.153484,0.011563
-8.854134,-4.153484,0.011567
-8.854136,-4.153483,0.011571
-8.854138,-4.153483,0.011575
-8.854141,-4.153482,0.011578
-8.854143,-4.153482,0.011582
-8.854146,-4.153481,0.011586
-8.854148,-4.153481,0.011590
-8.854151,-4.153480,0.011594
-8.854153,-4.153480,0.011598
-8.854155,-4.153479,0.011601
-8.854158,-4.153479,0.011605
-8.854160,-4.153478,0.011609
-8.854162,-4.153478,0.011612
-8.854165,-4.153477,0.011616
-8.854167,-4.153477,0.011620
-8.854169,-4.153476,0.011623
-8.854172,-4.153476,0.011627
-8.854174,-4.153475,0.011631
-8.854176,-4.153475,0.011634
-8.854178,-4.153474,0.011638
-8.854181,-4.153474,0.011641
-8.854183,-4.153473,0.011645
-8.854185,-4.153473,0.011648
-8.854187,-4.153472,0.011652
-8.854190,-4.153472,0.011655
-8.854192,-4.153471,0.011659
-8.854194,-4.153471,0.011662
-8.854196,-4.153470,0.011665
-8.854198,-4.153470,0.011669
-8.854200,-4.153469,0.011672
-8.854203,-4.153469,0.011675
-8.854205,-4.153468,0.011679
-8.854207,-4.153468,0.011682
-8.854209,-4.153468,0.011685
-8.854211,-4.153467,0.011689
-8.854213,-4.153467,0.011692
-8.854215,-4.153466,0.011695
-8.854217,-4.153466,0.011698
-8.854219,-4.153465,0.011702
-8.854221,-4.153465,0.011705
-8.854223,-4.153464,0.011708
-8.854225,-4.153464,0.011711
-8.854227,-4.153464,0.011714
-8.854229,-4.153463,0.011717
-8.854231,-4.153463,0.011721
-8.854233,-4.153462,0.011724
-8.854235,-4.153462,0.011727
-8.854237,-4.153461,0.011730
-8.854239,-4.153461,0.011733
-8.854241,-4.153461,0.011736
-8.854243,-4.153460,0.011739
-8.854245,-4.153460,0.011742
-8.854247,-4.153459,0.011745
-8.854248,-4.153459,0.011748
-8.854250,-4.153459,0.011751
-8.854252,-4.153458,0.011754
-8.854254,-4.153458,0.011757
-8.854256,-4.153457,0.011760
-8.854258,-4.153457,0.011763
-8.854260,-4.153457,0.011765
-8.854261,-4.153456,0.011768
-8.854263,-4.153456,0.011771
-8.854265,-4.153455,0.011774
-8.854267,-4.153455,0.011777
-8.854269,-4.153455,0.011780
-8.854270,-4.153454,0.011782
-8.854272,-4.153454,0.011785
-8.854274,-4.153453,0.011788
-8.854276,-4.153453,0.011791
-8.854277,-4.153453,0.011793
-8.854279,-4.153452,0.011796
-8.854281,-4.153452,0.011799
-8.854282,-4.153452,0.011801
-8.854284,-4.153451,0.011804
-8.854286,-4.153451,0.011807
-8.854288,-4.153451,0.011809
-8.854289,-4.153450,0.011812
-8.854291,-4.153450,0.011815
-8.854293,-4.153449,0.011817
-8.854294,-4.153449,0.011820
-8.854296,-4.153449,0.011822
-8.854297,-4.153448,0.011825
-8.854299,-4.153448,0.011828
-8.854301,-4.153448,0.011830
-8.854302,-4.153447,0.011833
-8.854304,-4.153447,0.011835
-8.854305,-4.153447,0.011838
-8.854307,-4.153446,0.011840
-8.854309,-4.153446,0.011843
-8.854310,-4.153446,0.011845
-8.854312,-4.153445,0.011847
-8.854313,-4.153445,0.011850
-8.854315,-4.153445,0.011852
-8.854316,-4.153444,0.011855
-8.854318,-4.153444,0.011857
-8.854319,-4.153444,0.011859
-8.854321,-4.153443,0.011862
-8.854322,-4.153443,0.011864
-8.854324,-4.153443,0.011867
-8.854325,-4.153442,0.011869
-8.854327,-4.153442,0.011871
-8.854328,-4.153442,0.011873
-8.854330,-4.153441,0.011876
-8.854331,-4.153441,0.011878
-8.854333,-4.153441,0.011880
-8.854334,-4.153440,0.011883
-8.854335,-4.153440,0.011885
-8.854337,-4.153440,0.011887
-8.854338,-4.153439,0.011889
-8.854340,-4.153439,0.011892
-8.854341,-4.153439,0.011894
-8.854342,-4.153439,0.011896
-8.854344,-4.153438,0.011898
-8.854345,-4.153438,0.011900
-8.854347,-4.153438,0.011902
-8.854348,-4.153437,0.011905
-8.854349,-4.153437,0.011907
-8.854351,-4.153437,0.011909
-8.854352,-4.153437,0.011911
-8.854353,-4.153436,0.011913
-8.854355,-4.153436,0.011915
-8.854356,-4.153436,0.011917
-8.854357,-4.153435,0.011919
-8.854359,-4.153435,0.011921
-8.854360,-4.153435,0.011923
-8.854361,-4.153435,0.011925
-8.854362,-4.153434,0.011927
-8.854364,-4.153434,0.011929
-8.854365,-4.153434,0.011931
-8.854366,-4.153433,0.011933
-8.854367,-4.153433,0.011935
-8.854369,-4.153433,0.011937
-8.854370,-4.153433,0.011939
-8.854371,-4.153432,0.011941
-8.854372,-4.153432,0.011943
-8.854374,-4.153432,0.011945
-8.854375,-4.153432,0.011947
-8.854376,-4.153431,0.011949
-8.854377,-4.153431,0.011951
-8.854379,-4.153431,0.011953
-8.854380,-4.153430,0.011955
-8.854381,-4.153430,0.011956
-8.854382,-4.153430,0.011958
-8.854383,-4.153430,0.011960
-8.854384,-4.153429,0.011962
-8.854386,-4.153429,0.011964
-8.854387,-4.153429,0.011966
-8.854388,-4.153429,0.011967
-8.854389,-4.153428,0.011969
-8.854390,-4.153428,0.011971
-8.854391,-4.153428,0.011973
-8.854392,-4.153428,0.011975
-8.854394,-4.153427,0.011976
-8.854395,-4.153427,0.011978
-8.854396,-4.153427,0.011980
-8.854397,-4.153427,0.011982
-8.854398,-4.153427,0.011983
-8.854399,-4.153426,0.011985
-8.854400,-4.153426,0.011987
-8.854401,-4.153426,0.011988
-8.854402,-4.153426,0.011990
-8.854403,-4.153425,0.011992
-8.854404,-4.153425,0.011993
-8.854405,-4.153425,0.011995
-8.854406,-4.153425,0.011997
-8.854408,-4.153424,0.011998
-8.854409,-4.153424,0.012000
-8.854410,-4.153424,0.012002
-8.854411,-4.153424,0.012003
-8.854412,-4.153424,0.012005
-8.854413,-4.153423,0.012007
-8.854414,-4.153423,0.012008
-8.854415,-4.153423,0.012010
-8.854416,-4.153423,0.012011
-8.854417,-4.153422,0.012013
-8.854418,-4.153422,0.012014
-8.854419,-4.153422,0.012016
-8.854420,-4.153422,0.012018
-8.854421,-4.153422,0.012019
-8.854422,-4.153421,0.012021
-8.854423,-4.153421,0.012022
-8.854424,-4.153421,0.012024
-8.854424,-4.153421,0.012025
-8.854425,-4.153421,0.012027
-8.854426,-4.153420,0.012028
-8.854427,-4.153420,0.012030
-8.854428,-4.153420,0.012031
-8.854429,-4.153420,0.012033
-8.854430,-4.153420,0.012034
-8.854431,-4.153419,0.012035
-8.854432,-4.153419,0.012037
-8.854433,-4.153419,0.012038
-8.854434,-4.153419,0.012040
-8.854435,-4.153419,0.012041
-8.854436,-4.153418,0.012043
-8.854436,-4.153418,0.012044
-8.854437,-4.153418,0.012045
-8.854438,-4.153418,0.012047
-8.854439,-4.153418,0.012048
-8.854440,-4.153417,0.012050
-8.854441,-4.153417,0.012051
-8.854442,-4.153417,0.012052
-8.854443,-4.153417,0.012054
-8.854443,-4.153417,0.012055
-8.854444,-4.153416,0.012056
-8.854445,-4.153416,0.012058
-8.854446,-4.153416,0.012059
-8.854447,-4.153416,0.012060
-8.854448,-4.153416,0.012062
-8.854448,-4.153416,0.012063
-8.854449,-4.153415,0.012064
-8.854450,-4.153415,0.012065
-8.854451,-4.153415,0.012067
-8.854452,-4.153415,0.012068
-8.854453,-4.153415,0.012069
-8.854453,-4.153414,0.012071
-8.854454,-4.153414,0.012072
-8.854455,-4.153414,0.012073
-8.854456,-4.153414,0.012074
-8.854457,-4.153414,0.012076
-8.854457,-4.153414,0.012077
-8.854458,-4.153413,0.012078
-8.854459,-4.153413,0.012079
-8.854460,-4.153413,0.012080
-8.854460,-4.153413,0.012082
-8.854461,-4.153413,0.012083
-8.854462,-4.153413,0.012084
-8.854463,-4.153412,0.012085
-8.854463,-4.153412,0.012086
-8.854464,-4.153412,0.012088
-8.854465,-4.153412,0.012089
-8.854466,-4.153412,0.012090
-8.854466,-4.153412,0.012091
-8.854467,-4.153411,0.012092
-8.854468,-4.153411,0.012093
-8.854469,-4.153411,0.012095
-8.854469,-4.153411,0.012096
-8.854470,-4.153411,0.012097
-8.854471,-4.153411,0.012098
-8.854471,-4.153411,0.012099
-8.854472,-4.153410,0.012100
-8.854473,-4.153410,0.012101
-8.854473,-4.153410,0.012102
-8.854474,-4.153410,0.012103
-8.854475,-4.153410,0.012105
-8.854476,-4.153410,0.012106
-8.854476,-4.153409,0.012107
-8.854477,-4.153409,0.012108
-8.854478,-4.153409,0.012109
-8.854478,-4.153409,0.012110
-8.854479,-4.153409,0.012111
-8.854480,-4.153409,0.012112
-8.854480,-4.153409,0.012113
-8.854481,-4.153408,0.012114
-8.854482,-4.153408,0.012115
-8.854482,-4.153408,0.012116
-8.854483,-4.153408,0.012117
-8.854483,-4.153408,0.012118
-8.854484,-4.153408,0.012119
-8.854485,-4.153408,0.012120
-8.854485,-4.153407,0.012121
-8.854486,-4.153407,0.012122
-8.854487,-4.153407,0.012123
-8.854487,-4.153407,0.012124
-8.854488,-4.153407,0.012125
-8.854489,-4.153407,0.012126
-8.854489,-4.153407,0.012127
-8.854490,-4.153407,0.012128
-8.854490,-4.153406,0.012129
-8.854491,-4.153406,0.012130
-8.854492,-4.153406,0.012131
-8.854492,-4.153406,0.012132
-8.854493,-4.153406,0.012133
-8.854493,-4.153406,0.012134
-8.854494,-4.153406,0.012135
-8.854495,-4.153405,0.012135
-8.854495,-4.153405,0.012136
-8.854496,-4.153405,0.012137
-8.854496,-4.153405,0.012138
-8.854497,-4.153405,0.012139
-8.854497,-4.153405,0.012140
-8.854498,-4.153405,0.012141
-8.854499,-4.153405,0.012142
-8.854499,-4.153404,0.012143
-8.854500,-4.153404,0.012144
-8.854500,-4.153404,0.012144
-8.854501,-4.153404,0.012145
-8.854501,-4.153404,0.012146
-8.854502,-4.153404,0.012147
-8.854502,-4.153404,0.012148
-8.854503,-4.153404,0.012149
-8.854503,-4.153404,0.012150
-8.854504,-4.153403,0.012150
-8.854505,-4.153403,0.012151
-8.854505,-4.153403,0.012152
-8.854506,-4.153403,0.012153
-8.854506,-4.153403,0.012154
-8.854507,-4.153403,0.012155
-8.854507,-4.153403,0.012155
-8.854508,-4.153403,0.012156
-8.854508,-4.153403,0.012157
-8.854509,-4.153402,0.012158
-8.854509,-4.153402,0.012159
-8.925121,-3.905762,0.114950
-8.989080,-3.681836,0.208210
-9.046940,-3.479639,0.292723
-9.099305,-3.297000,0.369375
-9.146718,-3.131967,0.438958
-9.189670,-2.982778,0.502184
-9.228603,-2.847850,0.559692
-9.263917,-2.725757,0.612055
-9.295971,-2.615216,0.659790
-9.325090,-2.515069,0.703358
-9.351566,-2.424278,0.743175
-9.375661,-2.341906,0.779616
-9.397613,-2.267110,0.813017
-9.417636,-2.199131,0.843680
-9.435921,-2.137287,0.871877
-9.452643,-2.080963,0.897853
-9.467956,-2.029606,0.921826
-9.482001,-1.982718,0.943996
-9.494904,-1.939852,0.964541
-9.506780,-1.900604,0.983620
-9.517731,-1.864610,1.001378
-9.527848,-1.831546,1.017944
-9.537215,-1.801115,1.033436
-9.545906,-1.773055,1.047959
-9.553989,-1.747127,1.061607
-9.561524,-1.723117,1.074466
-9.568565,-1.700832,1.086612
-9.575162,-1.680098,1.098115
-9.581358,-1.660760,1.109036
-9.587192,-1.642676,1.119432
-9.592702,-1.625721,1.129353
-9.597918,-1.609781,1.138845
-9.602870,-1.594753,1.147948
-9.607583,-1.580545,1.156699
-9.612081,-1.567074,1.165132
-9.616386,-1.554265,1.173276
-9.620515,-1.542052,1.181158
-9.624486,-1.530374,1.188802
-9.628314,-1.519177,1.196231
-9.632013,-1.508412,1.203463
-9.635596,-1.498034,1.210517
-9.639073,-1.488004,1.217408
-9.642455,-1.478286,1.224151
-9.645751,-1.468849,1.230759
-9.648968,-1.459663,1.237243
-9.652114,-1.450703,1.243613
-9.655195,-1.441945,1.249880
-9.658219,-1.433368,1.256052
-9.661189,-1.424954,1.262135
-9.664110,-1.416684,1.268138
-9.666988,-1.408545,1.274067
-9.669825,-1.400521,1.279926
-9.672626,-1.392601,1.285722
-9.675393,-1.384774,1.291458
-9.678129,-1.377029,1.297138
-9.680837,-1.369358,1.302767
-9.683519,-1.361753,1.308348
-9.686177,-1.354205,1.313883
-9.688813,-1.346709,1.319375
-9.691429,-1.339259,1.324827
-9.694026,-1.331848,1.330240
-9.696605,-1.324474,1.335618
-9.699168,-1.317131,1.340961
-9.701716,-1.309815,1.346271
-9.704249,-1.302523,1.351549
-9.706769,-1.295252,1.356797
-9.709277,-1.287999,1.362016
-9.711772,-1.280762,1.367208
-9.714257,-1.273538,1.372372
-9.716731,-1.266325,1.377509
-9.719194,-1.259122,1.382622
-9.721648,-1.251926,1.387709
-9.724093,-1.244737,1.392772
-9.726529,-1.237552,1.397812
-9.728957,-1.230372,1.402828
-9.731376,-1.223194,1.407821
-9.733787,-1.216018,1.412793
-9.736191,-1.208843,1.417742
-9.738587,-1.201668,1.422669
-9.740976,-1.194493,1.427575
-9.743358,-1.187317,1.432460
-9.745733,-1.180139,1.437324
-9.748102,-1.172959,1.442167
-9.750464,-1.165776,1.446989
-9.752819,-1.158591,1.451792
-9.755168,-1.151402,1.456573
-9.757510,-1.144209,1.461335
-9.759847,-1.137013,1.466077
-9.762177,-1.129813,1.470799
-9.764502,-1.122608,1.475501
-9.766820,-1.115399,1.480183
-9.769133,-1.108185,1.484846
-9.771439,-1.100967,1.489489
-9.773740,-1.093743,1.494113
-9.776035,-1.086515,1.498717
-9.778325,-1.079281,1.503302
-9.780608,-1.072043,1.507867
-9.782886,-1.064799,1.512413
-9.785159,-1.057549,1.516939
-9.787426,-1.050295,1.521446
-9.789687,-1.043035,1.525934
-9.791943,-1.035769,1.530402
-9.794193,-1.028498,1.534852
-9.796438,-1.021222,1.539281
-9.798677,-1.013940,1.543692
-9.800911,-1.006653,1.548083
-9.803140,-0.999360,1.552456
-9.805363,-0.992062,1.556808
-9.807580,-0.984758,1.561142
-9.809793,-0.977449,1.565456
-9.811999,-0.970134,1.569751
-9.814201,-0.962814,1.574027
-9.816397,-0.955488,1.578284
-9.818588,-0.948158,1.582521
-9.820773,-0.940821,1.586739
-9.822953,-0.933480,1.590938
-9.825128,-0.926133,1.595117
-9.827297,-0.918781,1.599277
-9.829461,-0.911424,1.603418
-9.831620,-0.904061,1.607540
-9.833773,-0.896693,1.611642
-9.835922,-0.889320,1.615725
-9.838064,-0.881942,1.619788
-9.840202,-0.874559,1.623833
-9.842334,-0.867171,1.627857
-9.844461,-0.859778,1.631863
-9.846583,-0.852380,1.635849
-9.848699,-0.844976,1.639816
-9.850811,-0.837568,1.643763
-9.852917,-0.830156,1.647691
-9.855017,-0.822738,1.651600
-9.857113,-0.815315,1.655489
-9.859203,-0.807888,1.659358
-9.861288,-0.800456,1.663209
-9.863368,-0.793020,1.667039
-9.865442,-0.785579,1.670851
-9.867511,-0.778133,1.674643
-9.869576,-0.770682,1.678415
-9.871634,-0.763228,1.682168
-9.873688,-0.755768,1.685901
-9.875737,-0.748305,1.689615
-9.877780,-0.740836,1.693309
-9.879818,-0.733364,1.696984
-9.881851,-0.725887,1.700639
-9.883878,-0.718406,1.704275
-9.885901,-0.710921,1.707891
-9.887918,-0.703432,1.711488
-9.889930,-0.695938,1.715065
-9.891937,-0.688441,1.718622
-9.893939,-0.680939,1.722160
-9.895936,-0.673433,1.725678
-9.897927,-0.665924,1.729177
-9.899913,-0.658410,1.732656
-9.901894,-0.650893,1.736115
-9.903870,-0.643371,1.739555
-9.905841,-0.635846,1.742975
-9.907807,-0.628317,1.746375
-9.909768,-0.620785,1.749755
-9.911723,-0.613249,1.753116
-9.913673,-0.605709,1.756458
-9.915618,-0.598166,1.759779
-9.917559,-0.590619,1.763081
-9.919493,-0.583068,1.766363
-9.921423,-0.575514,1.769626
-9.923348,-0.567957,1.772868
-9.925268,-0.560396,1.776091
-9.927182,-0.552832,1.779294
-9.929092,-0.545265,1.782478
-9.930996,-0.537694,1.785641
-9.932895,-0.530121,1.788785
-9.934789,-0.522544,1.791909
-9.936678,-0.514964,1.795014
-9.938562,-0.507381,1.798098
-9.940441,-0.499794,1.801163
-9.942315,-0.492205,1.804208
-9.944184,-0.484613,1.807233
-9.946047,-0.477018,1.810238
-9.947906,-0.469420,1.813223
-9.949760,-0.461820,1.816189
-9.951608,-0.454216,1.819134
-9.953452,-0.446610,1.822060
-9.955290,-0.439001,1.824966
-9.957124,-0.431390,1.827852
-9.958952,-0.423776,1.830719
-9.960775,-0.416159,1.833565
-9.962594,-0.408540,1.836391
-9.964407,-0.400918,1.839198
-9.966215,-0.393294,1.841984
-9.968018,-0.385668,1.844751
-9.969817,-0.378039,1.847498
-9.971610,-0.370408,1.850225
-9.973398,-0.362775,1.852932
-9.975181,-0.355139,1.855619
-9.976960,-0.347501,1.858286
-9.978733,-0.339862,1.860933
-9.980501,-0.332220,1.863560
-9.982264,-0.324576,1.866167
-9.984022,-0.316930,1.868754
-9.985776,-0.309282,1.871322
-9.987524,-0.301632,1.873869
-9.989267,-0.293980,1.876396
-9.991006,-0.286326,1.878904
-9.992739,-0.278671,1.881391
-9.994468,-0.271014,1.883858
-9.996191,-0.263355,1.886306
-9.997910,-0.255695,1.888733
-9.999623,-0.248033,1.891140
-10.001332,-0.240369,1.893528
-10.003036,-0.232704,1.895895
-10.004734,-0.225037,1.898242
-10.006428,-0.217369,1.900570
-10.008117,-0.209699,1.902877
-10.009801,-0.202029,1.905164
-10.011480,-0.194356,1.907431
-10.013154,-0.186683,1.909678
-10.014824,-0.179008,1.911905
-10.016488,-0.171332,1.914112
-10.018147,-0.163655,1.916299
-10.019802,-0.155977,1.918466
-10.021451,-0.148298,1.920613
-10.023096,-0.140618,1.922740
-10.024736,-0.132937,1.924847
-10.026371,-0.125255,1.926933
-10.028001,-0.117572,1.929000
-10.029626,-0.109888,1.931046
-10.031246,-0.102204,1.933073
-10.032862,-0.094519,1.935079
-10.034472,-0.086833,1.937066
-10.036078,-0.079146,1.939032
-10.037679,-0.071459,1.940978
-10.039275,-0.063771,1.942904
-10.040866,-0.056082,1.944810
-10.042452,-0.048393,1.946695
-10.044033,-0.040704,1.948561
-10.045610,-0.033014,1.950407
-10.047182,-0.025324,1.952232
-10.048749,-0.017634,1.954038
-10.050311,-0.009943,1.955823
-10.051868,-0.002252,1.957588
-10.053420,0.005439,1.959333
-10.054968,0.013130,1.961058
-10.056510,0.020821,1.962763
-10.058048,0.028513,1.964448
-10.059581,0.036204,1.966112
-10.061110,0.043896,1.967757
-10.062633,0.051587,1.969381
-10.064152,0.059278,1.970985
-10.065666,0.066969,1.972570
-10.067175,0.074660,1.974134
-10.068679,0.082350,1.975678
-10.070179,0.090041,1.977201
-10.071674,0.097731,1.978705
-10.073164,0.105420,1.980188
-10.074649,0.113110,1.981652
-10.076129,0.120798,1.983095
-10.077605,0.128486,1.984518
-10.079076,0.136174,1.985921
-10.080542,0.143861,1.987304
-10.082003,0.151548,1.988667
-10.083460,0.159233,1.990010
-10.084912,0.166918,1.991332
-10.086359,0.174603,1.992635
-10.087801,0.182286,1.993917
-10.089239,0.189969,1.995179
-10.090672,0.197650,1.996421
-10.092100,0.205331,1.997643
-10.093523,0.213011,1.998845
-10.094942,0.220690,2.000027
-10.096356,0.228367,2.001188
-10.097765,0.236044,2.002330
-10.099170,0.243719,2.003451
-10.100570,0.251394,2.004552
-10.101965,0.259067,2.005634
-10.103355,0.266738,2.006695
-10.104741,0.274409,2.007735
-10.106122,0.282078,2.008756
-10.107498,0.289745,2.009757
-10.108870,0.297411,2.010738
-10.110237,0.305076,2.011698
-10.111599,0.312739,2.012638
-10.112957,0.320401,2.013559
-10.114310,0.328060,2.014459
-10.115658,0.335719,2.015339
-10.117002,0.343375,2.016199
-10.118341,0.351030,2.017039
-10.119675,0.358683,2.017859
-10.121004,0.366334,2.018659
-10.122329,0.373983,2.019438
-10.123650,0.381630,2.020198
-10.124965,0.389276,2.020937
-10.126276,0.396919,2.021657
-10.127583,0.404560,2.022356
-10.128884,0.412199,2.023036
-10.130181,0.419836,2.023695
-10.131474,0.427471,2.024334
-10.132762,0.435103,2.024953
-10.134045,0.442734,2.025552
-10.135323,0.450361,2.026131
-10.136597,0.457987,2.026690
-10.137866,0.465610,2.027229
-10.139131,0.473231,2.027748
-10.140391,0.480849,2.028247
-10.141647,0.488465,2.028726
-10.142898,0.496078,2.029185
-10.144144,0.503688,2.029624
-10.145386,0.511296,2.030042
-10.146623,0.518901,2.030441
-10.147855,0.526503,2.030820
-10.149083,0.534103,2.031179
-10.150306,0.541700,2.031518
-10.151525,0.549294,2.031836
-10.152739,0.556884,2.032135
-10.153949,0.564472,2.032414
-10.155154,0.572057,2.032673
-10.156355,0.579639,2.032912
-10.157550,0.587218,2.033131
-10.158742,0.594794,2.033330
-10.159929,0.602366,2.033509
-10.161111,0.609935,2.033668
-10.162289,0.617501,2.033807
-10.163462,0.625064,2.033926
-10.164630,0.632623,2.034025
-10.165794,0.640179,2.034105
-10.166954,0.647732,2.034164
-10.168109,0.655281,2.034204
-10.169259,0.662826,2.034223
-10.170405,0.670368,2.034223
-10.171547,0.677906,2.034203
-10.172683,0.685441,2.034163
-10.173816,0.692972,2.034103
-10.174944,0.700499,2.034023
-10.176067,0.708023,2.033923
-10.177186,0.715542,2.033803
-10.178300,0.723058,2.033664
-10.179410,0.730570,2.033505
-10.180515,0.738078,2.033326
-10.181616,0.745582,2.033127
-10.182712,0.753081,2.032908
-10.183804,0.760577,2.032669
-10.184892,0.768069,2.032411
-10.185974,0.775556,2.032133
-10.187053,0.783040,2.031835
-10.188127,0.790519,2.031517
-10.189196,0.797993,2.031179
-10.190261,0.805464,2.030822
-10.191322,0.812930,2.030445
-10.192378,0.820392,2.030048
-10.193429,0.827849,2.029631
-10.194476,0.835301,2.029195
-10.195519,0.842750,2.028739
-10.196557,0.850193,2.028263
-10.197591,0.857632,2.027767
-10.198620,0.865066,2.027252
-10.199645,0.872496,2.026717
-10.200665,0.879921,2.026163
-10.201681,0.887341,2.025588
-10.202693,0.894756,2.024994
-10.203700,0.902166,2.024381
-10.204703,0.909571,2.023747
-10.205701,0.916972,2.023095
-10.206695,0.924367,2.022422
-10.207684,0.931757,2.021730
-10.208669,0.939142,2.021018
-10.209650,0.946522,2.020287
-10.210626,0.953897,2.019536
-10.211598,0.961267,2.018765
-10.212565,0.968631,2.017975
-10.213528,0.975990,2.017165
-10.214486,0.983344,2.016336
-10.215441,0.990693,2.015487
-10.216390,0.998036,2.014619
-10.217336,1.005373,2.013731
-10.218277,1.012705,2.012823
-10.219213,1.020031,2.011897
-10.220145,1.027352,2.010950
-10.221073,1.034667,2.009984
-10.221997,1.041977,2.008999
-10.222916,1.049280,2.007994
-10.223830,1.056578,2.006970
-10.224741,1.063871,2.005926
-10.225647,1.071157,2.004863
-10.226548,1.078437,2.003781
-10.227445,1.085712,2.002679
-10.228338,1.092980,2.001557
-10.229227,1.100243,2.000417
-10.230111,1.107499,1.999257
-10.230991,1.114750,1.998077
-10.231866,1.121994,1.996878
-10.232737,1.129232,1.995660
-10.233604,1.136464,1.994423
-10.234466,1.143689,1.993166
-10.235325,1.150909,1.991890
-10.236178,1.158122,1.990595
-10.237028,1.165328,1.989280
-10.237873,1.172528,1.987946
-10.238714,1.179722,1.986593
-10.239550,1.186909,1.985221
-10.240382,1.194089,1.983829
-10.241210,1.201263,1.982418
-10.242033,1.208431,1.980988
-10.242853,1.215591,1.979539
-10.243668,1.222745,1.978071
-10.244478,1.229892,1.976583
-10.245284,1.237033,1.975077
-10.246086,1.244166,1.973551
-10.246884,1.251293,1.972006
-10.247677,1.258413,1.970442
-10.248466,1.265525,1.968859
-10.249251,1.272631,1.967257
-10.250032,1.279730,1.965635
-10.250808,1.286821,1.963995
-10.251580,1.293906,1.962336
-10.252347,1.300983,1.960657
-10.253111,1.308053,1.958960
-10.253870,1.315116,1.957244
-10.254625,1.322172,1.955508
-10.255375,1.329220,1.953754
-10.256122,1.336261,1.951981
-10.256864,1.343294,1.950189
-10.257601,1.350320,1.948377
-10.258335,1.357339,1.946547
-10.259064,1.364350,1.944698
-10.259789,1.371353,1.942831
-10.260510,1.378349,1.940944
-10.261226,1.385337,1.939038
-10.261938,1.392317,1.937114
-10.262646,1.399290,1.935171
-10.263350,1.406255,1.933209
-10.264049,1.413212,1.931228
-10.264745,1.420161,1.929229
-10.265436,1.427102,1.927210
-10.266122,1.434036,1.925173
-10.266805,1.440961,1.923117
-10.267483,1.447879,1.921043
-10.268157,1.454788,1.918950
-10.268827,1.461689,1.916838
-10.269493,1.468582,1.914707
-10.270154,1.475467,1.912558
-10.270811,1.482344,1.910390
-10.271464,1.489212,1.908204
-10.272113,1.496072,1.905999
-10.272758,1.502924,1.903775
-10.273398,1.509768,1.901533
-10.274034,1.516603,1.899273
-10.274666,1.523429,1.896993
-10.275294,1.530247,1.894696
-10.275917,1.537057,1.892379
-10.276537,1.543858,1.890045
-10.277152,1.550650,1.887691
-10.277763,1.557433,1.885320
-10.278369,1.564208,1.882930
-10.278972,1.570975,1.880521
-10.279570,1.577732,1.878094
-10.280165,1.584481,1.875649
-10.280754,1.591220,1.873185
-10.281340,1.597951,1.870703
-10.281922,1.604673,1.868203
-10.282499,1.611386,1.865684
-10.283073,1.618090,1.863148
-10.283642,1.624785,1.860592
-10.284207,1.631471,1.858019
-10.284768,1.638147,1.855427
-10.285324,1.644815,1.852818
-10.285877,1.651473,1.850189
-10.286425,1.658122,1.847543
-10.286969,1.664762,1.844879
-10.287509,1.671393,1.842196
-10.288045,1.678014,1.839496
-10.288576,1.684625,1.836777
-10.289104,1.691228,1.834040
-10.289627,1.697820,1.831285
-10.290146,1.704403,1.828512
-10.290662,1.710977,1.825721
-10.291172,1.717541,1.822912
-10.291679,1.724096,1.820085
-10.292182,1.730640,1.817240
-10.292680,1.737176,1.814377
-10.293175,1.743701,1.811496
-10.293665,1.750216,1.808597
-10.294151,1.756722,1.805681
-10.294633,1.763218,1.802746
-10.295111,1.769704,1.799794
-10.295585,1.776180,1.796823
-10.296054,1.782646,1.793835
-10.296520,1.789102,1.790829
-10.296981,1.795548,1.787806
-10.297438,1.801984,1.784764
-10.297891,1.808409,1.781705
-10.298340,1.814825,1.778628
-10.298785,1.821230,1.775534
-10.299226,1.827625,1.772421
-10.299663,1.834010,1.769292
-10.300095,1.840385,1.766144
-10.300524,1.846749,1.762979
-10.300948,1.853102,1.759796
-10.301368,1.859446,1.756596
-10.301784,1.865778,1.753378
-10.302196,1.872101,1.750143
-10.302604,1.878412,1.746890
-10.303008,1.884714,1.743619
-10.303408,1.891004,1.740332
-10.303804,1.897284,1.737026
-10.304195,1.903553,1.733704
-10.304583,1.909812,1.730364
-10.304966,1.916059,1.727006
-10.305346,1.922296,1.723631
-10.305721,1.928522,1.720239
-10.306092,1.934737,1.716830
-10.306459,1.940941,1.713403
-10.306822,1.947135,1.709959
-10.307181,1.953317,1.706498
-10.307536,1.959488,1.703019
-10.307887,1.965648,1.699523
-10.308233,1.971797,1.696010
-10.308576,1.977935,1.692480
-10.308914,1.984062,1.688933
-10.309249,1.990177,1.685369
-10.309579,1.996282,1.681787
-10.309906,2.002375,1.678189
-10.310228,2.008456,1.674573
-10.310546,2.014526,1.670941
-10.310861,2.020585,1.667291
-10.311171,2.026633,1.663625
-10.311477,2.032669,1.659941
-10.311779,2.038693,1.656241
-10.312077,2.044706,1.652524
-10.312371,2.050707,1.648790
-10.312660,2.056697,1.645039
-10.312946,2.062675,1.641271
-10.313228,2.068641,1.637486
-10.313506,2.074596,1.633684
-10.313779,2.080539,1.629866
-10.314049,2.086470,1.626031
-10.314315,2.092389,1.622180
-10.314576,2.098297,1.618311
-10.314834,2.104192,1.614426
-10.315087,2.110075,1.610524
-10.315337,2.115947,1.606606
-10.315582,2.121807,1.602671
-10.315823,2.127654,1.598720
-10.316061,2.133489,1.594751
-10.316294,2.139313,1.590767
-10.316523,2.145124,1.586766
-10.316749,2.150923,1.582748
-10.316970,2.156709,1.578714
-10.317187,2.162484,1.574664
-10.317400,2.168246,1.570597
-10.317609,2.173996,1.566514
-10.317815,2.179733,1.562414
-10.318016,2.185458,1.558298
-10.318213,2.191171,1.554166
-10.318406,2.196871,1.550018
-10.318595,2.202559,1.545853
-10.318780,2.208234,1.541672
-10.318961,2.213896,1.537475
-10.319138,2.219546,1.533262
-10.319311,2.225183,1.529032
-10.319480,2.230808,1.524787
-10.319645,2.236420,1.520525
-10.319806,2.242019,1.516247
-10.319963,2.247605,1.511953
-10.320116,2.253179,1.507644
-10.320265,2.258739,1.503318
-10.320410,2.264287,1.498976
-10.320551,2.269822,1.494618
-10.320687,2.275344,1.490245
-10.320820,2.280853,1.485855
-10.320949,2.286348,1.481450
-10.321074,2.291831,1.477029
-10.321195,2.297301,1.472591
-10.321312,2.302758,1.468139
-10.321425,2.308201,1.463670
-10.321534,2.313631,1.459186
-10.321639,2.319048,1.454686
-10.321740,2.324452,1.450170
-10.321837,2.329842,1.445639
-10.321930,2.335220,1.441092
-10.322019,2.340583,1.436529
-10.322104,2.345934,1.431951
-10.322185,2.351271,1.427358
-10.322262,2.356594,1.422749
-10.322335,2.361904,1.418124
-10.322404,2.367201,1.413484
-10.322469,2.372483,1.408828
-10.322530,2.377753,1.404158
-10.322587,2.383008,1.399471
-10.322640,2.388250,1.394770
-10.322690,2.393479,1.390053
-10.322735,2.398693,1.385320
-10.322776,2.403894,1.380573
-10.322813,2.409081,1.375810
-10.322846,2.414255,1.371032
-10.322875,2.419414,1.366239
-10.322901,2.424559,1.361431
-10.322922,2.429691,1.356608
-10.322939,2.434809,1.351769
-10.322953,2.439912,1.346916
-10.322962,2.445002,1.342047
-10.322967,2.450077,1.337163
-10.322969,2.455139,1.332265
-10.322966,2.460186,1.327351
-10.322960,2.465219,1.322423
-10.322949,2.470238,1.317480
-10.322935,2.475243,1.312521
-10.322916,2.480234,1.307548
-10.322894,2.485210,1.302561
-10.322868,2.490172,1.297558
-10.322837,2.495120,1.292541
-10.322803,2.500053,1.287509
-10.322765,2.504972,1.282462
-10.322722,2.509876,1.277400
-10.322676,2.514766,1.272324
-10.322626,2.519642,1.267234
-10.322572,2.524503,1.262129
-10.322514,2.529349,1.257009
-10.322452,2.534181,1.251875
-10.322386,2.538998,1.246726
-10.322316,2.543800,1.241563
-10.322242,2.548588,1.236385
-10.322164,2.553361,1.231193
-10.322082,2.558120,1.225987
-10.321996,2.562863,1.220766
-10.321907,2.567592,1.215531
-10.321813,2.572306,1.210282
-10.321715,2.577005,1.205018
-10.321613,2.581689,1.199741
-10.321508,2.586359,1.194449
-10.321398,2.591013,1.189143
-10.321285,2.595652,1.183823
-10.321167,2.600276,1.178488
-10.321046,2.604886,1.173140
-10.320920,2.609480,1.167778
-10.320791,2.614059,1.162402
-10.320658,2.618623,1.157011
-10.320521,2.623172,1.151607
-10.320379,2.627705,1.146189
-10.320234,2.632223,1.140757
-10.320085,2.636726,1.135311
-10.319932,2.641214,1.129852
-10.319775,2.645687,1.124378
-10.319614,2.650144,1.118891
-10.319449,2.654585,1.113390
-10.319280,2.659012,1.107876
-10.319107,2.663422,1.102348
-10.318931,2.667818,1.096806
-10.318750,2.672198,1.091251
-10.318565,2.676562,1.085682
-10.318377,2.680911,1.080099
-10.318184,2.685244,1.074503
-10.317987,2.689562,1.068894
-10.317787,2.693864,1.063271
-10.317583,2.698150,1.057635
-10.317374,2.702421,1.051985
-10.317162,2.706675,1.046322
-10.316946,2.710915,1.040646
-10.316725,2.715138,1.034957
-10.316501,2.719345,1.029254
-10.316273,2.723537,1.023538
-10.316041,2.727713,1.017809
-10.315805,2.731873,1.012067
-10.315565,2.736017,1.006312
-10.315321,2.740145,1.000543
-10.315073,2.744257,0.994762
-10.314821,2.748353,0.988967
-10.314565,2.752433,0.983160
-10.314306,2.756497,0.977340
-10.314042,2.760544,0.971507
-10.313774,2.764576,0.965660
-10.313503,2.768592,0.959802
-10.313227,2.772591,0.953930
-10.312948,2.776574,0.948045
-10.312664,2.780541,0.942148
-10.312377,2.784492,0.936238
-10.312086,2.788426,0.930315
-10.311790,2.792344,0.924380
-10.311491,2.796246,0.918432
-10.311188,2.800131,0.912472
-10.310881,2.804000,0.906499
-10.310570,2.807853,0.900513
-10.310255,2.811689,0.894515
-10.309936,2.815508,0.888505
-10.309613,2.819311,0.882482
-10.309286,2.823098,0.876447
-10.308955,2.826868,0.870400
-10.308620,2.830621,0.864340
-10.308282,2.834358,0.858268
-10.307939,2.838078,0.852183
-10.307592,2.841782,0.846087
-10.307242,2.845469,0.839978
-10.306887,2.849139,0.833858
-10.306529,2.852792,0.827725
-10.306166,2.856429,0.821580
-10.305800,2.860049,0.815423
-10.305429,2.863652,0.809254
-10.305055,2.867238,0.803073
-10.304677,2.870807,0.796880
-10.304295,2.874359,0.790675
-10.303908,2.877895,0.784459
-10.303518,2.881413,0.778230
-10.303124,2.884915,0.771990
-10.302726,2.888399,0.765738
-10.302324,2.891867,0.759475
-10.301918,2.895317,0.753199
-10.301508,2.898751,0.746912
-10.301094,2.902167,0.740614
-10.300676,2.905566,0.734304
-10.300255,2.908948,0.727982
-10.299829,2.912313,0.721649
-10.299399,2.915661,0.715304
-10.298965,2.918991,0.708948
-10.298528,2.922304,0.702581
-10.298086,2.925600,0.696202
-10.297641,2.928879,0.689812
-10.297191,2.932140,0.683410
-10.296738,2.935384,0.676997
-10.296280,2.938611,0.670574
-10.295819,2.941820,0.664138
-10.295353,2.945011,0.657692
-10.294884,2.948186,0.651235
-10.294411,2.951343,0.644767
-10.293933,2.954482,0.638287
-10.293452,2.957604,0.631797
-10.292967,2.960708,0.625295
-10.292478,2.963795,0.618783
-10.291984,2.966864,0.612260
-10.291487,2.969915,0.605726
-10.290986,2.972949,0.599181
-10.290481,2.975966,0.592625
-10.289972,2.978964,0.586059
-10.289459,2.981945,0.579481
-10.288942,2.984908,0.572894
-10.288421,2.987854,0.566295
-10.287896,2.990781,0.559686
-10.287367,2.993691,0.553066
-10.286834,2.996583,0.546436
-10.286297,2.999457,0.539796
-10.285757,3.002314,0.533145
-10.285212,3.005152,0.526483
-10.284663,3.007973,0.519811
-10.284110,3.010775,0.513129
-10.283553,3.013560,0.506436
-10.282993,3.016327,0.499734
-10.282428,3.019075,0.493021
-10.281859,3.021806,0.486297
-10.281286,3.024519,0.479564
-10.280710,3.027213,0.472821
-10.280129,3.029890,0.466067
-10.279544,3.032548,0.459303
-10.278956,3.035188,0.452530
-10.278363,3.037810,0.445746
-10.277766,3.040414,0.438953
-10.277166,3.043000,0.432149
-10.276561,3.045567,0.425336
-10.275953,3.048117,0.418513
-10.275340,3.050648,0.411680
-10.274723,3.053161,0.404837
-10.274103,3.055655,0.397985
-10.273478,3.058131,0.391123
-10.272850,3.060589,0.384251
-10.272217,3.063028,0.377370
-10.271580,3.065450,0.370479
-10.270940,3.067852,0.363579
-10.270295,3.070236,0.356669
-10.269647,3.072602,0.349750
-10.268994,3.074950,0.342821
-10.268337,3.077278,0.335883
-10.267677,3.079589,0.328936
-10.267012,3.081881,0.321980
-10.266343,3.084154,0.315014
-10.265671,3.086409,0.308039
-10.264994,3.088645,0.301055
-10.264313,3.090862,0.294061
-10.263629,3.093061,0.287059
-10.262940,3.095241,0.280047
-10.262247,3.097403,0.273027
-10.261551,3.099546,0.265997
-10.260850,3.101670,0.258959
-10.260145,3.103776,0.251912
-10.259436,3.105862,0.244855
-10.258723,3.107930,0.237790
-10.258007,3.109980,0.230717
-10.257286,3.112010,0.223634
-10.256561,3.114022,0.216543
-10.255832,3.116014,0.209443
-10.255099,3.117988,0.202334
-10.254362,3.119943,0.195217
-10.253621,3.121880,0.188091
-10.252876,3.123797,0.180957
-10.252127,3.125695,0.173815
-10.251374,3.127574,0.166663
-10.250617,3.129435,0.159504
-10.249856,3.131276,0.152336
-10.249090,3.133099,0.145160
-10.248321,3.134902,0.137975
-10.247548,3.136687,0.130783
-10.246770,3.138452,0.123582
-10.245989,3.140198,0.116373
-10.245204,3.141925,0.109156
-10.244414,3.143633,0.101931
-10.243621,3.145322,0.094697
-10.242823,3.146992,0.087456
-10.242021,3.148643,0.080207
-10.241216,3.150274,0.072950
-10.240406,3.151886,0.065685
-10.239592,3.153479,0.058412
-10.238774,3.155053,0.051131
-10.237952,3.156608,0.043843
-10.237126,3.158143,0.036547
-10.236296,3.159659,0.029243
-10.235462,3.161156,0.021931
-10.234624,3.162633,0.014612
-10.233782,3.164091,0.007286
-10.232936,3.165530,-0.000049
-10.232085,3.166949,-0.007390
-10.231231,3.168349,-0.014739
-10.230372,3.169730,-0.022096
-10.229510,3.171091,-0.029459
-10.228643,3.172433,-0.036831
-10.227772,3.173755,-0.044209
-10.226897,3.175058,-0.051595
-10.226018,3.176341,-0.058988
-10.225135,3.177605,-0.066388
-10.224248,3.178849,-0.073795
-10.223357,3.180074,-0.081209
-10.222462,3.181280,-0.088630
-10.221563,3.182465,-0.096058
-10.220659,3.183632,-0.103493
-10.219752,3.184778,-0.110936
-10.218840,3.185905,-0.118384
-10.217924,3.187013,-0.125840
-10.217004,3.188100,-0.133303
-10.216080,3.189169,-0.140772
-10.215152,3.190217,-0.148248
-10.214220,3.191246,-0.155731
-10.213284,3.192255,-0.163220
-10.212344,3.193244,-0.170716
-10.211399,3.194214,-0.178219
-10.210451,3.195164,-0.185728
-10.209498,3.196094,-0.193243
-10.208541,3.197005,-0.200765
-10.207580,3.197896,-0.208293
-10.206615,3.198767,-0.215828
-10.205646,3.199618,-0.223369
-10.204673,3.200449,-0.230916
-10.203695,3.201261,-0.238469
-10.202714,3.202052,-0.246029
-10.201728,3.202824,-0.253594
-10.200738,3.203576,-0.261166
-10.199744,3.204308,-0.268744
-10.198746,3.205020,-0.276328
-10.197744,3.205712,-0.283917
-10.196738,3.206385,-0.291513
-10.195727,3.207037,-0.299115
-10.194713,3.207670,-0.306722
-10.193694,3.208282,-0.314335
-10.192671,3.208875,-0.321954
-10.191644,3.209447,-0.329579
-10.190613,3.210000,-0.337210
-10.189577,3.210532,-0.344846
-10.188538,3.211045,-0.352487
-10.187494,3.211537,-0.360135
-10.186446,3.212010,-0.367787
-10.185394,3.212462,-0.375445
-10.184338,3.212894,-0.383109
-10.183278,3.213307,-0.390778
-10.182213,3.213699,-0.398452
-10.181145,3.214071,-0.406132
-10.180072,3.214423,-0.413817
-10.178995,3.214755,-0.421507
-10.177914,3.215066,-0.429202
-10.176828,3.215358,-0.436903
-10.175739,3.215629,-0.444608
-10.174645,3.215880,-0.452319
-10.173547,3.216111,-0.460034
-10.172445,3.216322,-0.467755
-10.171339,3.216512,-0.475480
-10.170228,3.216683,-0.483211
-10.169113,3.216833,-0.490946
-10.167995,3.216963,-0.498686
-10.166872,3.217072,-0.506431
-10.165744,3.217162,-0.514180
-10.164613,3.217231,-0.521934
-10.163477,3.217280,-0.529693
-10.162337,3.217308,-0.537456
-10.161193,3.217317,-0.545224
-10.160045,3.217305,-0.552997
-10.158892,3.217272,-0.560773
-10.157736,3.217219,-0.568555
-10.156575,3.217146,-0.576340
-10.155410,3.217053,-0.584130
-10.154240,3.216939,-0.591925
-10.153066,3.216805,-0.599723
-10.151889,3.216650,-0.607526
-10.150707,3.216475,-0.615333
-10.149520,3.216280,-0.623144
-10.148330,3.216064,-0.630959
-10.147135,3.215828,-0.638778
-10.145936,3.215572,-0.646601
-10.144733,3.215295,-0.654428
-10.143525,3.214997,-0.662259
-10.142313,3.214679,-0.670094
-10.141097,3.214341,-0.677933
-10.139877,3.213982,-0.685775
-10.138653,3.213603,-0.693621
-10.137424,3.213203,-0.701471
-10.136191,3.212783,-0.709325
-10.134954,3.212342,-0.717182
-10.133712,3.211881,-0.725043
-10.132466,3.211399,-0.732907
-10.131216,3.210897,-0.740774
-10.129962,3.210374,-0.748646
-10.128703,3.209830,-0.756520
-10.127440,3.209266,-0.764398
-10.126173,3.208682,-0.772279
-10.124902,3.208077,-0.780164
-10.123626,3.207451,-0.788051
-10.122346,3.206805,-0.795942
-10.121061,3.206138,-0.803836
-10.119773,3.205451,-0.811733
-10.118480,3.204743,-0.819633
-10.117183,3.204014,-0.827537
-10.115881,3.203265,-0.835443
-10.114575,3.202495,-0.843352
-10.113265,3.201704,-0.851264
-10.111951,3.200893,-0.859178
-10.110632,3.200062,-0.867096
-10.109309,3.199209,-0.875016
-10.107982,3.198336,-0.882939
-10.106650,3.197442,-0.890865
-10.105314,3.196528,-0.898793
-10.103973,3.195593,-0.906724
-10.102629,3.194637,-0.914657
-10.101280,3.193661,-0.922593
-10.099926,3.192664,-0.930532
-10.098569,3.191646,-0.938472
-10.097207,3.190608,-0.946415
-10.095840,3.189548,-0.954361
-10.094470,3.188468,-0.962308
-10.093095,3.187368,-0.970258
-10.091715,3.186247,-0.978210
-10.090332,3.185104,-0.986165
-10.088944,3.183942,-0.994121
-10.087551,3.182758,-1.002079
-10.086154,3.181554,-1.010040
-10.084753,3.180329,-1.018002
-10.083348,3.179083,-1.025967
-10.081938,3.177817,-1.033933
-10.080523,3.176529,-1.041901
-10.079105,3.175221,-1.049871
-10.077682,3.173892,-1.057842
-10.076254,3.172543,-1.065815
-10.074823,3.171172,-1.073790
-10.073386,3.169781,-1.081767
-10.071946,3.168369,-1.089745
-10.070501,3.166937,-1.097725
-10.069051,3.165483,-1.105706
-10.067598,3.164009,-1.113689
-10.066140,3.162514,-1.121673
-10.064677,3.160998,-1.129658
-10.063210,3.159461,-1.137645
-10.061739,3.157904,-1.145633
-10.060263,3.156325,-1.153622
-10.058783,3.154726,-1.161612
-10.057298,3.153106,-1.169604
-10.055809,3.151466,-1.177597
-10.054316,3.149804,-1.185590
-10.052818,3.148122,-1.193585
-10.051316,3.146418,-1.201581
-10.049809,3.144694,-1.209577
-10.048298,3.142949,-1.217575
-10.046782,3.141184,-1.225573
-10.045262,3.139397,-1.233572
-10.043737,3.137590,-1.241572
-10.042208,3.135761,-1.249573
-10.040675,3.133912,-1.257574
-10.039137,3.132042,-1.265576
-10.037595,3.130151,-1.273578
-10.036048,3.128240,-1.281581
-10.034497,3.126307,-1.289585
-10.032941,3.124354,-1.297589
-10.031381,3.122380,-1.305593
-10.029816,3.120385,-1.313598
-10.028247,3.118369,-1.321603
-10.026674,3.116332,-1.329608
-10.025096,3.114274,-1.337613
-10.023513,3.112196,-1.345619
-10.021926,3.110096,-1.353625
-10.020334,3.107976,-1.361631
-10.018738,3.105835,-1.369637
-10.017138,3.103673,-1.377643
-10.015533,3.101490,-1.385648
-10.013923,3.099287,-1.393654
-10.012309,3.097062,-1.401660
-10.010691,3.094817,-1.409666
-10.009068,3.092551,-1.417671
-10.007440,3.090263,-1.425676
-10.005808,3.087955,-1.433681
-10.004171,3.085627,-1.441685
-10.002530,3.083277,-1.449689
-10.000885,3.080906,-1.457693
