q0 (),q1,q2,q3
1.000000,0.000000,0.000000,0.000000
1.000000,0.000001,0.000019,0.000012
1.000000,0.000002,0.000055,0.000034
1.000000,0.000005,0.000106,0.000066
1.000000,0.000007,0.000171,0.000107
1.000000,0.000011,0.000248,0.000155
1.000000,0.000014,0.000337,0.000211
1.000000,0.000018,0.000435,0.000272
1.000000,0.000023,0.000542,0.000339
1.000000,0.000028,0.000657,0.000411
1.000000,0.000033,0.000779,0.000488
0.999999,0.000038,0.000908,0.000568
0.999999,0.000044,0.001042,0.000652
0.999999,0.000049,0.001181,0.000739
0.999999,0.000055,0.001325,0.000829
0.999998,0.000061,0.001472,0.000921
0.999998,0.000068,0.001623,0.001016
0.999998,0.000074,0.001777,0.001112
0.999997,0.000080,0.001933,0.001210
0.999997,0.000086,0.002092,0.001309
0.999996,0.000093,0.002253,0.001410
0.999996,0.000099,0.002415,0.001512
0.999995,0.000106,0.002579,0.001614
0.999995,0.000112,0.002744,0.001718
0.999994,0.000119,0.002911,0.001822
0.999993,0.000125,0.003078,0.001926
0.999993,0.000132,0.003246,0.002031
0.999992,0.000138,0.003414,0.002136
0.999991,0.000145,0.003582,0.002242
0.999990,0.000151,0.003751,0.002347
0.999989,0.000158,0.003920,0.002453
0.999988,0.000164,0.004090,0.002559
0.999987,0.000170,0.004259,0.002665
0.999986,0.000177,0.004428,0.002770
0.999985,0.000183,0.004596,0.002876
0.999984,0.000189,0.004765,0.002981
0.999983,0.000195,0.004933,0.003087
0.999982,0.000201,0.005101,0.003192
0.999981,0.000207,0.005268,0.003296
0.999979,0.000213,0.005435,0.003401
0.999978,0.000219,0.005602,0.003505
0.999977,0.000225,0.005768,0.003609
0.999975,0.000231,0.005933,0.003712
0.999974,0.000237,0.006098,0.003815
0.999973,0.000243,0.006262,0.003918
0.999971,0.000248,0.006426,0.004020
0.999970,0.000254,0.006589,0.004122
0.999968,0.000259,0.006751,0.004223
0.999967,0.000265,0.006913,0.004324
0.999965,0.000270,0.007074,0.004425
0.999964,0.000276,0.007234,0.004525
0.999962,0.000281,0.007393,0.004625
0.999960,0.000286,0.007552,0.004724
0.999959,0.000292,0.007710,0.004823
0.999957,0.000297,0.007867,0.004921
0.999955,0.000302,0.008024,0.005019
0.999953,0.000307,0.008180,0.005116
0.999952,0.000312,0.008335,0.005213
0.999950,0.000317,0.008489,0.005310
0.999948,0.000322,0.008643,0.005406
0.999946,0.000327,0.008795,0.005501
0.999944,0.000331,0.008947,0.005596
0.999942,0.000336,0.009099,0.005691
0.999940,0.000341,0.009249,0.005785
0.999938,0.000345,0.009399,0.005878
0.999937,0.000350,0.009548,0.005971
0.999935,0.000355,0.009696,0.006064
0.999933,0.000359,0.009844,0.006156
0.999931,0.000364,0.009991,0.006248
0.999928,0.000368,0.010137,0.006339
0.999926,0.000372,0.010282,0.006430
0.999924,0.000377,0.010427,0.006520
0.999922,0.000381,0.010570,0.006610
0.999920,0.000385,0.010713,0.006699
0.999918,0.000389,0.010856,0.006788
0.999916,0.000393,0.010997,0.006877
0.999914,0.000397,0.011138,0.006965
0.999911,0.000401,0.011278,0.007052
0.999909,0.000405,0.011418,0.007139
0.999907,0.000409,0.011556,0.007226
0.999905,0.000413,0.011694,0.007312
0.999903,0.000417,0.011831,0.007398
0.999900,0.000421,0.011968,0.007483
0.999898,0.000424,0.012104,0.007568
0.999896,0.000428,0.012239,0.007652
0.999893,0.000432,0.012373,0.007736
0.999891,0.000435,0.012507,0.007820
0.999889,0.000439,0.012640,0.007903
0.999886,0.000442,0.012772,0.007985
0.999884,0.000446,0.012904,0.008067
0.999882,0.000449,0.013035,0.008149
0.999879,0.000453,0.013165,0.008230
0.999877,0.000456,0.013295,0.008311
0.999875,0.000460,0.013423,0.008392
0.999872,0.000463,0.013552,0.008472
0.999870,0.000466,0.013679,0.008551
0.999867,0.000469,0.013806,0.008631
0.999865,0.000473,0.013932,0.008709
0.999862,0.000476,0.014058,0.008788
0.999860,0.000479,0.014183,0.008866
0.999858,0.000482,0.014307,0.008943
0.999855,0.000485,0.014430,0.009020
0.999853,0.000488,0.014553,0.009097
0.999850,0.000491,0.014676,0.009174
0.999848,0.000494,0.014797,0.009249
0.999845,0.000497,0.014918,0.009325
0.999843,0.000500,0.015039,0.009400
0.999840,0.000502,0.015158,0.009475
0.999838,0.000505,0.015278,0.009549
0.999835,0.000508,0.015396,0.009623
0.999833,0.000511,0.015514,0.009697
0.999830,0.000514,0.015631,0.009770
0.999827,0.000516,0.015748,0.009843
0.999825,0.000519,0.015864,0.009915
0.999822,0.000521,0.015979,0.009987
0.999820,0.000524,0.016094,0.010059
0.999817,0.000527,0.016208,0.010130
0.999815,0.000529,0.016322,0.010201
0.999812,0.000532,0.016435,0.010271
0.999809,0.000534,0.016547,0.010341
0.999807,0.000537,0.016659,0.010411
0.999804,0.000539,0.016770,0.010481
0.999802,0.000541,0.016881,0.010550
0.999799,0.000544,0.016991,0.010618
0.999797,0.000546,0.017100,0.010687
0.999794,0.000548,0.017209,0.010755
0.999791,0.000551,0.017318,0.010822
0.999789,0.000553,0.017426,0.010889
0.999786,0.000555,0.017533,0.010956
0.999783,0.000557,0.017639,0.011023
0.999781,0.000559,0.017746,0.011089
0.999778,0.000562,0.017851,0.011155
0.999776,0.000564,0.017956,0.011220
0.999773,0.000566,0.018060,0.011285
0.999770,0.000568,0.018164,0.011350
0.999768,0.000570,0.018268,0.011415
0.999765,0.000572,0.018371,0.011479
0.999763,0.000574,0.018473,0.011543
0.999760,0.000576,0.018574,0.011606
0.999757,0.000578,0.018676,0.011669
0.999755,0.000580,0.018776,0.011732
0.999752,0.000582,0.018876,0.011794
0.999749,0.000584,0.018976,0.011856
0.999747,0.000585,0.019075,0.011918
0.999744,0.000587,0.019174,0.011980
0.999742,0.000589,0.019272,0.012041
0.999739,0.000591,0.019369,0.012102
0.999736,0.000593,0.019466,0.012162
0.999734,0.000594,0.019563,0.012222
0.999731,0.000596,0.019659,0.012282
0.999729,0.000598,0.019754,0.012342
0.999726,0.000600,0.019849,0.012401
0.999723,0.000601,0.019944,0.012460
0.999721,0.000603,0.020038,0.012518
0.999718,0.000605,0.020131,0.012577
0.999715,0.000606,0.020224,0.012635
0.999713,0.000608,0.020317,0.012692
0.999710,0.000609,0.020409,0.012750
0.999708,0.000611,0.020500,0.012807
0.999705,0.000612,0.020592,0.012864
0.999702,0.000614,0.020682,0.012920
0.999700,0.000615,0.020772,0.012976
0.999697,0.000617,0.020862,0.013032
0.999695,0.000618,0.020951,0.013088
0.999692,0.000620,0.021040,0.013143
0.999689,0.000621,0.021128,0.013198
0.999687,0.000623,0.021216,0.013253
0.999684,0.000624,0.021303,0.013307
0.999682,0.000626,0.021390,0.013361
0.999679,0.000627,0.021476,0.013415
0.999677,0.000628,0.021562,0.013469
0.999674,0.000630,0.021648,0.013522
0.999671,0.000631,0.021733,0.013575
0.999669,0.000632,0.021818,0.013628
0.999666,0.000633,0.021902,0.013680
0.999664,0.000635,0.021986,0.013733
0.999661,0.000636,0.022069,0.013784
0.999659,0.000637,0.022152,0.013836
0.999656,0.000638,0.022234,0.013887
0.999654,0.000640,0.022316,0.013938
0.999651,0.000641,0.022398,0.013989
0.999649,0.000642,0.022479,0.014040
0.999646,0.000643,0.022559,0.014090
0.999643,0.000644,0.022640,0.014140
0.999641,0.000645,0.022720,0.014190
0.999638,0.000647,0.022799,0.014239
0.999636,0.000648,0.022878,0.014289
0.999633,0.000649,0.022957,0.014338
0.999631,0.000650,0.023035,0.014386
0.999628,0.000651,0.023113,0.014435
0.999626,0.000652,0.023190,0.014483
0.999623,0.000653,0.023267,0.014531
0.999621,0.000654,0.023343,0.014579
0.999619,0.000655,0.023420,0.014626
0.999616,0.000656,0.023495,0.014673
0.999614,0.000657,0.023571,0.014720
0.999611,0.000658,0.023646,0.014767
0.999609,0.000659,0.023720,0.014813
0.999606,0.000660,0.023794,0.014860
0.999604,0.000661,0.023868,0.014906
0.999601,0.000662,0.023942,0.014951
0.999599,0.000663,0.024015,0.014997
0.999596,0.000664,0.024087,0.015042
0.999594,0.000665,0.024160,0.015087
0.999592,0.000665,0.024231,0.015132
0.999589,0.000666,0.024303,0.015176
0.999587,0.000667,0.024374,0.015221
0.999584,0.000668,0.024445,0.015265
0.999582,0.000669,0.024515,0.015309
0.999580,0.000670,0.024585,0.015352
0.999577,0.000671,0.024655,0.015396
0.999575,0.000671,0.024724,0.015439
0.999572,0.000672,0.024793,0.015482
0.999570,0.000673,0.024862,0.015524
0.999568,0.000674,0.024930,0.015567
0.999565,0.000674,0.024998,0.015609
0.999563,0.000675,0.025065,0.015651
0.999561,0.000676,0.025132,0.015693
0.999558,0.000677,0.025199,0.015734
0.999556,0.000677,0.025265,0.015776
0.999554,0.000678,0.025331,0.015817
0.999551,0.000679,0.025397,0.015858
0.999549,0.000680,0.025463,0.015899
0.999547,0.000680,0.025528,0.015939
0.999545,0.000681,0.025592,0.015979
0.999542,0.000682,0.025657,0.016019
0.999540,0.000682,0.025721,0.016059
0.999538,0.000683,0.025784,0.016099
0.999535,0.000684,0.025848,0.016138
0.999533,0.000684,0.025911,0.016178
0.999531,0.000685,0.025973,0.016217
0.999529,0.000686,0.026036,0.016255
0.999526,0.000686,0.026098,0.016294
0.999524,0.000687,0.026159,0.016332
0.999522,0.000687,0.026221,0.016371
0.999520,0.000688,0.026282,0.016409
0.999517,0.000689,0.026343,0.016447
0.999515,0.000689,0.026403,0.016484
0.999513,0.000690,0.026463,0.016522
0.999511,0.000690,0.026523,0.016559
0.999509,0.000691,0.026582,0.016596
0.999506,0.000691,0.026641,0.016633
0.999504,0.000692,0.026700,0.016669
0.999502,0.000692,0.026759,0.016706
0.999500,0.000693,0.026817,0.016742
0.999498,0.000694,0.026875,0.016778
0.999496,0.000694,0.026933,0.016814
0.999493,0.000695,0.026990,0.016850
0.999491,0.000695,0.027047,0.016885
0.999489,0.000696,0.027104,0.016920
0.999487,0.000696,0.027160,0.016955
0.999485,0.000697,0.027216,0.016990
0.999483,0.000697,0.027272,0.017025
0.999481,0.000697,0.027328,0.017060
0.999479,0.000698,0.027383,0.017094
0.999477,0.000698,0.027438,0.017128
0.999474,0.000699,0.027492,0.017162
0.999472,0.000699,0.027547,0.017196
0.999470,0.000700,0.027601,0.017230
0.999468,0.000700,0.027655,0.017263
0.999466,0.000701,0.027708,0.017297
0.999464,0.000701,0.027762,0.017330
0.999462,0.000701,0.027814,0.017363
0.999460,0.000702,0.027867,0.017396
0.999458,0.000702,0.027920,0.017428
0.999456,0.000703,0.027972,0.017461
0.999454,0.000703,0.028024,0.017493
0.999452,0.000703,0.028075,0.017525
0.999450,0.000704,0.028126,0.017557
0.999448,0.000704,0.028178,0.017589
0.999446,0.000704,0.028228,0.017620
0.999444,0.000705,0.028279,0.017652
0.999442,0.000705,0.028329,0.017683
0.999440,0.000706,0.028379,0.017714
0.999438,0.000706,0.028429,0.017745
0.999436,0.000706,0.028478,0.017776
0.999434,0.000707,0.028527,0.017806
0.999432,0.000707,0.028576,0.017837
0.999430,0.000707,0.028625,0.017867
0.999428,0.000708,0.028674,0.017897
0.999426,0.000708,0.028722,0.017927
0.999425,0.000708,0.028770,0.017957
0.999423,0.000709,0.028817,0.017987
0.999421,0.000709,0.028865,0.018016
0.999419,0.000709,0.028912,0.018046
0.999417,0.000709,0.028959,0.018075
0.999415,0.000710,0.029006,0.018104
0.999413,0.000710,0.029052,0.018133
0.999411,0.000710,0.029098,0.018162
0.999409,0.000711,0.029144,0.018190
0.999408,0.000711,0.029190,0.018219
0.999406,0.000711,0.029235,0.018247
0.999404,0.000711,0.029280,0.018275
0.999402,0.000712,0.029325,0.018303
0.999400,0.000712,0.029370,0.018331
0.999398,0.000712,0.029415,0.018359
0.999397,0.000712,0.029459,0.018386
0.999395,0.000713,0.029503,0.018414
0.999393,0.000713,0.029547,0.018441
0.999391,0.000713,0.029591,0.018468
0.999389,0.000713,0.029634,0.018495
0.999388,0.000714,0.029677,0.018522
0.999386,0.000714,0.029720,0.018548
0.999384,0.000714,0.029763,0.018575
0.999382,0.000714,0.029805,0.018601
0.999381,0.000715,0.029847,0.018628
0.999379,0.000715,0.029889,0.018654
0.999377,0.000715,0.029931,0.018680
0.999375,0.000715,0.029973,0.018706
0.999374,0.000715,0.030014,0.018731
0.999372,0.000716,0.030055,0.018757
0.999370,0.000716,0.030096,0.018782
0.999369,0.000716,0.030137,0.018808
0.999367,0.000716,0.030177,0.018833
0.999365,0.000716,0.030218,0.018858
0.999363,0.000717,0.030258,0.018883
0.999362,0.000717,0.030298,0.018908
0.999360,0.000717,0.030337,0.018932
0.999358,0.000717,0.030377,0.018957
0.999357,0.000717,0.030416,0.018981
0.999355,0.000718,0.030455,0.019006
0.999354,0.000718,0.030494,0.019030
0.999352,0.000718,0.030532,0.019054
0.999350,0.000718,0.030571,0.019078
0.999349,0.000718,0.030609,0.019102
0.999347,0.000718,0.030647,0.019125
0.999345,0.000719,0.030685,0.019149
0.999344,0.000719,0.030722,0.019172
0.999342,0.000719,0.030760,0.019195
0.999341,0.000719,0.030797,0.019218
0.999339,0.000719,0.030834,0.019242
0.999337,0.000719,0.030871,0.019264
0.999336,0.000719,0.030908,0.019287
0.999334,0.000720,0.030944,0.019310
0.999333,0.000720,0.030980,0.019332
0.999331,0.000720,0.031016,0.019355
0.999330,0.000720,0.031052,0.019377
0.999328,0.000720,0.031088,0.019399
0.999327,0.000720,0.031123,0.019421
0.999325,0.000720,0.031159,0.019443
0.999324,0.000721,0.031194,0.019465
0.999322,0.000721,0.031229,0.019487
0.999321,0.000721,0.031264,0.019509
0.999319,0.000721,0.031298,0.019530
0.999318,0.000721,0.031333,0.019552
0.999316,0.000721,0.031367,0.019573
0.999315,0.000721,0.031401,0.019594
0.999313,0.000721,0.031435,0.019615
0.999312,0.000721,0.031468,0.019636
0.999310,0.000722,0.031502,0.019657
0.999309,0.000722,0.031535,0.019678
0.999307,0.000722,0.031568,0.019698
0.999306,0.000722,0.031601,0.019719
0.999304,0.000722,0.031634,0.019739
0.999303,0.000722,0.031667,0.019759
0.999301,0.000722,0.031699,0.019780
0.999300,0.000722,0.031732,0.019800
0.999299,0.000722,0.031764,0.019820
0.999297,0.000722,0.031796,0.019839
0.999296,0.000723,0.031827,0.019859
0.999294,0.000723,0.031859,0.019879
0.999293,0.000723,0.031891,0.019898
0.999292,0.000723,0.031922,0.019918
0.999290,0.000723,0.031953,0.019937
0.999289,0.000723,0.031984,0.019957
0.999288,0.000723,0.032015,0.019976
0.999286,0.000723,0.032045,0.019995
0.999285,0.000723,0.032076,0.020014
0.999283,0.000723,0.032106,0.020033
0.999282,0.000723,0.032136,0.020051
0.999281,0.000723,0.032166,0.020070
0.999279,0.000723,0.032196,0.020089
0.999278,0.000724,0.032226,0.020107
0.999277,0.000724,0.032255,0.020125
0.999275,0.000724,0.032285,0.020144
0.999274,0.000724,0.032314,0.020162
0.999273,0.000724,0.032343,0.020180
0.999272,0.000724,0.032372,0.020198
0.999270,0.000724,0.032401,0.020216
0.999269,0.000724,0.032429,0.020233
0.999268,0.000724,0.032458,0.020251
0.999266,0.000724,0.032486,0.020269
0.999265,0.000724,0.032514,0.020286
0.999264,0.000724,0.032542,0.020304
0.999263,0.000724,0.032570,0.020321
0.999261,0.000724,0.032598,0.020338
0.999260,0.000724,0.032625,0.020355
0.999259,0.000724,0.032653,0.020372
0.999258,0.000724,0.032680,0.020389
0.999256,0.000724,0.032707,0.020406
0.999255,0.000724,0.032734,0.020423
0.999254,0.000725,0.032761,0.020440
0.999253,0.000725,0.032788,0.020456
0.999251,0.000725,0.032814,0.020473
0.999250,0.000725,0.032841,0.020489
0.999249,0.000725,0.032867,0.020506
0.999248,0.000725,0.032893,0.020522
0.999247,0.000725,0.032919,0.020538
0.999246,0.000725,0.032945,0.020554
0.999244,0.000725,0.032971,0.020570
0.999243,0.000725,0.032997,0.020586
0.999242,0.000725,0.033022,0.020602
0.999241,0.000725,0.033047,0.020618
0.999240,0.000725,0.033073,0.020633
0.999239,0.000725,0.033098,0.020649
0.999237,0.000725,0.033123,0.020665
0.999236,0.000725,0.033148,0.020680
0.999235,0.000725,0.033172,0.020695
0.999234,0.000725,0.033197,0.020711
0.999233,0.000725,0.033221,0.020726
0.999232,0.000725,0.033245,0.020741
0.999231,0.000725,0.033270,0.020756
0.999229,0.000725,0.033294,0.020771
0.999228,0.000725,0.033318,0.020786
0.999227,0.000725,0.033341,0.020801
0.999226,0.000725,0.033365,0.020815
0.999225,0.000725,0.033389,0.020830
0.999224,0.000725,0.033412,0.020844
0.999223,0.000725,0.033435,0.020859
0.999222,0.000725,0.033459,0.020873
0.999221,0.000725,0.033482,0.020888
0.999220,0.000725,0.033505,0.020902
0.999219,0.000725,0.033527,0.020916
0.999218,0.000725,0.033550,0.020930
0.999217,0.000725,0.033573,0.020944
0.999215,0.000725,0.033595,0.020958
0.999214,0.000725,0.033617,0.020972
0.999213,0.000725,0.033640,0.020986
0.999212,0.000725,0.033662,0.021000
0.999211,0.000725,0.033684,0.021013
0.999210,0.000725,0.033706,0.021027
0.999209,0.000725,0.033727,0.021040
0.999208,0.000725,0.033749,0.021054
0.999207,0.000725,0.033771,0.021067
0.999206,0.000725,0.033792,0.021081
0.999205,0.000726,0.033813,0.021094
0.999204,0.000726,0.033835,0.021107
0.999203,0.000726,0.033856,0.021120
0.999202,0.000726,0.033877,0.021133
0.999201,0.000726,0.033897,0.021146
0.999200,0.000726,0.033918,0.021159
0.999199,0.000726,0.033939,0.021172
0.999198,0.000726,0.033959,0.021185
0.999197,0.000726,0.033980,0.021197
0.999196,0.000726,0.034000,0.021210
0.999196,0.000726,0.034020,0.021223
0.999195,0.000726,0.034040,0.021235
0.999194,0.000726,0.034060,0.021247
0.999193,0.000726,0.034080,0.021260
0.999192,0.000726,0.034100,0.021272
0.999191,0.000726,0.034120,0.021284
0.999190,0.000726,0.034139,0.021297
0.999189,0.000726,0.034159,0.021309
0.999188,0.000726,0.034178,0.021321
0.999187,0.000726,0.034198,0.021333
0.999186,0.000726,0.034217,0.021345
0.999185,0.000726,0.034236,0.021356
0.999184,0.000725,0.034255,0.021368
0.999184,0.000725,0.034274,0.021380
0.999183,0.000725,0.034292,0.021392
0.999182,0.000725,0.034311,0.021403
0.999181,0.000725,0.034330,0.021415
0.999180,0.000725,0.034348,0.021426
0.999179,0.000725,0.034367,0.021438
0.999178,0.000725,0.034385,0.021449
0.999177,0.000725,0.034403,0.021460
0.999176,0.000725,0.034421,0.021472
0.999176,0.000725,0.034439,0.021483
0.999175,0.000725,0.034457,0.021494
0.999174,0.000725,0.034475,0.021505
0.999173,0.000725,0.034493,0.021516
0.999172,0.000725,0.034510,0.021527
0.999171,0.000725,0.034528,0.021538
0.999171,0.000725,0.034545,0.021549
0.999170,0.000725,0.034563,0.021560
0.999169,0.000725,0.034580,0.021570
0.999168,0.000725,0.034597,0.021581
0.999167,0.000725,0.034614,0.021592
0.999166,0.000725,0.034631,0.021602
0.999166,0.000725,0.034648,0.021613
0.999165,0.000725,0.034665,0.021623
0.999164,0.000725,0.034682,0.021633
0.999163,0.000725,0.034698,0.021644
0.999162,0.000725,0.034715,0.021654
0.999162,0.000725,0.034731,0.021664
0.999161,0.000725,0.034748,0.021674
0.999160,0.000725,0.034764,0.021685
0.999159,0.000725,0.034780,0.021695
0.999158,0.000725,0.034796,0.021705
0.999158,0.000725,0.034812,0.021715
0.999157,0.000725,0.034828,0.021725
0.999156,0.000725,0.034844,0.021734
0.999155,0.000725,0.034860,0.021744
0.999155,0.000725,0.034876,0.021754
0.999154,0.000725,0.034891,0.021764
0.999153,0.000725,0.034907,0.021773
0.999152,0.000725,0.034922,0.021783
0.999152,0.000725,0.034937,0.021792
0.999151,0.000725,0.034953,0.021802
0.999150,0.000725,0.034968,0.021811
0.999149,0.000725,0.034983,0.021821
0.999149,0.000725,0.034998,0.021830
0.999148,0.000725,0.035013,0.021839
0.999147,0.000725,0.035028,0.021849
0.999146,0.000725,0.035043,0.021858
0.999146,0.000725,0.035058,0.021867
0.999145,0.000725,0.035072,0.021876
0.999144,0.000725,0.035087,0.021885
0.999144,0.000725,0.035101,0.021894
0.999143,0.000725,0.035116,0.021903
0.999142,0.000725,0.035130,0.021912
0.999142,0.000725,0.035144,0.021921
0.999141,0.000725,0.035159,0.021930
0.999140,0.000725,0.035173,0.021939
0.999139,0.000725,0.035187,0.021947
0.999139,0.000725,0.035201,0.021956
0.999138,0.000725,0.035215,0.021965
0.999137,0.000725,0.035229,0.021973
0.999137,0.000725,0.035242,0.021982
0.999136,0.000725,0.035256,0.021990
0.999135,0.000725,0.035270,0.021999
0.999135,0.000725,0.035283,0.022007
0.999134,0.000725,0.035297,0.022016
0.999133,0.000724,0.035310,0.022024
0.999133,0.000724,0.035323,0.022032
0.999132,0.000724,0.035337,0.022041
0.999131,0.000724,0.035350,0.022049
0.999131,0.000724,0.035363,0.022057
0.999130,0.000724,0.035376,0.022065
0.999130,0.000724,0.035389,0.022073
0.999129,0.000724,0.035402,0.022081
0.999128,0.000724,0.035415,0.022089
0.999128,0.000724,0.035428,0.022097
0.999127,0.000724,0.035440,0.022105
0.999126,0.000724,0.035453,0.022113
0.999126,0.000724,0.035466,0.022121
0.999125,0.000724,0.035478,0.022128
0.999125,0.000724,0.035491,0.022136
0.999124,0.000724,0.035503,0.022144
0.999123,0.000724,0.035515,0.022151
0.999123,0.000724,0.035528,0.022159
0.999122,0.000724,0.035540,0.022167
0.999122,0.000724,0.035552,0.022174
0.999121,0.000724,0.035564,0.022182
0.999120,0.000724,0.035576,0.022189
0.999120,0.000724,0.035588,0.022197
0.999119,0.000724,0.035600,0.022204
0.999119,0.000724,0.035612,0.022211
0.999118,0.000724,0.035623,0.022219
0.999117,0.000724,0.035635,0.022226
0.999117,0.000724,0.035647,0.022233
0.999116,0.000724,0.035658,0.022240
0.999116,0.000724,0.035670,0.022247
0.999115,0.000724,0.035681,0.022255
0.999115,0.000724,0.035693,0.022262
0.999114,0.000724,0.035704,0.022269
0.999113,0.000724,0.035715,0.022276
0.999113,0.000724,0.035726,0.022283
0.999112,0.000724,0.035738,0.022290
0.999112,0.000724,0.035749,0.022296
0.999111,0.000724,0.035760,0.022303
0.999111,0.000724,0.035771,0.022310
0.999110,0.000724,0.035782,0.022317
0.999110,0.000724,0.035792,0.022324
0.999109,0.000724,0.035803,0.022330
0.999109,0.000724,0.035814,0.022337
0.999108,0.000723,0.035825,0.022344
0.999107,0.000723,0.035835,0.022350
0.999107,0.000723,0.035846,0.022357
0.999106,0.000723,0.035856,0.022363
0.999106,0.000723,0.035867,0.022370
0.999105,0.000723,0.035877,0.022376
0.999105,0.000723,0.035888,0.022383
0.999104,0.000723,0.035898,0.022389
0.999104,0.000723,0.035908,0.022396
0.999103,0.000723,0.035918,0.022402
0.999103,0.000723,0.035929,0.022408
0.999102,0.000723,0.035939,0.022415
0.999102,0.000723,0.035949,0.022421
0.999101,0.000723,0.035959,0.022427
0.999101,0.000723,0.035969,0.022433
0.999100,0.000723,0.035979,0.022439
0.999100,0.000723,0.035988,0.022445
0.999099,0.000723,0.035998,0.022451
0.999099,0.000723,0.036008,0.022457
0.999098,0.000723,0.036018,0.022463
0.999098,0.000723,0.036027,0.022469
0.999097,0.000723,0.036037,0.022475
0.999097,0.000723,0.036046,0.022481
0.999096,0.000723,0.036056,0.022487
0.999096,0.000723,0.036065,0.022493
0.999096,0.000723,0.036075,0.022499
0.999095,0.000723,0.036084,0.022505
0.999095,0.000723,0.036093,0.022510
0.999094,0.000723,0.036102,0.022516
0.999094,0.000723,0.036112,0.022522
0.999093,0.000723,0.036121,0.022528
0.999093,0.000723,0.036130,0.022533
0.999092,0.000723,0.036139,0.022539
0.999092,0.000723,0.036148,0.022544
0.999091,0.000723,0.036157,0.022550
0.999091,0.000723,0.036166,0.022555
0.999091,0.000723,0.036174,0.022561
0.999090,0.000723,0.036183,0.022566
0.999090,0.000723,0.036192,0.022572
0.999089,0.000723,0.036201,0.022577
0.999089,0.000723,0.036209,0.022583
0.999088,0.000723,0.036218,0.022588
0.999088,0.000722,0.036227,0.022593
0.999087,0.000722,0.036235,0.022599
0.999087,0.000722,0.036244,0.022604
0.999087,0.000722,0.036252,0.022609
0.999086,0.000722,0.036260,0.022614
0.999086,0.000722,0.036269,0.022620
0.999085,0.000722,0.036277,0.022625
0.999085,0.000722,0.036285,0.022630
0.999085,0.000722,0.036294,0.022635
0.999084,0.000722,0.036302,0.022640
0.999084,0.000722,0.036310,0.022645
0.999083,0.000722,0.036318,0.022650
0.999083,0.000722,0.036326,0.022655
0.999083,0.000722,0.036334,0.022660
0.999082,0.000722,0.036342,0.022665
0.999082,0.000722,0.036350,0.022670
0.999081,0.000722,0.036358,0.022675
0.999081,0.000722,0.036366,0.022680
0.999081,0.000722,0.036373,0.022685
0.999080,0.000722,0.036381,0.022689
0.999080,0.000722,0.036389,0.022694
0.999079,0.000722,0.036397,0.022699
0.999079,0.000722,0.036404,0.022704
0.999079,0.000722,0.036412,0.022708
0.999078,0.000722,0.036419,0.022713
0.999078,0.000722,0.036427,0.022718
0.999077,0.000722,0.036434,0.022722
0.999077,0.000722,0.036442,0.022727
0.999077,0.000722,0.036449,0.022732
0.999076,0.000722,0.036456,0.022736
0.999076,0.000722,0.036464,0.022741
0.999076,0.000722,0.036471,0.022745
0.999075,0.000722,0.036478,0.022750
0.999075,0.000722,0.036486,0.022754
0.999074,0.000722,0.036493,0.022759
0.999074,0.000722,0.036500,0.022763
0.999074,0.000722,0.036507,0.022768
0.999073,0.000722,0.036514,0.022772
0.999073,0.000722,0.036521,0.022776
0.999073,0.000722,0.036528,0.022781
0.999072,0.000722,0.036535,0.022785
0.999072,0.000722,0.036542,0.022789
0.999072,0.000722,0.036549,0.022793
0.999071,0.000721,0.036556,0.022798
0.999071,0.000721,0.036562,0.022802
0.999071,0.000721,0.036569,0.022806
0.999070,0.000721,0.036576,0.022810
0.999070,0.000721,0.036583,0.022814
0.999070,0.000721,0.036589,0.022819
0.999069,0.000721,0.036596,0.022823
0.999069,0.000721,0.036602,0.022827
0.999069,0.000721,0.036609,0.022831
0.999068,0.000721,0.036615,0.022835
0.999068,0.000721,0.036622,0.022839
0.999068,0.000721,0.036628,0.022843
0.999067,0.000721,0.036635,0.022847
0.999067,0.000721,0.036641,0.022851
0.999067,0.000721,0.036648,0.022855
0.999066,0.000721,0.036654,0.022859
0.999066,0.000721,0.036660,0.022863
0.999066,0.000721,0.036666,0.022867
0.999065,0.000721,0.036673,0.022870
0.999065,0.000721,0.036679,0.022874
0.999065,0.000721,0.036685,0.022878
0.999064,0.000721,0.036691,0.022882
0.999064,0.000721,0.036697,0.022886
0.999064,0.000721,0.036703,0.022889
0.999063,0.000721,0.036709,0.022893
0.999063,0.000721,0.036715,0.022897
0.999063,0.000721,0.036721,0.022901
0.999063,0.000721,0.036727,0.022904
0.999062,0.000721,0.036733,0.022908
0.999062,0.000721,0.036739,0.022912
0.999062,0.000721,0.036745,0.022915
0.999061,0.000721,0.036751,0.022919
0.999061,0.000721,0.036756,0.022922
0.999061,0.000721,0.036762,0.022926
0.999060,0.000721,0.036768,0.022930
0.999060,0.000721,0.036773,0.022933
0.999060,0.000721,0.036779,0.022937
0.999060,0.000721,0.036785,0.022940
0.999059,0.000721,0.036790,0.022944
0.999059,0.000721,0.036796,0.022947
0.999059,0.000721,0.036801,0.022950
0.999058,0.000721,0.036807,0.022954
0.999058,0.000721,0.036812,0.022957
0.999058,0.000721,0.036818,0.022961
0.999058,0.000721,0.036823,0.022964
0.999057,0.000721,0.036829,0.022967
0.999057,0.000721,0.036834,0.022971
0.999057,0.000721,0.036839,0.022974
0.999057,0.000721,0.036845,0.022977
0.999056,0.000721,0.036850,0.022981
0.999056,0.000720,0.036855,0.022984
0.999056,0.000720,0.036860,0.022987
0.999055,0.000720,0.036866,0.022990
0.999055,0.000720,0.036871,0.022994
0.999055,0.000720,0.036876,0.022997
0.999055,0.000720,0.036881,0.023000
0.999054,0.000720,0.036886,0.023003
0.999054,0.000720,0.036891,0.023006
0.999054,0.000720,0.036896,0.023009
0.999054,0.000720,0.036901,0.023012
0.999053,0.000720,0.036906,0.023016
0.999053,0.000720,0.036911,0.023019
0.999053,0.000720,0.036916,0.023022
0.999053,0.000720,0.036921,0.023025
0.999052,0.000720,0.036926,0.023028
0.999052,0.000720,0.036931,0.023031
0.999052,0.000720,0.036936,0.023034
0.999052,0.000720,0.036940,0.023037
0.999051,0.000720,0.036945,0.023040
0.999051,0.000720,0.036950,0.023043
0.999051,0.000720,0.036955,0.023046
0.999051,0.000720,0.036959,0.023049
0.999050,0.000720,0.036964,0.023051
0.999050,0.000720,0.036969,0.023054
0.999050,0.000720,0.036973,0.023057
0.999050,0.000720,0.036978,0.023060
0.999049,0.000720,0.036983,0.023063
0.999049,0.000720,0.036987,0.023066
0.999049,0.000720,0.036992,0.023069
0.999049,0.000720,0.036996,0.023071
0.999049,0.000720,0.037001,0.023074
0.999048,0.000720,0.037005,0.023077
0.999048,0.000720,0.037010,0.023080
0.999048,0.000720,0.037014,0.023082
0.999048,0.000720,0.037018,0.023085
0.999047,0.000720,0.037023,0.023088
0.999047,0.000720,0.037027,0.023091
0.999047,0.000720,0.037031,0.023093
0.999047,0.000720,0.037036,0.023096
0.999047,0.000720,0.037040,0.023099
0.999046,0.000720,0.037044,0.023101
0.999046,0.000720,0.037048,0.023104
0.999046,0.000720,0.037053,0.023106
0.999046,0.000720,0.037057,0.023109
0.999045,0.000720,0.037061,0.023112
0.999045,0.000720,0.037065,0.023114
0.999045,0.000720,0.037069,0.023117
0.999045,0.000720,0.037073,0.023119
0.999045,0.000720,0.037078,0.023122
0.999044,0.000720,0.037082,0.023124
0.999044,0.000720,0.037086,0.023127
0.999044,0.000720,0.037090,0.023129
0.999044,0.000720,0.037094,0.023132
0.999044,0.000720,0.037098,0.023134
0.999043,0.000720,0.037102,0.023137
0.999043,0.000720,0.037105,0.023139
0.999043,0.000720,0.037109,0.023142
0.999043,0.000720,0.037113,0.023144
0.999043,0.000720,0.037117,0.023147
0.999042,0.000719,0.037121,0.023149
0.999042,0.000719,0.037125,0.023151
0.999042,0.000719,0.037129,0.023154
0.999042,0.000719,0.037132,0.023156
0.999042,0.000719,0.037136,0.023158
0.999041,0.000719,0.037140,0.023161
0.999041,0.000719,0.037144,0.023163
0.999041,0.000719,0.037147,0.023165
0.999041,0.000719,0.037151,0.023168
0.999041,0.000719,0.037155,0.023170
0.999040,0.000719,0.037158,0.023172
0.999040,0.000719,0.037162,0.023174
0.999040,0.000719,0.037166,0.023177
0.999040,0.000719,0.037169,0.023179
0.999040,0.000719,0.037173,0.023181
0.999040,0.000719,0.037176,0.023183
0.999039,0.000719,0.037180,0.023186
0.999039,0.000719,0.037183,0.023188
0.999039,0.000719,0.037187,0.023190
0.999039,0.000719,0.037190,0.023192
0.999039,0.000719,0.037194,0.023194
0.999038,0.000719,0.037197,0.023196
0.999038,0.000719,0.037201,0.023198
0.999038,0.000719,0.037204,0.023201
0.999038,0.000719,0.037208,0.023203
0.999038,0.000719,0.037211,0.023205
0.999038,0.000719,0.037214,0.023207
0.999037,0.000719,0.037218,0.023209
0.999037,0.000719,0.037221,0.023211
0.999037,0.000719,0.037224,0.023213
0.999037,0.000719,0.037228,0.023215
0.999037,0.000719,0.037231,0.023217
0.999037,0.000719,0.037234,0.023219
0.999036,0.000719,0.037237,0.023221
0.999036,0.000719,0.037241,0.023223
0.999036,0.000719,0.037244,0.023225
0.999036,0.000719,0.037247,0.023227
0.999036,0.000719,0.037250,0.023229
0.999036,0.000719,0.037253,0.023231
0.999035,0.000719,0.037256,0.023233
0.999035,0.000719,0.037260,0.023235
0.999035,0.000719,0.037263,0.023237
0.999035,0.000719,0.037266,0.023239
0.999035,0.000719,0.037269,0.023241
0.999035,0.000719,0.037272,0.023243
0.999034,0.000719,0.037275,0.023245
0.999034,0.000719,0.037278,0.023246
0.999034,0.000719,0.037281,0.023248
0.999034,0.000719,0.037284,0.023250
0.999034,0.000719,0.037287,0.023252
0.999034,0.000719,0.037290,0.023254
0.999033,0.000719,0.037293,0.023256
0.999033,0.000719,0.037296,0.023257
0.999033,0.000719,0.037299,0.023259
0.999033,0.000719,0.037302,0.023261
0.999033,0.000719,0.037304,0.023263
0.999033,0.000719,0.037307,0.023265
0.999033,0.000719,0.037310,0.023266
0.999032,0.000719,0.037313,0.023268
0.999032,0.000719,0.037316,0.023270
0.999032,0.000719,0.037319,0.023272
0.999032,0.000719,0.037321,0.023273
0.999032,0.000719,0.037324,0.023275
0.999032,0.000719,0.037327,0.023277
0.999032,0.000719,0.037330,0.023279
0.999031,0.000719,0.037332,0.023280
0.999031,0.000719,0.037335,0.023282
0.999031,0.000719,0.037338,0.023284
0.999031,0.000719,0.037341,0.023285
0.999031,0.000719,0.037343,0.023287
0.999031,0.000719,0.037346,0.023289
0.999031,0.000719,0.037349,0.023290
0.999030,0.000719,0.037351,0.023292
0.999030,0.000719,0.037354,0.023294
0.999030,0.000719,0.037356,0.023295
0.999030,0.000719,0.037359,0.023297
0.999030,0.000719,0.037362,0.023298
0.999030,0.000719,0.037364,0.023300
0.999030,0.000719,0.037367,0.023302
0.999030,0.000718,0.037369,0.023303
0.999029,0.000718,0.037372,0.023305
0.999029,0.000718,0.037374,0.023306
0.999029,0.000718,0.037377,0.023308
0.999029,0.000718,0.037379,0.023309
0.999029,0.000718,0.037382,0.023311
0.999029,0.000718,0.037384,0.023312
0.999029,0.000718,0.037387,0.023314
0.999028,0.000718,0.037389,0.023315
0.999028,0.000718,0.037392,0.023317
0.999028,0.000718,0.037394,0.023318
0.999028,0.000718,0.037396,0.023320
0.999028,0.000718,0.037399,0.023321
0.999028,0.000718,0.037401,0.023323
0.999028,0.000718,0.037403,0.023324
0.999028,0.000718,0.037406,0.023326
0.999028,0.000718,0.037408,0.023327
0.999027,0.000718,0.037411,0.023329
0.999027,0.000718,0.037413,0.023330
0.999027,0.000718,0.037415,0.023332
0.999027,0.000718,0.037417,0.023333
0.999027,0.000718,0.037420,0.023334
0.999027,0.000718,0.037422,0.023336
0.999027,0.000718,0.037424,0.023337
0.999027,0.000718,0.037426,0.023339
0.999026,0.000718,0.037429,0.023340
0.999026,0.000718,0.037431,0.023341
0.999026,0.000718,0.037433,0.023343
0.999026,0.000718,0.037435,0.023344
0.999026,0.000718,0.037437,0.023345
0.999026,0.000718,0.037440,0.023347
0.999026,0.000718,0.037442,0.023348
0.999026,0.000718,0.037444,0.023349
0.999026,0.000718,0.037446,0.023351
0.999025,0.000718,0.037448,0.023352
0.999025,0.000718,0.037450,0.023353
0.999025,0.000718,0.037452,0.023355
0.999025,0.000718,0.037455,0.023356
0.999025,0.000718,0.037457,0.023357
0.999025,0.000718,0.037459,0.023359
0.999025,0.000718,0.037461,0.023360
0.999025,0.000718,0.037463,0.023361
0.999025,0.000718,0.037465,0.023362
0.999024,0.000718,0.037467,0.023364
0.999024,0.000718,0.037469,0.023365
0.999024,0.000718,0.037471,0.023366
0.999024,0.000718,0.037473,0.023367
0.999024,0.000718,0.037475,0.023369
0.999024,0.000718,0.037477,0.023370
0.999024,0.000718,0.037479,0.023371
0.999024,0.000718,0.037481,0.023372
0.999024,0.000718,0.037483,0.023374
0.999024,0.000718,0.037485,0.023375
0.999023,0.000718,0.037487,0.023376
0.999023,0.000718,0.037488,0.023377
0.999023,0.000718,0.037490,0.023378
0.999023,0.000718,0.037492,0.023379
0.999023,0.000718,0.037494,0.023381
0.999023,0.000718,0.037496,0.023382
0.999023,0.000718,0.037498,0.023383
0.999023,0.000718,0.037500,0.023384
0.999023,0.000718,0.037502,0.023385
0.999023,0.000718,0.037503,0.023386
0.999022,0.000718,0.037505,0.023388
0.999022,0.000718,0.037507,0.023389
0.999022,0.000718,0.037509,0.023390
0.999022,0.000718,0.037511,0.023391
0.999022,0.000718,0.037512,0.023392
0.999022,0.000718,0.037514,0.023393
0.999022,0.000718,0.037516,0.023394
0.999022,0.000718,0.037518,0.023395
0.999022,0.000718,0.037519,0.023396
0.999022,0.000718,0.037521,0.023397
0.999022,0.000718,0.037523,0.023399
0.999021,0.000718,0.037525,0.023400
0.999021,0.000718,0.037526,0.023401
0.999021,0.000718,0.037528,0.023402
0.999021,0.000718,0.037530,0.023403
0.999021,0.000718,0.037531,0.023404
0.999021,0.000718,0.037533,0.023405
0.999021,0.000718,0.037535,0.023406
0.999021,0.000718,0.037536,0.023407
0.999021,0.000718,0.037538,0.023408
0.999021,0.000718,0.037540,0.023409
0.999021,0.000718,0.037541,0.023410
0.999020,0.000718,0.037543,0.023411
0.999020,0.000718,0.037545,0.023412
0.999020,0.000718,0.037546,0.023413
0.999020,0.000718,0.037548,0.023414
0.999020,0.000718,0.037549,0.023415
0.999020,0.000718,0.037551,0.023416
0.999020,0.000718,0.037553,0.023417
0.999020,0.000718,0.037554,0.023418
0.999020,0.000718,0.037556,0.023419
0.999020,0.000718,0.037557,0.023420
0.999020,0.000718,0.037559,0.023421
0.999020,0.000718,0.037560,0.023422
0.999020,0.000718,0.037562,0.023423
0.999019,0.000718,0.037563,0.023424
0.999019,0.000718,0.037565,0.023425
0.999019,0.000718,0.037566,0.023425
0.999019,0.000718,0.037568,0.023426
0.999019,0.000718,0.037569,0.023427
0.999019,0.000718,0.037571,0.023428
0.999019,0.000718,0.037572,0.023429
0.999019,0.000718,0.037574,0.023430
0.999019,0.000718,0.037575,0.023431
0.999019,0.000718,0.037577,0.023432
0.999019,0.000718,0.037578,0.023433
0.999019,0.000718,0.037580,0.023434
0.999019,0.000718,0.037581,0.023435
0.999018,0.000718,0.037582,0.023435
0.999018,0.000718,0.037584,0.023436
0.999018,0.000718,0.037585,0.023437
0.999018,0.000718,0.037587,0.023438
0.999018,0.000718,0.037588,0.023439
0.999018,0.000718,0.037589,0.023440
0.999018,0.000718,0.037591,0.023441
0.999018,0.000718,0.037592,0.023441
0.999018,0.000718,0.037593,0.023442
0.999018,0.000718,0.037595,0.023443
0.999018,0.000718,0.037596,0.023444
0.999018,0.000718,0.037597,0.023445
0.999018,0.000717,0.037599,0.023446
0.999018,0.000717,0.037600,0.023446
0.999017,0.000717,0.037601,0.023447
0.999017,0.000717,0.037603,0.023448
0.999017,0.000717,0.037604,0.023449
0.999017,0.000717,0.037605,0.023450
0.999017,0.000717,0.037607,0.023451
0.999017,0.000717,0.037608,0.023451
0.999017,0.000717,0.037609,0.023452
0.999017,0.000717,0.037610,0.023453
0.999017,0.000717,0.037612,0.023454
0.999017,0.000717,0.037613,0.023454
0.999017,0.000717,0.037614,0.023455
0.999017,0.000717,0.037615,0.023456
0.999017,0.000717,0.037617,0.023457
0.999017,0.000717,0.037618,0.023458
0.999017,0.000717,0.037619,0.023458
0.999016,0.000717,0.037620,0.023459
0.999016,0.000717,0.037622,0.023460
0.999016,0.000717,0.037623,0.023461
0.999016,0.000717,0.037624,0.023461
0.999016,0.000717,0.037625,0.023462
0.999016,0.000717,0.037626,0.023463
0.999016,0.000717,0.037628,0.023463
0.999016,0.000717,0.037629,0.023464
0.999016,0.000717,0.037630,0.023465
0.999016,0.000717,0.037631,0.023466
0.999016,0.000717,0.037632,0.023466
0.999016,0.000717,0.037633,0.023467
0.999016,0.000717,0.037634,0.023468
0.999016,0.000717,0.037636,0.023469
0.999016,0.000717,0.037637,0.023469
0.999016,0.000717,0.037638,0.023470
0.999015,0.000717,0.037639,0.023471
0.999015,0.000717,0.037640,0.023471
0.999015,0.000717,0.037641,0.023472
0.999015,0.000717,0.037642,0.023473
0.999015,0.000717,0.037643,0.023473
0.999015,0.000717,0.037644,0.023474
0.999015,0.000717,0.037646,0.023475
0.999015,0.000717,0.037647,0.023475
0.999015,0.000717,0.037648,0.023476
0.999015,0.000717,0.037649,0.023477
0.999015,0.000717,0.037650,0.023477
0.999015,0.000717,0.037651,0.023478
0.999015,0.000717,0.037652,0.023479
0.999015,0.000717,0.037653,0.023479
0.999015,0.000717,0.037654,0.023480
0.999015,0.000717,0.037655,0.023481
0.999015,0.000717,0.037656,0.023481
0.999015,0.000717,0.037657,0.023482
0.999014,0.000717,0.037658,0.023482
0.999014,0.000717,0.037659,0.023483
0.999014,0.000717,0.037660,0.023484
0.999014,0.000717,0.037661,0.023484
0.999014,0.000717,0.037662,0.023485
0.999014,0.000717,0.037663,0.023486
0.999014,0.000717,0.037664,0.023486
0.999014,0.000717,0.037665,0.023487
0.999014,0.000717,0.037666,0.023487
0.999014,0.000717,0.037667,0.023488
0.999014,0.000717,0.037668,0.023489
0.999014,0.000717,0.037669,0.023489
0.999014,0.000717,0.037670,0.023490
0.999014,0.000717,0.037671,0.023490
0.999014,0.000717,0.037672,0.023491
0.999014,0.000717,0.037673,0.023492
0.999014,0.000717,0.037674,0.023492
0.999014,0.000717,0.037675,0.023493
0.999014,0.000717,0.037676,0.023493
0.999014,0.000717,0.037676,0.023494
0.999013,0.000717,0.037677,0.023494
0.999013,0.000717,0.037678,0.023495
0.999013,0.000717,0.037679,0.023496
0.999013,0.000717,0.037680,0.023496
0.999013,0.000717,0.037681,0.023497
0.999013,0.000717,0.037682,0.023497
0.999013,0.000717,0.037683,0.023498
0.999013,0.000717,0.037684,0.023498
0.999013,0.000717,0.037685,0.023499
0.999013,0.000717,0.037685,0.023499
0.999013,0.000717,0.037686,0.023500
0.999013,0.000717,0.037687,0.023501
0.999013,0.000717,0.037688,0.023501
0.999013,0.000717,0.037689,0.023502
0.999013,0.000717,0.037690,0.023502
0.999013,0.000717,0.037691,0.023503
0.999013,0.000717,0.037691,0.023503
0.999013,0.000717,0.037692,0.023504
0.999013,0.000717,0.037693,0.023504
0.999013,0.000717,0.037694,0.023505
0.999013,0.000717,0.037695,0.023505
0.999013,0.000717,0.037696,0.023506
0.999012,0.000717,0.037696,0.023506
0.999012,0.000717,0.037697,0.023507
0.999012,0.000717,0.037698,0.023507
0.999012,0.000717,0.037699,0.023508
0.999012,0.000717,0.037700,0.023508
0.999012,0.000717,0.037700,0.023509
0.999012,0.000717,0.037701,0.023509
0.999012,0.000717,0.037702,0.023510
0.999012,0.000717,0.037703,0.023510
0.999012,0.000717,0.037704,0.023511
0.999012,0.000717,0.037704,0.023511
0.999012,0.000717,0.037705,0.023512
0.999012,0.000717,0.037706,0.023512
0.999012,0.000717,0.037707,0.023513
0.999012,0.000717,0.037707,0.023513
0.999012,0.000717,0.037708,0.023514
0.999012,0.000717,0.037709,0.023514
0.999012,0.000717,0.037710,0.023514
0.999012,0.000717,0.037710,0.023515
0.999012,0.000717,0.037711,0.023515
0.999012,0.000717,0.037712,0.023516
0.999012,0.000717,0.037713,0.023516
0.999012,0.000717,0.037713,0.023517
0.999012,0.000717,0.037714,0.023517
0.999012,0.000717,0.037715,0.023518
0.999011,0.000717,0.037715,0.023518
0.999011,0.000717,0.037716,0.023518
0.999011,0.000717,0.037717,0.023519
0.999011,0.000717,0.037718,0.023519
0.999011,0.000717,0.037718,0.023520
0.999011,0.000717,0.037719,0.023520
0.999011,0.000717,0.037720,0.023521
0.999011,0.000717,0.037720,0.023521
0.999011,0.000717,0.037721,0.023522
0.999011,0.000717,0.037722,0.023522
0.999011,0.000717,0.037722,0.023522
0.999011,0.000717,0.037723,0.023523
0.999011,0.000717,0.037724,0.023523
0.999011,0.000717,0.037724,0.023524
0.999011,0.000717,0.037725,0.023524
0.999011,0.000717,0.037726,0.023524
0.999011,0.000717,0.037726,0.023525
0.999011,0.000717,0.037727,0.023525
0.999011,0.000717,0.037728,0.023526
0.999011,0.000717,0.037728,0.023526
0.999011,0.000717,0.037729,0.023526
0.999011,0.000717,0.037730,0.023527
0.999011,0.000717,0.037730,0.023527
0.999011,0.000717,0.037731,0.023528
0.999011,0.000717,0.037731,0.023528
0.999011,0.000717,0.037732,0.023528
0.999011,0.000717,0.037733,0.023529
0.999011,0.000717,0.037733,0.023529
0.999011,0.000717,0.037734,0.023530
0.999010,0.000717,0.037735,0.023530
0.999010,0.000717,0.037735,0.023530
0.999010,0.000717,0.037736,0.023531
0.999010,0.000717,0.037736,0.023531
0.999010,0.000717,0.037737,0.023531
0.999010,0.000717,0.037738,0.023532
0.999010,0.000717,0.037738,0.023532
0.999010,0.000717,0.037739,0.023533
0.999010,0.000717,0.037739,0.023533
0.999010,0.000717,0.037740,0.023533
0.999010,0.000717,0.037741,0.023534
0.999010,0.000717,0.037741,0.023534
0.999010,0.000717,0.037742,0.023534
0.999010,0.000717,0.037742,0.023535
0.999010,0.000717,0.037743,0.023535
0.999010,0.000717,0.037743,0.023535
0.999010,0.000717,0.037744,0.023536
0.999010,0.000717,0.037745,0.023536
0.999010,0.000717,0.037745,0.023536
0.999010,0.000717,0.037746,0.023537
0.999010,0.000717,0.037746,0.023537
0.999010,0.000717,0.037747,0.023538
0.999010,0.000717,0.037747,0.023538
0.999010,0.000717,0.037748,0.023538
0.999010,0.000717,0.037748,0.023539
0.999010,0.000717,0.037749,0.023539
0.999010,0.000717,0.037749,0.023539
0.999010,0.000717,0.037750,0.023540
0.999010,0.000717,0.037751,0.023540
0.999010,0.000717,0.037751,0.023540
0.999010,0.000717,0.037752,0.023541
0.999010,0.000717,0.037752,0.023541
0.999010,0.000717,0.037753,0.023541
0.999010,0.000717,0.037753,0.023541
0.999009,0.000717,0.037754,0.023542
0.999009,0.000717,0.037754,0.023542
0.999009,0.000717,0.037755,0.023542
0.999009,0.000717,0.037755,0.023543
0.999009,0.000717,0.037756,0.023543
0.999009,0.000717,0.037756,0.023543
0.999009,0.000717,0.037757,0.023544
0.999009,0.000717,0.037757,0.023544
0.999009,0.000717,0.037758,0.023544
0.999009,0.000717,0.037758,0.023545
0.999009,0.000717,0.037759,0.023545
0.999009,0.000717,0.037759,0.023545
0.999009,0.000717,0.037760,0.023545
0.999009,0.000717,0.037760,0.023546
0.999009,0.000717,0.037761,0.023546
0.999009,0.000717,0.037761,0.023546
0.999009,0.000717,0.037761,0.023547
0.999009,0.000717,0.037762,0.023547
0.999009,0.000717,0.037762,0.023547
0.999009,0.000717,0.037763,0.023548
0.999009,0.000717,0.037763,0.023548
0.999009,0.000717,0.037764,0.023548
0.999009,0.000717,0.037764,0.023548
0.999009,0.000717,0.037765,0.023549
0.999009,0.000717,0.037765,0.023549
0.999009,0.000717,0.037766,0.023549
0.999009,0.000717,0.037766,0.023550
0.999009,0.000717,0.037767,0.023550
0.999009,0.000717,0.037767,0.023550
0.999009,0.000717,0.037767,0.023550
0.999009,0.000717,0.037768,0.023551
0.999009,0.000717,0.037768,0.023551
0.999009,0.000717,0.037769,0.023551
0.999009,0.000717,0.037769,0.023551
0.999009,0.000717,0.037770,0.023552
0.999009,0.000717,0.037770,0.023552
0.999009,0.000717,0.037770,0.023552
0.999009,0.000717,0.037771,0.023552
0.999009,0.000717,0.037771,0.023553
0.999009,0.000717,0.037772,0.023553
0.999009,0.000717,0.037772,0.023553
0.999008,0.000717,0.037773,0.023554
0.999008,0.000717,0.037773,0.023554
0.999008,0.000717,0.037773,0.023554
0.999008,0.000717,0.037774,0.023554
0.999008,0.000717,0.037774,0.023555
0.999008,0.000717,0.037775,0.023555
0.999008,0.000717,0.037775,0.023555
0.999008,0.000717,0.037775,0.023555
0.999008,0.000717,0.037776,0.023556
0.999008,0.000717,0.037776,0.023556
0.999008,0.000717,0.037777,0.023556
0.999008,0.000717,0.037777,0.023556
0.999008,0.000717,0.037777,0.023556
0.999008,0.000717,0.037778,0.023557
0.999008,0.000717,0.037778,0.023557
0.999008,0.000717,0.037778,0.023557
0.999008,0.000717,0.037779,0.023557
0.999008,0.000717,0.037779,0.023558
0.999008,0.000717,0.037780,0.023558
0.999008,0.000717,0.037780,0.023558
0.999008,0.000717,0.037780,0.023558
0.999008,0.000717,0.037781,0.023559
0.999008,0.000717,0.037781,0.023559
0.999008,0.000717,0.037781,0.023559
0.999008,0.000717,0.037782,0.023559
0.999008,0.000717,0.037782,0.023560
0.999008,0.000717,0.037783,0.023560
0.999008,0.000717,0.037783,0.023560
0.999008,0.000717,0.037783,0.023560
0.999008,0.000717,0.037784,0.023560
0.999008,0.000717,0.037784,0.023561
0.999008,0.000717,0.037784,0.023561
0.999008,0.000717,0.037785,0.023561
0.999008,0.000717,0.037785,0.023561
0.999008,0.000717,0.037785,0.023561
0.999008,0.000717,0.037786,0.023562
0.999008,0.000717,0.037786,0.023562
0.999008,0.000717,0.037786,0.023562
0.999008,0.000717,0.037787,0.023562
0.999008,0.000717,0.037787,0.023563
0.999008,0.000717,0.037787,0.023563
0.999008,0.000717,0.037788,0.023563
0.999008,0.000717,0.037788,0.023563
0.999008,0.000717,0.037788,0.023563
0.999008,0.000717,0.037789,0.023564
0.999008,0.000717,0.037789,0.023564
0.999008,0.000717,0.037789,0.023564
0.999008,0.000717,0.037790,0.023564
0.999008,0.000717,0.037790,0.023564
0.999008,0.000717,0.037790,0.023565
0.999008,0.000717,0.037791,0.023565
0.999008,0.000717,0.037791,0.023565
0.999008,0.000717,0.037791,0.023565
0.999007,0.000717,0.037792,0.023565
0.999007,0.000717,0.037792,0.023566
0.999007,0.000717,0.037792,0.023566
0.999007,0.000717,0.037793,0.023566
0.999007,0.000717,0.037793,0.023566
0.999007,0.000717,0.037793,0.023566
0.999007,0.000717,0.037793,0.023566
0.999007,0.000717,0.037794,0.023567
0.999007,0.000717,0.037794,0.023567
0.999007,0.000717,0.037794,0.023567
0.999007,0.000717,0.037795,0.023567
0.999007,0.000717,0.037795,0.023567
0.999007,0.000717,0.037795,0.023568
0.999007,0.000717,0.037795,0.023568
0.999007,0.000717,0.037796,0.023568
0.999007,0.000717,0.037796,0.023568
0.999007,0.000717,0.037796,0.023568
0.999007,0.000717,0.037797,0.023569
0.999007,0.000717,0.037797,0.023569
0.999007,0.000717,0.037797,0.023569
0.999007,0.000717,0.037797,0.023569
0.999007,0.000717,0.037798,0.023569
0.999007,0.000717,0.037798,0.023569
0.999007,0.000717,0.037798,0.023570
0.999007,0.000717,0.037799,0.023570
0.999007,0.000717,0.037799,0.023570
0.999007,0.000717,0.037799,0.023570
0.999007,0.000717,0.037799,0.023570
0.999007,0.000717,0.037800,0.023570
0.999007,0.000717,0.037800,0.023571
0.999007,0.000717,0.037800,0.023571
0.999007,0.000717,0.037800,0.023571
0.999007,0.000717,0.037801,0.023571
0.999007,0.000717,0.037801,0.023571
0.999007,0.000717,0.037801,0.023571
0.999007,0.000717,0.037802,0.023572
0.999007,0.000717,0.037802,0.023572
0.999007,0.000717,0.037802,0.023572
0.999007,0.000717,0.037802,0.023572
0.999007,0.000717,0.037803,0.023572
0.999007,0.000717,0.037803,0.023572
0.999007,0.000717,0.037803,0.023572
0.999007,0.000717,0.037803,0.023573
0.999007,0.000717,0.037804,0.023573
0.999007,0.000717,0.037804,0.023573
0.999007,0.000717,0.037804,0.023573
0.999007,0.000717,0.037804,0.023573
0.999007,0.000717,0.037805,0.023573
0.999007,0.000717,0.037805,0.023574
0.999007,0.000717,0.037805,0.023574
0.999007,0.000717,0.037805,0.023574
0.999007,0.000717,0.037806,0.023574
0.999007,0.000717,0.037806,0.023574
0.999007,0.000717,0.037806,0.023574
0.999007,0.000717,0.037806,0.023574
0.999007,0.000717,0.037806,0.023575
0.999007,0.000717,0.037807,0.023575
0.999007,0.000717,0.037807,0.023575
0.999007,0.000717,0.037807,0.023575
0.999007,0.000717,0.037807,0.023575
0.999007,0.000717,0.037808,0.023575
0.999007,0.000717,0.037808,0.023575
0.999007,0.000717,0.037808,0.023576
0.999007,0.000717,0.037808,0.023576
0.999007,0.000717,0.037809,0.023576
0.999007,0.000717,0.037809,0.023576
0.999003,0.000810,0.037894,0.023595
0.998996,0.000987,0.038057,0.023632
0.998985,0.001239,0.038289,0.023684
0.998972,0.001560,0.038583,0.023750
0.998956,0.001942,0.038933,0.023829
0.998937,0.002378,0.039334,0.023918
0.998916,0.002864,0.039781,0.024018
0.998892,0.003394,0.040268,0.024125
0.998866,0.003965,0.040793,0.024241
0.998837,0.004571,0.041351,0.024363
0.998806,0.005209,0.041939,0.024490
0.998773,0.005876,0.042554,0.024623
0.998738,0.006570,0.043193,0.024760
0.998701,0.007286,0.043855,0.024901
0.998662,0.008024,0.044536,0.025045
0.998620,0.008780,0.045235,0.025191
0.998577,0.009554,0.045950,0.025340
0.998531,0.010342,0.046680,0.025490
0.998484,0.011144,0.047423,0.025642
0.998434,0.011958,0.048178,0.025795
0.998383,0.012783,0.048944,0.025949
0.998329,0.013618,0.049719,0.026103
0.998274,0.014461,0.050503,0.026258
0.998217,0.015312,0.051295,0.026412
0.998158,0.016171,0.052094,0.026567
0.998097,0.017035,0.052899,0.026722
0.998034,0.017905,0.053711,0.026875
0.997970,0.018780,0.054527,0.027029
0.997903,0.019659,0.055349,0.027182
0.997835,0.020542,0.056174,0.027334
0.997765,0.021428,0.057004,0.027485
0.997694,0.022318,0.057837,0.027635
0.997621,0.023210,0.058674,0.027784
0.997545,0.024104,0.059513,0.027932
0.997469,0.025001,0.060355,0.028079
0.997390,0.025899,0.061200,0.028224
0.997310,0.026799,0.062046,0.028369
0.997228,0.027701,0.062895,0.028512
0.997145,0.028603,0.063746,0.028653
0.997059,0.029506,0.064598,0.028794
0.996973,0.030410,0.065452,0.028932
0.996884,0.031315,0.066307,0.029070
0.996794,0.032221,0.067164,0.029206
0.996702,0.033127,0.068021,0.029340
0.996609,0.034033,0.068880,0.029473
0.996514,0.034939,0.069740,0.029604
0.996417,0.035846,0.070601,0.029734
0.996319,0.036753,0.071462,0.029862
0.996219,0.037659,0.072325,0.029989
0.996117,0.038566,0.073188,0.030114
0.996014,0.039473,0.074052,0.030237
0.995909,0.040379,0.074916,0.030359
0.995803,0.041285,0.075781,0.030479
0.995695,0.042191,0.076647,0.030597
0.995586,0.043097,0.077513,0.030714
0.995475,0.044002,0.078380,0.030829
0.995362,0.044907,0.079247,0.030943
0.995248,0.045812,0.080114,0.031055
0.995132,0.046716,0.080982,0.031165
0.995015,0.047620,0.081850,0.031274
0.994896,0.048524,0.082719,0.031380
0.994776,0.049427,0.083588,0.031486
0.994654,0.050329,0.084457,0.031589
0.994530,0.051231,0.085327,0.031691
0.994405,0.052133,0.086197,0.031791
0.994279,0.053034,0.087067,0.031890
0.994150,0.053934,0.087938,0.031986
0.994021,0.054834,0.088808,0.032081
0.993889,0.055733,0.089679,0.032175
0.993757,0.056632,0.090551,0.032267
0.993622,0.057530,0.091422,0.032357
0.993486,0.058428,0.092294,0.032445
0.993349,0.059325,0.093166,0.032531
0.993210,0.060221,0.094038,0.032616
0.993070,0.061117,0.094910,0.032700
0.992928,0.062012,0.095783,0.032781
0.992784,0.062907,0.096655,0.032861
0.992639,0.063801,0.097528,0.032939
0.992493,0.064694,0.098401,0.033015
0.992345,0.065587,0.099274,0.033090
0.992195,0.066479,0.100148,0.033163
0.992044,0.067371,0.101021,0.033234
0.991891,0.068261,0.101895,0.033304
0.991737,0.069151,0.102769,0.033372
0.991582,0.070041,0.103642,0.033438
0.991425,0.070930,0.104517,0.033502
0.991266,0.071818,0.105391,0.033565
0.991106,0.072705,0.106265,0.033626
0.990944,0.073592,0.107140,0.033685
0.990781,0.074478,0.108014,0.033743
0.990617,0.075364,0.108889,0.033798
0.990450,0.076249,0.109764,0.033852
0.990283,0.077133,0.110638,0.033905
0.990114,0.078016,0.111513,0.033956
0.989943,0.078899,0.112389,0.034005
0.989771,0.079781,0.113264,0.034052
0.989598,0.080662,0.114139,0.034097
0.989422,0.081543,0.115014,0.034141
0.989246,0.082423,0.115890,0.034183
0.989068,0.083302,0.116766,0.034224
0.988888,0.084180,0.117641,0.034262
0.988707,0.085058,0.118517,0.034299
0.988525,0.085935,0.119393,0.034334
0.988341,0.086812,0.120268,0.034368
0.988156,0.087687,0.121144,0.034400
0.987969,0.088562,0.122020,0.034430
0.987780,0.089436,0.122896,0.034458
0.987591,0.090310,0.123772,0.034485
0.987399,0.091183,0.124649,0.034510
0.987207,0.092055,0.125525,0.034533
0.987012,0.092926,0.126401,0.034554
0.986817,0.093796,0.127277,0.034574
0.986620,0.094666,0.128154,0.034592
0.986421,0.095535,0.129030,0.034608
0.986221,0.096403,0.129906,0.034623
0.986020,0.097271,0.130783,0.034635
0.985817,0.098138,0.131659,0.034646
0.985612,0.099004,0.132535,0.034656
0.985406,0.099869,0.133412,0.034663
0.985199,0.100734,0.134288,0.034669
0.984990,0.101597,0.135165,0.034673
0.984780,0.102460,0.136041,0.034676
0.984569,0.103323,0.136918,0.034677
0.984356,0.104184,0.137794,0.034676
0.984141,0.105045,0.138671,0.034673
0.983925,0.105905,0.139547,0.034668
0.983708,0.106764,0.140424,0.034662
0.983489,0.107622,0.141300,0.034654
0.983269,0.108480,0.142176,0.034645
0.983047,0.109336,0.143053,0.034633
0.982824,0.110192,0.143929,0.034620
0.982600,0.111047,0.144806,0.034605
0.982374,0.111902,0.145682,0.034589
0.982147,0.112755,0.146558,0.034570
0.981918,0.113608,0.147434,0.034550
0.981688,0.114460,0.148311,0.034528
0.981456,0.115312,0.149187,0.034505
0.981223,0.116162,0.150063,0.034480
0.980989,0.117011,0.150939,0.034453
0.980753,0.117860,0.151815,0.034424
0.980516,0.118708,0.152691,0.034394
0.980277,0.119555,0.153567,0.034361
0.980037,0.120402,0.154443,0.034327
0.979796,0.121247,0.155318,0.034292
0.979553,0.122092,0.156194,0.034254
0.979309,0.122936,0.157070,0.034215
0.979063,0.123779,0.157945,0.034174
0.978816,0.124621,0.158821,0.034132
0.978568,0.125462,0.159696,0.034088
0.978318,0.126303,0.160571,0.034042
0.978067,0.127143,0.161447,0.033994
0.977814,0.127982,0.162322,0.033944
0.977560,0.128820,0.163197,0.033893
0.977305,0.129657,0.164071,0.033840
0.977048,0.130493,0.164946,0.033785
0.976790,0.131329,0.165821,0.033729
0.976530,0.132163,0.166696,0.033671
0.976270,0.132997,0.167570,0.033611
0.976007,0.133830,0.168444,0.033549
0.975744,0.134662,0.169319,0.033486
0.975479,0.135493,0.170193,0.033421
0.975213,0.136323,0.171067,0.033354
0.974945,0.137153,0.171940,0.033285
0.974676,0.137982,0.172814,0.033215
0.974406,0.138809,0.173688,0.033143
0.974134,0.139636,0.174561,0.033069
0.973861,0.140462,0.175434,0.032994
0.973586,0.141287,0.176307,0.032916
0.973310,0.142111,0.177180,0.032837
0.973033,0.142935,0.178053,0.032757
0.972755,0.143757,0.178926,0.032674
0.972475,0.144579,0.179798,0.032590
0.972194,0.145400,0.180671,0.032504
0.971911,0.146219,0.181543,0.032416
0.971627,0.147038,0.182415,0.032327
0.971342,0.147856,0.183287,0.032236
0.971056,0.148673,0.184158,0.032143
0.970768,0.149490,0.185030,0.032048
0.970478,0.150305,0.185901,0.031952
0.970188,0.151119,0.186772,0.031854
0.969896,0.151933,0.187643,0.031754
0.969603,0.152745,0.188514,0.031652
0.969308,0.153557,0.189384,0.031549
0.969012,0.154368,0.190254,0.031444
0.968715,0.155178,0.191124,0.031337
0.968417,0.155986,0.191994,0.031229
0.968117,0.156794,0.192864,0.031119
0.967816,0.157602,0.193733,0.031007
0.967514,0.158408,0.194603,0.030893
0.967210,0.159213,0.195472,0.030778
0.966905,0.160017,0.196340,0.030661
0.966598,0.160821,0.197209,0.030542
0.966291,0.161623,0.198077,0.030421
0.965982,0.162424,0.198945,0.030299
0.965672,0.163225,0.199813,0.030175
0.965360,0.164025,0.200681,0.030049
0.965047,0.164823,0.201548,0.029921
0.964733,0.165621,0.202415,0.029792
0.964418,0.166418,0.203282,0.029661
0.964101,0.167214,0.204149,0.029528
0.963783,0.168009,0.205015,0.029394
0.963464,0.168802,0.205881,0.029258
0.963143,0.169595,0.206747,0.029120
0.962822,0.170387,0.207612,0.028980
0.962499,0.171178,0.208478,0.028839
0.962174,0.171969,0.209342,0.028696
0.961849,0.172758,0.210207,0.028551
0.961522,0.173546,0.211072,0.028404
0.961193,0.174333,0.211936,0.028256
0.960864,0.175119,0.212800,0.028106
0.960533,0.175904,0.213663,0.027954
0.960201,0.176689,0.214526,0.027801
0.959868,0.177472,0.215389,0.027645
0.959534,0.178254,0.216252,0.027488
0.959198,0.179036,0.217114,0.027330
0.958861,0.179816,0.217976,0.027169
0.958523,0.180595,0.218838,0.027007
0.958183,0.181374,0.219699,0.026843
0.957843,0.182151,0.220560,0.026678
0.957501,0.182927,0.221421,0.026510
0.957157,0.183703,0.222281,0.026341
0.956813,0.184477,0.223142,0.026171
0.956467,0.185250,0.224001,0.025998
0.956120,0.186023,0.224861,0.025824
0.955772,0.186794,0.225720,0.025648
0.955423,0.187565,0.226578,0.025470
0.955072,0.188334,0.227437,0.025291
0.954721,0.189102,0.228295,0.025110
0.954367,0.189870,0.229153,0.024927
0.954013,0.190636,0.230010,0.024743
0.953658,0.191401,0.230867,0.024556
0.953301,0.192166,0.231723,0.024368
0.952943,0.192929,0.232580,0.024179
0.952584,0.193691,0.233435,0.023987
0.952224,0.194452,0.234291,0.023794
0.951862,0.195213,0.235146,0.023599
0.951499,0.195972,0.236001,0.023403
0.951135,0.196730,0.236855,0.023204
0.950770,0.197487,0.237709,0.023004
0.950404,0.198243,0.238562,0.022803
0.950036,0.198998,0.239416,0.022599
0.949668,0.199752,0.240268,0.022394
0.949298,0.200505,0.241121,0.022187
0.948927,0.201257,0.241973,0.021978
0.948554,0.202008,0.242824,0.021768
0.948181,0.202758,0.243675,0.021556
0.947806,0.203507,0.244526,0.021342
0.947430,0.204254,0.245376,0.021127
0.947053,0.205001,0.246226,0.020910
0.946675,0.205747,0.247075,0.020691
0.946296,0.206491,0.247924,0.020470
0.945915,0.207235,0.248773,0.020248
0.945534,0.207977,0.249621,0.020024
0.945151,0.208719,0.250469,0.019798
0.944767,0.209459,0.251316,0.019571
0.944381,0.210198,0.252163,0.019342
0.943995,0.210937,0.253009,0.019111
0.943608,0.211674,0.253855,0.018878
0.943219,0.212410,0.254701,0.018644
0.942829,0.213145,0.255546,0.018408
0.942438,0.213879,0.256390,0.018170
0.942046,0.214612,0.257234,0.017931
0.941653,0.215343,0.258078,0.017690
0.941258,0.216074,0.258921,0.017447
0.940863,0.216804,0.259764,0.017203
0.940466,0.217532,0.260606,0.016956
0.940068,0.218260,0.261447,0.016709
0.939670,0.218986,0.262289,0.016459
0.939270,0.219711,0.263129,0.016208
0.938868,0.220436,0.263969,0.015955
0.938466,0.221159,0.264809,0.015700
0.938063,0.221881,0.265648,0.015444
0.937658,0.222602,0.266487,0.015185
0.937252,0.223321,0.267325,0.014926
0.936846,0.224040,0.268163,0.014664
0.936438,0.224758,0.269000,0.014401
0.936029,0.225474,0.269837,0.014136
0.935619,0.226190,0.270673,0.013870
0.935207,0.226904,0.271509,0.013601
0.934795,0.227617,0.272344,0.013331
0.934382,0.228329,0.273178,0.013060
0.933967,0.229040,0.274012,0.012786
0.933551,0.229750,0.274846,0.012511
0.933135,0.230459,0.275679,0.012235
0.932717,0.231166,0.276511,0.011956
0.932298,0.231873,0.277343,0.011676
0.931878,0.232578,0.278174,0.011394
0.931457,0.233282,0.279005,0.011111
0.931035,0.233985,0.279835,0.010826
0.930612,0.234687,0.280665,0.010539
0.930187,0.235388,0.281494,0.010250
0.929762,0.236088,0.282322,0.009960
0.929336,0.236786,0.283150,0.009668
0.928908,0.237484,0.283978,0.009374
0.928479,0.238180,0.284805,0.009079
0.928050,0.238875,0.285631,0.008782
0.927619,0.239569,0.286456,0.008484
0.927187,0.240262,0.287281,0.008183
0.926755,0.240954,0.288106,0.007881
0.926321,0.241645,0.288930,0.007578
0.925886,0.242334,0.289753,0.007272
0.925450,0.243022,0.290576,0.006965
0.925013,0.243710,0.291398,0.006657
0.924575,0.244396,0.292219,0.006346
0.924136,0.245080,0.293040,0.006034
0.923696,0.245764,0.293860,0.005721
0.923254,0.246447,0.294680,0.005405
0.922812,0.247128,0.295499,0.005088
0.922369,0.247808,0.296317,0.004770
0.921925,0.248487,0.297135,0.004449
0.921479,0.249165,0.297952,0.004127
0.921033,0.249842,0.298769,0.003803
0.920586,0.250518,0.299584,0.003478
0.920137,0.251192,0.300400,0.003151
0.919688,0.251865,0.301214,0.002822
0.919238,0.252537,0.302028,0.002492
0.918786,0.253208,0.302841,0.002160
0.918334,0.253878,0.303654,0.001826
0.917880,0.254547,0.304466,0.001491
0.917426,0.255214,0.305277,0.001154
0.916970,0.255880,0.306088,0.000815
0.916514,0.256545,0.306898,0.000475
0.916057,0.257209,0.307707,0.000133
0.915598,0.257872,0.308516,-0.000211
0.915139,0.258533,0.309324,-0.000556
0.914678,0.259194,0.310131,-0.000903
0.914217,0.259853,0.310937,-0.001251
0.913755,0.260511,0.311743,-0.001602
0.913291,0.261167,0.312549,-0.001954
0.912827,0.261823,0.313353,-0.002307
0.912362,0.262477,0.314157,-0.002662
0.911896,0.263130,0.314960,-0.003019
0.911428,0.263782,0.315762,-0.003377
0.910960,0.264433,0.316564,-0.003738
0.910491,0.265082,0.317365,-0.004099
0.910021,0.265731,0.318165,-0.004463
0.909550,0.266378,0.318965,-0.004828
0.909078,0.267024,0.319764,-0.005194
0.908605,0.267669,0.320562,-0.005563
0.908131,0.268312,0.321359,-0.005933
0.907656,0.268954,0.322156,-0.006304
0.907180,0.269596,0.322952,-0.006677
0.906703,0.270235,0.323747,-0.007052
0.906226,0.270874,0.324542,-0.007429
0.905747,0.271512,0.325335,-0.007807
0.905267,0.272148,0.326128,-0.008187
0.904787,0.272783,0.326921,-0.008568
0.904305,0.273417,0.327712,-0.008951
0.903823,0.274049,0.328503,-0.009335
0.903340,0.274681,0.329293,-0.009722
0.902855,0.275311,0.330082,-0.010110
0.902370,0.275940,0.330870,-0.010499
0.901884,0.276567,0.331658,-0.010890
0.901397,0.277194,0.332445,-0.011283
0.900909,0.277819,0.333231,-0.011677
0.900420,0.278443,0.334017,-0.012073
0.899931,0.279066,0.334801,-0.012471
0.899440,0.279687,0.335585,-0.012870
0.898948,0.280308,0.336368,-0.013271
0.898456,0.280927,0.337150,-0.013673
0.897963,0.281544,0.337932,-0.014077
0.897468,0.282161,0.338712,-0.014483
0.896973,0.282776,0.339492,-0.014890
0.896477,0.283391,0.340271,-0.015299
0.895980,0.284003,0.341049,-0.015709
0.895483,0.284615,0.341827,-0.016121
0.894984,0.285225,0.342603,-0.016535
0.894484,0.285834,0.343379,-0.016950
0.893984,0.286442,0.344154,-0.017367
0.893483,0.287049,0.344928,-0.017786
0.892980,0.287654,0.345701,-0.018206
0.892477,0.288259,0.346474,-0.018628
0.891974,0.288861,0.347245,-0.019051
0.891469,0.289463,0.348016,-0.019476
0.890963,0.290063,0.348786,-0.019902
0.890457,0.290662,0.349555,-0.020330
0.889949,0.291260,0.350324,-0.020760
0.889441,0.291857,0.351091,-0.021191
0.888932,0.292452,0.351858,-0.021624
0.888422,0.293046,0.352623,-0.022058
0.887912,0.293639,0.353388,-0.022494
0.887400,0.294231,0.354152,-0.022932
0.886888,0.294821,0.354915,-0.023371
0.886374,0.295410,0.355678,-0.023812
0.885860,0.295998,0.356439,-0.024254
0.885345,0.296584,0.357200,-0.024698
0.884830,0.297169,0.357959,-0.025143
0.884313,0.297753,0.358718,-0.025590
0.883796,0.298336,0.359476,-0.026039
0.883277,0.298917,0.360233,-0.026489
0.882758,0.299497,0.360989,-0.026941
0.882239,0.300076,0.361744,-0.027394
0.881718,0.300654,0.362499,-0.027849
0.881197,0.301230,0.363252,-0.028305
0.880674,0.301805,0.364004,-0.028763
0.880151,0.302379,0.364756,-0.029223
0.879627,0.302951,0.365507,-0.029684
0.879103,0.303522,0.366257,-0.030147
0.878577,0.304092,0.367005,-0.030611
0.878051,0.304661,0.367753,-0.031077
0.877524,0.305228,0.368500,-0.031544
0.876996,0.305794,0.369247,-0.032013
0.876467,0.306359,0.369992,-0.032484
0.875938,0.306922,0.370736,-0.032956
0.875408,0.307484,0.371479,-0.033429
0.874877,0.308045,0.372222,-0.033904
0.874345,0.308605,0.372963,-0.034381
0.873813,0.309163,0.373704,-0.034859
0.873280,0.309720,0.374443,-0.035339
0.872745,0.310275,0.375182,-0.035820
0.872211,0.310830,0.375920,-0.036303
0.871675,0.311383,0.376656,-0.036787
0.871139,0.311934,0.377392,-0.037273
0.870602,0.312485,0.378127,-0.037761
0.870064,0.313034,0.378861,-0.038250
0.869525,0.313582,0.379593,-0.038740
0.868986,0.314128,0.380325,-0.039232
0.868446,0.314674,0.381056,-0.039726
0.867905,0.315218,0.381786,-0.040221
0.867364,0.315760,0.382515,-0.040718
0.866821,0.316302,0.383243,-0.041216
0.866278,0.316841,0.383970,-0.041715
0.865735,0.317380,0.384696,-0.042217
0.865190,0.317918,0.385421,-0.042719
0.864645,0.318454,0.386145,-0.043224
0.864099,0.318988,0.386868,-0.043729
0.863553,0.319522,0.387590,-0.044237
0.863005,0.320054,0.388311,-0.044745
0.862457,0.320585,0.389031,-0.045256
0.861908,0.321114,0.389750,-0.045767
0.861359,0.321642,0.390468,-0.046281
0.860809,0.322169,0.391185,-0.046795
0.860258,0.322695,0.391901,-0.047312
0.859706,0.323219,0.392616,-0.047829
0.859154,0.323742,0.393329,-0.048349
0.858601,0.324263,0.394042,-0.048870
0.858047,0.324783,0.394754,-0.049392
0.857493,0.325302,0.395465,-0.049916
0.856938,0.325820,0.396175,-0.050441
0.856382,0.326336,0.396883,-0.050968
0.855826,0.326851,0.397591,-0.051496
0.855269,0.327365,0.398297,-0.052026
0.854711,0.327877,0.399003,-0.052557
0.854153,0.328388,0.399708,-0.053090
0.853594,0.328897,0.400411,-0.053624
0.853034,0.329406,0.401113,-0.054159
0.852473,0.329913,0.401815,-0.054697
0.851912,0.330418,0.402515,-0.055235
0.851351,0.330923,0.403214,-0.055775
0.850788,0.331425,0.403912,-0.056317
0.850225,0.331927,0.404609,-0.056860
0.849661,0.332427,0.405305,-0.057405
0.849097,0.332926,0.406000,-0.057951
0.848532,0.333424,0.406694,-0.058498
0.847967,0.333920,0.407386,-0.059047
0.847400,0.334415,0.408078,-0.059597
0.846833,0.334908,0.408769,-0.060149
0.846266,0.335401,0.409458,-0.060702
0.845698,0.335891,0.410146,-0.061257
0.845129,0.336381,0.410834,-0.061813
0.844559,0.336869,0.411520,-0.062371
0.843989,0.337356,0.412205,-0.062930
0.843419,0.337841,0.412889,-0.063491
0.842847,0.338326,0.413571,-0.064053
0.842276,0.338808,0.414253,-0.064616
0.841703,0.339290,0.414934,-0.065181
0.841130,0.339770,0.415613,-0.065747
0.840556,0.340249,0.416291,-0.066315
0.839982,0.340726,0.416968,-0.066884
0.839407,0.341202,0.417644,-0.067455
0.838832,0.341677,0.418319,-0.068027
0.838255,0.342150,0.418993,-0.068601
0.837679,0.342622,0.419666,-0.069176
0.837101,0.343092,0.420337,-0.069752
0.836524,0.343562,0.421008,-0.070330
0.835945,0.344030,0.421677,-0.070909
0.835366,0.344496,0.422345,-0.071490
0.834786,0.344961,0.423012,-0.072072
0.834206,0.345425,0.423677,-0.072655
0.833626,0.345888,0.424342,-0.073240
0.833044,0.346349,0.425005,-0.073826
0.832462,0.346808,0.425668,-0.074414
0.831880,0.347267,0.426329,-0.075003
0.831297,0.347724,0.426989,-0.075594
0.830713,0.348179,0.427647,-0.076186
0.830129,0.348634,0.428305,-0.076779
0.829545,0.349087,0.428961,-0.077374
0.828959,0.349538,0.429616,-0.077970
0.828374,0.349988,0.430270,-0.078567
0.827787,0.350437,0.430923,-0.079166
0.827200,0.350885,0.431575,-0.079767
0.826613,0.351331,0.432225,-0.080368
0.826025,0.351775,0.432874,-0.080971
0.825437,0.352219,0.433522,-0.081576
0.824848,0.352661,0.434169,-0.082182
0.824258,0.353101,0.434815,-0.082789
0.823668,0.353541,0.435459,-0.083398
0.823078,0.353979,0.436102,-0.084008
0.822486,0.354415,0.436744,-0.084619
0.821895,0.354850,0.437385,-0.085232
0.821303,0.355284,0.438025,-0.085846
0.820710,0.355716,0.438663,-0.086462
0.820117,0.356147,0.439300,-0.087078
0.819523,0.356577,0.439936,-0.087697
0.818929,0.357005,0.440570,-0.088316
0.818335,0.357432,0.441204,-0.088937
0.817740,0.357858,0.441836,-0.089560
0.817144,0.358282,0.442467,-0.090183
0.816548,0.358704,0.443096,-0.090808
0.815951,0.359126,0.443725,-0.091435
0.815354,0.359546,0.444352,-0.092062
0.814757,0.359964,0.444978,-0.092692
0.814159,0.360382,0.445603,-0.093322
0.813560,0.360798,0.446226,-0.093954
0.812961,0.361212,0.446848,-0.094587
0.812362,0.361625,0.447469,-0.095221
0.811762,0.362037,0.448089,-0.095857
0.811161,0.362447,0.448707,-0.096494
0.810561,0.362856,0.449324,-0.097133
0.809959,0.363264,0.449940,-0.097773
0.809358,0.363670,0.450554,-0.098414
0.808755,0.364075,0.451168,-0.099056
0.808153,0.364478,0.451780,-0.099700
0.807550,0.364880,0.452390,-0.100345
0.806946,0.365281,0.453000,-0.100991
0.806342,0.365680,0.453608,-0.101639
0.805738,0.366078,0.454214,-0.102288
0.805133,0.366474,0.454820,-0.102939
0.804528,0.366870,0.455424,-0.103590
0.803922,0.367263,0.456027,-0.104243
0.803316,0.367656,0.456629,-0.104897
0.802709,0.368047,0.457229,-0.105553
0.802102,0.368436,0.457828,-0.106210
0.801495,0.368824,0.458426,-0.106868
0.800887,0.369211,0.459022,-0.107528
0.800279,0.369596,0.459617,-0.108188
0.799670,0.369980,0.460211,-0.108850
0.799061,0.370363,0.460803,-0.109514
0.798451,0.370744,0.461394,-0.110178
0.797842,0.371124,0.461984,-0.110844
0.797231,0.371503,0.462572,-0.111512
0.796621,0.371880,0.463159,-0.112180
0.796010,0.372255,0.463745,-0.112850
0.795398,0.372630,0.464330,-0.113521
0.794786,0.373002,0.464913,-0.114193
0.794174,0.373374,0.465494,-0.114867
0.793562,0.373744,0.466075,-0.115542
0.792949,0.374113,0.466654,-0.116218
0.792335,0.374480,0.467231,-0.116895
0.791721,0.374846,0.467808,-0.117574
0.791107,0.375210,0.468383,-0.118254
0.790493,0.375574,0.468956,-0.118935
0.789878,0.375935,0.469528,-0.119617
0.789263,0.376296,0.470099,-0.120301
0.788647,0.376655,0.470669,-0.120986
0.788031,0.377012,0.471237,-0.121672
0.787415,0.377368,0.471804,-0.122359
0.786799,0.377723,0.472369,-0.123048
0.786182,0.378076,0.472933,-0.123738
0.785564,0.378428,0.473496,-0.124429
0.784947,0.378779,0.474057,-0.125121
0.784329,0.379128,0.474617,-0.125815
0.783710,0.379476,0.475175,-0.126510
0.783092,0.379822,0.475732,-0.127206
0.782473,0.380167,0.476288,-0.127903
0.781853,0.380511,0.476842,-0.128602
0.781234,0.380853,0.477395,-0.129301
0.780614,0.381194,0.477947,-0.130002
0.779993,0.381533,0.478497,-0.130704
0.779373,0.381871,0.479045,-0.131408
0.778752,0.382208,0.479593,-0.132112
0.778131,0.382543,0.480138,-0.132818
0.777509,0.382877,0.480683,-0.133525
0.776887,0.383209,0.481226,-0.134233
0.776265,0.383540,0.481768,-0.134943
0.775643,0.383870,0.482308,-0.135653
0.775020,0.384198,0.482846,-0.136365
0.774397,0.384524,0.483384,-0.137078
0.773774,0.384850,0.483920,-0.137792
0.773150,0.385174,0.484454,-0.138507
0.772526,0.385496,0.484987,-0.139224
0.771902,0.385818,0.485519,-0.139942
0.771278,0.386137,0.486049,-0.140660
0.770653,0.386456,0.486578,-0.141381
0.770028,0.386773,0.487105,-0.142102
0.769402,0.387088,0.487631,-0.142824
0.768777,0.387403,0.488155,-0.143548
0.768151,0.387715,0.488678,-0.144272
0.767525,0.388027,0.489199,-0.144998
0.766899,0.388337,0.489719,-0.145725
0.766272,0.388645,0.490238,-0.146454
0.765645,0.388953,0.490755,-0.147183
0.765018,0.389258,0.491271,-0.147913
0.764391,0.389563,0.491785,-0.148645
0.763763,0.389866,0.492298,-0.149378
0.763135,0.390167,0.492809,-0.150112
0.762507,0.390467,0.493318,-0.150847
0.761879,0.390766,0.493827,-0.151583
0.761250,0.391064,0.494334,-0.152321
0.760622,0.391360,0.494839,-0.153059
0.759993,0.391654,0.495343,-0.153799
0.759363,0.391947,0.495845,-0.154540
0.758734,0.392239,0.496346,-0.155281
0.758104,0.392529,0.496845,-0.156024
0.757474,0.392818,0.497343,-0.156769
0.756844,0.393106,0.497839,-0.157514
0.756214,0.393392,0.498334,-0.158260
0.755583,0.393677,0.498828,-0.159008
0.754952,0.393960,0.499320,-0.159756
0.754322,0.394242,0.499810,-0.160506
0.753690,0.394523,0.500299,-0.161257
0.753059,0.394802,0.500786,-0.162009
0.752427,0.395080,0.501272,-0.162762
0.751796,0.395356,0.501756,-0.163516
0.751164,0.395631,0.502239,-0.164271
0.750532,0.395905,0.502720,-0.165027
0.749899,0.396177,0.503200,-0.165785
0.749267,0.396448,0.503678,-0.166543
0.748634,0.396717,0.504155,-0.167303
0.748001,0.396985,0.504630,-0.168063
0.747368,0.397251,0.505104,-0.168825
0.746735,0.397517,0.505576,-0.169588
0.746102,0.397780,0.506047,-0.170352
0.745468,0.398043,0.506516,-0.171117
0.744835,0.398304,0.506983,-0.171883
0.744201,0.398563,0.507449,-0.172650
0.743567,0.398821,0.507914,-0.173418
0.742933,0.399078,0.508376,-0.174187
0.742298,0.399334,0.508838,-0.174957
0.741664,0.399588,0.509298,-0.175728
0.741029,0.399840,0.509756,-0.176501
0.740395,0.400091,0.510212,-0.177274
0.739760,0.400341,0.510668,-0.178049
0.739125,0.400589,0.511121,-0.178824
0.738490,0.400836,0.511573,-0.179600
0.737854,0.401082,0.512023,-0.180378
0.737219,0.401326,0.512472,-0.181157
0.736583,0.401569,0.512920,-0.181936
0.735948,0.401810,0.513365,-0.182717
0.735312,0.402050,0.513809,-0.183498
0.734676,0.402289,0.514252,-0.184281
0.734040,0.402526,0.514693,-0.185065
0.733404,0.402762,0.515132,-0.185849
0.732768,0.402996,0.515570,-0.186635
0.732131,0.403229,0.516007,-0.187422
0.731495,0.403461,0.516441,-0.188210
0.730858,0.403691,0.516874,-0.188998
0.730222,0.403920,0.517306,-0.189788
0.729585,0.404147,0.517736,-0.190579
0.728948,0.404374,0.518164,-0.191370
0.728311,0.404598,0.518591,-0.192163
0.727674,0.404821,0.519016,-0.192957
0.727037,0.405043,0.519439,-0.193751
0.726400,0.405264,0.519861,-0.194547
0.725763,0.405483,0.520281,-0.195344
0.725126,0.405701,0.520700,-0.196141
0.724488,0.405917,0.521117,-0.196940
0.723851,0.406132,0.521533,-0.197740
0.723213,0.406345,0.521946,-0.198540
0.722576,0.406557,0.522359,-0.199342
0.721938,0.406768,0.522769,-0.200144
0.721300,0.406977,0.523178,-0.200948
0.720663,0.407185,0.523586,-0.201752
0.720025,0.407392,0.523991,-0.202557
0.719387,0.407597,0.524395,-0.203364
0.718749,0.407801,0.524798,-0.204171
0.718111,0.408003,0.525199,-0.204979
0.717473,0.408204,0.525598,-0.205788
0.716835,0.408404,0.525995,-0.206598
0.716197,0.408602,0.526391,-0.207409
0.715559,0.408799,0.526786,-0.208221
0.714921,0.408994,0.527178,-0.209034
0.714282,0.409188,0.527569,-0.209848
0.713644,0.409381,0.527959,-0.210662
0.713006,0.409572,0.528346,-0.211478
0.712368,0.409762,0.528733,-0.212295
0.711729,0.409951,0.529117,-0.213112
0.711091,0.410138,0.529500,-0.213930
0.710453,0.410324,0.529881,-0.214750
0.709815,0.410508,0.530260,-0.215570
0.709176,0.410691,0.530638,-0.216391
0.708538,0.410873,0.531014,-0.217213
0.707900,0.411053,0.531389,-0.218036
0.707261,0.411232,0.531762,-0.218860
0.706623,0.411409,0.532133,-0.219684
0.705985,0.411585,0.532502,-0.220510
0.705346,0.411760,0.532870,-0.221336
0.704708,0.411933,0.533236,-0.222164
0.704070,0.412105,0.533601,-0.222992
0.703432,0.412276,0.533963,-0.223821
0.702793,0.412445,0.534324,-0.224651
0.702155,0.412613,0.534684,-0.225482
0.701517,0.412779,0.535042,-0.226313
0.700879,0.412944,0.535398,-0.227146
0.700241,0.413108,0.535752,-0.227979
0.699603,0.413270,0.536105,-0.228814
0.698965,0.413431,0.536456,-0.229649
0.698327,0.413591,0.536805,-0.230485
0.697689,0.413749,0.537153,-0.231322
0.697051,0.413906,0.537498,-0.232159
0.696413,0.414061,0.537843,-0.232998
0.695775,0.414215,0.538185,-0.233837
0.695137,0.414368,0.538526,-0.234677
0.694500,0.414519,0.538865,-0.235518
0.693862,0.414669,0.539202,-0.236360
0.693224,0.414817,0.539538,-0.237203
0.692587,0.414965,0.539872,-0.238046
0.691949,0.415111,0.540204,-0.238891
0.691312,0.415255,0.540535,-0.239736
0.690675,0.415398,0.540864,-0.240582
0.690037,0.415540,0.541191,-0.241428
0.689400,0.415680,0.541516,-0.242276
0.688763,0.415819,0.541840,-0.243124
0.688126,0.415957,0.542162,-0.243974
0.687489,0.416093,0.542482,-0.244823
0.686852,0.416228,0.542801,-0.245674
0.686215,0.416361,0.543117,-0.246526
0.685579,0.416494,0.543432,-0.247378
0.684942,0.416624,0.543746,-0.248231
0.684306,0.416754,0.544057,-0.249085
0.683669,0.416882,0.544367,-0.249940
0.683033,0.417009,0.544675,-0.250795
0.682397,0.417134,0.544982,-0.251651
0.681761,0.417258,0.545286,-0.252508
0.681125,0.417381,0.545589,-0.253366
0.680489,0.417502,0.545890,-0.254225
0.679854,0.417622,0.546190,-0.255084
0.679218,0.417740,0.546488,-0.255944
0.678582,0.417858,0.546783,-0.256805
0.677947,0.417974,0.547078,-0.257666
0.677312,0.418088,0.547370,-0.258529
0.676677,0.418201,0.547661,-0.259392
0.676042,0.418313,0.547950,-0.260255
0.675407,0.418423,0.548237,-0.261120
0.674772,0.418533,0.548522,-0.261985
0.674138,0.418640,0.548806,-0.262851
0.673503,0.418747,0.549088,-0.263718
0.672869,0.418852,0.549368,-0.264585
0.672235,0.418955,0.549646,-0.265453
0.671601,0.419058,0.549923,-0.266322
0.670967,0.419159,0.550198,-0.267192
0.670334,0.419258,0.550471,-0.268062
0.669700,0.419357,0.550742,-0.268933
0.669067,0.419454,0.551011,-0.269805
0.668434,0.419549,0.551279,-0.270677
0.667801,0.419644,0.551545,-0.271550
0.667168,0.419737,0.551809,-0.272424
0.666535,0.419828,0.552072,-0.273298
0.665903,0.419918,0.552332,-0.274173
0.665271,0.420007,0.552591,-0.275049
0.664638,0.420095,0.552848,-0.275926
0.664007,0.420181,0.553103,-0.276803
0.663375,0.420266,0.553357,-0.277681
0.662743,0.420350,0.553608,-0.278559
0.662112,0.420432,0.553858,-0.279438
0.661481,0.420513,0.554106,-0.280318
0.660850,0.420592,0.554353,-0.281199
0.660219,0.420671,0.554597,-0.282080
0.659588,0.420747,0.554840,-0.282962
0.658958,0.420823,0.555081,-0.283844
0.658328,0.420897,0.555320,-0.284727
0.657698,0.420970,0.555557,-0.285611
0.657068,0.421042,0.555793,-0.286496
0.656439,0.421112,0.556026,-0.287381
0.655809,0.421181,0.556258,-0.288266
0.655180,0.421248,0.556488,-0.289153
0.654551,0.421315,0.556717,-0.290040
0.653923,0.421380,0.556943,-0.290927
0.653294,0.421443,0.557168,-0.291815
0.652666,0.421506,0.557391,-0.292704
0.652038,0.421567,0.557612,-0.293594
0.651410,0.421626,0.557831,-0.294484
0.650783,0.421685,0.558048,-0.295374
0.650155,0.421742,0.558264,-0.296265
0.649528,0.421797,0.558478,-0.297157
0.648902,0.421852,0.558690,-0.298050
0.648275,0.421905,0.558900,-0.298943
0.647649,0.421956,0.559108,-0.299836
0.647023,0.422007,0.559315,-0.300731
0.646397,0.422056,0.559519,-0.301625
0.645772,0.422104,0.559722,-0.302521
0.645146,0.422150,0.559923,-0.303417
0.644521,0.422195,0.560122,-0.304313
0.643897,0.422239,0.560319,-0.305210
0.643272,0.422282,0.560515,-0.306108
0.642648,0.422323,0.560709,-0.307006
0.642024,0.422363,0.560900,-0.307905
0.641400,0.422402,0.561090,-0.308804
0.640777,0.422439,0.561279,-0.309704
0.640154,0.422475,0.561465,-0.310605
0.639531,0.422510,0.561649,-0.311506
0.638908,0.422543,0.561832,-0.312407
0.638286,0.422575,0.562013,-0.313309
0.637664,0.422606,0.562192,-0.314212
0.637043,0.422636,0.562369,-0.315115
0.636421,0.422664,0.562544,-0.316019
0.635800,0.422691,0.562717,-0.316923
0.635179,0.422717,0.562889,-0.317827
0.634559,0.422741,0.563058,-0.318733
0.633939,0.422764,0.563226,-0.319638
0.633319,0.422786,0.563392,-0.320545
0.632699,0.422806,0.563556,-0.321451
0.632080,0.422825,0.563718,-0.322359
0.631461,0.422843,0.563879,-0.323266
0.630842,0.422860,0.564037,-0.324175
0.630224,0.422875,0.564194,-0.325083
0.629606,0.422889,0.564349,-0.325993
0.628989,0.422902,0.564502,-0.326902
0.628371,0.422913,0.564653,-0.327813
0.627754,0.422923,0.564802,-0.328723
0.627138,0.422932,0.564949,-0.329634
0.626521,0.422940,0.565095,-0.330546
0.625905,0.422946,0.565238,-0.331458
0.625290,0.422951,0.565380,-0.332371
0.624674,0.422955,0.565520,-0.333284
0.624059,0.422958,0.565658,-0.334197
0.623445,0.422959,0.565794,-0.335111
0.622830,0.422959,0.565928,-0.336026
0.622216,0.422957,0.566061,-0.336941
0.621603,0.422955,0.566191,-0.337856
0.620990,0.422951,0.566320,-0.338772
0.620377,0.422946,0.566446,-0.339688
0.619764,0.422939,0.566571,-0.340604
0.619152,0.422932,0.566694,-0.341521
0.618540,0.422923,0.566815,-0.342439
0.617929,0.422913,0.566934,-0.343357
0.617318,0.422901,0.567052,-0.344275
0.616707,0.422888,0.567167,-0.345194
0.616097,0.422874,0.567281,-0.346113
0.615487,0.422859,0.567392,-0.347033
0.614878,0.422843,0.567502,-0.347952
0.614268,0.422825,0.567610,-0.348873
0.613660,0.422806,0.567716,-0.349794
0.613051,0.422786,0.567820,-0.350715
0.612443,0.422764,0.567922,-0.351636
0.611836,0.422741,0.568022,-0.352558
0.611229,0.422717,0.568121,-0.353481
0.610622,0.422692,0.568217,-0.354403
0.610015,0.422665,0.568312,-0.355326
0.609409,0.422638,0.568405,-0.356250
0.608804,0.422609,0.568495,-0.357174
0.608199,0.422578,0.568584,-0.358098
0.607594,0.422547,0.568671,-0.359022
0.606989,0.422514,0.568756,-0.359947
0.606385,0.422480,0.568839,-0.360873
0.605782,0.422445,0.568921,-0.361798
0.605179,0.422408,0.569000,-0.362724
0.604576,0.422371,0.569078,-0.363650
0.603974,0.422332,0.569153,-0.364577
0.603372,0.422291,0.569227,-0.365504
0.602770,0.422250,0.569298,-0.366431
0.602169,0.422207,0.569368,-0.367359
0.601569,0.422164,0.569436,-0.368287
0.600969,0.422118,0.569502,-0.369215
0.600369,0.422072,0.569566,-0.370144
0.599770,0.422024,0.569628,-0.371073
0.599171,0.421976,0.569689,-0.372002
0.598572,0.421926,0.569747,-0.372932
0.597974,0.421874,0.569803,-0.373862
0.597377,0.421822,0.569858,-0.374792
0.596780,0.421768,0.569911,-0.375722
0.596183,0.421713,0.569961,-0.376653
0.595587,0.421657,0.570010,-0.377584
0.594992,0.421600,0.570057,-0.378516
0.594396,0.421541,0.570102,-0.379447
0.593802,0.421481,0.570145,-0.380379
0.593207,0.421420,0.570186,-0.381311
0.592613,0.421358,0.570225,-0.382244
0.592020,0.421295,0.570262,-0.383176
0.591427,0.421230,0.570297,-0.384109
0.590835,0.421164,0.570331,-0.385043
0.590243,0.421097,0.570362,-0.385976
0.589651,0.421029,0.570392,-0.386910
0.589060,0.420960,0.570419,-0.387844
0.588470,0.420889,0.570445,-0.388778
0.587880,0.420817,0.570468,-0.389713
0.587290,0.420744,0.570490,-0.390648
0.586701,0.420670,0.570510,-0.391583
0.586113,0.420594,0.570528,-0.392518
0.585524,0.420518,0.570544,-0.393453
0.584937,0.420440,0.570558,-0.394389
0.584350,0.420361,0.570570,-0.395325
0.583763,0.420281,0.570580,-0.396261
0.583177,0.420199,0.570588,-0.397197
0.582592,0.420117,0.570595,-0.398134
0.582007,0.420033,0.570599,-0.399071
0.581422,0.419948,0.570602,-0.400008
0.580838,0.419862,0.570602,-0.400945
0.580254,0.419774,0.570601,-0.401882
0.579671,0.419686,0.570597,-0.402820
0.579089,0.419596,0.570592,-0.403758
0.578507,0.419505,0.570584,-0.404696
0.577925,0.419413,0.570575,-0.405634
0.577344,0.419320,0.570564,-0.406572
0.576764,0.419226,0.570551,-0.407510
0.576184,0.419130,0.570536,-0.408449
0.575605,0.419033,0.570519,-0.409388
0.575026,0.418935,0.570500,-0.410327
0.574448,0.418836,0.570479,-0.411266
0.573870,0.418736,0.570456,-0.412205
0.573293,0.418635,0.570431,-0.413145
0.572716,0.418532,0.570405,-0.414084
0.572140,0.418428,0.570376,-0.415024
0.571564,0.418323,0.570345,-0.415964
0.570989,0.418217,0.570313,-0.416904
0.570415,0.418110,0.570278,-0.417844
0.569841,0.418002,0.570242,-0.418784
0.569267,0.417892,0.570203,-0.419725
0.568695,0.417782,0.570163,-0.420665
0.568122,0.417670,0.570120,-0.421606
0.567551,0.417557,0.570076,-0.422547
0.566980,0.417443,0.570030,-0.423488
0.566409,0.417327,0.569982,-0.424429
0.565839,0.417211,0.569931,-0.425370
0.565269,0.417093,0.569879,-0.426311
0.564701,0.416975,0.569825,-0.427252
0.564132,0.416855,0.569769,-0.428194
0.563565,0.416734,0.569711,-0.429135
0.562997,0.416612,0.569651,-0.430077
0.562431,0.416489,0.569589,-0.431018
0.561865,0.416364,0.569526,-0.431960
0.561299,0.416239,0.569460,-0.432902
0.560735,0.416112,0.569392,-0.433844
0.560170,0.415984,0.569322,-0.434786
0.559607,0.415855,0.569250,-0.435728
0.559044,0.415725,0.569177,-0.436670
0.558481,0.415594,0.569101,-0.437612
0.557919,0.415462,0.569024,-0.438554
0.557358,0.415329,0.568944,-0.439496
0.556797,0.415194,0.568863,-0.440438
0.556237,0.415058,0.568779,-0.441381
0.555678,0.414922,0.568694,-0.442323
0.555119,0.414784,0.568606,-0.443265
0.554561,0.414645,0.568517,-0.444208
0.554003,0.414505,0.568426,-0.445150
0.553446,0.414363,0.568332,-0.446093
0.552890,0.414221,0.568237,-0.447035
0.552334,0.414078,0.568140,-0.447978
0.551779,0.413933,0.568041,-0.448920
0.551224,0.413788,0.567939,-0.449863
0.550670,0.413641,0.567836,-0.450805
0.550117,0.413493,0.567731,-0.451748
0.549564,0.413344,0.567624,-0.452690
0.549012,0.413194,0.567515,-0.453633
0.548461,0.413043,0.567404,-0.454575
0.547910,0.412891,0.567291,-0.455518
0.547360,0.412737,0.567176,-0.456460
0.546810,0.412583,0.567060,-0.457403
0.546261,0.412428,0.566941,-0.458345
0.545713,0.412271,0.566820,-0.459287
0.545166,0.412113,0.566697,-0.460230
0.544619,0.411955,0.566572,-0.461172
0.544072,0.411795,0.566446,-0.462114
0.543527,0.411634,0.566317,-0.463057
0.542982,0.411472,0.566186,-0.463999
0.542437,0.411309,0.566054,-0.464941
0.541894,0.411145,0.565919,-0.465883
0.541351,0.410979,0.565783,-0.466825
0.540808,0.410813,0.565644,-0.467767
0.540266,0.410646,0.565504,-0.468709
0.539725,0.410477,0.565361,-0.469651
0.539185,0.410308,0.565217,-0.470592
0.538645,0.410137,0.565070,-0.471534
0.538106,0.409966,0.564922,-0.472476
0.537568,0.409793,0.564771,-0.473417
0.537030,0.409619,0.564619,-0.474359
0.536493,0.409445,0.564465,-0.475300
0.535956,0.409269,0.564309,-0.476241
0.535421,0.409092,0.564150,-0.477182
0.534886,0.408914,0.563990,-0.478123
0.534351,0.408735,0.563828,-0.479064
0.533818,0.408555,0.563664,-0.480005
0.533285,0.408374,0.563498,-0.480946
0.532752,0.408192,0.563330,-0.481886
0.532221,0.408008,0.563160,-0.482826
0.531690,0.407824,0.562988,-0.483767
0.531160,0.407639,0.562814,-0.484707
0.530630,0.407453,0.562638,-0.485647
0.530101,0.407265,0.562460,-0.486587
0.529573,0.407077,0.562280,-0.487527
0.529046,0.406888,0.562098,-0.488466
0.528519,0.406697,0.561914,-0.489406
0.527993,0.406506,0.561728,-0.490345
0.527468,0.406313,0.561540,-0.491284
0.526943,0.406120,0.561350,-0.492223
0.526419,0.405925,0.561159,-0.493162
0.525896,0.405729,0.560965,-0.494101
0.525373,0.405533,0.560769,-0.495039
0.524852,0.405335,0.560572,-0.495977
0.524331,0.405137,0.560372,-0.496916
0.523810,0.404937,0.560170,-0.497854
0.523291,0.404736,0.559967,-0.498791
0.522772,0.404535,0.559761,-0.499729
0.522253,0.404332,0.559554,-0.500666
0.521736,0.404128,0.559344,-0.501603
0.521219,0.403924,0.559133,-0.502540
0.520703,0.403718,0.558919,-0.503477
0.520188,0.403511,0.558704,-0.504414
0.519673,0.403303,0.558487,-0.505350
0.519160,0.403095,0.558267,-0.506286
0.518677,0.402876,0.558063,-0.507180
0.518224,0.402646,0.557875,-0.508030
0.517803,0.402406,0.557703,-0.508838
0.517412,0.402156,0.557547,-0.509604
0.517052,0.401896,0.557407,-0.510328
0.516721,0.401628,0.557282,-0.511011
0.516417,0.401354,0.557170,-0.511654
0.516140,0.401074,0.557072,-0.512260
0.515889,0.400790,0.556986,-0.512828
0.515663,0.400503,0.556912,-0.513360
0.515460,0.400213,0.556850,-0.513856
0.515281,0.399922,0.556799,-0.514318
0.515124,0.399630,0.556759,-0.514745
0.514989,0.399338,0.556729,-0.515139
0.514875,0.399047,0.556709,-0.515500
0.514782,0.398757,0.556699,-0.515829
0.514707,0.398470,0.556696,-0.516127
0.514651,0.398188,0.556700,-0.516397
0.514611,0.397912,0.556710,-0.516639
0.514587,0.397643,0.556724,-0.516854
0.514578,0.397382,0.556742,-0.517044
0.514583,0.397129,0.556764,-0.517211
0.514599,0.396882,0.556789,-0.517357
0.514627,0.396642,0.556816,-0.517485
0.514663,0.396408,0.556846,-0.517595
0.514709,0.396179,0.556878,-0.517690
0.514763,0.395955,0.556912,-0.517772
0.514823,0.395736,0.556948,-0.517841
0.514890,0.395521,0.556985,-0.517898
0.514962,0.395310,0.557024,-0.517946
0.515040,0.395103,0.557064,-0.517984
0.515122,0.394899,0.557105,-0.518014
0.515208,0.394698,0.557147,-0.518037
0.515297,0.394500,0.557190,-0.518052
0.515390,0.394305,0.557233,-0.518062
0.515485,0.394112,0.557277,-0.518066
0.515583,0.393922,0.557322,-0.518065
0.515683,0.393734,0.557367,-0.518060
0.515785,0.393548,0.557413,-0.518051
0.515889,0.393364,0.557458,-0.518038
0.515994,0.393182,0.557504,-0.518022
0.516101,0.393002,0.557551,-0.518003
0.516208,0.392824,0.557597,-0.517981
0.516316,0.392647,0.557643,-0.517957
0.516426,0.392472,0.557690,-0.517931
0.516536,0.392298,0.557736,-0.517903
0.516646,0.392126,0.557783,-0.517873
0.516757,0.391955,0.557829,-0.517842
0.516868,0.391785,0.557876,-0.517810
0.516979,0.391617,0.557922,-0.517776
0.517091,0.391450,0.557968,-0.517741
0.517203,0.391284,0.558014,-0.517705
0.517314,0.391119,0.558060,-0.517669
0.517426,0.390955,0.558106,-0.517631
0.517538,0.390793,0.558151,-0.517593
0.517649,0.390631,0.558196,-0.517555
0.517761,0.390471,0.558241,-0.517516
0.517872,0.390311,0.558286,-0.517476
0.517983,0.390153,0.558331,-0.517437
0.518094,0.389996,0.558375,-0.517396
0.518204,0.389839,0.558420,-0.517356
0.518314,0.389684,0.558464,-0.517315
0.518424,0.389529,0.558507,-0.517275
0.518534,0.389375,0.558551,-0.517234
0.518643,0.389222,0.558594,-0.517193
0.518752,0.389070,0.558637,-0.517151
0.518860,0.388919,0.558679,-0.517110
0.518968,0.388769,0.558722,-0.517069
0.519076,0.388620,0.558764,-0.517028
0.519183,0.388471,0.558806,-0.516987
0.519290,0.388324,0.558847,-0.516945
0.519396,0.388177,0.558889,-0.516904
0.519502,0.388031,0.558930,-0.516863
0.519608,0.387885,0.558971,-0.516822
0.519713,0.387741,0.559011,-0.516781
0.519817,0.387597,0.559051,-0.516740
0.519921,0.387454,0.559091,-0.516699
0.520025,0.387312,0.559131,-0.516659
0.520128,0.387171,0.559170,-0.516618
0.520231,0.387030,0.559209,-0.516578
0.520333,0.386890,0.559248,-0.516537
0.520435,0.386751,0.559287,-0.516497
0.520536,0.386613,0.559325,-0.516457
0.520637,0.386475,0.559363,-0.516417
0.520737,0.386338,0.559401,-0.516377
0.520837,0.386202,0.559439,-0.516338
0.520937,0.386067,0.559476,-0.516298
0.521036,0.385932,0.559513,-0.516259
0.521134,0.385798,0.559550,-0.516220
0.521232,0.385665,0.559587,-0.516181
0.521330,0.385532,0.559623,-0.516142
0.521427,0.385400,0.559659,-0.516103
0.521524,0.385269,0.559695,-0.516064
0.521620,0.385139,0.559730,-0.516026
0.521716,0.385009,0.559765,-0.515988
0.521811,0.384880,0.559800,-0.515950
0.521906,0.384752,0.559835,-0.515912
0.522000,0.384624,0.559870,-0.515874
0.522094,0.384497,0.559904,-0.515837
0.522187,0.384370,0.559938,-0.515799
0.522280,0.384245,0.559972,-0.515762
0.522373,0.384120,0.560006,-0.515725
0.522465,0.383995,0.560039,-0.515688
0.522557,0.383872,0.560072,-0.515651
0.522648,0.383749,0.560105,-0.515615
0.522739,0.383626,0.560138,-0.515578
0.522829,0.383504,0.560170,-0.515542
0.522919,0.383383,0.560202,-0.515506
0.523008,0.383263,0.560235,-0.515470
0.523097,0.383143,0.560266,-0.515434
0.523186,0.383024,0.560298,-0.515399
0.523274,0.382905,0.560329,-0.515363
0.523361,0.382787,0.560360,-0.515328
0.523449,0.382670,0.560391,-0.515293
0.523535,0.382553,0.560422,-0.515258
0.523622,0.382437,0.560452,-0.515223
0.523708,0.382321,0.560483,-0.515189
0.523793,0.382207,0.560513,-0.515154
0.523878,0.382092,0.560543,-0.515120
0.523963,0.381979,0.560572,-0.515086
0.524047,0.381865,0.560602,-0.515052
0.524131,0.381753,0.560631,-0.515018
0.524215,0.381641,0.560660,-0.514985
0.524298,0.381530,0.560689,-0.514951
0.524380,0.381419,0.560718,-0.514918
0.524463,0.381309,0.560746,-0.514885
0.524544,0.381199,0.560774,-0.514852
0.524626,0.381090,0.560802,-0.514819
0.524707,0.380982,0.560830,-0.514786
0.524787,0.380874,0.560858,-0.514754
0.524868,0.380767,0.560886,-0.514721
0.524947,0.380660,0.560913,-0.514689
0.525027,0.380554,0.560940,-0.514657
0.525106,0.380449,0.560967,-0.514625
0.525185,0.380344,0.560994,-0.514593
0.525263,0.380239,0.561020,-0.514561
0.525341,0.380135,0.561047,-0.514530
0.525418,0.380032,0.561073,-0.514499
0.525495,0.379929,0.561099,-0.514467
0.525572,0.379827,0.561125,-0.514436
0.525648,0.379725,0.561151,-0.514406
0.525724,0.379624,0.561176,-0.514375
0.525800,0.379523,0.561201,-0.514344
0.525875,0.379423,0.561227,-0.514314
0.525950,0.379323,0.561252,-0.514283
0.526024,0.379224,0.561276,-0.514253
0.526098,0.379126,0.561301,-0.514223
0.526172,0.379028,0.561326,-0.514193
0.526245,0.378930,0.561350,-0.514164
0.526318,0.378833,0.561374,-0.514134
0.526391,0.378737,0.561398,-0.514105
0.526463,0.378641,0.561422,-0.514075
0.526535,0.378545,0.561446,-0.514046
0.526606,0.378450,0.561469,-0.514017
0.526677,0.378356,0.561493,-0.513988
0.526748,0.378262,0.561516,-0.513959
0.526819,0.378168,0.561539,-0.513931
0.526889,0.378075,0.561562,-0.513902
0.526958,0.377983,0.561585,-0.513874
0.527028,0.377891,0.561607,-0.513846
0.527097,0.377799,0.561630,-0.513818
0.527166,0.377708,0.561652,-0.513790
0.527234,0.377618,0.561674,-0.513762
0.527302,0.377528,0.561696,-0.513734
0.527370,0.377438,0.561718,-0.513707
0.527437,0.377349,0.561740,-0.513679
0.527504,0.377260,0.561761,-0.513652
0.527571,0.377172,0.561783,-0.513625
0.527637,0.377084,0.561804,-0.513598
0.527703,0.376997,0.561825,-0.513571
0.527769,0.376910,0.561846,-0.513544
0.527834,0.376824,0.561867,-0.513518
0.527899,0.376738,0.561888,-0.513491
0.527964,0.376652,0.561909,-0.513465
0.528028,0.376567,0.561929,-0.513439
0.528092,0.376483,0.561949,-0.513413
0.528156,0.376399,0.561970,-0.513387
0.528219,0.376315,0.561990,-0.513361
0.528282,0.376232,0.562010,-0.513335
0.528345,0.376149,0.562029,-0.513309
0.528407,0.376067,0.562049,-0.513284
0.528469,0.375985,0.562069,-0.513258
0.528531,0.375903,0.562088,-0.513233
0.528593,0.375822,0.562107,-0.513208
0.528654,0.375742,0.562127,-0.513183
0.528715,0.375662,0.562146,-0.513158
0.528775,0.375582,0.562164,-0.513133
0.528836,0.375502,0.562183,-0.513109
0.528896,0.375423,0.562202,-0.513084
0.528955,0.375345,0.562221,-0.513060
0.529015,0.375267,0.562239,-0.513036
0.529074,0.375189,0.562257,-0.513012
0.529133,0.375112,0.562275,-0.512987
0.529191,0.375035,0.562294,-0.512964
0.529249,0.374959,0.562312,-0.512940
0.529307,0.374882,0.562329,-0.512916
0.529365,0.374807,0.562347,-0.512892
0.529422,0.374732,0.562365,-0.512869
0.529479,0.374657,0.562382,-0.512846
0.529536,0.374582,0.562400,-0.512822
0.529592,0.374508,0.562417,-0.512799
0.529648,0.374434,0.562434,-0.512776
0.529704,0.374361,0.562451,-0.512753
0.529760,0.374288,0.562468,-0.512731
0.529815,0.374216,0.562485,-0.512708
0.529870,0.374144,0.562502,-0.512685
0.529925,0.374072,0.562518,-0.512663
0.529979,0.374000,0.562535,-0.512641
0.530033,0.373929,0.562551,-0.512618
0.530087,0.373859,0.562568,-0.512596
0.530141,0.373789,0.562584,-0.512574
0.530194,0.373719,0.562600,-0.512552
0.530247,0.373649,0.562616,-0.512530
0.530300,0.373580,0.562632,-0.512509
0.530353,0.373511,0.562647,-0.512487
0.530405,0.373443,0.562663,-0.512466
0.530457,0.373375,0.562679,-0.512444
0.530509,0.373307,0.562694,-0.512423
0.530560,0.373240,0.562710,-0.512402
0.530612,0.373173,0.562725,-0.512381
0.530663,0.373106,0.562740,-0.512360
0.530713,0.373040,0.562755,-0.512339
0.530764,0.372974,0.562770,-0.512318
0.530814,0.372908,0.562785,-0.512298
0.530864,0.372843,0.562800,-0.512277
0.530914,0.372778,0.562815,-0.512257
0.530963,0.372713,0.562829,-0.512236
0.531012,0.372649,0.562844,-0.512216
0.531061,0.372585,0.562858,-0.512196
0.531110,0.372522,0.562873,-0.512176
0.531158,0.372459,0.562887,-0.512156
0.531207,0.372396,0.562901,-0.512136
0.531255,0.372333,0.562915,-0.512116
0.531302,0.372271,0.562929,-0.512097
0.531350,0.372209,0.562943,-0.512077
0.531397,0.372147,0.562957,-0.512058
0.531444,0.372086,0.562971,-0.512038
0.531491,0.372025,0.562984,-0.512019
0.531537,0.371965,0.562998,-0.512000
0.531584,0.371904,0.563011,-0.511981
0.531630,0.371845,0.563025,-0.511962
0.531675,0.371785,0.563038,-0.511943
0.531721,0.371726,0.563051,-0.511924
0.531766,0.371667,0.563064,-0.511905
0.531811,0.371608,0.563078,-0.511887
0.531856,0.371549,0.563091,-0.511868
0.531901,0.371491,0.563103,-0.511850
0.531945,0.371434,0.563116,-0.511831
0.531990,0.371376,0.563129,-0.511813
0.532034,0.371319,0.563142,-0.511795
0.532077,0.371262,0.563154,-0.511777
0.532121,0.371206,0.563167,-0.511759
0.532164,0.371149,0.563179,-0.511741
0.532207,0.371093,0.563192,-0.511723
0.532250,0.371038,0.563204,-0.511705
0.532293,0.370982,0.563216,-0.511688
0.532335,0.370927,0.563228,-0.511670
0.532377,0.370872,0.563240,-0.511653
0.532419,0.370818,0.563252,-0.511635
0.532461,0.370764,0.563264,-0.511618
0.532503,0.370710,0.563276,-0.511601
0.532544,0.370656,0.563288,-0.511584
0.532585,0.370603,0.563299,-0.511567
0.532626,0.370550,0.563311,-0.511550
0.532667,0.370497,0.563322,-0.511533
0.532707,0.370444,0.563334,-0.511516
0.532748,0.370392,0.563345,-0.511500
0.532788,0.370340,0.563357,-0.511483
0.532828,0.370288,0.563368,-0.511466
0.532867,0.370237,0.563379,-0.511450
0.532907,0.370186,0.563390,-0.511434
0.532946,0.370135,0.563401,-0.511417
0.532985,0.370084,0.563412,-0.511401
0.533024,0.370034,0.563423,-0.511385
0.533063,0.369984,0.563434,-0.511369
0.533101,0.369934,0.563445,-0.511353
0.533140,0.369884,0.563456,-0.511337
0.533178,0.369835,0.563466,-0.511321
0.533216,0.369786,0.563477,-0.511306
0.533253,0.369737,0.563487,-0.511290
0.533291,0.369689,0.563498,-0.511274
0.533328,0.369640,0.563508,-0.511259
0.533365,0.369592,0.563518,-0.511244
0.533402,0.369545,0.563529,-0.511228
0.533439,0.369497,0.563539,-0.511213
0.533476,0.369450,0.563549,-0.511198
0.533512,0.369403,0.563559,-0.511183
0.533548,0.369356,0.563569,-0.511168
0.533584,0.369309,0.563579,-0.511153
0.533620,0.369263,0.563589,-0.511138
0.533656,0.369217,0.563599,-0.511123
0.533691,0.369171,0.563609,-0.511108
0.533726,0.369126,0.563618,-0.511094
0.533761,0.369080,0.563628,-0.511079
0.533796,0.369035,0.563638,-0.511065
0.533831,0.368991,0.563647,-0.511050
0.533866,0.368946,0.563657,-0.511036
0.533900,0.368902,0.563666,-0.511022
0.533934,0.368858,0.563675,-0.511007
0.533968,0.368814,0.563685,-0.510993
0.534002,0.368770,0.563694,-0.510979
0.534036,0.368727,0.563703,-0.510965
0.534069,0.368683,0.563712,-0.510951
0.534102,0.368640,0.563722,-0.510937
0.534136,0.368598,0.563731,-0.510924
0.534169,0.368555,0.563740,-0.510910
0.534201,0.368513,0.563748,-0.510896
0.534234,0.368471,0.563757,-0.510883
0.534267,0.368429,0.563766,-0.510869
0.534299,0.368387,0.563775,-0.510856
0.534331,0.368346,0.563784,-0.510842
0.534363,0.368305,0.563792,-0.510829
0.534395,0.368264,0.563801,-0.510816
0.534426,0.368223,0.563810,-0.510802
0.534458,0.368182,0.563818,-0.510789
0.534489,0.368142,0.563826,-0.510776
0.534520,0.368102,0.563835,-0.510763
0.534551,0.368062,0.563843,-0.510750
0.534582,0.368022,0.563852,-0.510738
0.534613,0.367983,0.563860,-0.510725
0.534643,0.367943,0.563868,-0.510712
0.534674,0.367904,0.563876,-0.510699
0.534704,0.367865,0.563884,-0.510687
0.534734,0.367827,0.563892,-0.510674
0.534764,0.367788,0.563900,-0.510662
0.534794,0.367750,0.563908,-0.510649
0.534823,0.367712,0.563916,-0.510637
0.534853,0.367674,0.563924,-0.510625
0.534882,0.367637,0.563932,-0.510613
0.534911,0.367599,0.563940,-0.510600
0.534940,0.367562,0.563948,-0.510588
0.534969,0.367525,0.563955,-0.510576
0.534998,0.367488,0.563963,-0.510564
0.535026,0.367451,0.563971,-0.510552
0.535055,0.367415,0.563978,-0.510541
0.535083,0.367378,0.563986,-0.510529
0.535111,0.367342,0.563993,-0.510517
0.535139,0.367306,0.564000,-0.510505
0.535167,0.367271,0.564008,-0.510494
0.535195,0.367235,0.564015,-0.510482
0.535222,0.367200,0.564022,-0.510471
0.535249,0.367165,0.564030,-0.510459
0.535277,0.367130,0.564037,-0.510448
0.535304,0.367095,0.564044,-0.510437
0.535331,0.367060,0.564051,-0.510425
0.535358,0.367026,0.564058,-0.510414
0.535384,0.366992,0.564065,-0.510403
0.535411,0.366958,0.564072,-0.510392
0.535437,0.366924,0.564079,-0.510381
0.535464,0.366890,0.564086,-0.510370
0.535490,0.366856,0.564093,-0.510359
0.535516,0.366823,0.564100,-0.510348
0.535542,0.366790,0.564107,-0.510337
0.535567,0.366757,0.564113,-0.510326
0.535593,0.366724,0.564120,-0.510316
0.535618,0.366691,0.564127,-0.510305
0.535644,0.366659,0.564134,-0.510294
0.535669,0.366627,0.564140,-0.510284
0.535694,0.366594,0.564147,-0.510273
0.535719,0.366562,0.564153,-0.510263
0.535744,0.366531,0.564160,-0.510253
0.535769,0.366499,0.564166,-0.510242
0.535793,0.366468,0.564173,-0.510232
0.535818,0.366436,0.564179,-0.510222
0.535842,0.366405,0.564185,-0.510212
0.535866,0.366374,0.564192,-0.510201
0.535890,0.366343,0.564198,-0.510191
0.535914,0.366313,0.564204,-0.510181
0.535938,0.366282,0.564210,-0.510171
0.535962,0.366252,0.564216,-0.510161
0.535985,0.366222,0.564222,-0.510152
0.536009,0.366192,0.564229,-0.510142
0.536032,0.366162,0.564235,-0.510132
0.536055,0.366132,0.564241,-0.510122
0.536078,0.366103,0.564247,-0.510113
0.536101,0.366073,0.564253,-0.510103
0.536124,0.366044,0.564258,-0.510093
0.536147,0.366015,0.564264,-0.510084
0.536169,0.365986,0.564270,-0.510074
0.536192,0.365957,0.564276,-0.510065
0.536214,0.365929,0.564282,-0.510056
0.536236,0.365900,0.564287,-0.510046
0.536259,0.365872,0.564293,-0.510037
0.536281,0.365844,0.564299,-0.510028
0.536303,0.365816,0.564305,-0.510019
0.536324,0.365788,0.564310,-0.510009
0.536346,0.365760,0.564316,-0.510000
0.536368,0.365732,0.564321,-0.509991
0.536389,0.365705,0.564327,-0.509982
0.536410,0.365678,0.564332,-0.509973
0.536432,0.365651,0.564338,-0.509964
0.536453,0.365624,0.564343,-0.509956
0.536474,0.365597,0.564348,-0.509947
0.536495,0.365570,0.564354,-0.509938
0.536516,0.365543,0.564359,-0.509929
0.536536,0.365517,0.564364,-0.509921
0.536557,0.365491,0.564370,-0.509912
0.536577,0.365464,0.564375,-0.509903
0.536598,0.365438,0.564380,-0.509895
0.536618,0.365413,0.564385,-0.509886
0.536638,0.365387,0.564390,-0.509878
0.536658,0.365361,0.564396,-0.509869
0.536678,0.365336,0.564401,-0.509861
0.536698,0.365310,0.564406,-0.509853
0.536718,0.365285,0.564411,-0.509844
0.536738,0.365260,0.564416,-0.509836
0.536757,0.365235,0.564421,-0.509828
0.536777,0.365210,0.564426,-0.509820
0.536796,0.365186,0.564431,-0.509812
0.536815,0.365161,0.564435,-0.509803
0.536834,0.365137,0.564440,-0.509795
0.536853,0.365112,0.564445,-0.509787
0.536872,0.365088,0.564450,-0.509779
0.536891,0.365064,0.564455,-0.509772
0.536910,0.365040,0.564459,-0.509764
0.536929,0.365016,0.564464,-0.509756
0.536947,0.364993,0.564469,-0.509748
0.536966,0.364969,0.564474,-0.509740
0.536984,0.364946,0.564478,-0.509733
0.537002,0.364922,0.564483,-0.509725
0.537020,0.364899,0.564487,-0.509717
0.537038,0.364876,0.564492,-0.509710
0.537056,0.364853,0.564496,-0.509702
0.537074,0.364831,0.564501,-0.509695
0.537092,0.364808,0.564505,-0.509687
0.537110,0.364785,0.564510,-0.509680
0.537127,0.364763,0.564514,-0.509672
0.537145,0.364740,0.564519,-0.509665
0.537162,0.364718,0.564523,-0.509658
0.537180,0.364696,0.564527,-0.509650
0.537197,0.364674,0.564532,-0.509643
0.537214,0.364652,0.564536,-0.509636
0.537231,0.364631,0.564540,-0.509629
0.537248,0.364609,0.564545,-0.509621
0.537265,0.364587,0.564549,-0.509614
0.537282,0.364566,0.564553,-0.509607
0.537299,0.364545,0.564557,-0.509600
0.537315,0.364524,0.564561,-0.509593
0.537332,0.364502,0.564566,-0.509586
0.537348,0.364482,0.564570,-0.509579
0.537365,0.364461,0.564574,-0.509572
0.537381,0.364440,0.564578,-0.509566
0.537397,0.364419,0.564582,-0.509559
0.537413,0.364399,0.564586,-0.509552
0.537429,0.364378,0.564590,-0.509545
0.537445,0.364358,0.564594,-0.509538
0.537461,0.364338,0.564598,-0.509532
0.537477,0.364318,0.564602,-0.509525
0.537493,0.364298,0.564606,-0.509519
0.537508,0.364278,0.564610,-0.509512
0.537524,0.364258,0.564613,-0.509505
0.537539,0.364238,0.564617,-0.509499
0.537555,0.364219,0.564621,-0.509492
0.537570,0.364199,0.564625,-0.509486
0.537585,0.364180,0.564629,-0.509480
0.537600,0.364161,0.564632,-0.509473
0.537616,0.364142,0.564636,-0.509467
0.537631,0.364122,0.564640,-0.509460
0.537645,0.364104,0.564644,-0.509454
0.537660,0.364085,0.564647,-0.509448
0.537675,0.364066,0.564651,-0.509442
0.537690,0.364047,0.564655,-0.509436
0.537704,0.364029,0.564658,-0.509429
0.537719,0.364010,0.564662,-0.509423
0.537733,0.363992,0.564665,-0.509417
0.537748,0.363974,0.564669,-0.509411
0.537762,0.363955,0.564672,-0.509405
0.537776,0.363937,0.564676,-0.509399
0.537790,0.363919,0.564679,-0.509393
0.537804,0.363901,0.564683,-0.509387
0.537818,0.363884,0.564686,-0.509381
0.537832,0.363866,0.564690,-0.509375
0.537846,0.363848,0.564693,-0.509370
0.537860,0.363831,0.564697,-0.509364
0.537874,0.363813,0.564700,-0.509358
0.537887,0.363796,0.564703,-0.509352
0.537901,0.363779,0.564707,-0.509346
0.537914,0.363762,0.564710,-0.509341
0.537928,0.363745,0.564713,-0.509335
0.537941,0.363728,0.564717,-0.509329
0.537955,0.363711,0.564720,-0.509324
0.537968,0.363694,0.564723,-0.509318
0.537981,0.363677,0.564726,-0.509313
0.537994,0.363661,0.564730,-0.509307
0.538007,0.363644,0.564733,-0.509302
0.538020,0.363628,0.564736,-0.509296
0.538033,0.363611,0.564739,-0.509291
0.538046,0.363595,0.564742,-0.509285
0.538058,0.363579,0.564745,-0.509280
0.538071,0.363563,0.564749,-0.509275
0.538084,0.363547,0.564752,-0.509269
0.538096,0.363531,0.564755,-0.509264
0.538109,0.363515,0.564758,-0.509259
0.538121,0.363499,0.564761,-0.509254
0.538134,0.363483,0.564764,-0.509248
0.538146,0.363468,0.564767,-0.509243
0.538158,0.363452,0.564770,-0.509238
0.538170,0.363437,0.564773,-0.509233
0.538182,0.363421,0.564776,-0.509228
0.538194,0.363406,0.564779,-0.509223
0.538206,0.363391,0.564782,-0.509218
0.538218,0.363376,0.564785,-0.509213
0.538230,0.363361,0.564787,-0.509208
0.538242,0.363346,0.564790,-0.509203
0.538254,0.363331,0.564793,-0.509198
0.538265,0.363316,0.564796,-0.509193
0.538277,0.363301,0.564799,-0.509188
0.538289,0.363287,0.564802,-0.509183
0.538300,0.363272,0.564804,-0.509178
0.538311,0.363258,0.564807,-0.509173
0.538323,0.363243,0.564810,-0.509168
0.538334,0.363229,0.564813,-0.509164
0.538345,0.363215,0.564815,-0.509159
0.538357,0.363201,0.564818,-0.509154
0.538368,0.363186,0.564821,-0.509150
0.538379,0.363172,0.564824,-0.509145
0.538390,0.363158,0.564826,-0.509140
0.538401,0.363145,0.564829,-0.509136
0.538412,0.363131,0.564832,-0.509131
0.538422,0.363117,0.564834,-0.509126
0.538433,0.363103,0.564837,-0.509122
0.538444,0.363090,0.564839,-0.509117
0.538455,0.363076,0.564842,-0.509113
0.538465,0.363063,0.564845,-0.509108
0.538476,0.363049,0.564847,-0.509104
0.538486,0.363036,0.564850,-0.509099
0.538497,0.363023,0.564852,-0.509095
0.538507,0.363010,0.564855,-0.509091
0.538518,0.362996,0.564857,-0.509086
0.538528,0.362983,0.564860,-0.509082
0.538538,0.362970,0.564862,-0.509078
0.538548,0.362957,0.564865,-0.509073
0.538558,0.362945,0.564867,-0.509069
0.538568,0.362932,0.564870,-0.509065
0.538579,0.362919,0.564872,-0.509060
0.538588,0.362907,0.564874,-0.509056
0.538598,0.362894,0.564877,-0.509052
0.538608,0.362881,0.564879,-0.509048
0.538618,0.362869,0.564882,-0.509044
0.538628,0.362857,0.564884,-0.509040
0.538638,0.362844,0.564886,-0.509035
0.538647,0.362832,0.564889,-0.509031
0.538657,0.362820,0.564891,-0.509027
0.538666,0.362808,0.564893,-0.509023
0.538676,0.362796,0.564895,-0.509019
0.538685,0.362784,0.564898,-0.509015
0.538695,0.362772,0.564900,-0.509011
0.538704,0.362760,0.564902,-0.509007
0.538714,0.362748,0.564905,-0.509003
0.538723,0.362736,0.564907,-0.508999
0.538732,0.362725,0.564909,-0.508996
0.538741,0.362713,0.564911,-0.508992
0.538750,0.362702,0.564913,-0.508988
0.538759,0.362690,0.564916,-0.508984
0.538768,0.362679,0.564918,-0.508980
0.538777,0.362667,0.564920,-0.508976
0.538786,0.362656,0.564922,-0.508973
0.538795,0.362645,0.564924,-0.508969
0.538804,0.362634,0.564926,-0.508965
0.538813,0.362622,0.564928,-0.508961
0.538822,0.362611,0.564930,-0.508958
0.538830,0.362600,0.564933,-0.508954
0.538839,0.362589,0.564935,-0.508950
0.538848,0.362578,0.564937,-0.508947
0.538856,0.362568,0.564939,-0.508943
0.538865,0.362557,0.564941,-0.508939
0.538873,0.362546,0.564943,-0.508936
0.538882,0.362535,0.564945,-0.508932
0.538890,0.362525,0.564947,-0.508929
0.538898,0.362514,0.564949,-0.508925
0.538907,0.362504,0.564951,-0.508922
0.538915,0.362493,0.564953,-0.508918
0.538923,0.362483,0.564955,-0.508915
0.538931,0.362473,0.564957,-0.508911
0.538939,0.362462,0.564959,-0.508908
0.538948,0.362452,0.564961,-0.508904
0.538956,0.362442,0.564963,-0.508901
0.538964,0.362432,0.564964,-0.508898
0.538972,0.362422,0.564966,-0.508894
0.538979,0.362412,0.564968,-0.508891
0.538987,0.362402,0.564970,-0.508887
0.538995,0.362392,0.564972,-0.508884
0.539003,0.362382,0.564974,-0.508881
0.539011,0.362372,0.564976,-0.508878
0.539018,0.362362,0.564978,-0.508874
0.539026,0.362353,0.564979,-0.508871
0.539034,0.362343,0.564981,-0.508868
0.539041,0.362333,0.564983,-0.508865
0.539049,0.362324,0.564985,-0.508861
0.539056,0.362314,0.564987,-0.508858
0.539064,0.362305,0.564988,-0.508855
0.539071,0.362295,0.564990,-0.508852
0.539079,0.362286,0.564992,-0.508849
0.539086,0.362277,0.564994,-0.508846
0.539093,0.362267,0.564995,-0.508843
0.539101,0.362258,0.564997,-0.508839
0.539108,0.362249,0.564999,-0.508836
0.539115,0.362240,0.565001,-0.508833
0.539122,0.362231,0.565002,-0.508830
0.539129,0.362222,0.565004,-0.508827
0.539137,0.362213,0.565006,-0.508824
0.539144,0.362204,0.565007,-0.508821
0.539151,0.362195,0.565009,-0.508818
0.539158,0.362186,0.565011,-0.508815
0.539165,0.362178,0.565012,-0.508812
0.539172,0.362169,0.565014,-0.508809
0.539178,0.362160,0.565016,-0.508807
0.539185,0.362151,0.565017,-0.508804
0.539192,0.362143,0.565019,-0.508801
0.539199,0.362134,0.565020,-0.508798
0.539206,0.362126,0.565022,-0.508795
0.539212,0.362117,0.565024,-0.508792
0.539219,0.362109,0.565025,-0.508789
0.539226,0.362100,0.565027,-0.508787
0.539232,0.362092,0.565028,-0.508784
0.539239,0.362084,0.565030,-0.508781
0.539245,0.362076,0.565031,-0.508778
0.539252,0.362067,0.565033,-0.508775
0.539258,0.362059,0.565035,-0.508773
0.539265,0.362051,0.565036,-0.508770
0.539271,0.362043,0.565038,-0.508767
0.539277,0.362035,0.565039,-0.508765
0.539284,0.362027,0.565041,-0.508762
0.539290,0.362019,0.565042,-0.508759
0.539296,0.362011,0.565044,-0.508757
0.539302,0.362003,0.565045,-0.508754
0.539309,0.361996,0.565046,-0.508751
0.539315,0.361988,0.565048,-0.508749
0.539321,0.361980,0.565049,-0.508746
0.539327,0.361972,0.565051,-0.508744
0.539333,0.361965,0.565052,-0.508741
0.539339,0.361957,0.565054,-0.508738
0.539345,0.361949,0.565055,-0.508736
0.539351,0.361942,0.565057,-0.508733
0.539357,0.361934,0.565058,-0.508731
0.539363,0.361927,0.565059,-0.508728
0.539369,0.361919,0.565061,-0.508726
0.539375,0.361912,0.565062,-0.508723
0.539380,0.361905,0.565063,-0.508721
0.539386,0.361897,0.565065,-0.508718
0.539392,0.361890,0.565066,-0.508716
0.539398,0.361883,0.565068,-0.508714
0.539403,0.361876,0.565069,-0.508711
0.539409,0.361869,0.565070,-0.508709
0.539415,0.361862,0.565072,-0.508706
0.539420,0.361854,0.565073,-0.508704
0.539426,0.361847,0.565074,-0.508702
0.539431,0.361840,0.565075,-0.508699
0.539437,0.361833,0.565077,-0.508697
0.539442,0.361826,0.565078,-0.508695
0.539448,0.361820,0.565079,-0.508692
0.539453,0.361813,0.565081,-0.508690
0.539459,0.361806,0.565082,-0.508688
0.539464,0.361799,0.565083,-0.508685
0.539469,0.361792,0.565084,-0.508683
0.539475,0.361786,0.565086,-0.508681
0.539480,0.361779,0.565087,-0.508679
0.539485,0.361772,0.565088,-0.508676
0.539491,0.361766,0.565089,-0.508674
0.539496,0.361759,0.565091,-0.508672
0.539501,0.361753,0.565092,-0.508670
0.539506,0.361746,0.565093,-0.508668
0.539511,0.361740,0.565094,-0.508665
0.539516,0.361733,0.565095,-0.508663
0.539521,0.361727,0.565097,-0.508661
0.539526,0.361720,0.565098,-0.508659
0.539531,0.361714,0.565099,-0.508657
0.539536,0.361708,0.565100,-0.508655
0.539541,0.361702,0.565101,-0.508653
0.539546,0.361695,0.565103,-0.508651
0.539551,0.361689,0.565104,-0.508648
0.539556,0.361683,0.565105,-0.508646
0.539561,0.361677,0.565106,-0.508644
0.539566,0.361671,0.565107,-0.508642
0.539571,0.361665,0.565108,-0.508640
0.539575,0.361659,0.565109,-0.508638
0.539580,0.361653,0.565110,-0.508636
0.539585,0.361647,0.565112,-0.508634
0.539590,0.361641,0.565113,-0.508632
0.539594,0.361635,0.565114,-0.508630
0.539599,0.361629,0.565115,-0.508628
0.539604,0.361623,0.565116,-0.508626
0.539608,0.361617,0.565117,-0.508624
0.539613,0.361611,0.565118,-0.508622
0.539617,0.361606,0.565119,-0.508620
0.539622,0.361600,0.565120,-0.508618
0.539627,0.361594,0.565121,-0.508617
0.539631,0.361588,0.565122,-0.508615
0.539636,0.361583,0.565123,-0.508613
0.539640,0.361577,0.565124,-0.508611
0.539644,0.361572,0.565126,-0.508609
0.539649,0.361566,0.565127,-0.508607
0.539653,0.361561,0.565128,-0.508605
0.539658,0.361555,0.565129,-0.508603
0.539662,0.361550,0.565130,-0.508602
0.539666,0.361544,0.565131,-0.508600
0.539670,0.361539,0.565132,-0.508598
0.539675,0.361533,0.565133,-0.508596
0.539679,0.361528,0.565134,-0.508594
0.539683,0.361523,0.565135,-0.508592
0.539687,0.361517,0.565136,-0.508591
0.539692,0.361512,0.565137,-0.508589
0.539696,0.361507,0.565138,-0.508587
0.539700,0.361502,0.565139,-0.508585
0.539704,0.361496,0.565139,-0.508584
0.539708,0.361491,0.565140,-0.508582
0.539712,0.361486,0.565141,-0.508580
0.539716,0.361481,0.565142,-0.508578
0.539720,0.361476,0.565143,-0.508577
0.539724,0.361471,0.565144,-0.508575
0.539728,0.361466,0.565145,-0.508573
0.539732,0.361461,0.565146,-0.508572
0.539736,0.361456,0.565147,-0.508570
0.539740,0.361451,0.565148,-0.508568
0.539744,0.361446,0.565149,-0.508567
0.539748,0.361441,0.565150,-0.508565
0.539752,0.361436,0.565151,-0.508563
0.539756,0.361431,0.565152,-0.508562
0.539759,0.361427,0.565152,-0.508560
0.539763,0.361422,0.565153,-0.508559
0.539767,0.361417,0.565154,-0.508557
0.539771,0.361412,0.565155,-0.508555
0.539774,0.361408,0.565156,-0.508554
0.539778,0.361403,0.565157,-0.508552
0.539782,0.361398,0.565158,-0.508551
0.539786,0.361394,0.565159,-0.508549
0.539789,0.361389,0.565159,-0.508547
0.539793,0.361384,0.565160,-0.508546
0.539796,0.361380,0.565161,-0.508544
0.539800,0.361375,0.565162,-0.508543
0.539804,0.361371,0.565163,-0.508541
0.539807,0.361366,0.565164,-0.508540
0.539811,0.361362,0.565164,-0.508538
0.539814,0.361357,0.565165,-0.508537
0.539818,0.361353,0.565166,-0.508535
0.539821,0.361348,0.565167,-0.508534
0.539825,0.361344,0.565168,-0.508532
0.539828,0.361340,0.565168,-0.508531
0.539832,0.361335,0.565169,-0.508529
0.539835,0.361331,0.565170,-0.508528
0.539839,0.361327,0.565171,-0.508527
0.539842,0.361322,0.565172,-0.508525
0.539845,0.361318,0.565172,-0.508524
0.539849,0.361314,0.565173,-0.508522
0.539852,0.361310,0.565174,-0.508521
0.539855,0.361306,0.565175,-0.508519
0.539859,0.361301,0.565176,-0.508518
0.539862,0.361297,0.565176,-0.508517
0.539865,0.361293,0.565177,-0.508515
0.539868,0.361289,0.565178,-0.508514
0.539872,0.361285,0.565179,-0.508512
0.539875,0.361281,0.565179,-0.508511
0.539878,0.361277,0.565180,-0.508510
0.539881,0.361273,0.565181,-0.508508
0.539884,0.361269,0.565182,-0.508507
0.539887,0.361265,0.565182,-0.508506
0.539891,0.361261,0.565183,-0.508504
0.539894,0.361257,0.565184,-0.508503
0.539897,0.361253,0.565184,-0.508502
0.539900,0.361249,0.565185,-0.508500
0.539903,0.361246,0.565186,-0.508499
0.539906,0.361242,0.565187,-0.508498
0.539909,0.361238,0.565187,-0.508497
0.539912,0.361234,0.565188,-0.508495
0.539915,0.361230,0.565189,-0.508494
0.539918,0.361227,0.565189,-0.508493
0.539921,0.361223,0.565190,-0.508491
0.539924,0.361219,0.565191,-0.508490
0.539927,0.361215,0.565191,-0.508489
0.539930,0.361212,0.565192,-0.508488
0.539933,0.361208,0.565193,-0.508486
0.539936,0.361204,0.565193,-0.508485
0.539939,0.361201,0.565194,-0.508484
0.539941,0.361197,0.565195,-0.508483
0.539944,0.361194,0.565195,-0.508482
0.539947,0.361190,0.565196,-0.508480
0.539950,0.361186,0.565197,-0.508479
0.539953,0.361183,0.565197,-0.508478
0.539955,0.361179,0.565198,-0.508477
0.539958,0.361176,0.565199,-0.508476
0.539961,0.361172,0.565199,-0.508474
0.539964,0.361169,0.565200,-0.508473
0.539966,0.361165,0.565201,-0.508472
0.539969,0.361162,0.565201,-0.508471
0.539972,0.361159,0.565202,-0.508470
0.539975,0.361155,0.565203,-0.508469
0.539977,0.361152,0.565203,-0.508468
0.539980,0.361149,0.565204,-0.508466
0.539983,0.361145,0.565204,-0.508465
0.539985,0.361142,0.565205,-0.508464
0.539988,0.361139,0.565206,-0.508463
0.539990,0.361135,0.565206,-0.508462
0.539993,0.361132,0.565207,-0.508461
0.539996,0.361129,0.565207,-0.508460
0.539998,0.361126,0.565208,-0.508459
0.540001,0.361122,0.565209,-0.508458
0.540003,0.361119,0.565209,-0.508457
0.540006,0.361116,0.565210,-0.508455
0.540008,0.361113,0.565210,-0.508454
0.540011,0.361110,0.565211,-0.508453
0.540013,0.361107,0.565211,-0.508452
0.540016,0.361103,0.565212,-0.508451
0.540018,0.361100,0.565213,-0.508450
0.540021,0.361097,0.565213,-0.508449
0.540023,0.361094,0.565214,-0.508448
0.540025,0.361091,0.565214,-0.508447
0.540028,0.361088,0.565215,-0.508446
0.540030,0.361085,0.565215,-0.508445
0.540033,0.361082,0.565216,-0.508444
0.540035,0.361079,0.565217,-0.508443
0.540037,0.361076,0.565217,-0.508442
0.540040,0.361073,0.565218,-0.508441
0.540042,0.361070,0.565218,-0.508440
0.540044,0.361067,0.565219,-0.508439
0.540047,0.361064,0.565219,-0.508438
0.540049,0.361062,0.565220,-0.508437
0.540051,0.361059,0.565220,-0.508436
0.540054,0.361056,0.565221,-0.508435
0.540056,0.361053,0.565221,-0.508434
0.540058,0.361050,0.565222,-0.508433
0.540060,0.361047,0.565222,-0.508432
0.540063,0.361045,0.565223,-0.508431
0.540065,0.361042,0.565223,-0.508430
0.540067,0.361039,0.565224,-0.508429
0.540069,0.361036,0.565224,-0.508429
0.540071,0.361033,0.565225,-0.508428
0.540073,0.361031,0.565225,-0.508427
0.540076,0.361028,0.565226,-0.508426
0.540078,0.361025,0.565226,-0.508425
0.540080,0.361023,0.565227,-0.508424
0.540082,0.361020,0.565227,-0.508423
0.540084,0.361017,0.565228,-0.508422
0.540086,0.361015,0.565228,-0.508421
0.540088,0.361012,0.565229,-0.508420
0.540090,0.361009,0.565229,-0.508419
0.540092,0.361007,0.565230,-0.508419
0.540095,0.361004,0.565230,-0.508418
0.540097,0.361002,0.565231,-0.508417
0.540099,0.360999,0.565231,-0.508416
0.540101,0.360997,0.565232,-0.508415
0.540103,0.360994,0.565232,-0.508414
0.540105,0.360991,0.565233,-0.508413
0.540107,0.360989,0.565233,-0.508413
0.540109,0.360986,0.565234,-0.508412
0.540111,0.360984,0.565234,-0.508411
0.540113,0.360982,0.565234,-0.508410
0.540114,0.360979,0.565235,-0.508409
0.540116,0.360977,0.565235,-0.508408
0.540118,0.360974,0.565236,-0.508408
0.540120,0.360972,0.565236,-0.508407
0.540122,0.360969,0.565237,-0.508406
0.540124,0.360967,0.565237,-0.508405
0.540126,0.360965,0.565238,-0.508404
0.540128,0.360962,0.565238,-0.508404
0.540130,0.360960,0.565238,-0.508403
0.540132,0.360958,0.565239,-0.508402
0.540133,0.360955,0.565239,-0.508401
0.540135,0.360953,0.565240,-0.508400
0.540137,0.360951,0.565240,-0.508400
0.540139,0.360948,0.565241,-0.508399
0.540141,0.360946,0.565241,-0.508398
0.540143,0.360944,0.565241,-0.508397
0.540144,0.360941,0.565242,-0.508397
0.540146,0.360939,0.565242,-0.508396
0.540148,0.360937,0.565243,-0.508395
0.540150,0.360935,0.565243,-0.508394
0.540151,0.360933,0.565243,-0.508394
0.540153,0.360930,0.565244,-0.508393
0.540155,0.360928,0.565244,-0.508392
0.540157,0.360926,0.565245,-0.508391
0.540158,0.360924,0.565245,-0.508391
0.540160,0.360922,0.565245,-0.508390
0.540162,0.360920,0.565246,-0.508389
0.540163,0.360917,0.565246,-0.508388
0.540165,0.360915,0.565247,-0.508388
0.540167,0.360913,0.565247,-0.508387
0.540168,0.360911,0.565247,-0.508386
0.540170,0.360909,0.565248,-0.508386
0.540172,0.360907,0.565248,-0.508385
0.540173,0.360905,0.565249,-0.508384
0.540175,0.360903,0.565249,-0.508383
0.540177,0.360901,0.565249,-0.508383
0.540178,0.360899,0.565250,-0.508382
0.540180,0.360897,0.565250,-0.508381
0.540181,0.360895,0.565250,-0.508381
0.540183,0.360893,0.565251,-0.508380
0.540185,0.360891,0.565251,-0.508379
0.540186,0.360889,0.565251,-0.508379
0.540188,0.360887,0.565252,-0.508378
0.540189,0.360885,0.565252,-0.508377
0.540191,0.360883,0.565253,-0.508377
0.540192,0.360881,0.565253,-0.508376
0.540194,0.360879,0.565253,-0.508375
0.540195,0.360877,0.565254,-0.508375
0.540197,0.360875,0.565254,-0.508374
0.540199,0.360873,0.565254,-0.508373
0.540200,0.360871,0.565255,-0.508373
0.540202,0.360869,0.565255,-0.508372
0.540203,0.360868,0.565255,-0.508372
0.540204,0.360866,0.565256,-0.508371
0.540206,0.360864,0.565256,-0.508370
0.540207,0.360862,0.565256,-0.508370
0.540209,0.360860,0.565257,-0.508369
0.540210,0.360858,0.565257,-0.508368
0.540212,0.360857,0.565257,-0.508368
0.540213,0.360855,0.565258,-0.508367
0.540215,0.360853,0.565258,-0.508367
0.540216,0.360851,0.565258,-0.508366
0.540217,0.360849,0.565259,-0.508365
0.540219,0.360848,0.565259,-0.508365
0.540220,0.360846,0.565259,-0.508364
0.540222,0.360844,0.565260,-0.508364
0.540223,0.360842,0.565260,-0.508363
0.540224,0.360841,0.565260,-0.508363
0.540226,0.360839,0.565261,-0.508362
0.540227,0.360837,0.565261,-0.508361
0.540228,0.360836,0.565261,-0.508361
0.540230,0.360834,0.565262,-0.508360
0.540231,0.360832,0.565262,-0.508360
0.540232,0.360831,0.565262,-0.508359
0.540234,0.360829,0.565262,-0.508359
0.540235,0.360827,0.565263,-0.508358
0.540236,0.360826,0.565263,-0.508357
0.540238,0.360824,0.565263,-0.508357
0.540239,0.360822,0.565264,-0.508356
0.540240,0.360821,0.565264,-0.508356
0.540242,0.360819,0.565264,-0.508355
0.540243,0.360818,0.565265,-0.508355
0.540244,0.360816,0.565265,-0.508354
0.540245,0.360814,0.565265,-0.508354
0.540247,0.360813,0.565265,-0.508353
0.540248,0.360811,0.565266,-0.508353
0.540249,0.360810,0.565266,-0.508352
0.540250,0.360808,0.565266,-0.508351
0.540252,0.360807,0.565267,-0.508351
0.540253,0.360805,0.565267,-0.508350
0.540254,0.360803,0.565267,-0.508350
0.540255,0.360802,0.565267,-0.508349
0.540256,0.360800,0.565268,-0.508349
0.540258,0.360799,0.565268,-0.508348
0.540259,0.360797,0.565268,-0.508348
0.540260,0.360796,0.565268,-0.508347
0.540261,0.360794,0.565269,-0.508347
0.540262,0.360793,0.565269,-0.508346
0.540263,0.360792,0.565269,-0.508346
0.540265,0.360790,0.565270,-0.508345
0.540266,0.360789,0.565270,-0.508345
0.540267,0.360787,0.565270,-0.508344
0.540268,0.360786,0.565270,-0.508344
0.540269,0.360784,0.565271,-0.508343
0.540270,0.360783,0.565271,-0.508343
0.540271,0.360781,0.565271,-0.508342
0.540273,0.360780,0.565271,-0.508342
0.540274,0.360779,0.565272,-0.508342
0.540275,0.360777,0.565272,-0.508341
0.540276,0.360776,0.565272,-0.508341
0.540277,0.360775,0.565272,-0.508340
0.540278,0.360773,0.565273,-0.508340
0.540279,0.360772,0.565273,-0.508339
0.540280,0.360770,0.565273,-0.508339
0.540281,0.360769,0.565273,-0.508338
0.540282,0.360768,0.565274,-0.508338
0.540283,0.360766,0.565274,-0.508337
0.540284,0.360765,0.565274,-0.508337
0.540286,0.360764,0.565274,-0.508336
0.540287,0.360762,0.565275,-0.508336
0.540288,0.360761,0.565275,-0.508336
0.540289,0.360760,0.565275,-0.508335
0.540290,0.360759,0.565275,-0.508335
0.540291,0.360757,0.565276,-0.508334
0.540292,0.360756,0.565276,-0.508334
0.540293,0.360755,0.565276,-0.508333
0.540294,0.360753,0.565276,-0.508333
0.540295,0.360752,0.565276,-0.508333
0.540296,0.360751,0.565277,-0.508332
0.540297,0.360750,0.565277,-0.508332
0.540298,0.360748,0.565277,-0.508331
0.540299,0.360747,0.565277,-0.508331
0.540300,0.360746,0.565278,-0.508330
0.540301,0.360745,0.565278,-0.508330
0.540302,0.360744,0.565278,-0.508330
0.540303,0.360742,0.565278,-0.508329
0.540303,0.360741,0.565278,-0.508329
0.540304,0.360740,0.565279,-0.508328
0.540305,0.360739,0.565279,-0.508328
0.540306,0.360738,0.565279,-0.508328
0.540307,0.360736,0.565279,-0.508327
0.540308,0.360735,0.565280,-0.508327
0.540309,0.360734,0.565280,-0.508326
0.540310,0.360733,0.565280,-0.508326
0.540311,0.360732,0.565280,-0.508326
0.540312,0.360731,0.565280,-0.508325
0.540313,0.360729,0.565281,-0.508325
0.540314,0.360728,0.565281,-0.508325
0.540315,0.360727,0.565281,-0.508324
0.540315,0.360726,0.565281,-0.508324
0.540316,0.360725,0.565281,-0.508323
0.540317,0.360724,0.565282,-0.508323
0.540318,0.360723,0.565282,-0.508323
0.540319,0.360722,0.565282,-0.508322
0.540320,0.360721,0.565282,-0.508322
0.540321,0.360720,0.565282,-0.508322
0.540322,0.360718,0.565283,-0.508321
0.540322,0.360717,0.565283,-0.508321
0.540323,0.360716,0.565283,-0.508320
0.540324,0.360715,0.565283,-0.508320
0.540325,0.360714,0.565283,-0.508320
0.540326,0.360713,0.565284,-0.508319
0.540327,0.360712,0.565284,-0.508319
0.540327,0.360711,0.565284,-0.508319
0.540328,0.360710,0.565284,-0.508318
0.540329,0.360709,0.565284,-0.508318
0.540330,0.360708,0.565285,-0.508318
0.540331,0.360707,0.565285,-0.508317
0.540331,0.360706,0.565285,-0.508317
0.540332,0.360705,0.565285,-0.508317
0.540333,0.360704,0.565285,-0.508316
0.540334,0.360703,0.565285,-0.508316
0.540335,0.360702,0.565286,-0.508316
0.540335,0.360701,0.565286,-0.508315
0.540336,0.360700,0.565286,-0.508315
0.540337,0.360699,0.565286,-0.508315
0.540338,0.360698,0.565286,-0.508314
0.540339,0.360697,0.565287,-0.508314
0.540339,0.360696,0.565287,-0.508314
0.540340,0.360695,0.565287,-0.508313
0.540341,0.360694,0.565287,-0.508313
0.540342,0.360693,0.565287,-0.508313
0.540342,0.360692,0.565287,-0.508312
0.540343,0.360691,0.565288,-0.508312
0.540344,0.360690,0.565288,-0.508312
0.540345,0.360689,0.565288,-0.508311
0.540345,0.360689,0.565288,-0.508311
0.540346,0.360688,0.565288,-0.508311
0.540347,0.360687,0.565288,-0.508310
0.540347,0.360686,0.565289,-0.508310
0.540348,0.360685,0.565289,-0.508310
0.540349,0.360684,0.565289,-0.508310
0.540350,0.360683,0.565289,-0.508309
0.540350,0.360682,0.565289,-0.508309
0.540351,0.360681,0.565289,-0.508309
0.540352,0.360680,0.565290,-0.508308
0.540352,0.360680,0.565290,-0.508308
0.540353,0.360679,0.565290,-0.508308
0.540354,0.360678,0.565290,-0.508307
0.540354,0.360677,0.565290,-0.508307
0.540355,0.360676,0.565290,-0.508307
0.540356,0.360675,0.565291,-0.508307
0.540357,0.360674,0.565291,-0.508306
0.540357,0.360674,0.565291,-0.508306
0.540358,0.360673,0.565291,-0.508306
0.540359,0.360672,0.565291,-0.508305
0.540359,0.360671,0.565291,-0.508305
0.540360,0.360670,0.565291,-0.508305
0.540360,0.360669,0.565292,-0.508305
0.540361,0.360669,0.565292,-0.508304
0.540362,0.360668,0.565292,-0.508304
0.540362,0.360667,0.565292,-0.508304
0.540363,0.360666,0.565292,-0.508303
0.540364,0.360665,0.565292,-0.508303
0.540364,0.360665,0.565292,-0.508303
0.540365,0.360664,0.565293,-0.508303
0.540366,0.360663,0.565293,-0.508302
0.540366,0.360662,0.565293,-0.508302
0.540367,0.360661,0.565293,-0.508302
0.540367,0.360661,0.565293,-0.508302
0.540368,0.360660,0.565293,-0.508301
0.540369,0.360659,0.565293,-0.508301
0.540369,0.360658,0.565294,-0.508301
0.540370,0.360658,0.565294,-0.508301
0.540370,0.360657,0.565294,-0.508300
0.540371,0.360656,0.565294,-0.508300
0.540372,0.360655,0.565294,-0.508300
0.540372,0.360655,0.565294,-0.508300
0.540373,0.360654,0.565294,-0.508299
0.540373,0.360653,0.565295,-0.508299
0.540374,0.360652,0.565295,-0.508299
0.540375,0.360652,0.565295,-0.508299
0.540375,0.360651,0.565295,-0.508298
0.540376,0.360650,0.565295,-0.508298
0.540376,0.360649,0.565295,-0.508298
0.540377,0.360649,0.565295,-0.508298
0.540377,0.360648,0.565295,-0.508297
0.540378,0.360647,0.565296,-0.508297
0.540379,0.360647,0.565296,-0.508297
0.540379,0.360646,0.565296,-0.508297
0.540380,0.360645,0.565296,-0.508296
0.540380,0.360645,0.565296,-0.508296
0.540381,0.360644,0.565296,-0.508296
0.540381,0.360643,0.565296,-0.508296
0.540382,0.360643,0.565296,-0.508295
0.540382,0.360642,0.565297,-0.508295
0.540383,0.360641,0.565297,-0.508295
0.540383,0.360641,0.565297,-0.508295
0.540384,0.360640,0.565297,-0.508295
0.540385,0.360639,0.565297,-0.508294
0.540385,0.360639,0.565297,-0.508294
0.540386,0.360638,0.565297,-0.508294
0.540386,0.360637,0.565297,-0.508294
0.540387,0.360637,0.565298,-0.508293
0.540387,0.360636,0.565298,-0.508293
0.540388,0.360635,0.565298,-0.508293
0.540388,0.360635,0.565298,-0.508293
0.540389,0.360634,0.565298,-0.508293
0.540389,0.360633,0.565298,-0.508292
0.540390,0.360633,0.565298,-0.508292
0.540390,0.360632,0.565298,-0.508292
0.540391,0.360632,0.565298,-0.508292
0.540391,0.360631,0.565299,-0.508292
0.540392,0.360630,0.565299,-0.508291
0.540392,0.360630,0.565299,-0.508291
0.540393,0.360629,0.565299,-0.508291
0.540393,0.360628,0.565299,-0.508291
0.540394,0.360628,0.565299,-0.508291
0.540394,0.360627,0.565299,-0.508290
0.540394,0.360627,0.565299,-0.508290
0.540395,0.360626,0.565299,-0.508290
0.540395,0.360625,0.565300,-0.508290
0.540396,0.360625,0.565300,-0.508290
0.540396,0.360624,0.565300,-0.508289
0.540397,0.360624,0.565300,-0.508289
0.540397,0.360623,0.565300,-0.508289
0.540398,0.360623,0.565300,-0.508289
0.540398,0.360622,0.565300,-0.508289
0.540399,0.360621,0.565300,-0.508288
0.540399,0.360621,0.565300,-0.508288
0.540400,0.360620,0.565301,-0.508288
0.540400,0.360620,0.565301,-0.508288
0.540400,0.360619,0.565301,-0.508288
0.540401,0.360619,0.565301,-0.508287
0.540401,0.360618,0.565301,-0.508287
0.540402,0.360618,0.565301,-0.508287
0.540402,0.360617,0.565301,-0.508287
0.540403,0.360616,0.565301,-0.508287
0.540403,0.360616,0.565301,-0.508286
0.540403,0.360615,0.565301,-0.508286
0.540404,0.360615,0.565302,-0.508286
0.540404,0.360614,0.565302,-0.508286
0.540405,0.360614,0.565302,-0.508286
0.540405,0.360613,0.565302,-0.508286
0.540406,0.360613,0.565302,-0.508285
0.540406,0.360612,0.565302,-0.508285
0.540406,0.360612,0.565302,-0.508285
0.540407,0.360611,0.565302,-0.508285
0.540407,0.360611,0.565302,-0.508285
0.540408,0.360610,0.565302,-0.508285
0.540408,0.360610,0.565302,-0.508284
0.540408,0.360609,0.565303,-0.508284
0.540409,0.360609,0.565303,-0.508284
0.540409,0.360608,0.565303,-0.508284
0.540410,0.360608,0.565303,-0.508284
0.540410,0.360607,0.565303,-0.508284
0.540410,0.360607,0.565303,-0.508283
0.540411,0.360606,0.565303,-0.508283
0.540411,0.360606,0.565303,-0.508283
0.540412,0.360605,0.565303,-0.508283
0.540412,0.360605,0.565303,-0.508283
0.540412,0.360604,0.565303,-0.508283
0.540413,0.360604,0.565304,-0.508282
0.540413,0.360603,0.565304,-0.508282
0.540413,0.360603,0.565304,-0.508282
0.540414,0.360602,0.565304,-0.508282
0.540414,0.360602,0.565304,-0.508282
0.540415,0.360601,0.565304,-0.508282
0.540415,0.360601,0.565304,-0.508281
0.540415,0.360601,0.565304,-0.508281
0.540416,0.360600,0.565304,-0.508281
0.540416,0.360600,0.565304,-0.508281
0.540416,0.360599,0.565304,-0.508281
0.540417,0.360599,0.565304,-0.508281
0.540417,0.360598,0.565305,-0.508281
0.540417,0.360598,0.565305,-0.508280
0.540418,0.360597,0.565305,-0.508280
0.540418,0.360597,0.565305,-0.508280
0.540418,0.360597,0.565305,-0.508280
0.540419,0.360596,0.565305,-0.508280
0.540419,0.360596,0.565305,-0.508280
0.540419,0.360595,0.565305,-0.508279
0.540420,0.360595,0.565305,-0.508279
0.540420,0.360594,0.565305,-0.508279
0.540420,0.360594,0.565305,-0.508279
0.540421,0.360594,0.565305,-0.508279
0.540421,0.360593,0.565305,-0.508279
0.540421,0.360593,0.565306,-0.508279
0.540422,0.360592,0.565306,-0.508278
0.540422,0.360592,0.565306,-0.508278
0.540422,0.360591,0.565306,-0.508278
0.540423,0.360591,0.565306,-0.508278
0.540423,0.360591,0.565306,-0.508278
0.540423,0.360590,0.565306,-0.508278
0.540424,0.360590,0.565306,-0.508278
0.540424,0.360589,0.565306,-0.508278
0.540424,0.360589,0.565306,-0.508277
0.540425,0.360589,0.565306,-0.508277
0.540425,0.360588,0.565306,-0.508277
0.540425,0.360588,0.565306,-0.508277
0.540426,0.360587,0.565307,-0.508277
0.540426,0.360587,0.565307,-0.508277
0.540426,0.360587,0.565307,-0.508277
0.540427,0.360586,0.565307,-0.508276
0.540427,0.360586,0.565307,-0.508276
0.540427,0.360586,0.565307,-0.508276
0.540427,0.360585,0.565307,-0.508276
0.540428,0.360585,0.565307,-0.508276
0.540428,0.360584,0.565307,-0.508276
0.540428,0.360584,0.565307,-0.508276
0.540429,0.360584,0.565307,-0.508276
0.540429,0.360583,0.565307,-0.508275
0.540429,0.360583,0.565307,-0.508275
0.540430,0.360583,0.565307,-0.508275
0.540430,0.360582,0.565307,-0.508275
0.540430,0.360582,0.565308,-0.508275
0.540430,0.360581,0.565308,-0.508275
0.540431,0.360581,0.565308,-0.508275
0.540431,0.360581,0.565308,-0.508275
0.540431,0.360580,0.565308,-0.508274
0.540432,0.360580,0.565308,-0.508274
0.540432,0.360580,0.565308,-0.508274
0.540432,0.360579,0.565308,-0.508274
0.540432,0.360579,0.565308,-0.508274
0.540433,0.360579,0.565308,-0.508274
0.540433,0.360578,0.565308,-0.508274
0.540433,0.360578,0.565308,-0.508274
0.540433,0.360578,0.565308,-0.508274
0.540434,0.360577,0.565308,-0.508273
0.540434,0.360577,0.565308,-0.508273
0.540434,0.360577,0.565308,-0.508273
0.540434,0.360576,0.565309,-0.508273
0.540435,0.360576,0.565309,-0.508273
0.540435,0.360576,0.565309,-0.508273
0.540435,0.360575,0.565309,-0.508273
0.540436,0.360575,0.565309,-0.508273
0.540436,0.360575,0.565309,-0.508273
0.540436,0.360574,0.565309,-0.508272
0.540436,0.360574,0.565309,-0.508272
0.540437,0.360574,0.565309,-0.508272
0.540437,0.360573,0.565309,-0.508272
0.540437,0.360573,0.565309,-0.508272
0.540437,0.360573,0.565309,-0.508272
0.540438,0.360573,0.565309,-0.508272
0.540438,0.360572,0.565309,-0.508272
0.540438,0.360572,0.565309,-0.508272
0.540438,0.360572,0.565309,-0.508271
0.540438,0.360571,0.565309,-0.508271
0.540439,0.360571,0.565310,-0.508271
0.540439,0.360571,0.565310,-0.508271
0.540439,0.360570,0.565310,-0.508271
0.540439,0.360570,0.565310,-0.508271
0.540440,0.360570,0.565310,-0.508271
0.540440,0.360569,0.565310,-0.508271
0.540440,0.360569,0.565310,-0.508271
0.540440,0.360569,0.565310,-0.508271
0.540441,0.360569,0.565310,-0.508270
0.540441,0.360568,0.565310,-0.508270
0.540441,0.360568,0.565310,-0.508270
0.540441,0.360568,0.565310,-0.508270
0.540442,0.360567,0.565310,-0.508270
0.540442,0.360567,0.565310,-0.508270
0.540442,0.360567,0.565310,-0.508270
0.540442,0.360567,0.565310,-0.508270
0.540442,0.360566,0.565310,-0.508270
0.540443,0.360566,0.565310,-0.508270
0.540443,0.360566,0.565310,-0.508270
0.540443,0.360566,0.565311,-0.508269
0.540443,0.360565,0.565311,-0.508269
0.540444,0.360565,0.565311,-0.508269
0.540444,0.360565,0.565311,-0.508269
0.540444,0.360564,0.565311,-0.508269
0.540444,0.360564,0.565311,-0.508269
0.540444,0.360564,0.565311,-0.508269
0.540445,0.360564,0.565311,-0.508269
0.540445,0.360563,0.565311,-0.508269
0.540445,0.360563,0.565311,-0.508269
0.540445,0.360563,0.565311,-0.508269
0.540445,0.360563,0.565311,-0.508268
0.540446,0.360562,0.565311,-0.508268
0.540446,0.360562,0.565311,-0.508268
0.540446,0.360562,0.565311,-0.508268
0.540446,0.360562,0.565311,-0.508268
0.540446,0.360561,0.565311,-0.508268
0.540447,0.360561,0.565311,-0.508268
0.540447,0.360561,0.565311,-0.508268
0.540447,0.360561,0.565311,-0.508268
0.540447,0.360560,0.565311,-0.508268
0.540447,0.360560,0.565311,-0.508268
0.540448,0.360560,0.565312,-0.508268
0.540448,0.360560,0.565312,-0.508267
0.540448,0.360559,0.565312,-0.508267
0.540448,0.360559,0.565312,-0.508267
0.540448,0.360559,0.565312,-0.508267
0.540449,0.360559,0.565312,-0.508267
0.540449,0.360558,0.565312,-0.508267
0.540449,0.360558,0.565312,-0.508267
0.540449,0.360558,0.565312,-0.508267
0.540449,0.360558,0.565312,-0.508267
0.540449,0.360558,0.565312,-0.508267
0.540450,0.360557,0.565312,-0.508267
0.540450,0.360557,0.565312,-0.508267
0.540450,0.360557,0.565312,-0.508266
0.540450,0.360557,0.565312,-0.508266
0.540450,0.360556,0.565312,-0.508266
0.540451,0.360556,0.565312,-0.508266
0.540451,0.360556,0.565312,-0.508266
0.540451,0.360556,0.565312,-0.508266
0.540451,0.360555,0.565312,-0.508266
0.540451,0.360555,0.565312,-0.508266
0.540451,0.360555,0.565312,-0.508266
0.540452,0.360555,0.565312,-0.508266
0.540452,0.360555,0.565312,-0.508266
0.540452,0.360554,0.565313,-0.508266
0.540452,0.360554,0.565313,-0.508266
0.540452,0.360554,0.565313,-0.508266
0.540452,0.360554,0.565313,-0.508265
0.540453,0.360554,0.565313,-0.508265
0.540453,0.360553,0.565313,-0.508265
0.540453,0.360553,0.565313,-0.508265
0.540453,0.360553,0.565313,-0.508265
0.540453,0.360553,0.565313,-0.508265
0.540453,0.360553,0.565313,-0.508265
0.540454,0.360552,0.565313,-0.508265
0.540454,0.360552,0.565313,-0.508265
0.540454,0.360552,0.565313,-0.508265
0.540454,0.360552,0.565313,-0.508265
0.540454,0.360551,0.565313,-0.508265
0.540454,0.360551,0.565313,-0.508265
0.540455,0.360551,0.565313,-0.508265
0.540455,0.360551,0.565313,-0.508264
0.540455,0.360551,0.565313,-0.508264
0.540455,0.360551,0.565313,-0.508264
0.540455,0.360550,0.565313,-0.508264
0.540455,0.360550,0.565313,-0.508264
0.540455,0.360550,0.565313,-0.508264
0.540456,0.360550,0.565313,-0.508264
0.540456,0.360550,0.565313,-0.508264
0.540456,0.360549,0.565313,-0.508264
0.540456,0.360549,0.565313,-0.508264
0.540456,0.360549,0.565314,-0.508264
0.540456,0.360549,0.565314,-0.508264
0.540457,0.360549,0.565314,-0.508264
0.540457,0.360548,0.565314,-0.508264
0.540457,0.360548,0.565314,-0.508264
0.540457,0.360548,0.565314,-0.508264
0.540457,0.360548,0.565314,-0.508263
0.540457,0.360548,0.565314,-0.508263
0.540457,0.360548,0.565314,-0.508263
0.540458,0.360547,0.565314,-0.508263
0.540458,0.360547,0.565314,-0.508263
0.540458,0.360547,0.565314,-0.508263
0.540458,0.360547,0.565314,-0.508263
0.540458,0.360547,0.565314,-0.508263
0.540458,0.360546,0.565314,-0.508263
0.540458,0.360546,0.565314,-0.508263
0.540458,0.360546,0.565314,-0.508263
0.540459,0.360546,0.565314,-0.508263
0.540459,0.360546,0.565314,-0.508263
0.540459,0.360546,0.565314,-0.508263
0.540459,0.360545,0.565314,-0.508263
0.540459,0.360545,0.565314,-0.508263
0.540459,0.360545,0.565314,-0.508263
0.540459,0.360545,0.565314,-0.508262
0.540460,0.360545,0.565314,-0.508262
0.540460,0.360545,0.565314,-0.508262
0.540460,0.360544,0.565314,-0.508262
0.540460,0.360544,0.565314,-0.508262
0.540460,0.360544,0.565314,-0.508262
0.540460,0.360544,0.565314,-0.508262
0.540460,0.360544,0.565314,-0.508262
0.540460,0.360544,0.565314,-0.508262
0.540461,0.360544,0.565315,-0.508262
0.540461,0.360543,0.565315,-0.508262
0.540461,0.360543,0.565315,-0.508262
0.540461,0.360543,0.565315,-0.508262
0.540461,0.360543,0.565315,-0.508262
0.540461,0.360543,0.565315,-0.508262
0.540461,0.360543,0.565315,-0.508262
0.540461,0.360542,0.565315,-0.508262
0.540462,0.360542,0.565315,-0.508262
0.540462,0.360542,0.565315,-0.508262
0.540462,0.360542,0.565315,-0.508261
0.540462,0.360542,0.565315,-0.508261
0.540462,0.360542,0.565315,-0.508261
0.540462,0.360542,0.565315,-0.508261
0.540462,0.360541,0.565315,-0.508261
0.540462,0.360541,0.565315,-0.508261
0.540462,0.360541,0.565315,-0.508261
0.540463,0.360541,0.565315,-0.508261
0.540463,0.360541,0.565315,-0.508261
0.540463,0.360541,0.565315,-0.508261
0.540463,0.360541,0.565315,-0.508261
0.540463,0.360540,0.565315,-0.508261
0.540463,0.360540,0.565315,-0.508261
0.540463,0.360540,0.565315,-0.508261
0.540463,0.360540,0.565315,-0.508261
0.540463,0.360540,0.565315,-0.508261
0.540464,0.360540,0.565315,-0.508261
0.540464,0.360540,0.565315,-0.508261
0.540464,0.360539,0.565315,-0.508261
0.540464,0.360539,0.565315,-0.508261
0.540464,0.360539,0.565315,-0.508261
0.540464,0.360539,0.565315,-0.508260
0.540464,0.360539,0.565315,-0.508260
0.540464,0.360539,0.565315,-0.508260
0.540464,0.360539,0.565315,-0.508260
0.540465,0.360539,0.565315,-0.508260
0.540465,0.360538,0.565315,-0.508260
0.540465,0.360538,0.565315,-0.508260
0.540465,0.360538,0.565315,-0.508260
0.540465,0.360538,0.565316,-0.508260
0.540465,0.360538,0.565316,-0.508260
0.540465,0.360538,0.565316,-0.508260
0.540465,0.360538,0.565316,-0.508260
0.540465,0.360537,0.565316,-0.508260
0.540465,0.360537,0.565316,-0.508260
0.540466,0.360537,0.565316,-0.508260
0.540466,0.360537,0.565316,-0.508260
0.540466,0.360537,0.565316,-0.508260
0.540466,0.360537,0.565316,-0.508260
0.540466,0.360537,0.565316,-0.508260
0.540466,0.360537,0.565316,-0.508260
0.540466,0.360537,0.565316,-0.508260
0.540466,0.360536,0.565316,-0.508260
0.540466,0.360536,0.565316,-0.508260
0.540466,0.360536,0.565316,-0.508259
0.540467,0.360536,0.565316,-0.508259
0.540467,0.360536,0.565316,-0.508259
0.540467,0.360536,0.565316,-0.508259
0.540467,0.360536,0.565316,-0.508259
0.540467,0.360536,0.565316,-0.508259
0.540467,0.360535,0.565316,-0.508259
0.540467,0.360535,0.565316,-0.508259
0.540467,0.360535,0.565316,-0.508259
0.540467,0.360535,0.565316,-0.508259
0.540467,0.360535,0.565316,-0.508259
0.540467,0.360535,0.565316,-0.508259
0.540468,0.360535,0.565316,-0.508259
0.540468,0.360535,0.565316,-0.508259
0.540468,0.360535,0.565316,-0.508259
0.540468,0.360534,0.565316,-0.508259
0.540468,0.360534,0.565316,-0.508259
0.540468,0.360534,0.565316,-0.508259
0.540468,0.360534,0.565316,-0.508259
0.540468,0.360534,0.565316,-0.508259
0.540468,0.360534,0.565316,-0.508259
0.540468,0.360534,0.565316,-0.508259
0.540468,0.360534,0.565316,-0.508259
0.540468,0.360534,0.565316,-0.508259
0.540469,0.360533,0.565316,-0.508259
0.540469,0.360533,0.565316,-0.508259
0.540469,0.360533,0.565316,-0.508259
0.540469,0.360533,0.565316,-0.508258
0.540469,0.360533,0.565316,-0.508258
0.540469,0.360533,0.565316,-0.508258
0.540469,0.360533,0.565316,-0.508258
0.540469,0.360533,0.565316,-0.508258
0.540469,0.360533,0.565316,-0.508258
0.540469,0.360533,0.565317,-0.508258
0.540469,0.360532,0.565317,-0.508258
0.540469,0.360532,0.565317,-0.508258
0.540470,0.360532,0.565317,-0.508258
0.540470,0.360532,0.565317,-0.508258
0.540470,0.360532,0.565317,-0.508258
0.540470,0.360532,0.565317,-0.508258
0.540470,0.360532,0.565317,-0.508258
0.540470,0.360532,0.565317,-0.508258
0.540470,0.360532,0.565317,-0.508258
0.540470,0.360532,0.565317,-0.508258
0.540470,0.360532,0.565317,-0.508258
0.540470,0.360531,0.565317,-0.508258
0.540470,0.360531,0.565317,-0.508258
0.540470,0.360531,0.565317,-0.508258
0.540470,0.360531,0.565317,-0.508258
0.540470,0.360531,0.565317,-0.508258
0.540471,0.360531,0.565317,-0.508258
0.540471,0.360531,0.565317,-0.508258
0.540471,0.360531,0.565317,-0.508258
0.540471,0.360531,0.565317,-0.508258
0.540471,0.360531,0.565317,-0.508258
0.540471,0.360531,0.565317,-0.508258
0.540471,0.360530,0.565317,-0.508258
0.540471,0.360530,0.565317,-0.508258
0.540471,0.360530,0.565317,-0.508257
0.540471,0.360530,0.565317,-0.508257
0.540471,0.360530,0.565317,-0.508257
0.540471,0.360530,0.565317,-0.508257
0.540471,0.360530,0.565317,-0.508257
0.540471,0.360530,0.565317,-0.508257
0.540472,0.360530,0.565317,-0.508257
0.540472,0.360530,0.565317,-0.508257
0.540472,0.360530,0.565317,-0.508257
0.540472,0.360529,0.565317,-0.508257
0.540472,0.360529,0.565317,-0.508257
0.540472,0.360529,0.565317,-0.508257
0.540472,0.360529,0.565317,-0.508257
0.540472,0.360529,0.565317,-0.508257
0.540472,0.360529,0.565317,-0.508257
0.540472,0.360529,0.565317,-0.508257
0.540472,0.360529,0.565317,-0.508257
0.540472,0.360529,0.565317,-0.508257
0.540472,0.360529,0.565317,-0.508257
0.540472,0.360529,0.565317,-0.508257
0.540472,0.360529,0.565317,-0.508257
0.540473,0.360529,0.565317,-0.508257
0.540473,0.360528,0.565317,-0.508257
0.540473,0.360528,0.565317,-0.508257
0.540473,0.360528,0.565317,-0.508257
0.540473,0.360528,0.565317,-0.508257
0.540473,0.360528,0.565317,-0.508257
0.540473,0.360528,0.565317,-0.508257
0.540473,0.360528,0.565317,-0.508257
0.540473,0.360528,0.565317,-0.508257
0.540510,0.360459,0.565346,-0.508234
0.540581,0.360327,0.565401,-0.508191
0.540682,0.360140,0.565480,-0.508129
0.540810,0.359902,0.565580,-0.508050
0.540962,0.359619,0.565698,-0.507956
0.541137,0.359294,0.565833,-0.507849
0.541331,0.358933,0.565984,-0.507730
0.541543,0.358539,0.566148,-0.507600
0.541771,0.358115,0.566324,-0.507459
0.542014,0.357663,0.566511,-0.507310
0.542270,0.357188,0.566707,-0.507152
0.542537,0.356691,0.566912,-0.506987
0.542815,0.356174,0.567124,-0.506816
0.543102,0.355639,0.567344,-0.506638
0.543398,0.355088,0.567569,-0.506455
0.543702,0.354522,0.567799,-0.506267
0.544012,0.353944,0.568034,-0.506075
0.544329,0.353354,0.568273,-0.505878
0.544651,0.352753,0.568516,-0.505678
0.544979,0.352143,0.568761,-0.505474
0.545311,0.351524,0.569010,-0.505268
0.545647,0.350897,0.569260,-0.505058
0.545987,0.350263,0.569513,-0.504846
0.546330,0.349623,0.569767,-0.504632
0.546676,0.348977,0.570023,-0.504416
0.547025,0.348325,0.570280,-0.504197
0.547376,0.347669,0.570537,-0.503977
0.547729,0.347009,0.570796,-0.503755
0.548085,0.346345,0.571055,-0.503532
0.548442,0.345677,0.571315,-0.503307
0.548801,0.345006,0.571575,-0.503081
0.549161,0.344332,0.571835,-0.502854
0.549523,0.343656,0.572095,-0.502626
0.549886,0.342977,0.572355,-0.502396
0.550250,0.342296,0.572615,-0.502166
0.550614,0.341613,0.572875,-0.501935
0.550980,0.340928,0.573135,-0.501703
0.551347,0.340241,0.573394,-0.501470
0.551714,0.339553,0.573652,-0.501237
0.552082,0.338864,0.573911,-0.501002
0.552450,0.338173,0.574169,-0.500768
0.552819,0.337481,0.574426,-0.500532
0.553189,0.336789,0.574682,-0.500296
0.553558,0.336095,0.574939,-0.500059
0.553929,0.335400,0.575194,-0.499822
0.554299,0.334704,0.575449,-0.499584
0.554670,0.334008,0.575703,-0.499346
0.555041,0.333311,0.575956,-0.499107
0.555413,0.332613,0.576208,-0.498868
0.555785,0.331914,0.576460,-0.498629
0.556156,0.331215,0.576711,-0.498388
0.556529,0.330515,0.576961,-0.498148
0.556901,0.329815,0.577210,-0.497907
0.557273,0.329115,0.577459,-0.497666
0.557646,0.328413,0.577707,-0.497424
0.558019,0.327712,0.577953,-0.497182
0.558392,0.327010,0.578199,-0.496939
0.558765,0.326308,0.578445,-0.496696
0.559138,0.325605,0.578689,-0.496453
0.559511,0.324902,0.578932,-0.496209
0.559884,0.324198,0.579175,-0.495965
0.560258,0.323494,0.579416,-0.495721
0.560631,0.322790,0.579657,-0.495476
0.561005,0.322086,0.579897,-0.495231
0.561378,0.321381,0.580136,-0.494986
0.561752,0.320676,0.580374,-0.494740
0.562126,0.319971,0.580611,-0.494494
0.562500,0.319265,0.580847,-0.494247
0.562873,0.318559,0.581082,-0.494001
0.563247,0.317853,0.581317,-0.493753
0.563621,0.317147,0.581550,-0.493506
0.563995,0.316440,0.581783,-0.493258
0.564369,0.315734,0.582015,-0.493010
0.564743,0.315027,0.582245,-0.492761
0.565117,0.314319,0.582475,-0.492513
0.565491,0.313612,0.582704,-0.492263
0.565866,0.312904,0.582932,-0.492014
0.566240,0.312196,0.583159,-0.491764
0.566614,0.311488,0.583385,-0.491514
0.566988,0.310779,0.583610,-0.491263
0.567362,0.310071,0.583835,-0.491012
0.567737,0.309362,0.584058,-0.490761
0.568111,0.308653,0.584280,-0.490510
0.568485,0.307944,0.584502,-0.490258
0.568860,0.307234,0.584722,-0.490006
0.569234,0.306525,0.584942,-0.489753
0.569608,0.305815,0.585161,-0.489500
0.569983,0.305105,0.585379,-0.489247
0.570357,0.304395,0.585596,-0.488993
0.570732,0.303684,0.585811,-0.488740
0.571106,0.302974,0.586026,-0.488485
0.571481,0.302263,0.586240,-0.488231
0.571855,0.301552,0.586454,-0.487976
0.572230,0.300841,0.586666,-0.487721
0.572604,0.300129,0.586877,-0.487465
0.572979,0.299418,0.587087,-0.487209
0.573353,0.298706,0.587297,-0.486953
0.573728,0.297994,0.587505,-0.486697
0.574102,0.297282,0.587713,-0.486440
0.574477,0.296570,0.587919,-0.486182
0.574851,0.295858,0.588125,-0.485925
0.575226,0.295145,0.588330,-0.485667
0.575601,0.294432,0.588534,-0.485409
0.575975,0.293719,0.588737,-0.485150
0.576350,0.293006,0.588938,-0.484891
0.576724,0.292293,0.589139,-0.484632
0.577099,0.291580,0.589340,-0.484373
0.577474,0.290866,0.589539,-0.484113
0.577848,0.290152,0.589737,-0.483853
0.578223,0.289438,0.589934,-0.483592
0.578598,0.288724,0.590130,-0.483331
0.578972,0.288010,0.590326,-0.483070
0.579347,0.287296,0.590520,-0.482808
0.579722,0.286581,0.590714,-0.482546
0.580097,0.285867,0.590906,-0.482284
0.580471,0.285152,0.591098,-0.482021
0.580846,0.284437,0.591289,-0.481758
0.581221,0.283722,0.591479,-0.481495
0.581595,0.283006,0.591667,-0.481232
0.581970,0.282291,0.591855,-0.480968
0.582345,0.281575,0.592042,-0.480703
0.582720,0.280860,0.592228,-0.480439
0.583094,0.280144,0.592413,-0.480174
0.583469,0.279428,0.592597,-0.479908
0.583844,0.278712,0.592781,-0.479643
0.584219,0.277995,0.592963,-0.479377
0.584593,0.277279,0.593144,-0.479110
0.584968,0.276562,0.593325,-0.478844
0.585343,0.275846,0.593504,-0.478577
0.585718,0.275129,0.593683,-0.478309
0.586092,0.274412,0.593860,-0.478042
0.586467,0.273695,0.594037,-0.477774
0.586842,0.272978,0.594213,-0.477505
0.587217,0.272260,0.594387,-0.477236
0.587591,0.271543,0.594561,-0.476967
0.587966,0.270825,0.594734,-0.476698
0.588341,0.270107,0.594906,-0.476428
0.588716,0.269390,0.595077,-0.476158
0.589090,0.268672,0.595247,-0.475888
0.589465,0.267953,0.595416,-0.475617
0.589840,0.267235,0.595585,-0.475346
0.590215,0.266517,0.595752,-0.475074
0.590589,0.265798,0.595918,-0.474802
0.590964,0.265080,0.596083,-0.474530
0.591339,0.264361,0.596248,-0.474257
0.591713,0.263642,0.596411,-0.473985
0.592088,0.262923,0.596574,-0.473711
0.592463,0.262204,0.596736,-0.473438
0.592838,0.261485,0.596896,-0.473164
0.593212,0.260766,0.597056,-0.472890
0.593587,0.260046,0.597215,-0.472615
0.593962,0.259327,0.597373,-0.472340
0.594336,0.258607,0.597530,-0.472065
0.594711,0.257888,0.597686,-0.471789
0.595086,0.257168,0.597841,-0.471513
0.595460,0.256448,0.597995,-0.471237
0.595835,0.255728,0.598148,-0.470960
0.596209,0.255008,0.598300,-0.470683
0.596584,0.254288,0.598451,-0.470405
0.596959,0.253567,0.598602,-0.470128
0.597333,0.252847,0.598751,-0.469849
0.597708,0.252126,0.598900,-0.469571
0.598082,0.251406,0.599047,-0.469292
0.598457,0.250685,0.599194,-0.469013
0.598832,0.249964,0.599339,-0.468733
0.599206,0.249244,0.599484,-0.468453
0.599581,0.248523,0.599628,-0.468173
0.599955,0.247802,0.599771,-0.467893
0.600330,0.247080,0.599912,-0.467612
0.600704,0.246359,0.600053,-0.467330
0.601079,0.245638,0.600193,-0.467049
0.601453,0.244917,0.600332,-0.466767
0.601827,0.244195,0.600470,-0.466484
0.602202,0.243474,0.600608,-0.466202
0.602576,0.242752,0.600744,-0.465919
0.602951,0.242030,0.600879,-0.465635
0.603325,0.241308,0.601013,-0.465351
0.603699,0.240587,0.601147,-0.465067
0.604074,0.239865,0.601279,-0.464783
0.604448,0.239143,0.601411,-0.464498
0.604822,0.238421,0.601541,-0.464213
0.605197,0.237699,0.601671,-0.463927
0.605571,0.236976,0.601800,-0.463641
0.605945,0.236254,0.601927,-0.463355
0.606319,0.235532,0.602054,-0.463068
0.606694,0.234809,0.602180,-0.462781
0.607068,0.234087,0.602305,-0.462494
0.607442,0.233364,0.602429,-0.462206
0.607816,0.232642,0.602552,-0.461918
0.608190,0.231919,0.602674,-0.461630
0.608564,0.231196,0.602795,-0.461341
0.608938,0.230474,0.602915,-0.461052
0.609312,0.229751,0.603035,-0.460762
0.609686,0.229028,0.603153,-0.460473
0.610060,0.228305,0.603270,-0.460182
0.610434,0.227582,0.603387,-0.459892
0.610808,0.226859,0.603502,-0.459601
0.611182,0.226136,0.603617,-0.459310
0.611556,0.225413,0.603731,-0.459018
0.611930,0.224690,0.603843,-0.458726
0.612304,0.223966,0.603955,-0.458433
0.612678,0.223243,0.604066,-0.458141
0.613052,0.222520,0.604176,-0.457848
0.613425,0.221796,0.604285,-0.457554
0.613799,0.221073,0.604392,-0.457260
0.614173,0.220350,0.604500,-0.456966
0.614547,0.219626,0.604606,-0.456672
0.614920,0.218903,0.604711,-0.456377
0.615294,0.218179,0.604815,-0.456081
0.615668,0.217455,0.604918,-0.455786
0.616041,0.216732,0.605020,-0.455490
0.616415,0.216008,0.605122,-0.455193
0.616788,0.215284,0.605222,-0.454897
0.617162,0.214561,0.605322,-0.454600
0.617535,0.213837,0.605420,-0.454302
0.617909,0.213113,0.605518,-0.454004
0.618282,0.212389,0.605615,-0.453706
0.618655,0.211666,0.605710,-0.453407
0.619029,0.210942,0.605805,-0.453109
0.619402,0.210218,0.605899,-0.452809
0.619775,0.209494,0.605992,-0.452510
0.620148,0.208770,0.606084,-0.452210
0.620522,0.208046,0.606175,-0.451909
0.620895,0.207322,0.606265,-0.451608
0.621268,0.206598,0.606354,-0.451307
0.621641,0.205874,0.606442,-0.451006
0.622014,0.205150,0.606529,-0.450704
0.622387,0.204426,0.606616,-0.450402
0.622760,0.203702,0.606701,-0.450099
0.623133,0.202978,0.606786,-0.449796
0.623506,0.202254,0.606869,-0.449493
0.623879,0.201530,0.606952,-0.449189
0.624251,0.200806,0.607033,-0.448885
0.624624,0.200082,0.607114,-0.448581
0.624997,0.199358,0.607194,-0.448276
0.625370,0.198634,0.607272,-0.447971
0.625742,0.197910,0.607350,-0.447665
0.626115,0.197186,0.607427,-0.447359
0.626487,0.196462,0.607503,-0.447053
0.626860,0.195738,0.607578,-0.446746
0.627233,0.195014,0.607652,-0.446439
0.627605,0.194289,0.607725,-0.446132
0.627977,0.193565,0.607797,-0.445824
0.628350,0.192841,0.607869,-0.445516
0.628722,0.192117,0.607939,-0.445207
0.629094,0.191393,0.608008,-0.444899
0.629467,0.190669,0.608077,-0.444589
0.629839,0.189945,0.608144,-0.444280
0.630211,0.189221,0.608211,-0.443970
0.630583,0.188497,0.608276,-0.443659
0.630955,0.187773,0.608341,-0.443349
0.631327,0.187049,0.608405,-0.443037
0.631699,0.186326,0.608468,-0.442726
0.632071,0.185602,0.608530,-0.442414
0.632443,0.184878,0.608590,-0.442102
0.632815,0.184154,0.608650,-0.441789
0.633186,0.183430,0.608709,-0.441476
0.633558,0.182706,0.608768,-0.441163
0.633930,0.181982,0.608825,-0.440849
0.634301,0.181259,0.608881,-0.440535
0.634673,0.180535,0.608936,-0.440221
0.635044,0.179811,0.608991,-0.439906
0.635416,0.179088,0.609044,-0.439590
0.635787,0.178364,0.609096,-0.439275
0.636159,0.177640,0.609148,-0.438959
0.636530,0.176917,0.609199,-0.438642
0.636901,0.176193,0.609248,-0.438326
0.637272,0.175470,0.609297,-0.438009
0.637643,0.174746,0.609345,-0.437691
0.638015,0.174023,0.609392,-0.437373
0.638386,0.173300,0.609437,-0.437055
0.638757,0.172576,0.609482,-0.436736
0.639127,0.171853,0.609526,-0.436417
0.639498,0.171130,0.609570,-0.436098
0.639869,0.170406,0.609612,-0.435778
0.640240,0.169683,0.609653,-0.435458
0.640611,0.168960,0.609693,-0.435138
0.640981,0.168237,0.609733,-0.434817
0.641352,0.167514,0.609771,-0.434495
0.641722,0.166791,0.609808,-0.434174
0.642093,0.166068,0.609845,-0.433852
0.642463,0.165345,0.609881,-0.433529
0.642834,0.164623,0.609915,-0.433206
0.643204,0.163900,0.609949,-0.432883
0.643574,0.163177,0.609982,-0.432560
0.643944,0.162455,0.610014,-0.432236
0.644314,0.161732,0.610045,-0.431912
0.644684,0.161010,0.610075,-0.431587
0.645054,0.160287,0.610104,-0.431262
0.645424,0.159565,0.610132,-0.430936
0.645794,0.158842,0.610159,-0.430610
0.646164,0.158120,0.610185,-0.430284
0.646533,0.157398,0.610210,-0.429958
0.646903,0.156676,0.610235,-0.429631
0.647273,0.155954,0.610258,-0.429303
0.647642,0.155232,0.610281,-0.428976
0.648012,0.154510,0.610302,-0.428647
0.648381,0.153788,0.610323,-0.428319
0.648750,0.153066,0.610343,-0.427990
0.649120,0.152345,0.610361,-0.427661
0.649489,0.151623,0.610379,-0.427331
0.649858,0.150902,0.610396,-0.427001
0.650227,0.150180,0.610412,-0.426671
0.650596,0.149459,0.610427,-0.426340
0.650965,0.148738,0.610441,-0.426009
0.651334,0.148017,0.610455,-0.425677
0.651702,0.147295,0.610467,-0.425345
0.652071,0.146574,0.610478,-0.425013
0.652440,0.145853,0.610488,-0.424680
0.652808,0.145133,0.610498,-0.424347
0.653177,0.144412,0.610506,-0.424013
0.653545,0.143691,0.610514,-0.423679
0.653914,0.142971,0.610521,-0.423345
0.654282,0.142250,0.610526,-0.423010
0.654650,0.141530,0.610531,-0.422675
0.655018,0.140810,0.610535,-0.422340
0.655386,0.140089,0.610538,-0.422004
0.655754,0.139369,0.610540,-0.421668
0.656122,0.138649,0.610541,-0.421331
0.656490,0.137930,0.610541,-0.420994
0.656857,0.137210,0.610540,-0.420657
0.657225,0.136490,0.610539,-0.420319
0.657593,0.135771,0.610536,-0.419981
0.657960,0.135051,0.610532,-0.419642
0.658328,0.134332,0.610528,-0.419304
0.658695,0.133612,0.610523,-0.418964
0.659062,0.132893,0.610516,-0.418625
0.659429,0.132174,0.610509,-0.418284
0.659796,0.131455,0.610501,-0.417944
0.660163,0.130737,0.610492,-0.417603
0.660530,0.130018,0.610481,-0.417262
0.660897,0.129299,0.610470,-0.416920
0.661264,0.128581,0.610459,-0.416578
0.661631,0.127863,0.610446,-0.416236
0.661997,0.127144,0.610432,-0.415893
0.662364,0.126426,0.610417,-0.415550
0.662730,0.125708,0.610402,-0.415206
0.663096,0.124991,0.610385,-0.414862
0.663463,0.124273,0.610367,-0.414518
0.663829,0.123555,0.610349,-0.414173
0.664195,0.122838,0.610330,-0.413828
0.664561,0.122120,0.610309,-0.413482
0.664927,0.121403,0.610288,-0.413136
0.665293,0.120686,0.610266,-0.412790
0.665658,0.119969,0.610243,-0.412443
0.666024,0.119252,0.610219,-0.412096
0.666390,0.118536,0.610194,-0.411749
0.666755,0.117819,0.610169,-0.411401
0.667120,0.117103,0.610142,-0.411053
0.667486,0.116386,0.610114,-0.410704
0.667851,0.115670,0.610086,-0.410355
0.668216,0.114954,0.610056,-0.410005
0.668581,0.114238,0.610026,-0.409655
0.668946,0.113523,0.609994,-0.409305
0.669311,0.112807,0.609962,-0.408955
0.669676,0.112092,0.609929,-0.408604
0.670040,0.111376,0.609895,-0.408252
0.670405,0.110661,0.609860,-0.407900
0.670769,0.109946,0.609824,-0.407548
0.671134,0.109232,0.609787,-0.407195
0.671498,0.108517,0.609749,-0.406842
0.671862,0.107802,0.609710,-0.406489
0.672226,0.107088,0.609671,-0.406135
0.672590,0.106374,0.609630,-0.405781
0.672954,0.105660,0.609589,-0.405426
0.673318,0.104946,0.609546,-0.405072
0.673681,0.104232,0.609503,-0.404716
0.674045,0.103518,0.609459,-0.404360
0.674408,0.102805,0.609414,-0.404004
0.674772,0.102092,0.609368,-0.403648
0.675135,0.101379,0.609321,-0.403291
0.675498,0.100666,0.609273,-0.402933
0.675861,0.099953,0.609224,-0.402576
0.676224,0.099240,0.609174,-0.402217
0.676587,0.098528,0.609124,-0.401859
0.676950,0.097816,0.609072,-0.401500
0.677312,0.097104,0.609020,-0.401141
0.677675,0.096392,0.608966,-0.400781
0.678037,0.095680,0.608912,-0.400421
0.678400,0.094968,0.608857,-0.400060
0.678762,0.094257,0.608801,-0.399699
0.679124,0.093546,0.608744,-0.399338
0.679486,0.092835,0.608686,-0.398976
0.679848,0.092124,0.608627,-0.398614
0.680210,0.091413,0.608567,-0.398252
0.680572,0.090703,0.608506,-0.397889
0.680933,0.089992,0.608445,-0.397525
0.681295,0.089282,0.608382,-0.397162
0.681656,0.088572,0.608319,-0.396798
0.682017,0.087862,0.608254,-0.396433
0.682378,0.087153,0.608189,-0.396068
0.682740,0.086443,0.608123,-0.395703
0.683100,0.085734,0.608056,-0.395337
0.683461,0.085025,0.607988,-0.394971
0.683822,0.084316,0.607919,-0.394605
0.684183,0.083608,0.607849,-0.394238
0.684543,0.082899,0.607778,-0.393871
0.684903,0.082191,0.607707,-0.393503
0.685264,0.081483,0.607634,-0.393135
0.685624,0.080775,0.607561,-0.392766
0.685984,0.080067,0.607486,-0.392397
0.686344,0.079360,0.607411,-0.392028
0.686704,0.078653,0.607335,-0.391658
0.687063,0.077946,0.607258,-0.391288
0.687423,0.077239,0.607180,-0.390918
0.687782,0.076532,0.607101,-0.390547
0.688142,0.075826,0.607021,-0.390176
0.688501,0.075120,0.606940,-0.389804
0.688860,0.074414,0.606859,-0.389432
0.689219,0.073708,0.606776,-0.389059
0.689578,0.073002,0.606693,-0.388686
0.689936,0.072297,0.606609,-0.388313
0.690295,0.071592,0.606523,-0.387939
0.690653,0.070887,0.606437,-0.387565
0.691012,0.070182,0.606350,-0.387191
0.691370,0.069477,0.606262,-0.386816
0.691728,0.068773,0.606173,-0.386441
0.692086,0.068069,0.606084,-0.386065
0.692444,0.067365,0.605993,-0.385689
0.692802,0.066662,0.605901,-0.385312
0.693159,0.065958,0.605809,-0.384935
0.693517,0.065255,0.605716,-0.384558
0.693874,0.064552,0.605621,-0.384180
0.694231,0.063849,0.605526,-0.383802
0.694589,0.063147,0.605430,-0.383424
0.694946,0.062444,0.605333,-0.383045
0.695302,0.061742,0.605235,-0.382665
0.695659,0.061041,0.605137,-0.382286
0.696016,0.060339,0.605037,-0.381905
0.696372,0.059638,0.604936,-0.381525
0.696728,0.058937,0.604835,-0.381144
0.697085,0.058236,0.604733,-0.380763
0.697441,0.057535,0.604629,-0.380381
0.697797,0.056835,0.604525,-0.379999
0.698152,0.056134,0.604420,-0.379616
0.698508,0.055434,0.604314,-0.379233
0.698864,0.054735,0.604207,-0.378850
0.699219,0.054035,0.604100,-0.378466
0.699574,0.053336,0.603991,-0.378082
0.699929,0.052637,0.603882,-0.377697
0.700284,0.051938,0.603771,-0.377312
0.700639,0.051240,0.603660,-0.376927
0.700994,0.050542,0.603548,-0.376541
0.701349,0.049844,0.603435,-0.376155
0.701703,0.049146,0.603321,-0.375768
0.702057,0.048449,0.603206,-0.375381
0.702412,0.047751,0.603090,-0.374994
0.702766,0.047054,0.602973,-0.374606
0.703120,0.046358,0.602856,-0.374218
0.703473,0.045661,0.602737,-0.373829
0.703827,0.044965,0.602618,-0.373440
0.704180,0.044269,0.602498,-0.373050
0.704534,0.043574,0.602377,-0.372661
0.704887,0.042878,0.602255,-0.372270
0.705240,0.042183,0.602132,-0.371880
0.705593,0.041488,0.602008,-0.371489
0.705946,0.040794,0.601883,-0.371097
0.706298,0.040099,0.601758,-0.370705
0.706651,0.039405,0.601631,-0.370313
0.707003,0.038711,0.601504,-0.369920
0.707355,0.038018,0.601376,-0.369527
0.707707,0.037325,0.601247,-0.369134
0.708059,0.036632,0.601117,-0.368740
0.708411,0.035939,0.600986,-0.368345
0.708763,0.035246,0.600854,-0.367951
0.709114,0.034554,0.600722,-0.367555
0.709465,0.033862,0.600588,-0.367160
0.709816,0.033171,0.600454,-0.366764
0.710167,0.032479,0.600318,-0.366367
0.710518,0.031788,0.600182,-0.365971
0.710869,0.031097,0.600045,-0.365574
0.711219,0.030407,0.599907,-0.365176
0.711570,0.029717,0.599769,-0.364778
0.711920,0.029027,0.599629,-0.364380
0.712270,0.028337,0.599488,-0.363981
0.712620,0.027648,0.599347,-0.363581
0.712970,0.026959,0.599205,-0.363182
0.713320,0.026270,0.599061,-0.362782
0.713669,0.025582,0.598917,-0.362381
0.714018,0.024893,0.598772,-0.361980
0.714367,0.024205,0.598626,-0.361579
0.714716,0.023518,0.598480,-0.361178
0.715065,0.022831,0.598332,-0.360775
0.715414,0.022144,0.598184,-0.360373
0.715763,0.021457,0.598034,-0.359970
0.716111,0.020770,0.597884,-0.359567
0.716459,0.020084,0.597733,-0.359163
0.716807,0.019398,0.597581,-0.358759
0.717155,0.018713,0.597428,-0.358354
0.717503,0.018028,0.597275,-0.357949
0.717850,0.017343,0.597120,-0.357544
0.718198,0.016658,0.596965,-0.357138
0.718545,0.015974,0.596808,-0.356732
0.718892,0.015290,0.596651,-0.356325
0.719239,0.014606,0.596493,-0.355918
0.719586,0.013923,0.596334,-0.355511
0.719932,0.013240,0.596174,-0.355103
0.720279,0.012557,0.596014,-0.354695
0.720625,0.011875,0.595852,-0.354286
0.720971,0.011192,0.595690,-0.353877
0.721317,0.010511,0.595526,-0.353468
0.721663,0.009829,0.595362,-0.353058
0.722008,0.009148,0.595197,-0.352648
0.722354,0.008467,0.595031,-0.352237
0.722699,0.007787,0.594865,-0.351826
0.723044,0.007106,0.594697,-0.351414
0.723389,0.006427,0.594529,-0.351002
0.723734,0.005747,0.594359,-0.350590
0.724078,0.005068,0.594189,-0.350177
0.724423,0.004389,0.594018,-0.349764
0.724767,0.003710,0.593846,-0.349351
0.725111,0.003032,0.593673,-0.348937
0.725455,0.002354,0.593500,-0.348522
0.725799,0.001676,0.593325,-0.348107
0.726142,0.000999,0.593150,-0.347692
0.726485,0.000322,0.592974,-0.347277
0.726829,-0.000354,0.592797,-0.346861
0.727172,-0.001031,0.592619,-0.346444
0.727514,-0.001707,0.592440,-0.346027
0.727857,-0.002382,0.592260,-0.345610
0.728200,-0.003057,0.592080,-0.345192
0.728542,-0.003732,0.591898,-0.344774
0.728884,-0.004407,0.591716,-0.344356
0.729226,-0.005081,0.591533,-0.343937
0.729568,-0.005755,0.591349,-0.343518
0.729909,-0.006429,0.591164,-0.343098
0.730251,-0.007102,0.590978,-0.342678
0.730592,-0.007775,0.590792,-0.342257
0.730933,-0.008447,0.590605,-0.341836
0.731274,-0.009119,0.590416,-0.341415
0.731614,-0.009791,0.590227,-0.340993
0.731955,-0.010463,0.590037,-0.340571
0.732295,-0.011134,0.589847,-0.340148
0.732635,-0.011804,0.589655,-0.339725
0.732975,-0.012475,0.589462,-0.339302
0.733315,-0.013145,0.589269,-0.338878
0.733655,-0.013815,0.589075,-0.338454
0.733994,-0.014484,0.588880,-0.338029
0.734333,-0.015153,0.588684,-0.337604
0.734672,-0.015821,0.588487,-0.337178
0.735011,-0.016490,0.588290,-0.336752
0.735350,-0.017158,0.588091,-0.336326
0.735688,-0.017825,0.587892,-0.335899
0.736026,-0.018492,0.587692,-0.335472
0.736364,-0.019159,0.587491,-0.335045
0.736702,-0.019826,0.587289,-0.334617
0.737040,-0.020492,0.587087,-0.334188
0.737377,-0.021157,0.586883,-0.333759
0.737715,-0.021823,0.586679,-0.333330
0.738052,-0.022488,0.586474,-0.332901
0.738389,-0.023152,0.586268,-0.332470
0.738725,-0.023816,0.586061,-0.332040
0.739062,-0.024480,0.585853,-0.331609
0.739398,-0.025144,0.585645,-0.331178
0.739734,-0.025807,0.585435,-0.330746
0.740070,-0.026470,0.585225,-0.330314
0.740406,-0.027132,0.585014,-0.329882
0.740741,-0.027794,0.584802,-0.329449
0.741077,-0.028455,0.584589,-0.329015
0.741412,-0.029117,0.584376,-0.328582
0.741747,-0.029777,0.584161,-0.328147
0.742081,-0.030438,0.583946,-0.327713
0.742416,-0.031098,0.583730,-0.327278
0.742750,-0.031758,0.583513,-0.326842
0.743084,-0.032417,0.583295,-0.326407
0.743418,-0.033076,0.583077,-0.325970
0.743752,-0.033734,0.582857,-0.325534
0.744086,-0.034392,0.582637,-0.325097
0.744419,-0.035050,0.582416,-0.324659
0.744752,-0.035707,0.582194,-0.324221
0.745085,-0.036364,0.581971,-0.323783
0.745418,-0.037021,0.581748,-0.323344
0.745750,-0.037677,0.581524,-0.322905
0.746082,-0.038333,0.581298,-0.322466
0.746414,-0.038988,0.581072,-0.322026
0.746746,-0.039643,0.580845,-0.321585
0.747078,-0.040298,0.580618,-0.321145
0.747409,-0.040952,0.580389,-0.320703
0.747741,-0.041606,0.580160,-0.320262
0.748072,-0.042259,0.579930,-0.319820
0.748402,-0.042912,0.579699,-0.319377
0.748733,-0.043564,0.579467,-0.318935
0.749063,-0.044217,0.579234,-0.318491
0.749394,-0.044868,0.579001,-0.318048
0.749724,-0.045520,0.578766,-0.317604
0.750053,-0.046171,0.578531,-0.317159
0.750383,-0.046821,0.578295,-0.316714
0.750712,-0.047471,0.578059,-0.316269
0.751041,-0.048121,0.577821,-0.315823
0.751370,-0.048770,0.577583,-0.315377
0.751699,-0.049419,0.577343,-0.314930
0.752027,-0.050067,0.577103,-0.314483
0.752356,-0.050715,0.576862,-0.314036
0.752684,-0.051363,0.576621,-0.313588
0.753011,-0.052010,0.576378,-0.313140
0.753339,-0.052657,0.576135,-0.312691
0.753666,-0.053303,0.575891,-0.312242
0.753994,-0.053949,0.575646,-0.311793
0.754321,-0.054595,0.575400,-0.311343
0.754647,-0.055240,0.575154,-0.310893
0.754974,-0.055884,0.574906,-0.310442
0.755300,-0.056528,0.574658,-0.309991
0.755626,-0.057172,0.574409,-0.309539
0.755952,-0.057816,0.574159,-0.309087
0.756278,-0.058459,0.573909,-0.308635
0.756603,-0.059101,0.573657,-0.308182
0.756928,-0.059743,0.573405,-0.307729
0.757253,-0.060385,0.573152,-0.307276
0.757578,-0.061026,0.572898,-0.306822
0.757902,-0.061667,0.572644,-0.306367
0.758226,-0.062307,0.572388,-0.305912
0.758550,-0.062947,0.572132,-0.305457
0.758874,-0.063586,0.571875,-0.305002
0.759198,-0.064225,0.571617,-0.304545
0.759521,-0.064864,0.571358,-0.304089
0.759844,-0.065502,0.571099,-0.303632
0.760167,-0.066140,0.570839,-0.303175
0.760490,-0.066777,0.570577,-0.302717
0.760812,-0.067414,0.570316,-0.302259
0.761134,-0.068050,0.570053,-0.301800
0.761456,-0.068686,0.569789,-0.301341
0.761778,-0.069322,0.569525,-0.300882
0.762099,-0.069957,0.569260,-0.300422
0.762421,-0.070591,0.568994,-0.299962
0.762742,-0.071225,0.568727,-0.299502
0.763062,-0.071859,0.568460,-0.299041
0.763383,-0.072492,0.568192,-0.298579
0.763703,-0.073125,0.567923,-0.298117
0.764023,-0.073757,0.567653,-0.297655
0.764343,-0.074389,0.567382,-0.297192
0.764663,-0.075020,0.567111,-0.296729
0.764982,-0.075651,0.566839,-0.296266
0.765301,-0.076282,0.566566,-0.295802
0.765620,-0.076912,0.566292,-0.295338
0.765939,-0.077541,0.566017,-0.294873
0.766257,-0.078171,0.565742,-0.294408
0.766575,-0.078799,0.565466,-0.293942
0.766893,-0.079427,0.565189,-0.293476
0.767211,-0.080055,0.564911,-0.293010
0.767528,-0.080682,0.564632,-0.292543
0.767845,-0.081309,0.564353,-0.292076
0.768162,-0.081935,0.564073,-0.291608
0.768479,-0.082561,0.563792,-0.291140
0.768795,-0.083187,0.563510,-0.290672
0.769111,-0.083811,0.563228,-0.290203
0.769427,-0.084436,0.562944,-0.289734
0.769743,-0.085060,0.562660,-0.289264
0.770059,-0.085683,0.562376,-0.288794
0.770374,-0.086306,0.562090,-0.288323
0.770689,-0.086929,0.561804,-0.287852
0.771003,-0.087551,0.561517,-0.287381
0.771318,-0.088172,0.561229,-0.286909
0.771632,-0.088794,0.560940,-0.286437
0.771946,-0.089414,0.560650,-0.285965
0.772260,-0.090034,0.560360,-0.285492
0.772573,-0.090654,0.560069,-0.285018
0.772886,-0.091273,0.559777,-0.284545
0.773199,-0.091892,0.559485,-0.284070
0.773512,-0.092510,0.559191,-0.283596
0.773824,-0.093128,0.558897,-0.283121
0.774136,-0.093745,0.558602,-0.282645
0.774448,-0.094362,0.558307,-0.282169
0.774760,-0.094978,0.558010,-0.281693
0.775071,-0.095594,0.557713,-0.281217
0.775382,-0.096209,0.557415,-0.280739
0.775693,-0.096824,0.557116,-0.280262
0.776004,-0.097438,0.556817,-0.279784
0.776314,-0.098052,0.556516,-0.279306
0.776624,-0.098665,0.556215,-0.278827
0.776934,-0.099278,0.555913,-0.278348
0.777244,-0.099890,0.555611,-0.277868
0.777553,-0.100502,0.555307,-0.277388
0.777862,-0.101113,0.555003,-0.276908
0.778171,-0.101724,0.554698,-0.276427
0.778479,-0.102334,0.554393,-0.275946
0.778788,-0.102944,0.554086,-0.275464
0.779096,-0.103553,0.553779,-0.274982
0.779403,-0.104162,0.553471,-0.274500
0.779711,-0.104771,0.553163,-0.274017
0.780018,-0.105378,0.552853,-0.273534
0.780325,-0.105986,0.552543,-0.273050
0.780632,-0.106592,0.552232,-0.272566
0.780938,-0.107199,0.551920,-0.272082
0.781244,-0.107804,0.551608,-0.271597
0.781550,-0.108410,0.551295,-0.271112
0.781855,-0.109014,0.550981,-0.270626
0.782161,-0.109619,0.550666,-0.270140
0.782466,-0.110222,0.550350,-0.269653
0.782771,-0.110825,0.550034,-0.269166
0.783075,-0.111428,0.549717,-0.268679
0.783379,-0.112030,0.549399,-0.268191
0.783683,-0.112632,0.549081,-0.267703
0.783987,-0.113233,0.548762,-0.267215
0.784290,-0.113834,0.548442,-0.266726
0.784593,-0.114434,0.548121,-0.266236
0.784896,-0.115033,0.547799,-0.265746
0.785199,-0.115632,0.547477,-0.265256
0.785501,-0.116231,0.547154,-0.264766
0.785803,-0.116829,0.546830,-0.264275
0.786105,-0.117426,0.546506,-0.263783
0.786406,-0.118023,0.546181,-0.263291
0.786707,-0.118620,0.545855,-0.262799
0.787008,-0.119215,0.545528,-0.262307
0.787309,-0.119811,0.545201,-0.261813
0.787609,-0.120406,0.544872,-0.261320
0.787909,-0.121000,0.544543,-0.260826
0.788209,-0.121594,0.544214,-0.260332
0.788509,-0.122187,0.543883,-0.259837
0.788808,-0.122780,0.543552,-0.259342
0.789107,-0.123372,0.543220,-0.258847
0.789405,-0.123963,0.542888,-0.258351
0.789704,-0.124554,0.542555,-0.257854
0.790002,-0.125145,0.542220,-0.257358
0.790300,-0.125735,0.541886,-0.256860
0.790597,-0.126324,0.541550,-0.256363
0.790894,-0.126913,0.541214,-0.255865
0.791191,-0.127502,0.540877,-0.255367
0.791488,-0.128090,0.540539,-0.254868
0.791784,-0.128677,0.540201,-0.254369
0.792080,-0.129264,0.539861,-0.253869
0.792376,-0.129850,0.539522,-0.253369
0.792671,-0.130436,0.539181,-0.252869
0.792967,-0.131021,0.538840,-0.252368
0.793261,-0.131605,0.538497,-0.251867
0.793556,-0.132189,0.538155,-0.251365
0.793850,-0.132773,0.537811,-0.250863
0.794144,-0.133356,0.537467,-0.250361
0.794438,-0.133938,0.537122,-0.249858
0.794731,-0.134520,0.536776,-0.249355
0.795025,-0.135101,0.536430,-0.248851
0.795317,-0.135682,0.536083,-0.248347
0.795610,-0.136262,0.535735,-0.247843
0.795902,-0.136842,0.535386,-0.247338
0.796194,-0.137421,0.535037,-0.246833
0.796486,-0.137999,0.534687,-0.246327
0.796777,-0.138577,0.534336,-0.245821
0.797068,-0.139154,0.533985,-0.245314
0.797359,-0.139731,0.533632,-0.244807
0.797649,-0.140307,0.533279,-0.244300
0.797939,-0.140883,0.532926,-0.243792
0.798229,-0.141458,0.532572,-0.243284
0.798519,-0.142033,0.532217,-0.242776
0.798808,-0.142607,0.531861,-0.242267
0.799097,-0.143180,0.531504,-0.241758
0.799385,-0.143753,0.531147,-0.241248
0.799674,-0.144325,0.530789,-0.240738
0.799962,-0.144897,0.530431,-0.240227
0.800249,-0.145468,0.530072,-0.239717
0.800537,-0.146039,0.529712,-0.239205
0.800824,-0.146609,0.529351,-0.238693
0.801111,-0.147178,0.528990,-0.238181
0.801397,-0.147747,0.528627,-0.237669
0.801683,-0.148315,0.528265,-0.237156
0.801969,-0.148883,0.527901,-0.236643
0.802255,-0.149450,0.527537,-0.236129
0.802540,-0.150017,0.527172,-0.235615
0.802825,-0.150583,0.526807,-0.235100
0.803109,-0.151148,0.526440,-0.234585
0.803394,-0.151713,0.526073,-0.234070
0.803678,-0.152277,0.525706,-0.233554
0.803961,-0.152841,0.525337,-0.233038
0.804245,-0.153404,0.524968,-0.232522
0.804528,-0.153966,0.524598,-0.232005
0.804810,-0.154528,0.524228,-0.231487
0.805093,-0.155089,0.523857,-0.230969
0.805375,-0.155650,0.523485,-0.230451
0.805657,-0.156210,0.523112,-0.229933
0.805938,-0.156770,0.522739,-0.229414
0.806219,-0.157329,0.522365,-0.228894
0.806500,-0.157887,0.521991,-0.228375
0.806781,-0.158445,0.521615,-0.227855
0.807061,-0.159002,0.521239,-0.227334
0.807341,-0.159559,0.520863,-0.226813
0.807620,-0.160115,0.520485,-0.226292
0.807899,-0.160670,0.520107,-0.225770
0.808178,-0.161225,0.519729,-0.225248
0.808457,-0.161779,0.519349,-0.224725
0.808735,-0.162333,0.518969,-0.224202
0.809013,-0.162886,0.518589,-0.223679
0.809290,-0.163438,0.518207,-0.223155
0.809568,-0.163990,0.517825,-0.222631
0.809845,-0.164541,0.517442,-0.222107
0.810121,-0.165092,0.517059,-0.221582
0.810398,-0.165642,0.516675,-0.221056
0.810674,-0.166191,0.516290,-0.220531
0.810949,-0.166740,0.515904,-0.220004
0.811224,-0.167288,0.515518,-0.219478
0.811499,-0.167836,0.515131,-0.218951
0.811774,-0.168383,0.514744,-0.218424
0.812048,-0.168929,0.514356,-0.217896
0.812322,-0.169475,0.513967,-0.217368
0.812596,-0.170020,0.513577,-0.216839
0.812869,-0.170565,0.513187,-0.216310
0.813142,-0.171109,0.512796,-0.215781
0.813415,-0.171652,0.512405,-0.215251
0.813687,-0.172195,0.512013,-0.214721
0.813959,-0.172737,0.511620,-0.214191
0.814231,-0.173278,0.511226,-0.213660
0.814502,-0.173819,0.510832,-0.213129
0.814773,-0.174360,0.510437,-0.212597
0.815044,-0.174899,0.510042,-0.212065
0.815314,-0.175438,0.509646,-0.211532
0.815584,-0.175977,0.509249,-0.211000
0.815854,-0.176514,0.508851,-0.210466
0.816123,-0.177052,0.508453,-0.209933
0.816392,-0.177588,0.508054,-0.209399
0.816660,-0.178124,0.507655,-0.208864
0.816929,-0.178659,0.507255,-0.208329
0.817197,-0.179194,0.506854,-0.207794
0.817464,-0.179728,0.506453,-0.207258
0.817731,-0.180262,0.506050,-0.206722
0.817998,-0.180794,0.505648,-0.206186
0.818265,-0.181327,0.505244,-0.205649
0.818531,-0.181858,0.504840,-0.205112
0.818797,-0.182389,0.504436,-0.204574
0.819062,-0.182919,0.504030,-0.204036
0.819327,-0.183449,0.503624,-0.203498
0.819592,-0.183978,0.503218,-0.202959
0.819857,-0.184506,0.502811,-0.202420
0.820121,-0.185034,0.502403,-0.201880
0.820385,-0.185561,0.501994,-0.201341
0.820648,-0.186088,0.501585,-0.200800
0.820911,-0.186614,0.501175,-0.200259
0.821174,-0.187139,0.500765,-0.199718
0.821436,-0.187664,0.500353,-0.199177
0.821698,-0.188188,0.499942,-0.198635
0.821960,-0.188711,0.499529,-0.198093
0.822221,-0.189234,0.499116,-0.197550
0.822482,-0.189756,0.498703,-0.197007
0.822743,-0.190277,0.498288,-0.196463
0.823003,-0.190798,0.497873,-0.195920
0.823263,-0.191318,0.497458,-0.195375
0.823522,-0.191837,0.497042,-0.194831
0.823782,-0.192356,0.496625,-0.194286
0.824040,-0.192874,0.496207,-0.193740
0.824299,-0.193392,0.495789,-0.193194
0.824557,-0.193909,0.495371,-0.192648
0.824815,-0.194425,0.494951,-0.192102
0.825072,-0.194941,0.494531,-0.191555
0.825329,-0.195456,0.494111,-0.191007
0.825586,-0.195970,0.493689,-0.190460
0.825842,-0.196484,0.493267,-0.189911
0.826098,-0.196997,0.492845,-0.189363
0.826354,-0.197509,0.492422,-0.188814
0.826609,-0.198021,0.491998,-0.188265
0.826864,-0.198532,0.491574,-0.187715
0.827118,-0.199042,0.491149,-0.187165
0.827372,-0.199552,0.490723,-0.186615
0.827626,-0.200061,0.490297,-0.186064
0.827879,-0.200569,0.489870,-0.185512
0.828132,-0.201077,0.489443,-0.184961
0.828385,-0.201584,0.489015,-0.184409
0.828637,-0.202091,0.488586,-0.183856
0.828889,-0.202596,0.488157,-0.183304
0.829141,-0.203101,0.487727,-0.182751
0.829392,-0.203606,0.487296,-0.182197
0.829643,-0.204110,0.486865,-0.181643
0.829893,-0.204613,0.486434,-0.181089
0.830143,-0.205115,0.486001,-0.180534
0.830393,-0.205617,0.485568,-0.179979
0.830642,-0.206118,0.485135,-0.179424
0.830891,-0.206619,0.484701,-0.178868
0.831140,-0.207119,0.484266,-0.178312
0.831388,-0.207618,0.483830,-0.177755
0.831636,-0.208116,0.483394,-0.177198
0.831883,-0.208614,0.482958,-0.176641
0.832130,-0.209111,0.482521,-0.176083
0.832377,-0.209608,0.482083,-0.175525
0.832624,-0.210103,0.481645,-0.174966
0.832869,-0.210599,0.481206,-0.174407
0.833115,-0.211093,0.480766,-0.173848
0.833360,-0.211587,0.480326,-0.173288
0.833605,-0.212080,0.479885,-0.172728
0.833850,-0.212572,0.479444,-0.172168
0.834094,-0.213064,0.479002,-0.171607
0.834337,-0.213555,0.478559,-0.171046
0.834581,-0.214045,0.478116,-0.170484
0.834823,-0.214535,0.477672,-0.169922
0.835066,-0.215024,0.477228,-0.169360
0.835308,-0.215513,0.476783,-0.168797
0.835550,-0.216000,0.476338,-0.168234
0.835791,-0.216487,0.475891,-0.167671
0.836032,-0.216974,0.475445,-0.167107
0.836273,-0.217459,0.474998,-0.166543
0.836513,-0.217944,0.474550,-0.165978
0.836753,-0.218428,0.474101,-0.165413
0.836992,-0.218912,0.473652,-0.164848
0.837231,-0.219395,0.473203,-0.164282
0.837470,-0.219877,0.472753,-0.163716
0.837708,-0.220359,0.472302,-0.163150
0.837946,-0.220839,0.471850,-0.162583
0.838184,-0.221320,0.471399,-0.162016
0.838421,-0.221799,0.470946,-0.161448
0.838658,-0.222278,0.470493,-0.160880
0.838894,-0.222756,0.470039,-0.160312
0.839130,-0.223233,0.469585,-0.159743
0.839365,-0.223710,0.469130,-0.159174
0.839601,-0.224186,0.468675,-0.158604
0.839835,-0.224661,0.468219,-0.158035
0.840070,-0.225136,0.467763,-0.157464
0.840304,-0.225610,0.467306,-0.156894
0.840537,-0.226083,0.466848,-0.156323
0.840770,-0.226555,0.466390,-0.155751
0.841003,-0.227027,0.465931,-0.155180
0.841235,-0.227498,0.465472,-0.154608
0.841467,-0.227969,0.465012,-0.154035
0.841699,-0.228439,0.464551,-0.153462
0.841930,-0.228908,0.464090,-0.152889
0.842161,-0.229376,0.463629,-0.152316
0.842391,-0.229843,0.463167,-0.151742
0.842621,-0.230310,0.462704,-0.151167
0.842851,-0.230777,0.462241,-0.150593
0.843080,-0.231242,0.461777,-0.150017
0.843309,-0.231707,0.461312,-0.149442
0.843537,-0.232171,0.460848,-0.148866
0.843765,-0.232634,0.460382,-0.148290
0.843993,-0.233097,0.459916,-0.147714
0.844220,-0.233559,0.459449,-0.147137
0.844447,-0.234020,0.458982,-0.146559
0.844673,-0.234481,0.458515,-0.145982
0.844899,-0.234941,0.458046,-0.145404
0.845124,-0.235400,0.457578,-0.144825
0.845349,-0.235858,0.457108,-0.144247
0.845574,-0.236316,0.456638,-0.143667
0.845798,-0.236773,0.456168,-0.143088
0.846022,-0.237229,0.455697,-0.142508
0.846246,-0.237685,0.455226,-0.141928
0.846469,-0.238140,0.454753,-0.141347
0.846692,-0.238594,0.454281,-0.140766
0.846914,-0.239047,0.453808,-0.140185
0.847136,-0.239500,0.453334,-0.139603
0.847357,-0.239952,0.452860,-0.139021
0.847578,-0.240403,0.452385,-0.138439
0.847799,-0.240854,0.451910,-0.137856
0.848019,-0.241304,0.451434,-0.137273
0.848239,-0.241753,0.450958,-0.136689
0.848458,-0.242201,0.450481,-0.136106
0.848677,-0.242649,0.450003,-0.135521
0.848895,-0.243096,0.449525,-0.134937
0.849113,-0.243542,0.449047,-0.134352
0.849331,-0.243988,0.448568,-0.133766
0.849548,-0.244433,0.448088,-0.133181
0.849765,-0.244877,0.447608,-0.132595
0.849982,-0.245320,0.447128,-0.132008
0.850198,-0.245763,0.446647,-0.131421
0.850413,-0.246205,0.446165,-0.130834
0.850628,-0.246646,0.445683,-0.130247
0.850843,-0.247086,0.445200,-0.129659
0.851057,-0.247526,0.444717,-0.129071
0.851271,-0.247965,0.444233,-0.128482
0.851485,-0.248403,0.443749,-0.127893
0.851698,-0.248841,0.443264,-0.127304
0.851910,-0.249278,0.442779,-0.126714
0.852122,-0.249714,0.442293,-0.126124
0.852334,-0.250149,0.441807,-0.125534
0.852545,-0.250584,0.441320,-0.124943
0.852756,-0.251017,0.440833,-0.124352
0.852967,-0.251451,0.440345,-0.123761
0.853177,-0.251883,0.439856,-0.123169
0.853386,-0.252315,0.439368,-0.122577
0.853596,-0.252746,0.438878,-0.121984
0.853804,-0.253176,0.438388,-0.121391
0.854013,-0.253605,0.437898,-0.120798
0.854221,-0.254034,0.437407,-0.120204
0.854428,-0.254462,0.436916,-0.119610
0.854635,-0.254889,0.436424,-0.119016
0.854842,-0.255316,0.435931,-0.118421
0.855048,-0.255741,0.435438,-0.117826
0.855253,-0.256166,0.434945,-0.117231
0.855459,-0.256591,0.434451,-0.116635
0.855664,-0.257014,0.433957,-0.116039
0.855868,-0.257437,0.433462,-0.115443
0.856072,-0.257859,0.432966,-0.114846
0.856276,-0.258280,0.432470,-0.114249
0.856479,-0.258701,0.431974,-0.113652
0.856681,-0.259121,0.431477,-0.113054
0.856883,-0.259540,0.430980,-0.112456
0.857085,-0.259958,0.430482,-0.111857
0.857287,-0.260376,0.429984,-0.111258
0.857487,-0.260792,0.429485,-0.110659
0.857688,-0.261209,0.428985,-0.110059
0.857888,-0.261624,0.428486,-0.109459
0.858088,-0.262038,0.427985,-0.108859
0.858287,-0.262452,0.427484,-0.108258
0.858485,-0.262865,0.426983,-0.107657
0.858684,-0.263278,0.426481,-0.107056
0.858881,-0.263689,0.425979,-0.106454
0.859079,-0.264100,0.425476,-0.105852
0.859276,-0.264510,0.424973,-0.105250
0.859472,-0.264919,0.424470,-0.104647
0.859668,-0.265328,0.423965,-0.104044
0.859864,-0.265736,0.423461,-0.103441
0.860059,-0.266143,0.422956,-0.102837
0.860253,-0.266549,0.422450,-0.102233
0.860448,-0.266955,0.421944,-0.101628
0.860641,-0.267359,0.421437,-0.101024
0.860835,-0.267763,0.420930,-0.100418
0.861028,-0.268167,0.420423,-0.099813
0.861220,-0.268569,0.419915,-0.099207
0.861412,-0.268971,0.419407,-0.098601
0.861598,-0.269344,0.418923,-0.098008
0.861778,-0.269691,0.418465,-0.097429
0.861952,-0.270011,0.418032,-0.096863
0.862119,-0.270305,0.417624,-0.096309
0.862280,-0.270574,0.417242,-0.095767
0.862434,-0.270819,0.416886,-0.095238
0.862581,-0.271040,0.416555,-0.094721
0.862722,-0.271239,0.416250,-0.094216
0.862856,-0.271416,0.415966,-0.093724
0.862985,-0.271573,0.415705,-0.093247
0.863108,-0.271710,0.415463,-0.092784
0.863225,-0.271830,0.415240,-0.092337
0.863338,-0.271933,0.415034,-0.091906
0.863446,-0.272019,0.414845,-0.091491
0.863549,-0.272089,0.414672,-0.091094
0.863648,-0.272144,0.414513,-0.090714
0.863743,-0.272184,0.414368,-0.090351
0.863833,-0.272211,0.414236,-0.090007
0.863920,-0.272224,0.414117,-0.089682
0.864003,-0.272223,0.414011,-0.089375
0.864083,-0.272210,0.413915,-0.089087
0.864159,-0.272185,0.413831,-0.088818
0.864232,-0.272148,0.413757,-0.088567
0.864302,-0.272101,0.413692,-0.088333
0.864369,-0.272045,0.413635,-0.088112
0.864434,-0.271980,0.413586,-0.087905
0.864497,-0.271909,0.413543,-0.087710
0.864557,-0.271831,0.413506,-0.087526
0.864616,-0.271747,0.413475,-0.087352
0.864673,-0.271658,0.413449,-0.087186
0.864729,-0.271564,0.413428,-0.087029
0.864783,-0.271466,0.413410,-0.086880
0.864836,-0.271365,0.413397,-0.086737
0.864888,-0.271260,0.413386,-0.086600
0.864938,-0.271152,0.413379,-0.086469
0.864987,-0.271042,0.413374,-0.086343
0.865036,-0.270930,0.413371,-0.086222
0.865083,-0.270815,0.413371,-0.086105
0.865130,-0.270699,0.413373,-0.085992
0.865176,-0.270582,0.413376,-0.085883
0.865221,-0.270463,0.413382,-0.085777
0.865266,-0.270343,0.413388,-0.085674
0.865310,-0.270223,0.413396,-0.085574
0.865353,-0.270101,0.413405,-0.085476
0.865395,-0.269979,0.413415,-0.085380
0.865438,-0.269857,0.413426,-0.085287
0.865479,-0.269734,0.413438,-0.085196
0.865520,-0.269610,0.413451,-0.085106
0.865561,-0.269487,0.413464,-0.085018
0.865601,-0.269364,0.413478,-0.084932
0.865641,-0.269240,0.413493,-0.084847
0.865680,-0.269117,0.413508,-0.084764
0.865719,-0.268993,0.413523,-0.084682
0.865758,-0.268870,0.413539,-0.084601
0.865796,-0.268747,0.413555,-0.084521
0.865834,-0.268624,0.413572,-0.084442
0.865872,-0.268501,0.413589,-0.084364
0.865909,-0.268379,0.413606,-0.084287
0.865946,-0.268257,0.413623,-0.084211
0.865983,-0.268136,0.413640,-0.084135
0.866019,-0.268014,0.413658,-0.084061
0.866055,-0.267894,0.413675,-0.083987
0.866091,-0.267773,0.413693,-0.083914
0.866127,-0.267653,0.413711,-0.083842
0.866162,-0.267534,0.413729,-0.083770
0.866197,-0.267415,0.413747,-0.083699
0.866232,-0.267297,0.413765,-0.083628
0.866266,-0.267179,0.413783,-0.083558
0.866301,-0.267061,0.413801,-0.083488
0.866335,-0.266944,0.413819,-0.083419
0.866368,-0.266828,0.413837,-0.083351
0.866402,-0.266712,0.413856,-0.083283
0.866435,-0.266597,0.413874,-0.083215
0.866468,-0.266482,0.413892,-0.083148
0.866501,-0.266368,0.413910,-0.083082
0.866534,-0.266254,0.413928,-0.083015
0.866566,-0.266141,0.413946,-0.082950
0.866598,-0.266028,0.413964,-0.082884
0.866630,-0.265916,0.413982,-0.082820
0.866662,-0.265805,0.414000,-0.082755
0.866694,-0.265694,0.414018,-0.082691
0.866725,-0.265584,0.414036,-0.082627
0.866756,-0.265474,0.414054,-0.082564
0.866787,-0.265365,0.414072,-0.082501
0.866818,-0.265256,0.414090,-0.082438
0.866848,-0.265148,0.414107,-0.082376
0.866879,-0.265040,0.414125,-0.082314
0.866909,-0.264933,0.414143,-0.082253
0.866939,-0.264827,0.414160,-0.082192
0.866968,-0.264721,0.414178,-0.082131
0.866998,-0.264615,0.414195,-0.082071
0.867027,-0.264510,0.414213,-0.082010
0.867056,-0.264406,0.414230,-0.081951
0.867085,-0.264302,0.414247,-0.081891
0.867114,-0.264199,0.414265,-0.081832
0.867143,-0.264097,0.414282,-0.081774
0.867171,-0.263994,0.414299,-0.081715
0.867200,-0.263893,0.414316,-0.081657
0.867228,-0.263792,0.414333,-0.081599
0.867256,-0.263691,0.414350,-0.081542
0.867283,-0.263591,0.414367,-0.081485
0.867311,-0.263492,0.414383,-0.081428
0.867338,-0.263393,0.414400,-0.081371
0.867365,-0.263294,0.414417,-0.081315
0.867392,-0.263196,0.414433,-0.081259
0.867419,-0.263099,0.414450,-0.081204
0.867446,-0.263002,0.414466,-0.081148
0.867473,-0.262906,0.414483,-0.081093
0.867499,-0.262810,0.414499,-0.081039
0.867525,-0.262714,0.414515,-0.080984
0.867551,-0.262619,0.414531,-0.080930
0.867577,-0.262525,0.414548,-0.080876
0.867603,-0.262431,0.414564,-0.080823
0.867628,-0.262338,0.414580,-0.080769
0.867654,-0.262245,0.414596,-0.080717
0.867679,-0.262153,0.414611,-0.080664
0.867704,-0.262061,0.414627,-0.080612
0.867729,-0.261969,0.414643,-0.080559
0.867754,-0.261878,0.414659,-0.080508
0.867778,-0.261788,0.414674,-0.080456
0.867803,-0.261698,0.414690,-0.080405
0.867827,-0.261608,0.414705,-0.080354
0.867851,-0.261519,0.414721,-0.080303
0.867875,-0.261431,0.414736,-0.080253
0.867899,-0.261343,0.414752,-0.080203
0.867923,-0.261255,0.414767,-0.080153
0.867946,-0.261168,0.414782,-0.080103
0.867970,-0.261081,0.414797,-0.080054
0.867993,-0.260995,0.414812,-0.080005
0.868016,-0.260909,0.414827,-0.079956
0.868039,-0.260824,0.414842,-0.079907
0.868062,-0.260739,0.414857,-0.079859
0.868085,-0.260654,0.414872,-0.079811
0.868107,-0.260570,0.414886,-0.079763
0.868130,-0.260487,0.414901,-0.079716
0.868152,-0.260404,0.414916,-0.079668
0.868174,-0.260321,0.414930,-0.079621
0.868196,-0.260239,0.414945,-0.079575
0.868218,-0.260157,0.414959,-0.079528
0.868240,-0.260076,0.414974,-0.079482
0.868261,-0.259995,0.414988,-0.079436
0.868283,-0.259914,0.415002,-0.079390
0.868304,-0.259834,0.415016,-0.079345
0.868325,-0.259754,0.415030,-0.079299
0.868347,-0.259675,0.415045,-0.079254
0.868367,-0.259596,0.415059,-0.079209
0.868388,-0.259518,0.415072,-0.079165
0.868409,-0.259440,0.415086,-0.079121
0.868430,-0.259362,0.415100,-0.079077
0.868450,-0.259285,0.415114,-0.079033
0.868470,-0.259208,0.415128,-0.078989
0.868491,-0.259132,0.415141,-0.078946
0.868511,-0.259056,0.415155,-0.078903
0.868531,-0.258980,0.415168,-0.078860
0.868550,-0.258905,0.415182,-0.078817
0.868570,-0.258830,0.415195,-0.078775
0.868590,-0.258756,0.415209,-0.078732
0.868609,-0.258682,0.415222,-0.078690
0.868629,-0.258609,0.415235,-0.078649
0.868648,-0.258535,0.415248,-0.078607
0.868667,-0.258463,0.415262,-0.078566
0.868686,-0.258390,0.415275,-0.078525
0.868705,-0.258318,0.415288,-0.078484
0.868724,-0.258246,0.415301,-0.078443
0.868742,-0.258175,0.415313,-0.078403
0.868761,-0.258104,0.415326,-0.078362
0.868779,-0.258034,0.415339,-0.078322
0.868798,-0.257963,0.415352,-0.078283
0.868816,-0.257894,0.415364,-0.078243
0.868834,-0.257824,0.415377,-0.078204
0.868852,-0.257755,0.415390,-0.078165
0.868870,-0.257687,0.415402,-0.078126
0.868888,-0.257618,0.415415,-0.078087
0.868906,-0.257550,0.415427,-0.078048
0.868923,-0.257483,0.415439,-0.078010
0.868941,-0.257415,0.415452,-0.077972
0.868958,-0.257348,0.415464,-0.077934
0.868975,-0.257282,0.415476,-0.077896
0.868992,-0.257216,0.415488,-0.077859
0.869009,-0.257150,0.415500,-0.077821
0.869026,-0.257084,0.415512,-0.077784
0.869043,-0.257019,0.415524,-0.077747
0.869060,-0.256954,0.415536,-0.077711
0.869077,-0.256890,0.415548,-0.077674
0.869093,-0.256826,0.415560,-0.077638
0.869110,-0.256762,0.415571,-0.077602
0.869126,-0.256699,0.415583,-0.077566
0.869142,-0.256636,0.415595,-0.077530
0.869159,-0.256573,0.415606,-0.077494
0.869175,-0.256510,0.415618,-0.077459
0.869191,-0.256448,0.415629,-0.077424
0.869206,-0.256386,0.415641,-0.077389
0.869222,-0.256325,0.415652,-0.077354
0.869238,-0.256264,0.415663,-0.077319
0.869254,-0.256203,0.415675,-0.077285
0.869269,-0.256142,0.415686,-0.077251
0.869284,-0.256082,0.415697,-0.077217
0.869300,-0.256022,0.415708,-0.077183
0.869315,-0.255963,0.415719,-0.077149
0.869330,-0.255904,0.415730,-0.077116
0.869345,-0.255845,0.415741,-0.077082
0.869360,-0.255786,0.415752,-0.077049
0.869375,-0.255728,0.415763,-0.077016
0.869390,-0.255670,0.415774,-0.076983
0.869405,-0.255612,0.415784,-0.076951
0.869419,-0.255555,0.415795,-0.076918
0.869434,-0.255498,0.415806,-0.076886
0.869448,-0.255441,0.415816,-0.076854
0.869463,-0.255384,0.415827,-0.076822
0.869477,-0.255328,0.415838,-0.076790
0.869491,-0.255272,0.415848,-0.076758
0.869505,-0.255217,0.415858,-0.076727
0.869519,-0.255162,0.415869,-0.076696
0.869533,-0.255107,0.415879,-0.076665
0.869547,-0.255052,0.415889,-0.076634
0.869561,-0.254997,0.415900,-0.076603
0.869574,-0.254943,0.415910,-0.076572
0.869588,-0.254889,0.415920,-0.076542
0.869602,-0.254836,0.415930,-0.076512
0.869615,-0.254783,0.415940,-0.076481
0.869628,-0.254730,0.415950,-0.076451
0.869642,-0.254677,0.415960,-0.076422
0.869655,-0.254624,0.415970,-0.076392
0.869668,-0.254572,0.415980,-0.076363
0.869681,-0.254520,0.415990,-0.076333
0.869694,-0.254469,0.415999,-0.076304
0.869707,-0.254417,0.416009,-0.076275
0.869720,-0.254366,0.416019,-0.076246
0.869733,-0.254315,0.416028,-0.076217
0.869745,-0.254265,0.416038,-0.076189
0.869758,-0.254215,0.416048,-0.076160
0.869771,-0.254165,0.416057,-0.076132
0.869783,-0.254115,0.416066,-0.076104
0.869795,-0.254065,0.416076,-0.076076
0.869808,-0.254016,0.416085,-0.076048
0.869820,-0.253967,0.416095,-0.076021
0.869832,-0.253919,0.416104,-0.075993
0.869844,-0.253870,0.416113,-0.075966
0.869856,-0.253822,0.416122,-0.075939
0.869868,-0.253774,0.416131,-0.075912
0.869880,-0.253726,0.416140,-0.075885
0.869892,-0.253679,0.416150,-0.075858
0.869904,-0.253632,0.416159,-0.075831
0.869916,-0.253585,0.416168,-0.075805
0.869927,-0.253538,0.416176,-0.075778
0.869939,-0.253492,0.416185,-0.075752
0.869950,-0.253445,0.416194,-0.075726
0.869962,-0.253399,0.416203,-0.075700
0.869973,-0.253354,0.416212,-0.075674
0.869984,-0.253308,0.416220,-0.075649
0.869996,-0.253263,0.416229,-0.075623
0.870007,-0.253218,0.416238,-0.075598
0.870018,-0.253173,0.416246,-0.075572
0.870029,-0.253129,0.416255,-0.075547
0.870040,-0.253084,0.416263,-0.075522
0.870051,-0.253040,0.416272,-0.075497
0.870062,-0.252997,0.416280,-0.075473
0.870072,-0.252953,0.416289,-0.075448
0.870083,-0.252910,0.416297,-0.075424
0.870094,-0.252867,0.416305,-0.075399
0.870104,-0.252824,0.416314,-0.075375
0.870115,-0.252781,0.416322,-0.075351
0.870125,-0.252739,0.416330,-0.075327
0.870136,-0.252696,0.416338,-0.075303
0.870146,-0.252654,0.416346,-0.075280
0.870157,-0.252612,0.416354,-0.075256
0.870167,-0.252571,0.416363,-0.075233
0.870177,-0.252530,0.416371,-0.075209
0.870187,-0.252488,0.416378,-0.075186
0.870197,-0.252448,0.416386,-0.075163
0.870207,-0.252407,0.416394,-0.075140
0.870217,-0.252366,0.416402,-0.075117
0.870227,-0.252326,0.416410,-0.075095
0.870237,-0.252286,0.416418,-0.075072
0.870247,-0.252246,0.416425,-0.075050
0.870256,-0.252207,0.416433,-0.075027
0.870266,-0.252167,0.416441,-0.075005
0.870276,-0.252128,0.416448,-0.074983
0.870285,-0.252089,0.416456,-0.074961
0.870295,-0.252050,0.416464,-0.074939
0.870304,-0.252012,0.416471,-0.074917
0.870314,-0.251973,0.416479,-0.074896
0.870323,-0.251935,0.416486,-0.074874
0.870332,-0.251897,0.416493,-0.074853
0.870342,-0.251859,0.416501,-0.074831
0.870351,-0.251822,0.416508,-0.074810
0.870360,-0.251784,0.416515,-0.074789
0.870369,-0.251747,0.416523,-0.074768
0.870378,-0.251710,0.416530,-0.074747
0.870387,-0.251673,0.416537,-0.074727
0.870396,-0.251637,0.416544,-0.074706
0.870405,-0.251600,0.416551,-0.074685
0.870414,-0.251564,0.416558,-0.074665
0.870422,-0.251528,0.416566,-0.074645
0.870431,-0.251492,0.416573,-0.074624
0.870440,-0.251456,0.416580,-0.074604
0.870448,-0.251421,0.416586,-0.074584
0.870457,-0.251386,0.416593,-0.074565
0.870466,-0.251350,0.416600,-0.074545
0.870474,-0.251316,0.416607,-0.074525
0.870482,-0.251281,0.416614,-0.074506
0.870491,-0.251246,0.416621,-0.074486
0.870499,-0.251212,0.416628,-0.074467
0.870507,-0.251178,0.416634,-0.074447
0.870516,-0.251144,0.416641,-0.074428
0.870524,-0.251110,0.416648,-0.074409
0.870532,-0.251076,0.416654,-0.074390
0.870540,-0.251043,0.416661,-0.074371
0.870548,-0.251009,0.416667,-0.074353
0.870556,-0.250976,0.416674,-0.074334
0.870564,-0.250943,0.416680,-0.074316
0.870572,-0.250911,0.416687,-0.074297
0.870580,-0.250878,0.416693,-0.074279
0.870588,-0.250846,0.416700,-0.074260
0.870596,-0.250813,0.416706,-0.074242
0.870603,-0.250781,0.416712,-0.074224
0.870611,-0.250749,0.416719,-0.074206
0.870619,-0.250718,0.416725,-0.074188
0.870626,-0.250686,0.416731,-0.074171
0.870634,-0.250655,0.416737,-0.074153
0.870642,-0.250623,0.416744,-0.074135
0.870649,-0.250592,0.416750,-0.074118
0.870656,-0.250561,0.416756,-0.074100
0.870664,-0.250531,0.416762,-0.074083
0.870671,-0.250500,0.416768,-0.074066
0.870679,-0.250470,0.416774,-0.074049
0.870686,-0.250439,0.416780,-0.074032
0.870693,-0.250409,0.416786,-0.074015
0.870700,-0.250379,0.416792,-0.073998
0.870707,-0.250349,0.416798,-0.073981
0.870715,-0.250320,0.416804,-0.073965
0.870722,-0.250290,0.416810,-0.073948
0.870729,-0.250261,0.416815,-0.073931
0.870736,-0.250232,0.416821,-0.073915
0.870743,-0.250203,0.416827,-0.073899
0.870750,-0.250174,0.416833,-0.073882
0.870757,-0.250145,0.416838,-0.073866
0.870763,-0.250117,0.416844,-0.073850
0.870770,-0.250088,0.416850,-0.073834
0.870777,-0.250060,0.416855,-0.073818
0.870784,-0.250032,0.416861,-0.073803
0.870790,-0.250004,0.416867,-0.073787
0.870797,-0.249976,0.416872,-0.073771
0.870804,-0.249948,0.416878,-0.073756
0.870810,-0.249921,0.416883,-0.073740
0.870817,-0.249893,0.416889,-0.073725
0.870823,-0.249866,0.416894,-0.073709
0.870830,-0.249839,0.416899,-0.073694
0.870836,-0.249812,0.416905,-0.073679
0.870843,-0.249785,0.416910,-0.073664
0.870849,-0.249759,0.416915,-0.073649
0.870855,-0.249732,0.416921,-0.073634
0.870862,-0.249706,0.416926,-0.073619
0.870868,-0.249679,0.416931,-0.073604
0.870874,-0.249653,0.416937,-0.073590
0.870880,-0.249627,0.416942,-0.073575
0.870886,-0.249602,0.416947,-0.073561
0.870893,-0.249576,0.416952,-0.073546
0.870899,-0.249550,0.416957,-0.073532
0.870905,-0.249525,0.416962,-0.073517
0.870911,-0.249499,0.416967,-0.073503
0.870917,-0.249474,0.416972,-0.073489
0.870923,-0.249449,0.416977,-0.073475
0.870929,-0.249424,0.416982,-0.073461
0.870935,-0.249400,0.416987,-0.073447
0.870940,-0.249375,0.416992,-0.073433
0.870946,-0.249350,0.416997,-0.073419
0.870952,-0.249326,0.417002,-0.073406
0.870958,-0.249302,0.417007,-0.073392
0.870963,-0.249278,0.417012,-0.073379
0.870969,-0.249254,0.417017,-0.073365
0.870975,-0.249230,0.417021,-0.073352
0.870980,-0.249206,0.417026,-0.073338
0.870986,-0.249182,0.417031,-0.073325
0.870992,-0.249159,0.417036,-0.073312
0.870997,-0.249136,0.417040,-0.073299
0.871003,-0.249112,0.417045,-0.073286
0.871008,-0.249089,0.417050,-0.073273
0.871014,-0.249066,0.417054,-0.073260
0.871019,-0.249043,0.417059,-0.073247
0.871024,-0.249020,0.417064,-0.073234
0.871030,-0.248998,0.417068,-0.073221
0.871035,-0.248975,0.417073,-0.073209
0.871040,-0.248953,0.417077,-0.073196
0.871046,-0.248931,0.417082,-0.073184
0.871051,-0.248908,0.417086,-0.073171
0.871056,-0.248886,0.417091,-0.073159
0.871061,-0.248864,0.417095,-0.073146
0.871066,-0.248843,0.417099,-0.073134
0.871072,-0.248821,0.417104,-0.073122
0.871077,-0.248799,0.417108,-0.073110
0.871082,-0.248778,0.417113,-0.073098
0.871087,-0.248756,0.417117,-0.073086
0.871092,-0.248735,0.417121,-0.073074
0.871097,-0.248714,0.417125,-0.073062
0.871102,-0.248693,0.417130,-0.073050
0.871107,-0.248672,0.417134,-0.073038
0.871112,-0.248651,0.417138,-0.073027
0.871117,-0.248631,0.417142,-0.073015
0.871121,-0.248610,0.417146,-0.073003
0.871126,-0.248589,0.417151,-0.072992
0.871131,-0.248569,0.417155,-0.072980
0.871136,-0.248549,0.417159,-0.072969
0.871141,-0.248529,0.417163,-0.072958
0.871145,-0.248509,0.417167,-0.072946
0.871150,-0.248489,0.417171,-0.072935
0.871155,-0.248469,0.417175,-0.072924
0.871159,-0.248449,0.417179,-0.072913
0.871164,-0.248429,0.417183,-0.072902
0.871168,-0.248410,0.417187,-0.072891
0.871173,-0.248390,0.417191,-0.072880
0.871178,-0.248371,0.417195,-0.072869
0.871182,-0.248352,0.417199,-0.072858
0.871187,-0.248333,0.417203,-0.072848
0.871191,-0.248314,0.417207,-0.072837
0.871195,-0.248295,0.417210,-0.072826
0.871200,-0.248276,0.417214,-0.072816
0.871204,-0.248257,0.417218,-0.072805
0.871209,-0.248239,0.417222,-0.072795
0.871213,-0.248220,0.417226,-0.072784
0.871217,-0.248202,0.417229,-0.072774
0.871222,-0.248183,0.417233,-0.072764
0.871226,-0.248165,0.417237,-0.072754
0.871230,-0.248147,0.417240,-0.072743
0.871234,-0.248129,0.417244,-0.072733
0.871239,-0.248111,0.417248,-0.072723
0.871243,-0.248093,0.417251,-0.072713
0.871247,-0.248075,0.417255,-0.072703
0.871251,-0.248057,0.417259,-0.072693
0.871255,-0.248040,0.417262,-0.072683
0.871259,-0.248022,0.417266,-0.072674
0.871263,-0.248005,0.417269,-0.072664
0.871267,-0.247988,0.417273,-0.072654
0.871271,-0.247970,0.417276,-0.072644
0.871275,-0.247953,0.417280,-0.072635
0.871279,-0.247936,0.417283,-0.072625
0.871283,-0.247919,0.417287,-0.072616
0.871287,-0.247903,0.417290,-0.072606
0.871291,-0.247886,0.417294,-0.072597
0.871295,-0.247869,0.417297,-0.072588
0.871299,-0.247852,0.417300,-0.072578
0.871303,-0.247836,0.417304,-0.072569
0.871307,-0.247820,0.417307,-0.072560
0.871310,-0.247803,0.417310,-0.072551
0.871314,-0.247787,0.417314,-0.072541
0.871318,-0.247771,0.417317,-0.072532
0.871322,-0.247755,0.417320,-0.072523
0.871326,-0.247739,0.417324,-0.072514
0.871329,-0.247723,0.417327,-0.072505
0.871333,-0.247707,0.417330,-0.072497
0.871337,-0.247691,0.417333,-0.072488
0.871340,-0.247676,0.417337,-0.072479
0.871344,-0.247660,0.417340,-0.072470
0.871347,-0.247645,0.417343,-0.072462
0.871351,-0.247629,0.417346,-0.072453
0.871355,-0.247614,0.417349,-0.072444
0.871358,-0.247599,0.417352,-0.072436
0.871362,-0.247583,0.417355,-0.072427
0.871365,-0.247568,0.417358,-0.072419
0.871369,-0.247553,0.417362,-0.072410
0.871372,-0.247538,0.417365,-0.072402
0.871376,-0.247523,0.417368,-0.072394
0.871379,-0.247509,0.417371,-0.072385
0.871383,-0.247494,0.417374,-0.072377
0.871386,-0.247479,0.417377,-0.072369
0.871389,-0.247465,0.417380,-0.072361
0.871393,-0.247450,0.417383,-0.072353
0.871396,-0.247436,0.417386,-0.072345
0.871399,-0.247422,0.417389,-0.072337
0.871403,-0.247407,0.417391,-0.072329
0.871406,-0.247393,0.417394,-0.072321
0.871409,-0.247379,0.417397,-0.072313
0.871412,-0.247365,0.417400,-0.072305
0.871416,-0.247351,0.417403,-0.072297
0.871419,-0.247337,0.417406,-0.072289
0.871422,-0.247324,0.417409,-0.072282
0.871425,-0.247310,0.417411,-0.072274
0.871428,-0.247296,0.417414,-0.072266
0.871432,-0.247283,0.417417,-0.072259
0.871435,-0.247269,0.417420,-0.072251
0.871438,-0.247256,0.417423,-0.072243
0.871441,-0.247242,0.417425,-0.072236
0.871444,-0.247229,0.417428,-0.072228
0.871447,-0.247216,0.417431,-0.072221
0.871450,-0.247203,0.417433,-0.072214
0.871453,-0.247189,0.417436,-0.072206
0.871456,-0.247176,0.417439,-0.072199
0.871459,-0.247163,0.417442,-0.072192
0.871462,-0.247151,0.417444,-0.072185
0.871465,-0.247138,0.417447,-0.072177
0.871468,-0.247125,0.417449,-0.072170
0.871471,-0.247112,0.417452,-0.072163
0.871474,-0.247100,0.417455,-0.072156
0.871477,-0.247087,0.417457,-0.072149
0.871480,-0.247075,0.417460,-0.072142
0.871483,-0.247062,0.417462,-0.072135
0.871485,-0.247050,0.417465,-0.072128
0.871488,-0.247038,0.417467,-0.072121
0.871491,-0.247025,0.417470,-0.072114
0.871494,-0.247013,0.417472,-0.072108
0.871497,-0.247001,0.417475,-0.072101
0.871500,-0.246989,0.417477,-0.072094
0.871502,-0.246977,0.417480,-0.072087
0.871505,-0.246965,0.417482,-0.072081
0.871508,-0.246953,0.417485,-0.072074
0.871511,-0.246942,0.417487,-0.072067
0.871513,-0.246930,0.417490,-0.072061
0.871516,-0.246918,0.417492,-0.072054
0.871519,-0.246907,0.417494,-0.072048
0.871521,-0.246895,0.417497,-0.072041
0.871524,-0.246884,0.417499,-0.072035
0.871527,-0.246872,0.417501,-0.072029
0.871529,-0.246861,0.417504,-0.072022
0.871532,-0.246850,0.417506,-0.072016
0.871534,-0.246838,0.417508,-0.072010
0.871537,-0.246827,0.417511,-0.072003
0.871539,-0.246816,0.417513,-0.071997
0.871542,-0.246805,0.417515,-0.071991
0.871545,-0.246794,0.417518,-0.071985
0.871547,-0.246783,0.417520,-0.071979
0.871550,-0.246772,0.417522,-0.071972
0.871552,-0.246761,0.417524,-0.071966
0.871555,-0.246751,0.417527,-0.071960
0.871557,-0.246740,0.417529,-0.071954
0.871560,-0.246729,0.417531,-0.071948
0.871562,-0.246719,0.417533,-0.071942
0.871564,-0.246708,0.417535,-0.071937
0.871567,-0.246698,0.417538,-0.071931
0.871569,-0.246687,0.417540,-0.071925
0.871572,-0.246677,0.417542,-0.071919
0.871574,-0.246666,0.417544,-0.071913
0.871576,-0.246656,0.417546,-0.071907
0.871579,-0.246646,0.417548,-0.071902
0.871581,-0.246636,0.417550,-0.071896
0.871583,-0.246626,0.417552,-0.071890
0.871586,-0.246616,0.417554,-0.071885
0.871588,-0.246606,0.417557,-0.071879
0.871590,-0.246596,0.417559,-0.071874
0.871593,-0.246586,0.417561,-0.071868
0.871595,-0.246576,0.417563,-0.071862
0.871597,-0.246566,0.417565,-0.071857
0.871599,-0.246556,0.417567,-0.071852
0.871602,-0.246547,0.417569,-0.071846
0.871604,-0.246537,0.417571,-0.071841
0.871606,-0.246527,0.417573,-0.071835
0.871608,-0.246518,0.417575,-0.071830
0.871610,-0.246508,0.417577,-0.071825
0.871612,-0.246499,0.417579,-0.071819
0.871615,-0.246490,0.417581,-0.071814
0.871617,-0.246480,0.417583,-0.071809
0.871619,-0.246471,0.417584,-0.071804
0.871621,-0.246462,0.417586,-0.071798
0.871623,-0.246453,0.417588,-0.071793
0.871625,-0.246443,0.417590,-0.071788
0.871627,-0.246434,0.417592,-0.071783
0.871629,-0.246425,0.417594,-0.071778
0.871631,-0.246416,0.417596,-0.071773
0.871634,-0.246407,0.417598,-0.071768
0.871636,-0.246398,0.417599,-0.071763
0.871638,-0.246389,0.417601,-0.071758
0.871640,-0.246381,0.417603,-0.071753
0.871642,-0.246372,0.417605,-0.071748
0.871644,-0.246363,0.417607,-0.071743
0.871646,-0.246354,0.417609,-0.071738
0.871648,-0.246346,0.417610,-0.071734
0.871650,-0.246337,0.417612,-0.071729
0.871652,-0.246329,0.417614,-0.071724
0.871654,-0.246320,0.417616,-0.071719
0.871655,-0.246312,0.417617,-0.071714
0.871657,-0.246303,0.417619,-0.071710
0.871659,-0.246295,0.417621,-0.071705
0.871661,-0.246287,0.417623,-0.071700
0.871663,-0.246278,0.417624,-0.071696
0.871665,-0.246270,0.417626,-0.071691
0.871667,-0.246262,0.417628,-0.071687
0.871669,-0.246254,0.417629,-0.071682
0.871671,-0.246246,0.417631,-0.071677
0.871672,-0.246238,0.417633,-0.071673
0.871674,-0.246230,0.417634,-0.071668
0.871676,-0.246222,0.417636,-0.071664
0.871678,-0.246214,0.417638,-0.071660
0.871680,-0.246206,0.417639,-0.071655
0.871682,-0.246198,0.417641,-0.071651
0.871683,-0.246190,0.417643,-0.071646
0.871685,-0.246182,0.417644,-0.071642
0.871687,-0.246175,0.417646,-0.071638
0.871689,-0.246167,0.417648,-0.071633
0.871690,-0.246159,0.417649,-0.071629
0.871692,-0.246152,0.417651,-0.071625
0.871694,-0.246144,0.417652,-0.071621
0.871696,-0.246137,0.417654,-0.071616
0.871697,-0.246129,0.417655,-0.071612
0.871699,-0.246122,0.417657,-0.071608
0.871701,-0.246114,0.417658,-0.071604
0.871702,-0.246107,0.417660,-0.071600
0.871704,-0.246100,0.417662,-0.071596
0.871706,-0.246092,0.417663,-0.071592
0.871707,-0.246085,0.417665,-0.071587
0.871709,-0.246078,0.417666,-0.071583
0.871711,-0.246071,0.417668,-0.071579
0.871712,-0.246064,0.417669,-0.071575
0.871714,-0.246056,0.417671,-0.071571
0.871716,-0.246049,0.417672,-0.071568
0.871717,-0.246042,0.417673,-0.071564
0.871719,-0.246035,0.417675,-0.071560
0.871720,-0.246028,0.417676,-0.071556
0.871722,-0.246021,0.417678,-0.071552
0.871723,-0.246015,0.417679,-0.071548
0.871725,-0.246008,0.417681,-0.071544
0.871727,-0.246001,0.417682,-0.071540
0.871728,-0.245994,0.417683,-0.071537
0.871730,-0.245987,0.417685,-0.071533
0.871731,-0.245981,0.417686,-0.071529
0.871733,-0.245974,0.417688,-0.071525
0.871734,-0.245967,0.417689,-0.071522
0.871736,-0.245961,0.417690,-0.071518
0.871737,-0.245954,0.417692,-0.071514
0.871739,-0.245948,0.417693,-0.071511
0.871740,-0.245941,0.417695,-0.071507
0.871742,-0.245935,0.417696,-0.071503
0.871743,-0.245928,0.417697,-0.071500
0.871745,-0.245922,0.417699,-0.071496
0.871746,-0.245916,0.417700,-0.071493
0.871747,-0.245909,0.417701,-0.071489
0.871749,-0.245903,0.417702,-0.071486
0.871750,-0.245897,0.417704,-0.071482
0.871752,-0.245890,0.417705,-0.071479
0.871753,-0.245884,0.417706,-0.071475
0.871755,-0.245878,0.417708,-0.071472
0.871756,-0.245872,0.417709,-0.071468
0.871757,-0.245866,0.417710,-0.071465
0.871759,-0.245860,0.417711,-0.071461
0.871760,-0.245854,0.417713,-0.071458
0.871762,-0.245848,0.417714,-0.071455
0.871763,-0.245842,0.417715,-0.071451
0.871764,-0.245836,0.417716,-0.071448
0.871766,-0.245830,0.417718,-0.071445
0.871767,-0.245824,0.417719,-0.071441
0.871768,-0.245818,0.417720,-0.071438
0.871770,-0.245812,0.417721,-0.071435
0.871771,-0.245807,0.417723,-0.071432
0.871772,-0.245801,0.417724,-0.071428
0.871774,-0.245795,0.417725,-0.071425
0.871775,-0.245789,0.417726,-0.071422
0.871776,-0.245784,0.417727,-0.071419
0.871777,-0.245778,0.417729,-0.071416
0.871779,-0.245773,0.417730,-0.071413
0.871780,-0.245767,0.417731,-0.071409
0.871781,-0.245761,0.417732,-0.071406
0.871782,-0.245756,0.417733,-0.071403
0.871784,-0.245750,0.417734,-0.071400
0.871785,-0.245745,0.417735,-0.071397
0.871786,-0.245740,0.417737,-0.071394
0.871787,-0.245734,0.417738,-0.071391
0.871789,-0.245729,0.417739,-0.071388
0.871790,-0.245723,0.417740,-0.071385
0.871791,-0.245718,0.417741,-0.071382
0.871792,-0.245713,0.417742,-0.071379
0.871793,-0.245708,0.417743,-0.071376
0.871795,-0.245702,0.417744,-0.071373
0.871796,-0.245697,0.417745,-0.071370
0.871797,-0.245692,0.417747,-0.071367
0.871798,-0.245687,0.417748,-0.071365
0.871799,-0.245682,0.417749,-0.071362
0.871801,-0.245677,0.417750,-0.071359
0.871802,-0.245671,0.417751,-0.071356
0.871803,-0.245666,0.417752,-0.071353
0.871804,-0.245661,0.417753,-0.071350
0.871805,-0.245656,0.417754,-0.071348
0.871806,-0.245651,0.417755,-0.071345
0.871807,-0.245647,0.417756,-0.071342
0.871808,-0.245642,0.417757,-0.071339
0.871810,-0.245637,0.417758,-0.071336
0.871811,-0.245632,0.417759,-0.071334
0.871812,-0.245627,0.417760,-0.071331
0.871813,-0.245622,0.417761,-0.071328
0.871814,-0.245617,0.417762,-0.071326
0.871815,-0.245613,0.417763,-0.071323
0.871816,-0.245608,0.417764,-0.071320
0.871817,-0.245603,0.417765,-0.071318
0.871818,-0.245599,0.417766,-0.071315
0.871819,-0.245594,0.417767,-0.071312
0.871820,-0.245589,0.417768,-0.071310
0.871821,-0.245585,0.417769,-0.071307
0.871822,-0.245580,0.417770,-0.071305
0.871823,-0.245575,0.417771,-0.071302
0.871825,-0.245571,0.417772,-0.071300
0.871826,-0.245566,0.417773,-0.071297
0.871827,-0.245562,0.417774,-0.071295
0.871828,-0.245557,0.417775,-0.071292
0.871829,-0.245553,0.417776,-0.071290
0.871830,-0.245549,0.417776,-0.071287
0.871831,-0.245544,0.417777,-0.071285
0.871832,-0.245540,0.417778,-0.071282
0.871833,-0.245535,0.417779,-0.071280
0.871834,-0.245531,0.417780,-0.071277
0.871835,-0.245527,0.417781,-0.071275
0.871836,-0.245523,0.417782,-0.071273
0.871836,-0.245518,0.417783,-0.071270
0.871837,-0.245514,0.417784,-0.071268
0.871838,-0.245510,0.417785,-0.071265
0.871839,-0.245506,0.417785,-0.071263
0.871840,-0.245501,0.417786,-0.071261
0.871841,-0.245497,0.417787,-0.071258
0.871842,-0.245493,0.417788,-0.071256
0.871843,-0.245489,0.417789,-0.071254
0.871844,-0.245485,0.417790,-0.071252
0.871845,-0.245481,0.417791,-0.071249
0.871846,-0.245477,0.417792,-0.071247
0.871847,-0.245473,0.417792,-0.071245
0.871848,-0.245469,0.417793,-0.071243
0.871849,-0.245465,0.417794,-0.071240
0.871850,-0.245461,0.417795,-0.071238
0.871850,-0.245457,0.417796,-0.071236
0.871851,-0.245453,0.417796,-0.071234
0.871852,-0.245449,0.417797,-0.071231
0.871853,-0.245445,0.417798,-0.071229
0.871854,-0.245441,0.417799,-0.071227
0.871855,-0.245438,0.417800,-0.071225
0.871856,-0.245434,0.417801,-0.071223
0.871857,-0.245430,0.417801,-0.071221
0.871857,-0.245426,0.417802,-0.071219
0.871858,-0.245422,0.417803,-0.071217
0.871859,-0.245419,0.417804,-0.071214
0.871860,-0.245415,0.417804,-0.071212
0.871861,-0.245411,0.417805,-0.071210
0.871862,-0.245408,0.417806,-0.071208
0.871862,-0.245404,0.417807,-0.071206
0.871863,-0.245400,0.417808,-0.071204
0.871864,-0.245397,0.417808,-0.071202
0.871865,-0.245393,0.417809,-0.071200
0.871866,-0.245389,0.417810,-0.071198
0.871867,-0.245386,0.417811,-0.071196
0.871867,-0.245382,0.417811,-0.071194
0.871868,-0.245379,0.417812,-0.071192
0.871869,-0.245375,0.417813,-0.071190
0.871870,-0.245372,0.417814,-0.071188
0.871870,-0.245368,0.417814,-0.071186
0.871871,-0.245365,0.417815,-0.071184
0.871872,-0.245361,0.417816,-0.071182
0.871873,-0.245358,0.417816,-0.071181
0.871874,-0.245355,0.417817,-0.071179
0.871874,-0.245351,0.417818,-0.071177
0.871875,-0.245348,0.417819,-0.071175
0.871876,-0.245345,0.417819,-0.071173
0.871877,-0.245341,0.417820,-0.071171
0.871877,-0.245338,0.417821,-0.071169
0.871878,-0.245335,0.417821,-0.071167
0.871879,-0.245331,0.417822,-0.071166
0.871880,-0.245328,0.417823,-0.071164
0.871880,-0.245325,0.417823,-0.071162
0.871881,-0.245322,0.417824,-0.071160
0.871882,-0.245318,0.417825,-0.071158
0.871883,-0.245315,0.417825,-0.071157
0.871883,-0.245312,0.417826,-0.071155
0.871884,-0.245309,0.417827,-0.071153
0.871885,-0.245306,0.417827,-0.071151
0.871885,-0.245303,0.417828,-0.071150
0.871886,-0.245300,0.417829,-0.071148
0.871887,-0.245296,0.417829,-0.071146
0.871887,-0.245293,0.417830,-0.071144
0.871888,-0.245290,0.417831,-0.071143
0.871889,-0.245287,0.417831,-0.071141
0.871890,-0.245284,0.417832,-0.071139
0.871890,-0.245281,0.417833,-0.071138
0.871891,-0.245278,0.417833,-0.071136
0.871892,-0.245275,0.417834,-0.071134
0.871892,-0.245272,0.417834,-0.071133
0.871893,-0.245269,0.417835,-0.071131
0.871894,-0.245266,0.417836,-0.071129
0.871894,-0.245263,0.417836,-0.071128
0.871895,-0.245261,0.417837,-0.071126
0.871896,-0.245258,0.417837,-0.071124
0.871896,-0.245255,0.417838,-0.071123
0.871897,-0.245252,0.417839,-0.071121
0.871897,-0.245249,0.417839,-0.071120
0.871898,-0.245246,0.417840,-0.071118
0.871899,-0.245243,0.417840,-0.071116
0.871899,-0.245241,0.417841,-0.071115
0.871900,-0.245238,0.417842,-0.071113
0.871901,-0.245235,0.417842,-0.071112
0.871901,-0.245232,0.417843,-0.071110
0.871902,-0.245230,0.417843,-0.071109
0.871903,-0.245227,0.417844,-0.071107
0.871903,-0.245224,0.417844,-0.071106
0.871904,-0.245222,0.417845,-0.071104
0.871904,-0.245219,0.417846,-0.071103
0.871905,-0.245216,0.417846,-0.071101
0.871906,-0.245214,0.417847,-0.071100
0.871906,-0.245211,0.417847,-0.071098
0.871907,-0.245208,0.417848,-0.071097
0.871907,-0.245206,0.417848,-0.071095
0.871908,-0.245203,0.417849,-0.071094
0.871909,-0.245200,0.417849,-0.071092
0.871909,-0.245198,0.417850,-0.071091
0.871910,-0.245195,0.417851,-0.071089
0.871910,-0.245193,0.417851,-0.071088
0.871911,-0.245190,0.417852,-0.071087
0.871911,-0.245188,0.417852,-0.071085
0.871912,-0.245185,0.417853,-0.071084
0.871913,-0.245183,0.417853,-0.071082
0.871913,-0.245180,0.417854,-0.071081
0.871914,-0.245178,0.417854,-0.071080
0.871914,-0.245175,0.417855,-0.071078
0.871915,-0.245173,0.417855,-0.071077
0.871915,-0.245170,0.417856,-0.071076
0.871916,-0.245168,0.417856,-0.071074
0.871916,-0.245166,0.417857,-0.071073
0.871917,-0.245163,0.417857,-0.071072
0.871917,-0.245161,0.417858,-0.071070
0.871918,-0.245159,0.417858,-0.071069
0.871919,-0.245156,0.417859,-0.071068
0.871919,-0.245154,0.417859,-0.071066
0.871920,-0.245152,0.417860,-0.071065
0.871920,-0.245149,0.417860,-0.071064
0.871921,-0.245147,0.417861,-0.071062
0.871921,-0.245145,0.417861,-0.071061
0.871922,-0.245142,0.417862,-0.071060
0.871922,-0.245140,0.417862,-0.071059
0.871923,-0.245138,0.417863,-0.071057
0.871923,-0.245136,0.417863,-0.071056
0.871924,-0.245133,0.417864,-0.071055
0.871924,-0.245131,0.417864,-0.071054
0.871925,-0.245129,0.417865,-0.071052
0.871925,-0.245127,0.417865,-0.071051
0.871926,-0.245125,0.417865,-0.071050
0.871926,-0.245122,0.417866,-0.071049
0.871927,-0.245120,0.417866,-0.071047
0.871927,-0.245118,0.417867,-0.071046
0.871928,-0.245116,0.417867,-0.071045
0.871928,-0.245114,0.417868,-0.071044
0.871929,-0.245112,0.417868,-0.071043
0.871929,-0.245110,0.417869,-0.071042
0.871930,-0.245107,0.417869,-0.071040
0.871930,-0.245105,0.417869,-0.071039
0.871930,-0.245103,0.417870,-0.071038
0.871931,-0.245101,0.417870,-0.071037
0.871931,-0.245099,0.417871,-0.071036
0.871932,-0.245097,0.417871,-0.071035
0.871932,-0.245095,0.417872,-0.071033
0.871933,-0.245093,0.417872,-0.071032
0.871933,-0.245091,0.417872,-0.071031
0.871934,-0.245089,0.417873,-0.071030
0.871934,-0.245087,0.417873,-0.071029
0.871935,-0.245085,0.417874,-0.071028
0.871935,-0.245083,0.417874,-0.071027
0.871935,-0.245081,0.417875,-0.071026
0.871936,-0.245079,0.417875,-0.071025
0.871936,-0.245077,0.417875,-0.071023
0.871937,-0.245075,0.417876,-0.071022
0.871937,-0.245074,0.417876,-0.071021
0.871938,-0.245072,0.417877,-0.071020
0.871938,-0.245070,0.417877,-0.071019
0.871938,-0.245068,0.417877,-0.071018
0.871939,-0.245066,0.417878,-0.071017
0.871939,-0.245064,0.417878,-0.071016
0.871940,-0.245062,0.417879,-0.071015
0.871940,-0.245060,0.417879,-0.071014
0.871941,-0.245059,0.417879,-0.071013
0.871941,-0.245057,0.417880,-0.071012
0.871941,-0.245055,0.417880,-0.071011
0.871942,-0.245053,0.417880,-0.071010
0.871942,-0.245051,0.417881,-0.071009
0.871943,-0.245050,0.417881,-0.071008
0.871943,-0.245048,0.417882,-0.071007
0.871943,-0.245046,0.417882,-0.071006
0.871944,-0.245044,0.417882,-0.071005
0.871944,-0.245042,0.417883,-0.071004
0.871945,-0.245041,0.417883,-0.071003
0.871945,-0.245039,0.417883,-0.071002
0.871945,-0.245037,0.417884,-0.071001
0.871946,-0.245036,0.417884,-0.071000
0.871946,-0.245034,0.417884,-0.070999
0.871947,-0.245032,0.417885,-0.070998
0.871947,-0.245030,0.417885,-0.070997
0.871947,-0.245029,0.417886,-0.070996
0.871948,-0.245027,0.417886,-0.070995
0.871948,-0.245025,0.417886,-0.070994
0.871948,-0.245024,0.417887,-0.070994
0.871949,-0.245022,0.417887,-0.070993
0.871949,-0.245021,0.417887,-0.070992
0.871950,-0.245019,0.417888,-0.070991
0.871950,-0.245017,0.417888,-0.070990
0.871950,-0.245016,0.417888,-0.070989
0.871951,-0.245014,0.417889,-0.070988
0.871951,-0.245012,0.417889,-0.070987
0.871951,-0.245011,0.417889,-0.070986
0.871952,-0.245009,0.417890,-0.070985
0.871952,-0.245008,0.417890,-0.070985
0.871952,-0.245006,0.417890,-0.070984
0.871953,-0.245005,0.417891,-0.070983
0.871953,-0.245003,0.417891,-0.070982
0.871953,-0.245002,0.417891,-0.070981
0.871954,-0.245000,0.417892,-0.070980
0.871954,-0.244998,0.417892,-0.070979
0.871954,-0.244997,0.417892,-0.070979
0.871955,-0.244995,0.417893,-0.070978
0.871955,-0.244994,0.417893,-0.070977
0.871955,-0.244992,0.417893,-0.070976
0.871956,-0.244991,0.417894,-0.070975
0.871956,-0.244990,0.417894,-0.070974
0.871956,-0.244988,0.417894,-0.070974
0.871957,-0.244987,0.417894,-0.070973
0.871957,-0.244985,0.417895,-0.070972
0.871957,-0.244984,0.417895,-0.070971
0.871958,-0.244982,0.417895,-0.070970
0.871958,-0.244981,0.417896,-0.070970
0.871958,-0.244979,0.417896,-0.070969
0.871959,-0.244978,0.417896,-0.070968
0.871959,-0.244977,0.417897,-0.070967
0.871959,-0.244975,0.417897,-0.070966
0.871960,-0.244974,0.417897,-0.070966
0.871960,-0.244972,0.417897,-0.070965
0.871960,-0.244971,0.417898,-0.070964
0.871961,-0.244970,0.417898,-0.070963
0.871961,-0.244968,0.417898,-0.070963
0.871961,-0.244967,0.417899,-0.070962
0.871962,-0.244966,0.417899,-0.070961
0.871962,-0.244964,0.417899,-0.070960
0.871962,-0.244963,0.417899,-0.070960
0.871962,-0.244962,0.417900,-0.070959
0.871963,-0.244960,0.417900,-0.070958
0.871963,-0.244959,0.417900,-0.070957
0.871963,-0.244958,0.417901,-0.070957
0.871964,-0.244956,0.417901,-0.070956
0.871964,-0.244955,0.417901,-0.070955
0.871964,-0.244954,0.417901,-0.070954
0.871964,-0.244953,0.417902,-0.070954
0.871965,-0.244951,0.417902,-0.070953
0.871965,-0.244950,0.417902,-0.070952
0.871965,-0.244949,0.417902,-0.070952
0.871966,-0.244948,0.417903,-0.070951
0.871966,-0.244946,0.417903,-0.070950
0.871966,-0.244945,0.417903,-0.070950
0.871966,-0.244944,0.417903,-0.070949
0.871967,-0.244943,0.417904,-0.070948
0.871967,-0.244941,0.417904,-0.070947
0.871967,-0.244940,0.417904,-0.070947
0.871968,-0.244939,0.417904,-0.070946
0.871968,-0.244938,0.417905,-0.070945
0.871968,-0.244937,0.417905,-0.070945
0.871968,-0.244935,0.417905,-0.070944
0.871969,-0.244934,0.417905,-0.070943
0.871969,-0.244933,0.417906,-0.070943
0.871969,-0.244932,0.417906,-0.070942
0.871969,-0.244931,0.417906,-0.070941
0.871970,-0.244930,0.417906,-0.070941
0.871970,-0.244928,0.417907,-0.070940
0.871970,-0.244927,0.417907,-0.070940
0.871970,-0.244926,0.417907,-0.070939
0.871971,-0.244925,0.417907,-0.070938
0.871971,-0.244924,0.417908,-0.070938
0.871971,-0.244923,0.417908,-0.070937
0.871971,-0.244922,0.417908,-0.070936
0.871972,-0.244921,0.417908,-0.070936
0.871972,-0.244919,0.417909,-0.070935
0.871972,-0.244918,0.417909,-0.070935
0.871972,-0.244917,0.417909,-0.070934
0.871973,-0.244916,0.417909,-0.070933
0.871973,-0.244915,0.417909,-0.070933
0.871973,-0.244914,0.417910,-0.070932
0.871973,-0.244913,0.417910,-0.070932
0.871974,-0.244912,0.417910,-0.070931
0.871974,-0.244911,0.417910,-0.070930
0.871974,-0.244910,0.417911,-0.070930
0.871974,-0.244909,0.417911,-0.070929
0.871975,-0.244908,0.417911,-0.070929
0.871975,-0.244907,0.417911,-0.070928
0.871975,-0.244906,0.417911,-0.070927
0.871975,-0.244905,0.417912,-0.070927
0.871976,-0.244904,0.417912,-0.070926
0.871976,-0.244903,0.417912,-0.070926
0.871976,-0.244902,0.417912,-0.070925
0.871976,-0.244901,0.417913,-0.070925
0.871976,-0.244900,0.417913,-0.070924
0.871977,-0.244899,0.417913,-0.070924
0.871977,-0.244898,0.417913,-0.070923
0.871977,-0.244897,0.417913,-0.070922
0.871977,-0.244896,0.417914,-0.070922
0.871978,-0.244895,0.417914,-0.070921
0.871978,-0.244894,0.417914,-0.070921
0.871978,-0.244893,0.417914,-0.070920
0.871978,-0.244892,0.417914,-0.070920
0.871978,-0.244891,0.417915,-0.070919
0.871979,-0.244890,0.417915,-0.070919
0.871979,-0.244889,0.417915,-0.070918
0.871979,-0.244888,0.417915,-0.070918
0.871979,-0.244887,0.417915,-0.070917
0.871979,-0.244886,0.417916,-0.070917
0.871980,-0.244885,0.417916,-0.070916
0.871980,-0.244884,0.417916,-0.070916
0.871980,-0.244883,0.417916,-0.070915
0.871980,-0.244883,0.417916,-0.070915
0.871980,-0.244882,0.417917,-0.070914
0.871981,-0.244881,0.417917,-0.070914
0.871981,-0.244880,0.417917,-0.070913
0.871981,-0.244879,0.417917,-0.070913
0.871981,-0.244878,0.417917,-0.070912
0.871981,-0.244877,0.417917,-0.070912
0.871982,-0.244876,0.417918,-0.070911
0.871982,-0.244875,0.417918,-0.070911
0.871982,-0.244875,0.417918,-0.070910
0.871982,-0.244874,0.417918,-0.070910
0.871982,-0.244873,0.417918,-0.070909
0.871983,-0.244872,0.417919,-0.070909
0.871983,-0.244871,0.417919,-0.070908
0.871983,-0.244870,0.417919,-0.070908
0.871983,-0.244869,0.417919,-0.070907
0.871983,-0.244869,0.417919,-0.070907
0.871984,-0.244868,0.417919,-0.070906
0.871984,-0.244867,0.417920,-0.070906
0.871984,-0.244866,0.417920,-0.070905
0.871984,-0.244865,0.417920,-0.070905
0.871984,-0.244865,0.417920,-0.070904
0.871985,-0.244864,0.417920,-0.070904
0.871985,-0.244863,0.417920,-0.070904
0.871985,-0.244862,0.417921,-0.070903
0.871985,-0.244861,0.417921,-0.070903
0.871985,-0.244861,0.417921,-0.070902
0.871985,-0.244860,0.417921,-0.070902
0.871986,-0.244859,0.417921,-0.070901
0.871986,-0.244858,0.417921,-0.070901
0.871986,-0.244857,0.417922,-0.070900
0.871986,-0.244857,0.417922,-0.070900
0.871986,-0.244856,0.417922,-0.070900
0.871986,-0.244855,0.417922,-0.070899
0.871987,-0.244854,0.417922,-0.070899
0.871987,-0.244854,0.417922,-0.070898
0.871987,-0.244853,0.417923,-0.070898
0.871987,-0.244852,0.417923,-0.070898
0.871987,-0.244851,0.417923,-0.070897
0.871987,-0.244851,0.417923,-0.070897
0.871988,-0.244850,0.417923,-0.070896
0.871988,-0.244849,0.417923,-0.070896
0.871988,-0.244848,0.417924,-0.070895
0.871988,-0.244848,0.417924,-0.070895
0.871988,-0.244847,0.417924,-0.070895
0.871988,-0.244846,0.417924,-0.070894
0.871989,-0.244846,0.417924,-0.070894
0.871989,-0.244845,0.417924,-0.070893
0.871989,-0.244844,0.417924,-0.070893
0.871989,-0.244843,0.417925,-0.070893
0.871989,-0.244843,0.417925,-0.070892
0.871989,-0.244842,0.417925,-0.070892
0.871990,-0.244841,0.417925,-0.070892
0.871990,-0.244841,0.417925,-0.070891
0.871990,-0.244840,0.417925,-0.070891
0.871990,-0.244839,0.417925,-0.070890
0.871990,-0.244839,0.417926,-0.070890
0.871990,-0.244838,0.417926,-0.070890
0.871990,-0.244837,0.417926,-0.070889
0.871991,-0.244837,0.417926,-0.070889
0.871991,-0.244836,0.417926,-0.070889
0.871991,-0.244835,0.417926,-0.070888
0.871991,-0.244835,0.417926,-0.070888
0.871991,-0.244834,0.417927,-0.070887
0.871991,-0.244833,0.417927,-0.070887
0.871991,-0.244833,0.417927,-0.070887
0.871992,-0.244832,0.417927,-0.070886
0.871992,-0.244831,0.417927,-0.070886
0.871992,-0.244831,0.417927,-0.070886
0.871992,-0.244830,0.417927,-0.070885
0.871992,-0.244830,0.417928,-0.070885
0.871992,-0.244829,0.417928,-0.070885
0.871992,-0.244828,0.417928,-0.070884
0.871993,-0.244828,0.417928,-0.070884
0.871993,-0.244827,0.417928,-0.070884
0.871993,-0.244826,0.417928,-0.070883
0.871993,-0.244826,0.417928,-0.070883
0.871993,-0.244825,0.417928,-0.070883
0.871993,-0.244825,0.417929,-0.070882
0.871993,-0.244824,0.417929,-0.070882
0.871994,-0.244823,0.417929,-0.070882
0.871994,-0.244823,0.417929,-0.070881
0.871994,-0.244822,0.417929,-0.070881
0.871994,-0.244822,0.417929,-0.070881
0.871994,-0.244821,0.417929,-0.070880
0.871994,-0.244821,0.417929,-0.070880
0.871994,-0.244820,0.417930,-0.070880
0.871994,-0.244819,0.417930,-0.070879
0.871995,-0.244819,0.417930,-0.070879
0.871995,-0.244818,0.417930,-0.070879
0.871995,-0.244818,0.417930,-0.070878
0.871995,-0.244817,0.417930,-0.070878
0.871995,-0.244817,0.417930,-0.070878
0.871995,-0.244816,0.417930,-0.070877
0.871995,-0.244815,0.417931,-0.070877
0.871996,-0.244815,0.417931,-0.070877
0.871996,-0.244814,0.417931,-0.070876
0.871996,-0.244814,0.417931,-0.070876
0.871996,-0.244813,0.417931,-0.070876
0.871996,-0.244813,0.417931,-0.070876
0.871996,-0.244812,0.417931,-0.070875
0.871996,-0.244812,0.417931,-0.070875
0.871996,-0.244811,0.417931,-0.070875
0.871996,-0.244811,0.417932,-0.070874
0.871997,-0.244810,0.417932,-0.070874
0.871997,-0.244810,0.417932,-0.070874
0.871997,-0.244809,0.417932,-0.070873
0.871997,-0.244809,0.417932,-0.070873
0.871997,-0.244808,0.417932,-0.070873
0.871997,-0.244807,0.417932,-0.070873
0.871997,-0.244807,0.417932,-0.070872
0.871997,-0.244806,0.417932,-0.070872
0.871998,-0.244806,0.417932,-0.070872
0.871998,-0.244805,0.417933,-0.070871
0.871998,-0.244805,0.417933,-0.070871
0.871998,-0.244804,0.417933,-0.070871
0.871998,-0.244804,0.417933,-0.070871
0.871998,-0.244804,0.417933,-0.070870
0.871998,-0.244803,0.417933,-0.070870
0.871998,-0.244803,0.417933,-0.070870
0.871998,-0.244802,0.417933,-0.070870
0.871999,-0.244802,0.417933,-0.070869
0.871999,-0.244801,0.417934,-0.070869
0.871999,-0.244801,0.417934,-0.070869
0.871999,-0.244800,0.417934,-0.070868
0.871999,-0.244800,0.417934,-0.070868
0.871999,-0.244799,0.417934,-0.070868
0.871999,-0.244799,0.417934,-0.070868
0.871999,-0.244798,0.417934,-0.070867
0.871999,-0.244798,0.417934,-0.070867
0.871999,-0.244797,0.417934,-0.070867
0.872000,-0.244797,0.417934,-0.070867
0.872000,-0.244796,0.417935,-0.070866
0.872000,-0.244796,0.417935,-0.070866
0.872000,-0.244796,0.417935,-0.070866
0.872000,-0.244795,0.417935,-0.070866
0.872000,-0.244795,0.417935,-0.070865
0.872000,-0.244794,0.417935,-0.070865
0.872000,-0.244794,0.417935,-0.070865
0.872000,-0.244793,0.417935,-0.070865
0.872000,-0.244793,0.417935,-0.070864
0.872001,-0.244792,0.417935,-0.070864
0.872001,-0.244792,0.417935,-0.070864
0.872001,-0.244792,0.417936,-0.070864
0.872001,-0.244791,0.417936,-0.070863
0.872001,-0.244791,0.417936,-0.070863
0.872001,-0.244790,0.417936,-0.070863
0.872001,-0.244790,0.417936,-0.070863
0.872001,-0.244790,0.417936,-0.070863
0.872001,-0.244789,0.417936,-0.070862
0.872001,-0.244789,0.417936,-0.070862
0.872001,-0.244788,0.417936,-0.070862
0.872002,-0.244788,0.417936,-0.070862
0.872002,-0.244787,0.417936,-0.070861
0.872002,-0.244787,0.417936,-0.070861
0.872002,-0.244787,0.417937,-0.070861
0.872002,-0.244786,0.417937,-0.070861
0.872002,-0.244786,0.417937,-0.070860
0.872002,-0.244785,0.417937,-0.070860
0.872002,-0.244785,0.417937,-0.070860
0.872002,-0.244785,0.417937,-0.070860
0.872002,-0.244784,0.417937,-0.070860
0.872002,-0.244784,0.417937,-0.070859
0.872003,-0.244784,0.417937,-0.070859
0.872003,-0.244783,0.417937,-0.070859
0.872003,-0.244783,0.417937,-0.070859
0.872003,-0.244782,0.417937,-0.070859
0.872003,-0.244782,0.417938,-0.070858
0.872003,-0.244782,0.417938,-0.070858
0.872003,-0.244781,0.417938,-0.070858
0.872003,-0.244781,0.417938,-0.070858
0.872003,-0.244781,0.417938,-0.070858
0.872003,-0.244780,0.417938,-0.070857
0.872003,-0.244780,0.417938,-0.070857
0.872003,-0.244779,0.417938,-0.070857
0.872004,-0.244779,0.417938,-0.070857
0.872004,-0.244779,0.417938,-0.070856
0.872004,-0.244778,0.417938,-0.070856
0.872004,-0.244778,0.417938,-0.070856
0.872004,-0.244778,0.417938,-0.070856
0.872004,-0.244777,0.417939,-0.070856
0.872004,-0.244777,0.417939,-0.070855
0.872004,-0.244777,0.417939,-0.070855
0.872004,-0.244776,0.417939,-0.070855
0.872004,-0.244776,0.417939,-0.070855
0.872004,-0.244776,0.417939,-0.070855
0.872004,-0.244775,0.417939,-0.070855
0.872005,-0.244775,0.417939,-0.070854
0.872005,-0.244775,0.417939,-0.070854
0.872005,-0.244774,0.417939,-0.070854
0.872005,-0.244774,0.417939,-0.070854
0.872005,-0.244774,0.417939,-0.070854
0.872005,-0.244773,0.417939,-0.070853
0.872005,-0.244773,0.417939,-0.070853
0.872005,-0.244773,0.417940,-0.070853
0.872005,-0.244772,0.417940,-0.070853
0.872005,-0.244772,0.417940,-0.070853
0.872005,-0.244772,0.417940,-0.070853
0.872005,-0.244771,0.417940,-0.070852
0.872005,-0.244771,0.417940,-0.070852
0.872005,-0.244771,0.417940,-0.070852
0.872006,-0.244770,0.417940,-0.070852
0.872006,-0.244770,0.417940,-0.070852
0.872006,-0.244770,0.417940,-0.070851
0.872006,-0.244769,0.417940,-0.070851
0.872006,-0.244769,0.417940,-0.070851
0.872006,-0.244769,0.417940,-0.070851
0.872006,-0.244768,0.417940,-0.070851
0.872006,-0.244768,0.417940,-0.070851
0.872006,-0.244768,0.417941,-0.070850
0.872006,-0.244768,0.417941,-0.070850
0.872006,-0.244767,0.417941,-0.070850
0.872006,-0.244767,0.417941,-0.070850
0.872006,-0.244767,0.417941,-0.070850
0.872006,-0.244766,0.417941,-0.070850
0.872006,-0.244766,0.417941,-0.070849
0.872007,-0.244766,0.417941,-0.070849
0.872007,-0.244766,0.417941,-0.070849
0.872007,-0.244765,0.417941,-0.070849
0.872007,-0.244765,0.417941,-0.070849
0.872007,-0.244765,0.417941,-0.070849
0.872007,-0.244764,0.417941,-0.070848
0.872007,-0.244764,0.417941,-0.070848
0.872007,-0.244764,0.417941,-0.070848
0.872007,-0.244764,0.417941,-0.070848
0.872007,-0.244763,0.417942,-0.070848
0.872007,-0.244763,0.417942,-0.070848
0.872007,-0.244763,0.417942,-0.070848
0.872007,-0.244762,0.417942,-0.070847
0.872007,-0.244762,0.417942,-0.070847
0.872007,-0.244762,0.417942,-0.070847
0.872007,-0.244762,0.417942,-0.070847
0.872008,-0.244761,0.417942,-0.070847
0.872008,-0.244761,0.417942,-0.070847
0.872008,-0.244761,0.417942,-0.070846
0.872008,-0.244761,0.417942,-0.070846
0.872008,-0.244760,0.417942,-0.070846
0.872008,-0.244760,0.417942,-0.070846
0.872008,-0.244760,0.417942,-0.070846
0.872008,-0.244760,0.417942,-0.070846
0.872008,-0.244759,0.417942,-0.070846
0.872008,-0.244759,0.417942,-0.070845
0.872008,-0.244759,0.417942,-0.070845
0.872008,-0.244759,0.417943,-0.070845
0.872008,-0.244758,0.417943,-0.070845
0.872008,-0.244758,0.417943,-0.070845
0.872008,-0.244758,0.417943,-0.070845
0.872008,-0.244758,0.417943,-0.070845
0.872008,-0.244757,0.417943,-0.070844
0.872009,-0.244757,0.417943,-0.070844
0.872009,-0.244757,0.417943,-0.070844
0.872009,-0.244757,0.417943,-0.070844
0.872009,-0.244756,0.417943,-0.070844
0.872009,-0.244756,0.417943,-0.070844
0.872009,-0.244756,0.417943,-0.070844
0.872009,-0.244756,0.417943,-0.070844
0.872009,-0.244755,0.417943,-0.070843
0.872009,-0.244755,0.417943,-0.070843
0.872009,-0.244755,0.417943,-0.070843
0.872009,-0.244755,0.417943,-0.070843
0.872009,-0.244754,0.417943,-0.070843
0.872009,-0.244754,0.417943,-0.070843
0.872009,-0.244754,0.417943,-0.070843
0.872009,-0.244754,0.417944,-0.070843
0.872009,-0.244754,0.417944,-0.070842
0.872009,-0.244753,0.417944,-0.070842
0.872009,-0.244753,0.417944,-0.070842
0.872009,-0.244753,0.417944,-0.070842
0.872010,-0.244753,0.417944,-0.070842
0.872010,-0.244752,0.417944,-0.070842
0.872010,-0.244752,0.417944,-0.070842
0.872010,-0.244752,0.417944,-0.070842
0.872010,-0.244752,0.417944,-0.070841
0.872010,-0.244752,0.417944,-0.070841
0.872010,-0.244751,0.417944,-0.070841
0.872010,-0.244751,0.417944,-0.070841
0.872010,-0.244751,0.417944,-0.070841
0.872010,-0.244751,0.417944,-0.070841
0.872010,-0.244750,0.417944,-0.070841
0.872010,-0.244750,0.417944,-0.070841
0.872010,-0.244750,0.417944,-0.070840
0.872010,-0.244750,0.417944,-0.070840
0.872010,-0.244750,0.417944,-0.070840
0.872010,-0.244749,0.417944,-0.070840
0.872010,-0.244749,0.417944,-0.070840
0.872010,-0.244749,0.417945,-0.070840
0.872010,-0.244749,0.417945,-0.070840
0.872010,-0.244749,0.417945,-0.070840
0.872010,-0.244748,0.417945,-0.070840
0.872011,-0.244748,0.417945,-0.070839
0.872011,-0.244748,0.417945,-0.070839
0.872011,-0.244748,0.417945,-0.070839
0.872011,-0.244748,0.417945,-0.070839
0.872011,-0.244747,0.417945,-0.070839
0.872011,-0.244747,0.417945,-0.070839
0.872011,-0.244747,0.417945,-0.070839
0.872011,-0.244747,0.417945,-0.070839
0.872011,-0.244747,0.417945,-0.070839
0.872011,-0.244746,0.417945,-0.070838
0.872011,-0.244746,0.417945,-0.070838
0.872011,-0.244746,0.417945,-0.070838
0.872011,-0.244746,0.417945,-0.070838
0.872011,-0.244746,0.417945,-0.070838
0.872011,-0.244746,0.417945,-0.070838
0.872011,-0.244745,0.417945,-0.070838
0.872011,-0.244745,0.417945,-0.070838
0.872011,-0.244745,0.417945,-0.070838
0.872011,-0.244745,0.417945,-0.070838
0.872011,-0.244745,0.417945,-0.070837
0.872011,-0.244744,0.417945,-0.070837
0.872011,-0.244744,0.417946,-0.070837
0.872011,-0.244744,0.417946,-0.070837
0.872011,-0.244744,0.417946,-0.070837
0.872012,-0.244744,0.417946,-0.070837
0.872012,-0.244744,0.417946,-0.070837
0.872012,-0.244743,0.417946,-0.070837
0.872012,-0.244743,0.417946,-0.070837
0.872012,-0.244743,0.417946,-0.070837
0.872012,-0.244743,0.417946,-0.070836
0.872012,-0.244743,0.417946,-0.070836
0.872012,-0.244743,0.417946,-0.070836
0.872012,-0.244742,0.417946,-0.070836
0.872012,-0.244742,0.417946,-0.070836
0.872012,-0.244742,0.417946,-0.070836
0.872012,-0.244742,0.417946,-0.070836
0.872012,-0.244742,0.417946,-0.070836
0.872012,-0.244742,0.417946,-0.070836
0.872012,-0.244741,0.417946,-0.070836
0.872012,-0.244741,0.417946,-0.070836
0.872012,-0.244741,0.417946,-0.070835
0.872012,-0.244741,0.417946,-0.070835
0.872012,-0.244741,0.417946,-0.070835
0.872012,-0.244741,0.417946,-0.070835
0.872012,-0.244740,0.417946,-0.070835
0.872012,-0.244740,0.417946,-0.070835
0.872012,-0.244740,0.417946,-0.070835
0.872012,-0.244740,0.417946,-0.070835
0.872012,-0.244740,0.417946,-0.070835
0.872012,-0.244740,0.417946,-0.070835
0.872012,-0.244740,0.417947,-0.070835
0.872012,-0.244739,0.417947,-0.070834
0.872013,-0.244739,0.417947,-0.070834
0.872013,-0.244739,0.417947,-0.070834
0.872013,-0.244739,0.417947,-0.070834
0.872013,-0.244739,0.417947,-0.070834
0.872013,-0.244739,0.417947,-0.070834
0.872013,-0.244738,0.417947,-0.070834
0.872013,-0.244738,0.417947,-0.070834
0.872013,-0.244738,0.417947,-0.070834
0.872036,-0.244781,0.417879,-0.070803
0.872080,-0.244862,0.417750,-0.070743
0.872143,-0.244977,0.417565,-0.070658
0.872223,-0.245123,0.417331,-0.070551
0.872317,-0.245297,0.417052,-0.070422
0.872426,-0.245495,0.416733,-0.070275
0.872547,-0.245716,0.416378,-0.070112
0.872678,-0.245957,0.415990,-0.069933
0.872820,-0.246216,0.415572,-0.069740
0.872970,-0.246490,0.415127,-0.069536
0.873128,-0.246779,0.414659,-0.069320
0.873293,-0.247081,0.414169,-0.069094
0.873465,-0.247394,0.413659,-0.068858
0.873642,-0.247717,0.413131,-0.068615
0.873824,-0.248050,0.412588,-0.068364
0.874011,-0.248390,0.412030,-0.068107
0.874202,-0.248737,0.411458,-0.067843
0.874396,-0.249091,0.410875,-0.067574
0.874594,-0.249450,0.410282,-0.067299
0.874794,-0.249813,0.409678,-0.067020
0.874997,-0.250182,0.409066,-0.066737
0.875202,-0.250554,0.408446,-0.066450
0.875409,-0.250929,0.407818,-0.066160
0.875618,-0.251307,0.407184,-0.065866
0.875829,-0.251688,0.406544,-0.065570
0.876040,-0.252070,0.405899,-0.065271
0.876253,-0.252455,0.405248,-0.064969
0.876467,-0.252841,0.404593,-0.064666
0.876682,-0.253228,0.403934,-0.064360
0.876897,-0.253616,0.403271,-0.064053
0.877113,-0.254005,0.402605,-0.063743
0.877330,-0.254395,0.401935,-0.063432
0.877547,-0.254785,0.401263,-0.063120
0.877765,-0.255175,0.400587,-0.062806
0.877982,-0.255566,0.399910,-0.062491
0.878200,-0.255957,0.399230,-0.062175
0.878418,-0.256348,0.398548,-0.061858
0.878637,-0.256738,0.397864,-0.061540
0.878855,-0.257129,0.397178,-0.061220
0.879074,-0.257519,0.396491,-0.060900
0.879292,-0.257909,0.395802,-0.060579
0.879510,-0.258298,0.395111,-0.060257
0.879729,-0.258687,0.394419,-0.059935
0.879947,-0.259075,0.393726,-0.059612
0.880165,-0.259463,0.393032,-0.059288
0.880383,-0.259850,0.392336,-0.058963
0.880600,-0.260237,0.391639,-0.058638
0.880818,-0.260623,0.390942,-0.058312
0.881035,-0.261008,0.390243,-0.057985
0.881252,-0.261392,0.389543,-0.057658
0.881469,-0.261776,0.388843,-0.057330
0.881686,-0.262159,0.388142,-0.057002
0.881902,-0.262541,0.387439,-0.056674
0.882118,-0.262922,0.386736,-0.056344
0.882334,-0.263302,0.386033,-0.056015
0.882549,-0.263682,0.385328,-0.055685
0.882765,-0.264060,0.384623,-0.055354
0.882980,-0.264438,0.383917,-0.055023
0.883194,-0.264815,0.383210,-0.054691
0.883408,-0.265191,0.382503,-0.054359
0.883622,-0.265566,0.381795,-0.054027
0.883836,-0.265940,0.381086,-0.053694
0.884049,-0.266313,0.380377,-0.053361
0.884262,-0.266685,0.379667,-0.053027
0.884475,-0.267056,0.378957,-0.052693
0.884687,-0.267427,0.378246,-0.052358
0.884899,-0.267796,0.377534,-0.052024
0.885111,-0.268165,0.376822,-0.051688
0.885322,-0.268532,0.376109,-0.051352
0.885533,-0.268899,0.375396,-0.051016
0.885744,-0.269264,0.374682,-0.050680
0.885954,-0.269629,0.373967,-0.050343
0.886164,-0.269992,0.373252,-0.050006
0.886373,-0.270355,0.372537,-0.049668
0.886583,-0.270716,0.371821,-0.049330
0.886791,-0.271077,0.371104,-0.048991
0.887000,-0.271437,0.370387,-0.048652
0.887208,-0.271795,0.369669,-0.048313
0.887416,-0.272153,0.368951,-0.047974
0.887623,-0.272510,0.368232,-0.047634
0.887830,-0.272866,0.367513,-0.047293
0.888037,-0.273220,0.366793,-0.046953
0.888243,-0.273574,0.366073,-0.046611
0.888449,-0.273927,0.365352,-0.046270
0.888654,-0.274279,0.364630,-0.045928
0.888860,-0.274629,0.363909,-0.045586
0.889064,-0.274979,0.363186,-0.045243
0.889269,-0.275328,0.362463,-0.044900
0.889473,-0.275676,0.361740,-0.044557
0.889676,-0.276022,0.361016,-0.044213
0.889880,-0.276368,0.360292,-0.043869
0.890083,-0.276713,0.359567,-0.043525
0.890285,-0.277057,0.358842,-0.043180
0.890487,-0.277399,0.358116,-0.042835
0.890689,-0.277741,0.357390,-0.042489
0.890891,-0.278082,0.356663,-0.042143
0.891092,-0.278422,0.355936,-0.041797
0.891292,-0.278760,0.355208,-0.041450
0.891493,-0.279098,0.354480,-0.041103
0.891692,-0.279435,0.353751,-0.040756
0.891892,-0.279771,0.353022,-0.040408
0.892091,-0.280105,0.352292,-0.040060
0.892290,-0.280439,0.351562,-0.039712
0.892488,-0.280772,0.350831,-0.039363
0.892686,-0.281103,0.350100,-0.039014
0.892884,-0.281434,0.349369,-0.038664
0.893081,-0.281764,0.348637,-0.038314
0.893278,-0.282092,0.347904,-0.037964
0.893474,-0.282420,0.347171,-0.037613
0.893670,-0.282746,0.346438,-0.037262
0.893866,-0.283072,0.345704,-0.036911
0.894061,-0.283396,0.344969,-0.036559
0.894256,-0.283720,0.344235,-0.036207
0.894451,-0.284043,0.343499,-0.035855
0.894645,-0.284364,0.342764,-0.035502
0.894839,-0.284685,0.342028,-0.035149
0.895032,-0.285004,0.341291,-0.034795
0.895225,-0.285323,0.340554,-0.034442
0.895418,-0.285640,0.339816,-0.034087
0.895610,-0.285956,0.339078,-0.033733
0.895802,-0.286272,0.338340,-0.033378
0.895993,-0.286586,0.337601,-0.033023
0.896184,-0.286899,0.336862,-0.032667
0.896375,-0.287212,0.336122,-0.032311
0.896565,-0.287523,0.335382,-0.031955
0.896755,-0.287833,0.334641,-0.031598
0.896944,-0.288143,0.333900,-0.031241
0.897133,-0.288451,0.333158,-0.030884
0.897322,-0.288758,0.332416,-0.030526
0.897510,-0.289064,0.331674,-0.030168
0.897698,-0.289369,0.330931,-0.029810
0.897885,-0.289673,0.330188,-0.029451
0.898072,-0.289977,0.329444,-0.029092
0.898259,-0.290279,0.328700,-0.028733
0.898445,-0.290580,0.327955,-0.028373
0.898631,-0.290880,0.327210,-0.028013
0.898816,-0.291179,0.326465,-0.027653
0.899001,-0.291477,0.325719,-0.027292
0.899186,-0.291773,0.324973,-0.026931
0.899370,-0.292069,0.324226,-0.026569
0.899554,-0.292364,0.323479,-0.026207
0.899738,-0.292658,0.322731,-0.025845
0.899921,-0.292951,0.321983,-0.025483
0.900103,-0.293243,0.321235,-0.025120
0.900285,-0.293533,0.320486,-0.024757
0.900467,-0.293823,0.319737,-0.024393
0.900649,-0.294112,0.318987,-0.024029
0.900830,-0.294399,0.318237,-0.023665
0.901010,-0.294686,0.317487,-0.023301
0.901190,-0.294971,0.316736,-0.022936
0.901370,-0.295256,0.315985,-0.022571
0.901550,-0.295539,0.315233,-0.022205
0.901728,-0.295822,0.314481,-0.021839
0.901907,-0.296103,0.313729,-0.021473
0.902085,-0.296383,0.312976,-0.021106
0.902263,-0.296663,0.312223,-0.020739
0.902440,-0.296941,0.311469,-0.020372
0.902617,-0.297218,0.310715,-0.020005
0.902794,-0.297494,0.309960,-0.019637
0.902970,-0.297769,0.309206,-0.019268
0.903145,-0.298043,0.308450,-0.018900
0.903320,-0.298317,0.307695,-0.018531
0.903495,-0.298589,0.306939,-0.018162
0.903670,-0.298859,0.306182,-0.017792
0.903844,-0.299129,0.305425,-0.017422
0.904017,-0.299398,0.304668,-0.017052
0.904190,-0.299666,0.303911,-0.016682
0.904363,-0.299933,0.303153,-0.016311
0.904535,-0.300199,0.302394,-0.015940
0.904707,-0.300463,0.301636,-0.015568
0.904879,-0.300727,0.300877,-0.015196
0.905050,-0.300989,0.300117,-0.014824
0.905221,-0.301251,0.299357,-0.014451
0.905391,-0.301512,0.298597,-0.014079
0.905561,-0.301771,0.297836,-0.013705
0.905730,-0.302029,0.297075,-0.013332
0.905899,-0.302287,0.296314,-0.012958
0.906067,-0.302543,0.295552,-0.012584
0.906236,-0.302798,0.294790,-0.012210
0.906403,-0.303052,0.294028,-0.011835
0.906571,-0.303306,0.293265,-0.011460
0.906737,-0.303558,0.292502,-0.011084
0.906904,-0.303809,0.291738,-0.010708
0.907070,-0.304059,0.290974,-0.010332
0.907235,-0.304308,0.290210,-0.009956
0.907400,-0.304555,0.289446,-0.009579
0.907565,-0.304802,0.288681,-0.009202
0.907729,-0.305048,0.287915,-0.008825
0.907893,-0.305293,0.287150,-0.008447
0.908057,-0.305536,0.286384,-0.008069
0.908220,-0.305779,0.285617,-0.007691
0.908382,-0.306020,0.284850,-0.007312
0.908544,-0.306261,0.284083,-0.006933
0.908706,-0.306500,0.283316,-0.006554
0.908867,-0.306739,0.282548,-0.006175
0.909028,-0.306976,0.281780,-0.005795
0.909189,-0.307212,0.281012,-0.005415
0.909349,-0.307447,0.280243,-0.005034
0.909508,-0.307681,0.279474,-0.004653
0.909667,-0.307915,0.278704,-0.004272
0.909826,-0.308147,0.277934,-0.003891
0.909984,-0.308377,0.277164,-0.003509
0.910142,-0.308607,0.276394,-0.003127
0.910299,-0.308836,0.275623,-0.002744
0.910456,-0.309064,0.274852,-0.002362
0.910613,-0.309291,0.274080,-0.001979
0.910769,-0.309516,0.273309,-0.001595
0.910924,-0.309741,0.272536,-0.001212
0.911079,-0.309964,0.271764,-0.000828
0.911234,-0.310187,0.270991,-0.000444
0.911388,-0.310408,0.270218,-0.000059
0.911542,-0.310628,0.269445,0.000326
0.911696,-0.310848,0.268671,0.000711
0.911849,-0.311066,0.267897,0.001096
0.912001,-0.311283,0.267123,0.001482
0.912153,-0.311499,0.266348,0.001868
0.912305,-0.311714,0.265573,0.002254
0.912456,-0.311928,0.264798,0.002641
0.912607,-0.312141,0.264022,0.003028
0.912757,-0.312352,0.263246,0.003415
0.912907,-0.312563,0.262470,0.003803
0.913057,-0.312773,0.261693,0.004191
0.913206,-0.312981,0.260917,0.004579
0.913354,-0.313189,0.260139,0.004967
0.913502,-0.313395,0.259362,0.005356
0.913650,-0.313600,0.258584,0.005745
0.913797,-0.313805,0.257806,0.006135
0.913944,-0.314008,0.257028,0.006524
0.914090,-0.314210,0.256249,0.006914
0.914236,-0.314411,0.255470,0.007304
0.914381,-0.314611,0.254691,0.007695
0.914526,-0.314810,0.253911,0.008086
0.914671,-0.315008,0.253132,0.008477
0.914815,-0.315205,0.252352,0.008868
0.914958,-0.315400,0.251571,0.009260
0.915102,-0.315595,0.250790,0.009652
0.915244,-0.315789,0.250010,0.010044
0.915386,-0.315981,0.249228,0.010437
0.915528,-0.316172,0.248447,0.010830
0.915670,-0.316363,0.247665,0.011223
0.915810,-0.316552,0.246883,0.011616
0.915951,-0.316740,0.246101,0.012010
0.916091,-0.316927,0.245318,0.012404
0.916230,-0.317113,0.244535,0.012799
0.916369,-0.317298,0.243752,0.013193
0.916508,-0.317482,0.242968,0.013588
0.916646,-0.317665,0.242185,0.013983
0.916784,-0.317847,0.241401,0.014379
0.916921,-0.318027,0.240616,0.014775
0.917058,-0.318207,0.239832,0.015171
0.917194,-0.318385,0.239047,0.015567
0.917330,-0.318563,0.238262,0.015964
0.917465,-0.318739,0.237477,0.016360
0.917600,-0.318914,0.236691,0.016758
0.917735,-0.319088,0.235905,0.017155
0.917869,-0.319261,0.235119,0.017553
0.918002,-0.319433,0.234333,0.017951
0.918135,-0.319604,0.233546,0.018349
0.918268,-0.319774,0.232759,0.018748
0.918400,-0.319943,0.231972,0.019147
0.918532,-0.320110,0.231185,0.019546
0.918663,-0.320277,0.230397,0.019945
0.918794,-0.320442,0.229609,0.020345
0.918924,-0.320607,0.228821,0.020745
0.919054,-0.320770,0.228033,0.021145
0.919183,-0.320932,0.227244,0.021546
0.919312,-0.321094,0.226456,0.021946
0.919441,-0.321254,0.225667,0.022348
0.919569,-0.321413,0.224877,0.022749
0.919696,-0.321571,0.224088,0.023150
0.919823,-0.321727,0.223298,0.023552
0.919950,-0.321883,0.222508,0.023955
0.920076,-0.322038,0.221718,0.024357
0.920202,-0.322191,0.220927,0.024760
0.920327,-0.322344,0.220137,0.025163
0.920451,-0.322495,0.219346,0.025566
0.920576,-0.322646,0.218555,0.025969
0.920699,-0.322795,0.217763,0.026373
0.920823,-0.322943,0.216972,0.026777
0.920945,-0.323090,0.216180,0.027182
0.921068,-0.323236,0.215388,0.027586
0.921190,-0.323381,0.214595,0.027991
0.921311,-0.323525,0.213803,0.028396
0.921432,-0.323667,0.213010,0.028801
0.921552,-0.323809,0.212217,0.029207
0.921672,-0.323949,0.211424,0.029613
0.921792,-0.324089,0.210631,0.030019
0.921911,-0.324227,0.209837,0.030426
0.922029,-0.324364,0.209044,0.030832
0.922147,-0.324500,0.208250,0.031239
0.922265,-0.324636,0.207455,0.031646
0.922382,-0.324770,0.206661,0.032054
0.922499,-0.324902,0.205866,0.032462
0.922615,-0.325034,0.205072,0.032870
0.922730,-0.325165,0.204277,0.033278
0.922846,-0.325295,0.203482,0.033686
0.922960,-0.325423,0.202686,0.034095
0.923075,-0.325550,0.201891,0.034504
0.923188,-0.325677,0.201095,0.034914
0.923302,-0.325802,0.200299,0.035323
0.923414,-0.325926,0.199503,0.035733
0.923527,-0.326049,0.198706,0.036143
0.923638,-0.326171,0.197910,0.036553
0.923750,-0.326292,0.197113,0.036964
0.923861,-0.326412,0.196316,0.037375
0.923971,-0.326531,0.195519,0.037786
0.924081,-0.326648,0.194722,0.038197
0.924190,-0.326765,0.193924,0.038608
0.924299,-0.326880,0.193127,0.039020
0.924408,-0.326994,0.192329,0.039432
0.924516,-0.327107,0.191531,0.039845
0.924623,-0.327220,0.190733,0.040257
0.924730,-0.327331,0.189934,0.040670
0.924836,-0.327441,0.189136,0.041083
0.924942,-0.327549,0.188337,0.041496
0.925048,-0.327657,0.187538,0.041910
0.925153,-0.327764,0.186739,0.042324
0.925257,-0.327869,0.185940,0.042738
0.925362,-0.327974,0.185141,0.043152
0.925465,-0.328077,0.184341,0.043566
0.925568,-0.328179,0.183542,0.043981
0.925671,-0.328281,0.182742,0.044396
0.925773,-0.328381,0.181942,0.044811
0.925874,-0.328480,0.181142,0.045227
0.925975,-0.328577,0.180341,0.045642
0.926076,-0.328674,0.179541,0.046058
0.926176,-0.328770,0.178740,0.046475
0.926276,-0.328864,0.177940,0.046891
0.926375,-0.328958,0.177139,0.047308
0.926474,-0.329050,0.176338,0.047725
0.926572,-0.329142,0.175536,0.048142
0.926669,-0.329232,0.174735,0.048559
0.926767,-0.329321,0.173934,0.048977
0.926863,-0.329409,0.173132,0.049395
0.926959,-0.329496,0.172330,0.049813
0.927055,-0.329581,0.171528,0.050231
0.927150,-0.329666,0.170726,0.050649
0.927245,-0.329750,0.169924,0.051068
0.927339,-0.329832,0.169122,0.051487
0.927433,-0.329914,0.168319,0.051906
0.927526,-0.329994,0.167517,0.052326
0.927619,-0.330073,0.166714,0.052746
0.927711,-0.330151,0.165911,0.053165
0.927802,-0.330228,0.165108,0.053586
0.927894,-0.330304,0.164305,0.054006
0.927984,-0.330379,0.163502,0.054427
0.928074,-0.330452,0.162698,0.054847
0.928164,-0.330525,0.161895,0.055268
0.928253,-0.330597,0.161091,0.055690
0.928342,-0.330667,0.160287,0.056111
0.928430,-0.330736,0.159483,0.056533
0.928518,-0.330804,0.158680,0.056955
0.928605,-0.330871,0.157875,0.057377
0.928692,-0.330937,0.157071,0.057799
0.928778,-0.331002,0.156267,0.058222
0.928864,-0.331066,0.155463,0.058645
0.928949,-0.331129,0.154658,0.059068
0.929033,-0.331190,0.153853,0.059491
0.929117,-0.331251,0.153049,0.059915
0.929201,-0.331310,0.152244,0.060338
0.929284,-0.331368,0.151439,0.060762
0.929367,-0.331426,0.150634,0.061186
0.929449,-0.331482,0.149829,0.061611
0.929531,-0.331537,0.149023,0.062035
0.929612,-0.331590,0.148218,0.062460
0.929692,-0.331643,0.147413,0.062885
0.929772,-0.331695,0.146607,0.063310
0.929852,-0.331745,0.145801,0.063736
0.929931,-0.331795,0.144996,0.064161
0.930010,-0.331843,0.144190,0.064587
0.930088,-0.331890,0.143384,0.065013
0.930165,-0.331936,0.142578,0.065439
0.930242,-0.331982,0.141772,0.065866
0.930319,-0.332025,0.140966,0.066293
0.930395,-0.332068,0.140159,0.066719
0.930470,-0.332110,0.139353,0.067147
0.930545,-0.332151,0.138547,0.067574
0.930620,-0.332190,0.137740,0.068001
0.930694,-0.332229,0.136934,0.068429
0.930767,-0.332266,0.136127,0.068857
0.930840,-0.332302,0.135320,0.069285
0.930913,-0.332337,0.134514,0.069713
0.930984,-0.332371,0.133707,0.070142
0.931056,-0.332404,0.132900,0.070571
0.931127,-0.332436,0.132093,0.071000
0.931197,-0.332466,0.131286,0.071429
0.931267,-0.332496,0.130479,0.071858
0.931336,-0.332524,0.129672,0.072287
0.931405,-0.332552,0.128864,0.072717
0.931473,-0.332578,0.128057,0.073147
0.931541,-0.332603,0.127250,0.073577
0.931608,-0.332627,0.126442,0.074008
0.931675,-0.332650,0.125635,0.074438
0.931741,-0.332672,0.124827,0.074869
0.931807,-0.332693,0.124020,0.075300
0.931872,-0.332712,0.123212,0.075731
0.931937,-0.332731,0.122404,0.076162
0.932001,-0.332748,0.121597,0.076593
0.932065,-0.332765,0.120789,0.077025
0.932128,-0.332780,0.119981,0.077457
0.932191,-0.332794,0.119173,0.077889
0.932253,-0.332807,0.118365,0.078321
0.932314,-0.332819,0.117557,0.078754
0.932375,-0.332830,0.116749,0.079186
0.932436,-0.332839,0.115941,0.079619
0.932496,-0.332848,0.115133,0.080052
0.932555,-0.332856,0.114325,0.080485
0.932614,-0.332862,0.113517,0.080919
0.932673,-0.332867,0.112709,0.081352
0.932730,-0.332871,0.111900,0.081786
0.932788,-0.332874,0.111092,0.082220
0.932845,-0.332876,0.110284,0.082654
0.932901,-0.332877,0.109476,0.083088
0.932957,-0.332877,0.108667,0.083523
0.933012,-0.332876,0.107859,0.083957
0.933067,-0.332873,0.107051,0.084392
0.933121,-0.332870,0.106242,0.084827
0.933175,-0.332865,0.105434,0.085262
0.933228,-0.332859,0.104626,0.085698
0.933280,-0.332852,0.103817,0.086133
0.933333,-0.332844,0.103009,0.086569
0.933384,-0.332835,0.102200,0.087005
0.933435,-0.332825,0.101392,0.087441
0.933486,-0.332814,0.100583,0.087877
0.933536,-0.332801,0.099775,0.088313
0.933585,-0.332788,0.098966,0.088750
0.933634,-0.332773,0.098158,0.089187
0.933683,-0.332757,0.097349,0.089624
0.933730,-0.332741,0.096541,0.090061
0.933778,-0.332723,0.095732,0.090498
0.933825,-0.332704,0.094924,0.090935
0.933871,-0.332684,0.094115,0.091373
0.933917,-0.332662,0.093307,0.091811
0.933962,-0.332640,0.092498,0.092249
0.934007,-0.332617,0.091690,0.092687
0.934051,-0.332592,0.090881,0.093125
0.934094,-0.332566,0.090073,0.093563
0.934138,-0.332540,0.089264,0.094002
0.934180,-0.332512,0.088456,0.094441
0.934222,-0.332483,0.087647,0.094880
0.934264,-0.332453,0.086839,0.095319
0.934305,-0.332421,0.086030,0.095758
0.934345,-0.332389,0.085222,0.096198
0.934385,-0.332356,0.084414,0.096637
0.934424,-0.332321,0.083605,0.097077
0.934463,-0.332286,0.082797,0.097517
0.934501,-0.332249,0.081989,0.097957
0.934539,-0.332211,0.081180,0.098397
0.934576,-0.332172,0.080372,0.098837
0.934613,-0.332132,0.079564,0.099278
0.934649,-0.332091,0.078756,0.099719
0.934685,-0.332049,0.077948,0.100159
0.934720,-0.332006,0.077139,0.100600
0.934754,-0.331961,0.076331,0.101042
0.934788,-0.331916,0.075523,0.101483
0.934822,-0.331869,0.074715,0.101924
0.934855,-0.331821,0.073907,0.102366
0.934887,-0.331772,0.073099,0.102808
0.934919,-0.331723,0.072291,0.103250
0.934950,-0.331671,0.071483,0.103692
0.934981,-0.331619,0.070676,0.104134
0.935011,-0.331566,0.069868,0.104576
0.935041,-0.331512,0.069060,0.105019
0.935070,-0.331456,0.068252,0.105461
0.935099,-0.331400,0.067445,0.105904
0.935127,-0.331342,0.066637,0.106347
0.935154,-0.331283,0.065830,0.106790
0.935181,-0.331223,0.065022,0.107233
0.935208,-0.331163,0.064215,0.107677
0.935234,-0.331100,0.063407,0.108120
0.935259,-0.331037,0.062600,0.108564
0.935284,-0.330973,0.061793,0.109008
0.935308,-0.330908,0.060986,0.109452
0.935332,-0.330841,0.060179,0.109896
0.935355,-0.330774,0.059372,0.110340
0.935378,-0.330705,0.058565,0.110784
0.935400,-0.330635,0.057758,0.111229
0.935421,-0.330564,0.056951,0.111673
0.935442,-0.330492,0.056144,0.112118
0.935463,-0.330419,0.055337,0.112563
0.935483,-0.330345,0.054531,0.113008
0.935502,-0.330270,0.053724,0.113453
0.935521,-0.330193,0.052918,0.113899
0.935539,-0.330116,0.052111,0.114344
0.935557,-0.330037,0.051305,0.114790
0.935574,-0.329958,0.050499,0.115235
0.935591,-0.329877,0.049692,0.115681
0.935607,-0.329795,0.048886,0.116127
0.935622,-0.329712,0.048080,0.116573
0.935637,-0.329628,0.047274,0.117019
0.935652,-0.329543,0.046469,0.117466
0.935665,-0.329457,0.045663,0.117912
0.935679,-0.329369,0.044857,0.118359
0.935692,-0.329281,0.044052,0.118805
0.935704,-0.329191,0.043246,0.119252
0.935716,-0.329101,0.042441,0.119699
0.935727,-0.329009,0.041636,0.120146
0.935737,-0.328916,0.040830,0.120594
0.935747,-0.328822,0.040025,0.121041
0.935757,-0.328727,0.039220,0.121488
0.935766,-0.328631,0.038416,0.121936
0.935774,-0.328534,0.037611,0.122384
0.935782,-0.328435,0.036806,0.122831
0.935789,-0.328336,0.036002,0.123279
0.935796,-0.328235,0.035197,0.123727
0.935802,-0.328134,0.034393,0.124176
0.935808,-0.328031,0.033589,0.124624
0.935813,-0.327927,0.032785,0.125072
0.935817,-0.327822,0.031981,0.125521
0.935821,-0.327716,0.031177,0.125969
0.935825,-0.327609,0.030373,0.126418
0.935828,-0.327501,0.029569,0.126867
0.935830,-0.327392,0.028766,0.127316
0.935832,-0.327281,0.027962,0.127765
0.935833,-0.327170,0.027159,0.128214
0.935834,-0.327057,0.026356,0.128663
0.935834,-0.326943,0.025553,0.129113
0.935833,-0.326829,0.024750,0.129562
0.935832,-0.326713,0.023947,0.130012
0.935831,-0.326596,0.023145,0.130462
0.935829,-0.326478,0.022342,0.130912
0.935826,-0.326359,0.021540,0.131361
0.935823,-0.326238,0.020738,0.131812
0.935819,-0.326117,0.019936,0.132262
0.935815,-0.325995,0.019134,0.132712
0.935810,-0.325871,0.018332,0.133162
0.935804,-0.325747,0.017530,0.133613
0.935798,-0.325621,0.016729,0.134063
0.935792,-0.325494,0.015927,0.134514
0.935784,-0.325366,0.015126,0.134965
0.935777,-0.325237,0.014325,0.135415
0.935769,-0.325107,0.013524,0.135866
0.935760,-0.324976,0.012723,0.136317
0.935750,-0.324844,0.011922,0.136769
0.935740,-0.324710,0.011122,0.137220
0.935730,-0.324576,0.010322,0.137671
0.935719,-0.324440,0.009521,0.138123
0.935707,-0.324304,0.008721,0.138574
0.935695,-0.324166,0.007921,0.139026
0.935682,-0.324027,0.007122,0.139477
0.935669,-0.323888,0.006322,0.139929
0.935655,-0.323747,0.005523,0.140381
0.935641,-0.323605,0.004724,0.140833
0.935626,-0.323461,0.003925,0.141285
0.935610,-0.323317,0.003126,0.141737
0.935594,-0.323172,0.002327,0.142189
0.935578,-0.323025,0.001528,0.142642
0.935560,-0.322878,0.000730,0.143094
0.935543,-0.322729,-0.000068,0.143547
0.935524,-0.322580,-0.000866,0.143999
0.935505,-0.322429,-0.001664,0.144452
0.935486,-0.322277,-0.002462,0.144904
0.935466,-0.322124,-0.003259,0.145357
0.935445,-0.321970,-0.004057,0.145810
0.935424,-0.321815,-0.004854,0.146263
0.935403,-0.321659,-0.005651,0.146716
0.935380,-0.321502,-0.006448,0.147169
0.935357,-0.321343,-0.007244,0.147623
0.935334,-0.321184,-0.008041,0.148076
0.935310,-0.321023,-0.008837,0.148529
0.935286,-0.320862,-0.009633,0.148983
0.935260,-0.320699,-0.010429,0.149436
0.935235,-0.320535,-0.011224,0.149890
0.935209,-0.320371,-0.012020,0.150343
0.935182,-0.320205,-0.012815,0.150797
0.935154,-0.320038,-0.013610,0.151251
0.935126,-0.319870,-0.014405,0.151705
0.935098,-0.319700,-0.015200,0.152159
0.935069,-0.319530,-0.015994,0.152613
0.935039,-0.319359,-0.016788,0.153067
0.935009,-0.319186,-0.017582,0.153521
0.934978,-0.319013,-0.018376,0.153975
0.934947,-0.318838,-0.019170,0.154430
0.934915,-0.318663,-0.019963,0.154884
0.934883,-0.318486,-0.020757,0.155338
0.934850,-0.318308,-0.021550,0.155793
0.934816,-0.318129,-0.022342,0.156248
0.934782,-0.317949,-0.023135,0.156702
0.934747,-0.317768,-0.023927,0.157157
0.934712,-0.317586,-0.024720,0.157612
0.934676,-0.317403,-0.025512,0.158066
0.934640,-0.317219,-0.026303,0.158521
0.934603,-0.317033,-0.027095,0.158976
0.934565,-0.316847,-0.027886,0.159431
0.934527,-0.316660,-0.028677,0.159886
0.934488,-0.316471,-0.029468,0.160341
0.934449,-0.316281,-0.030259,0.160796
0.934409,-0.316091,-0.031049,0.161252
0.934369,-0.315899,-0.031839,0.161707
0.934328,-0.315706,-0.032629,0.162162
0.934286,-0.315512,-0.033419,0.162618
0.934244,-0.315317,-0.034208,0.163073
0.934202,-0.315121,-0.034997,0.163528
0.934158,-0.314924,-0.035786,0.163984
0.934114,-0.314725,-0.036575,0.164440
0.934070,-0.314526,-0.037363,0.164895
0.934025,-0.314326,-0.038152,0.165351
0.933980,-0.314124,-0.038940,0.165807
0.933933,-0.313922,-0.039727,0.166262
0.933887,-0.313718,-0.040515,0.166718
0.933840,-0.313514,-0.041302,0.167174
0.933792,-0.313308,-0.042089,0.167630
0.933743,-0.313101,-0.042876,0.168086
0.933694,-0.312893,-0.043663,0.168542
0.933645,-0.312684,-0.044449,0.168998
0.933595,-0.312474,-0.045235,0.169454
0.933544,-0.312263,-0.046021,0.169910
0.933493,-0.312051,-0.046806,0.170366
0.933441,-0.311838,-0.047591,0.170822
0.933389,-0.311623,-0.048376,0.171279
0.933336,-0.311408,-0.049161,0.171735
0.933282,-0.311192,-0.049946,0.172191
0.933228,-0.310974,-0.050730,0.172648
0.933173,-0.310756,-0.051514,0.173104
0.933118,-0.310536,-0.052297,0.173560
0.933062,-0.310315,-0.053081,0.174017
0.933006,-0.310094,-0.053864,0.174473
0.932949,-0.309871,-0.054647,0.174930
0.932891,-0.309647,-0.055429,0.175386
0.932833,-0.309422,-0.056212,0.175843
0.932774,-0.309196,-0.056994,0.176300
0.932715,-0.308969,-0.057775,0.176756
0.932655,-0.308741,-0.058557,0.177213
0.932595,-0.308512,-0.059338,0.177670
0.932534,-0.308281,-0.060119,0.178126
0.932472,-0.308050,-0.060900,0.178583
0.932410,-0.307818,-0.061680,0.179040
0.932347,-0.307584,-0.062460,0.179497
0.932284,-0.307350,-0.063240,0.179954
0.932220,-0.307114,-0.064019,0.180410
0.932156,-0.306878,-0.064799,0.180867
0.932091,-0.306640,-0.065578,0.181324
0.932025,-0.306401,-0.066356,0.181781
0.931959,-0.306162,-0.067135,0.182238
0.931892,-0.305921,-0.067913,0.182695
0.931825,-0.305679,-0.068690,0.183152
0.931757,-0.305436,-0.069468,0.183609
0.931688,-0.305192,-0.070245,0.184066
0.931619,-0.304947,-0.071022,0.184523
0.931550,-0.304701,-0.071798,0.184980
0.931479,-0.304454,-0.072575,0.185437
0.931409,-0.304206,-0.073350,0.185894
0.931337,-0.303956,-0.074126,0.186351
0.931265,-0.303706,-0.074901,0.186808
0.931193,-0.303455,-0.075676,0.187265
0.931120,-0.303202,-0.076451,0.187723
0.931046,-0.302949,-0.077226,0.188180
0.930972,-0.302694,-0.078000,0.188637
0.930897,-0.302439,-0.078773,0.189094
0.930822,-0.302182,-0.079547,0.189551
0.930746,-0.301924,-0.080320,0.190008
0.930669,-0.301666,-0.081093,0.190466
0.930592,-0.301406,-0.081865,0.190923
0.930514,-0.301145,-0.082637,0.191380
0.930436,-0.300883,-0.083409,0.191837
0.930357,-0.300620,-0.084181,0.192294
0.930277,-0.300356,-0.084952,0.192751
0.930197,-0.300091,-0.085723,0.193209
0.930117,-0.299825,-0.086493,0.193666
0.930036,-0.299558,-0.087264,0.194123
0.929954,-0.299290,-0.088034,0.194580
0.929872,-0.299021,-0.088803,0.195037
0.929789,-0.298750,-0.089572,0.195495
0.929705,-0.298479,-0.090341,0.195952
0.929621,-0.298207,-0.091110,0.196409
0.929536,-0.297934,-0.091878,0.196866
0.929451,-0.297659,-0.092646,0.197323
0.929365,-0.297384,-0.093413,0.197780
0.929279,-0.297107,-0.094181,0.198238
0.929192,-0.296830,-0.094947,0.198695
0.929104,-0.296551,-0.095714,0.199152
0.929016,-0.296271,-0.096480,0.199609
0.928927,-0.295991,-0.097246,0.200066
0.928838,-0.295709,-0.098011,0.200523
0.928748,-0.295426,-0.098777,0.200980
0.928658,-0.295143,-0.099541,0.201437
0.928567,-0.294858,-0.100306,0.201894
0.928475,-0.294572,-0.101070,0.202352
0.928383,-0.294285,-0.101833,0.202809
0.928290,-0.293997,-0.102597,0.203266
0.928197,-0.293708,-0.103360,0.203723
0.928103,-0.293418,-0.104122,0.204180
0.928008,-0.293127,-0.104885,0.204637
0.927913,-0.292835,-0.105647,0.205094
0.927818,-0.292542,-0.106408,0.205550
0.927721,-0.292248,-0.107169,0.206007
0.927624,-0.291953,-0.107930,0.206464
0.927527,-0.291657,-0.108690,0.206921
0.927429,-0.291360,-0.109451,0.207378
0.927330,-0.291061,-0.110210,0.207835
0.927231,-0.290762,-0.110970,0.208292
0.927131,-0.290462,-0.111728,0.208748
0.927031,-0.290160,-0.112487,0.209205
0.926930,-0.289858,-0.113245,0.209662
0.926829,-0.289555,-0.114003,0.210119
0.926727,-0.289250,-0.114761,0.210575
0.926624,-0.288945,-0.115518,0.211032
0.926521,-0.288638,-0.116274,0.211489
0.926417,-0.288331,-0.117031,0.211945
0.926313,-0.288022,-0.117786,0.212402
0.926208,-0.287713,-0.118542,0.212858
0.926102,-0.287402,-0.119297,0.213315
0.925996,-0.287091,-0.120052,0.213771
0.925889,-0.286778,-0.120806,0.214228
0.925782,-0.286464,-0.121560,0.214684
0.925674,-0.286150,-0.122314,0.215140
0.925565,-0.285834,-0.123067,0.215597
0.925456,-0.285517,-0.123820,0.216053
0.925347,-0.285200,-0.124572,0.216509
0.925237,-0.284881,-0.125324,0.216965
0.925126,-0.284561,-0.126076,0.217421
0.925014,-0.284240,-0.126827,0.217878
0.924902,-0.283919,-0.127578,0.218334
0.924790,-0.283596,-0.128328,0.218790
0.924677,-0.283272,-0.129078,0.219246
0.924563,-0.282947,-0.129828,0.219702
0.924449,-0.282621,-0.130577,0.220157
0.924334,-0.282295,-0.131326,0.220613
0.924218,-0.281967,-0.132074,0.221069
0.924102,-0.281638,-0.132822,0.221525
0.923986,-0.281308,-0.133570,0.221981
0.923869,-0.280977,-0.134317,0.222436
0.923751,-0.280645,-0.135063,0.222892
0.923632,-0.280312,-0.135810,0.223347
0.923513,-0.279978,-0.136556,0.223803
0.923394,-0.279643,-0.137301,0.224258
0.923274,-0.279307,-0.138046,0.224714
0.923153,-0.278970,-0.138791,0.225169
0.923032,-0.278632,-0.139535,0.225624
0.922910,-0.278293,-0.140279,0.226080
0.922788,-0.277953,-0.141022,0.226535
0.922665,-0.277612,-0.141765,0.226990
0.922541,-0.277270,-0.142507,0.227445
0.922417,-0.276927,-0.143249,0.227900
0.922292,-0.276583,-0.143991,0.228355
0.922167,-0.276238,-0.144732,0.228810
0.922041,-0.275892,-0.145473,0.229265
0.921914,-0.275545,-0.146213,0.229719
0.921787,-0.275197,-0.146953,0.230174
0.921659,-0.274848,-0.147693,0.230629
0.921531,-0.274498,-0.148432,0.231083
0.921402,-0.274147,-0.149170,0.231538
0.921273,-0.273795,-0.149908,0.231992
0.921143,-0.273442,-0.150646,0.232447
0.921012,-0.273088,-0.151383,0.232901
0.920881,-0.272733,-0.152120,0.233355
0.920749,-0.272376,-0.152856,0.233810
0.920617,-0.272019,-0.153592,0.234264
0.920484,-0.271661,-0.154328,0.234718
0.920350,-0.271302,-0.155063,0.235172
0.920216,-0.270942,-0.155797,0.235626
0.920082,-0.270581,-0.156531,0.236079
0.919946,-0.270219,-0.157265,0.236533
0.919811,-0.269856,-0.157998,0.236987
0.919674,-0.269492,-0.158731,0.237440
0.919537,-0.269127,-0.159463,0.237894
0.919400,-0.268761,-0.160195,0.238347
0.919261,-0.268394,-0.160926,0.238801
0.919123,-0.268026,-0.161657,0.239254
0.918983,-0.267657,-0.162388,0.239707
0.918843,-0.267287,-0.163117,0.240160
0.918703,-0.266917,-0.163847,0.240613
0.918562,-0.266545,-0.164576,0.241066
0.918420,-0.266172,-0.165305,0.241519
0.918278,-0.265798,-0.166033,0.241972
0.918135,-0.265423,-0.166760,0.242425
0.917992,-0.265047,-0.167487,0.242877
0.917848,-0.264670,-0.168214,0.243330
0.917703,-0.264292,-0.168940,0.243783
0.917558,-0.263914,-0.169666,0.244235
0.917412,-0.263534,-0.170391,0.244687
0.917266,-0.263153,-0.171116,0.245139
0.917119,-0.262771,-0.171840,0.245592
0.916971,-0.262389,-0.172564,0.246044
0.916823,-0.262005,-0.173287,0.246495
0.916675,-0.261620,-0.174010,0.246947
0.916525,-0.261235,-0.174732,0.247399
0.916376,-0.260848,-0.175454,0.247851
0.916225,-0.260460,-0.176176,0.248302
0.916074,-0.260072,-0.176896,0.248754
0.915923,-0.259682,-0.177617,0.249205
0.915770,-0.259292,-0.178337,0.249656
0.915618,-0.258900,-0.179056,0.250108
0.915464,-0.258508,-0.179775,0.250559
0.915311,-0.258114,-0.180493,0.251010
0.915156,-0.257720,-0.181211,0.251461
0.915001,-0.257324,-0.181929,0.251911
0.914845,-0.256928,-0.182646,0.252362
0.914689,-0.256530,-0.183362,0.252813
0.914532,-0.256132,-0.184078,0.253263
0.914375,-0.255733,-0.184793,0.253713
0.914217,-0.255333,-0.185508,0.254164
0.914058,-0.254931,-0.186223,0.254614
0.913899,-0.254529,-0.186936,0.255064
0.913740,-0.254126,-0.187650,0.255514
0.913579,-0.253722,-0.188363,0.255964
0.913418,-0.253317,-0.189075,0.256413
0.913257,-0.252911,-0.189787,0.256863
0.913095,-0.252504,-0.190498,0.257313
0.912932,-0.252096,-0.191209,0.257762
0.912769,-0.251687,-0.191919,0.258211
0.912605,-0.251277,-0.192629,0.258660
0.912441,-0.250866,-0.193338,0.259110
0.912276,-0.250454,-0.194047,0.259558
0.912111,-0.250042,-0.194755,0.260007
0.911945,-0.249628,-0.195463,0.260456
0.911778,-0.249213,-0.196170,0.260905
0.911611,-0.248798,-0.196877,0.261353
0.911443,-0.248381,-0.197583,0.261801
0.911274,-0.247963,-0.198288,0.262250
0.911105,-0.247545,-0.198993,0.262698
0.910936,-0.247126,-0.199698,0.263146
0.910766,-0.246705,-0.200402,0.263594
0.910595,-0.246284,-0.201105,0.264042
0.910424,-0.245861,-0.201808,0.264489
0.910252,-0.245438,-0.202511,0.264937
0.910079,-0.245014,-0.203213,0.265384
0.909906,-0.244589,-0.203914,0.265831
0.909732,-0.244163,-0.204615,0.266278
0.909558,-0.243736,-0.205315,0.266725
0.909383,-0.243308,-0.206015,0.267172
0.909208,-0.242879,-0.206714,0.267619
0.909032,-0.242449,-0.207412,0.268066
0.908856,-0.242018,-0.208111,0.268512
0.908678,-0.241586,-0.208808,0.268959
0.908501,-0.241154,-0.209505,0.269405
0.908322,-0.240720,-0.210201,0.269851
0.908144,-0.240285,-0.210897,0.270297
0.907964,-0.239850,-0.211593,0.270743
0.907784,-0.239413,-0.212287,0.271188
0.907604,-0.238976,-0.212982,0.271634
0.907422,-0.238538,-0.213675,0.272079
0.907241,-0.238098,-0.214368,0.272525
0.907058,-0.237658,-0.215061,0.272970
0.906875,-0.237217,-0.215753,0.273415
0.906692,-0.236775,-0.216444,0.273860
0.906508,-0.236332,-0.217135,0.274305
0.906323,-0.235888,-0.217826,0.274749
0.906138,-0.235443,-0.218515,0.275194
0.905952,-0.234997,-0.219204,0.275638
0.905766,-0.234550,-0.219893,0.276082
0.905579,-0.234103,-0.220581,0.276526
0.905391,-0.233654,-0.221269,0.276970
0.905203,-0.233204,-0.221955,0.277414
0.905015,-0.232754,-0.222642,0.277857
0.904825,-0.232303,-0.223328,0.278301
0.904636,-0.231850,-0.224013,0.278744
0.904445,-0.231397,-0.224697,0.279187
0.904254,-0.230943,-0.225381,0.279630
0.904063,-0.230488,-0.226065,0.280073
0.903871,-0.230032,-0.226748,0.280516
0.903678,-0.229575,-0.227430,0.280958
0.903485,-0.229117,-0.228112,0.281401
0.903291,-0.228658,-0.228793,0.281843
0.903096,-0.228198,-0.229473,0.282285
0.902901,-0.227738,-0.230153,0.282727
0.902706,-0.227276,-0.230833,0.283168
0.902509,-0.226814,-0.231512,0.283610
0.902313,-0.226350,-0.232190,0.284052
0.902115,-0.225886,-0.232867,0.284493
0.901917,-0.225421,-0.233544,0.284934
0.901719,-0.224955,-0.234221,0.285375
0.901520,-0.224488,-0.234897,0.285816
0.901320,-0.224020,-0.235572,0.286256
0.901120,-0.223551,-0.236247,0.286697
0.900919,-0.223081,-0.236921,0.287137
0.900718,-0.222610,-0.237594,0.287577
0.900516,-0.222139,-0.238267,0.288017
0.900314,-0.221666,-0.238939,0.288457
0.900111,-0.221193,-0.239611,0.288897
0.899907,-0.220719,-0.240282,0.289336
0.899703,-0.220243,-0.240953,0.289776
0.899498,-0.219767,-0.241622,0.290215
0.899293,-0.219290,-0.242292,0.290654
0.899087,-0.218812,-0.242960,0.291092
0.898880,-0.218333,-0.243628,0.291531
0.898673,-0.217854,-0.244296,0.291970
0.898465,-0.217373,-0.244963,0.292408
0.898257,-0.216891,-0.245629,0.292846
0.898048,-0.216409,-0.246294,0.293284
0.897839,-0.215926,-0.246959,0.293722
0.897629,-0.215441,-0.247624,0.294159
0.897418,-0.214956,-0.248288,0.294597
0.897207,-0.214470,-0.248951,0.295034
0.896996,-0.213983,-0.249613,0.295471
0.896783,-0.213496,-0.250275,0.295908
0.896571,-0.213007,-0.250936,0.296344
0.896357,-0.212517,-0.251597,0.296781
0.896143,-0.212027,-0.252257,0.297217
0.895929,-0.211535,-0.252916,0.297653
0.895714,-0.211043,-0.253575,0.298089
0.895498,-0.210550,-0.254233,0.298525
0.895282,-0.210056,-0.254891,0.298961
0.895065,-0.209561,-0.255548,0.299396
0.894848,-0.209065,-0.256204,0.299831
0.894630,-0.208568,-0.256860,0.300266
0.894411,-0.208071,-0.257515,0.300701
0.894192,-0.207572,-0.258169,0.301136
0.893973,-0.207073,-0.258823,0.301570
0.893752,-0.206573,-0.259476,0.302005
0.893531,-0.206072,-0.260128,0.302439
0.893310,-0.205570,-0.260780,0.302873
0.893088,-0.205067,-0.261431,0.303306
0.892866,-0.204563,-0.262082,0.303740
0.892643,-0.204058,-0.262732,0.304173
0.892419,-0.203553,-0.263381,0.304606
0.892195,-0.203047,-0.264030,0.305039
0.891970,-0.202539,-0.264678,0.305472
0.891745,-0.202031,-0.265325,0.305904
0.891519,-0.201522,-0.265972,0.306337
0.891292,-0.201012,-0.266618,0.306769
0.891065,-0.200501,-0.267263,0.307201
0.890838,-0.199990,-0.267908,0.307632
0.890610,-0.199477,-0.268552,0.308064
0.890381,-0.198964,-0.269195,0.308495
0.890151,-0.198450,-0.269838,0.308926
0.889922,-0.197935,-0.270480,0.309357
0.889691,-0.197419,-0.271121,0.309788
0.889460,-0.196902,-0.271762,0.310219
0.889229,-0.196384,-0.272402,0.310649
0.888996,-0.195866,-0.273042,0.311079
0.888764,-0.195346,-0.273681,0.311509
0.888530,-0.194826,-0.274319,0.311938
0.888297,-0.194305,-0.274956,0.312368
0.888062,-0.193783,-0.275593,0.312797
0.887827,-0.193260,-0.276229,0.313226
0.887592,-0.192736,-0.276865,0.313655
0.887356,-0.192212,-0.277500,0.314084
0.887119,-0.191686,-0.278134,0.314512
0.886882,-0.191160,-0.278767,0.314940
0.886644,-0.190633,-0.279400,0.315368
0.886406,-0.190105,-0.280032,0.315796
0.886167,-0.189576,-0.280664,0.316223
0.885927,-0.189046,-0.281294,0.316651
0.885687,-0.188516,-0.281925,0.317078
0.885447,-0.187984,-0.282554,0.317505
0.885206,-0.187452,-0.283183,0.317931
0.884964,-0.186919,-0.283811,0.318358
0.884722,-0.186385,-0.284438,0.318784
0.884479,-0.185850,-0.285065,0.319210
0.884235,-0.185315,-0.285691,0.319636
0.883991,-0.184778,-0.286316,0.320061
0.883747,-0.184241,-0.286941,0.320487
0.883502,-0.183703,-0.287565,0.320912
0.883256,-0.183164,-0.288188,0.321337
0.883010,-0.182624,-0.288811,0.321761
0.882763,-0.182083,-0.289433,0.322186
0.882516,-0.181542,-0.290054,0.322610
0.882268,-0.181000,-0.290675,0.323034
0.882019,-0.180456,-0.291295,0.323457
0.881770,-0.179912,-0.291914,0.323881
0.881521,-0.179367,-0.292532,0.324304
0.881271,-0.178822,-0.293150,0.324727
0.881020,-0.178275,-0.293767,0.325150
0.880769,-0.177728,-0.294383,0.325573
0.880517,-0.177180,-0.294999,0.325995
0.880265,-0.176631,-0.295614,0.326417
0.880012,-0.176081,-0.296228,0.326839
0.879758,-0.175530,-0.296842,0.327261
0.879504,-0.174979,-0.297455,0.327682
0.879250,-0.174426,-0.298067,0.328103
0.878994,-0.173873,-0.298678,0.328524
0.878739,-0.173319,-0.299289,0.328945
0.878483,-0.172765,-0.299899,0.329365
0.878226,-0.172209,-0.300509,0.329785
0.877968,-0.171652,-0.301117,0.330205
0.877710,-0.171095,-0.301725,0.330625
0.877452,-0.170537,-0.302332,0.331044
0.877193,-0.169978,-0.302939,0.331463
0.876933,-0.169419,-0.303545,0.331882
0.876673,-0.168858,-0.304150,0.332301
0.876412,-0.168297,-0.304754,0.332720
0.876151,-0.167735,-0.305358,0.333138
0.875889,-0.167172,-0.305961,0.333556
0.875627,-0.166608,-0.306563,0.333973
0.875364,-0.166043,-0.307164,0.334391
0.875101,-0.165478,-0.307765,0.334808
0.874837,-0.164912,-0.308365,0.335225
0.874572,-0.164345,-0.308964,0.335642
0.874307,-0.163777,-0.309563,0.336058
0.874041,-0.163208,-0.310161,0.336474
0.873775,-0.162639,-0.310758,0.336890
0.873508,-0.162069,-0.311355,0.337306
0.873241,-0.161497,-0.311950,0.337721
0.872973,-0.160926,-0.312545,0.338137
0.872705,-0.160353,-0.313139,0.338552
0.872436,-0.159780,-0.313733,0.338966
0.872166,-0.159205,-0.314326,0.339381
0.871896,-0.158630,-0.314918,0.339795
0.871625,-0.158054,-0.315509,0.340209
0.871354,-0.157478,-0.316100,0.340622
0.871083,-0.156900,-0.316689,0.341036
0.870810,-0.156322,-0.317278,0.341449
0.870537,-0.155743,-0.317867,0.341861
0.870264,-0.155163,-0.318454,0.342274
0.869990,-0.154583,-0.319041,0.342686
0.869716,-0.154001,-0.319627,0.343098
0.869441,-0.153419,-0.320213,0.343510
0.869165,-0.152836,-0.320797,0.343922
0.868889,-0.152252,-0.321381,0.344333
0.868627,-0.151666,-0.321932,0.344739
0.868379,-0.151077,-0.322449,0.345139
0.868144,-0.150485,-0.322933,0.345535
0.867924,-0.149892,-0.323384,0.345925
0.867716,-0.149300,-0.323803,0.346308
0.867522,-0.148712,-0.324192,0.346685
0.867340,-0.148129,-0.324550,0.347053
0.867171,-0.147553,-0.324879,0.347414
0.867014,-0.146985,-0.325178,0.347765
0.866869,-0.146426,-0.325450,0.348108
0.866737,-0.145878,-0.325693,0.348441
0.866615,-0.145341,-0.325910,0.348765
0.866504,-0.144816,-0.326100,0.349082
0.866402,-0.144301,-0.326265,0.349394
0.866309,-0.143797,-0.326408,0.349699
0.866223,-0.143302,-0.326532,0.349999
0.866144,-0.142815,-0.326637,0.350294
0.866072,-0.142337,-0.326726,0.350584
0.866005,-0.141866,-0.326801,0.350870
0.865944,-0.141402,-0.326862,0.351152
0.865887,-0.140945,-0.326911,0.351431
0.865834,-0.140494,-0.326949,0.351705
0.865785,-0.140049,-0.326978,0.351977
0.865740,-0.139608,-0.326998,0.352245
0.865697,-0.139174,-0.327009,0.352511
0.865658,-0.138743,-0.327014,0.352773
0.865620,-0.138318,-0.327012,0.353033
0.865586,-0.137896,-0.327004,0.353291
0.865553,-0.137479,-0.326991,0.353546
0.865522,-0.137065,-0.326974,0.353799
0.865492,-0.136656,-0.326952,0.354049
0.865464,-0.136250,-0.326926,0.354298
0.865438,-0.135847,-0.326897,0.354545
0.865412,-0.135447,-0.326864,0.354789
0.865388,-0.135051,-0.326829,0.355032
0.865364,-0.134657,-0.326791,0.355273
0.865342,-0.134267,-0.326752,0.355513
0.865320,-0.133879,-0.326710,0.355750
0.865299,-0.133494,-0.326666,0.355986
0.865279,-0.133112,-0.326620,0.356221
0.865259,-0.132732,-0.326574,0.356453
0.865239,-0.132355,-0.326526,0.356685
0.865221,-0.131980,-0.326476,0.356915
0.865202,-0.131608,-0.326426,0.357143
0.865184,-0.131237,-0.326375,0.357370
0.865166,-0.130870,-0.326323,0.357595
0.865148,-0.130504,-0.326270,0.357820
0.865131,-0.130141,-0.326217,0.358043
0.865114,-0.129780,-0.326163,0.358264
0.865097,-0.129421,-0.326109,0.358484
0.865080,-0.129064,-0.326054,0.358703
0.865063,-0.128709,-0.325999,0.358921
0.865047,-0.128356,-0.325944,0.359138
0.865030,-0.128005,-0.325888,0.359353
0.865014,-0.127656,-0.325833,0.359567
0.864997,-0.127310,-0.325777,0.359780
0.864981,-0.126965,-0.325721,0.359991
0.864965,-0.126622,-0.325664,0.360202
0.864949,-0.126281,-0.325608,0.360411
0.864933,-0.125941,-0.325552,0.360619
0.864917,-0.125604,-0.325496,0.360826
0.864901,-0.125269,-0.325439,0.361032
0.864885,-0.124935,-0.325383,0.361236
0.864869,-0.124603,-0.325327,0.361440
0.864853,-0.124273,-0.325270,0.361643
0.864837,-0.123945,-0.325214,0.361844
0.864821,-0.123618,-0.325158,0.362044
0.864805,-0.123294,-0.325102,0.362243
0.864789,-0.122971,-0.325046,0.362442
0.864772,-0.122650,-0.324991,0.362639
0.864756,-0.122330,-0.324935,0.362835
0.864740,-0.122012,-0.324879,0.363030
0.864724,-0.121696,-0.324824,0.363223
0.864708,-0.121382,-0.324769,0.363416
0.864692,-0.121069,-0.324714,0.363608
0.864676,-0.120758,-0.324659,0.363799
0.864660,-0.120449,-0.324604,0.363989
0.864644,-0.120141,-0.324549,0.364178
0.864628,-0.119835,-0.324495,0.364365
0.864611,-0.119530,-0.324440,0.364552
0.864595,-0.119227,-0.324386,0.364738
0.864579,-0.118926,-0.324332,0.364923
0.864563,-0.118626,-0.324278,0.365106
0.864546,-0.118328,-0.324225,0.365289
0.864530,-0.118032,-0.324171,0.365471
0.864514,-0.117737,-0.324118,0.365652
0.864498,-0.117443,-0.324065,0.365832
0.864481,-0.117152,-0.324012,0.366011
0.864465,-0.116861,-0.323959,0.366189
0.864449,-0.116573,-0.323907,0.366366
0.864432,-0.116285,-0.323854,0.366542
0.864416,-0.116000,-0.323802,0.366717
0.864399,-0.115716,-0.323750,0.366891
0.864383,-0.115433,-0.323698,0.367065
0.864367,-0.115152,-0.323647,0.367237
0.864350,-0.114872,-0.323595,0.367409
0.864334,-0.114594,-0.323544,0.367579
0.864317,-0.114317,-0.323493,0.367749
0.864301,-0.114042,-0.323442,0.367918
0.864285,-0.113768,-0.323391,0.368086
0.864268,-0.113495,-0.323341,0.368253
0.864252,-0.113225,-0.323291,0.368419
0.864235,-0.112955,-0.323240,0.368584
0.864219,-0.112687,-0.323191,0.368748
0.864202,-0.112420,-0.323141,0.368912
0.864186,-0.112155,-0.323091,0.369074
0.864169,-0.111891,-0.323042,0.369236
0.864153,-0.111629,-0.322993,0.369397
0.864137,-0.111368,-0.322944,0.369557
0.864120,-0.111108,-0.322895,0.369716
0.864104,-0.110849,-0.322846,0.369875
0.864087,-0.110592,-0.322798,0.370032
0.864071,-0.110337,-0.322750,0.370189
0.864054,-0.110083,-0.322702,0.370345
0.864038,-0.109830,-0.322654,0.370500
0.864022,-0.109578,-0.322606,0.370654
0.864005,-0.109328,-0.322559,0.370807
0.863989,-0.109079,-0.322512,0.370960
0.863972,-0.108831,-0.322465,0.371112
0.863956,-0.108585,-0.322418,0.371263
0.863940,-0.108340,-0.322371,0.371413
0.863923,-0.108096,-0.322324,0.371562
0.863907,-0.107854,-0.322278,0.371711
0.863891,-0.107612,-0.322232,0.371859
0.863875,-0.107372,-0.322186,0.372006
0.863858,-0.107134,-0.322140,0.372152
0.863842,-0.106896,-0.322095,0.372297
0.863826,-0.106660,-0.322049,0.372442
0.863809,-0.106425,-0.322004,0.372586
0.863793,-0.106192,-0.321959,0.372729
0.863777,-0.105959,-0.321914,0.372872
0.863761,-0.105728,-0.321869,0.373013
0.863745,-0.105498,-0.321825,0.373154
0.863729,-0.105269,-0.321781,0.373294
0.863712,-0.105042,-0.321736,0.373434
0.863696,-0.104816,-0.321692,0.373572
0.863680,-0.104590,-0.321649,0.373710
0.863664,-0.104366,-0.321605,0.373847
0.863648,-0.104144,-0.321562,0.373984
0.863632,-0.103922,-0.321519,0.374120
0.863616,-0.103702,-0.321475,0.374255
0.863600,-0.103482,-0.321433,0.374389
0.863584,-0.103264,-0.321390,0.374523
0.863568,-0.103047,-0.321347,0.374656
0.863552,-0.102831,-0.321305,0.374788
0.863537,-0.102617,-0.321263,0.374919
0.863521,-0.102403,-0.321221,0.375050
0.863505,-0.102191,-0.321179,0.375180
0.863489,-0.101979,-0.321137,0.375310
0.863473,-0.101769,-0.321096,0.375438
0.863458,-0.101560,-0.321055,0.375566
0.863442,-0.101352,-0.321014,0.375694
0.863426,-0.101145,-0.320973,0.375821
0.863411,-0.100940,-0.320932,0.375947
0.863395,-0.100735,-0.320891,0.376072
0.863380,-0.100531,-0.320851,0.376197
0.863364,-0.100329,-0.320811,0.376321
0.863348,-0.100127,-0.320771,0.376444
0.863333,-0.099927,-0.320731,0.376567
0.863318,-0.099727,-0.320691,0.376689
0.863302,-0.099529,-0.320652,0.376810
0.863287,-0.099332,-0.320612,0.376931
0.863271,-0.099136,-0.320573,0.377051
0.863256,-0.098940,-0.320534,0.377171
0.863241,-0.098746,-0.320495,0.377290
0.863226,-0.098553,-0.320456,0.377408
0.863210,-0.098361,-0.320418,0.377526
0.863195,-0.098170,-0.320379,0.377643
0.863180,-0.097980,-0.320341,0.377759
0.863165,-0.097791,-0.320303,0.377875
0.863150,-0.097602,-0.320265,0.377990
0.863135,-0.097415,-0.320227,0.378105
0.863120,-0.097229,-0.320190,0.378219
0.863105,-0.097044,-0.320153,0.378332
0.863090,-0.096860,-0.320115,0.378445
0.863075,-0.096677,-0.320078,0.378557
0.863060,-0.096494,-0.320041,0.378668
0.863045,-0.096313,-0.320005,0.378779
0.863030,-0.096133,-0.319968,0.378890
0.863016,-0.095954,-0.319932,0.379000
0.863001,-0.095775,-0.319895,0.379109
0.862986,-0.095598,-0.319859,0.379217
0.862972,-0.095421,-0.319823,0.379325
0.862957,-0.095245,-0.319788,0.379433
0.862942,-0.095071,-0.319752,0.379540
0.862928,-0.094897,-0.319716,0.379646
0.862913,-0.094724,-0.319681,0.379752
0.862899,-0.094552,-0.319646,0.379857
0.862885,-0.094381,-0.319611,0.379962
0.862870,-0.094211,-0.319576,0.380066
0.862856,-0.094042,-0.319541,0.380170
0.862842,-0.093873,-0.319507,0.380273
0.862827,-0.093706,-0.319473,0.380375
0.862813,-0.093539,-0.319438,0.380477
0.862799,-0.093374,-0.319404,0.380579
0.862785,-0.093209,-0.319370,0.380679
0.862771,-0.093045,-0.319337,0.380780
0.862757,-0.092882,-0.319303,0.380880
0.862743,-0.092720,-0.319269,0.380979
0.862729,-0.092558,-0.319236,0.381078
0.862715,-0.092398,-0.319203,0.381176
0.862701,-0.092238,-0.319170,0.381274
0.862687,-0.092079,-0.319137,0.381371
0.862673,-0.091921,-0.319104,0.381467
0.862660,-0.091764,-0.319072,0.381564
0.862646,-0.091608,-0.319039,0.381659
0.862632,-0.091452,-0.319007,0.381754
0.862619,-0.091298,-0.318975,0.381849
0.862605,-0.091144,-0.318943,0.381943
0.862592,-0.090991,-0.318911,0.382037
0.862578,-0.090838,-0.318879,0.382130
0.862565,-0.090687,-0.318848,0.382223
0.862551,-0.090536,-0.318816,0.382315
0.862538,-0.090386,-0.318785,0.382407
0.862524,-0.090237,-0.318754,0.382498
0.862511,-0.090089,-0.318723,0.382589
0.862498,-0.089941,-0.318692,0.382679
0.862485,-0.089795,-0.318662,0.382769
0.862472,-0.089649,-0.318631,0.382858
0.862458,-0.089504,-0.318601,0.382947
0.862445,-0.089359,-0.318570,0.383035
0.862432,-0.089216,-0.318540,0.383123
0.862419,-0.089073,-0.318510,0.383210
0.862406,-0.088930,-0.318480,0.383297
0.862394,-0.088789,-0.318451,0.383384
0.862381,-0.088648,-0.318421,0.383470
0.862368,-0.088508,-0.318391,0.383556
0.862355,-0.088369,-0.318362,0.383641
0.862342,-0.088231,-0.318333,0.383725
0.862330,-0.088093,-0.318304,0.383810
0.862317,-0.087956,-0.318275,0.383893
0.862304,-0.087820,-0.318246,0.383977
0.862292,-0.087684,-0.318218,0.384060
0.862279,-0.087549,-0.318189,0.384142
0.862267,-0.087415,-0.318161,0.384224
0.862254,-0.087282,-0.318132,0.384306
0.862242,-0.087149,-0.318104,0.384387
0.862230,-0.087017,-0.318076,0.384468
0.862217,-0.086886,-0.318048,0.384548
0.862205,-0.086755,-0.318021,0.384628
0.862193,-0.086625,-0.317993,0.384707
0.862181,-0.086496,-0.317966,0.384786
0.862169,-0.086367,-0.317938,0.384865
0.862157,-0.086240,-0.317911,0.384943
0.862145,-0.086112,-0.317884,0.385021
0.862133,-0.085986,-0.317857,0.385099
0.862121,-0.085860,-0.317830,0.385176
0.862109,-0.085735,-0.317803,0.385252
0.862097,-0.085610,-0.317777,0.385328
0.862085,-0.085486,-0.317750,0.385404
0.862073,-0.085363,-0.317724,0.385479
0.862061,-0.085240,-0.317698,0.385554
0.862050,-0.085118,-0.317672,0.385629
0.862038,-0.084997,-0.317646,0.385703
0.862027,-0.084876,-0.317620,0.385777
0.862015,-0.084756,-0.317594,0.385850
0.862003,-0.084637,-0.317569,0.385923
0.861992,-0.084518,-0.317543,0.385996
0.861981,-0.084400,-0.317518,0.386068
0.861969,-0.084282,-0.317492,0.386140
0.861958,-0.084165,-0.317467,0.386212
0.861946,-0.084049,-0.317442,0.386283
0.861935,-0.083933,-0.317417,0.386354
0.861924,-0.083818,-0.317393,0.386424
0.861913,-0.083704,-0.317368,0.386494
0.861902,-0.083590,-0.317343,0.386564
0.861891,-0.083477,-0.317319,0.386633
0.861880,-0.083364,-0.317295,0.386702
0.861869,-0.083252,-0.317270,0.386770
0.861858,-0.083140,-0.317246,0.386838
0.861847,-0.083030,-0.317222,0.386906
0.861836,-0.082919,-0.317199,0.386974
0.861825,-0.082809,-0.317175,0.387041
0.861814,-0.082700,-0.317151,0.387108
0.861803,-0.082592,-0.317128,0.387174
0.861793,-0.082484,-0.317104,0.387240
0.861782,-0.082376,-0.317081,0.387306
0.861771,-0.082269,-0.317058,0.387371
0.861761,-0.082163,-0.317035,0.387436
0.861750,-0.082057,-0.317012,0.387501
0.861740,-0.081952,-0.316989,0.387565
0.861729,-0.081847,-0.316966,0.387629
0.861719,-0.081743,-0.316944,0.387693
0.861708,-0.081640,-0.316921,0.387756
0.861698,-0.081537,-0.316899,0.387819
0.861688,-0.081434,-0.316876,0.387881
0.861678,-0.081332,-0.316854,0.387944
0.861667,-0.081231,-0.316832,0.388006
0.861657,-0.081130,-0.316810,0.388067
0.861647,-0.081030,-0.316788,0.388129
0.861637,-0.080930,-0.316766,0.388190
0.861627,-0.080831,-0.316745,0.388250
0.861617,-0.080732,-0.316723,0.388311
0.861607,-0.080634,-0.316702,0.388371
0.861597,-0.080536,-0.316680,0.388431
0.861587,-0.080439,-0.316659,0.388490
0.861577,-0.080342,-0.316638,0.388549
0.861567,-0.080246,-0.316617,0.388608
0.861558,-0.080150,-0.316596,0.388666
0.861548,-0.080055,-0.316575,0.388724
0.861538,-0.079961,-0.316554,0.388782
0.861528,-0.079866,-0.316534,0.388840
0.861519,-0.079773,-0.316513,0.388897
0.861509,-0.079680,-0.316493,0.388954
0.861500,-0.079587,-0.316472,0.389011
0.861490,-0.079495,-0.316452,0.389067
0.861481,-0.079403,-0.316432,0.389123
0.861471,-0.079312,-0.316412,0.389179
0.861462,-0.079221,-0.316392,0.389234
0.861453,-0.079131,-0.316372,0.389290
0.861443,-0.079041,-0.316352,0.389344
0.861434,-0.078952,-0.316333,0.389399
0.861425,-0.078863,-0.316313,0.389453
0.861416,-0.078774,-0.316294,0.389507
0.861407,-0.078686,-0.316274,0.389561
0.861397,-0.078599,-0.316255,0.389614
0.861388,-0.078512,-0.316236,0.389668
0.861379,-0.078425,-0.316217,0.389721
0.861370,-0.078339,-0.316198,0.389773
0.861361,-0.078254,-0.316179,0.389825
0.861353,-0.078168,-0.316160,0.389878
0.861344,-0.078084,-0.316141,0.389929
0.861335,-0.077999,-0.316122,0.389981
0.861326,-0.077916,-0.316104,0.390032
0.861317,-0.077832,-0.316085,0.390083
0.861309,-0.077749,-0.316067,0.390134
0.861300,-0.077667,-0.316049,0.390184
0.861291,-0.077585,-0.316031,0.390234
0.861283,-0.077503,-0.316012,0.390284
0.861274,-0.077422,-0.315994,0.390334
0.861265,-0.077341,-0.315977,0.390383
0.861257,-0.077261,-0.315959,0.390432
0.861248,-0.077181,-0.315941,0.390481
0.861240,-0.077101,-0.315923,0.390530
0.861232,-0.077022,-0.315906,0.390578
0.861223,-0.076943,-0.315888,0.390626
0.861215,-0.076865,-0.315871,0.390674
0.861207,-0.076787,-0.315853,0.390722
0.861198,-0.076710,-0.315836,0.390769
0.861190,-0.076633,-0.315819,0.390816
0.861182,-0.076556,-0.315802,0.390863
0.861174,-0.076480,-0.315785,0.390909
0.861166,-0.076404,-0.315768,0.390956
0.861158,-0.076328,-0.315751,0.391002
0.861150,-0.076253,-0.315735,0.391048
0.861142,-0.076179,-0.315718,0.391093
0.861134,-0.076104,-0.315701,0.391139
0.861126,-0.076031,-0.315685,0.391184
0.861118,-0.075957,-0.315668,0.391229
0.861110,-0.075884,-0.315652,0.391273
0.861102,-0.075811,-0.315636,0.391318
0.861094,-0.075739,-0.315620,0.391362
0.861087,-0.075667,-0.315604,0.391406
0.861079,-0.075595,-0.315588,0.391450
0.861071,-0.075524,-0.315572,0.391493
0.861064,-0.075453,-0.315556,0.391536
0.861056,-0.075383,-0.315540,0.391580
0.861048,-0.075313,-0.315524,0.391622
0.861041,-0.075243,-0.315509,0.391665
0.861033,-0.075174,-0.315493,0.391707
0.861026,-0.075105,-0.315478,0.391749
0.861018,-0.075036,-0.315462,0.391791
0.861011,-0.074968,-0.315447,0.391833
0.861004,-0.074900,-0.315432,0.391874
0.860996,-0.074832,-0.315417,0.391916
0.860989,-0.074765,-0.315402,0.391957
0.860982,-0.074698,-0.315387,0.391998
0.860974,-0.074632,-0.315372,0.392038
0.860967,-0.074566,-0.315357,0.392079
0.860960,-0.074500,-0.315342,0.392119
0.860953,-0.074435,-0.315327,0.392159
0.860946,-0.074370,-0.315313,0.392199
0.860939,-0.074305,-0.315298,0.392238
0.860931,-0.074240,-0.315284,0.392277
0.860924,-0.074176,-0.315269,0.392317
0.860917,-0.074113,-0.315255,0.392355
0.860911,-0.074049,-0.315241,0.392394
0.860904,-0.073986,-0.315226,0.392433
0.860897,-0.073923,-0.315212,0.392471
0.860890,-0.073861,-0.315198,0.392509
0.860883,-0.073799,-0.315184,0.392547
0.860876,-0.073737,-0.315170,0.392585
0.860869,-0.073676,-0.315156,0.392622
0.860863,-0.073615,-0.315143,0.392660
0.860856,-0.073554,-0.315129,0.392697
0.860849,-0.073493,-0.315115,0.392734
0.860843,-0.073433,-0.315102,0.392770
0.860836,-0.073373,-0.315088,0.392807
0.860829,-0.073314,-0.315075,0.392843
0.860823,-0.073255,-0.315061,0.392879
0.860816,-0.073196,-0.315048,0.392915
0.860810,-0.073137,-0.315035,0.392951
0.860803,-0.073079,-0.315022,0.392987
0.860797,-0.073021,-0.315008,0.393022
0.860790,-0.072963,-0.314995,0.393057
0.860784,-0.072906,-0.314982,0.393092
0.860778,-0.072849,-0.314970,0.393127
0.860771,-0.072792,-0.314957,0.393162
0.860765,-0.072736,-0.314944,0.393196
0.860759,-0.072680,-0.314931,0.393231
0.860753,-0.072624,-0.314918,0.393265
0.860746,-0.072568,-0.314906,0.393299
0.860740,-0.072513,-0.314893,0.393332
0.860734,-0.072458,-0.314881,0.393366
0.860728,-0.072403,-0.314868,0.393399
0.860722,-0.072349,-0.314856,0.393433
0.860716,-0.072295,-0.314844,0.393466
0.860710,-0.072241,-0.314832,0.393499
0.860704,-0.072187,-0.314819,0.393531
0.860698,-0.072134,-0.314807,0.393564
0.860692,-0.072081,-0.314795,0.393596
0.860686,-0.072028,-0.314783,0.393628
0.860680,-0.071976,-0.314771,0.393660
0.860674,-0.071924,-0.314760,0.393692
0.860668,-0.071872,-0.314748,0.393724
0.860662,-0.071820,-0.314736,0.393755
0.860657,-0.071769,-0.314724,0.393787
0.860651,-0.071718,-0.314713,0.393818
0.860645,-0.071667,-0.314701,0.393849
0.860639,-0.071617,-0.314690,0.393880
0.860634,-0.071566,-0.314678,0.393911
0.860628,-0.071516,-0.314667,0.393941
0.860622,-0.071467,-0.314655,0.393971
0.860617,-0.071417,-0.314644,0.394002
0.860611,-0.071368,-0.314633,0.394032
0.860606,-0.071319,-0.314622,0.394062
0.860600,-0.071270,-0.314611,0.394091
0.860595,-0.071222,-0.314600,0.394121
0.860589,-0.071174,-0.314589,0.394150
0.860584,-0.071126,-0.314578,0.394180
0.860578,-0.071078,-0.314567,0.394209
0.860573,-0.071030,-0.314556,0.394238
0.860568,-0.070983,-0.314545,0.394267
0.860562,-0.070936,-0.314534,0.394295
0.860557,-0.070890,-0.314524,0.394324
0.860552,-0.070843,-0.314513,0.394352
0.860546,-0.070797,-0.314503,0.394380
0.860541,-0.070751,-0.314492,0.394408
0.860536,-0.070705,-0.314482,0.394436
0.860531,-0.070660,-0.314471,0.394464
0.860526,-0.070615,-0.314461,0.394492
0.860520,-0.070570,-0.314451,0.394519
0.860515,-0.070525,-0.314440,0.394547
0.860510,-0.070480,-0.314430,0.394574
0.860505,-0.070436,-0.314420,0.394601
0.860500,-0.070392,-0.314410,0.394628
0.860495,-0.070348,-0.314400,0.394654
0.860490,-0.070305,-0.314390,0.394681
0.860485,-0.070261,-0.314380,0.394708
0.860480,-0.070218,-0.314370,0.394734
0.860475,-0.070175,-0.314360,0.394760
0.860470,-0.070132,-0.314351,0.394786
0.860465,-0.070090,-0.314341,0.394812
0.860461,-0.070048,-0.314331,0.394838
0.860456,-0.070006,-0.314321,0.394863
0.860451,-0.069964,-0.314312,0.394889
0.860446,-0.069922,-0.314302,0.394914
0.860441,-0.069881,-0.314293,0.394940
0.860437,-0.069840,-0.314283,0.394965
0.860432,-0.069799,-0.314274,0.394990
0.860427,-0.069758,-0.314265,0.395015
0.860423,-0.069718,-0.314255,0.395039
0.860418,-0.069677,-0.314246,0.395064
0.860413,-0.069637,-0.314237,0.395088
0.860409,-0.069597,-0.314228,0.395113
0.860404,-0.069558,-0.314219,0.395137
0.860400,-0.069518,-0.314210,0.395161
0.860395,-0.069479,-0.314201,0.395185
0.860390,-0.069440,-0.314192,0.395209
0.860386,-0.069401,-0.314183,0.395233
0.860381,-0.069363,-0.314174,0.395256
0.860377,-0.069324,-0.314165,0.395280
0.860373,-0.069286,-0.314156,0.395303
0.860368,-0.069248,-0.314147,0.395326
0.860364,-0.069210,-0.314139,0.395349
0.860359,-0.069172,-0.314130,0.395372
0.860355,-0.069135,-0.314121,0.395395
0.860351,-0.069098,-0.314113,0.395418
0.860346,-0.069061,-0.314104,0.395440
0.860342,-0.069024,-0.314096,0.395463
0.860338,-0.068987,-0.314087,0.395485
0.860334,-0.068951,-0.314079,0.395507
0.860329,-0.068915,-0.314071,0.395530
0.860325,-0.068879,-0.314062,0.395552
0.860321,-0.068843,-0.314054,0.395573
0.860317,-0.068807,-0.314046,0.395595
0.860313,-0.068771,-0.314038,0.395617
0.860309,-0.068736,-0.314029,0.395639
0.860305,-0.068701,-0.314021,0.395660
0.860300,-0.068666,-0.314013,0.395681
0.860296,-0.068631,-0.314005,0.395703
0.860292,-0.068597,-0.313997,0.395724
0.860288,-0.068562,-0.313989,0.395745
0.860284,-0.068528,-0.313981,0.395766
0.860280,-0.068494,-0.313974,0.395786
0.860276,-0.068460,-0.313966,0.395807
0.860272,-0.068427,-0.313958,0.395828
0.860269,-0.068393,-0.313950,0.395848
0.860265,-0.068360,-0.313943,0.395868
0.860261,-0.068327,-0.313935,0.395889
0.860257,-0.068294,-0.313927,0.395909
0.860253,-0.068261,-0.313920,0.395929
0.860249,-0.068228,-0.313912,0.395949
0.860245,-0.068196,-0.313905,0.395968
0.860242,-0.068163,-0.313897,0.395988
0.860238,-0.068131,-0.313890,0.396008
0.860234,-0.068099,-0.313882,0.396027
0.860230,-0.068068,-0.313875,0.396047
0.860227,-0.068036,-0.313868,0.396066
0.860223,-0.068005,-0.313860,0.396085
0.860219,-0.067973,-0.313853,0.396104
0.860216,-0.067942,-0.313846,0.396123
0.860212,-0.067911,-0.313839,0.396142
0.860208,-0.067880,-0.313832,0.396161
0.860205,-0.067850,-0.313825,0.396180
0.860201,-0.067819,-0.313818,0.396198
0.860198,-0.067789,-0.313811,0.396217
0.860194,-0.067759,-0.313804,0.396235
0.860191,-0.067729,-0.313797,0.396253
0.860187,-0.067699,-0.313790,0.396272
0.860184,-0.067669,-0.313783,0.396290
0.860180,-0.067640,-0.313776,0.396308
0.860177,-0.067610,-0.313769,0.396326
0.860173,-0.067581,-0.313762,0.396344
0.860170,-0.067552,-0.313756,0.396361
0.860166,-0.067523,-0.313749,0.396379
0.860163,-0.067494,-0.313742,0.396396
0.860159,-0.067466,-0.313736,0.396414
0.860156,-0.067437,-0.313729,0.396431
0.860153,-0.067409,-0.313722,0.396449
0.860149,-0.067381,-0.313716,0.396466
0.860146,-0.067353,-0.313709,0.396483
0.860143,-0.067325,-0.313703,0.396500
0.860140,-0.067297,-0.313697,0.396517
0.860136,-0.067270,-0.313690,0.396534
0.860133,-0.067242,-0.313684,0.396550
0.860130,-0.067215,-0.313677,0.396567
0.860127,-0.067188,-0.313671,0.396584
0.860123,-0.067161,-0.313665,0.396600
0.860120,-0.067134,-0.313659,0.396616
0.860117,-0.067107,-0.313652,0.396633
0.860114,-0.067081,-0.313646,0.396649
0.860111,-0.067054,-0.313640,0.396665
0.860108,-0.067028,-0.313634,0.396681
0.860104,-0.067002,-0.313628,0.396697
0.860101,-0.066976,-0.313622,0.396713
0.860098,-0.066950,-0.313616,0.396729
0.860095,-0.066924,-0.313610,0.396744
0.860092,-0.066899,-0.313604,0.396760
0.860089,-0.066873,-0.313598,0.396776
0.860086,-0.066848,-0.313592,0.396791
0.860083,-0.066823,-0.313586,0.396806
0.860080,-0.066798,-0.313580,0.396822
0.860077,-0.066773,-0.313575,0.396837
0.860074,-0.066748,-0.313569,0.396852
0.860071,-0.066723,-0.313563,0.396867
0.860068,-0.066699,-0.313557,0.396882
0.860065,-0.066674,-0.313552,0.396897
0.860063,-0.066650,-0.313546,0.396912
0.860060,-0.066626,-0.313540,0.396927
0.860057,-0.066602,-0.313535,0.396941
0.860054,-0.066578,-0.313529,0.396956
0.860051,-0.066554,-0.313524,0.396970
0.860048,-0.066530,-0.313518,0.396985
0.860045,-0.066507,-0.313513,0.396999
0.860043,-0.066483,-0.313507,0.397014
0.860040,-0.066460,-0.313502,0.397028
0.860037,-0.066437,-0.313496,0.397042
0.860034,-0.066414,-0.313491,0.397056
0.860032,-0.066391,-0.313486,0.397070
0.860029,-0.066368,-0.313480,0.397084
0.860026,-0.066345,-0.313475,0.397098
0.860023,-0.066323,-0.313470,0.397111
0.860021,-0.066300,-0.313465,0.397125
0.860018,-0.066278,-0.313459,0.397139
0.860015,-0.066256,-0.313454,0.397152
0.860013,-0.066234,-0.313449,0.397166
0.860010,-0.066212,-0.313444,0.397179
0.860008,-0.066190,-0.313439,0.397193
0.860005,-0.066168,-0.313434,0.397206
0.860002,-0.066147,-0.313429,0.397219
0.860000,-0.066125,-0.313424,0.397232
0.859997,-0.066104,-0.313419,0.397245
0.859995,-0.066082,-0.313414,0.397258
0.859992,-0.066061,-0.313409,0.397271
0.859990,-0.066040,-0.313404,0.397284
0.859987,-0.066019,-0.313399,0.397297
0.859985,-0.065998,-0.313394,0.397310
0.859982,-0.065978,-0.313389,0.397322
0.859980,-0.065957,-0.313384,0.397335
0.859977,-0.065936,-0.313380,0.397347
0.859975,-0.065916,-0.313375,0.397360
0.859972,-0.065896,-0.313370,0.397372
0.859970,-0.065875,-0.313365,0.397385
0.859967,-0.065855,-0.313361,0.397397
0.859965,-0.065835,-0.313356,0.397409
0.859963,-0.065815,-0.313351,0.397421
0.859960,-0.065796,-0.313347,0.397433
0.859958,-0.065776,-0.313342,0.397445
0.859955,-0.065756,-0.313338,0.397457
0.859953,-0.065737,-0.313333,0.397469
0.859951,-0.065718,-0.313329,0.397481
0.859948,-0.065698,-0.313324,0.397493
0.859946,-0.065679,-0.313320,0.397504
0.859944,-0.065660,-0.313315,0.397516
0.859942,-0.065641,-0.313311,0.397528
0.859939,-0.065622,-0.313306,0.397539
0.859937,-0.065603,-0.313302,0.397551
0.859935,-0.065585,-0.313297,0.397562
0.859933,-0.065566,-0.313293,0.397573
0.859930,-0.065548,-0.313289,0.397585
0.859928,-0.065529,-0.313285,0.397596
0.859926,-0.065511,-0.313280,0.397607
0.859924,-0.065493,-0.313276,0.397618
0.859922,-0.065475,-0.313272,0.397629
0.859919,-0.065457,-0.313268,0.397640
0.859917,-0.065439,-0.313263,0.397651
0.859915,-0.065421,-0.313259,0.397662
0.859913,-0.065403,-0.313255,0.397673
0.859911,-0.065386,-0.313251,0.397683
0.859909,-0.065368,-0.313247,0.397694
0.859907,-0.065351,-0.313243,0.397705
0.859904,-0.065333,-0.313239,0.397715
0.859902,-0.065316,-0.313235,0.397726
0.859900,-0.065299,-0.313231,0.397736
0.859898,-0.065282,-0.313227,0.397747
0.859896,-0.065265,-0.313223,0.397757
0.859894,-0.065248,-0.313219,0.397767
0.859892,-0.065231,-0.313215,0.397778
0.859890,-0.065215,-0.313211,0.397788
0.859888,-0.065198,-0.313207,0.397798
0.859886,-0.065181,-0.313203,0.397808
0.859884,-0.065165,-0.313199,0.397818
0.859882,-0.065149,-0.313195,0.397828
0.859880,-0.065132,-0.313192,0.397838
0.859878,-0.065116,-0.313188,0.397848
0.859876,-0.065100,-0.313184,0.397858
0.859874,-0.065084,-0.313180,0.397868
0.859872,-0.065068,-0.313177,0.397877
0.859870,-0.065052,-0.313173,0.397887
0.859868,-0.065036,-0.313169,0.397897
0.859867,-0.065021,-0.313165,0.397906
0.859865,-0.065005,-0.313162,0.397916
0.859863,-0.064990,-0.313158,0.397925
0.859861,-0.064974,-0.313154,0.397935
0.859859,-0.064959,-0.313151,0.397944
0.859857,-0.064944,-0.313147,0.397953
0.859855,-0.064928,-0.313144,0.397963
0.859853,-0.064913,-0.313140,0.397972
0.859852,-0.064898,-0.313137,0.397981
0.859850,-0.064883,-0.313133,0.397990
0.859848,-0.064868,-0.313130,0.397999
0.859846,-0.064853,-0.313126,0.398008
0.859844,-0.064839,-0.313123,0.398017
0.859843,-0.064824,-0.313119,0.398026
0.859841,-0.064810,-0.313116,0.398035
0.859839,-0.064795,-0.313112,0.398044
0.859837,-0.064781,-0.313109,0.398053
0.859836,-0.064766,-0.313106,0.398061
0.859834,-0.064752,-0.313102,0.398070
0.859832,-0.064738,-0.313099,0.398079
0.859830,-0.064724,-0.313096,0.398087
0.859829,-0.064710,-0.313092,0.398096
0.859827,-0.064696,-0.313089,0.398104
0.859825,-0.064682,-0.313086,0.398113
0.859824,-0.064668,-0.313083,0.398121
0.859822,-0.064654,-0.313079,0.398130
0.859820,-0.064640,-0.313076,0.398138
0.859819,-0.064627,-0.313073,0.398146
0.859817,-0.064613,-0.313070,0.398155
0.859815,-0.064600,-0.313067,0.398163
0.859814,-0.064586,-0.313063,0.398171
0.859812,-0.064573,-0.313060,0.398179
0.859810,-0.064560,-0.313057,0.398187
0.859809,-0.064547,-0.313054,0.398195
0.859807,-0.064534,-0.313051,0.398203
0.859806,-0.064521,-0.313048,0.398211
0.859804,-0.064508,-0.313045,0.398219
0.859803,-0.064495,-0.313042,0.398227
0.859801,-0.064482,-0.313039,0.398235
0.859799,-0.064469,-0.313036,0.398243
0.859798,-0.064456,-0.313033,0.398251
0.859796,-0.064444,-0.313030,0.398258
0.859795,-0.064431,-0.313027,0.398266
0.859793,-0.064419,-0.313024,0.398274
0.859792,-0.064406,-0.313021,0.398281
0.859790,-0.064394,-0.313018,0.398289
0.859789,-0.064381,-0.313015,0.398296
0.859787,-0.064369,-0.313012,0.398304
0.859786,-0.064357,-0.313010,0.398311
0.859784,-0.064345,-0.313007,0.398319
0.859783,-0.064333,-0.313004,0.398326
0.859781,-0.064321,-0.313001,0.398333
0.859780,-0.064309,-0.312998,0.398340
0.859778,-0.064297,-0.312995,0.398348
0.859777,-0.064285,-0.312993,0.398355
0.859775,-0.064273,-0.312990,0.398362
0.859774,-0.064262,-0.312987,0.398369
0.859773,-0.064250,-0.312984,0.398376
0.859771,-0.064239,-0.312982,0.398383
0.859770,-0.064227,-0.312979,0.398390
0.859768,-0.064216,-0.312976,0.398397
0.859767,-0.064204,-0.312974,0.398404
0.859766,-0.064193,-0.312971,0.398411
0.859764,-0.064182,-0.312968,0.398418
0.859763,-0.064170,-0.312966,0.398425
0.859762,-0.064159,-0.312963,0.398432
0.859760,-0.064148,-0.312960,0.398438
0.859759,-0.064137,-0.312958,0.398445
0.859757,-0.064126,-0.312955,0.398452
0.859756,-0.064115,-0.312953,0.398459
0.859755,-0.064104,-0.312950,0.398465
0.859753,-0.064094,-0.312948,0.398472
0.859752,-0.064083,-0.312945,0.398478
0.859751,-0.064072,-0.312943,0.398485
0.859750,-0.064062,-0.312940,0.398491
0.859748,-0.064051,-0.312938,0.398498
0.859747,-0.064041,-0.312935,0.398504
0.859746,-0.064030,-0.312933,0.398511
0.859744,-0.064020,-0.312930,0.398517
0.859743,-0.064009,-0.312928,0.398523
0.859742,-0.063999,-0.312925,0.398530
0.859741,-0.063989,-0.312923,0.398536
0.859739,-0.063979,-0.312921,0.398542
0.859738,-0.063968,-0.312918,0.398548
0.859737,-0.063958,-0.312916,0.398554
0.859736,-0.063948,-0.312913,0.398560
0.859734,-0.063938,-0.312911,0.398567
0.859733,-0.063928,-0.312909,0.398573
0.859732,-0.063919,-0.312906,0.398579
0.859731,-0.063909,-0.312904,0.398585
0.859730,-0.063899,-0.312902,0.398591
0.859728,-0.063889,-0.312899,0.398596
0.859727,-0.063880,-0.312897,0.398602
0.859726,-0.063870,-0.312895,0.398608
0.859725,-0.063860,-0.312893,0.398614
0.859724,-0.063851,-0.312890,0.398620
0.859723,-0.063841,-0.312888,0.398626
0.859721,-0.063832,-0.312886,0.398631
0.859720,-0.063823,-0.312884,0.398637
0.859719,-0.063813,-0.312882,0.398643
0.859718,-0.063804,-0.312879,0.398648
0.859717,-0.063795,-0.312877,0.398654
0.859716,-0.063786,-0.312875,0.398660
0.859715,-0.063777,-0.312873,0.398665
0.859713,-0.063767,-0.312871,0.398671
0.859712,-0.063758,-0.312869,0.398676
0.859711,-0.063749,-0.312867,0.398682
0.859710,-0.063741,-0.312864,0.398687
0.859709,-0.063732,-0.312862,0.398693
0.859708,-0.063723,-0.312860,0.398698
0.859707,-0.063714,-0.312858,0.398703
0.859706,-0.063705,-0.312856,0.398709
0.859705,-0.063697,-0.312854,0.398714
0.859704,-0.063688,-0.312852,0.398719
0.859703,-0.063679,-0.312850,0.398725
0.859702,-0.063671,-0.312848,0.398730
0.859700,-0.063662,-0.312846,0.398735
0.859699,-0.063654,-0.312844,0.398740
0.859698,-0.063645,-0.312842,0.398745
0.859697,-0.063637,-0.312840,0.398750
0.859696,-0.063629,-0.312838,0.398756
0.859695,-0.063620,-0.312836,0.398761
0.859694,-0.063612,-0.312834,0.398766
0.859693,-0.063604,-0.312832,0.398771
0.859692,-0.063596,-0.312830,0.398776
0.859691,-0.063588,-0.312828,0.398781
0.859690,-0.063579,-0.312826,0.398786
0.859689,-0.063571,-0.312825,0.398790
0.859688,-0.063563,-0.312823,0.398795
0.859687,-0.063555,-0.312821,0.398800
0.859686,-0.063548,-0.312819,0.398805
0.859685,-0.063540,-0.312817,0.398810
0.859684,-0.063532,-0.312815,0.398815
0.859683,-0.063524,-0.312813,0.398819
0.859683,-0.063516,-0.312812,0.398824
0.859682,-0.063509,-0.312810,0.398829
0.859681,-0.063501,-0.312808,0.398833
0.859680,-0.063493,-0.312806,0.398838
0.859679,-0.063486,-0.312804,0.398843
0.859678,-0.063478,-0.312803,0.398847
0.859677,-0.063471,-0.312801,0.398852
0.859676,-0.063463,-0.312799,0.398856
0.859675,-0.063456,-0.312797,0.398861
0.859674,-0.063448,-0.312795,0.398865
0.859673,-0.063441,-0.312794,0.398870
0.859672,-0.063434,-0.312792,0.398874
0.859671,-0.063426,-0.312790,0.398879
0.859671,-0.063419,-0.312789,0.398883
0.859670,-0.063412,-0.312787,0.398888
0.859669,-0.063405,-0.312785,0.398892
0.859668,-0.063398,-0.312784,0.398896
0.859667,-0.063391,-0.312782,0.398901
0.859666,-0.063384,-0.312780,0.398905
0.859665,-0.063377,-0.312779,0.398909
0.859664,-0.063370,-0.312777,0.398914
0.859664,-0.063363,-0.312775,0.398918
0.859663,-0.063356,-0.312774,0.398922
0.859662,-0.063349,-0.312772,0.398926
0.859661,-0.063342,-0.312770,0.398930
0.859660,-0.063335,-0.312769,0.398934
0.859659,-0.063328,-0.312767,0.398939
0.859659,-0.063322,-0.312766,0.398943
0.859658,-0.063315,-0.312764,0.398947
0.859657,-0.063308,-0.312762,0.398951
0.859656,-0.063302,-0.312761,0.398955
0.859655,-0.063295,-0.312759,0.398959
0.859654,-0.063289,-0.312758,0.398963
0.859654,-0.063282,-0.312756,0.398967
0.859653,-0.063276,-0.312755,0.398971
0.859652,-0.063269,-0.312753,0.398975
0.859651,-0.063263,-0.312752,0.398979
0.859650,-0.063256,-0.312750,0.398983
0.859650,-0.063250,-0.312749,0.398986
0.859649,-0.063244,-0.312747,0.398990
0.859648,-0.063238,-0.312746,0.398994
0.859647,-0.063231,-0.312744,0.398998
0.859647,-0.063225,-0.312743,0.399002
0.859646,-0.063219,-0.312741,0.399005
0.859645,-0.063213,-0.312740,0.399009
0.859644,-0.063207,-0.312738,0.399013
0.859644,-0.063201,-0.312737,0.399017
0.859643,-0.063194,-0.312736,0.399020
0.859642,-0.063188,-0.312734,0.399024
0.859641,-0.063182,-0.312733,0.399028
0.859641,-0.063177,-0.312731,0.399031
0.859640,-0.063171,-0.312730,0.399035
0.859639,-0.063165,-0.312728,0.399039
0.859638,-0.063159,-0.312727,0.399042
0.859638,-0.063153,-0.312726,0.399046
0.859637,-0.063147,-0.312724,0.399049
0.859636,-0.063141,-0.312723,0.399053
0.859636,-0.063136,-0.312722,0.399056
0.859635,-0.063130,-0.312720,0.399060
0.859634,-0.063124,-0.312719,0.399063
0.859633,-0.063119,-0.312718,0.399067
0.859633,-0.063113,-0.312716,0.399070
0.859632,-0.063107,-0.312715,0.399073
0.859631,-0.063102,-0.312714,0.399077
0.859631,-0.063096,-0.312712,0.399080
0.859630,-0.063091,-0.312711,0.399084
0.859629,-0.063085,-0.312710,0.399087
0.859629,-0.063080,-0.312708,0.399090
0.859628,-0.063075,-0.312707,0.399094
0.859627,-0.063069,-0.312706,0.399097
0.859627,-0.063064,-0.312705,0.399100
0.859626,-0.063058,-0.312703,0.399103
0.859625,-0.063053,-0.312702,0.399107
0.859625,-0.063048,-0.312701,0.399110
0.859624,-0.063043,-0.312700,0.399113
0.859623,-0.063037,-0.312698,0.399116
0.859623,-0.063032,-0.312697,0.399119
0.859622,-0.063027,-0.312696,0.399123
0.859621,-0.063022,-0.312695,0.399126
0.859621,-0.063017,-0.312693,0.399129
0.859620,-0.063012,-0.312692,0.399132
0.859620,-0.063007,-0.312691,0.399135
0.859619,-0.063002,-0.312690,0.399138
0.859618,-0.062997,-0.312689,0.399141
0.859618,-0.062992,-0.312688,0.399144
0.859617,-0.062987,-0.312686,0.399147
0.859616,-0.062982,-0.312685,0.399150
0.859616,-0.062977,-0.312684,0.399153
0.859615,-0.062972,-0.312683,0.399156
0.859615,-0.062967,-0.312682,0.399159
0.859614,-0.062962,-0.312681,0.399162
0.859613,-0.062957,-0.312679,0.399165
0.859613,-0.062953,-0.312678,0.399168
0.859612,-0.062948,-0.312677,0.399171
0.859612,-0.062943,-0.312676,0.399174
0.859611,-0.062939,-0.312675,0.399177
0.859611,-0.062934,-0.312674,0.399179
0.859610,-0.062929,-0.312673,0.399182
0.859609,-0.062925,-0.312672,0.399185
0.859609,-0.062920,-0.312671,0.399188
0.859608,-0.062915,-0.312670,0.399191
0.859608,-0.062911,-0.312668,0.399193
0.859607,-0.062906,-0.312667,0.399196
0.859607,-0.062902,-0.312666,0.399199
0.859606,-0.062897,-0.312665,0.399202
0.859605,-0.062893,-0.312664,0.399204
0.859605,-0.062888,-0.312663,0.399207
0.859604,-0.062884,-0.312662,0.399210
0.859604,-0.062880,-0.312661,0.399212
0.859603,-0.062875,-0.312660,0.399215
0.859603,-0.062871,-0.312659,0.399218
0.859602,-0.062867,-0.312658,0.399220
0.859602,-0.062862,-0.312657,0.399223
0.859601,-0.062858,-0.312656,0.399226
0.859601,-0.062854,-0.312655,0.399228
0.859600,-0.062850,-0.312654,0.399231
0.859600,-0.062845,-0.312653,0.399233
0.859599,-0.062841,-0.312652,0.399236
0.859598,-0.062837,-0.312651,0.399238
0.859598,-0.062833,-0.312650,0.399241
0.859597,-0.062829,-0.312649,0.399243
0.859597,-0.062825,-0.312648,0.399246
0.859596,-0.062821,-0.312647,0.399248
0.859596,-0.062816,-0.312646,0.399251
0.859595,-0.062812,-0.312645,0.399253
0.859595,-0.062808,-0.312644,0.399256
0.859594,-0.062804,-0.312643,0.399258
0.859594,-0.062800,-0.312642,0.399261
0.859593,-0.062797,-0.312641,0.399263
0.859593,-0.062793,-0.312640,0.399266
0.859592,-0.062789,-0.312640,0.399268
0.859592,-0.062785,-0.312639,0.399270
0.859592,-0.062781,-0.312638,0.399273
0.859591,-0.062777,-0.312637,0.399275
0.859591,-0.062773,-0.312636,0.399277
0.859590,-0.062769,-0.312635,0.399280
0.859590,-0.062766,-0.312634,0.399282
0.859589,-0.062762,-0.312633,0.399284
0.859589,-0.062758,-0.312632,0.399287
0.859588,-0.062754,-0.312631,0.399289
0.859588,-0.062751,-0.312631,0.399291
0.859587,-0.062747,-0.312630,0.399293
0.859587,-0.062743,-0.312629,0.399296
0.859586,-0.062740,-0.312628,0.399298
0.859586,-0.062736,-0.312627,0.399300
0.859586,-0.062732,-0.312626,0.399302
0.859585,-0.062729,-0.312625,0.399304
0.859585,-0.062725,-0.312625,0.399307
0.859584,-0.062722,-0.312624,0.399309
0.859584,-0.062718,-0.312623,0.399311
0.859583,-0.062715,-0.312622,0.399313
0.859583,-0.062711,-0.312621,0.399315
0.859582,-0.062708,-0.312620,0.399317
0.859582,-0.062704,-0.312620,0.399319
0.859582,-0.062701,-0.312619,0.399322
0.859581,-0.062697,-0.312618,0.399324
0.859581,-0.062694,-0.312617,0.399326
0.859580,-0.062691,-0.312616,0.399328
0.859580,-0.062687,-0.312615,0.399330
0.859579,-0.062684,-0.312615,0.399332
0.859579,-0.062680,-0.312614,0.399334
0.859579,-0.062677,-0.312613,0.399336
0.859578,-0.062674,-0.312612,0.399338
0.859578,-0.062671,-0.312612,0.399340
0.859577,-0.062667,-0.312611,0.399342
0.859577,-0.062664,-0.312610,0.399344
0.859577,-0.062661,-0.312609,0.399346
0.859576,-0.062658,-0.312608,0.399348
0.859576,-0.062654,-0.312608,0.399350
0.859575,-0.062651,-0.312607,0.399352
0.859575,-0.062648,-0.312606,0.399354
0.859575,-0.062645,-0.312605,0.399356
0.859574,-0.062642,-0.312605,0.399358
0.859574,-0.062639,-0.312604,0.399359
0.859573,-0.062636,-0.312603,0.399361
0.859573,-0.062632,-0.312603,0.399363
0.859573,-0.062629,-0.312602,0.399365
0.859572,-0.062626,-0.312601,0.399367
0.859572,-0.062623,-0.312600,0.399369
0.859572,-0.062620,-0.312600,0.399371
0.859571,-0.062617,-0.312599,0.399372
0.859571,-0.062614,-0.312598,0.399374
0.859570,-0.062611,-0.312598,0.399376
0.859570,-0.062608,-0.312597,0.399378
0.859570,-0.062605,-0.312596,0.399380
0.859569,-0.062603,-0.312595,0.399381
0.859569,-0.062600,-0.312595,0.399383
0.859569,-0.062597,-0.312594,0.399385
0.859568,-0.062594,-0.312593,0.399387
0.859568,-0.062591,-0.312593,0.399389
0.859568,-0.062588,-0.312592,0.399390
0.859567,-0.062585,-0.312591,0.399392
0.859567,-0.062582,-0.312591,0.399394
0.859566,-0.062580,-0.312590,0.399395
0.859566,-0.062577,-0.312589,0.399397
0.859566,-0.062574,-0.312589,0.399399
0.859565,-0.062571,-0.312588,0.399401
0.859565,-0.062569,-0.312587,0.399402
0.859565,-0.062566,-0.312587,0.399404
0.859564,-0.062563,-0.312586,0.399406
0.859564,-0.062560,-0.312585,0.399407
0.859564,-0.062558,-0.312585,0.399409
0.859563,-0.062555,-0.312584,0.399410
0.859563,-0.062552,-0.312584,0.399412
0.859563,-0.062550,-0.312583,0.399414
0.859562,-0.062547,-0.312582,0.399415
0.859562,-0.062544,-0.312582,0.399417
0.859562,-0.062542,-0.312581,0.399418
0.859561,-0.062539,-0.312580,0.399420
0.859561,-0.062537,-0.312580,0.399422
0.859561,-0.062534,-0.312579,0.399423
0.859561,-0.062532,-0.312579,0.399425
0.859560,-0.062529,-0.312578,0.399426
0.859560,-0.062527,-0.312577,0.399428
0.859560,-0.062524,-0.312577,0.399429
0.859559,-0.062522,-0.312576,0.399431
0.859559,-0.062519,-0.312576,0.399432
0.859559,-0.062517,-0.312575,0.399434
0.859558,-0.062514,-0.312574,0.399435
0.859558,-0.062512,-0.312574,0.399437
0.859558,-0.062509,-0.312573,0.399438
0.859557,-0.062507,-0.312573,0.399440
0.859557,-0.062504,-0.312572,0.399441
0.859557,-0.062502,-0.312572,0.399443
0.859557,-0.062500,-0.312571,0.399444
0.859556,-0.062497,-0.312570,0.399446
0.859556,-0.062495,-0.312570,0.399447
0.859556,-0.062493,-0.312569,0.399449
0.859555,-0.062490,-0.312569,0.399450
0.859555,-0.062488,-0.312568,0.399451
0.859555,-0.062486,-0.312568,0.399453
0.859554,-0.062483,-0.312567,0.399454
0.859554,-0.062481,-0.312567,0.399456
0.859554,-0.062479,-0.312566,0.399457
0.859554,-0.062476,-0.312566,0.399458
0.859553,-0.062474,-0.312565,0.399460
0.859553,-0.062472,-0.312564,0.399461
0.859553,-0.062470,-0.312564,0.399462
0.859553,-0.062468,-0.312563,0.399464
0.859552,-0.062465,-0.312563,0.399465
0.859552,-0.062463,-0.312562,0.399466
0.859552,-0.062461,-0.312562,0.399468
0.859551,-0.062459,-0.312561,0.399469
0.859551,-0.062457,-0.312561,0.399470
0.859551,-0.062454,-0.312560,0.399472
0.859551,-0.062452,-0.312560,0.399473
0.859550,-0.062450,-0.312559,0.399474
0.859550,-0.062448,-0.312559,0.399476
0.859550,-0.062446,-0.312558,0.399477
0.859550,-0.062444,-0.312558,0.399478
0.859549,-0.062442,-0.312557,0.399479
0.859549,-0.062440,-0.312557,0.399481
0.859549,-0.062438,-0.312556,0.399482
0.859549,-0.062436,-0.312556,0.399483
0.859548,-0.062434,-0.312555,0.399484
0.859548,-0.062432,-0.312555,0.399486
0.859548,-0.062430,-0.312554,0.399487
0.859548,-0.062428,-0.312554,0.399488
0.859547,-0.062426,-0.312554,0.399489
0.859547,-0.062424,-0.312553,0.399491
0.859547,-0.062422,-0.312553,0.399492
0.859547,-0.062420,-0.312552,0.399493
0.859546,-0.062418,-0.312552,0.399494
0.859546,-0.062416,-0.312551,0.399495
0.859546,-0.062414,-0.312551,0.399497
0.859546,-0.062412,-0.312550,0.399498
0.859545,-0.062410,-0.312550,0.399499
0.859545,-0.062408,-0.312549,0.399500
0.859545,-0.062406,-0.312549,0.399501
0.859545,-0.062404,-0.312548,0.399502
0.859544,-0.062403,-0.312548,0.399503
0.859544,-0.062401,-0.312548,0.399505
0.859544,-0.062399,-0.312547,0.399506
0.859544,-0.062397,-0.312547,0.399507
0.859544,-0.062395,-0.312546,0.399508
0.859543,-0.062393,-0.312546,0.399509
0.859543,-0.062391,-0.312545,0.399510
0.859543,-0.062390,-0.312545,0.399511
0.859543,-0.062388,-0.312545,0.399512
0.859542,-0.062386,-0.312544,0.399513
0.859542,-0.062384,-0.312544,0.399515
0.859542,-0.062383,-0.312543,0.399516
0.859542,-0.062381,-0.312543,0.399517
0.859542,-0.062379,-0.312542,0.399518
0.859541,-0.062377,-0.312542,0.399519
0.859541,-0.062376,-0.312542,0.399520
0.859541,-0.062374,-0.312541,0.399521
0.859541,-0.062372,-0.312541,0.399522
0.859540,-0.062370,-0.312540,0.399523
0.859540,-0.062369,-0.312540,0.399524
0.859540,-0.062367,-0.312540,0.399525
0.859540,-0.062365,-0.312539,0.399526
0.859540,-0.062364,-0.312539,0.399527
0.859539,-0.062362,-0.312538,0.399528
0.859539,-0.062360,-0.312538,0.399529
0.859539,-0.062359,-0.312538,0.399530
0.859539,-0.062357,-0.312537,0.399531
0.859539,-0.062356,-0.312537,0.399532
0.859538,-0.062354,-0.312537,0.399533
0.859538,-0.062352,-0.312536,0.399534
0.859538,-0.062351,-0.312536,0.399535
0.859538,-0.062349,-0.312535,0.399536
0.859538,-0.062348,-0.312535,0.399537
0.859537,-0.062346,-0.312535,0.399538
0.859537,-0.062344,-0.312534,0.399539
0.859537,-0.062343,-0.312534,0.399540
0.859537,-0.062341,-0.312534,0.399541
0.859537,-0.062340,-0.312533,0.399542
0.859536,-0.062338,-0.312533,0.399543
0.859536,-0.062337,-0.312532,0.399544
0.859536,-0.062335,-0.312532,0.399545
0.859536,-0.062334,-0.312532,0.399545
0.859536,-0.062332,-0.312531,0.399546
0.859535,-0.062331,-0.312531,0.399547
0.859535,-0.062329,-0.312531,0.399548
0.859535,-0.062328,-0.312530,0.399549
0.859535,-0.062326,-0.312530,0.399550
0.859535,-0.062325,-0.312530,0.399551
0.859535,-0.062323,-0.312529,0.399552
0.859534,-0.062322,-0.312529,0.399553
0.859534,-0.062320,-0.312529,0.399554
0.859534,-0.062319,-0.312528,0.399554
0.859534,-0.062318,-0.312528,0.399555
0.859534,-0.062316,-0.312528,0.399556
0.859533,-0.062315,-0.312527,0.399557
0.859533,-0.062313,-0.312527,0.399558
0.859533,-0.062312,-0.312527,0.399559
0.859533,-0.062311,-0.312526,0.399560
0.859533,-0.062309,-0.312526,0.399560
0.859533,-0.062308,-0.312526,0.399561
0.859532,-0.062307,-0.312525,0.399562
0.859532,-0.062305,-0.312525,0.399563
0.859532,-0.062304,-0.312525,0.399564
0.859532,-0.062302,-0.312524,0.399565
0.859532,-0.062301,-0.312524,0.399565
0.859532,-0.062300,-0.312524,0.399566
0.859531,-0.062298,-0.312523,0.399567
0.859531,-0.062297,-0.312523,0.399568
0.859531,-0.062296,-0.312523,0.399569
0.859531,-0.062295,-0.312522,0.399569
0.859531,-0.062293,-0.312522,0.399570
0.859531,-0.062292,-0.312522,0.399571
0.859530,-0.062291,-0.312521,0.399572
0.859530,-0.062289,-0.312521,0.399572
0.859530,-0.062288,-0.312521,0.399573
0.859530,-0.062287,-0.312521,0.399574
0.859530,-0.062286,-0.312520,0.399575
0.859530,-0.062284,-0.312520,0.399576
0.859530,-0.062283,-0.312520,0.399576
0.859529,-0.062282,-0.312519,0.399577
0.859529,-0.062281,-0.312519,0.399578
0.859529,-0.062279,-0.312519,0.399579
0.859529,-0.062278,-0.312519,0.399579
0.859529,-0.062277,-0.312518,0.399580
0.859529,-0.062276,-0.312518,0.399581
0.859528,-0.062275,-0.312518,0.399581
0.859528,-0.062273,-0.312517,0.399582
0.859528,-0.062272,-0.312517,0.399583
0.859528,-0.062271,-0.312517,0.399584
0.859528,-0.062270,-0.312517,0.399584
0.859528,-0.062269,-0.312516,0.399585
0.859528,-0.062268,-0.312516,0.399586
0.859527,-0.062266,-0.312516,0.399586
0.859527,-0.062265,-0.312515,0.399587
0.859527,-0.062264,-0.312515,0.399588
0.859527,-0.062263,-0.312515,0.399589
0.859527,-0.062262,-0.312515,0.399589
0.859527,-0.062261,-0.312514,0.399590
0.859527,-0.062260,-0.312514,0.399591
0.859526,-0.062259,-0.312514,0.399591
0.859526,-0.062257,-0.312514,0.399592
0.859526,-0.062256,-0.312513,0.399593
0.859526,-0.062255,-0.312513,0.399593
0.859526,-0.062254,-0.312513,0.399594
0.859526,-0.062253,-0.312513,0.399595
0.859526,-0.062252,-0.312512,0.399595
0.859526,-0.062251,-0.312512,0.399596
0.859525,-0.062250,-0.312512,0.399597
0.859525,-0.062249,-0.312512,0.399597
0.859525,-0.062248,-0.312511,0.399598
0.859525,-0.062247,-0.312511,0.399599
0.859525,-0.062246,-0.312511,0.399599
0.859525,-0.062245,-0.312511,0.399600
0.859525,-0.062244,-0.312510,0.399600
0.859524,-0.062243,-0.312510,0.399601
0.859524,-0.062242,-0.312510,0.399602
0.859524,-0.062241,-0.312510,0.399602
0.859524,-0.062240,-0.312509,0.399603
0.859524,-0.062239,-0.312509,0.399604
0.859524,-0.062238,-0.312509,0.399604
0.859524,-0.062237,-0.312509,0.399605
0.859524,-0.062236,-0.312508,0.399605
0.859523,-0.062235,-0.312508,0.399606
0.859523,-0.062234,-0.312508,0.399607
0.859523,-0.062233,-0.312508,0.399607
0.859523,-0.062232,-0.312507,0.399608
0.859523,-0.062231,-0.312507,0.399608
0.859523,-0.062230,-0.312507,0.399609
0.859523,-0.062229,-0.312507,0.399609
0.859523,-0.062228,-0.312507,0.399610
0.859523,-0.062227,-0.312506,0.399611
0.859522,-0.062226,-0.312506,0.399611
0.859522,-0.062225,-0.312506,0.399612
0.859522,-0.062224,-0.312506,0.399612
0.859522,-0.062223,-0.312505,0.399613
0.859522,-0.062222,-0.312505,0.399613
0.859522,-0.062221,-0.312505,0.399614
0.859522,-0.062220,-0.312505,0.399615
0.859522,-0.062219,-0.312505,0.399615
0.859521,-0.062219,-0.312504,0.399616
0.859521,-0.062218,-0.312504,0.399616
0.859521,-0.062217,-0.312504,0.399617
0.859521,-0.062216,-0.312504,0.399617
0.859521,-0.062215,-0.312504,0.399618
0.859521,-0.062214,-0.312503,0.399618
0.859521,-0.062213,-0.312503,0.399619
0.859521,-0.062212,-0.312503,0.399619
0.859521,-0.062212,-0.312503,0.399620
0.859520,-0.062211,-0.312503,0.399620
0.859520,-0.062210,-0.312502,0.399621
0.859520,-0.062209,-0.312502,0.399622
0.859520,-0.062208,-0.312502,0.399622
0.859520,-0.062207,-0.312502,0.399623
0.859520,-0.062206,-0.312502,0.399623
0.859520,-0.062206,-0.312501,0.399624
0.859520,-0.062205,-0.312501,0.399624
0.859520,-0.062204,-0.312501,0.399625
0.859520,-0.062203,-0.312501,0.399625
0.859519,-0.062202,-0.312501,0.399626
0.859519,-0.062202,-0.312500,0.399626
0.859519,-0.062201,-0.312500,0.399627
0.859519,-0.062200,-0.312500,0.399627
0.859519,-0.062199,-0.312500,0.399628
0.859519,-0.062198,-0.312500,0.399628
0.859519,-0.062198,-0.312499,0.399629
0.859519,-0.062197,-0.312499,0.399629
0.859519,-0.062196,-0.312499,0.399629
0.859519,-0.062195,-0.312499,0.399630
0.859518,-0.062194,-0.312499,0.399630
0.859518,-0.062194,-0.312498,0.399631
0.859518,-0.062193,-0.312498,0.399631
0.859518,-0.062192,-0.312498,0.399632
0.859518,-0.062191,-0.312498,0.399632
0.859518,-0.062191,-0.312498,0.399633
0.859518,-0.062190,-0.312498,0.399633
0.859518,-0.062189,-0.312497,0.399634
0.859518,-0.062188,-0.312497,0.399634
0.859518,-0.062188,-0.312497,0.399635
0.859518,-0.062187,-0.312497,0.399635
0.859517,-0.062186,-0.312497,0.399635
0.859517,-0.062185,-0.312497,0.399636
0.859517,-0.062185,-0.312496,0.399636
0.859517,-0.062184,-0.312496,0.399637
0.859517,-0.062183,-0.312496,0.399637
0.859517,-0.062183,-0.312496,0.399638
0.859517,-0.062182,-0.312496,0.399638
0.859517,-0.062181,-0.312496,0.399638
0.859517,-0.062180,-0.312495,0.399639
0.859517,-0.062180,-0.312495,0.399639
0.859517,-0.062179,-0.312495,0.399640
0.859516,-0.062178,-0.312495,0.399640
0.859516,-0.062178,-0.312495,0.399641
0.859516,-0.062177,-0.312495,0.399641
0.859516,-0.062176,-0.312494,0.399641
0.859516,-0.062176,-0.312494,0.399642
0.859516,-0.062175,-0.312494,0.399642
0.859516,-0.062174,-0.312494,0.399643
0.859516,-0.062174,-0.312494,0.399643
0.859516,-0.062173,-0.312494,0.399643
0.859516,-0.062172,-0.312493,0.399644
0.859516,-0.062172,-0.312493,0.399644
0.859516,-0.062171,-0.312493,0.399645
0.859515,-0.062170,-0.312493,0.399645
0.859515,-0.062170,-0.312493,0.399645
0.859515,-0.062169,-0.312493,0.399646
0.859515,-0.062169,-0.312493,0.399646
0.859515,-0.062168,-0.312492,0.399647
0.859515,-0.062167,-0.312492,0.399647
0.859515,-0.062167,-0.312492,0.399647
0.859515,-0.062166,-0.312492,0.399648
0.859515,-0.062165,-0.312492,0.399648
0.859515,-0.062165,-0.312492,0.399648
0.859515,-0.062164,-0.312491,0.399649
0.859515,-0.062164,-0.312491,0.399649
0.859515,-0.062163,-0.312491,0.399650
0.859514,-0.062162,-0.312491,0.399650
0.859514,-0.062162,-0.312491,0.399650
0.859514,-0.062161,-0.312491,0.399651
0.859514,-0.062161,-0.312491,0.399651
0.859514,-0.062160,-0.312490,0.399651
0.859514,-0.062159,-0.312490,0.399652
0.859514,-0.062159,-0.312490,0.399652
0.859514,-0.062158,-0.312490,0.399653
0.859514,-0.062158,-0.312490,0.399653
0.859514,-0.062157,-0.312490,0.399653
0.859514,-0.062156,-0.312490,0.399654
0.859514,-0.062156,-0.312490,0.399654
0.859514,-0.062155,-0.312489,0.399654
0.859514,-0.062155,-0.312489,0.399655
0.859513,-0.062154,-0.312489,0.399655
0.859513,-0.062154,-0.312489,0.399655
0.859513,-0.062153,-0.312489,0.399656
0.859513,-0.062153,-0.312489,0.399656
0.859513,-0.062152,-0.312489,0.399656
0.859513,-0.062151,-0.312488,0.399657
0.859513,-0.062151,-0.312488,0.399657
0.859513,-0.062150,-0.312488,0.399657
0.859513,-0.062150,-0.312488,0.399658
0.859513,-0.062149,-0.312488,0.399658
0.859513,-0.062149,-0.312488,0.399658
0.859513,-0.062148,-0.312488,0.399659
0.859513,-0.062148,-0.312488,0.399659
0.859513,-0.062147,-0.312487,0.399659
0.859512,-0.062147,-0.312487,0.399660
0.859512,-0.062146,-0.312487,0.399660
0.859512,-0.062146,-0.312487,0.399660
0.859512,-0.062145,-0.312487,0.399660
0.859512,-0.062145,-0.312487,0.399661
0.859512,-0.062144,-0.312487,0.399661
0.859512,-0.062144,-0.312487,0.399661
0.859512,-0.062143,-0.312486,0.399662
0.859512,-0.062143,-0.312486,0.399662
0.859512,-0.062142,-0.312486,0.399662
0.859512,-0.062142,-0.312486,0.399663
0.859512,-0.062141,-0.312486,0.399663
0.859512,-0.062141,-0.312486,0.399663
0.859512,-0.062140,-0.312486,0.399664
0.859512,-0.062140,-0.312486,0.399664
0.859512,-0.062139,-0.312486,0.399664
0.859511,-0.062139,-0.312485,0.399664
0.859511,-0.062138,-0.312485,0.399665
0.859511,-0.062138,-0.312485,0.399665
0.859511,-0.062137,-0.312485,0.399665
0.859511,-0.062137,-0.312485,0.399666
0.859511,-0.062136,-0.312485,0.399666
0.859511,-0.062136,-0.312485,0.399666
0.859511,-0.062135,-0.312485,0.399666
0.859511,-0.062135,-0.312485,0.399667
0.859511,-0.062135,-0.312484,0.399667
0.859511,-0.062134,-0.312484,0.399667
0.859511,-0.062134,-0.312484,0.399668
0.859511,-0.062133,-0.312484,0.399668
0.859511,-0.062133,-0.312484,0.399668
0.859511,-0.062132,-0.312484,0.399668
0.859511,-0.062132,-0.312484,0.399669
0.859511,-0.062131,-0.312484,0.399669
0.859511,-0.062131,-0.312484,0.399669
0.859510,-0.062131,-0.312483,0.399669
0.859510,-0.062130,-0.312483,0.399670
0.859510,-0.062130,-0.312483,0.399670
0.859510,-0.062129,-0.312483,0.399670
0.859510,-0.062129,-0.312483,0.399670
0.859510,-0.062128,-0.312483,0.399671
0.859510,-0.062128,-0.312483,0.399671
0.859510,-0.062128,-0.312483,0.399671
0.859510,-0.062127,-0.312483,0.399671
0.859510,-0.062127,-0.312483,0.399672
0.859510,-0.062126,-0.312482,0.399672
0.859510,-0.062126,-0.312482,0.399672
0.859510,-0.062125,-0.312482,0.399672
0.859510,-0.062125,-0.312482,0.399673
0.859510,-0.062125,-0.312482,0.399673
0.859510,-0.062124,-0.312482,0.399673
0.859510,-0.062124,-0.312482,0.399673
0.859510,-0.062123,-0.312482,0.399674
0.859510,-0.062123,-0.312482,0.399674
0.859509,-0.062123,-0.312482,0.399674
0.859509,-0.062122,-0.312482,0.399674
0.859509,-0.062122,-0.312481,0.399675
0.859509,-0.062121,-0.312481,0.399675
0.859509,-0.062121,-0.312481,0.399675
0.859509,-0.062121,-0.312481,0.399675
0.859509,-0.062120,-0.312481,0.399676
0.859509,-0.062120,-0.312481,0.399676
0.859509,-0.062120,-0.312481,0.399676
0.859509,-0.062119,-0.312481,0.399676
0.859509,-0.062119,-0.312481,0.399677
0.859509,-0.062118,-0.312481,0.399677
0.859509,-0.062118,-0.312481,0.399677
0.859509,-0.062118,-0.312480,0.399677
0.859509,-0.062117,-0.312480,0.399677
0.859509,-0.062117,-0.312480,0.399678
0.859509,-0.062117,-0.312480,0.399678
0.859509,-0.062116,-0.312480,0.399678
0.859509,-0.062116,-0.312480,0.399678
0.859509,-0.062116,-0.312480,0.399679
0.859509,-0.062115,-0.312480,0.399679
0.859509,-0.062115,-0.312480,0.399679
0.859508,-0.062114,-0.312480,0.399679
0.859508,-0.062114,-0.312480,0.399679
0.859508,-0.062114,-0.312480,0.399680
0.859508,-0.062113,-0.312479,0.399680
0.859508,-0.062113,-0.312479,0.399680
0.859508,-0.062113,-0.312479,0.399680
0.859508,-0.062112,-0.312479,0.399680
0.859508,-0.062112,-0.312479,0.399681
0.859508,-0.062112,-0.312479,0.399681
0.859508,-0.062111,-0.312479,0.399681
0.859508,-0.062111,-0.312479,0.399681
0.859508,-0.062111,-0.312479,0.399681
0.859508,-0.062110,-0.312479,0.399682
0.859508,-0.062110,-0.312479,0.399682
0.859508,-0.062110,-0.312479,0.399682
0.859508,-0.062109,-0.312478,0.399682
0.859508,-0.062109,-0.312478,0.399682
0.859508,-0.062109,-0.312478,0.399683
0.859508,-0.062108,-0.312478,0.399683
0.859508,-0.062108,-0.312478,0.399683
0.859508,-0.062108,-0.312478,0.399683
0.859508,-0.062108,-0.312478,0.399683
0.859508,-0.062107,-0.312478,0.399684
0.859508,-0.062107,-0.312478,0.399684
0.859507,-0.062107,-0.312478,0.399684
0.859507,-0.062106,-0.312478,0.399684
0.859507,-0.062106,-0.312478,0.399684
0.859507,-0.062106,-0.312478,0.399685
0.859507,-0.062105,-0.312478,0.399685
0.859507,-0.062105,-0.312477,0.399685
0.859507,-0.062105,-0.312477,0.399685
0.859507,-0.062104,-0.312477,0.399685
0.859507,-0.062104,-0.312477,0.399685
0.859507,-0.062104,-0.312477,0.399686
0.859507,-0.062104,-0.312477,0.399686
0.859507,-0.062103,-0.312477,0.399686
0.859507,-0.062103,-0.312477,0.399686
0.859507,-0.062103,-0.312477,0.399686
0.859507,-0.062102,-0.312477,0.399687
0.859507,-0.062102,-0.312477,0.399687
0.859507,-0.062102,-0.312477,0.399687
0.859507,-0.062102,-0.312477,0.399687
0.859507,-0.062101,-0.312477,0.399687
0.859507,-0.062101,-0.312476,0.399687
0.859507,-0.062101,-0.312476,0.399688
0.859507,-0.062100,-0.312476,0.399688
0.859507,-0.062100,-0.312476,0.399688
0.859507,-0.062100,-0.312476,0.399688
0.859507,-0.062100,-0.312476,0.399688
0.859507,-0.062099,-0.312476,0.399688
0.859507,-0.062099,-0.312476,0.399689
0.859507,-0.062099,-0.312476,0.399689
0.859506,-0.062099,-0.312476,0.399689
0.859506,-0.062098,-0.312476,0.399689
0.859506,-0.062098,-0.312476,0.399689
0.859506,-0.062098,-0.312476,0.399689
0.859506,-0.062098,-0.312476,0.399690
0.859506,-0.062097,-0.312476,0.399690
0.859506,-0.062097,-0.312476,0.399690
0.859506,-0.062097,-0.312475,0.399690
0.859506,-0.062096,-0.312475,0.399690
0.859506,-0.062096,-0.312475,0.399690
0.859506,-0.062096,-0.312475,0.399690
0.859463,-0.062032,-0.312508,0.399768
0.859380,-0.061911,-0.312570,0.399915
0.859263,-0.061737,-0.312659,0.400125
0.859113,-0.061517,-0.312772,0.400392
0.858935,-0.061255,-0.312906,0.400709
0.858731,-0.060955,-0.313059,0.401072
0.858504,-0.060621,-0.313229,0.401477
0.858256,-0.060256,-0.313415,0.401918
0.857988,-0.059864,-0.313614,0.402392
0.857703,-0.059446,-0.313826,0.402896
0.857403,-0.059006,-0.314048,0.403427
0.857088,-0.058545,-0.314280,0.403981
0.856760,-0.058065,-0.314520,0.404558
0.856421,-0.057570,-0.314768,0.405154
0.856071,-0.057059,-0.315023,0.405767
0.855712,-0.056534,-0.315284,0.406396
0.855343,-0.055997,-0.315550,0.407038
0.854967,-0.055449,-0.315821,0.407694
0.854583,-0.054891,-0.316096,0.408360
0.854193,-0.054323,-0.316374,0.409037
0.853796,-0.053748,-0.316656,0.409722
0.853394,-0.053164,-0.316940,0.410416
0.852987,-0.052574,-0.317226,0.411117
0.852575,-0.051978,-0.317514,0.411824
0.852158,-0.051376,-0.317804,0.412537
0.851738,-0.050769,-0.318096,0.413256
0.851314,-0.050157,-0.318388,0.413978
0.850886,-0.049541,-0.318682,0.414705
0.850456,-0.048922,-0.318976,0.415435
0.850022,-0.048298,-0.319270,0.416169
0.849585,-0.047671,-0.319565,0.416905
0.849146,-0.047042,-0.319861,0.417644
0.848705,-0.046409,-0.320156,0.418385
0.848261,-0.045774,-0.320451,0.419128
0.847816,-0.045137,-0.320747,0.419873
0.847368,-0.044497,-0.321042,0.420619
0.846918,-0.043856,-0.321336,0.421366
0.846467,-0.043212,-0.321631,0.422114
0.846013,-0.042567,-0.321925,0.422864
0.845559,-0.041921,-0.322218,0.423614
0.845102,-0.041272,-0.322511,0.424365
0.844644,-0.040623,-0.322804,0.425116
0.844185,-0.039972,-0.323096,0.425868
0.843724,-0.039320,-0.323387,0.426620
0.843262,-0.038667,-0.323677,0.427372
0.842799,-0.038012,-0.323967,0.428125
0.842334,-0.037357,-0.324256,0.428877
0.841868,-0.036700,-0.324544,0.429630
0.841401,-0.036043,-0.324831,0.430383
0.840933,-0.035385,-0.325118,0.431136
0.840464,-0.034726,-0.325403,0.431888
0.839993,-0.034066,-0.325688,0.432641
0.839522,-0.033405,-0.325972,0.433393
0.839049,-0.032744,-0.326255,0.434145
0.838576,-0.032081,-0.326537,0.434897
0.838101,-0.031418,-0.326818,0.435648
0.837625,-0.030755,-0.327098,0.436399
0.837149,-0.030091,-0.327377,0.437150
0.836671,-0.029426,-0.327656,0.437901
0.836192,-0.028760,-0.327933,0.438651
0.835713,-0.028094,-0.328209,0.439401
0.835232,-0.027427,-0.328485,0.440151
0.834751,-0.026760,-0.328759,0.440900
0.834268,-0.026092,-0.329033,0.441648
0.833785,-0.025423,-0.329305,0.442397
0.833300,-0.024754,-0.329576,0.443144
0.832815,-0.024084,-0.329847,0.443892
0.832329,-0.023414,-0.330116,0.444639
0.831842,-0.022743,-0.330385,0.445385
0.831354,-0.022072,-0.330652,0.446131
0.830865,-0.021400,-0.330919,0.446877
0.830375,-0.020727,-0.331184,0.447622
0.829884,-0.020054,-0.331448,0.448367
0.829392,-0.019381,-0.331712,0.449111
0.828899,-0.018707,-0.331974,0.449854
0.828406,-0.018032,-0.332236,0.450597
0.827911,-0.017357,-0.332496,0.451340
0.827416,-0.016682,-0.332755,0.452082
0.826920,-0.016006,-0.333013,0.452824
0.826423,-0.015329,-0.333271,0.453565
0.825925,-0.014652,-0.333527,0.454305
0.825426,-0.013975,-0.333782,0.455045
0.824926,-0.013297,-0.334036,0.455785
0.824425,-0.012618,-0.334289,0.456524
0.823924,-0.011939,-0.334541,0.457263
0.823421,-0.011260,-0.334792,0.458001
0.822918,-0.010580,-0.335043,0.458738
0.822414,-0.009900,-0.335291,0.459475
0.821909,-0.009219,-0.335539,0.460211
0.821403,-0.008537,-0.335786,0.460947
0.820896,-0.007856,-0.336032,0.461682
0.820388,-0.007173,-0.336277,0.462417
0.819880,-0.006491,-0.336521,0.463151
0.819370,-0.005808,-0.336764,0.463885
0.818860,-0.005124,-0.337005,0.464618
0.818348,-0.004440,-0.337246,0.465351
0.817836,-0.003755,-0.337485,0.466083
0.817323,-0.003070,-0.337724,0.466814
0.816809,-0.002385,-0.337962,0.467545
0.816295,-0.001699,-0.338198,0.468276
0.815779,-0.001013,-0.338433,0.469006
0.815263,-0.000326,-0.338668,0.469735
0.814745,0.000361,-0.338901,0.470464
0.814227,0.001049,-0.339133,0.471192
0.813708,0.001737,-0.339365,0.471919
0.813188,0.002426,-0.339595,0.472646
0.812667,0.003115,-0.339824,0.473373
0.812146,0.003804,-0.340052,0.474099
0.811623,0.004494,-0.340279,0.474824
0.811100,0.005185,-0.340505,0.475549
0.810575,0.005875,-0.340730,0.476273
0.810050,0.006566,-0.340954,0.476997
0.809524,0.007258,-0.341176,0.477720
0.808997,0.007950,-0.341398,0.478443
0.808470,0.008643,-0.341619,0.479165
0.807941,0.009335,-0.341838,0.479886
0.807412,0.010029,-0.342057,0.480607
0.806881,0.010723,-0.342274,0.481327
0.806350,0.011417,-0.342491,0.482047
0.805818,0.012111,-0.342706,0.482766
0.805285,0.012806,-0.342921,0.483484
0.804752,0.013502,-0.343134,0.484202
0.804217,0.014197,-0.343346,0.484920
0.803682,0.014894,-0.343557,0.485636
0.803145,0.015590,-0.343767,0.486353
0.802608,0.016287,-0.343976,0.487068
0.802070,0.016985,-0.344184,0.487783
0.801531,0.017683,-0.344391,0.488498
0.800992,0.018381,-0.344597,0.489211
0.800451,0.019080,-0.344801,0.489925
0.799910,0.019779,-0.345005,0.490637
0.799367,0.020478,-0.345208,0.491349
0.798824,0.021178,-0.345409,0.492061
0.798280,0.021878,-0.345610,0.492772
0.797735,0.022579,-0.345809,0.493482
0.797190,0.023280,-0.346007,0.494192
0.796643,0.023981,-0.346205,0.494901
0.796096,0.024683,-0.346401,0.495609
0.795548,0.025385,-0.346596,0.496317
0.794999,0.026088,-0.346790,0.497024
0.794449,0.026791,-0.346983,0.497731
0.793898,0.027494,-0.347175,0.498437
0.793347,0.028198,-0.347365,0.499143
0.792794,0.028902,-0.347555,0.499848
0.792241,0.029607,-0.347744,0.500552
0.791687,0.030311,-0.347931,0.501255
0.791132,0.031017,-0.348118,0.501958
0.790576,0.031722,-0.348303,0.502661
0.790020,0.032428,-0.348488,0.503363
0.789462,0.033135,-0.348671,0.504064
0.788904,0.033841,-0.348853,0.504764
0.788345,0.034549,-0.349034,0.505464
0.787785,0.035256,-0.349214,0.506164
0.787224,0.035964,-0.349393,0.506863
0.786662,0.036672,-0.349571,0.507561
0.786100,0.037381,-0.349748,0.508258
0.785537,0.038090,-0.349923,0.508955
0.784972,0.038799,-0.350098,0.509651
0.784407,0.039508,-0.350271,0.510347
0.783842,0.040218,-0.350444,0.511042
0.783275,0.040929,-0.350615,0.511736
0.782708,0.041639,-0.350786,0.512430
0.782139,0.042350,-0.350955,0.513123
0.781570,0.043062,-0.351123,0.513816
0.781000,0.043774,-0.351290,0.514507
0.780430,0.044486,-0.351456,0.515199
0.779858,0.045198,-0.351621,0.515889
0.779286,0.045911,-0.351784,0.516579
0.778712,0.046624,-0.351947,0.517268
0.778138,0.047337,-0.352109,0.517957
0.777563,0.048051,-0.352269,0.518645
0.776988,0.048765,-0.352428,0.519333
0.776411,0.049480,-0.352587,0.520019
0.775834,0.050195,-0.352744,0.520705
0.775256,0.050910,-0.352900,0.521391
0.774677,0.051625,-0.353055,0.522076
0.774097,0.052341,-0.353209,0.522760
0.773516,0.053057,-0.353362,0.523443
0.772935,0.053773,-0.353513,0.524126
0.772353,0.054490,-0.353664,0.524808
0.771770,0.055207,-0.353814,0.525490
0.771186,0.055925,-0.353962,0.526171
0.770601,0.056642,-0.354109,0.526851
0.770015,0.057360,-0.354256,0.527531
0.769429,0.058079,-0.354401,0.528210
0.768842,0.058797,-0.354545,0.528888
0.768254,0.059516,-0.354688,0.529566
0.767665,0.060235,-0.354830,0.530243
0.767076,0.060955,-0.354971,0.530919
0.766485,0.061675,-0.355110,0.531595
0.765894,0.062395,-0.355249,0.532270
0.765302,0.063116,-0.355386,0.532944
0.764709,0.063836,-0.355523,0.533618
0.764116,0.064557,-0.355658,0.534291
0.763521,0.065279,-0.355792,0.534963
0.762926,0.066001,-0.355925,0.535635
0.762330,0.066723,-0.356057,0.536306
0.761733,0.067445,-0.356188,0.536976
0.761136,0.068167,-0.356318,0.537646
0.760537,0.068890,-0.356446,0.538315
0.759938,0.069613,-0.356574,0.538983
0.759338,0.070337,-0.356700,0.539651
0.758737,0.071061,-0.356826,0.540318
0.758136,0.071785,-0.356950,0.540984
0.757533,0.072509,-0.357073,0.541650
0.756930,0.073233,-0.357195,0.542315
0.756326,0.073958,-0.357316,0.542979
0.755721,0.074683,-0.357436,0.543643
0.755116,0.075409,-0.357554,0.544306
0.754509,0.076134,-0.357672,0.544968
0.753902,0.076860,-0.357789,0.545629
0.753294,0.077587,-0.357904,0.546290
0.752685,0.078313,-0.358018,0.546951
0.752076,0.079040,-0.358131,0.547610
0.751465,0.079767,-0.358243,0.548269
0.750854,0.080494,-0.358354,0.548927
0.750242,0.081222,-0.358464,0.549584
0.749630,0.081949,-0.358573,0.550241
0.749016,0.082677,-0.358680,0.550897
0.748402,0.083406,-0.358787,0.551552
0.747787,0.084134,-0.358892,0.552207
0.747171,0.084863,-0.358997,0.552861
0.746554,0.085592,-0.359100,0.553514
0.745937,0.086322,-0.359202,0.554167
0.745319,0.087051,-0.359303,0.554819
0.744700,0.087781,-0.359402,0.555470
0.744080,0.088511,-0.359501,0.556120
0.743460,0.089241,-0.359599,0.556770
0.742838,0.089972,-0.359695,0.557419
0.742216,0.090703,-0.359791,0.558067
0.741593,0.091434,-0.359885,0.558715
0.740970,0.092165,-0.359978,0.559362
0.740345,0.092897,-0.360070,0.560008
0.739720,0.093628,-0.360161,0.560653
0.739094,0.094360,-0.360251,0.561298
0.738467,0.095093,-0.360339,0.561942
0.737840,0.095825,-0.360427,0.562586
0.737212,0.096558,-0.360513,0.563228
0.736583,0.097291,-0.360598,0.563870
0.735953,0.098024,-0.360683,0.564511
0.735322,0.098757,-0.360766,0.565152
0.734691,0.099491,-0.360847,0.565792
0.734059,0.100225,-0.360928,0.566431
0.733426,0.100959,-0.361008,0.567069
0.732792,0.101693,-0.361087,0.567706
0.732158,0.102427,-0.361164,0.568343
0.731523,0.103162,-0.361240,0.568980
0.730887,0.103897,-0.361316,0.569615
0.730250,0.104632,-0.361390,0.570250
0.729613,0.105367,-0.361463,0.570884
0.728974,0.106103,-0.361534,0.571517
0.728335,0.106838,-0.361605,0.572149
0.727696,0.107574,-0.361675,0.572781
0.727055,0.108310,-0.361743,0.573412
0.726414,0.109047,-0.361810,0.574042
0.725772,0.109783,-0.361877,0.574672
0.725129,0.110520,-0.361942,0.575301
0.724486,0.111257,-0.362006,0.575929
0.723841,0.111994,-0.362069,0.576556
0.723196,0.112731,-0.362130,0.577183
0.722551,0.113469,-0.362191,0.577809
0.721904,0.114206,-0.362250,0.578434
0.721257,0.114944,-0.362309,0.579058
0.720609,0.115682,-0.362366,0.579682
0.719960,0.116421,-0.362422,0.580305
0.719311,0.117159,-0.362477,0.580927
0.718661,0.117898,-0.362531,0.581549
0.718010,0.118636,-0.362583,0.582169
0.717358,0.119375,-0.362635,0.582789
0.716705,0.120114,-0.362685,0.583408
0.716052,0.120854,-0.362735,0.584027
0.715398,0.121593,-0.362783,0.584644
0.714744,0.122333,-0.362830,0.585261
0.714088,0.123073,-0.362876,0.585878
0.713432,0.123813,-0.362921,0.586493
0.712775,0.124553,-0.362964,0.587108
0.712117,0.125293,-0.363007,0.587722
0.711459,0.126033,-0.363048,0.588335
0.710800,0.126774,-0.363088,0.588947
0.710140,0.127515,-0.363127,0.589559
0.709480,0.128256,-0.363165,0.590170
0.708818,0.128997,-0.363202,0.590780
0.708156,0.129738,-0.363238,0.591389
0.707493,0.130480,-0.363273,0.591998
0.706830,0.131221,-0.363306,0.592605
0.706166,0.131963,-0.363339,0.593212
0.705501,0.132705,-0.363370,0.593819
0.704835,0.133447,-0.363400,0.594424
0.704169,0.134189,-0.363429,0.595029
0.703502,0.134931,-0.363457,0.595633
0.702834,0.135674,-0.363483,0.596236
0.702165,0.136416,-0.363509,0.596838
0.701496,0.137159,-0.363533,0.597440
0.700826,0.137902,-0.363556,0.598041
0.700155,0.138645,-0.363579,0.598641
0.699484,0.139388,-0.363600,0.599240
0.698811,0.140131,-0.363619,0.599839
0.698139,0.140874,-0.363638,0.600437
0.697465,0.141618,-0.363656,0.601034
0.696791,0.142362,-0.363672,0.601630
0.696116,0.143105,-0.363687,0.602225
0.695440,0.143849,-0.363702,0.602820
0.694763,0.144593,-0.363715,0.603414
0.694086,0.145337,-0.363727,0.604007
0.693408,0.146082,-0.363737,0.604599
0.692730,0.146826,-0.363747,0.605191
0.692051,0.147570,-0.363756,0.605781
0.691371,0.148315,-0.363763,0.606371
0.690690,0.149060,-0.363769,0.606960
0.690008,0.149804,-0.363774,0.607549
0.689326,0.150549,-0.363778,0.608136
0.688644,0.151294,-0.363781,0.608723
0.687960,0.152039,-0.363783,0.609309
0.687276,0.152785,-0.363783,0.609894
0.686591,0.153530,-0.363783,0.610478
0.685905,0.154275,-0.363781,0.611062
0.685219,0.155021,-0.363778,0.611645
0.684532,0.155767,-0.363774,0.612227
0.683844,0.156512,-0.363769,0.612808
0.683156,0.157258,-0.363763,0.613388
0.682467,0.158004,-0.363755,0.613968
0.681777,0.158750,-0.363747,0.614546
0.681086,0.159496,-0.363737,0.615124
0.680395,0.160242,-0.363726,0.615701
0.679703,0.160988,-0.363714,0.616278
0.679011,0.161735,-0.363701,0.616853
0.678318,0.162481,-0.363687,0.617428
0.677624,0.163228,-0.363671,0.618002
0.676929,0.163974,-0.363655,0.618575
0.676234,0.164721,-0.363637,0.619147
0.675538,0.165467,-0.363618,0.619719
0.674841,0.166214,-0.363598,0.620289
0.674144,0.166961,-0.363577,0.620859
0.673446,0.167708,-0.363555,0.621428
0.672747,0.168455,-0.363531,0.621996
0.672048,0.169202,-0.363507,0.622564
0.671347,0.169949,-0.363481,0.623130
0.670647,0.170696,-0.363454,0.623696
0.669945,0.171444,-0.363426,0.624261
0.669243,0.172191,-0.363397,0.624825
0.668540,0.172938,-0.363367,0.625388
0.667837,0.173686,-0.363335,0.625951
0.667133,0.174433,-0.363303,0.626512
0.666428,0.175181,-0.363269,0.627073
0.665722,0.175928,-0.363234,0.627633
0.665016,0.176676,-0.363199,0.628192
0.664310,0.177424,-0.363161,0.628751
0.663602,0.178171,-0.363123,0.629308
0.662894,0.178919,-0.363084,0.629865
0.662185,0.179667,-0.363043,0.630421
0.661476,0.180415,-0.363002,0.630976
0.660765,0.181163,-0.362959,0.631530
0.660055,0.181911,-0.362915,0.632083
0.659343,0.182659,-0.362870,0.632636
0.658631,0.183407,-0.362823,0.633187
0.657918,0.184155,-0.362776,0.633738
0.657205,0.184903,-0.362728,0.634288
0.656491,0.185651,-0.362678,0.634837
0.655776,0.186399,-0.362627,0.635386
0.655061,0.187147,-0.362575,0.635933
0.654345,0.187895,-0.362522,0.636480
0.653628,0.188643,-0.362468,0.637026
0.652910,0.189392,-0.362412,0.637570
0.652192,0.190140,-0.362356,0.638115
0.651474,0.190888,-0.362298,0.638658
0.650754,0.191636,-0.362239,0.639200
0.650035,0.192385,-0.362179,0.639742
0.649314,0.193133,-0.362118,0.640282
0.648593,0.193881,-0.362056,0.640822
0.647871,0.194630,-0.361993,0.641361
0.647148,0.195378,-0.361928,0.641899
0.646425,0.196126,-0.361862,0.642437
0.645701,0.196875,-0.361795,0.642973
0.644977,0.197623,-0.361728,0.643509
0.644252,0.198371,-0.361658,0.644043
0.643526,0.199120,-0.361588,0.644577
0.642799,0.199868,-0.361517,0.645110
0.642072,0.200616,-0.361444,0.645642
0.641345,0.201365,-0.361371,0.646174
0.640617,0.202113,-0.361296,0.646704
0.639888,0.202861,-0.361220,0.647234
0.639158,0.203609,-0.361143,0.647762
0.638428,0.204358,-0.361064,0.648290
0.637697,0.205106,-0.360985,0.648817
0.636966,0.205854,-0.360904,0.649343
0.636234,0.206603,-0.360823,0.649869
0.635501,0.207351,-0.360740,0.650393
0.634767,0.208099,-0.360656,0.650917
0.634034,0.208847,-0.360571,0.651439
0.633299,0.209595,-0.360484,0.651961
0.632564,0.210343,-0.360397,0.652482
0.631828,0.211092,-0.360308,0.653002
0.631092,0.211840,-0.360219,0.653521
0.630354,0.212588,-0.360128,0.654039
0.629617,0.213336,-0.360036,0.654557
0.628879,0.214084,-0.359943,0.655073
0.628140,0.214832,-0.359848,0.655589
0.627400,0.215580,-0.359753,0.656104
0.626660,0.216327,-0.359657,0.656618
0.625919,0.217075,-0.359559,0.657131
0.625178,0.217823,-0.359460,0.657643
0.624436,0.218571,-0.359360,0.658154
0.623693,0.219318,-0.359259,0.658665
0.622950,0.220066,-0.359157,0.659174
0.622206,0.220814,-0.359053,0.659683
0.621462,0.221561,-0.358949,0.660191
0.620717,0.222309,-0.358843,0.660697
0.619971,0.223056,-0.358736,0.661203
0.619225,0.223804,-0.358628,0.661708
0.618478,0.224551,-0.358519,0.662213
0.617731,0.225298,-0.358409,0.662716
0.616983,0.226045,-0.358297,0.663218
0.616234,0.226793,-0.358185,0.663720
0.615485,0.227540,-0.358071,0.664221
0.614735,0.228287,-0.357956,0.664720
0.613985,0.229034,-0.357840,0.665219
0.613234,0.229780,-0.357723,0.665717
0.612482,0.230527,-0.357605,0.666214
0.611730,0.231274,-0.357485,0.666710
0.610978,0.232021,-0.357365,0.667206
0.610224,0.232767,-0.357243,0.667700
0.609470,0.233514,-0.357120,0.668194
0.608716,0.234260,-0.356996,0.668686
0.607961,0.235007,-0.356871,0.669178
0.607205,0.235753,-0.356745,0.669669
0.606449,0.236499,-0.356617,0.670158
0.605692,0.237245,-0.356489,0.670647
0.604934,0.237991,-0.356359,0.671136
0.604176,0.238737,-0.356228,0.671623
0.603418,0.239483,-0.356096,0.672109
0.602659,0.240229,-0.355963,0.672594
0.601899,0.240974,-0.355829,0.673079
0.601139,0.241720,-0.355693,0.673562
0.600378,0.242465,-0.355557,0.674045
0.599616,0.243211,-0.355419,0.674527
0.598854,0.243956,-0.355280,0.675007
0.598092,0.244701,-0.355140,0.675487
0.597328,0.245446,-0.354999,0.675966
0.596565,0.246191,-0.354857,0.676444
0.595800,0.246936,-0.354714,0.676922
0.595035,0.247681,-0.354569,0.677398
0.594270,0.248425,-0.354423,0.677873
0.593504,0.249170,-0.354277,0.678348
0.592737,0.249914,-0.354129,0.678821
0.591970,0.250659,-0.353980,0.679294
0.591203,0.251403,-0.353829,0.679765
0.590434,0.252147,-0.353678,0.680236
0.589665,0.252891,-0.353526,0.680706
0.588896,0.253635,-0.353372,0.681175
0.588126,0.254378,-0.353217,0.681643
0.587356,0.255122,-0.353061,0.682110
0.586585,0.255865,-0.352904,0.682576
0.585813,0.256609,-0.352746,0.683041
0.585041,0.257352,-0.352587,0.683506
0.584268,0.258095,-0.352426,0.683969
0.583495,0.258838,-0.352265,0.684431
0.582721,0.259580,-0.352102,0.684893
0.581947,0.260323,-0.351938,0.685353
0.581172,0.261066,-0.351773,0.685813
0.580397,0.261808,-0.351607,0.686272
0.579621,0.262550,-0.351440,0.686730
0.578844,0.263292,-0.351271,0.687186
0.578067,0.264034,-0.351102,0.687642
0.577290,0.264776,-0.350931,0.688097
0.576511,0.265518,-0.350759,0.688551
0.575733,0.266259,-0.350586,0.689004
0.574954,0.267000,-0.350412,0.689457
0.574174,0.267742,-0.350237,0.689908
0.573394,0.268483,-0.350061,0.690358
0.572613,0.269223,-0.349883,0.690808
0.571832,0.269964,-0.349704,0.691256
0.571050,0.270705,-0.349525,0.691704
0.570267,0.271445,-0.349344,0.692150
0.569484,0.272185,-0.349162,0.692596
0.568701,0.272925,-0.348979,0.693040
0.567917,0.273665,-0.348794,0.693484
0.567133,0.274405,-0.348609,0.693927
0.566348,0.275145,-0.348422,0.694369
0.565562,0.275884,-0.348235,0.694810
0.564776,0.276623,-0.348046,0.695250
0.563989,0.277362,-0.347856,0.695689
0.563202,0.278101,-0.347665,0.696127
0.562415,0.278840,-0.347472,0.696564
0.561627,0.279578,-0.347279,0.697000
0.560838,0.280317,-0.347085,0.697435
0.560049,0.281055,-0.346889,0.697869
0.559259,0.281793,-0.346692,0.698303
0.558469,0.282530,-0.346494,0.698735
0.557678,0.283268,-0.346295,0.699166
0.556887,0.284005,-0.346095,0.699597
0.556096,0.284743,-0.345894,0.700026
0.555303,0.285480,-0.345692,0.700455
0.554511,0.286216,-0.345488,0.700882
0.553718,0.286953,-0.345283,0.701309
0.552924,0.287689,-0.345078,0.701735
0.552130,0.288426,-0.344871,0.702159
0.551335,0.289162,-0.344663,0.702583
0.550540,0.289897,-0.344454,0.703006
0.549744,0.290633,-0.344243,0.703428
0.548948,0.291368,-0.344032,0.703848
0.548151,0.292104,-0.343819,0.704268
0.547354,0.292839,-0.343606,0.704687
0.546556,0.293573,-0.343391,0.705105
0.545758,0.294308,-0.343175,0.705522
0.544960,0.295042,-0.342958,0.705938
0.544161,0.295777,-0.342740,0.706353
0.543361,0.296510,-0.342520,0.706767
0.542561,0.297244,-0.342300,0.707181
0.541760,0.297978,-0.342078,0.707593
0.540959,0.298711,-0.341856,0.708004
0.540158,0.299444,-0.341632,0.708414
0.539356,0.300177,-0.341407,0.708823
0.538553,0.300909,-0.341181,0.709232
0.537750,0.301642,-0.340954,0.709639
0.536947,0.302374,-0.340726,0.710045
0.536143,0.303106,-0.340496,0.710451
0.535338,0.303837,-0.340266,0.710855
0.534533,0.304569,-0.340034,0.711259
0.533728,0.305300,-0.339801,0.711661
0.532922,0.306031,-0.339567,0.712063
0.532116,0.306762,-0.339332,0.712463
0.531309,0.307492,-0.339096,0.712863
0.530502,0.308222,-0.338859,0.713261
0.529694,0.308952,-0.338621,0.713659
0.528886,0.309682,-0.338381,0.714055
0.528077,0.310411,-0.338140,0.714451
0.527268,0.311141,-0.337899,0.714845
0.526459,0.311870,-0.337656,0.715239
0.525649,0.312598,-0.337412,0.715632
0.524838,0.313327,-0.337167,0.716023
0.524027,0.314055,-0.336921,0.716414
0.523216,0.314783,-0.336673,0.716804
0.522404,0.315511,-0.336425,0.717193
0.521592,0.316238,-0.336175,0.717580
0.520779,0.316965,-0.335925,0.717967
0.519966,0.317692,-0.335673,0.718353
0.519152,0.318419,-0.335420,0.718738
0.518338,0.319145,-0.335166,0.719121
0.517524,0.319871,-0.334911,0.719504
0.516709,0.320597,-0.334655,0.719886
0.515893,0.321323,-0.334397,0.720267
0.515077,0.322048,-0.334139,0.720646
0.514261,0.322773,-0.333879,0.721025
0.513444,0.323498,-0.333619,0.721403
0.512627,0.324222,-0.333357,0.721780
0.511810,0.324947,-0.333094,0.722156
0.510992,0.325670,-0.332830,0.722531
0.510173,0.326394,-0.332565,0.722905
0.509354,0.327117,-0.332299,0.723277
0.508535,0.327840,-0.332031,0.723649
0.507715,0.328563,-0.331763,0.724020
0.506895,0.329286,-0.331493,0.724390
0.506074,0.330008,-0.331222,0.724759
0.505253,0.330730,-0.330951,0.725127
0.504432,0.331451,-0.330678,0.725494
0.503610,0.332173,-0.330404,0.725859
0.502787,0.332894,-0.330129,0.726224
0.501965,0.333614,-0.329853,0.726588
0.501141,0.334335,-0.329575,0.726951
0.500318,0.335055,-0.329297,0.727313
0.499494,0.335775,-0.329017,0.727674
0.498669,0.336494,-0.328737,0.728034
0.497845,0.337213,-0.328455,0.728392
0.497019,0.337932,-0.328172,0.728750
0.496194,0.338651,-0.327888,0.729107
0.495367,0.339369,-0.327603,0.729463
0.494541,0.340087,-0.327317,0.729818
0.493714,0.340804,-0.327030,0.730171
0.492887,0.341522,-0.326741,0.730524
0.492059,0.342239,-0.326452,0.730876
0.491231,0.342955,-0.326161,0.731227
0.490402,0.343672,-0.325870,0.731577
0.489573,0.344388,-0.325577,0.731925
0.488744,0.345103,-0.325283,0.732273
0.487914,0.345819,-0.324988,0.732620
0.487084,0.346534,-0.324692,0.732966
0.486254,0.347248,-0.324395,0.733310
0.485423,0.347963,-0.324097,0.733654
0.484591,0.348677,-0.323797,0.733997
0.483760,0.349390,-0.323497,0.734338
0.482928,0.350104,-0.323195,0.734679
0.482095,0.350817,-0.322893,0.735018
0.481262,0.351530,-0.322589,0.735357
0.480429,0.352242,-0.322284,0.735695
0.479595,0.352954,-0.321978,0.736031
0.478761,0.353666,-0.321671,0.736367
0.477927,0.354377,-0.321363,0.736701
0.477092,0.355088,-0.321054,0.737035
0.476257,0.355798,-0.320744,0.737367
0.475421,0.356509,-0.320432,0.737699
0.474585,0.357219,-0.320120,0.738029
0.473749,0.357928,-0.319806,0.738359
0.472912,0.358637,-0.319492,0.738687
0.472075,0.359346,-0.319176,0.739014
0.471238,0.360055,-0.318859,0.739341
0.470400,0.360763,-0.318541,0.739666
0.469562,0.361471,-0.318222,0.739990
0.468723,0.362178,-0.317902,0.740313
0.467884,0.362885,-0.317581,0.740636
0.467045,0.363592,-0.317258,0.740957
0.466205,0.364298,-0.316935,0.741277
0.465365,0.365004,-0.316611,0.741596
0.464525,0.365709,-0.316285,0.741914
0.463684,0.366415,-0.315959,0.742231
0.462843,0.367119,-0.315631,0.742548
0.462002,0.367824,-0.315302,0.742863
0.461160,0.368528,-0.314972,0.743177
0.460318,0.369232,-0.314641,0.743489
0.459475,0.369935,-0.314309,0.743801
0.458632,0.370638,-0.313976,0.744112
0.457789,0.371340,-0.313642,0.744422
0.456945,0.372043,-0.313307,0.744731
0.456101,0.372744,-0.312970,0.745039
0.455257,0.373446,-0.312633,0.745346
0.454412,0.374147,-0.312294,0.745651
0.453568,0.374847,-0.311955,0.745956
0.452722,0.375547,-0.311614,0.746260
0.451877,0.376247,-0.311272,0.746562
0.451031,0.376947,-0.310930,0.746864
0.450184,0.377646,-0.310586,0.747164
0.449338,0.378344,-0.310241,0.747464
0.448491,0.379043,-0.309895,0.747762
0.447643,0.379740,-0.309548,0.748060
0.446795,0.380438,-0.309199,0.748356
0.445947,0.381135,-0.308850,0.748651
0.445099,0.381831,-0.308500,0.748946
0.444250,0.382528,-0.308148,0.749239
0.443401,0.383223,-0.307796,0.749531
0.442552,0.383919,-0.307442,0.749822
0.441702,0.384614,-0.307088,0.750112
0.440853,0.385308,-0.306732,0.750401
0.440002,0.386002,-0.306375,0.750689
0.439152,0.386696,-0.306017,0.750976
0.438301,0.387389,-0.305658,0.751262
0.437449,0.388082,-0.305299,0.751547
0.436598,0.388775,-0.304937,0.751831
0.435746,0.389467,-0.304575,0.752114
0.434894,0.390158,-0.304212,0.752395
0.434041,0.390849,-0.303848,0.752676
0.433188,0.391540,-0.303483,0.752956
0.432335,0.392230,-0.303116,0.753234
0.431482,0.392920,-0.302749,0.753512
0.430628,0.393610,-0.302380,0.753788
0.429774,0.394299,-0.302011,0.754064
0.428920,0.394987,-0.301640,0.754338
0.428065,0.395675,-0.301269,0.754612
0.427210,0.396363,-0.300896,0.754884
0.426355,0.397050,-0.300522,0.755155
0.425499,0.397737,-0.300147,0.755425
0.424643,0.398424,-0.299771,0.755694
0.423787,0.399110,-0.299394,0.755962
0.422931,0.399795,-0.299016,0.756229
0.422074,0.400480,-0.298637,0.756495
0.421217,0.401165,-0.298257,0.756760
0.420359,0.401849,-0.297876,0.757024
0.419502,0.402532,-0.297494,0.757287
0.418644,0.403216,-0.297110,0.757549
0.417786,0.403898,-0.296726,0.757809
0.416927,0.404581,-0.296341,0.758069
0.416068,0.405263,-0.295954,0.758327
0.415209,0.405944,-0.295567,0.758585
0.414350,0.406625,-0.295178,0.758841
0.413490,0.407305,-0.294789,0.759097
0.412630,0.407985,-0.294398,0.759351
0.411770,0.408665,-0.294006,0.759604
0.410910,0.409344,-0.293614,0.759856
0.410049,0.410023,-0.293220,0.760108
0.409188,0.410701,-0.292825,0.760358
0.408327,0.411378,-0.292429,0.760607
0.407465,0.412055,-0.292032,0.760855
0.406603,0.412732,-0.291634,0.761101
0.405741,0.413408,-0.291235,0.761347
0.404879,0.414084,-0.290835,0.761592
0.404016,0.414759,-0.290434,0.761836
0.403154,0.415434,-0.290032,0.762078
0.402290,0.416108,-0.289629,0.762320
0.401427,0.416782,-0.289224,0.762560
0.400563,0.417456,-0.288819,0.762800
0.399699,0.418128,-0.288413,0.763038
0.398835,0.418801,-0.288005,0.763275
0.397971,0.419473,-0.287597,0.763511
0.397106,0.420144,-0.287188,0.763747
0.396241,0.420815,-0.286777,0.763981
0.395376,0.421485,-0.286366,0.764214
0.394511,0.422155,-0.285953,0.764446
0.393645,0.422825,-0.285540,0.764676
0.392779,0.423493,-0.285125,0.764906
0.391913,0.424162,-0.284709,0.765135
0.391047,0.424830,-0.284293,0.765363
0.390180,0.425497,-0.283875,0.765589
0.389313,0.426164,-0.283456,0.765815
0.388446,0.426830,-0.283037,0.766039
0.387579,0.427496,-0.282616,0.766262
0.386711,0.428162,-0.282194,0.766485
0.385843,0.428826,-0.281771,0.766706
0.384975,0.429491,-0.281347,0.766926
0.384107,0.430155,-0.280922,0.767145
0.383238,0.430818,-0.280497,0.767363
0.382369,0.431481,-0.280070,0.767580
0.381500,0.432143,-0.279642,0.767796
0.380631,0.432805,-0.279213,0.768011
0.379762,0.433466,-0.278783,0.768224
0.378892,0.434127,-0.278352,0.768437
0.378022,0.434787,-0.277920,0.768648
0.377152,0.435446,-0.277487,0.768859
0.376282,0.436106,-0.277052,0.769068
0.375411,0.436764,-0.276617,0.769276
0.374541,0.437422,-0.276181,0.769484
0.373670,0.438080,-0.275744,0.769690
0.372798,0.438737,-0.275306,0.769895
0.371927,0.439393,-0.274867,0.770099
0.371055,0.440049,-0.274427,0.770302
0.370184,0.440704,-0.273985,0.770504
0.369312,0.441359,-0.273543,0.770704
0.368439,0.442014,-0.273100,0.770904
0.367567,0.442667,-0.272656,0.771102
0.366694,0.443321,-0.272210,0.771300
0.365822,0.443973,-0.271764,0.771496
0.364948,0.444625,-0.271317,0.771692
0.364075,0.445277,-0.270869,0.771886
0.363202,0.445928,-0.270419,0.772079
0.362328,0.446578,-0.269969,0.772271
0.361454,0.447228,-0.269518,0.772462
0.360580,0.447878,-0.269065,0.772652
0.359706,0.448527,-0.268612,0.772841
0.358832,0.449175,-0.268158,0.773029
0.357957,0.449823,-0.267702,0.773215
0.357082,0.450470,-0.267246,0.773401
0.356207,0.451116,-0.266789,0.773585
0.355332,0.451762,-0.266330,0.773769
0.354457,0.452408,-0.265871,0.773951
0.353582,0.453053,-0.265411,0.774132
0.352706,0.453697,-0.264949,0.774312
0.351830,0.454341,-0.264487,0.774491
0.350954,0.454984,-0.264024,0.774669
0.350078,0.455627,-0.263559,0.774846
0.349201,0.456269,-0.263094,0.775022
0.348325,0.456910,-0.262628,0.775197
0.347448,0.457551,-0.262160,0.775370
0.346571,0.458191,-0.261692,0.775543
0.345694,0.458831,-0.261223,0.775714
0.344817,0.459470,-0.260753,0.775884
0.343939,0.460109,-0.260281,0.776054
0.343062,0.460747,-0.259809,0.776222
0.342184,0.461384,-0.259336,0.776389
0.341306,0.462021,-0.258862,0.776555
0.340428,0.462657,-0.258386,0.776720
0.339550,0.463293,-0.257910,0.776883
0.338672,0.463928,-0.257433,0.777046
0.337793,0.464562,-0.256955,0.777208
0.336914,0.465196,-0.256476,0.777368
0.336036,0.465830,-0.255995,0.777528
0.335157,0.466462,-0.255514,0.777686
0.334278,0.467094,-0.255032,0.777843
0.333398,0.467726,-0.254549,0.777999
0.332519,0.468357,-0.254065,0.778154
0.331639,0.468987,-0.253580,0.778308
0.330760,0.469617,-0.253094,0.778461
0.329880,0.470246,-0.252607,0.778613
0.329000,0.470874,-0.252119,0.778763
0.328120,0.471502,-0.251630,0.778913
0.327239,0.472129,-0.251140,0.779061
0.326359,0.472756,-0.250649,0.779209
0.325478,0.473382,-0.250157,0.779355
0.324598,0.474008,-0.249664,0.779500
0.323717,0.474632,-0.249171,0.779644
0.322836,0.475257,-0.248676,0.779787
0.321955,0.475880,-0.248180,0.779929
0.321074,0.476503,-0.247683,0.780070
0.320192,0.477126,-0.247186,0.780210
0.319311,0.477747,-0.246687,0.780348
0.318429,0.478368,-0.246187,0.780486
0.317548,0.478989,-0.245687,0.780622
0.316666,0.479609,-0.245185,0.780757
0.315784,0.480228,-0.244683,0.780892
0.314902,0.480847,-0.244179,0.781025
0.314020,0.481465,-0.243675,0.781157
0.313138,0.482082,-0.243169,0.781288
0.312255,0.482699,-0.242663,0.781417
0.311373,0.483315,-0.242156,0.781546
0.310490,0.483930,-0.241647,0.781674
0.309607,0.484545,-0.241138,0.781800
0.308725,0.485159,-0.240628,0.781926
0.307842,0.485773,-0.240117,0.782050
0.306959,0.486386,-0.239605,0.782173
0.306076,0.486998,-0.239092,0.782295
0.305192,0.487610,-0.238578,0.782416
0.304309,0.488221,-0.238063,0.782536
0.303426,0.488831,-0.237547,0.782655
0.302542,0.489441,-0.237030,0.782773
0.301658,0.490050,-0.236512,0.782889
0.300775,0.490658,-0.235993,0.783005
0.299891,0.491266,-0.235474,0.783119
0.299007,0.491873,-0.234953,0.783232
0.298123,0.492480,-0.234431,0.783344
0.297239,0.493085,-0.233909,0.783456
0.296355,0.493690,-0.233385,0.783565
0.295471,0.494295,-0.232861,0.783674
0.294586,0.494899,-0.232335,0.783782
0.293702,0.495502,-0.231809,0.783889
0.292817,0.496104,-0.231282,0.783994
0.291933,0.496706,-0.230754,0.784099
0.291048,0.497307,-0.230225,0.784202
0.290164,0.497908,-0.229695,0.784304
0.289279,0.498508,-0.229164,0.784405
0.288394,0.499107,-0.228632,0.784505
0.287509,0.499705,-0.228099,0.784604
0.286624,0.500303,-0.227565,0.784702
0.285739,0.500900,-0.227030,0.784799
0.284854,0.501497,-0.226495,0.784895
0.283969,0.502093,-0.225958,0.784989
0.283083,0.502688,-0.225420,0.785082
0.282198,0.503282,-0.224882,0.785175
0.281313,0.503876,-0.224343,0.785266
0.280427,0.504469,-0.223802,0.785356
0.279542,0.505062,-0.223261,0.785445
0.278656,0.505653,-0.222719,0.785533
0.277770,0.506244,-0.222176,0.785620
0.276885,0.506835,-0.221632,0.785705
0.275999,0.507424,-0.221087,0.785790
0.275113,0.508013,-0.220541,0.785873
0.274227,0.508602,-0.219994,0.785956
0.273342,0.509189,-0.219447,0.786037
0.272456,0.509776,-0.218898,0.786117
0.271570,0.510362,-0.218349,0.786196
0.270684,0.510948,-0.217798,0.786274
0.269798,0.511533,-0.217247,0.786351
0.268912,0.512117,-0.216695,0.786426
0.268026,0.512700,-0.216141,0.786501
0.267139,0.513283,-0.215587,0.786574
0.266253,0.513865,-0.215032,0.786647
0.265367,0.514447,-0.214476,0.786718
0.264481,0.515027,-0.213920,0.786788
0.263594,0.515607,-0.213362,0.786857
0.262708,0.516186,-0.212803,0.786925
0.261822,0.516765,-0.212244,0.786992
0.260935,0.517343,-0.211683,0.787057
0.260049,0.517920,-0.211122,0.787122
0.259163,0.518496,-0.210560,0.787186
0.258276,0.519072,-0.209997,0.787248
0.257390,0.519647,-0.209433,0.787309
0.256503,0.520221,-0.208868,0.787369
0.255617,0.520795,-0.208302,0.787428
0.254730,0.521367,-0.207735,0.787486
0.253844,0.521940,-0.207167,0.787543
0.252957,0.522511,-0.206599,0.787599
0.252071,0.523082,-0.206030,0.787653
0.251184,0.523652,-0.205459,0.787707
0.250297,0.524221,-0.204888,0.787759
0.249411,0.524789,-0.204316,0.787811
0.248524,0.525357,-0.203743,0.787861
0.247638,0.525924,-0.203169,0.787910
0.246751,0.526490,-0.202594,0.787958
0.245865,0.527056,-0.202019,0.788005
0.244978,0.527621,-0.201442,0.788050
0.244091,0.528185,-0.200865,0.788095
0.243205,0.528748,-0.200286,0.788138
0.242318,0.529311,-0.199707,0.788181
0.241432,0.529873,-0.199127,0.788222
0.240545,0.530434,-0.198546,0.788262
0.239659,0.530994,-0.197964,0.788301
0.238772,0.531554,-0.197382,0.788339
0.237886,0.532113,-0.196798,0.788376
0.236999,0.532671,-0.196214,0.788412
0.236113,0.533229,-0.195628,0.788446
0.235226,0.533785,-0.195042,0.788480
0.234340,0.534341,-0.194455,0.788512
0.233453,0.534896,-0.193867,0.788544
0.232567,0.535451,-0.193278,0.788574
0.231680,0.536005,-0.192688,0.788603
0.230794,0.536558,-0.192098,0.788631
0.229908,0.537110,-0.191506,0.788658
0.229021,0.537661,-0.190914,0.788683
0.228135,0.538212,-0.190321,0.788708
0.227249,0.538762,-0.189727,0.788731
0.226363,0.539311,-0.189132,0.788754
0.225476,0.539860,-0.188536,0.788775
0.224590,0.540407,-0.187940,0.788795
0.223704,0.540954,-0.187342,0.788814
0.222818,0.541500,-0.186744,0.788832
0.221932,0.542046,-0.186144,0.788849
0.221046,0.542590,-0.185544,0.788865
0.220160,0.543134,-0.184943,0.788879
0.219274,0.543677,-0.184342,0.788893
0.218388,0.544219,-0.183739,0.788905
0.217502,0.544761,-0.183136,0.788917
0.216617,0.545302,-0.182531,0.788927
0.215731,0.545842,-0.181926,0.788936
0.214845,0.546381,-0.181320,0.788944
0.213960,0.546919,-0.180713,0.788951
0.213074,0.547457,-0.180105,0.788956
0.212189,0.547994,-0.179497,0.788961
0.211303,0.548530,-0.178887,0.788964
0.210418,0.549065,-0.178277,0.788967
0.209532,0.549600,-0.177666,0.788968
0.208647,0.550134,-0.177054,0.788968
0.207762,0.550667,-0.176441,0.788967
0.206877,0.551199,-0.175828,0.788965
0.205992,0.551730,-0.175213,0.788962
0.205107,0.552261,-0.174598,0.788958
0.204222,0.552791,-0.173982,0.788952
0.203337,0.553320,-0.173365,0.788946
0.202452,0.553848,-0.172747,0.788938
0.201568,0.554376,-0.172128,0.788930
0.200683,0.554902,-0.171509,0.788920
0.199798,0.555428,-0.170888,0.788909
0.198914,0.555953,-0.170267,0.788897
0.198030,0.556478,-0.169645,0.788884
0.197145,0.557001,-0.169022,0.788869
0.196261,0.557524,-0.168399,0.788854
0.195377,0.558046,-0.167774,0.788837
0.194493,0.558567,-0.167149,0.788820
0.193609,0.559087,-0.166523,0.788801
0.192725,0.559607,-0.165896,0.788781
0.191841,0.560125,-0.165268,0.788760
0.190957,0.560643,-0.164640,0.788738
0.190074,0.561160,-0.164010,0.788715
0.189190,0.561677,-0.163380,0.788691
0.188307,0.562192,-0.162749,0.788665
0.187424,0.562707,-0.162117,0.788639
0.186540,0.563221,-0.161485,0.788611
0.185657,0.563734,-0.160851,0.788583
0.184774,0.564246,-0.160217,0.788553
0.183891,0.564757,-0.159582,0.788522
0.183009,0.565268,-0.158946,0.788490
0.182126,0.565778,-0.158309,0.788457
0.181243,0.566287,-0.157672,0.788422
0.180361,0.566795,-0.157033,0.788387
0.179479,0.567302,-0.156394,0.788351
0.178596,0.567808,-0.155754,0.788313
0.177714,0.568314,-0.155114,0.788274
0.176832,0.568819,-0.154472,0.788235
0.175950,0.569323,-0.153830,0.788194
0.175069,0.569826,-0.153187,0.788152
0.174187,0.570329,-0.152543,0.788108
0.173305,0.570830,-0.151898,0.788064
0.172424,0.571331,-0.151253,0.788019
0.171543,0.571831,-0.150606,0.787972
0.170662,0.572330,-0.149959,0.787925
0.169781,0.572828,-0.149311,0.787876
0.168900,0.573325,-0.148663,0.787826
0.168019,0.573822,-0.148013,0.787776
0.167138,0.574317,-0.147363,0.787724
0.166258,0.574812,-0.146712,0.787670
0.165378,0.575306,-0.146060,0.787616
0.164497,0.575800,-0.145407,0.787561
0.163617,0.576292,-0.144754,0.787505
0.162737,0.576783,-0.144100,0.787447
0.161858,0.577274,-0.143445,0.787388
0.160978,0.577764,-0.142789,0.787329
0.160098,0.578253,-0.142132,0.787268
0.159219,0.578741,-0.141475,0.787206
0.158340,0.579228,-0.140817,0.787143
0.157461,0.579715,-0.140158,0.787079
0.156582,0.580200,-0.139499,0.787013
0.155703,0.580685,-0.138838,0.786947
0.154825,0.581169,-0.138177,0.786879
0.153946,0.581652,-0.137515,0.786811
0.153068,0.582134,-0.136852,0.786741
0.152190,0.582615,-0.136189,0.786670
0.151312,0.583096,-0.135525,0.786598
0.150434,0.583575,-0.134860,0.786525
0.149556,0.584054,-0.134194,0.786451
0.148679,0.584532,-0.133527,0.786376
0.147802,0.585009,-0.132860,0.786300
0.146925,0.585485,-0.132192,0.786222
0.146048,0.585960,-0.131523,0.786144
0.145171,0.586435,-0.130853,0.786064
0.144294,0.586908,-0.130183,0.785983
0.143418,0.587381,-0.129512,0.785902
0.142542,0.587853,-0.128840,0.785819
0.141665,0.588324,-0.128168,0.785735
0.140790,0.588794,-0.127494,0.785649
0.139914,0.589263,-0.126820,0.785563
0.139038,0.589732,-0.126145,0.785476
0.138163,0.590199,-0.125470,0.785387
0.137288,0.590666,-0.124793,0.785298
0.136413,0.591131,-0.124116,0.785207
0.135538,0.591596,-0.123438,0.785115
0.134663,0.592060,-0.122760,0.785023
0.133789,0.592523,-0.122080,0.784929
0.132915,0.592986,-0.121400,0.784834
0.132041,0.593447,-0.120720,0.784737
0.131167,0.593907,-0.120038,0.784640
0.130293,0.594367,-0.119356,0.784542
0.129420,0.594826,-0.118673,0.784442
0.128546,0.595284,-0.117989,0.784342
0.127673,0.595741,-0.117304,0.784240
0.126801,0.596197,-0.116619,0.784137
0.125928,0.596652,-0.115933,0.784033
0.125055,0.597106,-0.115247,0.783928
0.124183,0.597559,-0.114559,0.783822
0.123311,0.598012,-0.113871,0.783715
0.122439,0.598464,-0.113182,0.783607
0.121568,0.598914,-0.112493,0.783498
0.120696,0.599364,-0.111802,0.783387
0.119825,0.599813,-0.111111,0.783276
0.118954,0.600261,-0.110419,0.783163
0.118084,0.600708,-0.109727,0.783049
0.117213,0.601154,-0.109034,0.782934
0.116359,0.601603,-0.108351,0.782812
0.115522,0.602053,-0.107679,0.782683
0.114701,0.602504,-0.107018,0.782547
0.113899,0.602956,-0.106369,0.782405
0.113114,0.603407,-0.105732,0.782257
0.112346,0.603858,-0.105107,0.782104
0.111598,0.604308,-0.104495,0.781945
0.110867,0.604756,-0.103896,0.781783
0.110155,0.605203,-0.103310,0.781615
0.109462,0.605647,-0.102737,0.781444
0.108787,0.606090,-0.102178,0.781268
0.108132,0.606529,-0.101633,0.781089
0.107496,0.606966,-0.101102,0.780907
0.106879,0.607400,-0.100585,0.780721
0.106281,0.607831,-0.100082,0.780532
0.105702,0.608258,-0.099594,0.780339
0.105143,0.608683,-0.099121,0.780144
0.104604,0.609103,-0.098662,0.779947
0.104084,0.609520,-0.098218,0.779746
0.103584,0.609934,-0.097789,0.779544
0.103103,0.610344,-0.097375,0.779339
0.102643,0.610750,-0.096976,0.779131
0.102201,0.611152,-0.096592,0.778921
0.101780,0.611550,-0.096224,0.778710
0.101378,0.611944,-0.095871,0.778496
0.100997,0.612334,-0.095533,0.778280
0.100634,0.612720,-0.095211,0.778062
0.100291,0.613103,-0.094904,0.777843
0.099964,0.613482,-0.094609,0.777622
0.099652,0.613857,-0.094327,0.777401
0.099353,0.614229,-0.094055,0.777178
0.099068,0.614598,-0.093793,0.776954
0.098793,0.614964,-0.093540,0.776730
0.098529,0.615326,-0.093296,0.776506
0.098275,0.615686,-0.093060,0.776281
0.098029,0.616044,-0.092830,0.776056
0.097791,0.616398,-0.092607,0.775831
0.097560,0.616750,-0.092389,0.775607
0.097336,0.617100,-0.092177,0.775382
0.097118,0.617447,-0.091970,0.775158
0.096905,0.617791,-0.091768,0.774934
0.096697,0.618133,-0.091570,0.774710
0.096494,0.618473,-0.091375,0.774487
0.096296,0.618811,-0.091185,0.774264
0.096101,0.619147,-0.090997,0.774042
0.095910,0.619480,-0.090813,0.773821
0.095722,0.619812,-0.090632,0.773600
0.095537,0.620141,-0.090453,0.773380
0.095356,0.620468,-0.090277,0.773160
0.095177,0.620793,-0.090104,0.772941
0.095000,0.621117,-0.089932,0.772723
0.094826,0.621438,-0.089763,0.772506
0.094654,0.621757,-0.089596,0.772290
0.094484,0.622074,-0.089430,0.772074
0.094315,0.622390,-0.089266,0.771859
0.094149,0.622704,-0.089104,0.771645
0.093984,0.623015,-0.088944,0.771432
0.093821,0.623325,-0.088785,0.771220
0.093660,0.623634,-0.088627,0.771009
0.093499,0.623940,-0.088471,0.770798
0.093341,0.624244,-0.088316,0.770588
0.093183,0.624547,-0.088163,0.770380
0.093027,0.624848,-0.088010,0.770172
0.092872,0.625148,-0.087859,0.769965
0.092718,0.625445,-0.087709,0.769759
0.092565,0.625741,-0.087560,0.769554
0.092413,0.626035,-0.087412,0.769349
0.092263,0.626328,-0.087266,0.769146
0.092113,0.626619,-0.087120,0.768944
0.091964,0.626908,-0.086975,0.768742
0.091816,0.627196,-0.086831,0.768541
0.091669,0.627481,-0.086688,0.768342
0.091523,0.627766,-0.086546,0.768143
0.091378,0.628048,-0.086405,0.767945
0.091233,0.628330,-0.086265,0.767748
0.091090,0.628609,-0.086125,0.767552
0.090947,0.628887,-0.085987,0.767357
0.090805,0.629163,-0.085849,0.767162
0.090664,0.629438,-0.085712,0.766969
0.090523,0.629711,-0.085576,0.766776
0.090384,0.629983,-0.085441,0.766585
0.090245,0.630253,-0.085306,0.766394
0.090106,0.630522,-0.085172,0.766204
0.089969,0.630789,-0.085039,0.766015
0.089832,0.631055,-0.084907,0.765827
0.089696,0.631319,-0.084776,0.765640
0.089561,0.631582,-0.084645,0.765453
0.089426,0.631843,-0.084515,0.765268
0.089292,0.632103,-0.084386,0.765083
0.089159,0.632361,-0.084258,0.764899
0.089026,0.632618,-0.084130,0.764716
0.088894,0.632873,-0.084003,0.764534
0.088763,0.633127,-0.083876,0.764353
0.088632,0.633380,-0.083751,0.764173
0.088502,0.633631,-0.083626,0.763993
0.088373,0.633881,-0.083501,0.763815
0.088244,0.634129,-0.083378,0.763637
0.088116,0.634376,-0.083255,0.763460
0.087988,0.634622,-0.083133,0.763284
0.087862,0.634866,-0.083011,0.763109
0.087735,0.635109,-0.082890,0.762934
0.087610,0.635350,-0.082770,0.762760
0.087485,0.635591,-0.082650,0.762588
0.087361,0.635829,-0.082531,0.762416
0.087237,0.636067,-0.082413,0.762244
0.087114,0.636303,-0.082295,0.762074
0.086991,0.636538,-0.082178,0.761905
0.086869,0.636772,-0.082062,0.761736
0.086748,0.637004,-0.081946,0.761568
0.086627,0.637235,-0.081831,0.761401
0.086507,0.637465,-0.081717,0.761234
0.086387,0.637693,-0.081603,0.761069
0.086268,0.637920,-0.081490,0.760904
0.086150,0.638146,-0.081377,0.760740
0.086032,0.638371,-0.081265,0.760577
0.085915,0.638594,-0.081154,0.760415
0.085798,0.638816,-0.081043,0.760253
0.085682,0.639037,-0.080932,0.760092
0.085567,0.639257,-0.080823,0.759932
0.085452,0.639475,-0.080714,0.759773
0.085337,0.639692,-0.080605,0.759614
0.085224,0.639908,-0.080497,0.759457
0.085110,0.640123,-0.080390,0.759300
0.084998,0.640337,-0.080283,0.759143
0.084885,0.640550,-0.080177,0.758988
0.084774,0.640761,-0.080072,0.758833
0.084663,0.640971,-0.079967,0.758679
0.084552,0.641180,-0.079862,0.758526
0.084442,0.641388,-0.079758,0.758373
0.084333,0.641594,-0.079655,0.758221
0.084224,0.641800,-0.079552,0.758070
0.084116,0.642004,-0.079450,0.757920
0.084008,0.642208,-0.079349,0.757770
0.083900,0.642410,-0.079247,0.757621
0.083794,0.642611,-0.079147,0.757473
0.083687,0.642811,-0.079047,0.757326
0.083582,0.643009,-0.078947,0.757179
0.083477,0.643207,-0.078848,0.757033
0.083372,0.643404,-0.078750,0.756888
0.083268,0.643599,-0.078652,0.756743
0.083164,0.643794,-0.078555,0.756599
0.083061,0.643987,-0.078458,0.756456
0.082958,0.644179,-0.078362,0.756314
0.082856,0.644371,-0.078266,0.756172
0.082755,0.644561,-0.078171,0.756031
0.082653,0.644750,-0.078076,0.755890
0.082553,0.644938,-0.077982,0.755750
0.082453,0.645125,-0.077888,0.755611
0.082353,0.645311,-0.077795,0.755473
0.082254,0.645496,-0.077702,0.755335
0.082155,0.645680,-0.077610,0.755198
0.082057,0.645863,-0.077518,0.755062
0.081960,0.646045,-0.077427,0.754926
0.081862,0.646226,-0.077336,0.754791
0.081766,0.646406,-0.077246,0.754657
0.081669,0.646585,-0.077156,0.754523
0.081574,0.646763,-0.077066,0.754390
0.081478,0.646940,-0.076978,0.754257
0.081384,0.647116,-0.076889,0.754125
0.081289,0.647291,-0.076801,0.753994
0.081196,0.647466,-0.076714,0.753864
0.081102,0.647639,-0.076627,0.753734
0.081009,0.647811,-0.076541,0.753605
0.080917,0.647982,-0.076455,0.753476
0.080825,0.648153,-0.076369,0.753348
0.080733,0.648322,-0.076284,0.753221
0.080642,0.648490,-0.076199,0.753094
0.080552,0.648658,-0.076115,0.752968
0.080461,0.648825,-0.076031,0.752842
0.080372,0.648990,-0.075948,0.752718
0.080282,0.649155,-0.075865,0.752593
0.080194,0.649319,-0.075783,0.752470
0.080105,0.649482,-0.075701,0.752347
0.080017,0.649644,-0.075619,0.752224
0.079930,0.649805,-0.075538,0.752102
0.079843,0.649966,-0.075458,0.751981
0.079756,0.650125,-0.075377,0.751861
0.079670,0.650284,-0.075298,0.751741
0.079584,0.650442,-0.075218,0.751621
0.079499,0.650598,-0.075139,0.751502
0.079414,0.650754,-0.075061,0.751384
0.079329,0.650910,-0.074983,0.751266
0.079245,0.651064,-0.074905,0.751149
0.079161,0.651217,-0.074828,0.751033
0.079078,0.651370,-0.074751,0.750917
0.078995,0.651522,-0.074675,0.750801
0.078913,0.651673,-0.074599,0.750687
0.078831,0.651823,-0.074523,0.750572
0.078749,0.651972,-0.074448,0.750459
0.078668,0.652121,-0.074373,0.750346
0.078588,0.652268,-0.074299,0.750233
0.078507,0.652415,-0.074225,0.750121
0.078427,0.652561,-0.074151,0.750010
0.078348,0.652707,-0.074078,0.749899
0.078269,0.652851,-0.074005,0.749788
0.078190,0.652995,-0.073933,0.749679
0.078111,0.653138,-0.073861,0.749569
0.078033,0.653280,-0.073789,0.749461
0.077956,0.653421,-0.073718,0.749353
0.077879,0.653562,-0.073647,0.749245
0.077802,0.653702,-0.073576,0.749138
0.077725,0.653841,-0.073506,0.749031
0.077649,0.653979,-0.073436,0.748925
0.077574,0.654117,-0.073367,0.748820
0.077499,0.654253,-0.073298,0.748715
0.077424,0.654389,-0.073229,0.748610
0.077349,0.654525,-0.073161,0.748506
0.077275,0.654659,-0.073093,0.748403
0.077201,0.654793,-0.073026,0.748300
0.077128,0.654926,-0.072958,0.748198
0.077055,0.655059,-0.072892,0.748096
0.076982,0.655190,-0.072825,0.747995
0.076910,0.655321,-0.072759,0.747894
0.076838,0.655452,-0.072693,0.747793
0.076766,0.655581,-0.072628,0.747693
0.076695,0.655710,-0.072563,0.747594
0.076624,0.655838,-0.072498,0.747495
0.076554,0.655966,-0.072434,0.747397
0.076484,0.656092,-0.072370,0.747299
0.076414,0.656218,-0.072306,0.747202
0.076345,0.656344,-0.072243,0.747105
0.076276,0.656468,-0.072180,0.747008
0.076207,0.656592,-0.072117,0.746912
0.076139,0.656716,-0.072055,0.746817
0.076071,0.656838,-0.071993,0.746722
0.076003,0.656960,-0.071931,0.746627
0.075936,0.657082,-0.071870,0.746533
0.075869,0.657202,-0.071809,0.746440
0.075802,0.657322,-0.071748,0.746347
0.075736,0.657442,-0.071687,0.746254
0.075670,0.657561,-0.071627,0.746162
0.075604,0.657679,-0.071568,0.746070
0.075539,0.657796,-0.071508,0.745979
0.075474,0.657913,-0.071449,0.745888
0.075409,0.658029,-0.071390,0.745798
0.075345,0.658145,-0.071332,0.745708
0.075281,0.658260,-0.071274,0.745619
0.075217,0.658374,-0.071216,0.745530
0.075154,0.658488,-0.071159,0.745441
0.075091,0.658601,-0.071101,0.745353
0.075028,0.658713,-0.071044,0.745265
0.074966,0.658825,-0.070988,0.745178
0.074903,0.658936,-0.070931,0.745091
0.074842,0.659047,-0.070875,0.745005
0.074780,0.659157,-0.070820,0.744919
0.074719,0.659266,-0.070764,0.744834
0.074658,0.659375,-0.070709,0.744749
0.074598,0.659483,-0.070654,0.744664
0.074538,0.659591,-0.070600,0.744580
0.074478,0.659698,-0.070546,0.744496
0.074418,0.659805,-0.070492,0.744413
0.074359,0.659911,-0.070438,0.744330
0.074300,0.660016,-0.070385,0.744248
0.074241,0.660121,-0.070332,0.744165
0.074183,0.660225,-0.070279,0.744084
0.074125,0.660329,-0.070226,0.744003
0.074067,0.660432,-0.070174,0.743922
0.074009,0.660534,-0.070122,0.743841
0.073952,0.660636,-0.070070,0.743761
0.073895,0.660738,-0.070019,0.743682
0.073839,0.660839,-0.069968,0.743602
0.073782,0.660939,-0.069917,0.743524
0.073726,0.661039,-0.069866,0.743445
0.073670,0.661138,-0.069816,0.743367
0.073615,0.661237,-0.069766,0.743290
0.073560,0.661335,-0.069716,0.743212
0.073505,0.661433,-0.069667,0.743135
0.073450,0.661530,-0.069617,0.743059
0.073396,0.661627,-0.069568,0.742983
0.073342,0.661723,-0.069520,0.742907
0.073288,0.661818,-0.069471,0.742832
0.073234,0.661913,-0.069423,0.742757
0.073181,0.662008,-0.069375,0.742682
0.073128,0.662102,-0.069327,0.742608
0.073075,0.662195,-0.069280,0.742534
0.073023,0.662289,-0.069232,0.742461
0.072971,0.662381,-0.069186,0.742388
0.072919,0.662473,-0.069139,0.742315
0.072867,0.662565,-0.069092,0.742243
0.072816,0.662656,-0.069046,0.742171
0.072765,0.662746,-0.069000,0.742099
0.072714,0.662836,-0.068954,0.742028
0.072663,0.662926,-0.068909,0.741957
0.072613,0.663015,-0.068864,0.741887
0.072563,0.663104,-0.068819,0.741817
0.072513,0.663192,-0.068774,0.741747
0.072463,0.663279,-0.068729,0.741678
0.072414,0.663367,-0.068685,0.741609
0.072365,0.663453,-0.068641,0.741540
0.072316,0.663540,-0.068597,0.741471
0.072268,0.663625,-0.068554,0.741403
0.072219,0.663711,-0.068510,0.741336
0.072171,0.663796,-0.068467,0.741268
0.072123,0.663880,-0.068424,0.741201
0.072076,0.663964,-0.068382,0.741135
0.072029,0.664048,-0.068339,0.741068
0.071981,0.664131,-0.068297,0.741002
0.071935,0.664213,-0.068255,0.740937
0.071888,0.664296,-0.068213,0.740871
0.071842,0.664377,-0.068172,0.740806
0.071795,0.664459,-0.068130,0.740742
0.071750,0.664539,-0.068089,0.740678
0.071704,0.664620,-0.068049,0.740614
0.071658,0.664700,-0.068008,0.740550
0.071613,0.664779,-0.067967,0.740487
0.071568,0.664859,-0.067927,0.740424
0.071524,0.664937,-0.067887,0.740361
0.071479,0.665016,-0.067847,0.740298
0.071435,0.665093,-0.067808,0.740236
0.071391,0.665171,-0.067768,0.740175
0.071347,0.665248,-0.067729,0.740113
0.071303,0.665325,-0.067690,0.740052
0.071260,0.665401,-0.067651,0.739991
0.071217,0.665477,-0.067613,0.739931
0.071174,0.665552,-0.067575,0.739871
0.071131,0.665627,-0.067536,0.739811
0.071089,0.665702,-0.067499,0.739751
0.071046,0.665776,-0.067461,0.739692
0.071004,0.665850,-0.067423,0.739633
0.070963,0.665923,-0.067386,0.739574
0.070921,0.665996,-0.067349,0.739516
0.070880,0.666069,-0.067312,0.739458
0.070838,0.666141,-0.067275,0.739400
0.070797,0.666213,-0.067238,0.739343
0.070757,0.666284,-0.067202,0.739285
0.070716,0.666355,-0.067166,0.739228
0.070676,0.666426,-0.067130,0.739172
0.070635,0.666496,-0.067094,0.739116
0.070596,0.666566,-0.067059,0.739060
0.070556,0.666636,-0.067023,0.739004
0.070516,0.666705,-0.066988,0.738948
0.070477,0.666774,-0.066953,0.738893
0.070438,0.666842,-0.066918,0.738838
0.070399,0.666910,-0.066883,0.738784
0.070360,0.666978,-0.066849,0.738729
0.070322,0.667045,-0.066815,0.738675
0.070283,0.667112,-0.066781,0.738622
0.070245,0.667179,-0.066747,0.738568
0.070207,0.667245,-0.066713,0.738515
0.070170,0.667311,-0.066679,0.738462
0.070132,0.667377,-0.066646,0.738409
0.070095,0.667442,-0.066613,0.738357
0.070057,0.667507,-0.066580,0.738305
0.070021,0.667571,-0.066547,0.738253
0.069984,0.667636,-0.066514,0.738201
0.069947,0.667699,-0.066482,0.738150
0.069911,0.667763,-0.066449,0.738099
0.069875,0.667826,-0.066417,0.738048
0.069839,0.667889,-0.066385,0.737997
0.069803,0.667951,-0.066353,0.737947
0.069767,0.668013,-0.066322,0.737897
0.069732,0.668075,-0.066290,0.737847
0.069696,0.668137,-0.066259,0.737798
0.069661,0.668198,-0.066228,0.737748
0.069626,0.668259,-0.066197,0.737699
0.069592,0.668319,-0.066166,0.737651
0.069557,0.668379,-0.066135,0.737602
0.069523,0.668439,-0.066105,0.737554
0.069488,0.668499,-0.066074,0.737506
0.069454,0.668558,-0.066044,0.737458
0.069420,0.668617,-0.066014,0.737410
0.069387,0.668676,-0.065984,0.737363
0.069353,0.668734,-0.065954,0.737316
0.069320,0.668792,-0.065925,0.737269
0.069287,0.668850,-0.065895,0.737223
0.069254,0.668907,-0.065866,0.737176
0.069221,0.668964,-0.065837,0.737130
0.069188,0.669021,-0.065808,0.737085
0.069156,0.669077,-0.065779,0.737039
0.069124,0.669133,-0.065751,0.736994
0.069091,0.669189,-0.065722,0.736948
0.069059,0.669245,-0.065694,0.736903
0.069028,0.669300,-0.065666,0.736859
0.068996,0.669355,-0.065638,0.736814
0.068964,0.669410,-0.065610,0.736770
0.068933,0.669464,-0.065582,0.736726
0.068902,0.669518,-0.065555,0.736682
0.068871,0.669572,-0.065527,0.736639
0.068840,0.669625,-0.065500,0.736595
0.068809,0.669678,-0.065473,0.736552
0.068779,0.669731,-0.065446,0.736509
0.068749,0.669784,-0.065419,0.736467
0.068718,0.669836,-0.065392,0.736424
0.068688,0.669889,-0.065366,0.736382
0.068658,0.669940,-0.065339,0.736340
0.068629,0.669992,-0.065313,0.736298
0.068599,0.670043,-0.065287,0.736257
0.068570,0.670094,-0.065261,0.736215
0.068540,0.670145,-0.065235,0.736174
0.068511,0.670195,-0.065209,0.736133
0.068482,0.670245,-0.065183,0.736093
0.068453,0.670295,-0.065158,0.736052
0.068425,0.670345,-0.065133,0.736012
0.068396,0.670394,-0.065107,0.735972
0.068368,0.670444,-0.065082,0.735932
0.068340,0.670492,-0.065057,0.735892
0.068311,0.670541,-0.065033,0.735853
0.068284,0.670589,-0.065008,0.735813
0.068256,0.670637,-0.064983,0.735774
0.068228,0.670685,-0.064959,0.735735
0.068201,0.670733,-0.064935,0.735697
0.068173,0.670780,-0.064911,0.735658
0.068146,0.670827,-0.064887,0.735620
0.068119,0.670874,-0.064863,0.735582
0.068092,0.670921,-0.064839,0.735544
0.068065,0.670967,-0.064815,0.735506
0.068038,0.671013,-0.064792,0.735469
0.068012,0.671059,-0.064768,0.735432
0.067985,0.671104,-0.064745,0.735394
0.067959,0.671150,-0.064722,0.735358
0.067933,0.671195,-0.064699,0.735321
0.067907,0.671240,-0.064676,0.735284
0.067881,0.671284,-0.064653,0.735248
0.067856,0.671329,-0.064631,0.735212
0.067830,0.671373,-0.064608,0.735176
0.067805,0.671417,-0.064586,0.735140
0.067779,0.671460,-0.064563,0.735104
0.067754,0.671504,-0.064541,0.735069
0.067729,0.671547,-0.064519,0.735034
0.067704,0.671590,-0.064497,0.734999
0.067679,0.671633,-0.064475,0.734964
0.067655,0.671675,-0.064453,0.734929
0.067630,0.671718,-0.064432,0.734895
0.067606,0.671760,-0.064410,0.734860
0.067581,0.671802,-0.064389,0.734826
0.067557,0.671843,-0.064368,0.734792
0.067533,0.671885,-0.064347,0.734758
0.067509,0.671926,-0.064325,0.734725
0.067485,0.671967,-0.064305,0.734691
0.067462,0.672008,-0.064284,0.734658
0.067438,0.672048,-0.064263,0.734625
0.067415,0.672088,-0.064242,0.734592
0.067391,0.672128,-0.064222,0.734559
0.067368,0.672168,-0.064202,0.734527
0.067345,0.672208,-0.064181,0.734494
0.067322,0.672248,-0.064161,0.734462
0.067299,0.672287,-0.064141,0.734430
0.067277,0.672326,-0.064121,0.734398
0.067254,0.672365,-0.064101,0.734366
0.067232,0.672403,-0.064081,0.734335
0.067209,0.672442,-0.064062,0.734303
0.067187,0.672480,-0.064042,0.734272
0.067165,0.672518,-0.064023,0.734241
0.067143,0.672556,-0.064004,0.734210
0.067121,0.672593,-0.063984,0.734179
0.067099,0.672631,-0.063965,0.734148
0.067078,0.672668,-0.063946,0.734118
0.067056,0.672705,-0.063927,0.734088
0.067035,0.672742,-0.063908,0.734057
0.067013,0.672779,-0.063890,0.734027
0.066992,0.672815,-0.063871,0.733998
0.066971,0.672851,-0.063852,0.733968
0.066950,0.672887,-0.063834,0.733938
0.066929,0.672923,-0.063816,0.733909
0.066908,0.672959,-0.063797,0.733880
0.066888,0.672994,-0.063779,0.733851
0.066867,0.673030,-0.063761,0.733822
0.066847,0.673065,-0.063743,0.733793
0.066826,0.673100,-0.063725,0.733764
0.066806,0.673135,-0.063708,0.733736
0.066786,0.673169,-0.063690,0.733707
0.066766,0.673203,-0.063672,0.733679
0.066746,0.673238,-0.063655,0.733651
0.066726,0.673272,-0.063638,0.733623
0.066706,0.673305,-0.063620,0.733596
0.066687,0.673339,-0.063603,0.733568
0.066667,0.673373,-0.063586,0.733540
0.066648,0.673406,-0.063569,0.733513
0.066629,0.673439,-0.063552,0.733486
0.066609,0.673472,-0.063535,0.733459
0.066590,0.673505,-0.063518,0.733432
0.066571,0.673537,-0.063502,0.733405
0.066552,0.673570,-0.063485,0.733379
0.066534,0.673602,-0.063469,0.733352
0.066515,0.673634,-0.063452,0.733326
0.066496,0.673666,-0.063436,0.733300
0.066478,0.673698,-0.063420,0.733274
0.066459,0.673729,-0.063403,0.733248
0.066441,0.673761,-0.063387,0.733222
0.066423,0.673792,-0.063371,0.733196
0.066405,0.673823,-0.063356,0.733171
0.066386,0.673854,-0.063340,0.733145
0.066369,0.673885,-0.063324,0.733120
0.066351,0.673915,-0.063308,0.733095
0.066333,0.673946,-0.063293,0.733070
0.066315,0.673976,-0.063277,0.733045
0.066298,0.674006,-0.063262,0.733020
0.066280,0.674036,-0.063247,0.732995
0.066263,0.674066,-0.063231,0.732971
0.066245,0.674095,-0.063216,0.732947
0.066228,0.674125,-0.063201,0.732922
0.066211,0.674154,-0.063186,0.732898
0.066194,0.674183,-0.063171,0.732874
0.066177,0.674212,-0.063156,0.732850
0.066160,0.674241,-0.063142,0.732827
0.066143,0.674270,-0.063127,0.732803
0.066127,0.674298,-0.063112,0.732780
0.066110,0.674327,-0.063098,0.732756
0.066094,0.674355,-0.063083,0.732733
0.066077,0.674383,-0.063069,0.732710
0.066061,0.674411,-0.063055,0.732687
0.066045,0.674439,-0.063040,0.732664
0.066028,0.674466,-0.063026,0.732641
0.066012,0.674494,-0.063012,0.732618
0.065996,0.674521,-0.062998,0.732596
0.065980,0.674548,-0.062984,0.732573
0.065965,0.674576,-0.062970,0.732551
0.065949,0.674602,-0.062957,0.732529
0.065933,0.674629,-0.062943,0.732507
0.065918,0.674656,-0.062929,0.732485
0.065902,0.674682,-0.062916,0.732463
0.065887,0.674709,-0.062902,0.732441
0.065871,0.674735,-0.062889,0.732420
0.065856,0.674761,-0.062875,0.732398
0.065841,0.674787,-0.062862,0.732377
0.065826,0.674813,-0.062849,0.732356
0.065811,0.674838,-0.062836,0.732334
0.065796,0.674864,-0.062823,0.732313
0.065781,0.674889,-0.062810,0.732292
0.065766,0.674915,-0.062797,0.732272
0.065751,0.674940,-0.062784,0.732251
0.065737,0.674965,-0.062771,0.732230
0.065722,0.674990,-0.062758,0.732210
0.065708,0.675014,-0.062746,0.732189
0.065693,0.675039,-0.062733,0.732169
0.065679,0.675063,-0.062721,0.732149
0.065665,0.675088,-0.062708,0.732129
0.065650,0.675112,-0.062696,0.732109
0.065636,0.675136,-0.062683,0.732089
0.065622,0.675160,-0.062671,0.732069
0.065608,0.675184,-0.062659,0.732049
0.065594,0.675208,-0.062647,0.732030
0.065580,0.675231,-0.062635,0.732010
0.065567,0.675255,-0.062623,0.731991
0.065553,0.675278,-0.062611,0.731972
0.065539,0.675301,-0.062599,0.731952
0.065526,0.675324,-0.062587,0.731933
0.065512,0.675347,-0.062575,0.731914
0.065499,0.675370,-0.062564,0.731895
0.065486,0.675393,-0.062552,0.731877
0.065472,0.675415,-0.062540,0.731858
0.065459,0.675438,-0.062529,0.731839
0.065446,0.675460,-0.062517,0.731821
0.065433,0.675482,-0.062506,0.731803
0.065420,0.675505,-0.062495,0.731784
0.065407,0.675527,-0.062483,0.731766
0.065394,0.675548,-0.062472,0.731748
0.065382,0.675570,-0.062461,0.731730
0.065369,0.675592,-0.062450,0.731712
0.065356,0.675613,-0.062439,0.731694
0.065344,0.675635,-0.062428,0.731676
0.065331,0.675656,-0.062417,0.731659
0.065319,0.675677,-0.062406,0.731641
0.065306,0.675699,-0.062395,0.731624
0.065294,0.675720,-0.062385,0.731606
0.065282,0.675740,-0.062374,0.731589
0.065269,0.675761,-0.062363,0.731572
0.065257,0.675782,-0.062353,0.731555
0.065245,0.675802,-0.062342,0.731538
0.065233,0.675823,-0.062332,0.731521
0.065221,0.675843,-0.062321,0.731504
0.065209,0.675863,-0.062311,0.731487
0.065198,0.675883,-0.062301,0.731471
0.065186,0.675903,-0.062290,0.731454
0.065174,0.675923,-0.062280,0.731438
0.065162,0.675943,-0.062270,0.731421
0.065151,0.675963,-0.062260,0.731405
0.065139,0.675982,-0.062250,0.731389
0.065128,0.676002,-0.062240,0.731373
0.065117,0.676021,-0.062230,0.731357
0.065105,0.676041,-0.062220,0.731341
0.065094,0.676060,-0.062210,0.731325
0.065083,0.676079,-0.062201,0.731309
0.065072,0.676098,-0.062191,0.731293
0.065060,0.676117,-0.062181,0.731278
0.065049,0.676135,-0.062171,0.731262
0.065038,0.676154,-0.062162,0.731247
0.065027,0.676173,-0.062152,0.731231
0.065017,0.676191,-0.062143,0.731216
0.065006,0.676210,-0.062134,0.731201
0.064995,0.676228,-0.062124,0.731185
0.064984,0.676246,-0.062115,0.731170
0.064974,0.676264,-0.062106,0.731155
0.064963,0.676282,-0.062096,0.731140
0.064953,0.676300,-0.062087,0.731126
0.064942,0.676318,-0.062078,0.731111
0.064932,0.676336,-0.062069,0.731096
0.064921,0.676353,-0.062060,0.731081
0.064911,0.676371,-0.062051,0.731067
0.064901,0.676388,-0.062042,0.731052
0.064891,0.676406,-0.062033,0.731038
0.064880,0.676423,-0.062024,0.731024
0.064870,0.676440,-0.062015,0.731010
0.064860,0.676457,-0.062007,0.730995
0.064850,0.676474,-0.061998,0.730981
0.064840,0.676491,-0.061989,0.730967
0.064830,0.676508,-0.061981,0.730953
0.064821,0.676524,-0.061972,0.730939
0.064811,0.676541,-0.061964,0.730926
0.064801,0.676558,-0.061955,0.730912
0.064791,0.676574,-0.061947,0.730898
0.064782,0.676590,-0.061938,0.730885
0.064772,0.676607,-0.061930,0.730871
0.064763,0.676623,-0.061922,0.730858
0.064753,0.676639,-0.061913,0.730844
0.064744,0.676655,-0.061905,0.730831
0.064734,0.676671,-0.061897,0.730818
0.064725,0.676687,-0.061889,0.730805
0.064716,0.676703,-0.061881,0.730792
0.064706,0.676718,-0.061873,0.730779
0.064697,0.676734,-0.061865,0.730766
0.064688,0.676749,-0.061857,0.730753
0.064679,0.676765,-0.061849,0.730740
0.064670,0.676780,-0.061841,0.730727
0.064661,0.676795,-0.061833,0.730714
0.064652,0.676811,-0.061825,0.730702
0.064643,0.676826,-0.061818,0.730689
0.064634,0.676841,-0.061810,0.730677
0.064625,0.676856,-0.061802,0.730664
0.064617,0.676871,-0.061795,0.730652
0.064608,0.676885,-0.061787,0.730640
0.064599,0.676900,-0.061780,0.730627
0.064591,0.676915,-0.061772,0.730615
0.064582,0.676929,-0.061765,0.730603
0.064573,0.676944,-0.061757,0.730591
0.064565,0.676958,-0.061750,0.730579
0.064557,0.676973,-0.061742,0.730567
0.064548,0.676987,-0.061735,0.730555
0.064540,0.677001,-0.061728,0.730544
0.064531,0.677015,-0.061721,0.730532
0.064523,0.677029,-0.061713,0.730520
0.064515,0.677043,-0.061706,0.730509
0.064507,0.677057,-0.061699,0.730497
0.064499,0.677071,-0.061692,0.730486
0.064490,0.677085,-0.061685,0.730474
0.064482,0.677098,-0.061678,0.730463
0.064474,0.677112,-0.061671,0.730451
0.064466,0.677125,-0.061664,0.730440
0.064458,0.677139,-0.061657,0.730429
0.064451,0.677152,-0.061650,0.730418
0.064443,0.677166,-0.061643,0.730407
0.064435,0.677179,-0.061637,0.730396
0.064427,0.677192,-0.061630,0.730385
0.064419,0.677205,-0.061623,0.730374
0.064412,0.677218,-0.061617,0.730363
0.064404,0.677231,-0.061610,0.730352
0.064396,0.677244,-0.061603,0.730342
0.064389,0.677257,-0.061597,0.730331
0.064381,0.677270,-0.061590,0.730320
0.064374,0.677282,-0.061584,0.730310
0.064366,0.677295,-0.061577,0.730299
0.064359,0.677307,-0.061571,0.730289
0.064352,0.677320,-0.061564,0.730278
0.064344,0.677332,-0.061558,0.730268
0.064337,0.677345,-0.061552,0.730258
0.064330,0.677357,-0.061545,0.730247
0.064322,0.677369,-0.061539,0.730237
0.064315,0.677381,-0.061533,0.730227
0.064308,0.677394,-0.061527,0.730217
0.064301,0.677406,-0.061520,0.730207
0.064294,0.677418,-0.061514,0.730197
0.064287,0.677429,-0.061508,0.730187
0.064280,0.677441,-0.061502,0.730177
0.064273,0.677453,-0.061496,0.730167
0.064266,0.677465,-0.061490,0.730158
0.064259,0.677477,-0.061484,0.730148
0.064252,0.677488,-0.061478,0.730138
0.064245,0.677500,-0.061472,0.730129
0.064239,0.677511,-0.061466,0.730119
0.064232,0.677523,-0.061460,0.730110
0.064225,0.677534,-0.061455,0.730100
0.064219,0.677545,-0.061449,0.730091
0.064212,0.677556,-0.061443,0.730081
0.064205,0.677568,-0.061437,0.730072
0.064199,0.677579,-0.061432,0.730063
0.064192,0.677590,-0.061426,0.730054
0.064186,0.677601,-0.061420,0.730044
0.064179,0.677612,-0.061415,0.730035
0.064173,0.677623,-0.061409,0.730026
0.064166,0.677634,-0.061403,0.730017
0.064160,0.677644,-0.061398,0.730008
0.064154,0.677655,-0.061392,0.729999
0.064147,0.677666,-0.061387,0.729990
0.064141,0.677676,-0.061381,0.729982
0.064135,0.677687,-0.061376,0.729973
0.064129,0.677697,-0.061371,0.729964
0.064123,0.677708,-0.061365,0.729955
0.064116,0.677718,-0.061360,0.729947
0.064110,0.677729,-0.061355,0.729938
0.064104,0.677739,-0.061349,0.729929
0.064098,0.677749,-0.061344,0.729921
0.064092,0.677759,-0.061339,0.729912
0.064086,0.677769,-0.061334,0.729904
0.064080,0.677779,-0.061329,0.729896
0.064074,0.677789,-0.061323,0.729887
0.064068,0.677799,-0.061318,0.729879
0.064063,0.677809,-0.061313,0.729871
0.064057,0.677819,-0.061308,0.729863
0.064051,0.677829,-0.061303,0.729854
0.064045,0.677839,-0.061298,0.729846
0.064039,0.677848,-0.061293,0.729838
0.064034,0.677858,-0.061288,0.729830
0.064028,0.677868,-0.061283,0.729822
0.064022,0.677877,-0.061278,0.729814
0.064017,0.677887,-0.061274,0.729806
0.064011,0.677896,-0.061269,0.729798
0.064006,0.677905,-0.061264,0.729790
0.064000,0.677915,-0.061259,0.729783
0.063995,0.677924,-0.061254,0.729775
0.063989,0.677933,-0.061250,0.729767
0.063984,0.677943,-0.061245,0.729760
0.063978,0.677952,-0.061240,0.729752
0.063973,0.677961,-0.061236,0.729744
0.063968,0.677970,-0.061231,0.729737
0.063962,0.677979,-0.061226,0.729729
0.063957,0.677988,-0.061222,0.729722
0.063952,0.677997,-0.061217,0.729714
0.063946,0.678006,-0.061213,0.729707
0.063941,0.678014,-0.061208,0.729700
0.063936,0.678023,-0.061203,0.729692
0.063931,0.678032,-0.061199,0.729685
0.063926,0.678041,-0.061195,0.729678
0.063921,0.678049,-0.061190,0.729671
0.063916,0.678058,-0.061186,0.729663
0.063910,0.678066,-0.061181,0.729656
0.063905,0.678075,-0.061177,0.729649
0.063900,0.678083,-0.061173,0.729642
0.063895,0.678092,-0.061168,0.729635
0.063891,0.678100,-0.061164,0.729628
0.063886,0.678108,-0.061160,0.729621
0.063881,0.678117,-0.061156,0.729614
0.063876,0.678125,-0.061151,0.729607
0.063871,0.678133,-0.061147,0.729601
0.063866,0.678141,-0.061143,0.729594
0.063861,0.678149,-0.061139,0.729587
0.063857,0.678157,-0.061135,0.729580
0.063852,0.678166,-0.061130,0.729574
0.063847,0.678173,-0.061126,0.729567
0.063842,0.678181,-0.061122,0.729560
0.063838,0.678189,-0.061118,0.729554
0.063833,0.678197,-0.061114,0.729547
0.063829,0.678205,-0.061110,0.729541
0.063824,0.678213,-0.061106,0.729534
0.063819,0.678220,-0.061102,0.729528
0.063815,0.678228,-0.061098,0.729521
0.063810,0.678236,-0.061094,0.729515
0.063806,0.678243,-0.061091,0.729508
0.063801,0.678251,-0.061087,0.729502
0.063797,0.678259,-0.061083,0.729496
0.063792,0.678266,-0.061079,0.729490
0.063788,0.678273,-0.061075,0.729483
0.063784,0.678281,-0.061071,0.729477
0.063779,0.678288,-0.061068,0.729471
0.063775,0.678296,-0.061064,0.729465
0.063771,0.678303,-0.061060,0.729459
0.063766,0.678310,-0.061056,0.729453
0.063762,0.678317,-0.061053,0.729447
0.063758,0.678325,-0.061049,0.729441
0.063754,0.678332,-0.061045,0.729435
0.063749,0.678339,-0.061042,0.729429
0.063745,0.678346,-0.061038,0.729423
0.063741,0.678353,-0.061034,0.729417
0.063737,0.678360,-0.061031,0.729411
0.063733,0.678367,-0.061027,0.729405
0.063729,0.678374,-0.061024,0.729400
0.063725,0.678381,-0.061020,0.729394
0.063720,0.678387,-0.061017,0.729388
0.063716,0.678394,-0.061013,0.729382
0.063712,0.678401,-0.061010,0.729377
0.063708,0.678408,-0.061006,0.729371
0.063704,0.678414,-0.061003,0.729366
0.063701,0.678421,-0.060999,0.729360
0.063697,0.678428,-0.060996,0.729354
0.063693,0.678434,-0.060992,0.729349
0.063689,0.678441,-0.060989,0.729343
0.063685,0.678447,-0.060986,0.729338
0.063681,0.678454,-0.060982,0.729333
0.063677,0.678460,-0.060979,0.729327
0.063673,0.678467,-0.060976,0.729322
0.063670,0.678473,-0.060973,0.729317
0.063666,0.678480,-0.060969,0.729311
0.063662,0.678486,-0.060966,0.729306
0.063658,0.678492,-0.060963,0.729301
0.063655,0.678498,-0.060960,0.729295
0.063651,0.678505,-0.060956,0.729290
0.063647,0.678511,-0.060953,0.729285
0.063644,0.678517,-0.060950,0.729280
0.063640,0.678523,-0.060947,0.729275
0.063636,0.678529,-0.060944,0.729270
0.063633,0.678535,-0.060941,0.729265
0.063629,0.678541,-0.060938,0.729260
0.063626,0.678547,-0.060934,0.729255
0.063622,0.678553,-0.060931,0.729250
0.063619,0.678559,-0.060928,0.729245
0.063615,0.678565,-0.060925,0.729240
0.063612,0.678571,-0.060922,0.729235
0.063608,0.678577,-0.060919,0.729230
0.063605,0.678583,-0.060916,0.729225
0.063601,0.678589,-0.060913,0.729220
0.063598,0.678594,-0.060910,0.729215
0.063595,0.678600,-0.060907,0.729211
0.063591,0.678606,-0.060905,0.729206
0.063588,0.678611,-0.060902,0.729201
0.063585,0.678617,-0.060899,0.729196
0.063581,0.678623,-0.060896,0.729192
0.063578,0.678628,-0.060893,0.729187
0.063575,0.678634,-0.060890,0.729182
0.063571,0.678639,-0.060887,0.729178
0.063568,0.678645,-0.060885,0.729173
0.063565,0.678650,-0.060882,0.729169
0.063562,0.678656,-0.060879,0.729164
0.063558,0.678661,-0.060876,0.729160
0.063555,0.678666,-0.060873,0.729155
0.063552,0.678672,-0.060871,0.729151
0.063549,0.678677,-0.060868,0.729146
0.063546,0.678682,-0.060865,0.729142
0.063543,0.678688,-0.060863,0.729137
0.063540,0.678693,-0.060860,0.729133
0.063536,0.678698,-0.060857,0.729129
0.063533,0.678703,-0.060855,0.729124
0.063530,0.678708,-0.060852,0.729120
0.063527,0.678713,-0.060849,0.729116
0.063524,0.678719,-0.060847,0.729111
0.063521,0.678724,-0.060844,0.729107
0.063518,0.678729,-0.060841,0.729103
0.063515,0.678734,-0.060839,0.729099
0.063512,0.678739,-0.060836,0.729095
0.063509,0.678744,-0.060834,0.729090
0.063507,0.678749,-0.060831,0.729086
0.063504,0.678753,-0.060829,0.729082
0.063501,0.678758,-0.060826,0.729078
0.063498,0.678763,-0.060824,0.729074
0.063495,0.678768,-0.060821,0.729070
0.063492,0.678773,-0.060819,0.729066
0.063489,0.678778,-0.060816,0.729062
0.063486,0.678782,-0.060814,0.729058
0.063484,0.678787,-0.060811,0.729054
0.063481,0.678792,-0.060809,0.729050
0.063478,0.678797,-0.060807,0.729046
0.063475,0.678801,-0.060804,0.729042
0.063473,0.678806,-0.060802,0.729038
0.063470,0.678810,-0.060799,0.729035
0.063467,0.678815,-0.060797,0.729031
0.063464,0.678820,-0.060795,0.729027
0.063462,0.678824,-0.060792,0.729023
0.063459,0.678829,-0.060790,0.729019
0.063456,0.678833,-0.060788,0.729016
0.063454,0.678838,-0.060786,0.729012
0.063451,0.678842,-0.060783,0.729008
0.063448,0.678846,-0.060781,0.729004
0.063446,0.678851,-0.060779,0.729001
0.063443,0.678855,-0.060776,0.728997
0.063441,0.678860,-0.060774,0.728993
0.063438,0.678864,-0.060772,0.728990
0.063436,0.678868,-0.060770,0.728986
0.063433,0.678873,-0.060768,0.728983
0.063431,0.678877,-0.060765,0.728979
0.063428,0.678881,-0.060763,0.728976
0.063426,0.678885,-0.060761,0.728972
0.063423,0.678889,-0.060759,0.728968
0.063421,0.678894,-0.060757,0.728965
0.063418,0.678898,-0.060755,0.728962
0.063416,0.678902,-0.060753,0.728958
0.063413,0.678906,-0.060750,0.728955
0.063411,0.678910,-0.060748,0.728951
0.063408,0.678914,-0.060746,0.728948
0.063406,0.678918,-0.060744,0.728944
0.063404,0.678922,-0.060742,0.728941
0.063401,0.678926,-0.060740,0.728938
0.063399,0.678930,-0.060738,0.728934
0.063397,0.678934,-0.060736,0.728931
0.063394,0.678938,-0.060734,0.728928
0.063392,0.678942,-0.060732,0.728924
0.063390,0.678946,-0.060730,0.728921
0.063387,0.678950,-0.060728,0.728918
0.063385,0.678954,-0.060726,0.728915
0.063383,0.678957,-0.060724,0.728912
0.063380,0.678961,-0.060722,0.728908
0.063378,0.678965,-0.060720,0.728905
0.063376,0.678969,-0.060718,0.728902
0.063374,0.678973,-0.060716,0.728899
0.063371,0.678976,-0.060714,0.728896
0.063369,0.678980,-0.060712,0.728893
0.063367,0.678984,-0.060710,0.728890
0.063365,0.678987,-0.060709,0.728886
0.063363,0.678991,-0.060707,0.728883
0.063361,0.678995,-0.060705,0.728880
0.063358,0.678998,-0.060703,0.728877
0.063356,0.679002,-0.060701,0.728874
0.063354,0.679005,-0.060699,0.728871
0.063352,0.679009,-0.060697,0.728868
0.063350,0.679013,-0.060696,0.728865
0.063348,0.679016,-0.060694,0.728862
0.063346,0.679020,-0.060692,0.728859
0.063344,0.679023,-0.060690,0.728857
0.063342,0.679027,-0.060688,0.728854
0.063340,0.679030,-0.060687,0.728851
0.063338,0.679033,-0.060685,0.728848
0.063336,0.679037,-0.060683,0.728845
0.063334,0.679040,-0.060681,0.728842
0.063332,0.679044,-0.060680,0.728839
0.063330,0.679047,-0.060678,0.728837
0.063328,0.679050,-0.060676,0.728834
0.063326,0.679054,-0.060675,0.728831
0.063324,0.679057,-0.060673,0.728828
0.063322,0.679060,-0.060671,0.728825
0.063320,0.679064,-0.060670,0.728823
0.063318,0.679067,-0.060668,0.728820
0.063316,0.679070,-0.060666,0.728817
0.063314,0.679073,-0.060665,0.728815
0.063312,0.679076,-0.060663,0.728812
0.063310,0.679080,-0.060661,0.728809
0.063308,0.679083,-0.060660,0.728807
0.063306,0.679086,-0.060658,0.728804
0.063305,0.679089,-0.060656,0.728801
0.063303,0.679092,-0.060655,0.728799
0.063301,0.679095,-0.060653,0.728796
0.063299,0.679098,-0.060652,0.728793
0.063297,0.679101,-0.060650,0.728791
0.063295,0.679105,-0.060648,0.728788
0.063294,0.679108,-0.060647,0.728786
0.063292,0.679111,-0.060645,0.728783
0.063290,0.679114,-0.060644,0.728781
0.063288,0.679117,-0.060642,0.728778
0.063286,0.679120,-0.060641,0.728776
0.063285,0.679123,-0.060639,0.728773
0.063283,0.679126,-0.060638,0.728771
0.063281,0.679128,-0.060636,0.728768
0.063279,0.679131,-0.060635,0.728766
0.063278,0.679134,-0.060633,0.728763
0.063276,0.679137,-0.060632,0.728761
0.063274,0.679140,-0.060630,0.728759
0.063273,0.679143,-0.060629,0.728756
0.063271,0.679146,-0.060627,0.728754
0.063269,0.679149,-0.060626,0.728752
0.063268,0.679151,-0.060624,0.728749
0.063266,0.679154,-0.060623,0.728747
0.063264,0.679157,-0.060622,0.728744
0.063263,0.679160,-0.060620,0.728742
0.063261,0.679162,-0.060619,0.728740
0.063259,0.679165,-0.060617,0.728738
0.063258,0.679168,-0.060616,0.728735
0.063256,0.679171,-0.060615,0.728733
0.063255,0.679173,-0.060613,0.728731
0.063253,0.679176,-0.060612,0.728729
0.063251,0.679179,-0.060610,0.728726
0.063250,0.679181,-0.060609,0.728724
0.063248,0.679184,-0.060608,0.728722
0.063247,0.679187,-0.060606,0.728720
0.063245,0.679189,-0.060605,0.728717
0.063244,0.679192,-0.060604,0.728715
0.063242,0.679194,-0.060602,0.728713
0.063241,0.679197,-0.060601,0.728711
0.063239,0.679199,-0.060600,0.728709
0.063238,0.679202,-0.060598,0.728707
0.063236,0.679205,-0.060597,0.728705
0.063235,0.679207,-0.060596,0.728702
0.063233,0.679210,-0.060595,0.728700
0.063232,0.679212,-0.060593,0.728698
0.063230,0.679215,-0.060592,0.728696
0.063229,0.679217,-0.060591,0.728694
0.063227,0.679219,-0.060589,0.728692
0.063226,0.679222,-0.060588,0.728690
0.063224,0.679224,-0.060587,0.728688
0.063223,0.679227,-0.060586,0.728686
0.063221,0.679229,-0.060584,0.728684
0.063220,0.679231,-0.060583,0.728682
0.063219,0.679234,-0.060582,0.728680
0.063217,0.679236,-0.060581,0.728678
0.063216,0.679239,-0.060580,0.728676
0.063214,0.679241,-0.060578,0.728674
0.063213,0.679243,-0.060577,0.728672
0.063212,0.679246,-0.060576,0.728670
0.063210,0.679248,-0.060575,0.728668
0.063209,0.679250,-0.060574,0.728666
0.063208,0.679252,-0.060573,0.728664
0.063206,0.679255,-0.060571,0.728663
0.063205,0.679257,-0.060570,0.728661
0.063204,0.679259,-0.060569,0.728659
0.063202,0.679261,-0.060568,0.728657
0.063201,0.679264,-0.060567,0.728655
0.063200,0.679266,-0.060566,0.728653
0.063198,0.679268,-0.060565,0.728651
0.063197,0.679270,-0.060563,0.728650
0.063196,0.679272,-0.060562,0.728648
0.063195,0.679275,-0.060561,0.728646
0.063193,0.679277,-0.060560,0.728644
0.063192,0.679279,-0.060559,0.728642
0.063191,0.679281,-0.060558,0.728641
0.063189,0.679283,-0.060557,0.728639
0.063188,0.679285,-0.060556,0.728637
0.063187,0.679287,-0.060555,0.728635
0.063186,0.679289,-0.060554,0.728634
0.063184,0.679291,-0.060552,0.728632
0.063183,0.679293,-0.060551,0.728630
0.063182,0.679295,-0.060550,0.728628
0.063181,0.679298,-0.060549,0.728627
0.063180,0.679300,-0.060548,0.728625
0.063178,0.679302,-0.060547,0.728623
0.063177,0.679304,-0.060546,0.728622
0.063176,0.679306,-0.060545,0.728620
0.063175,0.679308,-0.060544,0.728618
0.063174,0.679310,-0.060543,0.728617
0.063173,0.679311,-0.060542,0.728615
0.063171,0.679313,-0.060541,0.728613
0.063170,0.679315,-0.060540,0.728612
0.063169,0.679317,-0.060539,0.728610
0.063168,0.679319,-0.060538,0.728608
0.063167,0.679321,-0.060537,0.728607
0.063166,0.679323,-0.060536,0.728605
0.063165,0.679325,-0.060535,0.728604
0.063163,0.679327,-0.060534,0.728602
0.063162,0.679329,-0.060533,0.728601
0.063161,0.679331,-0.060532,0.728599
0.063160,0.679332,-0.060531,0.728597
0.063159,0.679334,-0.060530,0.728596
0.063158,0.679336,-0.060530,0.728594
0.063157,0.679338,-0.060529,0.728593
0.063156,0.679340,-0.060528,0.728591
0.063155,0.679342,-0.060527,0.728590
0.063154,0.679343,-0.060526,0.728588
0.063153,0.679345,-0.060525,0.728587
0.063152,0.679347,-0.060524,0.728585
0.063150,0.679349,-0.060523,0.728584
0.063149,0.679350,-0.060522,0.728582
0.063148,0.679352,-0.060521,0.728581
0.063147,0.679354,-0.060520,0.728579
0.063146,0.679356,-0.060519,0.728578
0.063145,0.679357,-0.060519,0.728577
0.063144,0.679359,-0.060518,0.728575
0.063143,0.679361,-0.060517,0.728574
0.063142,0.679362,-0.060516,0.728572
0.063141,0.679364,-0.060515,0.728571
0.063140,0.679366,-0.060514,0.728569
0.063139,0.679368,-0.060513,0.728568
0.063138,0.679369,-0.060513,0.728567
0.063137,0.679371,-0.060512,0.728565
0.063136,0.679372,-0.060511,0.728564
0.063135,0.679374,-0.060510,0.728562
0.063134,0.679376,-0.060509,0.728561
0.063133,0.679377,-0.060508,0.728560
0.063132,0.679379,-0.060508,0.728558
0.063132,0.679381,-0.060507,0.728557
0.063131,0.679382,-0.060506,0.728556
0.063130,0.679384,-0.060505,0.728554
0.063129,0.679385,-0.060504,0.728553
0.063128,0.679387,-0.060503,0.728552
0.063127,0.679388,-0.060503,0.728550
0.063126,0.679390,-0.060502,0.728549
0.063125,0.679392,-0.060501,0.728548
0.063124,0.679393,-0.060500,0.728547
0.063123,0.679395,-0.060500,0.728545
0.063122,0.679396,-0.060499,0.728544
0.063121,0.679398,-0.060498,0.728543
0.063121,0.679399,-0.060497,0.728542
0.063120,0.679401,-0.060496,0.728540
0.063119,0.679402,-0.060496,0.728539
0.063118,0.679404,-0.060495,0.728538
0.063117,0.679405,-0.060494,0.728537
0.063116,0.679406,-0.060493,0.728535
0.063115,0.679408,-0.060493,0.728534
0.063114,0.679409,-0.060492,0.728533
0.063114,0.679411,-0.060491,0.728532
0.063113,0.679412,-0.060490,0.728530
0.063112,0.679414,-0.060490,0.728529
0.063111,0.679415,-0.060489,0.728528
0.063110,0.679417,-0.060488,0.728527
0.063109,0.679418,-0.060488,0.728526
0.063109,0.679419,-0.060487,0.728525
0.063108,0.679421,-0.060486,0.728523
0.063107,0.679422,-0.060485,0.728522
0.063106,0.679423,-0.060485,0.728521
0.063105,0.679425,-0.060484,0.728520
0.063104,0.679426,-0.060483,0.728519
0.063104,0.679428,-0.060483,0.728518
0.063103,0.679429,-0.060482,0.728517
0.063102,0.679430,-0.060481,0.728515
0.063101,0.679432,-0.060481,0.728514
0.063100,0.679433,-0.060480,0.728513
0.063100,0.679434,-0.060479,0.728512
0.063099,0.679435,-0.060478,0.728511
0.063098,0.679437,-0.060478,0.728510
0.063097,0.679438,-0.060477,0.728509
0.063097,0.679439,-0.060476,0.728508
0.063096,0.679441,-0.060476,0.728507
0.063095,0.679442,-0.060475,0.728506
0.063094,0.679443,-0.060475,0.728505
0.063094,0.679444,-0.060474,0.728503
0.063093,0.679446,-0.060473,0.728502
0.063092,0.679447,-0.060473,0.728501
0.063091,0.679448,-0.060472,0.728500
0.063091,0.679449,-0.060471,0.728499
0.063090,0.679451,-0.060471,0.728498
0.063089,0.679452,-0.060470,0.728497
0.063088,0.679453,-0.060469,0.728496
0.063088,0.679454,-0.060469,0.728495
0.063087,0.679456,-0.060468,0.728494
0.063086,0.679457,-0.060468,0.728493
0.063086,0.679458,-0.060467,0.728492
0.063085,0.679459,-0.060466,0.728491
0.063084,0.679460,-0.060466,0.728490
0.063083,0.679461,-0.060465,0.728489
0.063083,0.679463,-0.060465,0.728488
0.063082,0.679464,-0.060464,0.728487
0.063081,0.679465,-0.060463,0.728486
0.063081,0.679466,-0.060463,0.728485
0.063080,0.679467,-0.060462,0.728484
0.063079,0.679468,-0.060462,0.728483
0.063079,0.679469,-0.060461,0.728483
0.063078,0.679471,-0.060460,0.728482
0.063077,0.679472,-0.060460,0.728481
0.063077,0.679473,-0.060459,0.728480
0.063076,0.679474,-0.060459,0.728479
0.063075,0.679475,-0.060458,0.728478
0.063075,0.679476,-0.060458,0.728477
0.063074,0.679477,-0.060457,0.728476
0.063073,0.679478,-0.060456,0.728475
0.063073,0.679479,-0.060456,0.728474
0.063072,0.679480,-0.060455,0.728473
0.063072,0.679482,-0.060455,0.728472
0.063071,0.679483,-0.060454,0.728472
0.063070,0.679484,-0.060454,0.728471
0.063070,0.679485,-0.060453,0.728470
0.063069,0.679486,-0.060453,0.728469
0.063068,0.679487,-0.060452,0.728468
0.063068,0.679488,-0.060452,0.728467
0.063067,0.679489,-0.060451,0.728466
0.063067,0.679490,-0.060451,0.728465
0.063066,0.679491,-0.060450,0.728465
0.063065,0.679492,-0.060450,0.728464
0.063065,0.679493,-0.060449,0.728463
0.063064,0.679494,-0.060448,0.728462
0.063064,0.679495,-0.060448,0.728461
0.063063,0.679496,-0.060447,0.728460
0.063062,0.679497,-0.060447,0.728460
0.063062,0.679498,-0.060446,0.728459
0.063061,0.679499,-0.060446,0.728458
0.063061,0.679500,-0.060445,0.728457
0.063060,0.679501,-0.060445,0.728456
0.063060,0.679502,-0.060444,0.728455
0.063059,0.679503,-0.060444,0.728455
0.063058,0.679504,-0.060443,0.728454
0.063058,0.679505,-0.060443,0.728453
0.063057,0.679505,-0.060443,0.728452
0.063057,0.679506,-0.060442,0.728452
0.063056,0.679507,-0.060442,0.728451
0.063056,0.679508,-0.060441,0.728450
0.063055,0.679509,-0.060441,0.728449
0.063055,0.679510,-0.060440,0.728448
0.063054,0.679511,-0.060440,0.728448
0.063053,0.679512,-0.060439,0.728447
0.063053,0.679513,-0.060439,0.728446
0.063052,0.679514,-0.060438,0.728445
0.063052,0.679515,-0.060438,0.728445
0.063051,0.679516,-0.060437,0.728444
0.063051,0.679516,-0.060437,0.728443
0.063050,0.679517,-0.060436,0.728442
0.063050,0.679518,-0.060436,0.728442
0.063049,0.679519,-0.060436,0.728441
0.063049,0.679520,-0.060435,0.728440
0.063048,0.679521,-0.060435,0.728440
0.063048,0.679522,-0.060434,0.728439
0.063047,0.679522,-0.060434,0.728438
0.063047,0.679523,-0.060433,0.728437
0.063046,0.679524,-0.060433,0.728437
0.063046,0.679525,-0.060433,0.728436
0.063045,0.679526,-0.060432,0.728435
0.063045,0.679527,-0.060432,0.728435
0.063044,0.679527,-0.060431,0.728434
0.063044,0.679528,-0.060431,0.728433
0.063043,0.679529,-0.060430,0.728433
0.063043,0.679530,-0.060430,0.728432
0.063042,0.679531,-0.060430,0.728431
0.063042,0.679531,-0.060429,0.728430
0.063041,0.679532,-0.060429,0.728430
0.063041,0.679533,-0.060428,0.728429
0.063040,0.679534,-0.060428,0.728428
0.063040,0.679535,-0.060428,0.728428
0.063040,0.679535,-0.060427,0.728427
0.063039,0.679536,-0.060427,0.728427
0.063039,0.679537,-0.060426,0.728426
0.063038,0.679538,-0.060426,0.728425
0.063038,0.679539,-0.060426,0.728425
0.063037,0.679539,-0.060425,0.728424
0.063037,0.679540,-0.060425,0.728423
0.063036,0.679541,-0.060424,0.728423
0.063036,0.679542,-0.060424,0.728422
0.063035,0.679542,-0.060424,0.728421
0.063035,0.679543,-0.060423,0.728421
0.063035,0.679544,-0.060423,0.728420
0.063034,0.679545,-0.060422,0.728420
0.063034,0.679545,-0.060422,0.728419
0.063033,0.679546,-0.060422,0.728418
0.063033,0.679547,-0.060421,0.728418
0.063032,0.679547,-0.060421,0.728417
0.063032,0.679548,-0.060421,0.728417
0.063032,0.679549,-0.060420,0.728416
0.063031,0.679550,-0.060420,0.728415
0.063031,0.679550,-0.060420,0.728415
0.063030,0.679551,-0.060419,0.728414
0.063030,0.679552,-0.060419,0.728414
0.063029,0.679552,-0.060418,0.728413
0.063029,0.679553,-0.060418,0.728412
0.063029,0.679554,-0.060418,0.728412
0.063028,0.679554,-0.060417,0.728411
0.063028,0.679555,-0.060417,0.728411
0.063027,0.679556,-0.060417,0.728410
0.063027,0.679556,-0.060416,0.728410
0.063027,0.679557,-0.060416,0.728409
0.063026,0.679558,-0.060416,0.728408
0.063026,0.679558,-0.060415,0.728408
0.063025,0.679559,-0.060415,0.728407
0.063025,0.679560,-0.060415,0.728407
0.063025,0.679560,-0.060414,0.728406
0.063024,0.679561,-0.060414,0.728406
0.063024,0.679562,-0.060414,0.728405
0.063024,0.679562,-0.060413,0.728405
0.063023,0.679563,-0.060413,0.728404
0.063023,0.679564,-0.060413,0.728404
0.063022,0.679564,-0.060412,0.728403
0.063022,0.679565,-0.060412,0.728403
0.063022,0.679565,-0.060412,0.728402
0.063021,0.679566,-0.060411,0.728402
0.063021,0.679567,-0.060411,0.728401
0.063021,0.679567,-0.060411,0.728400
0.063020,0.679568,-0.060410,0.728400
0.063020,0.679569,-0.060410,0.728399
0.063020,0.679569,-0.060410,0.728399
0.063019,0.679570,-0.060410,0.728398
0.063019,0.679570,-0.060409,0.728398
0.063018,0.679571,-0.060409,0.728397
0.063018,0.679571,-0.060409,0.728397
0.063018,0.679572,-0.060408,0.728396
0.063017,0.679573,-0.060408,0.728396
0.063017,0.679573,-0.060408,0.728395
0.063017,0.679574,-0.060407,0.728395
0.063016,0.679574,-0.060407,0.728394
0.063016,0.679575,-0.060407,0.728394
0.063016,0.679576,-0.060407,0.728394
0.063015,0.679576,-0.060406,0.728393
0.063015,0.679577,-0.060406,0.728393
0.063015,0.679577,-0.060406,0.728392
0.063014,0.679578,-0.060405,0.728392
0.063014,0.679578,-0.060405,0.728391
0.063014,0.679579,-0.060405,0.728391
0.063013,0.679579,-0.060405,0.728390
0.063013,0.679580,-0.060404,0.728390
0.063013,0.679581,-0.060404,0.728389
0.063012,0.679581,-0.060404,0.728389
0.063012,0.679582,-0.060403,0.728388
0.063012,0.679582,-0.060403,0.728388
0.063011,0.679583,-0.060403,0.728388
0.063011,0.679583,-0.060403,0.728387
0.063011,0.679584,-0.060402,0.728387
0.063011,0.679584,-0.060402,0.728386
0.063010,0.679585,-0.060402,0.728386
0.063010,0.679585,-0.060402,0.728385
0.063010,0.679586,-0.060401,0.728385
0.063009,0.679586,-0.060401,0.728384
0.063009,0.679587,-0.060401,0.728384
0.063009,0.679587,-0.060400,0.728384
0.063008,0.679588,-0.060400,0.728383
0.063008,0.679588,-0.060400,0.728383
0.063008,0.679589,-0.060400,0.728382
0.063007,0.679589,-0.060399,0.728382
0.063007,0.679590,-0.060399,0.728382
0.063007,0.679590,-0.060399,0.728381
0.063007,0.679591,-0.060399,0.728381
0.063006,0.679591,-0.060398,0.728380
0.063006,0.679592,-0.060398,0.728380
0.063006,0.679592,-0.060398,0.728379
0.063005,0.679593,-0.060398,0.728379
0.063005,0.679593,-0.060397,0.728379
0.063005,0.679594,-0.060397,0.728378
0.063005,0.679594,-0.060397,0.728378
0.063004,0.679595,-0.060397,0.728378
0.063004,0.679595,-0.060396,0.728377
0.063004,0.679596,-0.060396,0.728377
0.063003,0.679596,-0.060396,0.728376
0.063003,0.679597,-0.060396,0.728376
0.063003,0.679597,-0.060396,0.728376
0.063003,0.679597,-0.060395,0.728375
0.063002,0.679598,-0.060395,0.728375
0.063002,0.679598,-0.060395,0.728374
0.063002,0.679599,-0.060395,0.728374
0.063002,0.679599,-0.060394,0.728374
0.063001,0.679600,-0.060394,0.728373
0.063001,0.679600,-0.060394,0.728373
0.063001,0.679601,-0.060394,0.728373
0.063001,0.679601,-0.060393,0.728372
0.063000,0.679601,-0.060393,0.728372
0.063000,0.679602,-0.060393,0.728371
0.063000,0.679602,-0.060393,0.728371
0.063000,0.679603,-0.060393,0.728371
0.062999,0.679603,-0.060392,0.728370
0.062999,0.679604,-0.060392,0.728370
0.062999,0.679604,-0.060392,0.728370
0.062999,0.679604,-0.060392,0.728369
0.062998,0.679605,-0.060392,0.728369
0.062998,0.679605,-0.060391,0.728369
0.062998,0.679606,-0.060391,0.728368
0.062998,0.679606,-0.060391,0.728368
0.062997,0.679606,-0.060391,0.728368
0.062997,0.679607,-0.060390,0.728367
0.062997,0.679607,-0.060390,0.728367
0.062997,0.679608,-0.060390,0.728367
0.062996,0.679608,-0.060390,0.728366
0.062996,0.679608,-0.060390,0.728366
0.062996,0.679609,-0.060389,0.728366
0.062996,0.679609,-0.060389,0.728365
0.062995,0.679610,-0.060389,0.728365
0.062995,0.679610,-0.060389,0.728365
0.062995,0.679610,-0.060389,0.728364
0.062995,0.679611,-0.060388,0.728364
0.062995,0.679611,-0.060388,0.728364
0.062994,0.679612,-0.060388,0.728363
0.062994,0.679612,-0.060388,0.728363
0.062994,0.679612,-0.060388,0.728363
0.062994,0.679613,-0.060387,0.728362
0.062993,0.679613,-0.060387,0.728362
0.062993,0.679613,-0.060387,0.728362
0.062993,0.679614,-0.060387,0.728361
0.062993,0.679614,-0.060387,0.728361
0.062993,0.679614,-0.060387,0.728361
0.062992,0.679615,-0.060386,0.728361
0.062992,0.679615,-0.060386,0.728360
0.062992,0.679616,-0.060386,0.728360
0.062992,0.679616,-0.060386,0.728360
0.062991,0.679616,-0.060386,0.728359
0.062991,0.679617,-0.060385,0.728359
0.062991,0.679617,-0.060385,0.728359
0.062991,0.679617,-0.060385,0.728358
0.062991,0.679618,-0.060385,0.728358
0.062990,0.679618,-0.060385,0.728358
0.062990,0.679618,-0.060385,0.728358
0.062990,0.679619,-0.060384,0.728357
0.062990,0.679619,-0.060384,0.728357
0.062990,0.679619,-0.060384,0.728357
0.062989,0.679620,-0.060384,0.728356
0.062989,0.679620,-0.060384,0.728356
0.062989,0.679620,-0.060384,0.728356
0.062989,0.679621,-0.060383,0.728356
0.062989,0.679621,-0.060383,0.728355
0.062988,0.679621,-0.060383,0.728355
0.062988,0.679622,-0.060383,0.728355
0.062988,0.679622,-0.060383,0.728355
0.062988,0.679622,-0.060382,0.728354
0.062988,0.679623,-0.060382,0.728354
0.062987,0.679623,-0.060382,0.728354
0.062987,0.679623,-0.060382,0.728353
0.062987,0.679624,-0.060382,0.728353
0.062987,0.679624,-0.060382,0.728353
0.062987,0.679624,-0.060382,0.728353
0.062987,0.679625,-0.060381,0.728352
0.062986,0.679625,-0.060381,0.728352
0.062986,0.679625,-0.060381,0.728352
0.062986,0.679626,-0.060381,0.728352
0.062986,0.679626,-0.060381,0.728351
0.062986,0.679626,-0.060381,0.728351
0.062985,0.679626,-0.060380,0.728351
0.062985,0.679627,-0.060380,0.728351
0.062985,0.679627,-0.060380,0.728350
0.062985,0.679627,-0.060380,0.728350
0.062985,0.679628,-0.060380,0.728350
0.062985,0.679628,-0.060380,0.728350
0.062984,0.679628,-0.060380,0.728349
0.062984,0.679628,-0.060379,0.728349
0.062984,0.679629,-0.060379,0.728349
0.062984,0.679629,-0.060379,0.728349
0.062984,0.679629,-0.060379,0.728348
0.062984,0.679630,-0.060379,0.728348
0.062983,0.679630,-0.060379,0.728348
0.062983,0.679630,-0.060378,0.728348
0.062983,0.679630,-0.060378,0.728347
0.062983,0.679631,-0.060378,0.728347
0.062983,0.679631,-0.060378,0.728347
0.062983,0.679631,-0.060378,0.728347
0.062982,0.679632,-0.060378,0.728347
0.062982,0.679632,-0.060378,0.728346
0.062982,0.679632,-0.060377,0.728346
0.062982,0.679632,-0.060377,0.728346
0.062982,0.679633,-0.060377,0.728346
0.062982,0.679633,-0.060377,0.728345
0.062981,0.679633,-0.060377,0.728345
0.062981,0.679633,-0.060377,0.728345
0.062981,0.679634,-0.060377,0.728345
0.062981,0.679634,-0.060377,0.728345
0.062981,0.679634,-0.060376,0.728344
0.062981,0.679634,-0.060376,0.728344
0.062980,0.679635,-0.060376,0.728344
0.062980,0.679635,-0.060376,0.728344
0.062980,0.679635,-0.060376,0.728343
0.062980,0.679636,-0.060376,0.728343
0.062980,0.679636,-0.060376,0.728343
0.062980,0.679636,-0.060375,0.728343
0.062980,0.679636,-0.060375,0.728343
0.062979,0.679637,-0.060375,0.728342
0.062979,0.679637,-0.060375,0.728342
0.062979,0.679637,-0.060375,0.728342
0.062979,0.679637,-0.060375,0.728342
0.062979,0.679637,-0.060375,0.728342
0.062979,0.679638,-0.060375,0.728341
0.062979,0.679638,-0.060374,0.728341
0.062978,0.679638,-0.060374,0.728341
0.062978,0.679638,-0.060374,0.728341
0.062978,0.679639,-0.060374,0.728341
0.062978,0.679639,-0.060374,0.728340
0.062978,0.679639,-0.060374,0.728340
0.062978,0.679639,-0.060374,0.728340
0.062978,0.679640,-0.060374,0.728340
0.062977,0.679640,-0.060374,0.728340
0.062977,0.679640,-0.060373,0.728339
0.062977,0.679640,-0.060373,0.728339
0.062977,0.679641,-0.060373,0.728339
0.062977,0.679641,-0.060373,0.728339
0.062977,0.679641,-0.060373,0.728339
0.062977,0.679641,-0.060373,0.728338
0.062977,0.679641,-0.060373,0.728338
0.062976,0.679642,-0.060373,0.728338
0.062976,0.679642,-0.060372,0.728338
0.062976,0.679642,-0.060372,0.728338
0.062976,0.679642,-0.060372,0.728338
0.062976,0.679643,-0.060372,0.728337
0.062976,0.679643,-0.060372,0.728337
0.062976,0.679643,-0.060372,0.728337
0.062975,0.679643,-0.060372,0.728337
0.062975,0.679643,-0.060372,0.728337
0.062975,0.679644,-0.060372,0.728336
0.062975,0.679644,-0.060371,0.728336
0.062975,0.679644,-0.060371,0.728336
0.062975,0.679644,-0.060371,0.728336
0.062975,0.679644,-0.060371,0.728336
0.062975,0.679645,-0.060371,0.728336
0.062975,0.679645,-0.060371,0.728335
0.062974,0.679645,-0.060371,0.728335
0.062974,0.679645,-0.060371,0.728335
0.062974,0.679645,-0.060371,0.728335
0.062974,0.679646,-0.060371,0.728335
0.062974,0.679646,-0.060370,0.728335
0.062974,0.679646,-0.060370,0.728334
0.062974,0.679646,-0.060370,0.728334
0.062974,0.679646,-0.060370,0.728334
0.062973,0.679647,-0.060370,0.728334
0.062973,0.679647,-0.060370,0.728334
0.062973,0.679647,-0.060370,0.728334
0.062973,0.679647,-0.060370,0.728333
0.062973,0.679647,-0.060370,0.728333
0.062973,0.679648,-0.060370,0.728333
0.062973,0.679648,-0.060369,0.728333
0.062973,0.679648,-0.060369,0.728333
0.062973,0.679648,-0.060369,0.728333
0.062972,0.679648,-0.060369,0.728332
0.062972,0.679649,-0.060369,0.728332
0.062972,0.679649,-0.060369,0.728332
0.062972,0.679649,-0.060369,0.728332
0.062972,0.679649,-0.060369,0.728332
0.062891,0.679702,-0.060291,0.728296
0.062736,0.679802,-0.060143,0.728228
0.062516,0.679945,-0.059931,0.728131
0.062236,0.680127,-0.059663,0.728007
0.061902,0.680343,-0.059344,0.727860
0.061521,0.680590,-0.058978,0.727691
0.061096,0.680864,-0.058572,0.727503
0.060632,0.681163,-0.058128,0.727297
0.060133,0.681485,-0.057650,0.727075
0.059603,0.681826,-0.057142,0.726839
0.059043,0.682185,-0.056607,0.726590
0.058458,0.682560,-0.056048,0.726328
0.057850,0.682949,-0.055467,0.726056
0.057221,0.683351,-0.054866,0.725774
0.056572,0.683764,-0.054248,0.725482
0.055907,0.684186,-0.053613,0.725182
0.055226,0.684618,-0.052964,0.724875
0.054532,0.685057,-0.052302,0.724560
0.053825,0.685503,-0.051629,0.724240
0.053106,0.685955,-0.050945,0.723913
0.052378,0.686413,-0.050252,0.723581
0.051640,0.686875,-0.049550,0.723243
0.050893,0.687341,-0.048841,0.722901
0.050140,0.687811,-0.048125,0.722555
0.049379,0.688284,-0.047403,0.722205
0.048612,0.688759,-0.046676,0.721851
0.047840,0.689237,-0.045943,0.721494
0.047062,0.689717,-0.045207,0.721133
0.046280,0.690198,-0.044466,0.720769
0.045494,0.690680,-0.043722,0.720402
0.044703,0.691164,-0.042975,0.720033
0.043910,0.691648,-0.042224,0.719661
0.043113,0.692133,-0.041472,0.719287
0.042313,0.692618,-0.040717,0.718910
0.041511,0.693104,-0.039960,0.718531
0.040706,0.693589,-0.039201,0.718151
0.039900,0.694075,-0.038441,0.717768
0.039091,0.694560,-0.037679,0.717383
0.038280,0.695046,-0.036916,0.716996
0.037468,0.695530,-0.036152,0.716608
0.036654,0.696015,-0.035387,0.716217
0.035839,0.696499,-0.034622,0.715826
0.035022,0.696982,-0.033855,0.715432
0.034204,0.697465,-0.033088,0.715037
0.033385,0.697947,-0.032320,0.714640
0.032565,0.698428,-0.031552,0.714242
0.031745,0.698909,-0.030783,0.713843
0.030923,0.699388,-0.030014,0.713442
0.030100,0.699867,-0.029244,0.713039
0.029277,0.700345,-0.028475,0.712635
0.028453,0.700822,-0.027705,0.712230
0.027628,0.701298,-0.026935,0.711824
0.026802,0.701773,-0.026165,0.711416
0.025976,0.702246,-0.025394,0.711007
0.025149,0.702719,-0.024624,0.710596
0.024322,0.703191,-0.023854,0.710184
0.023494,0.703662,-0.023083,0.709771
0.022666,0.704132,-0.022313,0.709357
0.021837,0.704600,-0.021543,0.708941
0.021008,0.705068,-0.020773,0.708524
0.020178,0.705534,-0.020003,0.708106
0.019348,0.705999,-0.019232,0.707687
0.018518,0.706463,-0.018463,0.707266
-0.017687,-0.706926,0.017693,-0.706845
-0.016856,-0.707388,0.016923,-0.706422
-0.016024,-0.707849,0.016154,-0.705997
-0.015192,-0.708308,0.015384,-0.705572
-0.014360,-0.708767,0.014615,-0.705145
-0.013527,-0.709224,0.013846,-0.704718
-0.012694,-0.709680,0.013077,-0.704289
-0.011861,-0.710135,0.012308,-0.703858
-0.011027,-0.710588,0.011540,-0.703427
-0.010193,-0.711041,0.010772,-0.702994
-0.009359,-0.711492,0.010003,-0.702561
-0.008525,-0.711942,0.009236,-0.702126
-0.007690,-0.712391,0.008468,-0.701689
-0.006855,-0.712839,0.007700,-0.701252
-0.006019,-0.713285,0.006933,-0.700814
-0.005184,-0.713731,0.006166,-0.700374
-0.004348,-0.714175,0.005400,-0.699933
-0.003511,-0.714618,0.004633,-0.699491
-0.002675,-0.715059,0.003867,-0.699048
-0.001838,-0.715500,0.003101,-0.698604
-0.001001,-0.715939,0.002335,-0.698158
-0.000164,-0.716377,0.001569,-0.697711
0.000674,-0.716814,0.000804,-0.697263
0.001511,-0.717250,0.000039,-0.696814
0.002349,-0.717684,-0.000726,-0.696364
0.003188,-0.718118,-0.001490,-0.695913
0.004026,-0.718550,-0.002254,-0.695460
0.004865,-0.718981,-0.003018,-0.695006
0.005704,-0.719410,-0.003782,-0.694552
0.006543,-0.719839,-0.004545,-0.694096
0.007383,-0.720266,-0.005308,-0.693638
0.008222,-0.720692,-0.006071,-0.693180
0.009062,-0.721117,-0.006834,-0.692720
0.009902,-0.721541,-0.007596,-0.692260
0.010742,-0.721963,-0.008358,-0.691798
0.011583,-0.722384,-0.009120,-0.691335
0.012424,-0.722804,-0.009881,-0.690871
0.013265,-0.723223,-0.010642,-0.690405
0.014106,-0.723640,-0.011403,-0.689939
0.014947,-0.724057,-0.012164,-0.689471
0.015789,-0.724472,-0.012924,-0.689002
0.016631,-0.724886,-0.013684,-0.688532
0.017473,-0.725298,-0.014444,-0.688061
0.018315,-0.725710,-0.015203,-0.687589
0.019157,-0.726120,-0.015962,-0.687116
0.020000,-0.726529,-0.016721,-0.686641
0.020843,-0.726937,-0.017479,-0.686165
0.021686,-0.727344,-0.018237,-0.685688
0.022529,-0.727749,-0.018995,-0.685210
0.023372,-0.728153,-0.019752,-0.684731
0.024216,-0.728556,-0.020510,-0.684251
0.025059,-0.728958,-0.021266,-0.683769
0.025903,-0.729358,-0.022023,-0.683286
0.026747,-0.729758,-0.022779,-0.682803
0.027592,-0.730156,-0.023535,-0.682318
0.028436,-0.730553,-0.024290,-0.681831
0.029281,-0.730948,-0.025046,-0.681344
0.030126,-0.731343,-0.025800,-0.680856
0.030971,-0.731736,-0.026555,-0.680366
0.031816,-0.732128,-0.027309,-0.679875
0.032661,-0.732519,-0.028063,-0.679383
0.033506,-0.732908,-0.028817,-0.678890
0.034352,-0.733297,-0.029570,-0.678396
0.035198,-0.733684,-0.030322,-0.677901
0.036044,-0.734070,-0.031075,-0.677404
0.036890,-0.734455,-0.031827,-0.676907
0.037736,-0.734838,-0.032579,-0.676408
0.038582,-0.735220,-0.033330,-0.675908
0.039429,-0.735601,-0.034081,-0.675407
0.040276,-0.735981,-0.034832,-0.674905
0.041122,-0.736360,-0.035582,-0.674401
0.041969,-0.736737,-0.036332,-0.673897
0.042816,-0.737113,-0.037082,-0.673391
0.043664,-0.737488,-0.037831,-0.672884
0.044511,-0.737862,-0.038580,-0.672376
0.045359,-0.738234,-0.039329,-0.671867
0.046206,-0.738606,-0.040077,-0.671357
0.047054,-0.738976,-0.040825,-0.670846
0.047902,-0.739345,-0.041572,-0.670333
0.048750,-0.739712,-0.042319,-0.669820
0.049598,-0.740079,-0.043066,-0.669305
0.050446,-0.740444,-0.043812,-0.668789
0.051295,-0.740808,-0.044558,-0.668272
0.052143,-0.741171,-0.045304,-0.667754
0.052992,-0.741532,-0.046049,-0.667234
0.053841,-0.741892,-0.046793,-0.666714
0.054690,-0.742251,-0.047538,-0.666192
0.055539,-0.742609,-0.048282,-0.665669
0.056388,-0.742966,-0.049025,-0.665145
0.057237,-0.743321,-0.049769,-0.664620
0.058086,-0.743676,-0.050511,-0.664094
0.058936,-0.744029,-0.051254,-0.663567
0.059785,-0.744380,-0.051996,-0.663039
0.060635,-0.744731,-0.052737,-0.662509
0.061484,-0.745080,-0.053478,-0.661978
0.062334,-0.745428,-0.054219,-0.661446
0.063184,-0.745775,-0.054960,-0.660913
0.064034,-0.746121,-0.055700,-0.660379
0.064884,-0.746465,-0.056439,-0.659844
0.065734,-0.746808,-0.057178,-0.659308
0.066585,-0.747150,-0.057917,-0.658770
0.067435,-0.747491,-0.058655,-0.658232
0.068285,-0.747831,-0.059393,-0.657692
0.069136,-0.748169,-0.060131,-0.657151
0.069986,-0.748506,-0.060868,-0.656609
0.070837,-0.748842,-0.061604,-0.656066
0.071688,-0.749177,-0.062340,-0.655522
0.072538,-0.749510,-0.063076,-0.654976
0.073389,-0.749842,-0.063812,-0.654430
0.074240,-0.750174,-0.064546,-0.653882
0.075091,-0.750503,-0.065281,-0.653333
0.075942,-0.750832,-0.066015,-0.652784
0.076793,-0.751159,-0.066748,-0.652233
0.077644,-0.751485,-0.067482,-0.651680
0.078496,-0.751810,-0.068214,-0.651127
0.079347,-0.752134,-0.068947,-0.650573
0.080198,-0.752456,-0.069678,-0.650017
0.081050,-0.752778,-0.070410,-0.649461
0.081901,-0.753098,-0.071141,-0.648903
0.082753,-0.753417,-0.071871,-0.648344
0.083604,-0.753734,-0.072601,-0.647784
0.084456,-0.754050,-0.073331,-0.647223
0.085307,-0.754366,-0.074060,-0.646661
0.086159,-0.754680,-0.074788,-0.646098
0.087010,-0.754992,-0.075516,-0.645533
0.087862,-0.755304,-0.076244,-0.644968
0.088714,-0.755614,-0.076971,-0.644401
0.089566,-0.755923,-0.077698,-0.643833
0.090418,-0.756231,-0.078424,-0.643264
0.091269,-0.756538,-0.079150,-0.642694
0.092121,-0.756843,-0.079876,-0.642123
0.092973,-0.757147,-0.080601,-0.641551
0.093825,-0.757450,-0.081325,-0.640978
0.094677,-0.757752,-0.082049,-0.640403
0.095529,-0.758052,-0.082772,-0.639828
0.096381,-0.758352,-0.083495,-0.639251
0.097233,-0.758650,-0.084218,-0.638673
0.098085,-0.758947,-0.084940,-0.638095
0.098937,-0.759242,-0.085661,-0.637515
0.099789,-0.759537,-0.086382,-0.636934
0.100641,-0.759830,-0.087103,-0.636351
0.101493,-0.760122,-0.087823,-0.635768
0.102345,-0.760413,-0.088542,-0.635184
0.103197,-0.760702,-0.089261,-0.634598
0.104049,-0.760991,-0.089980,-0.634012
0.104901,-0.761278,-0.090698,-0.633424
0.105753,-0.761564,-0.091416,-0.632835
0.106605,-0.761848,-0.092133,-0.632245
0.107456,-0.762132,-0.092849,-0.631654
0.108308,-0.762414,-0.093565,-0.631062
0.109160,-0.762695,-0.094281,-0.630469
0.110012,-0.762975,-0.094996,-0.629875
0.110864,-0.763254,-0.095710,-0.629279
0.111716,-0.763531,-0.096424,-0.628683
0.112568,-0.763807,-0.097137,-0.628085
0.113420,-0.764082,-0.097850,-0.627487
0.114272,-0.764356,-0.098563,-0.626887
0.115123,-0.764628,-0.099275,-0.626286
0.115975,-0.764900,-0.099986,-0.625684
0.116827,-0.765170,-0.100697,-0.625081
0.117678,-0.765439,-0.101407,-0.624477
0.118530,-0.765706,-0.102117,-0.623872
0.119382,-0.765973,-0.102826,-0.623266
0.120233,-0.766238,-0.103535,-0.622658
0.121085,-0.766502,-0.104243,-0.622050
0.121936,-0.766765,-0.104951,-0.621440
0.122788,-0.767027,-0.105658,-0.620830
0.123639,-0.767287,-0.106364,-0.620218
0.124490,-0.767546,-0.107070,-0.619605
0.125342,-0.767804,-0.107776,-0.618991
0.126193,-0.768061,-0.108481,-0.618376
0.127044,-0.768317,-0.109185,-0.617760
0.127895,-0.768571,-0.109889,-0.617143
0.128746,-0.768824,-0.110592,-0.616525
0.129597,-0.769076,-0.111295,-0.615906
0.130448,-0.769327,-0.111997,-0.615286
0.131299,-0.769576,-0.112699,-0.614664
0.132150,-0.769825,-0.113400,-0.614042
0.133000,-0.770072,-0.114100,-0.613418
0.133851,-0.770318,-0.114800,-0.612793
0.134702,-0.770562,-0.115499,-0.612168
0.135552,-0.770806,-0.116198,-0.611541
0.136403,-0.771048,-0.116896,-0.610913
0.137253,-0.771289,-0.117594,-0.610284
0.138103,-0.771529,-0.118291,-0.609654
0.138953,-0.771767,-0.118987,-0.609023
0.139803,-0.772005,-0.119683,-0.608391
0.140653,-0.772241,-0.120379,-0.607758
0.141503,-0.772476,-0.121073,-0.607123
0.142353,-0.772710,-0.121767,-0.606488
0.143203,-0.772943,-0.122461,-0.605852
0.144052,-0.773174,-0.123154,-0.605214
0.144902,-0.773404,-0.123846,-0.604576
0.145751,-0.773633,-0.124538,-0.603936
0.146601,-0.773861,-0.125229,-0.603295
0.147450,-0.774087,-0.125920,-0.602654
0.148299,-0.774313,-0.126610,-0.602011
0.149148,-0.774537,-0.127300,-0.601367
0.149997,-0.774760,-0.127988,-0.600722
0.150846,-0.774982,-0.128677,-0.600076
0.151695,-0.775202,-0.129364,-0.599429
0.152543,-0.775422,-0.130051,-0.598781
0.153392,-0.775640,-0.130738,-0.598132
0.154240,-0.775857,-0.131423,-0.597482
0.155088,-0.776072,-0.132109,-0.596830
0.155936,-0.776287,-0.132793,-0.596178
0.156784,-0.776500,-0.133477,-0.595525
0.157632,-0.776712,-0.134161,-0.594870
0.158480,-0.776923,-0.134843,-0.594215
0.159327,-0.777133,-0.135525,-0.593559
0.160175,-0.777342,-0.136207,-0.592901
0.161022,-0.777549,-0.136888,-0.592242
0.161869,-0.777755,-0.137568,-0.591583
0.162716,-0.777960,-0.138248,-0.590922
0.163563,-0.778164,-0.138927,-0.590260
0.164410,-0.778366,-0.139605,-0.589598
0.165256,-0.778568,-0.140283,-0.588934
0.166103,-0.778768,-0.140960,-0.588269
0.166949,-0.778967,-0.141636,-0.587603
0.167795,-0.779165,-0.142312,-0.586936
0.168641,-0.779361,-0.142988,-0.586268
0.169487,-0.779557,-0.143662,-0.585599
0.170333,-0.779751,-0.144336,-0.584929
0.171179,-0.779944,-0.145009,-0.584258
0.172024,-0.780136,-0.145682,-0.583586
0.172869,-0.780326,-0.146354,-0.582913
0.173714,-0.780516,-0.147025,-0.582239
0.174559,-0.780704,-0.147696,-0.581564
0.175404,-0.780891,-0.148366,-0.580888
0.176248,-0.781077,-0.149035,-0.580210
0.177093,-0.781261,-0.149704,-0.579532
0.177937,-0.781445,-0.150372,-0.578853
0.178781,-0.781627,-0.151040,-0.578173
0.179625,-0.781808,-0.151706,-0.577491
0.180469,-0.781988,-0.152372,-0.576809
0.181312,-0.782167,-0.153038,-0.576125
0.182156,-0.782344,-0.153703,-0.575441
0.182999,-0.782521,-0.154367,-0.574756
0.183842,-0.782696,-0.155030,-0.574069
0.184684,-0.782870,-0.155693,-0.573382
0.185527,-0.783042,-0.156355,-0.572693
0.186369,-0.783214,-0.157016,-0.572004
0.187212,-0.783384,-0.157677,-0.571313
0.188054,-0.783554,-0.158337,-0.570622
0.188895,-0.783722,-0.158996,-0.569929
0.189737,-0.783888,-0.159655,-0.569235
0.190578,-0.784054,-0.160313,-0.568541
0.191420,-0.784219,-0.160970,-0.567845
0.192261,-0.784382,-0.161627,-0.567149
0.193101,-0.784544,-0.162283,-0.566451
0.193942,-0.784705,-0.162938,-0.565753
0.194782,-0.784865,-0.163593,-0.565053
0.195622,-0.785023,-0.164246,-0.564352
0.196462,-0.785181,-0.164900,-0.563651
0.197302,-0.785337,-0.165552,-0.562948
0.198142,-0.785492,-0.166204,-0.562244
0.198981,-0.785646,-0.166855,-0.561540
0.199820,-0.785798,-0.167505,-0.560834
0.200659,-0.785950,-0.168155,-0.560127
0.201497,-0.786100,-0.168804,-0.559420
0.202336,-0.786249,-0.169452,-0.558711
0.203174,-0.786397,-0.170100,-0.558002
0.204012,-0.786544,-0.170746,-0.557291
0.204850,-0.786690,-0.171392,-0.556579
0.205687,-0.786834,-0.172038,-0.555867
0.206524,-0.786977,-0.172682,-0.555153
0.207361,-0.787119,-0.173326,-0.554439
0.208198,-0.787260,-0.173970,-0.553723
0.209034,-0.787400,-0.174612,-0.553006
0.209871,-0.787539,-0.175254,-0.552289
0.210707,-0.787676,-0.175895,-0.551570
0.211542,-0.787812,-0.176535,-0.550851
0.212378,-0.787947,-0.177175,-0.550130
0.213213,-0.788081,-0.177814,-0.549409
0.214048,-0.788214,-0.178452,-0.548686
0.214883,-0.788346,-0.179089,-0.547963
0.215717,-0.788476,-0.179726,-0.547239
0.216552,-0.788605,-0.180362,-0.546513
0.217386,-0.788733,-0.180997,-0.545787
0.218219,-0.788860,-0.181632,-0.545059
0.219053,-0.788986,-0.182265,-0.544331
0.219886,-0.789111,-0.182898,-0.543602
0.220719,-0.789234,-0.183530,-0.542872
0.221551,-0.789356,-0.184162,-0.542140
0.222384,-0.789477,-0.184793,-0.541408
0.223216,-0.789597,-0.185423,-0.540675
0.224048,-0.789716,-0.186052,-0.539941
0.224879,-0.789834,-0.186680,-0.539206
0.225711,-0.789950,-0.187308,-0.538470
0.226541,-0.790065,-0.187935,-0.537733
0.227372,-0.790179,-0.188561,-0.536995
0.228203,-0.790292,-0.189186,-0.536256
0.229033,-0.790404,-0.189811,-0.535516
0.229862,-0.790515,-0.190435,-0.534775
0.230692,-0.790624,-0.191058,-0.534033
0.231521,-0.790733,-0.191681,-0.533290
0.232350,-0.790840,-0.192302,-0.532546
0.233179,-0.790946,-0.192923,-0.531802
0.234007,-0.791051,-0.193543,-0.531056
0.234835,-0.791154,-0.194162,-0.530309
0.235663,-0.791257,-0.194781,-0.529562
0.236490,-0.791358,-0.195399,-0.528813
0.237318,-0.791459,-0.196015,-0.528064
0.238144,-0.791558,-0.196632,-0.527313
0.238971,-0.791656,-0.197247,-0.526562
0.239797,-0.791753,-0.197862,-0.525810
0.240623,-0.791848,-0.198475,-0.525056
0.241449,-0.791943,-0.199088,-0.524302
0.242274,-0.792036,-0.199701,-0.523547
0.243099,-0.792129,-0.200312,-0.522791
0.243923,-0.792220,-0.200923,-0.522034
0.244748,-0.792310,-0.201533,-0.521276
0.245572,-0.792398,-0.202142,-0.520517
0.246395,-0.792486,-0.202750,-0.519757
0.247219,-0.792573,-0.203357,-0.518997
0.248042,-0.792658,-0.203964,-0.518235
0.248864,-0.792742,-0.204570,-0.517472
0.249687,-0.792825,-0.205175,-0.516709
0.250509,-0.792907,-0.205779,-0.515944
0.251330,-0.792988,-0.206383,-0.515179
0.252152,-0.793068,-0.206985,-0.514413
0.252973,-0.793146,-0.207587,-0.513645
0.253793,-0.793224,-0.208188,-0.512877
0.254614,-0.793300,-0.208789,-0.512108
0.255434,-0.793375,-0.209388,-0.511338
0.256253,-0.793449,-0.209986,-0.510567
0.257072,-0.793522,-0.210584,-0.509795
0.257891,-0.793594,-0.211181,-0.509022
0.258710,-0.793664,-0.211777,-0.508249
0.259528,-0.793734,-0.212373,-0.507474
0.260346,-0.793802,-0.212967,-0.506699
0.261163,-0.793869,-0.213561,-0.505922
0.261980,-0.793935,-0.214154,-0.505145
0.262797,-0.794000,-0.214746,-0.504366
0.263614,-0.794064,-0.215337,-0.503587
0.264430,-0.794127,-0.215927,-0.502807
0.265245,-0.794188,-0.216517,-0.502026
0.266061,-0.794249,-0.217105,-0.501244
0.266876,-0.794308,-0.217693,-0.500462
0.267690,-0.794366,-0.218280,-0.499678
0.268504,-0.794423,-0.218866,-0.498893
0.269318,-0.794479,-0.219451,-0.498108
0.270132,-0.794534,-0.220036,-0.497321
0.270945,-0.794588,-0.220620,-0.496534
0.271757,-0.794640,-0.221202,-0.495746
0.272570,-0.794692,-0.221784,-0.494957
0.273381,-0.794742,-0.222365,-0.494167
0.274193,-0.794792,-0.222945,-0.493376
0.275004,-0.794840,-0.223525,-0.492584
0.275815,-0.794887,-0.224103,-0.491792
0.276625,-0.794933,-0.224681,-0.490998
0.277435,-0.794977,-0.225258,-0.490204
0.278245,-0.795021,-0.225834,-0.489408
0.279054,-0.795064,-0.226409,-0.488612
0.279863,-0.795105,-0.226983,-0.487815
0.280671,-0.795145,-0.227556,-0.487017
0.281479,-0.795185,-0.228129,-0.486219
0.282286,-0.795223,-0.228701,-0.485419
0.283094,-0.795260,-0.229271,-0.484618
0.283900,-0.795296,-0.229841,-0.483817
0.284707,-0.795330,-0.230410,-0.483014
0.285513,-0.795364,-0.230978,-0.482211
0.286318,-0.795397,-0.231546,-0.481407
0.287123,-0.795428,-0.232112,-0.480602
0.287928,-0.795458,-0.232677,-0.479796
0.288732,-0.795488,-0.233242,-0.478990
0.289536,-0.795516,-0.233806,-0.478182
0.290339,-0.795543,-0.234369,-0.477374
0.291142,-0.795569,-0.234931,-0.476565
0.291945,-0.795594,-0.235492,-0.475755
0.292747,-0.795618,-0.236052,-0.474944
0.293549,-0.795640,-0.236611,-0.474132
0.294350,-0.795662,-0.237170,-0.473319
0.295151,-0.795682,-0.237727,-0.472505
0.295951,-0.795702,-0.238284,-0.471691
0.296751,-0.795720,-0.238840,-0.470876
0.297551,-0.795737,-0.239395,-0.470060
0.298350,-0.795753,-0.239949,-0.469243
0.299149,-0.795768,-0.240502,-0.468425
0.299947,-0.795782,-0.241054,-0.467606
0.300745,-0.795795,-0.241605,-0.466787
0.301542,-0.795807,-0.242156,-0.465966
0.302339,-0.795817,-0.242705,-0.465145
0.303135,-0.795827,-0.243254,-0.464323
0.303931,-0.795835,-0.243801,-0.463500
0.304727,-0.795843,-0.244348,-0.462677
0.305522,-0.795849,-0.244894,-0.461852
0.306317,-0.795854,-0.245439,-0.461027
0.307111,-0.795859,-0.245983,-0.460201
0.307905,-0.795862,-0.246526,-0.459373
0.308698,-0.795864,-0.247068,-0.458546
0.309491,-0.795865,-0.247609,-0.457717
0.310283,-0.795864,-0.248150,-0.456887
0.311075,-0.795863,-0.248689,-0.456057
0.311866,-0.795861,-0.249228,-0.455226
0.312657,-0.795858,-0.249765,-0.454394
0.313448,-0.795853,-0.250302,-0.453561
0.314238,-0.795848,-0.250837,-0.452727
0.315027,-0.795841,-0.251372,-0.451893
0.315816,-0.795833,-0.251906,-0.451058
0.316605,-0.795824,-0.252439,-0.450221
0.317393,-0.795815,-0.252971,-0.449385
0.318180,-0.795804,-0.253502,-0.448547
0.318968,-0.795792,-0.254032,-0.447708
0.319754,-0.795779,-0.254562,-0.446869
0.320540,-0.795765,-0.255090,-0.446029
0.321326,-0.795750,-0.255617,-0.445188
0.322111,-0.795733,-0.256143,-0.444346
0.322896,-0.795716,-0.256669,-0.443503
0.323680,-0.795698,-0.257193,-0.442660
0.324464,-0.795678,-0.257717,-0.441816
0.325247,-0.795658,-0.258240,-0.440971
0.326030,-0.795636,-0.258761,-0.440125
0.326812,-0.795614,-0.259282,-0.439278
0.327594,-0.795590,-0.259802,-0.438431
0.328375,-0.795565,-0.260321,-0.437583
0.329156,-0.795540,-0.260838,-0.436734
0.329936,-0.795513,-0.261355,-0.435884
0.330715,-0.795485,-0.261871,-0.435034
0.331495,-0.795456,-0.262386,-0.434182
0.332273,-0.795426,-0.262900,-0.433330
0.333051,-0.795395,-0.263413,-0.432477
0.333829,-0.795363,-0.263925,-0.431624
0.334606,-0.795330,-0.264437,-0.430769
0.335383,-0.795296,-0.264947,-0.429914
0.336159,-0.795261,-0.265456,-0.429058
0.336935,-0.795225,-0.265964,-0.428201
0.337710,-0.795187,-0.266472,-0.427343
0.338484,-0.795149,-0.266978,-0.426485
0.339258,-0.795110,-0.267483,-0.425626
0.340032,-0.795069,-0.267988,-0.424766
0.340805,-0.795028,-0.268491,-0.423905
0.341577,-0.794985,-0.268993,-0.423044
0.342349,-0.794942,-0.269495,-0.422182
0.343120,-0.794897,-0.269995,-0.421319
0.343891,-0.794852,-0.270495,-0.420455
0.344661,-0.794805,-0.270993,-0.419590
0.345431,-0.794757,-0.271491,-0.418725
0.346200,-0.794709,-0.271987,-0.417859
0.346969,-0.794659,-0.272483,-0.416992
0.347737,-0.794608,-0.272977,-0.416125
0.348505,-0.794556,-0.273471,-0.415257
0.349272,-0.794504,-0.273964,-0.414388
0.350038,-0.794450,-0.274455,-0.413518
0.350804,-0.794395,-0.274946,-0.412647
0.351570,-0.794339,-0.275435,-0.411776
0.352335,-0.794282,-0.275924,-0.410904
0.353099,-0.794224,-0.276412,-0.410031
0.353863,-0.794165,-0.276898,-0.409158
0.354626,-0.794105,-0.277384,-0.408283
0.355388,-0.794044,-0.277869,-0.407408
0.356151,-0.793982,-0.278352,-0.406533
0.356912,-0.793919,-0.278835,-0.405656
0.357673,-0.793855,-0.279316,-0.404779
0.358433,-0.793790,-0.279797,-0.403901
0.359193,-0.793724,-0.280277,-0.403022
0.359952,-0.793657,-0.280755,-0.402143
0.360711,-0.793589,-0.281233,-0.401263
0.361469,-0.793520,-0.281710,-0.400382
0.362227,-0.793450,-0.282185,-0.399500
0.362984,-0.793379,-0.282660,-0.398618
0.363740,-0.793307,-0.283133,-0.397735
0.364496,-0.793234,-0.283606,-0.396851
0.365251,-0.793159,-0.284077,-0.395967
0.366006,-0.793084,-0.284548,-0.395082
0.366760,-0.793008,-0.285017,-0.394196
0.367514,-0.792931,-0.285486,-0.393309
0.368266,-0.792853,-0.285953,-0.392422
0.369019,-0.792774,-0.286420,-0.391534
0.369771,-0.792694,-0.286885,-0.390645
0.370522,-0.792612,-0.287349,-0.389756
0.371272,-0.792530,-0.287813,-0.388866
0.372022,-0.792447,-0.288275,-0.387975
0.372772,-0.792363,-0.288736,-0.387083
0.373520,-0.792278,-0.289197,-0.386191
0.374269,-0.792192,-0.289656,-0.385298
0.375016,-0.792105,-0.290114,-0.384404
0.375763,-0.792017,-0.290571,-0.383510
0.376510,-0.791928,-0.291027,-0.382615
0.377255,-0.791838,-0.291482,-0.381719
0.378001,-0.791747,-0.291936,-0.380823
0.378745,-0.791655,-0.292389,-0.379926
0.379489,-0.791562,-0.292841,-0.379028
0.380232,-0.791468,-0.293292,-0.378129
0.380975,-0.791373,-0.293742,-0.377230
0.381717,-0.791277,-0.294191,-0.376330
0.382459,-0.791180,-0.294639,-0.375430
0.383200,-0.791082,-0.295086,-0.374529
0.383940,-0.790983,-0.295531,-0.373627
0.384680,-0.790883,-0.295976,-0.372724
0.385419,-0.790782,-0.296420,-0.371821
0.386157,-0.790681,-0.296862,-0.370917
0.386895,-0.790578,-0.297304,-0.370012
0.387632,-0.790474,-0.297744,-0.369107
0.388369,-0.790369,-0.298184,-0.368201
0.389105,-0.790264,-0.298622,-0.367295
0.389840,-0.790157,-0.299059,-0.366387
0.390575,-0.790050,-0.299495,-0.365479
0.391309,-0.789941,-0.299931,-0.364571
0.392042,-0.789832,-0.300365,-0.363662
0.392775,-0.789721,-0.300798,-0.362752
0.393507,-0.789610,-0.301230,-0.361841
0.394239,-0.789497,-0.301661,-0.360930
0.394970,-0.789384,-0.302091,-0.360018
0.395700,-0.789270,-0.302519,-0.359106
0.396430,-0.789154,-0.302947,-0.358193
0.397159,-0.789038,-0.303374,-0.357279
0.397887,-0.788921,-0.303799,-0.356364
0.398615,-0.788803,-0.304224,-0.355449
0.399342,-0.788684,-0.304647,-0.354534
0.400068,-0.788564,-0.305070,-0.353617
0.400794,-0.788443,-0.305491,-0.352700
0.401519,-0.788321,-0.305911,-0.351783
0.402244,-0.788198,-0.306330,-0.350864
0.402967,-0.788074,-0.306748,-0.349946
0.403690,-0.787949,-0.307165,-0.349026
0.404413,-0.787824,-0.307581,-0.348106
0.405135,-0.787697,-0.307996,-0.347185
0.405856,-0.787570,-0.308410,-0.346264
0.406576,-0.787441,-0.308822,-0.345342
0.407296,-0.787312,-0.309234,-0.344419
0.408016,-0.787181,-0.309645,-0.343496
0.408734,-0.787050,-0.310054,-0.342572
0.409452,-0.786918,-0.310462,-0.341647
0.410169,-0.786785,-0.310869,-0.340722
0.410886,-0.786650,-0.311276,-0.339797
0.411601,-0.786515,-0.311681,-0.338870
0.412317,-0.786379,-0.312085,-0.337943
0.413031,-0.786243,-0.312487,-0.337016
0.413745,-0.786105,-0.312889,-0.336088
0.414458,-0.785966,-0.313290,-0.335159
0.415171,-0.785826,-0.313689,-0.334229
0.415882,-0.785686,-0.314088,-0.333299
0.416594,-0.785544,-0.314485,-0.332369
0.417304,-0.785402,-0.314881,-0.331438
0.418014,-0.785259,-0.315277,-0.330506
0.418723,-0.785114,-0.315671,-0.329574
0.419431,-0.784969,-0.316064,-0.328641
0.420139,-0.784823,-0.316456,-0.327707
0.420846,-0.784676,-0.316846,-0.326773
0.421552,-0.784528,-0.317236,-0.325838
0.422258,-0.784379,-0.317624,-0.324903
0.422963,-0.784230,-0.318012,-0.323967
0.423667,-0.784079,-0.318398,-0.323031
0.424371,-0.783928,-0.318783,-0.322094
0.425074,-0.783775,-0.319167,-0.321156
0.425776,-0.783622,-0.319550,-0.320218
0.426477,-0.783468,-0.319932,-0.319279
0.427178,-0.783312,-0.320313,-0.318340
0.427878,-0.783156,-0.320693,-0.317400
0.428577,-0.782999,-0.321071,-0.316459
0.429276,-0.782842,-0.321449,-0.315518
0.429974,-0.782683,-0.321825,-0.314577
0.430671,-0.782523,-0.322200,-0.313635
0.431368,-0.782363,-0.322574,-0.312692
0.432064,-0.782201,-0.322947,-0.311748
0.432759,-0.782039,-0.323319,-0.310805
0.433453,-0.781876,-0.323690,-0.309860
0.434147,-0.781712,-0.324059,-0.308915
0.434840,-0.781547,-0.324427,-0.307970
0.435532,-0.781381,-0.324795,-0.307024
0.436224,-0.781214,-0.325161,-0.306077
0.436914,-0.781047,-0.325526,-0.305130
0.437605,-0.780878,-0.325890,-0.304182
0.438294,-0.780709,-0.326253,-0.303234
0.438983,-0.780539,-0.326614,-0.302285
0.439671,-0.780368,-0.326975,-0.301336
0.440358,-0.780196,-0.327334,-0.300386
0.441044,-0.780023,-0.327692,-0.299436
0.441730,-0.779849,-0.328049,-0.298485
0.442415,-0.779675,-0.328405,-0.297533
0.443100,-0.779499,-0.328760,-0.296581
0.443783,-0.779323,-0.329114,-0.295629
0.444466,-0.779146,-0.329466,-0.294676
0.445148,-0.778968,-0.329818,-0.293722
0.445829,-0.778789,-0.330168,-0.292768
0.446510,-0.778609,-0.330517,-0.291814
0.447190,-0.778428,-0.330865,-0.290858
0.447869,-0.778247,-0.331212,-0.289903
0.448548,-0.778064,-0.331558,-0.288947
0.449225,-0.777881,-0.331902,-0.287990
0.449902,-0.777697,-0.332246,-0.287033
0.450578,-0.777512,-0.332588,-0.286075
0.451254,-0.777327,-0.332929,-0.285117
0.451929,-0.777140,-0.333269,-0.284158
0.452603,-0.776952,-0.333608,-0.283199
0.453276,-0.776764,-0.333945,-0.282239
0.453948,-0.776575,-0.334282,-0.281279
0.454620,-0.776385,-0.334617,-0.280318
0.455291,-0.776194,-0.334951,-0.279357
0.455961,-0.776002,-0.335284,-0.278395
0.456631,-0.775810,-0.335616,-0.277433
0.457299,-0.775616,-0.335947,-0.276471
0.457967,-0.775422,-0.336276,-0.275507
0.458635,-0.775227,-0.336605,-0.274544
0.459301,-0.775031,-0.336932,-0.273580
0.459967,-0.774835,-0.337258,-0.272615
0.460632,-0.774637,-0.337583,-0.271650
0.461296,-0.774439,-0.337907,-0.270684
0.461959,-0.774239,-0.338229,-0.269718
0.462622,-0.774039,-0.338551,-0.268752
0.463284,-0.773839,-0.338871,-0.267785
0.463945,-0.773637,-0.339190,-0.266817
0.464605,-0.773434,-0.339508,-0.265849
0.465265,-0.773231,-0.339825,-0.264881
0.465923,-0.773027,-0.340140,-0.263912
0.466581,-0.772822,-0.340455,-0.262943
0.467239,-0.772616,-0.340768,-0.261973
0.467895,-0.772410,-0.341080,-0.261003
0.468551,-0.772202,-0.341391,-0.260032
0.469206,-0.771994,-0.341700,-0.259061
0.469860,-0.771785,-0.342009,-0.258089
0.470513,-0.771575,-0.342316,-0.257117
0.471166,-0.771364,-0.342623,-0.256144
0.471817,-0.771153,-0.342928,-0.255171
0.472468,-0.770941,-0.343231,-0.254198
0.473119,-0.770727,-0.343534,-0.253224
0.473768,-0.770514,-0.343835,-0.252250
0.474417,-0.770299,-0.344136,-0.251275
0.475064,-0.770083,-0.344435,-0.250300
0.475712,-0.769867,-0.344733,-0.249324
0.476358,-0.769650,-0.345029,-0.248348
0.477003,-0.769432,-0.345325,-0.247372
0.477648,-0.769213,-0.345619,-0.246395
0.478292,-0.768994,-0.345913,-0.245417
0.478935,-0.768774,-0.346205,-0.244440
0.479577,-0.768553,-0.346495,-0.243461
0.480219,-0.768331,-0.346785,-0.242483
0.480860,-0.768108,-0.347073,-0.241504
0.481499,-0.767885,-0.347361,-0.240524
0.482139,-0.767661,-0.347647,-0.239544
0.482777,-0.767436,-0.347932,-0.238564
0.483414,-0.767210,-0.348215,-0.237583
0.484051,-0.766983,-0.348498,-0.236602
0.484687,-0.766756,-0.348779,-0.235621
0.485322,-0.766528,-0.349059,-0.234639
0.485956,-0.766299,-0.349338,-0.233656
0.486590,-0.766069,-0.349616,-0.232673
0.487223,-0.765839,-0.349892,-0.231690
0.487854,-0.765608,-0.350167,-0.230707
0.488486,-0.765376,-0.350442,-0.229723
0.489116,-0.765143,-0.350714,-0.228738
0.489745,-0.764910,-0.350986,-0.227754
0.490374,-0.764675,-0.351257,-0.226768
0.491002,-0.764440,-0.351526,-0.225783
0.491629,-0.764204,-0.351794,-0.224797
0.492255,-0.763968,-0.352061,-0.223811
0.492880,-0.763731,-0.352327,-0.222824
0.493505,-0.763493,-0.352591,-0.221837
0.494128,-0.763254,-0.352854,-0.220850
0.494751,-0.763014,-0.353117,-0.219862
0.495373,-0.762774,-0.353377,-0.218873
0.495995,-0.762533,-0.353637,-0.217885
0.496615,-0.762291,-0.353896,-0.216896
0.497235,-0.762048,-0.354153,-0.215907
0.497853,-0.761805,-0.354409,-0.214917
0.498471,-0.761561,-0.354664,-0.213927
0.499088,-0.761316,-0.354917,-0.212936
0.499705,-0.761071,-0.355170,-0.211946
0.500320,-0.760824,-0.355421,-0.210954
0.500935,-0.760577,-0.355671,-0.209963
0.501549,-0.760330,-0.355920,-0.208971
0.502162,-0.760081,-0.356167,-0.207979
0.502774,-0.759832,-0.356414,-0.206986
0.503385,-0.759582,-0.356659,-0.205993
0.503995,-0.759331,-0.356903,-0.205000
0.504605,-0.759080,-0.357145,-0.204007
0.505214,-0.758828,-0.357387,-0.203013
0.505822,-0.758575,-0.357627,-0.202018
0.506429,-0.758321,-0.357866,-0.201024
0.507035,-0.758067,-0.358104,-0.200029
0.507641,-0.757812,-0.358341,-0.199033
0.508245,-0.757556,-0.358576,-0.198038
0.508849,-0.757300,-0.358810,-0.197042
0.509452,-0.757042,-0.359043,-0.196045
0.510054,-0.756785,-0.359275,-0.195049
0.510655,-0.756526,-0.359505,-0.194052
0.511255,-0.756267,-0.359735,-0.193054
0.511855,-0.756007,-0.359963,-0.192057
0.512453,-0.755746,-0.360189,-0.191059
0.513051,-0.755484,-0.360415,-0.190061
0.513648,-0.755222,-0.360639,-0.189062
0.514244,-0.754959,-0.360862,-0.188063
0.514839,-0.754696,-0.361084,-0.187064
0.515434,-0.754431,-0.361305,-0.186065
0.516027,-0.754166,-0.361525,-0.185065
0.516620,-0.753901,-0.361743,-0.184065
0.517212,-0.753634,-0.361960,-0.183064
0.517802,-0.753367,-0.362176,-0.182063
0.518393,-0.753100,-0.362390,-0.181062
0.518982,-0.752831,-0.362603,-0.180061
0.519570,-0.752562,-0.362815,-0.179059
0.520158,-0.752292,-0.363026,-0.178058
0.520744,-0.752022,-0.363236,-0.177055
0.521330,-0.751750,-0.363444,-0.176053
0.521915,-0.751479,-0.363651,-0.175050
0.522499,-0.751206,-0.363857,-0.174047
0.523082,-0.750933,-0.364062,-0.173044
0.523664,-0.750659,-0.364265,-0.172040
0.524246,-0.750384,-0.364468,-0.171036
0.524826,-0.750109,-0.364669,-0.170032
0.525406,-0.749833,-0.364868,-0.169027
0.525985,-0.749556,-0.365067,-0.168023
0.526563,-0.749279,-0.365264,-0.167018
0.527140,-0.749001,-0.365460,-0.166012
0.527716,-0.748722,-0.365655,-0.165007
0.528291,-0.748443,-0.365848,-0.164001
0.528866,-0.748163,-0.366041,-0.162995
0.529439,-0.747883,-0.366232,-0.161989
0.530012,-0.747601,-0.366421,-0.160982
0.530584,-0.747319,-0.366610,-0.159975
0.531155,-0.747037,-0.366797,-0.158968
0.531725,-0.746753,-0.366983,-0.157961
0.532294,-0.746470,-0.367168,-0.156953
0.532862,-0.746185,-0.367352,-0.155945
0.533429,-0.745900,-0.367534,-0.154937
0.533996,-0.745614,-0.367715,-0.153929
0.534561,-0.745327,-0.367895,-0.152920
0.535126,-0.745040,-0.368073,-0.151911
0.535690,-0.744752,-0.368251,-0.150902
0.536253,-0.744464,-0.368427,-0.149893
0.536815,-0.744175,-0.368602,-0.148883
0.537376,-0.743885,-0.368775,-0.147874
0.537936,-0.743595,-0.368948,-0.146864
0.538496,-0.743304,-0.369119,-0.145853
0.539054,-0.743012,-0.369289,-0.144843
0.539612,-0.742720,-0.369457,-0.143832
0.540169,-0.742427,-0.369625,-0.142821
0.540724,-0.742133,-0.369791,-0.141810
0.541279,-0.741839,-0.369955,-0.140799
0.541833,-0.741544,-0.370119,-0.139787
0.542387,-0.741249,-0.370281,-0.138775
0.542939,-0.740953,-0.370442,-0.137763
0.543490,-0.740656,-0.370602,-0.136751
0.544041,-0.740359,-0.370761,-0.135739
0.544590,-0.740061,-0.370918,-0.134726
0.545139,-0.739762,-0.371074,-0.133713
0.545686,-0.739463,-0.371229,-0.132700
0.546233,-0.739164,-0.371383,-0.131687
0.546779,-0.738863,-0.371535,-0.130674
0.547324,-0.738562,-0.371686,-0.129660
0.547868,-0.738261,-0.371836,-0.128646
0.548412,-0.737958,-0.371984,-0.127632
0.548954,-0.737656,-0.372131,-0.126618
0.549495,-0.737352,-0.372277,-0.125604
0.550036,-0.737048,-0.372422,-0.124589
0.550575,-0.736744,-0.372566,-0.123574
0.551114,-0.736438,-0.372708,-0.122559
0.551652,-0.736133,-0.372849,-0.121544
0.552189,-0.735826,-0.372988,-0.120529
0.552724,-0.735519,-0.373127,-0.119514
0.553260,-0.735212,-0.373264,-0.118498
0.553794,-0.734903,-0.373400,-0.117482
0.554327,-0.734595,-0.373535,-0.116466
0.554859,-0.734285,-0.373668,-0.115450
0.555390,-0.733975,-0.373800,-0.114434
0.555921,-0.733665,-0.373931,-0.113417
0.556450,-0.733354,-0.374061,-0.112401
0.556979,-0.733042,-0.374189,-0.111384
0.557507,-0.732730,-0.374316,-0.110367
0.558034,-0.732417,-0.374442,-0.109350
0.558559,-0.732104,-0.374566,-0.108333
0.559084,-0.731790,-0.374690,-0.107315
0.559608,-0.731475,-0.374812,-0.106298
0.560131,-0.731160,-0.374932,-0.105280
0.560654,-0.730844,-0.375052,-0.104262
0.561175,-0.730528,-0.375170,-0.103244
0.561695,-0.730211,-0.375287,-0.102226
0.562215,-0.729894,-0.375403,-0.101208
0.562733,-0.729576,-0.375517,-0.100190
0.563251,-0.729257,-0.375630,-0.099171
0.563767,-0.728938,-0.375742,-0.098152
0.564283,-0.728618,-0.375853,-0.097134
0.564798,-0.728298,-0.375962,-0.096115
0.565311,-0.727977,-0.376070,-0.095096
0.565824,-0.727656,-0.376177,-0.094077
0.566336,-0.727334,-0.376282,-0.093057
0.566847,-0.727012,-0.376386,-0.092038
0.567357,-0.726689,-0.376489,-0.091019
0.567867,-0.726365,-0.376591,-0.089999
0.568375,-0.726041,-0.376692,-0.088979
0.568882,-0.725717,-0.376791,-0.087959
0.569389,-0.725392,-0.376889,-0.086939
0.569894,-0.725066,-0.376985,-0.085919
0.570399,-0.724740,-0.377081,-0.084899
0.570902,-0.724413,-0.377175,-0.083879
0.571405,-0.724086,-0.377267,-0.082859
0.571906,-0.723758,-0.377359,-0.081838
0.572407,-0.723430,-0.377449,-0.080818
0.572907,-0.723101,-0.377538,-0.079797
0.573406,-0.722772,-0.377626,-0.078776
0.573904,-0.722442,-0.377712,-0.077756
0.574401,-0.722111,-0.377797,-0.076735
0.574897,-0.721780,-0.377881,-0.075714
0.575392,-0.721449,-0.377964,-0.074693
0.575886,-0.721117,-0.378045,-0.073671
0.576379,-0.720784,-0.378125,-0.072650
0.576872,-0.720451,-0.378204,-0.071629
0.577363,-0.720118,-0.378282,-0.070608
0.577853,-0.719784,-0.378358,-0.069586
0.578343,-0.719449,-0.378433,-0.068565
0.578831,-0.719114,-0.378506,-0.067543
0.579319,-0.718779,-0.378579,-0.066521
0.579805,-0.718442,-0.378650,-0.065500
0.580291,-0.718106,-0.378720,-0.064478
0.580776,-0.717769,-0.378788,-0.063456
0.581260,-0.717431,-0.378856,-0.062434
0.581742,-0.717093,-0.378922,-0.061412
0.582224,-0.716755,-0.378986,-0.060390
0.582705,-0.716416,-0.379050,-0.059368
0.583185,-0.716076,-0.379112,-0.058346
0.583664,-0.715736,-0.379173,-0.057324
0.584142,-0.715395,-0.379233,-0.056302
0.584619,-0.715054,-0.379291,-0.055280
0.585095,-0.714713,-0.379348,-0.054257
0.585571,-0.714371,-0.379404,-0.053235
0.586045,-0.714028,-0.379458,-0.052213
0.586518,-0.713685,-0.379511,-0.051190
0.586991,-0.713342,-0.379563,-0.050168
0.587462,-0.712998,-0.379614,-0.049146
0.587932,-0.712654,-0.379663,-0.048123
0.588402,-0.712309,-0.379712,-0.047101
0.588870,-0.711964,-0.379758,-0.046078
0.589338,-0.711618,-0.379804,-0.045056
0.589804,-0.711272,-0.379848,-0.044033
0.590270,-0.710925,-0.379891,-0.043011
0.590735,-0.710578,-0.379933,-0.041988
0.591198,-0.710230,-0.379973,-0.040966
0.591661,-0.709882,-0.380012,-0.039943
0.592123,-0.709533,-0.380050,-0.038920
0.592584,-0.709184,-0.380087,-0.037898
0.593044,-0.708835,-0.380122,-0.036875
0.593503,-0.708485,-0.380156,-0.035853
0.593960,-0.708134,-0.380189,-0.034830
0.594417,-0.707784,-0.380220,-0.033807
0.594873,-0.707432,-0.380250,-0.032785
0.595328,-0.707080,-0.380279,-0.031762
0.595783,-0.706728,-0.380307,-0.030740
0.596236,-0.706376,-0.380333,-0.029717
0.596688,-0.706023,-0.380358,-0.028694
0.597139,-0.705669,-0.380382,-0.027672
0.597589,-0.705315,-0.380405,-0.026649
0.598038,-0.704961,-0.380426,-0.025627
0.598487,-0.704606,-0.380446,-0.024604
0.598934,-0.704251,-0.380464,-0.023582
0.599380,-0.703895,-0.380482,-0.022559
0.599826,-0.703539,-0.380498,-0.021537
0.600270,-0.703182,-0.380512,-0.020515
0.600714,-0.702825,-0.380526,-0.019492
0.601156,-0.702468,-0.380538,-0.018470
0.601597,-0.702110,-0.380549,-0.017448
0.602038,-0.701752,-0.380559,-0.016426
0.602477,-0.701393,-0.380567,-0.015403
0.602916,-0.701034,-0.380574,-0.014381
0.603354,-0.700675,-0.380580,-0.013359
0.603790,-0.700315,-0.380585,-0.012337
0.604226,-0.699954,-0.380588,-0.011315
0.604661,-0.699594,-0.380590,-0.010293
0.605094,-0.699232,-0.380590,-0.009271
0.605527,-0.698871,-0.380590,-0.008249
0.605959,-0.698509,-0.380588,-0.007228
0.606390,-0.698146,-0.380585,-0.006206
0.606819,-0.697784,-0.380580,-0.005184
0.607248,-0.697421,-0.380575,-0.004163
0.607676,-0.697057,-0.380567,-0.003141
0.608103,-0.696693,-0.380559,-0.002120
0.608529,-0.696329,-0.380550,-0.001098
0.608954,-0.695964,-0.380539,-0.000077
0.609378,-0.695599,-0.380527,0.000944
0.609800,-0.695233,-0.380513,0.001965
0.610222,-0.694867,-0.380498,0.002987
0.610643,-0.694501,-0.380482,0.004008
0.611063,-0.694134,-0.380465,0.005028
0.611482,-0.693767,-0.380447,0.006049
0.611901,-0.693400,-0.380427,0.007070
0.612318,-0.693032,-0.380406,0.008091
0.612734,-0.692664,-0.380383,0.009111
0.613149,-0.692295,-0.380359,0.010132
0.613563,-0.691926,-0.380334,0.011152
0.613976,-0.691557,-0.380308,0.012172
0.614388,-0.691187,-0.380281,0.013193
0.614799,-0.690817,-0.380252,0.014213
0.615210,-0.690447,-0.380222,0.015233
0.615619,-0.690076,-0.380190,0.016252
0.616027,-0.689705,-0.380158,0.017272
0.616434,-0.689333,-0.380124,0.018292
0.616840,-0.688961,-0.380088,0.019311
0.617246,-0.688589,-0.380052,0.020331
0.617650,-0.688216,-0.380014,0.021350
0.618053,-0.687844,-0.379975,0.022369
0.618456,-0.687470,-0.379935,0.023388
0.618857,-0.687097,-0.379893,0.024407
0.619257,-0.686723,-0.379850,0.025426
0.619657,-0.686348,-0.379806,0.026445
0.620055,-0.685973,-0.379760,0.027463
0.620452,-0.685598,-0.379714,0.028481
0.620849,-0.685223,-0.379666,0.029500
0.621244,-0.684847,-0.379616,0.030518
0.621639,-0.684471,-0.379566,0.031536
0.622032,-0.684095,-0.379514,0.032554
0.622424,-0.683718,-0.379461,0.033571
0.622816,-0.683341,-0.379406,0.034589
0.623206,-0.682964,-0.379350,0.035606
0.623596,-0.682586,-0.379293,0.036624
0.623984,-0.682208,-0.379235,0.037641
0.624372,-0.681829,-0.379176,0.038658
0.624758,-0.681451,-0.379115,0.039674
0.625144,-0.681072,-0.379053,0.040691
0.625528,-0.680692,-0.378989,0.041708
0.625912,-0.680313,-0.378924,0.042724
0.626294,-0.679933,-0.378859,0.043740
0.626676,-0.679552,-0.378791,0.044756
0.627056,-0.679172,-0.378723,0.045772
0.627436,-0.678791,-0.378653,0.046787
0.627814,-0.678410,-0.378582,0.047803
0.628192,-0.678028,-0.378510,0.048818
0.628569,-0.677646,-0.378436,0.049833
0.628944,-0.677264,-0.378361,0.050848
0.629319,-0.676882,-0.378285,0.051863
0.629692,-0.676499,-0.378207,0.052878
0.630065,-0.676116,-0.378129,0.053892
0.630437,-0.675732,-0.378049,0.054906
0.630807,-0.675349,-0.377967,0.055920
0.631177,-0.674965,-0.377885,0.056934
0.631545,-0.674581,-0.377801,0.057948
0.631913,-0.674196,-0.377716,0.058961
0.632280,-0.673811,-0.377629,0.059974
0.632645,-0.673426,-0.377542,0.060987
0.633010,-0.673041,-0.377453,0.062000
0.633374,-0.672655,-0.377363,0.063013
0.633736,-0.672269,-0.377271,0.064025
0.634098,-0.671883,-0.377178,0.065037
0.634459,-0.671496,-0.377084,0.066049
0.634818,-0.671109,-0.376989,0.067061
0.635177,-0.670722,-0.376892,0.068072
0.635535,-0.670335,-0.376795,0.069084
