mag_x (uT),mag_y (uT),mag_z (uT)
27.657326,-0.008913,-16.629040
27.653216,-0.011132,-16.612231
27.654808,-0.001983,-16.611714
27.657089,-0.002877,-16.609087
27.680238,-0.002266,-16.613946
27.649048,-0.025479,-16.613029
27.672954,-0.015511,-16.588561
27.669524,-0.030237,-16.620048
27.685099,-0.040836,-16.611448
27.700868,-0.060987,-16.591401
27.684004,-0.065716,-16.595081
27.667657,-0.084001,-16.597021
27.673919,-0.101070,-16.571044
27.656625,-0.123449,-16.575446
27.670947,-0.125156,-16.576597
27.687982,-0.153966,-16.562155
27.686734,-0.171662,-16.556295
27.701510,-0.171912,-16.573048
27.695581,-0.211548,-16.532916
27.697922,-0.183854,-16.548715
27.718732,-0.222935,-16.532672
27.711344,-0.223660,-16.545879
27.716161,-0.257687,-16.523715
27.709153,-0.280154,-16.518412
27.715470,-0.289995,-16.523598
27.712229,-0.293872,-16.496687
27.716264,-0.323247,-16.499512
27.728871,-0.336902,-16.495309
27.738322,-0.369203,-16.475029
27.717973,-0.378896,-16.488923
27.733820,-0.405331,-16.457977
27.755248,-0.399843,-16.459247
27.736139,-0.449195,-16.466155
27.741491,-0.466251,-16.438689
27.751404,-0.472280,-16.437048
27.769302,-0.481338,-16.456112
27.765195,-0.508853,-16.425315
27.742839,-0.504405,-16.436626
27.764557,-0.545472,-16.417053
27.785645,-0.559153,-16.402651
27.756395,-0.557407,-16.403131
27.767851,-0.556310,-16.404456
27.754041,-0.600201,-16.415792
27.761142,-0.611078,-16.396379
27.769783,-0.625958,-16.376457
27.789187,-0.651016,-16.361911
27.795947,-0.666419,-16.385067
27.794082,-0.703568,-16.365700
27.795823,-0.708120,-16.367210
27.806400,-0.706850,-16.363913
27.795921,-0.727619,-16.356548
27.809927,-0.737054,-16.353345
27.798922,-0.765074,-16.339407
27.797358,-0.795044,-16.326784
27.809977,-0.810091,-16.337576
27.819552,-0.815437,-16.292633
27.810140,-0.838104,-16.319058
27.831373,-0.847539,-16.326100
27.837531,-0.862989,-16.300190
27.805069,-0.879853,-16.307130
27.829802,-0.896864,-16.284606
27.845325,-0.921539,-16.285833
27.828589,-0.926793,-16.262577
27.875635,-0.940794,-16.260418
27.853250,-0.977648,-16.256636
27.864863,-0.981951,-16.256475
27.853169,-0.991713,-16.235335
27.857647,-0.996047,-16.251632
27.854750,-1.019180,-16.241023
27.867977,-1.038305,-16.236629
27.866522,-1.052361,-16.208684
27.866868,-1.050377,-16.211030
27.880948,-1.073664,-16.192649
27.876987,-1.104281,-16.213952
27.882331,-1.125119,-16.203680
27.878307,-1.133072,-16.201202
27.880434,-1.134112,-16.189803
27.862470,-1.139219,-16.171766
27.877029,-1.147553,-16.166472
27.892284,-1.179233,-16.165692
27.894237,-1.204026,-16.160908
27.885896,-1.219586,-16.158584
27.911386,-1.232698,-16.164456
27.894566,-1.240374,-16.146221
27.908821,-1.248845,-16.148570
27.909432,-1.276772,-16.123611
27.906297,-1.277877,-16.114919
27.914094,-1.277573,-16.129728
27.903325,-1.312128,-16.109788
27.917573,-1.328353,-16.118889
27.934247,-1.332796,-16.114411
27.904893,-1.340504,-16.098049
27.921922,-1.349379,-16.089458
27.927955,-1.359296,-16.088281
27.923286,-1.396287,-16.076761
27.925160,-1.398432,-16.074922
27.937294,-1.414998,-16.071012
27.936398,-1.425116,-16.064472
27.923690,-1.452618,-16.057033
27.947979,-1.443128,-16.052685
27.937522,-1.477877,-16.045967
27.947246,-1.464247,-16.044336
27.956632,-1.495472,-16.041826
27.952631,-1.482921,-16.038148
27.973888,-1.508627,-16.054550
27.964732,-1.528948,-16.029414
27.958910,-1.513062,-16.018775
27.959536,-1.538387,-16.016450
27.963156,-1.569727,-16.016875
27.985207,-1.567877,-16.018782
27.967960,-1.586663,-15.999201
27.966896,-1.588177,-16.022577
27.967197,-1.591570,-15.992736
27.959668,-1.622375,-15.985929
27.975271,-1.636705,-15.971030
27.968122,-1.634773,-15.979190
27.972016,-1.661213,-15.963361
27.990578,-1.673439,-15.965836
27.969662,-1.672786,-15.974874
27.990518,-1.706563,-15.952507
28.011819,-1.696108,-15.948260
27.994483,-1.697564,-15.956459
28.004365,-1.708154,-15.933987
28.005179,-1.716225,-15.942224
28.001576,-1.742154,-15.927244
28.000782,-1.738845,-15.929806
28.020326,-1.744246,-15.919564
28.011438,-1.772813,-15.912055
28.006799,-1.769692,-15.910254
28.006723,-1.791839,-15.895816
28.013859,-1.809533,-15.920630
28.000902,-1.807771,-15.879405
28.006406,-1.811942,-15.888366
28.038318,-1.850654,-15.872943
28.029867,-1.847078,-15.883940
28.016425,-1.887982,-15.881192
28.011006,-1.848802,-15.865135
28.029770,-1.861868,-15.852326
28.035301,-1.873521,-15.849611
28.038901,-1.876995,-15.856852
28.036481,-1.912390,-15.845538
28.037864,-1.914017,-15.844027
28.044580,-1.925522,-15.858783
28.039779,-1.934809,-15.839186
28.062011,-1.931049,-15.842935
28.056649,-1.963857,-15.833683
28.037796,-1.974342,-15.826970
28.068798,-1.972984,-15.826809
28.045911,-1.973829,-15.818708
28.060716,-2.000549,-15.798821
28.056025,-2.000432,-15.800001
28.072086,-1.985803,-15.817171
28.051762,-2.028781,-15.809322
28.070355,-2.031779,-15.786825
28.051528,-2.052341,-15.786304
28.049338,-2.058634,-15.780685
28.071063,-2.052176,-15.783275
28.079337,-2.061407,-15.769661
28.059758,-2.079381,-15.784663
28.066113,-2.081226,-15.758210
28.075300,-2.092104,-15.761715
28.069559,-2.098324,-15.756062
28.076975,-2.104717,-15.769011
28.085957,-2.126284,-15.748058
28.089798,-2.123464,-15.739411
28.081061,-2.137151,-15.746927
28.065573,-2.132022,-15.746957
28.088416,-2.153979,-15.734634
28.087272,-2.168152,-15.728646
28.078545,-2.168552,-15.704857
28.074028,-2.182639,-15.719515
28.113508,-2.200359,-15.725632
28.086358,-2.172907,-15.707639
28.089505,-2.183316,-15.698835
28.105724,-2.230375,-15.712931
28.101021,-2.220931,-15.713093
28.088551,-2.240501,-15.673741
28.106919,-2.245006,-15.693686
28.119988,-2.228190,-15.684618
28.090936,-2.249711,-15.681817
28.098705,-2.253603,-15.691116
28.107816,-2.280209,-15.670393
28.092942,-2.278825,-15.650121
28.106092,-2.286171,-15.685853
28.127891,-2.290867,-15.654872
28.111613,-2.309486,-15.658433
28.131785,-2.329039,-15.673119
28.121347,-2.304210,-15.669311
28.097941,-2.327952,-15.644121
28.112361,-2.317675,-15.644696
28.118740,-2.343617,-15.660528
28.110142,-2.349579,-15.645005
28.109769,-2.362749,-15.611140
28.129819,-2.347334,-15.615646
28.124262,-2.387147,-15.620269
28.129465,-2.353860,-15.627969
28.116806,-2.371983,-15.628271
28.127310,-2.402267,-15.615106
28.126889,-2.404384,-15.605027
28.132561,-2.403588,-15.610714
28.146535,-2.420915,-15.599699
28.143258,-2.419583,-15.576337
28.130403,-2.438396,-15.570810
28.129412,-2.432355,-15.602176
28.133324,-2.430536,-15.589640
28.148182,-2.442798,-15.591470
28.145806,-2.459885,-15.581385
28.130839,-2.463374,-15.557016
28.135009,-2.490890,-15.569675
28.129998,-2.481770,-15.576375
28.147536,-2.488730,-15.555154
28.158089,-2.483524,-15.588844
28.152261,-2.498353,-15.549913
28.160562,-2.494034,-15.563177
28.163727,-2.493024,-15.555554
28.154029,-2.520220,-15.554245
28.158248,-2.520115,-15.545893
28.158680,-2.530572,-15.540042
28.167471,-2.540282,-15.528402
28.174510,-2.546743,-15.550202
28.168499,-2.545066,-15.528342
28.169888,-2.560496,-15.534567
28.165483,-2.564028,-15.528958
28.142841,-2.578160,-15.541368
28.164435,-2.562847,-15.525198
28.178420,-2.575384,-15.520231
28.170231,-2.576604,-15.499270
28.157833,-2.594947,-15.519954
28.160369,-2.599289,-15.524141
28.164495,-2.612755,-15.511988
28.169723,-2.616460,-15.490027
28.159765,-2.601760,-15.482782
28.171461,-2.627055,-15.479303
28.175279,-2.630108,-15.496312
28.183440,-2.624461,-15.488993
28.179376,-2.661380,-15.502637
28.185432,-2.637398,-15.495087
28.174147,-2.660285,-15.479852
28.173368,-2.642978,-15.465207
28.183550,-2.661859,-15.475894
28.174802,-2.667791,-15.479532
28.189856,-2.670479,-15.474737
28.186597,-2.699854,-15.457846
28.204674,-2.673376,-15.474361
28.189370,-2.689590,-15.473539
28.198897,-2.704396,-15.459128
28.162628,-2.702994,-15.448331
28.183965,-2.726184,-15.454971
28.199749,-2.712285,-15.444763
28.200493,-2.725881,-15.461683
28.190582,-2.730625,-15.425382
28.184746,-2.712706,-15.434872
28.185298,-2.740102,-15.436703
28.185993,-2.762237,-15.453017
28.197914,-2.754850,-15.415320
28.192243,-2.758954,-15.422964
28.209063,-2.763963,-15.430962
28.197751,-2.762074,-15.437524
28.211610,-2.771310,-15.424614
28.209138,-2.766876,-15.431957
28.210391,-2.786851,-15.427011
28.212152,-2.782738,-15.401165
28.224838,-2.778181,-15.443359
28.218663,-2.785971,-15.412527
28.198365,-2.792592,-15.412836
28.215958,-2.787632,-15.404065
28.215140,-2.813706,-15.373835
28.210829,-2.804280,-15.381385
28.193852,-2.823406,-15.388346
28.204292,-2.809936,-15.379852
28.217327,-2.824170,-15.392396
28.209391,-2.828290,-15.381458
28.220953,-2.832466,-15.369622
28.216669,-2.835473,-15.352708
28.219983,-2.837385,-15.376541
28.215191,-2.863454,-15.364349
28.227434,-2.845441,-15.363496
28.207219,-2.868019,-15.367076
28.220248,-2.880196,-15.356808
28.229499,-2.855326,-15.365770
28.226879,-2.878726,-15.371758
28.223585,-2.880806,-15.357770
28.223396,-2.872055,-15.344218
28.225302,-2.893075,-15.351419
28.214433,-2.902932,-15.349390
28.235791,-2.882794,-15.345731
28.245399,-2.896473,-15.338815
28.239056,-2.895226,-15.337300
28.214282,-2.926908,-15.344818
28.230404,-2.918840,-15.353395
28.228302,-2.915629,-15.334968
28.239433,-2.918764,-15.322726
28.228931,-2.938344,-15.341879
28.223101,-2.930959,-15.317811
28.237161,-2.932279,-15.329631
28.219465,-2.932529,-15.323368
28.242025,-2.946780,-15.336398
28.238291,-2.950444,-15.316644
28.253487,-2.958325,-15.306151
28.205442,-2.965979,-15.308822
28.242688,-2.954193,-15.304489
28.246468,-2.977253,-15.299407
28.235878,-2.971385,-15.306153
28.232353,-2.975426,-15.286097
28.234320,-2.954471,-15.308914
28.241993,-2.983628,-15.307032
28.249615,-2.983426,-15.301641
28.256536,-2.997085,-15.299479
28.241780,-2.993405,-15.311986
28.237550,-2.986905,-15.279358
28.244245,-2.992856,-15.289761
28.250402,-2.999732,-15.285893
28.253485,-2.991944,-15.293925
28.248153,-3.023429,-15.287057
28.252743,-3.020495,-15.268469
28.246376,-3.023848,-15.284458
28.237471,-3.016180,-15.287182
28.277620,-3.016215,-15.268140
28.251320,-3.039178,-15.284717
28.276442,-3.046191,-15.273163
28.241487,-3.042647,-15.277370
28.262064,-3.044350,-15.268436
28.253473,-3.040517,-15.254084
28.244696,-3.043751,-15.270168
28.259042,-3.056373,-15.253596
28.266784,-3.047790,-15.273100
28.269812,-3.064437,-15.253640
28.273272,-3.075696,-15.282582
28.252554,-3.069037,-15.246263
28.284495,-3.077686,-15.265569
28.258576,-3.084118,-15.251328
28.265935,-3.064872,-15.230110
28.268762,-3.078051,-15.243418
28.255042,-3.084876,-15.243058
28.250359,-3.114873,-15.241810
28.259902,-3.072474,-15.224123
28.246187,-3.113818,-15.238182
28.259140,-3.100494,-15.235492
28.281648,-3.093059,-15.256143
28.270823,-3.115463,-15.244063
28.281395,-3.113734,-15.235154
28.258195,-3.115363,-15.218242
28.277357,-3.119204,-15.223738
28.306241,-3.127887,-15.216461
28.291722,-3.113455,-15.231430
28.278849,-3.118924,-15.233646
28.264017,-3.133871,-15.229215
28.262263,-3.127126,-15.220692
28.273818,-3.138110,-15.213684
28.277311,-3.131651,-15.203160
28.283270,-3.125827,-15.217503
28.290029,-3.153773,-15.214966
28.273080,-3.161723,-15.201635
28.284008,-3.145259,-15.204904
28.278086,-3.167938,-15.184912
28.289651,-3.154201,-15.225643
28.284765,-3.144994,-15.205543
28.270042,-3.173365,-15.211451
28.282835,-3.163781,-15.189068
28.284956,-3.163607,-15.194232
28.285721,-3.196198,-15.207431
28.280618,-3.169324,-15.199632
28.265591,-3.178109,-15.200948
28.275044,-3.181745,-15.170277
28.296140,-3.190488,-15.204825
28.280039,-3.196389,-15.182610
28.299384,-3.189995,-15.183878
28.280112,-3.187640,-15.194636
28.276435,-3.195861,-15.190493
28.275687,-3.201061,-15.183650
28.303398,-3.197133,-15.178512
28.289450,-3.206408,-15.174328
28.295332,-3.197395,-15.185470
28.286266,-3.199657,-15.190387
28.297652,-3.213750,-15.157294
28.282787,-3.211189,-15.160819
28.301616,-3.212913,-15.183084
28.292725,-3.211725,-15.184451
28.275564,-3.216982,-15.180754
28.280004,-3.236109,-15.172931
28.315285,-3.230590,-15.168551
28.300143,-3.241742,-15.166068
28.290675,-3.239935,-15.168508
28.294501,-3.239040,-15.158755
28.289026,-3.222724,-15.153578
28.320120,-3.231236,-15.139964
28.289002,-3.242956,-15.139930
28.302825,-3.234322,-15.159697
28.290875,-3.245543,-15.145180
28.294035,-3.262631,-15.149326
28.311386,-3.247956,-15.144133
28.316508,-3.243137,-15.144681
28.303014,-3.263676,-15.135278
28.300664,-3.264239,-15.151152
28.301416,-3.263944,-15.128025
28.299613,-3.279021,-15.140194
28.290805,-3.264410,-15.130567
28.295168,-3.253798,-15.116195
28.305193,-3.267453,-15.123052
28.298606,-3.293679,-15.147876
28.313552,-3.297741,-15.134961
28.292906,-3.271493,-15.150577
28.296477,-3.292814,-15.138964
28.301811,-3.281425,-15.138383
28.303067,-3.297801,-15.133762
28.316618,-3.293107,-15.130423
28.301752,-3.306948,-15.115910
28.325567,-3.296472,-15.116033
28.308297,-3.301337,-15.113658
28.304516,-3.302586,-15.124949
28.305777,-3.292805,-15.121300
28.309029,-3.307113,-15.143693
28.316361,-3.295686,-15.127231
28.309584,-3.310146,-15.145613
28.305608,-3.303996,-15.122892
28.301316,-3.323314,-15.116881
28.318758,-3.311052,-15.093418
28.313176,-3.312928,-15.117432
28.314428,-3.310992,-15.109317
28.297125,-3.324084,-15.107418
28.310338,-3.316017,-15.099875
28.302370,-3.327075,-15.112839
28.307195,-3.332065,-15.102555
28.304393,-3.332266,-15.101880
28.305439,-3.329354,-15.097032
28.318801,-3.329662,-15.113995
28.306952,-3.344052,-15.093616
28.319305,-3.353070,-15.102255
28.298755,-3.368023,-15.104036
28.336021,-3.345429,-15.095631
28.321177,-3.336947,-15.090007
28.328615,-3.340046,-15.103392
28.309322,-3.339579,-15.108357
28.316904,-3.350371,-15.110682
28.323014,-3.365406,-15.087546
28.319971,-3.357071,-15.079941
28.316354,-3.366742,-15.089360
28.322791,-3.346490,-15.097398
28.326922,-3.380128,-15.087469
28.313965,-3.361838,-15.092224
28.333800,-3.366858,-15.074693
28.321414,-3.377335,-15.081676
28.330322,-3.351489,-15.071718
28.317510,-3.384433,-15.064351
28.335726,-3.376719,-15.084486
28.324889,-3.371060,-15.080080
28.329535,-3.386481,-15.086388
28.324011,-3.366732,-15.093504
28.331439,-3.394544,-15.072181
28.320585,-3.379788,-15.078498
28.331367,-3.369814,-15.062693
28.323637,-3.399800,-15.075100
28.302097,-3.386212,-15.073100
28.315636,-3.398396,-15.074559
28.321721,-3.375479,-15.049513
28.312922,-3.404431,-15.066085
28.315302,-3.411621,-15.071466
28.325961,-3.418840,-15.066079
28.312703,-3.394300,-15.060816
28.319044,-3.377698,-15.052616
28.339845,-3.408805,-15.058867
28.325637,-3.396946,-15.047704
28.306354,-3.399365,-15.062085
28.335526,-3.399746,-15.048987
28.315861,-3.413500,-15.073164
28.328715,-3.422451,-15.068652
28.301668,-3.414871,-15.065787
28.335361,-3.409188,-15.048391
28.312722,-3.412325,-15.068865
28.342637,-3.417641,-15.074692
28.325839,-3.414508,-15.060399
28.365430,-3.412921,-15.037244
28.322097,-3.423229,-15.062523
28.320336,-3.423523,-15.070647
28.333618,-3.424228,-15.047170
28.328340,-3.437584,-15.051511
28.340844,-3.443464,-15.037594
28.343301,-3.432297,-15.045163
28.322515,-3.430079,-15.033725
28.327852,-3.447373,-15.034720
28.344794,-3.424288,-15.052957
28.333284,-3.442457,-15.034355
28.335342,-3.429830,-15.020345
28.325295,-3.431655,-15.046435
28.347890,-3.452861,-15.055210
28.351230,-3.451698,-15.030316
28.332601,-3.435390,-15.021148
28.338481,-3.437179,-15.027632
28.349742,-3.425963,-15.037486
28.340833,-3.465097,-15.028363
28.337339,-3.421477,-15.034104
28.338209,-3.439202,-15.031395
28.334259,-3.444739,-15.022945
28.330891,-3.456018,-15.043156
28.326839,-3.454925,-15.023957
28.346110,-3.461292,-15.029265
28.329752,-3.446175,-15.024085
28.349172,-3.467127,-15.045590
28.361069,-3.458717,-15.006278
28.319155,-3.453483,-15.014691
28.337408,-3.482444,-15.016900
28.359284,-3.471899,-15.029436
28.341917,-3.474636,-15.022653
28.340521,-3.467763,-15.034346
28.349981,-3.463505,-15.000253
28.320287,-3.484356,-15.030548
28.346256,-3.480795,-15.033208
28.354679,-3.481814,-15.019673
28.350789,-3.476884,-15.020861
28.343762,-3.465031,-15.006473
28.339541,-3.477446,-15.017443
28.337475,-3.471670,-14.994411
28.348237,-3.462722,-15.002392
28.350653,-3.486448,-15.006553
28.347582,-3.486937,-15.036935
28.348527,-3.480637,-15.007320
28.354078,-3.491623,-15.001696
28.357165,-3.492961,-15.008773
28.358239,-3.482308,-15.011099
28.335715,-3.482283,-15.018739
28.329698,-3.488820,-15.004979
28.348278,-3.486772,-15.015122
28.353117,-3.487681,-15.004825
28.334243,-3.491894,-15.025223
28.334759,-3.495446,-14.998342
28.331496,-3.488981,-15.005244
28.353568,-3.496505,-14.996506
28.355384,-3.515450,-15.024140
28.356354,-3.515065,-15.001733
28.350585,-3.525118,-14.999455
28.334593,-3.509998,-15.003015
28.363979,-3.514687,-15.012507
28.353522,-3.509316,-14.995958
28.337459,-3.499804,-15.001979
28.360592,-3.498075,-14.995022
28.360441,-3.502551,-14.979974
28.357737,-3.504539,-14.981869
28.336202,-3.497607,-15.000949
28.350043,-3.506906,-15.007054
28.365405,-3.512829,-14.987088
28.355915,-3.506113,-15.010842
28.344780,-3.542376,-14.996123
28.347560,-3.513481,-14.983994
28.342425,-3.518585,-14.991345
28.361935,-3.510092,-14.981648
28.363310,-3.520202,-15.003323
28.352997,-3.519192,-15.015159
28.357219,-3.532510,-14.986765
28.355616,-3.526141,-14.976921
28.351440,-3.516192,-14.969417
28.371536,-3.533054,-15.003197
28.344508,-3.544068,-14.978786
28.359411,-3.531651,-14.991690
28.350171,-3.531990,-14.991519
28.357125,-3.541853,-14.993994
28.365689,-3.519755,-14.986672
28.345935,-3.558871,-14.977233
28.347652,-3.532863,-14.977680
28.348503,-3.533307,-14.998553
28.344461,-3.533857,-14.987513
28.346906,-3.540783,-14.977642
28.357541,-3.539043,-14.988461
28.350156,-3.537891,-14.961780
28.366936,-3.553779,-14.965267
28.363119,-3.535097,-14.981134
28.338555,-3.546770,-14.984827
28.353587,-3.553173,-14.996017
28.347711,-3.551743,-14.975291
28.363644,-3.540723,-14.974439
28.358787,-3.547905,-15.003572
28.348523,-3.540518,-14.981321
28.343383,-3.540391,-14.984321
28.362847,-3.552629,-14.978412
28.351526,-3.545072,-14.973836
28.353468,-3.557541,-14.973511
28.350191,-3.551400,-14.954785
28.337668,-3.546369,-14.980140
28.349951,-3.540611,-14.983996
28.362431,-3.544016,-14.965384
28.366699,-3.537323,-14.974979
28.366971,-3.566862,-14.974800
28.373866,-3.561665,-14.975925
28.351011,-3.569852,-14.980105
28.365660,-3.563943,-14.986460
28.350426,-3.555607,-14.961205
28.367984,-3.566503,-14.962656
28.362770,-3.556274,-14.968281
28.366236,-3.576176,-14.977975
28.354240,-3.570183,-14.964783
28.337445,-3.562369,-14.957394
28.340518,-3.564607,-14.956041
28.360499,-3.571439,-14.967093
28.366882,-3.564902,-14.954710
28.368411,-3.549945,-14.970756
28.349916,-3.571226,-14.949938
28.366938,-3.584402,-14.965794
28.358432,-3.571973,-14.952697
28.356086,-3.583428,-14.959350
28.360141,-3.563811,-14.959785
28.361219,-3.573553,-14.938272
28.357246,-3.565784,-14.960422
28.347341,-3.589885,-14.949405
28.352800,-3.571540,-14.955297
28.340259,-3.579343,-14.944901
28.371292,-3.574609,-14.953318
28.348001,-3.564858,-14.944788
28.362693,-3.578078,-14.956160
28.350155,-3.569924,-14.957174
28.367120,-3.583950,-14.954209
28.370864,-3.574298,-14.951533
28.377887,-3.578137,-14.939501
28.352181,-3.576275,-14.951038
28.364668,-3.583829,-14.956769
28.369518,-3.590312,-14.946247
28.354927,-3.598387,-14.951026
28.354242,-3.582166,-14.965388
28.359904,-3.565390,-14.944792
28.375591,-3.588543,-14.962333
28.350024,-3.604991,-14.941907
28.365497,-3.600517,-14.951963
28.352093,-3.572625,-14.961095
28.359521,-3.600408,-14.955089
28.369227,-3.588346,-14.955932
28.356567,-3.585478,-14.961252
28.355843,-3.590232,-14.934805
28.338592,-3.589578,-14.936580
28.353381,-3.603178,-14.955135
28.349248,-3.583507,-14.936777
28.364080,-3.577242,-14.918806
28.366282,-3.611152,-14.963698
28.371375,-3.605158,-14.924319
28.370470,-3.599333,-14.957367
28.369582,-3.589993,-14.936949
28.350537,-3.614151,-14.952292
28.384235,-3.609819,-14.942720
28.363484,-3.608184,-14.949013
28.360479,-3.595339,-14.938167
28.358167,-3.610393,-14.945574
28.369402,-3.600110,-14.937946
28.362284,-3.622472,-14.942946
28.363269,-3.608158,-14.936061
28.371834,-3.603746,-14.930170
28.381174,-3.600952,-14.936469
28.345637,-3.587249,-14.931383
28.379703,-3.574954,-14.934377
28.369915,-3.605010,-14.952391
28.369051,-3.600946,-14.929926
28.368821,-3.616526,-14.939784
28.361562,-3.608769,-14.942366
28.371821,-3.614290,-14.940926
28.355665,-3.592639,-14.936629
28.366830,-3.609941,-14.937976
28.384521,-3.612205,-14.939178
28.340650,-3.609909,-14.932801
28.364881,-3.609226,-14.905079
28.359910,-3.603284,-14.931956
28.359203,-3.599457,-14.936200
28.367941,-3.606190,-14.927415
28.360176,-3.608903,-14.924768
28.351415,-3.590053,-14.913792
28.361095,-3.615339,-14.921570
28.373905,-3.606662,-14.941749
28.358511,-3.614732,-14.917333
28.359872,-3.617608,-14.935292
28.366890,-3.606849,-14.920415
28.370666,-3.616104,-14.920273
28.359787,-3.606626,-14.932129
28.387819,-3.604624,-14.933347
28.368162,-3.619869,-14.910509
28.380683,-3.638050,-14.934486
28.373246,-3.623402,-14.916462
28.348958,-3.626113,-14.934869
28.360887,-3.624122,-14.912857
28.375557,-3.619876,-14.931401
28.377734,-3.618640,-14.907008
28.361696,-3.629699,-14.913234
28.386485,-3.628839,-14.901796
28.380592,-3.633657,-14.919939
28.383081,-3.617924,-14.917377
28.371130,-3.627325,-14.931020
28.374296,-3.632777,-14.928928
28.368886,-3.643717,-14.924767
28.362637,-3.636788,-14.928513
28.378738,-3.617545,-14.926118
28.380519,-3.623581,-14.937496
28.369269,-3.636185,-14.917598
28.368392,-3.640977,-14.920287
28.367632,-3.641618,-14.922031
28.358065,-3.642771,-14.918960
28.374796,-3.632354,-14.922639
28.377197,-3.622821,-14.923436
28.359200,-3.631836,-14.934166
28.375914,-3.628242,-14.943216
28.366184,-3.624538,-14.921689
28.369866,-3.625414,-14.937043
28.374644,-3.646169,-14.934167
28.384898,-3.634437,-14.925735
28.368032,-3.608114,-14.924237
28.350141,-3.645165,-14.933382
28.373568,-3.634830,-14.922134
28.375643,-3.630416,-14.930674
28.373413,-3.641217,-14.917726
28.366528,-3.634156,-14.938152
28.375146,-3.646317,-14.912448
28.377274,-3.660043,-14.917266
28.357681,-3.657140,-14.927850
28.391913,-3.636210,-14.914277
28.384659,-3.632251,-14.934142
28.379764,-3.639214,-14.922893
28.365082,-3.644490,-14.919910
28.361939,-3.634089,-14.929933
28.379432,-3.651512,-14.922434
28.362648,-3.636987,-14.903173
28.359704,-3.644406,-14.908598
28.359998,-3.627935,-14.919294
28.373015,-3.639941,-14.904121
28.373229,-3.658170,-14.912053
28.377365,-3.645799,-14.902244
28.391126,-3.639328,-14.913449
28.388686,-3.652079,-14.909406
28.400296,-3.657882,-14.913768
28.386381,-3.634850,-14.909253
28.373812,-3.636687,-14.896647
28.380653,-3.654615,-14.905605
28.381978,-3.661417,-14.910361
28.379323,-3.661047,-14.913032
28.374993,-3.642931,-14.894432
28.384346,-3.650940,-14.908767
28.392198,-3.658004,-14.899821
28.391106,-3.652921,-14.920882
28.373843,-3.644695,-14.908509
28.373524,-3.665413,-14.901570
28.381850,-3.648286,-14.913374
28.387485,-3.651349,-14.919080
28.373914,-3.636231,-14.931052
28.351715,-3.658665,-14.910659
28.380993,-3.653206,-14.920380
28.380797,-3.639301,-14.899361
28.389845,-3.645627,-14.899223
28.363385,-3.665036,-14.881971
28.393000,-3.659761,-14.914073
28.368909,-3.670806,-14.904602
28.378713,-3.656739,-14.920683
28.381570,-3.648947,-14.909599
28.375302,-3.651715,-14.893064
28.392387,-3.654770,-14.907643
28.365984,-3.655600,-14.908920
28.365267,-3.659239,-14.922403
28.382533,-3.664714,-14.905838
28.370059,-3.672801,-14.915913
28.382819,-3.659588,-14.905549
28.377333,-3.670718,-14.907906
28.350183,-3.663207,-14.909997
28.383197,-3.652256,-14.902300
28.379517,-3.664447,-14.897544
28.382118,-3.656822,-14.892957
28.371852,-3.644619,-14.894049
28.374411,-3.666098,-14.917119
28.388284,-3.675837,-14.903417
28.393462,-3.679060,-14.909050
28.365256,-3.667387,-14.903351
28.384015,-3.657018,-14.892775
28.375333,-3.672855,-14.893650
28.382008,-3.668665,-14.901815
28.372860,-3.670153,-14.893453
28.352310,-3.645521,-14.894182
28.372324,-3.650267,-14.932094
28.392612,-3.681157,-14.907097
28.377903,-3.659859,-14.897185
28.388802,-3.663740,-14.904625
28.387781,-3.684497,-14.898693
28.399229,-3.658124,-14.905455
28.376374,-3.651127,-14.888878
28.378408,-3.667347,-14.919786
28.370759,-3.675103,-14.880536
28.381083,-3.663556,-14.902196
28.378883,-3.670969,-14.884441
28.381405,-3.665635,-14.898299
28.394946,-3.663375,-14.903219
28.377272,-3.668383,-14.908748
28.379182,-3.679760,-14.915690
28.381168,-3.678210,-14.897524
28.374785,-3.657736,-14.907289
28.373184,-3.669952,-14.898345
28.368197,-3.672704,-14.901212
28.361553,-3.668005,-14.872220
28.406793,-3.684138,-14.896793
28.378181,-3.679160,-14.894474
28.381673,-3.691195,-14.886639
28.386550,-3.671267,-14.907059
28.397716,-3.669725,-14.916498
28.398922,-3.679739,-14.905854
28.376929,-3.681232,-14.894663
28.375588,-3.678302,-14.892756
28.352475,-3.665413,-14.906067
28.372724,-3.667463,-14.913763
28.386417,-3.678884,-14.901929
28.383802,-3.671822,-14.894824
28.381527,-3.670108,-14.902866
28.384534,-3.677804,-14.893826
28.379797,-3.676861,-14.893838
28.372560,-3.687923,-14.887929
28.381947,-3.671105,-14.894919
28.385575,-3.687788,-14.886361
28.373420,-3.673170,-14.888729
28.379405,-3.671409,-14.874187
28.385096,-3.661718,-14.887193
28.372629,-3.690226,-14.902023
28.389489,-3.682478,-14.881738
28.380810,-3.691310,-14.898803
28.395161,-3.677812,-14.907077
28.372216,-3.695709,-14.857438
28.366877,-3.684198,-14.898184
28.380563,-3.686753,-14.885096
28.389903,-3.702635,-14.889931
28.375626,-3.679429,-14.890222
28.378730,-3.673569,-14.892266
28.387801,-3.693128,-14.889284
28.364603,-3.685538,-14.896095
28.380149,-3.690962,-14.896828
28.370487,-3.668482,-14.876761
28.397705,-3.693311,-14.895479
28.406647,-3.681500,-14.897171
28.385825,-3.675587,-14.896843
28.383026,-3.676112,-14.891562
28.372318,-3.668251,-14.889634
28.386547,-3.687466,-14.886960
28.382690,-3.689973,-14.889178
28.364348,-3.678015,-14.893414
28.372299,-3.689377,-14.905204
28.382255,-3.689313,-14.885041
28.376331,-3.689161,-14.891699
28.376640,-3.674417,-14.897005
28.380805,-3.670375,-14.887122
28.398710,-3.693858,-14.889056
28.389153,-3.704387,-14.882318
28.359644,-3.672221,-14.887230
28.381577,-3.706809,-14.873448
28.398915,-3.679343,-14.879479
28.377935,-3.677719,-14.887377
28.383116,-3.680201,-14.883384
28.391188,-3.691075,-14.885757
28.375028,-3.684717,-14.895922
28.391374,-3.695744,-14.883558
28.376653,-3.690864,-14.889807
28.386391,-3.675213,-14.891549
28.374604,-3.668881,-14.898706
28.383742,-3.671037,-14.885184
28.380918,-3.704573,-14.904050
28.379554,-3.684640,-14.899703
28.368784,-3.685239,-14.892060
28.376777,-3.682430,-14.900154
28.381222,-3.684529,-14.880335
28.368357,-3.697644,-14.896968
28.399157,-3.695789,-14.889487
28.381897,-3.698637,-14.891494
28.385568,-3.713711,-14.881733
28.395362,-3.695327,-14.872940
28.390326,-3.688964,-14.868842
28.392044,-3.678209,-14.869290
28.368297,-3.676817,-14.893330
28.380180,-3.692691,-14.893883
28.372004,-3.699062,-14.877388
28.392782,-3.680226,-14.892844
28.360451,-3.689609,-14.903603
28.383874,-3.698463,-14.890711
28.387879,-3.697203,-14.887580
28.382416,-3.699766,-14.903205
28.374524,-3.686590,-14.870029
28.388273,-3.695473,-14.899313
28.391656,-3.702646,-14.891516
28.383678,-3.685513,-14.884601
28.390549,-3.680113,-14.890833
28.382145,-3.698591,-14.895355
28.386423,-3.679232,-14.891362
28.376620,-3.697526,-14.898664
28.385404,-3.697634,-14.876177
28.365647,-3.695398,-14.907387
28.390511,-3.704874,-14.877202
28.395992,-3.701654,-14.884096
28.392715,-3.703854,-14.896975
28.396003,-3.704281,-14.884494
28.371644,-3.701144,-14.891603
28.376933,-3.704399,-14.873546
28.394750,-3.688542,-14.885191
28.385346,-3.698312,-14.898310
28.380172,-3.699386,-14.893506
28.368750,-3.688519,-14.879740
28.380008,-3.700604,-14.889497
28.388331,-3.704094,-14.875845
28.389775,-3.682895,-14.891357
28.387385,-3.715382,-14.853934
28.382493,-3.697389,-14.868292
28.382603,-3.694097,-14.880580
28.387180,-3.708699,-14.898940
28.363533,-3.700607,-14.883402
28.396796,-3.681217,-14.879133
28.366790,-3.692837,-14.884044
28.390658,-3.707677,-14.885557
28.390509,-3.702528,-14.871126
28.380737,-3.688841,-14.885985
28.389849,-3.706181,-14.899748
28.385943,-3.703218,-14.889374
28.389238,-3.700944,-14.883781
28.368946,-3.694210,-14.888241
28.373298,-3.695094,-14.887429
28.380531,-3.694344,-14.873610
28.393154,-3.690180,-14.896985
28.379385,-3.695532,-14.872377
28.385877,-3.698664,-14.885742
28.389653,-3.707824,-14.893492
28.392236,-3.697636,-14.880057
28.372213,-3.711144,-14.868293
28.390211,-3.717642,-14.885954
28.405342,-3.703247,-14.883813
28.390927,-3.684683,-14.881474
28.397160,-3.701248,-14.889629
28.378564,-3.704052,-14.881533
28.387103,-3.709879,-14.895813
28.405670,-3.697036,-14.885020
28.359406,-3.696142,-14.875793
28.387995,-3.717856,-14.890481
28.400504,-3.693764,-14.887561
28.400589,-3.689570,-14.885203
28.394931,-3.690228,-14.896501
28.376130,-3.705201,-14.887355
28.372324,-3.701484,-14.895179
28.392092,-3.701620,-14.888989
28.405882,-3.687612,-14.881133
28.373109,-3.692176,-14.859448
28.382794,-3.685997,-14.884944
28.393722,-3.706818,-14.880128
28.416932,-3.690958,-14.889412
28.379484,-3.708407,-14.866770
28.389231,-3.697489,-14.897156
28.389688,-3.696612,-14.890176
28.395743,-3.695226,-14.873826
28.386457,-3.707869,-14.882088
28.408704,-3.712531,-14.870257
28.377521,-3.709183,-14.878299
28.389689,-3.722600,-14.871013
28.383209,-3.705963,-14.885117
28.387616,-3.691176,-14.881023
28.401181,-3.735073,-14.857992
28.394010,-3.705214,-14.872495
28.381372,-3.711081,-14.873978
28.377825,-3.689700,-14.872611
28.371101,-3.673011,-14.870203
28.379770,-3.683709,-14.886062
28.379269,-3.708257,-14.868737
28.392152,-3.702795,-14.865919
28.366820,-3.694472,-14.874293
28.385920,-3.701996,-14.861904
28.381685,-3.707484,-14.902842
28.377237,-3.712096,-14.861268
28.386033,-3.709065,-14.887430
28.376440,-3.709830,-14.863301
28.388431,-3.720933,-14.877190
28.368465,-3.701716,-14.882030
28.360357,-3.690551,-14.878663
28.383671,-3.692588,-14.866152
28.388454,-3.703001,-14.877539
28.399703,-3.703134,-14.856242
28.384940,-3.703007,-14.878206
28.379198,-3.689193,-14.873026
28.398510,-3.728768,-14.885923
28.379556,-3.700922,-14.871261
28.366489,-3.709430,-14.867722
28.366730,-3.695511,-14.884635
28.388846,-3.716042,-14.869872
28.378838,-3.698133,-14.871481
28.385616,-3.687904,-14.892240
28.375662,-3.720819,-14.873131
28.396444,-3.707632,-14.875754
28.383587,-3.705134,-14.875813
28.376634,-3.717050,-14.875469
28.385151,-3.693568,-14.876694
28.378902,-3.711429,-14.884958
28.380442,-3.709641,-14.867099
28.382254,-3.721031,-14.865923
28.389108,-3.694412,-14.867755
28.390820,-3.709696,-14.878194
28.394260,-3.704485,-14.903197
28.385466,-3.706935,-14.869614
28.396662,-3.691718,-14.869944
28.373950,-3.705432,-14.866449
28.382407,-3.704617,-14.865683
28.366642,-3.710734,-14.866621
28.392847,-3.699608,-14.884021
28.383922,-3.706610,-14.877674
28.387214,-3.711837,-14.882292
28.390090,-3.698089,-14.864362
28.388573,-3.719321,-14.877907
28.373564,-3.699761,-14.863725
28.404338,-3.714263,-14.867195
28.382009,-3.705146,-14.891338
28.374012,-3.708311,-14.872012
28.393510,-3.717194,-14.872710
28.380840,-3.713696,-14.871264
28.395166,-3.689606,-14.859179
28.390621,-3.705953,-14.851464
28.375405,-3.703670,-14.858920
28.383561,-3.706959,-14.866252
28.387602,-3.718597,-14.870214
28.400723,-3.704952,-14.870930
28.403718,-3.726299,-14.878004
28.361389,-3.699300,-14.864535
28.378280,-3.717053,-14.887949
28.405184,-3.700639,-14.878608
28.382851,-3.705328,-14.862192
28.378141,-3.702262,-14.881821
28.392056,-3.720165,-14.884414
28.390537,-3.706534,-14.872382
28.385035,-3.703069,-14.873612
28.397042,-3.722325,-14.875727
28.402402,-3.711659,-14.872604
28.382916,-3.711943,-14.884960
28.382000,-3.725324,-14.891781
28.373909,-3.733279,-14.853669
28.376570,-3.703996,-14.883502
28.389655,-3.715447,-14.879978
28.363820,-3.713262,-14.856675
28.394882,-3.726234,-14.871793
28.379681,-3.730300,-14.878057
28.385723,-3.719085,-14.877028
28.388039,-3.712083,-14.864198
28.377699,-3.732051,-14.876072
28.390724,-3.712903,-14.884366
28.380556,-3.720240,-14.879592
28.391109,-3.722646,-14.857995
28.397271,-3.732996,-14.874845
28.392299,-3.683455,-14.856945
28.375411,-3.722485,-14.879780
28.394631,-3.717281,-14.855182
28.373279,-3.715238,-14.870190
28.397051,-3.712560,-14.860881
28.378449,-3.712739,-14.882836
28.384778,-3.717007,-14.873758
28.375138,-3.718226,-14.860578
28.391921,-3.732901,-14.871524
28.385094,-3.701288,-14.879846
28.403780,-3.721193,-14.874754
28.400268,-3.713665,-14.859015
28.387088,-3.734355,-14.857808
28.389615,-3.726097,-14.891240
28.381813,-3.704355,-14.880258
28.386723,-3.714657,-14.857079
28.385665,-3.726980,-14.878509
28.403360,-3.714240,-14.894174
28.384039,-3.712669,-14.876387
28.397474,-3.740600,-14.865295
28.386739,-3.733519,-14.858132
28.378688,-3.718539,-14.886120
28.384877,-3.724908,-14.872640
28.392349,-3.716579,-14.882848
28.394698,-3.715928,-14.868884
28.385473,-3.710152,-14.863898
28.391365,-3.703455,-14.862727
28.395428,-3.706764,-14.855994
28.392611,-3.709873,-14.853453
28.397276,-3.716261,-14.877874
28.402444,-3.709107,-14.890652
28.389992,-3.710366,-14.871590
28.389624,-3.710673,-14.874124
28.396079,-3.729892,-14.886260
28.388724,-3.719864,-14.870493
28.382675,-3.702244,-14.875398
28.383312,-3.720979,-14.876910
28.382748,-3.710059,-14.879334
28.382829,-3.741765,-14.884917
28.384308,-3.709908,-14.875583
28.387030,-3.725203,-14.861406
28.396902,-3.721351,-14.877183
28.396275,-3.720467,-14.874292
28.389938,-3.713867,-14.860560
28.393819,-3.708111,-14.862002
28.400969,-3.715617,-14.872361
28.399779,-3.711720,-14.867952
28.372111,-3.716169,-14.873106
28.384822,-3.717402,-14.879248
28.383521,-3.705922,-14.877247
28.385691,-3.738094,-14.864523
28.385051,-3.728896,-14.857252
28.403123,-3.707992,-14.862836
28.386010,-3.724371,-14.876139
28.395248,-3.722619,-14.855367
28.406826,-3.701045,-14.870346
28.388754,-3.707250,-14.879585
28.386355,-3.723697,-14.856313
28.379674,-3.702033,-14.882090
28.380975,-3.702888,-14.872615
28.391853,-3.710850,-14.878362
28.404657,-3.726980,-14.872418
28.392348,-3.733935,-14.867772
28.393490,-3.710610,-14.859169
28.403733,-3.728152,-14.853925
28.396418,-3.735951,-14.879419
28.390493,-3.710279,-14.882798
28.380165,-3.737220,-14.864226
28.391668,-3.739802,-14.877728
28.376615,-3.720039,-14.865535
28.395086,-3.712170,-14.872751
28.391440,-3.726054,-14.856877
28.388568,-3.733315,-14.878512
28.371806,-3.728179,-14.864534
28.385882,-3.742148,-14.872268
28.395020,-3.717560,-14.874973
28.396040,-3.701997,-14.884746
28.405667,-3.712403,-14.877407
28.401353,-3.731510,-14.861215
28.386598,-3.719792,-14.881075
28.384828,-3.711390,-14.857013
28.397951,-3.716389,-14.864559
28.379669,-3.703543,-14.879664
28.359307,-3.698742,-14.876789
28.394403,-3.698146,-14.861827
28.389099,-3.740397,-14.876995
28.382358,-3.719049,-14.861536
28.385927,-3.705663,-14.881685
28.403592,-3.719628,-14.863507
28.376651,-3.726765,-14.869067
28.383389,-3.719169,-14.844292
28.383637,-3.720069,-14.854008
28.406593,-3.726130,-14.868385
28.387953,-3.727173,-14.861831
28.403752,-3.716798,-14.858625
28.382415,-3.717803,-14.845878
28.398638,-3.724604,-14.877839
28.400464,-3.721634,-14.864884
28.392573,-3.723510,-14.866537
28.403955,-3.710977,-14.871664
28.387878,-3.696346,-14.857172
28.384566,-3.731107,-14.861235
28.393861,-3.728255,-14.839956
28.390773,-3.722626,-14.872023
28.391319,-3.706986,-14.873265
28.399488,-3.740259,-14.871838
28.378129,-3.728898,-14.884162
28.389188,-3.727817,-14.858419
28.386411,-3.730039,-14.870116
28.411730,-3.716044,-14.884906
28.384833,-3.734852,-14.855571
28.373613,-3.711364,-14.874824
28.381541,-3.711653,-14.865064
28.393059,-3.705237,-14.862253
28.385770,-3.720637,-14.875216
28.402226,-3.726025,-14.858037
28.376810,-3.725843,-14.885549
28.412065,-3.726036,-14.872072
28.409915,-3.714154,-14.866953
28.378124,-3.726854,-14.865475
28.384521,-3.705762,-14.867441
28.384417,-3.712745,-14.891284
28.365254,-3.704688,-14.849746
28.378743,-3.719060,-14.877125
28.402212,-3.721683,-14.875051
28.383889,-3.725515,-14.862596
28.395639,-3.712629,-14.860869
28.393111,-3.710943,-14.857085
28.394504,-3.719090,-14.870161
28.406041,-3.713293,-14.867522
28.392788,-3.724350,-14.872610
28.372094,-3.718487,-14.873030
28.390602,-3.719206,-14.874002
28.386559,-3.727727,-14.868547
28.390668,-3.726400,-14.871870
28.362710,-3.735774,-14.868121
28.396410,-3.708538,-14.858262
28.383767,-3.730754,-14.878823
28.399774,-3.712081,-14.873550
28.386708,-3.721152,-14.859603
28.398019,-3.716190,-14.879977
28.386094,-3.735005,-14.859587
28.388262,-3.722369,-14.863207
28.377165,-3.719943,-14.897003
28.385896,-3.697400,-14.842515
28.387071,-3.712664,-14.879516
28.375330,-3.724395,-14.864720
28.385677,-3.714053,-14.893608
28.387117,-3.704764,-14.880803
28.397273,-3.723485,-14.861862
28.387905,-3.720501,-14.863069
28.379477,-3.722283,-14.889348
28.390649,-3.740278,-14.863299
28.394608,-3.746542,-14.868462
28.370760,-3.737525,-14.863106
28.379527,-3.717076,-14.862475
28.398512,-3.730435,-14.867821
28.393110,-3.718707,-14.882261
28.390219,-3.728637,-14.865146
28.387588,-3.720206,-14.850893
28.386698,-3.718940,-14.868431
28.394550,-3.723402,-14.857708
28.392073,-3.727860,-14.862782
28.386772,-3.731247,-14.855993
28.372050,-3.718391,-14.868422
28.393233,-3.716001,-14.869929
28.408599,-3.741149,-14.865825
28.385453,-3.714443,-14.883066
28.373074,-3.734452,-14.862436
28.394724,-3.719419,-14.851584
28.390844,-3.726577,-14.883109
28.386639,-3.723067,-14.876213
28.410398,-3.733238,-14.857055
28.367055,-3.726859,-14.832500
28.368522,-3.726072,-14.873714
28.390841,-3.720505,-14.860320
28.402852,-3.722674,-14.875400
28.389012,-3.708731,-14.851929
28.380085,-3.729702,-14.885479
28.392081,-3.723020,-14.861953
28.385574,-3.717321,-14.861117
28.376978,-3.723755,-14.873997
28.395524,-3.731652,-14.863950
28.374952,-3.728401,-14.861762
28.387392,-3.719143,-14.864771
28.382976,-3.730323,-14.851774
28.381005,-3.721707,-14.858365
28.384782,-3.709096,-14.862755
28.374155,-3.735165,-14.873539
28.392397,-3.712954,-14.868418
28.383537,-3.718109,-14.866448
28.380560,-3.751226,-14.853299
28.387322,-3.723638,-14.853344
28.395046,-3.731298,-14.860150
28.385716,-3.727314,-14.873119
28.377711,-3.724131,-14.859938
28.380904,-3.734328,-14.886414
28.382729,-3.724182,-14.866411
28.397201,-3.736026,-14.872344
28.382851,-3.733379,-14.890546
28.412454,-3.735084,-14.856775
28.393292,-3.722775,-14.880884
28.386356,-3.724473,-14.878045
28.390251,-3.712948,-14.871980
28.386398,-3.727783,-14.866732
28.386012,-3.730391,-14.859018
28.396479,-3.720159,-14.870332
28.387241,-3.718864,-14.889107
28.386235,-3.710296,-14.847081
28.381158,-3.719980,-14.875709
28.394210,-3.723722,-14.862416
28.375873,-3.740676,-14.873826
28.361990,-3.734976,-14.870952
28.401274,-3.740245,-14.867245
28.401630,-3.727148,-14.854973
28.400419,-3.725448,-14.869199
28.397546,-3.717423,-14.870531
28.392041,-3.718920,-14.871631
28.400684,-3.730866,-14.872323
28.386394,-3.713991,-14.865842
28.388872,-3.731245,-14.870346
28.396711,-3.700359,-14.852760
28.394261,-3.719555,-14.877169
28.387753,-3.728654,-14.858171
28.396128,-3.711970,-14.875534
28.387269,-3.743485,-14.882510
28.396234,-3.724730,-14.880042
28.385390,-3.743329,-14.876075
28.389411,-3.740516,-14.881246
28.383005,-3.711741,-14.872262
28.394904,-3.718039,-14.880227
28.391382,-3.719860,-14.883214
28.398092,-3.715541,-14.873316
28.385571,-3.711790,-14.866587
28.386110,-3.728897,-14.877142
28.387753,-3.718050,-14.868443
28.394868,-3.732834,-14.852190
28.389609,-3.726066,-14.862191
28.385347,-3.720874,-14.843041
28.394951,-3.712583,-14.867723
28.402621,-3.718490,-14.860132
28.383502,-3.719763,-14.872311
28.388227,-3.720563,-14.864634
28.392053,-3.741916,-14.864493
28.384416,-3.723736,-14.851837
28.395704,-3.713513,-14.878880
28.369577,-3.731183,-14.851659
28.388875,-3.722258,-14.874601
28.395942,-3.717745,-14.861646
28.389194,-3.721633,-14.856310
28.371197,-3.710898,-14.862152
28.357875,-3.716113,-14.855839
28.403742,-3.721706,-14.876395
28.386676,-3.730914,-14.862935
28.396270,-3.751344,-14.870291
28.386951,-3.721280,-14.877226
28.384845,-3.737114,-14.872609
28.383864,-3.725246,-14.866237
28.386929,-3.733701,-14.850838
28.387731,-3.728111,-14.854070
28.404273,-3.722129,-14.863638
28.377758,-3.732603,-14.866664
28.386137,-3.722851,-14.865523
28.386452,-3.729175,-14.888554
28.391477,-3.740265,-14.867998
28.392539,-3.718579,-14.869531
28.389162,-3.720162,-14.857332
28.376893,-3.747634,-14.879237
28.371893,-3.718941,-14.872203
28.387791,-3.721679,-14.868057
28.410134,-3.712055,-14.840453
28.396544,-3.732092,-14.867874
28.401527,-3.720411,-14.888589
28.383627,-3.723659,-14.883879
28.402540,-3.718000,-14.857775
28.383296,-3.738798,-14.863442
28.389210,-3.718206,-14.879739
28.392872,-3.706937,-14.841442
28.402685,-3.717409,-14.865826
28.385946,-3.731739,-14.888311
28.393994,-3.737146,-14.851274
28.395147,-3.749422,-14.862682
28.363530,-3.709947,-14.861880
28.376934,-3.719259,-14.873071
28.380569,-3.723202,-14.869317
28.397156,-3.728935,-14.867378
28.409711,-3.718894,-14.861305
28.395755,-3.724407,-14.860570
28.381936,-3.726170,-14.856331
28.380981,-3.728815,-14.885817
28.400718,-3.732456,-14.853603
28.398856,-3.730177,-14.870167
28.410569,-3.730308,-14.861948
28.385864,-3.724387,-14.874946
28.371378,-3.705123,-14.871285
28.394037,-3.733601,-14.871903
28.415884,-3.716708,-14.849321
28.407904,-3.726846,-14.857641
28.382388,-3.722564,-14.857653
28.390131,-3.747702,-14.861527
28.414186,-3.732372,-14.856789
28.400828,-3.722427,-14.877800
28.375944,-3.726418,-14.861776
28.379088,-3.703987,-14.867659
28.378234,-3.735246,-14.847221
28.399032,-3.718690,-14.888113
28.392238,-3.736856,-14.864683
28.390381,-3.724328,-14.880962
28.382941,-3.717544,-14.866007
28.386338,-3.723908,-14.860397
28.388143,-3.717988,-14.871178
28.400866,-3.729120,-14.862762
28.389175,-3.710157,-14.864472
28.384157,-3.728267,-14.860836
28.395334,-3.713600,-14.858299
28.396246,-3.724051,-14.880732
28.374820,-3.714923,-14.865519
28.388367,-3.722574,-14.874754
28.387681,-3.727450,-14.871607
28.385858,-3.742845,-14.871291
28.379532,-3.719313,-14.868389
28.389853,-3.729966,-14.873174
28.394835,-3.728726,-14.864119
28.389424,-3.733510,-14.872550
28.377504,-3.715103,-14.869109
28.377393,-3.729154,-14.876526
28.373313,-3.729256,-14.854874
28.386652,-3.725122,-14.875937
28.394402,-3.721848,-14.866918
28.384933,-3.726274,-14.866207
28.380268,-3.717561,-14.854886
28.384951,-3.713545,-14.886137
28.407681,-3.712889,-14.837975
28.391830,-3.727260,-14.856319
28.407836,-3.719723,-14.857497
28.377603,-3.710840,-14.848006
28.393159,-3.735297,-14.888000
28.380382,-3.734361,-14.866564
28.407992,-3.718564,-14.864343
28.401633,-3.728606,-14.860311
28.392987,-3.723519,-14.878809
28.392429,-3.728058,-14.862496
28.391378,-3.730070,-14.868753
28.380497,-3.741458,-14.867125
28.377101,-3.721235,-14.856193
28.376245,-3.722782,-14.860013
28.397696,-3.730081,-14.863376
28.391525,-3.728115,-14.866424
28.394685,-3.729164,-14.862475
28.378257,-3.705829,-14.881621
28.392965,-3.723151,-14.851453
28.388218,-3.734839,-14.879310
28.384753,-3.706573,-14.841127
28.386436,-3.719195,-14.851089
28.397161,-3.712429,-14.866934
28.391852,-3.734559,-14.876245
28.378744,-3.732660,-14.868814
28.396953,-3.738457,-14.875651
28.380834,-3.739159,-14.870545
28.402228,-3.731743,-14.879905
28.395632,-3.713671,-14.873582
28.389262,-3.724540,-14.884855
28.393923,-3.718374,-14.870717
28.386127,-3.739318,-14.870969
28.376524,-3.723481,-14.845841
28.387093,-3.735536,-14.855934
28.395521,-3.727829,-14.849936
28.384870,-3.719955,-14.849891
28.389666,-3.731359,-14.868424
28.388341,-3.732498,-14.864622
28.393988,-3.704992,-14.872537
28.397249,-3.721816,-14.866377
28.383480,-3.732385,-14.867241
28.400774,-3.703497,-14.839736
28.405002,-3.741550,-14.869058
28.410376,-3.718928,-14.876018
28.388579,-3.711945,-14.853499
28.391770,-3.737864,-14.885451
28.394781,-3.725331,-14.866141
28.390035,-3.723380,-14.877909
28.394218,-3.738451,-14.851937
28.386769,-3.722772,-14.875823
28.382023,-3.727766,-14.879789
28.387469,-3.739203,-14.883597
28.395707,-3.741981,-14.859170
28.381496,-3.734213,-14.860628
28.393565,-3.722755,-14.872740
28.395045,-3.733678,-14.851959
28.398421,-3.715965,-14.874180
28.395266,-3.746204,-14.865654
28.378122,-3.726593,-14.861211
28.386914,-3.727386,-14.859232
28.399811,-3.731345,-14.874514
28.386713,-3.723273,-14.844804
28.380253,-3.733316,-14.854651
28.385376,-3.731424,-14.836751
28.393396,-3.724095,-14.860924
28.391765,-3.726881,-14.862409
28.382173,-3.727779,-14.858780
28.386046,-3.722240,-14.865612
28.398112,-3.744891,-14.856321
28.405853,-3.727520,-14.873700
28.389738,-3.722936,-14.861877
28.396517,-3.733659,-14.866281
28.399560,-3.740508,-14.831429
28.397008,-3.747407,-14.827498
28.411893,-3.753424,-14.824572
28.418614,-3.763759,-14.782549
28.418671,-3.791754,-14.779057
28.425819,-3.789780,-14.738919
28.427377,-3.793897,-14.734178
28.449176,-3.792604,-14.734446
28.455178,-3.811076,-14.708402
28.468138,-3.842536,-14.683117
28.477998,-3.844782,-14.672552
28.461268,-3.866847,-14.639587
28.508124,-3.866592,-14.644948
28.503047,-3.877793,-14.599788
28.516781,-3.904548,-14.575019
28.522540,-3.923507,-14.562690
28.511247,-3.929764,-14.544658
28.551853,-3.964716,-14.510347
28.563586,-3.967378,-14.498087
28.568039,-3.993290,-14.451744
28.594414,-4.004402,-14.435679
28.598713,-4.021095,-14.430344
28.577328,-4.022861,-14.383500
28.606487,-4.040302,-14.359790
28.598841,-4.071623,-14.329562
28.624366,-4.055267,-14.317958
28.640313,-4.080770,-14.264918
28.648572,-4.111659,-14.266196
28.657035,-4.138895,-14.218536
28.667657,-4.142184,-14.207907
28.682007,-4.140344,-14.170290
28.703838,-4.189277,-14.135948
28.689828,-4.181933,-14.105486
28.729044,-4.201127,-14.094732
28.727798,-4.213500,-14.069086
28.743906,-4.235847,-14.021859
28.749551,-4.246652,-14.030844
28.754560,-4.268336,-13.971796
28.764088,-4.282533,-13.932256
28.784391,-4.299318,-13.919826
28.812044,-4.332341,-13.903123
28.817135,-4.323117,-13.875122
28.805936,-4.344587,-13.836123
28.834653,-4.389680,-13.823801
28.826152,-4.408246,-13.783932
28.856507,-4.403238,-13.753150
28.871689,-4.420876,-13.732324
28.871882,-4.447921,-13.705070
28.868590,-4.447251,-13.662737
28.882271,-4.473128,-13.632640
28.902137,-4.505501,-13.630455
28.909322,-4.494349,-13.580604
28.926439,-4.501324,-13.561946
28.946903,-4.554614,-13.534022
28.935640,-4.554695,-13.509489
28.937983,-4.591817,-13.472993
28.966761,-4.607905,-13.445116
28.978506,-4.598991,-13.421469
28.969438,-4.622143,-13.414895
28.991996,-4.636947,-13.370387
29.003502,-4.648708,-13.342199
29.013817,-4.681856,-13.329098
29.021544,-4.685577,-13.284968
29.036760,-4.708855,-13.264656
29.045966,-4.713196,-13.235098
29.057158,-4.752769,-13.206207
29.062039,-4.755147,-13.180798
29.071058,-4.774343,-13.147618
29.074290,-4.776149,-13.125867
29.101113,-4.815900,-13.074597
29.089864,-4.816430,-13.057659
29.112689,-4.838672,-13.055392
29.125495,-4.864280,-13.016386
29.127014,-4.884941,-12.957868
29.137592,-4.895327,-12.960142
29.137512,-4.906953,-12.923603
29.163263,-4.912128,-12.888214
29.155996,-4.919155,-12.859445
29.179225,-4.954856,-12.843458
29.194418,-4.979994,-12.780612
29.190387,-4.999879,-12.761916
29.216312,-5.014454,-12.739861
29.216260,-5.017707,-12.725530
29.209916,-5.038131,-12.693570
29.239196,-5.055719,-12.675617
29.235623,-5.077700,-12.637922
29.249932,-5.107130,-12.596003
29.261623,-5.097883,-12.600061
29.288105,-5.130712,-12.554986
29.282105,-5.144375,-12.528750
29.286368,-5.162724,-12.511837
29.297345,-5.158294,-12.469766
29.289494,-5.174992,-12.449134
29.309774,-5.228156,-12.411427
29.332710,-5.230080,-12.395249
29.350354,-5.245424,-12.351225
29.345163,-5.261386,-12.349701
29.361954,-5.255406,-12.313178
29.372350,-5.280425,-12.278261
29.373083,-5.280056,-12.262660
29.377053,-5.322038,-12.226338
29.400509,-5.329906,-12.184851
29.393530,-5.371899,-12.175062
29.405040,-5.369165,-12.125680
29.404261,-5.381892,-12.100690
29.419199,-5.401265,-12.068481
29.431779,-5.411515,-12.054200
29.433526,-5.454807,-12.018079
29.457381,-5.477803,-11.990053
29.454699,-5.469896,-11.974419
29.470874,-5.496280,-11.929948
29.474881,-5.502981,-11.914192
29.465680,-5.500051,-11.866238
29.501198,-5.526017,-11.851617
29.481508,-5.543704,-11.818764
29.500468,-5.552891,-11.805417
29.504164,-5.581200,-11.771512
29.528460,-5.595609,-11.738681
29.539687,-5.595187,-11.713722
29.564715,-5.655053,-11.688782
29.549500,-5.643809,-11.654632
29.578008,-5.671400,-11.624281
29.553909,-5.682944,-11.605012
29.592178,-5.701245,-11.597340
29.578523,-5.708230,-11.545436
29.597867,-5.732794,-11.509892
29.605002,-5.749491,-11.473593
29.619993,-5.764093,-11.466349
29.600101,-5.776510,-11.434879
29.619883,-5.785838,-11.399386
29.632580,-5.811204,-11.363203
29.635431,-5.835694,-11.353405
29.617730,-5.852248,-11.315405
29.663404,-5.833633,-11.283893
29.667155,-5.868060,-11.250972
29.669311,-5.885294,-11.225933
29.667457,-5.894775,-11.188563
29.685727,-5.914347,-11.162086
29.674871,-5.942408,-11.146405
29.690710,-5.944880,-11.123847
29.692846,-5.971743,-11.087645
29.704573,-5.997938,-11.044981
29.726277,-5.997723,-11.028899
29.730142,-6.028038,-10.984262
29.733020,-6.040538,-10.966114
29.740013,-6.042492,-10.942720
29.758929,-6.074334,-10.925099
29.763653,-6.094575,-10.899860
29.756353,-6.092766,-10.866708
29.789093,-6.122930,-10.832411
29.772308,-6.135132,-10.810725
29.791691,-6.141214,-10.761500
29.795030,-6.134578,-10.753905
29.786440,-6.164498,-10.707585
29.809912,-6.193398,-10.678251
29.817271,-6.234979,-10.666224
29.801672,-6.222626,-10.651906
29.834485,-6.254124,-10.602964
29.839814,-6.250856,-10.580763
29.841945,-6.251999,-10.558364
29.834754,-6.286973,-10.522297
29.859104,-6.304744,-10.502786
29.860639,-6.338631,-10.478429
29.850004,-6.343553,-10.416796
29.884223,-6.351425,-10.389858
29.885108,-6.365011,-10.385396
29.887476,-6.391514,-10.341337
29.890484,-6.395556,-10.308994
29.900037,-6.420709,-10.262761
29.898432,-6.428671,-10.253901
29.918764,-6.448504,-10.231461
29.921319,-6.472797,-10.187323
29.926934,-6.475812,-10.171790
29.934682,-6.499103,-10.135254
29.939135,-6.494263,-10.116057
29.918276,-6.531238,-10.081565
29.940709,-6.549795,-10.063796
29.942963,-6.558861,-10.041824
29.952532,-6.576414,-10.011984
29.956389,-6.607236,-9.954857
29.966617,-6.608523,-9.954615
29.976888,-6.612073,-9.924933
29.981782,-6.642288,-9.882435
29.986187,-6.656097,-9.840764
29.992176,-6.665343,-9.848095
30.011261,-6.703894,-9.801811
30.014149,-6.708003,-9.758254
30.015466,-6.712767,-9.750499
30.021312,-6.719474,-9.737223
30.036409,-6.741544,-9.686967
30.029449,-6.763643,-9.659292
30.035801,-6.768303,-9.631152
30.033772,-6.803273,-9.599069
30.025997,-6.806015,-9.553523
30.048376,-6.821806,-9.548830
30.053132,-6.850415,-9.498869
30.067342,-6.853838,-9.481565
30.071261,-6.872459,-9.450912
30.065639,-6.889395,-9.430845
30.074683,-6.920693,-9.406945
30.084837,-6.934443,-9.381492
30.089860,-6.933287,-9.353557
30.105693,-6.949913,-9.303833
30.096458,-6.973759,-9.285217
30.088073,-6.995205,-9.255411
30.111089,-6.983449,-9.235274
30.126993,-7.011673,-9.208415
30.134900,-7.042864,-9.195085
30.127999,-7.047567,-9.124175
30.139166,-7.042117,-9.101118
30.129076,-7.059792,-9.082202
30.134879,-7.081368,-9.053879
30.151156,-7.094174,-9.027370
30.154014,-7.133986,-9.010981
30.145521,-7.149599,-8.960007
30.158361,-7.154957,-8.930205
30.176981,-7.186795,-8.908174
30.185468,-7.184625,-8.874019
30.174761,-7.189144,-8.860738
30.196768,-7.217377,-8.836923
30.171113,-7.223660,-8.791387
30.181167,-7.246013,-8.765852
30.192817,-7.274532,-8.740443
30.208207,-7.250082,-8.721254
30.205323,-7.295635,-8.674193
30.202201,-7.297059,-8.648097
30.200892,-7.306335,-8.619856
30.218945,-7.315469,-8.612478
30.225303,-7.358739,-8.578237
30.237473,-7.359786,-8.537901
30.220924,-7.387081,-8.517309
30.249506,-7.400647,-8.492945
30.248380,-7.417716,-8.450877
30.250352,-7.424183,-8.420548
30.253326,-7.438932,-8.394664
30.260135,-7.468144,-8.377728
30.255409,-7.475329,-8.334365
30.266178,-7.485321,-8.318125
30.267110,-7.503270,-8.290067
30.274747,-7.533386,-8.240274
30.279027,-7.541205,-8.234743
30.266921,-7.567122,-8.190476
30.280763,-7.569443,-8.181692
30.282520,-7.571062,-8.138461
30.302472,-7.612985,-8.106456
30.282335,-7.623501,-8.089068
30.295685,-7.630474,-8.068620
30.300166,-7.640046,-8.030772
30.292264,-7.674480,-7.986706
30.294579,-7.691410,-7.964194
30.326762,-7.675442,-7.949325
30.304428,-7.699541,-7.901544
30.315846,-7.726359,-7.892469
30.295658,-7.740568,-7.845291
30.321076,-7.750334,-7.823078
30.334851,-7.776432,-7.794046
30.328040,-7.787888,-7.769917
30.330413,-7.787886,-7.728718
30.330554,-7.808036,-7.696369
30.339995,-7.816284,-7.705295
30.348283,-7.846402,-7.645558
30.360767,-7.860846,-7.622683
30.338196,-7.877619,-7.595007
30.368822,-7.874021,-7.557861
30.364975,-7.891944,-7.535414
30.366658,-7.926559,-7.502261
30.367233,-7.931982,-7.492139
30.368703,-7.952380,-7.453805
30.354488,-7.950782,-7.427892
30.365842,-7.973650,-7.400860
30.363451,-7.976302,-7.353976
30.372590,-8.031534,-7.330895
30.393256,-8.017040,-7.304601
30.375092,-8.032406,-7.276376
30.381335,-8.064570,-7.263465
30.382751,-8.075110,-7.209612
30.405304,-8.082536,-7.211834
30.400891,-8.090226,-7.182315
30.390108,-8.108589,-7.133736
30.394344,-8.142358,-7.106698
30.399788,-8.147646,-7.081317
30.404773,-8.165077,-7.061713
30.400155,-8.164013,-7.027146
30.417217,-8.184269,-6.989568
30.428335,-8.202488,-6.958899
30.418989,-8.206414,-6.937527
30.414689,-8.238323,-6.914845
30.426770,-8.257221,-6.877939
30.409910,-8.266432,-6.846711
30.412472,-8.288563,-6.841769
30.413799,-8.292682,-6.806436
30.431837,-8.292736,-6.759533
30.421576,-8.323144,-6.734248
30.450344,-8.330760,-6.711924
30.432661,-8.345282,-6.689063
30.446077,-8.367093,-6.656689
30.440943,-8.372293,-6.613284
30.449095,-8.413891,-6.608089
30.458115,-8.412097,-6.567072
30.451339,-8.422889,-6.535955
30.458649,-8.435417,-6.505184
30.441662,-8.450682,-6.470104
30.451678,-8.475364,-6.437164
30.450800,-8.465415,-6.420797
30.438888,-8.495030,-6.384487
30.481781,-8.511427,-6.368785
30.456226,-8.532063,-6.347652
30.453194,-8.522963,-6.320591
30.460995,-8.554773,-6.288813
30.468539,-8.566015,-6.246246
30.476649,-8.578113,-6.212018
30.460406,-8.618353,-6.190500
30.475342,-8.620997,-6.171293
30.469842,-8.628663,-6.147832
30.475528,-8.653725,-6.111481
30.472241,-8.666892,-6.088973
30.476162,-8.680361,-6.051129
30.485188,-8.698966,-6.035333
30.468407,-8.690985,-5.998839
30.483403,-8.720261,-5.969750
30.469852,-8.751064,-5.923584
30.481221,-8.749932,-5.917008
30.494673,-8.771216,-5.883713
30.492904,-8.780840,-5.860199
30.493264,-8.795713,-5.818502
30.512107,-8.807988,-5.806963
30.498969,-8.833540,-5.771870
30.491740,-8.818670,-5.736694
30.485784,-8.868327,-5.711670
30.505185,-8.864810,-5.691124
30.501690,-8.879203,-5.659812
30.491715,-8.901000,-5.635333
30.500647,-8.911069,-5.593571
30.500907,-8.915654,-5.564973
30.482920,-8.930629,-5.545009
30.476004,-8.944287,-5.504251
30.506446,-8.954492,-5.503111
30.502623,-8.974974,-5.462242
30.516245,-8.994582,-5.425196
30.504867,-8.993554,-5.411192
30.509573,-9.024101,-5.357866
30.495892,-9.055819,-5.365429
30.514623,-9.043455,-5.318775
30.510961,-9.059975,-5.281482
30.507159,-9.099594,-5.263943
30.507133,-9.107696,-5.229988
30.500242,-9.102885,-5.192450
30.511368,-9.116193,-5.174919
30.504357,-9.147624,-5.149512
30.517351,-9.128533,-5.121538
30.516116,-9.172676,-5.089124
30.515988,-9.191204,-5.071840
30.511720,-9.196423,-5.037102
30.503795,-9.206543,-5.014189
30.510552,-9.208988,-4.970590
30.502920,-9.226172,-4.941854
30.516156,-9.256197,-4.911533
30.507880,-9.249166,-4.888937
30.514176,-9.285787,-4.858969
30.516875,-9.282794,-4.848866
30.511935,-9.314930,-4.797060
30.514036,-9.316711,-4.768455
30.511940,-9.330607,-4.749735
30.537574,-9.365371,-4.713532
30.505500,-9.353559,-4.702607
30.502379,-9.399104,-4.680645
30.528502,-9.383474,-4.630606
30.519299,-9.393903,-4.613988
30.522181,-9.424684,-4.604344
30.513396,-9.427479,-4.554851
30.500196,-9.468856,-4.533722
30.501432,-9.454787,-4.483566
30.525151,-9.482960,-4.475490
30.535109,-9.507452,-4.431171
30.509560,-9.492116,-4.408416
30.527397,-9.514524,-4.383469
30.510884,-9.529054,-4.366753
30.503415,-9.554228,-4.336374
30.514766,-9.561664,-4.293043
30.501117,-9.600580,-4.280351
30.509522,-9.599849,-4.244117
30.517944,-9.607744,-4.226900
30.511349,-9.623851,-4.209391
30.500081,-9.643339,-4.159686
30.511234,-9.645289,-4.127523
30.514232,-9.664653,-4.134313
30.496709,-9.667225,-4.084168
30.512994,-9.699390,-4.055384
30.508440,-9.680001,-4.004271
30.510577,-9.721273,-3.967921
30.501774,-9.712647,-3.978335
30.491557,-9.722906,-3.937026
30.492697,-9.778382,-3.910429
30.499835,-9.766096,-3.901804
30.517193,-9.788568,-3.854359
30.503720,-9.798141,-3.850280
30.476652,-9.803861,-3.798184
30.511394,-9.818199,-3.773786
30.484271,-9.843538,-3.731742
30.484137,-9.844669,-3.730831
30.486268,-9.858066,-3.696093
30.479677,-9.881404,-3.665907
30.483930,-9.894933,-3.635020
30.473347,-9.910949,-3.580423
30.485312,-9.941426,-3.571101
30.480123,-9.937427,-3.549658
30.474734,-9.962261,-3.516175
30.455457,-9.976380,-3.478957
30.482591,-9.982741,-3.486275
30.467857,-9.987732,-3.430161
30.473675,-10.001477,-3.406511
30.470863,-10.017179,-3.396475
30.475916,-10.048124,-3.366031
30.481895,-10.045427,-3.354144
30.500798,-10.065412,-3.316749
30.495303,-10.076101,-3.270120
30.490252,-10.108448,-3.243861
30.465505,-10.106218,-3.208533
30.476899,-10.140899,-3.203515
30.456279,-10.133245,-3.163900
30.476086,-10.157020,-3.136716
30.460720,-10.161853,-3.101528
30.433619,-10.179446,-3.085637
30.457166,-10.196014,-3.028880
30.460870,-10.197233,-3.032223
30.451815,-10.218788,-2.998943
30.449574,-10.241649,-2.967615
30.459720,-10.259632,-2.947305
30.440066,-10.261151,-2.919791
30.435189,-10.268853,-2.886540
30.437736,-10.284747,-2.861201
30.433174,-10.317287,-2.825489
30.440058,-10.323236,-2.820311
30.441247,-10.328849,-2.780092
30.428134,-10.326620,-2.745856
30.435677,-10.356193,-2.717206
30.431291,-10.375222,-2.696592
30.439899,-10.377035,-2.658582
30.418255,-10.420078,-2.632492
30.430233,-10.396159,-2.618318
30.409916,-10.428847,-2.576881
30.417344,-10.419321,-2.537385
30.410542,-10.470905,-2.535754
30.387096,-10.466077,-2.501400
30.418388,-10.478509,-2.483551
30.398448,-10.488396,-2.440860
30.407687,-10.513608,-2.406416
30.407530,-10.524167,-2.408998
30.403404,-10.520765,-2.363027
30.402203,-10.551489,-2.337593
30.398990,-10.560903,-2.316489
30.390416,-10.575343,-2.280917
30.388845,-10.589830,-2.250746
30.391099,-10.607695,-2.227100
30.370542,-10.617262,-2.194674
30.386579,-10.619510,-2.178523
30.382750,-10.651972,-2.142042
30.384517,-10.644046,-2.100476
30.395521,-10.675555,-2.101631
30.391710,-10.691594,-2.065472
30.360535,-10.691786,-2.040533
30.377877,-10.708117,-2.001962
30.356626,-10.718081,-1.985913
30.367078,-10.740203,-1.953820
30.366986,-10.747227,-1.929449
30.353349,-10.766851,-1.883059
30.360910,-10.773778,-1.883111
30.341992,-10.782606,-1.845470
30.358528,-10.819377,-1.823702
30.350860,-10.812706,-1.786943
30.331376,-10.823568,-1.773515
30.330136,-10.857220,-1.739590
30.331658,-10.850901,-1.723171
30.332205,-10.877546,-1.673666
30.335476,-10.871231,-1.640834
30.343982,-10.904800,-1.640035
30.330924,-10.904804,-1.598410
30.302966,-10.908622,-1.574774
30.303544,-10.931966,-1.520011
30.314158,-10.945266,-1.526550
30.297722,-10.949417,-1.485768
30.301926,-10.976806,-1.455188
30.301475,-10.995307,-1.438484
30.296666,-10.994652,-1.414939
30.287316,-11.005572,-1.375567
30.278729,-11.031237,-1.355882
30.290663,-11.050936,-1.346875
30.279368,-11.048222,-1.313268
30.260880,-11.085866,-1.265738
30.282437,-11.085922,-1.259194
30.266444,-11.107005,-1.219916
30.268584,-11.150356,-1.194545
30.257535,-11.124506,-1.164148
30.267484,-11.126371,-1.134020
30.252914,-11.156684,-1.110244
30.252832,-11.162428,-1.086733
30.241548,-11.181006,-1.064685
30.241439,-11.189117,-1.052071
30.225900,-11.182790,-1.013082
30.232732,-11.212558,-0.986149
30.249339,-11.241858,-0.959204
30.230237,-11.236052,-0.930665
30.232570,-11.257495,-0.915104
30.214751,-11.264468,-0.876773
30.218958,-11.284735,-0.839373
30.212832,-11.310475,-0.828944
30.213299,-11.299781,-0.798918
30.194051,-11.319351,-0.759585
30.206348,-11.315653,-0.753444
30.196676,-11.355534,-0.718449
30.179135,-11.377994,-0.684299
30.181578,-11.372844,-0.641322
30.185978,-11.382745,-0.652053
30.173947,-11.406991,-0.602250
30.174367,-11.404779,-0.595547
30.146311,-11.434478,-0.559852
30.139686,-11.430507,-0.530899
30.169429,-11.447055,-0.502375
30.151158,-11.455862,-0.474743
30.128701,-11.484984,-0.436016
30.126385,-11.475576,-0.444890
30.142869,-11.503256,-0.398134
30.122267,-11.515218,-0.373500
30.112928,-11.535991,-0.349916
30.138012,-11.549456,-0.326637
30.111370,-11.564180,-0.283137
30.111215,-11.578000,-0.262283
30.124946,-11.576621,-0.230731
30.091587,-11.599515,-0.202950
30.114323,-11.618075,-0.183619
30.094340,-11.616603,-0.150456
30.092860,-11.638253,-0.125590
30.099922,-11.641203,-0.092988
30.074228,-11.644846,-0.081842
30.098059,-11.681785,-0.051191
30.060226,-11.672730,-0.022291
30.049280,-11.703539,-0.020426
30.076573,-11.728842,0.023379
30.051980,-11.720101,0.059091
30.041606,-11.750133,0.084873
30.052324,-11.745546,0.100461
30.057612,-11.768772,0.135266
30.043010,-11.782247,0.149009
30.039793,-11.783209,0.206668
30.016135,-11.824096,0.228556
30.042601,-11.827227,0.226984
30.017359,-11.827797,0.268665
30.015597,-11.844130,0.278265
30.020340,-11.847838,0.311065
29.996773,-11.871410,0.359716
29.997157,-11.885780,0.355785
29.992327,-11.868424,0.397952
29.986759,-11.892298,0.428305
29.985310,-11.918219,0.457456
29.987946,-11.930510,0.478693
29.980364,-11.933666,0.483782
29.958141,-11.947470,0.509759
29.951687,-11.965490,0.560722
29.948697,-11.985624,0.548399
29.942895,-12.008066,0.598872
29.948779,-11.991099,0.633069
29.927934,-12.040378,0.649187
29.927405,-12.037608,0.676775
29.905142,-12.032114,0.707532
29.918371,-12.065973,0.736987
29.903236,-12.073722,0.742987
29.907485,-12.097760,0.783394
29.895671,-12.095018,0.788985
29.882700,-12.114360,0.820419
29.886981,-12.137131,0.852469
29.874116,-12.145361,0.883220
29.869013,-12.153635,0.900475
29.866493,-12.146597,0.948858
29.859225,-12.182864,0.949420
29.864907,-12.176827,0.989920
29.831808,-12.194455,1.018366
29.835714,-12.214026,1.027216
29.819934,-12.221291,1.060728
29.834767,-12.236211,1.095334
29.830333,-12.236438,1.117568
29.817750,-12.257874,1.143082
29.816937,-12.289242,1.151202
29.805145,-12.289843,1.188431
29.798411,-12.304175,1.220596
29.795078,-12.300336,1.244148
29.775409,-12.322705,1.270206
29.791770,-12.334910,1.283816
29.775835,-12.355023,1.315255
29.771120,-12.350061,1.322780
29.757155,-12.366245,1.374015
29.779401,-12.384017,1.393384
29.763807,-12.391656,1.415872
29.757008,-12.397657,1.444467
29.736569,-12.401463,1.455807
29.747383,-12.446364,1.496532
29.742213,-12.450234,1.530367
29.728810,-12.450874,1.547463
29.710680,-12.485741,1.579815
29.709223,-12.485370,1.587311
29.705340,-12.486652,1.614637
29.682634,-12.508719,1.642027
29.687771,-12.537841,1.665110
29.672532,-12.535901,1.700693
29.670104,-12.557589,1.707463
29.655972,-12.576567,1.740642
29.669510,-12.584541,1.774402
29.640325,-12.581600,1.795475
29.629124,-12.602051,1.840899
29.623074,-12.607423,1.839467
29.643026,-12.640083,1.891099
29.616005,-12.632084,1.892657
29.616467,-12.659256,1.928843
29.609990,-12.640635,1.955354
29.606984,-12.652092,1.976335
29.601802,-12.676309,1.990614
29.585523,-12.690685,2.027134
29.582392,-12.709789,2.047239
29.573645,-12.717246,2.085095
29.581944,-12.741483,2.094772
29.550406,-12.738323,2.125678
29.553597,-12.754799,2.138208
29.563505,-12.768758,2.169196
29.538709,-12.777757,2.211716
29.537273,-12.801430,2.226028
29.507567,-12.816563,2.246892
29.528427,-12.817482,2.279986
29.510772,-12.835361,2.275362
29.483605,-12.848973,2.319796
29.492536,-12.860014,2.337881
29.495694,-12.875388,2.379019
29.477225,-12.892651,2.377200
29.474688,-12.886054,2.422563
29.470635,-12.901177,2.442157
29.449958,-12.925585,2.457120
29.455885,-12.946266,2.491839
29.453430,-12.934727,2.515547
29.429474,-12.956566,2.543824
29.417448,-12.963529,2.557669
29.419864,-12.977085,2.591428
29.411601,-12.979634,2.621424
29.422083,-13.007100,2.641686
29.410227,-13.014792,2.663625
29.385014,-13.014591,2.670846
29.374753,-13.046967,2.703631
29.360549,-13.038730,2.759784
29.351828,-13.059964,2.767358
29.363944,-13.087037,2.797161
29.338469,-13.097245,2.809919
29.350722,-13.098119,2.836888
29.347765,-13.123436,2.868711
29.335557,-13.117991,2.887447
29.313684,-13.110674,2.905356
29.333796,-13.154201,2.918080
29.292489,-13.171155,2.971485
29.281791,-13.163102,2.966149
29.291706,-13.185284,2.999706
29.281301,-13.182638,3.035658
29.253930,-13.223710,3.048598
29.272685,-13.227108,3.095860
29.245892,-13.246953,3.094847
29.259953,-13.229964,3.122367
29.253543,-13.246982,3.149002
29.231754,-13.258800,3.161577
29.235738,-13.296663,3.182986
29.212533,-13.285639,3.219706
29.201001,-13.321092,3.229835
29.185927,-13.324465,3.257472
29.197780,-13.344716,3.295054
29.187468,-13.325466,3.313039
29.178899,-13.356626,3.332791
29.171691,-13.363428,3.367451
29.173355,-13.386036,3.367424
29.151368,-13.385324,3.407949
29.162786,-13.405861,3.447258
29.126233,-13.426445,3.456336
29.134668,-13.421641,3.471721
29.129798,-13.456752,3.519579
29.106215,-13.450217,3.552471
29.104732,-13.459948,3.557224
29.080222,-13.462049,3.587440
29.072673,-13.480313,3.612541
29.078602,-13.505853,3.635837
29.070378,-13.509771,3.667225
29.066358,-13.522087,3.677106
29.048685,-13.536891,3.698238
29.049623,-13.534072,3.720217
29.014944,-13.554547,3.733842
29.028572,-13.576535,3.767423
29.010272,-13.576542,3.764978
29.001576,-13.592685,3.798293
28.995647,-13.603454,3.831582
28.990422,-13.612589,3.866514
28.980752,-13.625349,3.896822
28.963734,-13.648297,3.902589
28.976304,-13.630540,3.926680
28.957819,-13.644912,3.951106
28.939116,-13.656270,3.976500
28.929429,-13.695108,3.994196
28.925430,-13.687461,4.031168
28.921653,-13.700203,4.054680
28.911167,-13.717127,4.071611
28.922036,-13.731499,4.099457
28.898246,-13.731560,4.142609
28.871648,-13.742334,4.122185
28.886074,-13.773010,4.149652
28.877959,-13.793697,4.202761
28.850659,-13.797202,4.211341
28.841158,-13.782144,4.233574
28.847814,-13.817127,4.251420
28.825252,-13.819939,4.283472
28.830804,-13.835466,4.309542
28.832770,-13.835963,4.325417
28.795863,-13.841370,4.349395
28.795926,-13.890881,4.377301
28.800690,-13.884274,4.398815
28.765460,-13.900839,4.405977
28.777139,-13.895364,4.451636
28.759488,-13.910764,4.464870
28.734542,-13.929525,4.507336
28.733254,-13.945211,4.501630
28.743117,-13.955008,4.540815
28.721512,-13.968006,4.560095
28.698529,-13.977623,4.567645
28.697299,-13.991692,4.584324
28.708722,-13.994283,4.645276
28.677990,-14.014026,4.642163
28.692584,-14.029017,4.674625
28.670111,-14.025878,4.697501
28.658809,-14.042914,4.729151
28.649901,-14.047884,4.749626
28.636114,-14.082920,4.754086
28.619165,-14.082698,4.779390
28.607184,-14.090284,4.805050
28.616879,-14.109139,4.828687
28.603363,-14.098330,4.862142
28.603222,-14.138676,4.870933
28.589022,-14.140590,4.896167
28.567088,-14.159372,4.921116
28.554723,-14.152691,4.950014
28.537275,-14.185781,4.962454
28.539671,-14.179566,4.994525
28.532067,-14.196618,5.025501
28.518853,-14.207675,5.058412
28.519803,-14.210578,5.049923
28.508325,-14.221493,5.075513
28.509736,-14.251848,5.120121
28.496235,-14.232199,5.117778
28.459755,-14.265199,5.161676
28.457585,-14.280059,5.177805
28.475171,-14.270720,5.202819
28.446051,-14.298953,5.219184
28.438549,-14.309067,5.235359
28.447293,-14.321464,5.278078
28.426740,-14.321265,5.303700
28.401707,-14.354508,5.282457
28.397352,-14.361844,5.336710
28.400742,-14.382918,5.362155
28.371216,-14.384885,5.378590
28.356958,-14.399837,5.389685
28.347378,-14.405814,5.413747
28.360413,-14.415602,5.432405
28.345530,-14.426343,5.460986
28.334532,-14.441012,5.473814
28.321148,-14.453729,5.500519
28.303829,-14.469744,5.550105
28.295056,-14.477397,5.543529
28.281741,-14.487811,5.570401
28.261839,-14.493602,5.589525
28.274347,-14.503684,5.612688
28.270655,-14.503521,5.640548
28.234128,-14.521777,5.655304
28.213984,-14.530392,5.676260
28.218877,-14.550952,5.702440
28.228835,-14.556879,5.727002
28.205764,-14.582102,5.731995
28.188425,-14.579575,5.783605
28.214121,-14.594033,5.796810
28.162014,-14.606922,5.812224
28.177549,-14.608447,5.831027
28.167009,-14.635931,5.867141
28.166975,-14.639643,5.884821
28.119059,-14.658454,5.872466
28.107047,-14.649005,5.915527
28.100264,-14.684094,5.944624
28.098447,-14.700191,5.961304
28.092716,-14.692732,5.977944
28.080276,-14.700751,6.010598
28.081285,-14.727506,6.044460
28.059111,-14.742843,6.031012
28.052155,-14.726816,6.039046
28.025823,-14.741868,6.064991
28.046743,-14.765833,6.113800
28.018292,-14.772789,6.121955
28.021279,-14.794632,6.145589
27.996907,-14.792477,6.165308
27.998919,-14.804506,6.191900
27.989301,-14.820707,6.225830
27.961306,-14.814278,6.247729
27.963376,-14.839941,6.256641
27.953431,-14.856104,6.288047
27.929726,-14.859043,6.317849
27.912040,-14.871131,6.326698
27.903446,-14.880256,6.362840
27.917793,-14.884243,6.375465
27.888564,-14.916581,6.384348
27.880486,-14.918225,6.402614
27.857825,-14.922829,6.435117
27.831391,-14.924314,6.440932
27.854295,-14.938951,6.473480
27.852768,-14.968381,6.495183
27.824719,-14.979301,6.524441
27.812540,-14.984807,6.542555
27.802909,-15.004140,6.545554
27.796583,-15.017975,6.586182
27.785736,-15.021408,6.606573
27.772808,-15.010785,6.617277
27.777002,-15.016248,6.636823
27.748512,-15.043113,6.679576
27.751047,-15.063643,6.655872
27.734170,-15.076095,6.700831
27.719372,-15.094683,6.718295
27.691086,-15.087072,6.749596
27.679132,-15.109603,6.768582
27.702906,-15.113994,6.784942
27.676477,-15.119881,6.796427
27.660624,-15.153250,6.828222
27.644889,-15.149978,6.850039
27.642574,-15.155447,6.868223
27.635256,-15.168107,6.877998
27.631903,-15.189761,6.915047
27.595436,-15.182954,6.940151
27.609826,-15.197580,6.952644
27.588079,-15.190415,6.993606
27.577048,-15.218155,6.960298
27.561828,-15.239602,7.020515
27.555278,-15.238336,7.015953
27.540504,-15.261870,7.040744
27.531075,-15.270497,7.073881
27.534417,-15.279070,7.090788
27.513824,-15.294408,7.103255
27.499915,-15.298911,7.121515
27.481295,-15.308691,7.170640
27.478191,-15.322748,7.169242
27.456142,-15.324320,7.194312
27.459203,-15.333725,7.219285
27.442032,-15.339606,7.247140
27.429716,-15.375364,7.259516
27.402977,-15.372785,7.286525
27.409463,-15.374011,7.297057
27.398957,-15.389106,7.315086
27.380394,-15.403809,7.342538
27.368008,-15.425915,7.365108
27.360491,-15.432803,7.367307
27.331604,-15.458970,7.398964
27.330602,-15.456850,7.415338
27.335330,-15.476691,7.427667
27.325532,-15.457805,7.444757
27.297418,-15.495603,7.458907
27.303589,-15.483144,7.483020
27.279208,-15.518931,7.525973
27.259797,-15.506359,7.527665
27.263745,-15.515759,7.547531
27.234315,-15.530497,7.549031
27.225943,-15.558630,7.580641
27.215972,-15.562889,7.609623
27.205443,-15.581380,7.628084
27.193933,-15.571132,7.643139
27.179995,-15.591965,7.667064
27.193631,-15.596877,7.685371
27.161897,-15.614166,7.709101
27.166813,-15.619676,7.731763
27.136794,-15.605802,7.736246
27.116294,-15.649517,7.749575
27.115741,-15.650007,7.771351
27.070980,-15.674128,7.799683
27.068185,-15.677157,7.817379
27.075776,-15.716024,7.863873
27.076419,-15.699594,7.876618
27.048511,-15.689888,7.885156
27.036810,-15.703889,7.907330
27.028998,-15.734777,7.900839
27.019235,-15.736618,7.957775
27.005437,-15.750903,7.957967
27.000781,-15.779683,7.983055
26.975220,-15.793721,8.001393
26.976271,-15.777242,8.008789
26.963335,-15.784622,8.042171
26.953095,-15.796992,8.056813
26.959173,-15.824258,8.065746
26.934592,-15.823191,8.095745
26.912850,-15.830509,8.126878
26.900256,-15.847193,8.146851
26.880917,-15.846586,8.153403
26.880036,-15.884229,8.183680
26.851978,-15.880155,8.198650
26.853120,-15.896685,8.215331
26.837514,-15.899313,8.221324
26.825106,-15.909155,8.252384
26.816431,-15.920201,8.274159
26.804382,-15.945875,8.296845
26.789428,-15.935013,8.309848
26.783122,-15.930024,8.323543
26.742185,-15.952976,8.346144
26.754062,-15.959022,8.368288
26.736069,-15.986348,8.366929
26.731454,-16.003197,8.406447
26.709317,-16.007442,8.419569
26.713013,-16.013748,8.426140
26.691478,-16.021662,8.443999
26.702797,-16.026937,8.475362
26.672367,-16.049272,8.478986
26.660085,-16.052446,8.525536
26.637911,-16.064350,8.525661
26.631664,-16.086311,8.552204
26.616401,-16.074065,8.556693
26.625709,-16.107102,8.596156
26.580422,-16.098855,8.603285
26.568283,-16.127106,8.615018
26.577313,-16.128247,8.616306
26.579515,-16.147214,8.656728
26.558609,-16.148194,8.667531
26.561000,-16.145884,8.703901
26.512974,-16.164869,8.705964
26.518626,-16.171791,8.732172
26.494248,-16.176136,8.743340
26.503430,-16.195912,8.782306
26.469491,-16.209284,8.775853
26.457348,-16.239332,8.789844
26.438204,-16.230395,8.822063
26.450770,-16.223854,8.849040
26.419558,-16.251279,8.842399
26.400044,-16.271538,8.885382
26.400572,-16.268151,8.905402
26.367956,-16.280485,8.923298
26.376684,-16.276835,8.945463
26.368855,-16.298328,8.948501
26.350198,-16.324720,8.958001
26.339774,-16.320792,8.990148
26.312978,-16.346716,8.990576
26.317622,-16.358579,9.017792
26.295658,-16.360871,9.017062
26.298965,-16.364419,9.041063
26.272952,-16.364201,9.063630
26.256662,-16.391969,9.093619
26.255792,-16.402288,9.106866
26.232943,-16.403426,9.115311
26.211773,-16.425702,9.142166
26.204623,-16.420394,9.160399
26.203737,-16.431998,9.178752
26.200429,-16.433683,9.196188
26.176290,-16.450355,9.201566
26.162395,-16.466673,9.240349
26.154340,-16.478669,9.235659
26.120513,-16.484070,9.277647
26.115778,-16.507722,9.266011
26.114893,-16.510616,9.318513
26.103916,-16.514713,9.317424
26.089262,-16.520749,9.336929
26.079840,-16.549473,9.342577
26.072021,-16.559075,9.384402
26.046303,-16.564370,9.398167
26.041862,-16.546815,9.406193
26.021860,-16.568238,9.425418
26.003603,-16.590429,9.453102
26.002290,-16.586700,9.453369
25.995741,-16.606021,9.466852
25.961095,-16.617037,9.496118
25.967298,-16.645600,9.514163
25.954329,-16.647642,9.519981
25.939396,-16.650304,9.534173
25.924879,-16.669151,9.560758
25.916981,-16.669245,9.563792
25.895480,-16.669926,9.599207
25.876187,-16.680991,9.619642
25.875925,-16.691391,9.606067
25.856885,-16.695066,9.655486
25.840055,-16.726246,9.664606
25.827558,-16.723506,9.661865
25.812743,-16.730294,9.690505
25.815243,-16.762847,9.723515
25.786167,-16.754304,9.732341
25.788308,-16.767887,9.733254
25.756152,-16.799506,9.764238
25.762192,-16.780913,9.790217
25.744939,-16.801170,9.794933
25.725088,-16.804880,9.811410
25.709945,-16.831853,9.803056
25.705532,-16.820002,9.831524
25.684448,-16.822381,9.865719
25.670919,-16.840634,9.883410
25.664919,-16.858790,9.894067
25.625543,-16.845926,9.911500
25.644547,-16.874430,9.927819
25.626152,-16.900443,9.945303
25.638908,-16.893918,9.935142
25.609111,-16.911118,9.981903
25.606443,-16.927951,9.973293
25.577131,-16.935730,10.003606
25.566850,-16.923683,10.032483
25.546383,-16.950433,10.042649
25.549687,-16.961725,10.056159
25.517654,-16.974076,10.077654
25.507843,-16.953708,10.108588
25.502327,-16.951324,10.121820
25.510383,-16.970768,10.138320
25.481656,-16.946148,10.173365
25.465321,-16.987334,10.186728
25.460760,-16.980522,10.200785
25.460417,-16.990278,10.219594
25.426619,-16.972630,10.234950
25.415662,-16.991561,10.261023
25.427276,-16.974861,10.280588
25.406349,-16.989712,10.292640
25.409639,-16.999524,10.334857
25.392811,-17.011243,10.345261
25.376736,-16.989516,10.390705
25.375127,-17.002642,10.399129
25.343014,-16.999786,10.423993
25.353193,-16.998939,10.437067
25.336044,-16.994310,10.456618
25.345225,-17.021712,10.466424
25.334416,-16.995734,10.491923
25.329793,-17.010657,10.528761
25.304141,-17.009280,10.552848
25.289744,-16.991535,10.577708
25.285387,-17.017802,10.583855
25.273515,-17.029531,10.611299
25.271863,-17.021604,10.634589
25.250158,-17.020491,10.652290
25.267382,-17.007722,10.681690
25.233001,-17.019529,10.701785
25.225733,-17.005209,10.731074
25.233758,-17.004345,10.739590
25.229711,-17.003603,10.746320
25.207735,-17.013592,10.748116
25.184393,-17.018803,10.790562
25.190971,-17.024678,10.815683
25.179579,-16.999035,10.826046
25.151240,-17.013108,10.855680
25.150228,-17.024265,10.864457
25.152433,-17.001092,10.904781
25.154587,-17.007442,10.906155
25.130794,-17.024491,10.924264
25.128833,-17.017818,10.951049
25.131362,-17.012968,10.989455
25.113679,-17.023633,10.985177
25.108268,-17.027204,11.020869
25.091782,-17.036853,11.027802
25.093083,-17.006466,11.053410
25.073487,-17.023262,11.052046
25.067977,-17.014046,11.071145
25.054119,-17.004193,11.075927
25.056366,-17.028677,11.128403
25.043026,-17.012442,11.158032
25.040437,-17.004349,11.155889
25.015162,-17.026877,11.173063
25.023762,-16.990389,11.194688
25.030527,-17.007705,11.204018
25.003710,-17.011948,11.235654
24.988788,-17.000465,11.226018
24.994384,-16.991473,11.264541
24.983265,-16.999281,11.274810
24.972911,-16.998116,11.298234
24.976612,-16.996010,11.315067
24.955200,-17.001402,11.342867
24.950173,-17.002178,11.365819
24.945552,-17.000386,11.372818
24.928608,-17.016350,11.375040
24.946506,-17.028060,11.402902
24.929017,-16.995916,11.422033
24.908928,-16.994531,11.451055
24.914524,-17.007324,11.447512
24.903325,-17.013376,11.472646
24.899883,-16.996312,11.483948
24.894478,-16.993367,11.488125
24.864426,-17.015601,11.513646
24.858956,-16.990808,11.526750
24.864788,-17.003605,11.547659
24.870817,-16.992456,11.556606
24.881769,-16.991068,11.598276
24.846329,-16.991153,11.588492
24.840909,-17.001184,11.610903
24.846370,-16.995799,11.618104
24.820796,-17.003369,11.657794
24.830874,-16.972381,11.646661
24.832204,-17.001540,11.673273
24.805836,-16.979328,11.690241
24.799256,-16.982228,11.686374
24.805682,-16.989629,11.709847
24.796714,-16.979384,11.746366
24.760449,-17.001193,11.743658
24.775779,-16.995667,11.757935
24.762143,-16.978089,11.781895
24.774287,-16.996372,11.800595
24.753509,-16.983555,11.804785
24.746108,-16.975634,11.829985
24.737166,-16.989399,11.834367
24.727605,-16.976273,11.858921
24.716789,-17.000163,11.866424
24.723466,-16.993107,11.878160
24.711412,-16.997611,11.901226
24.708081,-16.980920,11.891743
24.715240,-16.989295,11.938437
24.690668,-16.977296,11.936901
24.693695,-16.992126,11.947613
24.687820,-16.986996,11.961216
24.681312,-16.972282,11.982841
24.676608,-16.976793,11.973176
24.656966,-16.992007,11.999796
24.667293,-16.955700,12.002798
24.647715,-16.982798,12.050974
24.650346,-16.962795,12.042423
24.651071,-16.981860,12.054806
24.646251,-16.981692,12.062180
24.625770,-16.971609,12.062768
24.606783,-16.974944,12.100886
24.626195,-16.967817,12.112160
24.608525,-16.964031,12.114918
24.617670,-16.974362,12.133901
24.618808,-16.985761,12.158872
24.606831,-16.957662,12.160251
24.594547,-16.956562,12.176094
24.593009,-16.966693,12.170768
24.586272,-16.973630,12.198233
24.579379,-16.969585,12.201900
24.548350,-16.966106,12.212573
24.537630,-16.966425,12.223833
24.553354,-16.969392,12.252995
24.559855,-16.970076,12.263288
24.548057,-16.958585,12.261754
24.536880,-16.974474,12.289899
24.552543,-16.961865,12.293470
24.523635,-16.954151,12.312671
24.536169,-16.966309,12.331105
24.531236,-16.953257,12.320837
24.507174,-16.942445,12.350485
24.500888,-16.950794,12.362099
24.493566,-16.966396,12.355753
24.497328,-16.952956,12.366644
24.487714,-16.967794,12.379900
24.497530,-16.970762,12.403962
24.487850,-16.957335,12.399192
24.478217,-16.943060,12.396858
24.472517,-16.936778,12.428671
24.477162,-16.944431,12.418771
24.452962,-16.955833,12.456660
24.457320,-16.941260,12.458540
24.438564,-16.948237,12.467329
24.438948,-16.942953,12.481123
24.455250,-16.940952,12.478154
24.435369,-16.946820,12.501531
24.423243,-16.944714,12.512581
24.430228,-16.956681,12.512515
24.414912,-16.942559,12.529711
24.431527,-16.950820,12.528961
24.418035,-16.937404,12.561774
24.408436,-16.946485,12.561232
24.395654,-16.934802,12.595062
24.385701,-16.945228,12.602655
24.388923,-16.943681,12.592541
24.397063,-16.925867,12.605501
24.364892,-16.933755,12.622857
24.401056,-16.939284,12.623565
24.365427,-16.947497,12.635646
24.359540,-16.927011,12.637257
24.343622,-16.942316,12.654189
24.362701,-16.937903,12.670569
24.360893,-16.919951,12.665210
24.336884,-16.943487,12.682054
24.353222,-16.934788,12.690202
24.357435,-16.935770,12.681283
24.329827,-16.935349,12.702881
24.339220,-16.934126,12.734729
24.337811,-16.927188,12.732945
24.334332,-16.908643,12.763926
24.318686,-16.932830,12.746421
24.315527,-16.939433,12.741364
24.312974,-16.929903,12.763170
24.328350,-16.932720,12.778010
24.306702,-16.924837,12.783610
24.313830,-16.937270,12.798783
24.291458,-16.921290,12.796653
24.298008,-16.917771,12.783682
24.286331,-16.922537,12.820081
24.277441,-16.924058,12.827509
24.274983,-16.914781,12.857993
24.273751,-16.926579,12.860598
24.294077,-16.936740,12.852602
24.272255,-16.913406,12.878792
24.276988,-16.907347,12.886754
24.262412,-16.923767,12.887659
24.246551,-16.921324,12.876301
24.249146,-16.912684,12.905892
24.250071,-16.916145,12.910552
24.248803,-16.923487,12.913990
24.243720,-16.908212,12.926485
24.225843,-16.919780,12.930209
24.223119,-16.917931,12.931043
24.227921,-16.909655,12.951609
24.235228,-16.925252,12.959155
24.198525,-16.904191,12.956644
24.202694,-16.915953,12.962307
24.200716,-16.921361,12.996762
24.200888,-16.902325,12.971374
24.207638,-16.894477,12.986257
24.186750,-16.917677,13.011784
24.210339,-16.913559,13.012394
24.188827,-16.901930,13.016113
24.216911,-16.925185,13.033570
24.174676,-16.908230,13.048456
24.182510,-16.909316,13.054117
24.171988,-16.901572,13.058422
24.177089,-16.905645,13.038365
24.195652,-16.899635,13.043621
24.169874,-16.908944,13.069892
24.163046,-16.900739,13.091012
24.164188,-16.914828,13.074196
24.173257,-16.905753,13.089047
24.155938,-16.882750,13.101686
24.147594,-16.904094,13.110151
24.146779,-16.918062,13.113644
24.137948,-16.886510,13.123939
24.140624,-16.892222,13.126070
24.120961,-16.886190,13.153027
24.139807,-16.902074,13.135639
24.137633,-16.879152,13.143555
24.118816,-16.893710,13.159179
24.143705,-16.908021,13.174253
24.121146,-16.898801,13.191994
24.092999,-16.879624,13.171390
24.118552,-16.887958,13.192547
24.115504,-16.877243,13.192003
24.123262,-16.890309,13.215211
24.101690,-16.904640,13.203731
24.111678,-16.891263,13.220809
24.108643,-16.894110,13.222905
24.115856,-16.891884,13.227065
24.097395,-16.894641,13.234582
24.091488,-16.873269,13.257737
24.078097,-16.876093,13.263306
24.065859,-16.873271,13.249183
24.078527,-16.862173,13.257639
24.087120,-16.898597,13.286165
24.077988,-16.885581,13.287684
24.081414,-16.879058,13.281245
24.067044,-16.887431,13.280807
24.061817,-16.891065,13.276046
24.052545,-16.878409,13.299172
24.054424,-16.878469,13.312228
24.059824,-16.885551,13.314708
24.032757,-16.876764,13.330839
24.057195,-16.875328,13.324805
24.058434,-16.866903,13.336469
24.043752,-16.880505,13.351611
24.047837,-16.857458,13.344083
24.045647,-16.863758,13.352712
24.029372,-16.874835,13.353048
24.048213,-16.870736,13.357103
24.020490,-16.871689,13.378154
24.036242,-16.873625,13.370833
24.016824,-16.866218,13.384742
24.035695,-16.866791,13.359790
24.014950,-16.866373,13.383382
24.009122,-16.863283,13.405677
23.998255,-16.857419,13.398233
24.019545,-16.865702,13.416754
24.024594,-16.873433,13.399227
23.990539,-16.865068,13.402647
23.998074,-16.855517,13.411199
24.012825,-16.867961,13.433485
24.003805,-16.870005,13.444971
24.005318,-16.873862,13.441678
23.999228,-16.869287,13.449814
23.994788,-16.869856,13.456453
24.005362,-16.853722,13.450939
23.991608,-16.863600,13.459652
23.992176,-16.857869,13.466880
23.999292,-16.857336,13.454291
23.965868,-16.868681,13.482076
23.978658,-16.867368,13.466935
23.984618,-16.876829,13.486889
23.975110,-16.849980,13.477458
23.977053,-16.864480,13.484260
23.965986,-16.852248,13.507597
23.985614,-16.855341,13.510306
23.955937,-16.876899,13.491619
23.955360,-16.850316,13.526609
23.947559,-16.851324,13.519497
23.971764,-16.872122,13.529830
23.941034,-16.863072,13.532777
23.952463,-16.853764,13.529919
23.942728,-16.856608,13.544098
23.938669,-16.862685,13.561176
23.946387,-16.852675,13.561863
23.930511,-16.859756,13.551165
23.937352,-16.846729,13.558147
23.913783,-16.838891,13.556759
23.926171,-16.855017,13.568023
23.938597,-16.849157,13.564163
23.920279,-16.854590,13.586838
23.935553,-16.855462,13.592270
23.920685,-16.837965,13.578842
23.919963,-16.848475,13.605302
23.926601,-16.838608,13.589783
23.924116,-16.859808,13.595299
23.922704,-16.845724,13.600271
23.901097,-16.852189,13.611412
23.914684,-16.846399,13.621948
23.904656,-16.850659,13.629124
23.914974,-16.836898,13.633010
23.883401,-16.843666,13.635591
23.890686,-16.863672,13.634337
23.913490,-16.853745,13.643298
23.899116,-16.844422,13.643399
23.906879,-16.845733,13.657794
23.883919,-16.839739,13.653117
23.911775,-16.847994,13.642979
23.874250,-16.827927,13.647753
23.885876,-16.835269,13.653427
23.885990,-16.839031,13.665360
23.882496,-16.830914,13.685105
23.883719,-16.828844,13.673680
23.882058,-16.833959,13.684176
23.871019,-16.839095,13.682845
23.872567,-16.832365,13.700643
23.882945,-16.833113,13.690106
23.875301,-16.825870,13.702365
23.857853,-16.839809,13.704767
23.867848,-16.858148,13.703030
23.865784,-16.831243,13.714907
23.864628,-16.824870,13.720278
23.865962,-16.834038,13.713548
23.868844,-16.852895,13.716425
23.851618,-16.826737,13.721779
23.865814,-16.829457,13.728792
23.860874,-16.828089,13.748052
23.852682,-16.827220,13.743967
23.839058,-16.842819,13.722405
23.846536,-16.843655,13.736963
23.835307,-16.832130,13.741200
23.842630,-16.832823,13.763470
23.845118,-16.850165,13.741999
23.825539,-16.817226,13.756178
23.839208,-16.813200,13.753250
23.821891,-16.822532,13.756603
23.845269,-16.830420,13.786005
23.845296,-16.819737,13.753048
23.837827,-16.833412,13.787954
23.815435,-16.833177,13.778623
23.818855,-16.816508,13.788073
23.837490,-16.822307,13.762986
23.818413,-16.828810,13.794588
23.825109,-16.822410,13.804225
23.811230,-16.825005,13.793848
23.825403,-16.821220,13.799187
23.830796,-16.835123,13.781910
23.827547,-16.828124,13.814755
23.819500,-16.814175,13.826239
23.819847,-16.831092,13.801426
23.796779,-16.811089,13.808632
23.808587,-16.812285,13.824076
23.801823,-16.814531,13.823189
23.809152,-16.820227,13.815303
23.818819,-16.806334,13.823390
23.812124,-16.811739,13.831271
23.801416,-16.825267,13.848083
23.805943,-16.821830,13.822513
23.784688,-16.814358,13.835354
23.794776,-16.836072,13.862156
23.808335,-16.821360,13.852649
23.800439,-16.797522,13.847206
23.788673,-16.834065,13.853563
23.761629,-16.807519,13.853258
23.789757,-16.805332,13.860933
23.791330,-16.815766,13.868481
23.794450,-16.813727,13.868149
23.795723,-16.832960,13.878919
23.776985,-16.811457,13.881116
23.765443,-16.816956,13.870954
23.783980,-16.795584,13.882046
23.776443,-16.828909,13.883676
23.777137,-16.827961,13.902334
23.791637,-16.808186,13.890865
23.783022,-16.813907,13.889800
23.762192,-16.801425,13.910158
23.773455,-16.802601,13.892617
23.773026,-16.800317,13.899824
23.767512,-16.798233,13.899350
23.764057,-16.825047,13.900188
23.761062,-16.803633,13.930891
23.766917,-16.800984,13.907243
23.768030,-16.807864,13.919582
23.760486,-16.801309,13.921863
23.755609,-16.788806,13.921232
23.745742,-16.808900,13.907422
23.744828,-16.825569,13.930042
23.765013,-16.800241,13.936261
23.753718,-16.811485,13.944761
23.765247,-16.792401,13.939539
23.761942,-16.819232,13.934902
23.749989,-16.807616,13.944028
23.740617,-16.819232,13.934053
23.740006,-16.815107,13.950284
23.729376,-16.806945,13.959067
23.757898,-16.811623,13.943148
23.753648,-16.814479,13.951333
23.725020,-16.807605,13.964886
23.747397,-16.814725,13.949878
23.768196,-16.798063,13.960248
23.731870,-16.793577,13.954380
23.732372,-16.828133,13.954013
23.735007,-16.813177,13.990929
23.730405,-16.801603,13.984928
23.725916,-16.793964,13.971862
23.733160,-16.814726,13.967975
23.749864,-16.808669,13.970998
23.754899,-16.804307,13.993129
23.728461,-16.776823,13.973811
23.733026,-16.793234,13.980970
23.714847,-16.805346,13.986255
23.725922,-16.787742,14.001529
23.720926,-16.785849,13.992441
23.731670,-16.791913,13.988659
23.713545,-16.822258,14.005608
23.731353,-16.803566,13.991667
23.719034,-16.799329,14.009633
23.720721,-16.795900,14.000303
23.715258,-16.801557,14.008196
23.718426,-16.791133,14.011841
23.726273,-16.785876,14.032718
23.715644,-16.789523,14.013527
23.724688,-16.799687,14.028969
23.711128,-16.800365,14.020575
23.720307,-16.784044,14.001728
23.690878,-16.779319,14.027038
23.725754,-16.790043,14.030200
23.706549,-16.801789,14.032677
23.704380,-16.796833,14.017183
23.706181,-16.784200,14.035976
23.686991,-16.792196,14.034172
23.704089,-16.784103,14.037014
23.690084,-16.787296,14.044120
23.685401,-16.784121,14.044145
23.699424,-16.806207,14.038068
23.677473,-16.806102,14.054958
23.707073,-16.790000,14.053737
23.696101,-16.796948,14.053975
23.699095,-16.790375,14.054287
23.685377,-16.779588,14.041669
23.690729,-16.783392,14.054217
23.700172,-16.782447,14.058276
23.677032,-16.813494,14.055955
23.691834,-16.792438,14.055253
23.687951,-16.794673,14.065439
23.686851,-16.792530,14.078736
23.685206,-16.777252,14.053240
23.681977,-16.781081,14.065848
23.681586,-16.799180,14.072352
23.664393,-16.807638,14.069379
23.682183,-16.769475,14.089462
23.683111,-16.776051,14.073151
23.676192,-16.777968,14.097257
23.660362,-16.795446,14.097702
23.683170,-16.786895,14.086242
23.669582,-16.769302,14.097822
23.663850,-16.791934,14.090743
23.674554,-16.780568,14.100881
23.687411,-16.765376,14.092418
23.665785,-16.789899,14.100571
23.665665,-16.783514,14.103105
23.673657,-16.806405,14.091113
23.672213,-16.790348,14.102719
23.668517,-16.798136,14.104978
23.657493,-16.765104,14.115044
23.669481,-16.776623,14.124661
23.662193,-16.787359,14.101238
23.673141,-16.785399,14.094055
23.657090,-16.807886,14.104589
23.654924,-16.774837,14.099182
23.645659,-16.777170,14.117654
23.648212,-16.768143,14.106524
23.687454,-16.783795,14.134623
23.657943,-16.779835,14.104157
23.656372,-16.766349,14.105234
23.674845,-16.774578,14.125164
23.676086,-16.794707,14.135611
23.656700,-16.776387,14.135078
23.652777,-16.774283,14.131534
23.648464,-16.777263,14.128015
23.626837,-16.790297,14.132241
23.652211,-16.767969,14.149568
23.647412,-16.785626,14.142100
23.644908,-16.771182,14.131525
23.660140,-16.765015,14.156911
23.646026,-16.780810,14.122635
23.650618,-16.781451,14.138070
23.649596,-16.775194,14.159410
23.643710,-16.783407,14.161073
23.637386,-16.785082,14.150169
23.660031,-16.783506,14.158975
23.633301,-16.780968,14.151136
23.643592,-16.794363,14.152699
23.649079,-16.783490,14.155447
23.648389,-16.763331,14.154536
23.641321,-16.778228,14.148044
23.634334,-16.791205,14.163110
23.641575,-16.796565,14.146036
23.642535,-16.776501,14.172577
23.643624,-16.759361,14.154409
23.652605,-16.785480,14.164883
23.643081,-16.762133,14.178974
23.636860,-16.776423,14.165544
23.641440,-16.759604,14.151910
23.645899,-16.778263,14.182549
23.625542,-16.755069,14.156536
23.633586,-16.776027,14.168812
23.637539,-16.783067,14.168341
23.623930,-16.763568,14.186961
23.624954,-16.766795,14.175267
23.625231,-16.785706,14.183557
23.631636,-16.765559,14.194506
23.635127,-16.772384,14.181166
23.623364,-16.771028,14.177286
23.628227,-16.746544,14.206058
23.629489,-16.758368,14.190328
23.631194,-16.778241,14.176633
23.627560,-16.769573,14.190782
23.635813,-16.789654,14.187273
23.605909,-16.775843,14.197508
23.621845,-16.784544,14.176994
23.620463,-16.791154,14.197470
23.624322,-16.776767,14.207866
23.621568,-16.784479,14.200198
23.609507,-16.772903,14.206305
23.623404,-16.758404,14.195813
23.618707,-16.775939,14.202915
23.632611,-16.771829,14.209481
23.595579,-16.780359,14.206415
23.627730,-16.779758,14.205892
23.596683,-16.763991,14.202398
23.610480,-16.774439,14.206696
23.628203,-16.767013,14.217578
23.612003,-16.785240,14.219374
23.623391,-16.777494,14.212490
23.596660,-16.752560,14.226022
23.605337,-16.778387,14.220803
23.595259,-16.760233,14.217011
23.607208,-16.764368,14.220127
23.600929,-16.756778,14.210683
23.611654,-16.774159,14.229257
23.621497,-16.762486,14.236148
23.622180,-16.745342,14.240372
23.606840,-16.775703,14.215974
23.601516,-16.768267,14.235833
23.618822,-16.755255,14.223425
23.585971,-16.762669,14.232924
23.597790,-16.771433,14.232574
23.598155,-16.765544,14.233399
23.599048,-16.768474,14.238544
23.609437,-16.777383,14.236196
23.617444,-16.764070,14.223209
23.604349,-16.762125,14.241478
23.597893,-16.772412,14.237735
23.590808,-16.761957,14.248155
23.605027,-16.756158,14.240244
23.596558,-16.788400,14.232212
23.608835,-16.759172,14.233884
23.589899,-16.772620,14.247412
23.618287,-16.762528,14.245634
23.603121,-16.774047,14.253480
23.591898,-16.774881,14.263869
23.603305,-16.774482,14.234555
23.597165,-16.732425,14.244985
23.597931,-16.765647,14.256748
23.609630,-16.741150,14.247030
23.582730,-16.766068,14.241011
23.610846,-16.774149,14.247775
23.580314,-16.762109,14.247470
23.586398,-16.763059,14.238439
23.589344,-16.772133,14.256181
23.593733,-16.774387,14.260874
23.590017,-16.766684,14.262025
23.578095,-16.759389,14.240507
23.578711,-16.764301,14.255303
23.589240,-16.749474,14.256818
23.581375,-16.758263,14.265420
23.590668,-16.777967,14.260754
23.577922,-16.770837,14.258944
23.568098,-16.759741,14.265871
23.587608,-16.750598,14.273735
23.590237,-16.760810,14.269841
23.589892,-16.766287,14.266995
23.587779,-16.750754,14.250460
23.592965,-16.751618,14.262578
23.608863,-16.778391,14.258826
23.569862,-16.767846,14.263095
23.579120,-16.780024,14.270965
23.574987,-16.763690,14.254745
23.593464,-16.765925,14.275901
23.583624,-16.777255,14.276556
23.589841,-16.753099,14.294803
23.605261,-16.752384,14.274396
23.582399,-16.767560,14.272056
23.581124,-16.771049,14.273713
23.571557,-16.746889,14.265993
23.574326,-16.768145,14.273872
23.569980,-16.742621,14.261029
23.579979,-16.759987,14.280656
23.584113,-16.774140,14.294913
23.566780,-16.767804,14.284018
23.587061,-16.743779,14.278377
23.591635,-16.769027,14.282907
23.598374,-16.749891,14.278553
23.546365,-16.768386,14.303679
23.596880,-16.758925,14.274040
23.568111,-16.768461,14.287413
23.581699,-16.754531,14.291764
23.570897,-16.757727,14.293000
23.577363,-16.765692,14.278346
23.565296,-16.751771,14.291014
23.571743,-16.747739,14.297885
23.570803,-16.767424,14.276882
23.583813,-16.770907,14.288044
23.575633,-16.772845,14.300154
23.560555,-16.762001,14.302634
23.578010,-16.755038,14.294235
23.580790,-16.758399,14.293249
23.574344,-16.764130,14.301827
23.560353,-16.762832,14.297204
23.574781,-16.767426,14.308934
23.535840,-16.756957,14.285203
23.562670,-16.766929,14.294488
23.562687,-16.751505,14.323322
23.564486,-16.768178,14.314980
23.569657,-16.758643,14.304241
23.564761,-16.742880,14.316584
23.558961,-16.754572,14.306774
23.552592,-16.759603,14.297274
23.572114,-16.754160,14.295572
23.570296,-16.742663,14.311454
23.567624,-16.763855,14.299521
23.554522,-16.750980,14.329011
23.566394,-16.761186,14.312299
23.563351,-16.737291,14.308310
23.541313,-16.740834,14.321452
23.548853,-16.763420,14.321530
23.567002,-16.752809,14.317115
23.555985,-16.738878,14.308247
23.581058,-16.744261,14.302466
23.558520,-16.747899,14.321391
23.564798,-16.749156,14.308612
23.561964,-16.750709,14.334613
23.542492,-16.770770,14.313095
23.557520,-16.767987,14.326515
23.564516,-16.753157,14.321423
23.561254,-16.770031,14.318578
23.565249,-16.777444,14.300469
23.550578,-16.769489,14.318912
23.561388,-16.759795,14.325368
23.551197,-16.750014,14.317223
23.571077,-16.750962,14.341132
23.540248,-16.767099,14.317377
23.551052,-16.771470,14.326034
23.557508,-16.756237,14.317614
23.536912,-16.773441,14.327775
23.546749,-16.739599,14.329177
23.558413,-16.761086,14.325366
23.569686,-16.766117,14.337297
23.564029,-16.738901,14.323085
23.548228,-16.776281,14.320729
23.542738,-16.751589,14.338029
23.549791,-16.768135,14.333271
23.560603,-16.746663,14.324847
23.562424,-16.759146,14.326749
23.559262,-16.752133,14.336870
23.548042,-16.763165,14.340722
23.543125,-16.752944,14.325474
23.549306,-16.765895,14.330738
23.555619,-16.763187,14.338177
23.560335,-16.747307,14.339904
23.561443,-16.758683,14.346594
23.551435,-16.748585,14.324474
23.559090,-16.745794,14.342338
23.557893,-16.754769,14.327675
23.557449,-16.731967,14.340822
23.559557,-16.750820,14.317881
23.551266,-16.755553,14.362544
23.552258,-16.738587,14.347070
23.552726,-16.761467,14.347192
23.532487,-16.724504,14.352487
23.547621,-16.737387,14.340669
23.526151,-16.740433,14.357810
23.562685,-16.740702,14.340026
23.550200,-16.739732,14.339436
23.533987,-16.761714,14.340029
23.535461,-16.751404,14.354060
23.533312,-16.749407,14.358060
23.546492,-16.746612,14.333204
23.549350,-16.743028,14.348029
23.563232,-16.737047,14.346644
23.547653,-16.745825,14.351305
23.539855,-16.743625,14.348940
23.558778,-16.755643,14.356692
23.553483,-16.755262,14.372195
23.555923,-16.750459,14.362948
23.519720,-16.768714,14.348366
23.546188,-16.740377,14.343527
23.552189,-16.724056,14.355885
23.546946,-16.739511,14.349133
23.538992,-16.765118,14.347086
23.546085,-16.763445,14.348569
23.541357,-16.761611,14.368790
23.539704,-16.750154,14.361537
23.549778,-16.736140,14.346353
23.532696,-16.744657,14.376545
23.554387,-16.756133,14.357768
23.534826,-16.757814,14.370121
23.554552,-16.753448,14.355822
23.525758,-16.761833,14.369766
23.543502,-16.744165,14.354238
23.531981,-16.738909,14.348676
23.543133,-16.732223,14.358372
23.538600,-16.757001,14.358254
23.551999,-16.754082,14.349581
23.535855,-16.739825,14.372617
23.550919,-16.752329,14.357543
23.540288,-16.747642,14.368434
23.534886,-16.753110,14.355803
23.524693,-16.743062,14.364200
23.540814,-16.749433,14.360001
23.545718,-16.757738,14.348360
23.521258,-16.734071,14.352805
23.524447,-16.748150,14.373243
23.527381,-16.732681,14.356051
23.529680,-16.749310,14.363773
23.542716,-16.738348,14.368206
23.532271,-16.747298,14.360939
23.537145,-16.742045,14.373521
23.532722,-16.779118,14.361031
23.518041,-16.752407,14.347089
23.538615,-16.750635,14.384095
23.534438,-16.742452,14.389938
23.533649,-16.748042,14.353858
23.508520,-16.743495,14.377470
23.536740,-16.745834,14.379498
23.549998,-16.738954,14.376660
23.525143,-16.725694,14.369391
23.529262,-16.756804,14.372962
23.552938,-16.742555,14.382006
23.554807,-16.757197,14.359879
23.532587,-16.752420,14.392351
23.533850,-16.744172,14.362155
23.551557,-16.757105,14.366635
23.535207,-16.757659,14.367518
23.538096,-16.739730,14.354593
23.527879,-16.742563,14.384604
23.525151,-16.740322,14.384299
23.529173,-16.740178,14.371132
23.519671,-16.749771,14.375260
23.525457,-16.749550,14.385543
23.538129,-16.732272,14.366570
23.538394,-16.749518,14.372331
23.532444,-16.734841,14.389012
23.521670,-16.747178,14.372814
23.532566,-16.756305,14.373802
23.529345,-16.755521,14.382511
23.520783,-16.742032,14.390771
23.550744,-16.740985,14.370511
23.525188,-16.756840,14.371175
23.531018,-16.756716,14.375040
23.537936,-16.755443,14.361164
23.528014,-16.727406,14.381695
23.521963,-16.764768,14.379339
23.540879,-16.753467,14.395241
23.539713,-16.739105,14.376706
23.530827,-16.739710,14.378099
23.542167,-16.737944,14.366073
23.529087,-16.755624,14.386345
23.533726,-16.735038,14.385565
23.524029,-16.735304,14.383085
23.538824,-16.736431,14.376647
23.512637,-16.764207,14.382747
23.517789,-16.746166,14.380071
23.518811,-16.757647,14.368376
23.510850,-16.749438,14.401790
23.528797,-16.735796,14.387741
23.513042,-16.737169,14.388680
23.533766,-16.739628,14.372807
23.525699,-16.743204,14.380621
23.502993,-16.737063,14.387023
23.517566,-16.758155,14.384277
23.533197,-16.752982,14.369715
23.540183,-16.743508,14.367029
23.532345,-16.737978,14.392113
23.531146,-16.734720,14.389738
23.524939,-16.745457,14.396206
23.522370,-16.746004,14.400145
23.515278,-16.738353,14.401571
23.518136,-16.750353,14.394399
23.533751,-16.757401,14.391361
23.530433,-16.765055,14.403062
23.512699,-16.742884,14.390295
23.518687,-16.738695,14.384113
23.519765,-16.742067,14.397787
23.520959,-16.746674,14.388668
23.527745,-16.748797,14.381105
23.507919,-16.747553,14.390751
23.498026,-16.736470,14.387285
23.535007,-16.745403,14.382660
23.528102,-16.741606,14.408059
23.519942,-16.732712,14.372584
23.514417,-16.745301,14.408416
23.513794,-16.734011,14.401120
23.526412,-16.729650,14.399131
23.499936,-16.743667,14.398526
23.511499,-16.749764,14.402695
23.522255,-16.730290,14.373174
23.520186,-16.756340,14.401599
23.504910,-16.768223,14.398159
23.528459,-16.714411,14.390491
23.525722,-16.749051,14.398895
23.498663,-16.734529,14.381697
23.514817,-16.749692,14.394325
23.523474,-16.731315,14.407119
23.531779,-16.737379,14.397980
23.517219,-16.744093,14.407151
23.523281,-16.732073,14.414382
23.533551,-16.739078,14.406884
23.507140,-16.750884,14.399879
23.527328,-16.746405,14.385802
23.525264,-16.751558,14.390483
23.508984,-16.763919,14.392376
23.527150,-16.731198,14.421046
23.530146,-16.741689,14.404818
23.513460,-16.738452,14.418682
23.528285,-16.738171,14.403430
23.516280,-16.733722,14.411734
23.520303,-16.738903,14.396514
23.522777,-16.742077,14.389071
23.507171,-16.747623,14.423256
23.543441,-16.725130,14.395011
23.521597,-16.749441,14.404684
23.522557,-16.741958,14.403190
23.507211,-16.734029,14.404707
23.518834,-16.741740,14.415908
23.521405,-16.753746,14.402754
23.508356,-16.744499,14.417689
23.536553,-16.737130,14.405169
23.515588,-16.748300,14.413066
23.500779,-16.748732,14.399036
23.491529,-16.743595,14.415089
23.530533,-16.744720,14.411390
23.510588,-16.759848,14.408714
23.529683,-16.737338,14.408298
23.514402,-16.741670,14.401112
23.520194,-16.751107,14.413343
23.507289,-16.746290,14.419471
23.512446,-16.723433,14.403538
23.522421,-16.752471,14.393056
23.518364,-16.734950,14.403764
23.512096,-16.739314,14.408555
23.527112,-16.737499,14.419863
23.517371,-16.732966,14.413482
23.501111,-16.754686,14.412950
23.515583,-16.741781,14.412400
23.524778,-16.745966,14.398049
23.516921,-16.743920,14.412774
23.501727,-16.756048,14.395935
23.506502,-16.732353,14.406114
23.527822,-16.746606,14.394028
23.531999,-16.743873,14.411705
23.514375,-16.756058,14.406616
23.510000,-16.739280,14.411965
23.520318,-16.748722,14.418743
23.529031,-16.739473,14.420389
23.511124,-16.744151,14.408677
23.496844,-16.738427,14.405225
23.501861,-16.727310,14.396578
23.514370,-16.748313,14.428723
23.515632,-16.752032,14.402292
23.523335,-16.744571,14.398684
23.533143,-16.747006,14.407945
23.519843,-16.758766,14.395954
23.512773,-16.738458,14.411424
23.515804,-16.743998,14.405510
23.499539,-16.739709,14.406310
23.496511,-16.728346,14.392081
23.514898,-16.744324,14.413236
23.515697,-16.750461,14.416440
23.514512,-16.739927,14.403812
23.492189,-16.727079,14.399867
23.527697,-16.740132,14.422118
23.508492,-16.760367,14.409356
23.502368,-16.738258,14.427272
23.503585,-16.742020,14.414916
23.514409,-16.749186,14.411423
23.500476,-16.726509,14.416196
23.509174,-16.716432,14.409439
23.518528,-16.750513,14.437719
23.501506,-16.749792,14.432249
23.514686,-16.736293,14.421121
23.512386,-16.748371,14.416271
23.516536,-16.744499,14.436020
23.505735,-16.726151,14.420283
23.503594,-16.751286,14.420808
23.509877,-16.726637,14.438175
23.511832,-16.721122,14.429291
23.512431,-16.728842,14.412805
23.519349,-16.742291,14.409545
23.535870,-16.735386,14.423754
23.513148,-16.751843,14.408759
23.508234,-16.754825,14.416755
23.506120,-16.750430,14.427292
23.509116,-16.749113,14.398732
23.507191,-16.738773,14.426361
23.506246,-16.737515,14.413935
23.508718,-16.751054,14.434805
23.521919,-16.743136,14.427719
23.520157,-16.732281,14.416268
23.496533,-16.737688,14.420550
23.519983,-16.753878,14.423812
23.504158,-16.733129,14.418547
23.496270,-16.730580,14.446483
23.507353,-16.741733,14.406850
23.518923,-16.731166,14.443007
23.515233,-16.733991,14.424434
23.490503,-16.762010,14.413672
23.512598,-16.749445,14.412511
23.498384,-16.738259,14.440106
23.505101,-16.742214,14.410461
23.507272,-16.743574,14.422229
23.512794,-16.739318,14.435721
23.496580,-16.748549,14.409748
23.502054,-16.733624,14.430088
23.519004,-16.723088,14.421640
23.516677,-16.742990,14.427585
23.510220,-16.736189,14.421914
23.495937,-16.752637,14.425906
23.518210,-16.731357,14.427328
23.491418,-16.738162,14.414759
23.514087,-16.746741,14.437317
23.517157,-16.752556,14.423775
23.508909,-16.735796,14.425644
23.493315,-16.739268,14.431547
23.506753,-16.739733,14.429060
23.514782,-16.747978,14.429066
23.499315,-16.739661,14.416014
23.502600,-16.743389,14.416850
23.514098,-16.733543,14.422322
23.518465,-16.740654,14.430054
23.504204,-16.748441,14.408398
23.505110,-16.748620,14.433744
23.508745,-16.753934,14.446062
23.499789,-16.743644,14.417322
23.509230,-16.742762,14.432285
23.514594,-16.750876,14.397197
23.514641,-16.733197,14.436666
23.488818,-16.741839,14.415877
23.523504,-16.734627,14.424692
23.506295,-16.754436,14.424268
23.529227,-16.742190,14.413167
23.506595,-16.750894,14.425492
23.497230,-16.746729,14.425180
23.502716,-16.735565,14.424055
23.522366,-16.737775,14.437479
23.497996,-16.736122,14.435110
23.514369,-16.743629,14.420768
23.516242,-16.741551,14.430872
23.520449,-16.748154,14.420142
23.508469,-16.742219,14.431338
23.509972,-16.741604,14.425473
23.496998,-16.732676,14.420509
23.508708,-16.730215,14.422356
23.490031,-16.747031,14.419998
23.497665,-16.738002,14.429135
23.503207,-16.741846,14.418152
23.522044,-16.739803,14.435197
23.491135,-16.734634,14.445203
23.504782,-16.729614,14.441122
23.524202,-16.744490,14.420192
23.508006,-16.741051,14.422269
23.503165,-16.733917,14.441405
23.508475,-16.730968,14.429016
23.503383,-16.751690,14.435787
23.507413,-16.741383,14.434026
23.513884,-16.734018,14.440576
23.490503,-16.735985,14.444594
23.512875,-16.747185,14.427477
23.511772,-16.743302,14.419906
23.497381,-16.737976,14.428955
23.512918,-16.746870,14.422085
23.490405,-16.741184,14.441796
23.514328,-16.743875,14.435856
23.521133,-16.733847,14.446707
23.510487,-16.747041,14.425659
23.495382,-16.735704,14.429461
23.511138,-16.733680,14.442152
23.520004,-16.726869,14.429452
23.497903,-16.740985,14.419865
23.517570,-16.753755,14.419157
23.499181,-16.739292,14.433980
23.489515,-16.749593,14.426281
23.490154,-16.721546,14.422604
23.504191,-16.745591,14.421199
23.504711,-16.757701,14.420673
23.504037,-16.750002,14.436977
23.500913,-16.724371,14.446687
23.496226,-16.734665,14.428916
23.498539,-16.729993,14.448599
23.499492,-16.745087,14.439153
23.495886,-16.738479,14.426425
23.498327,-16.751122,14.420809
23.495672,-16.741890,14.436915
23.501789,-16.729117,14.422383
23.509745,-16.726570,14.435195
23.492125,-16.729929,14.430341
23.500236,-16.731537,14.429676
23.490305,-16.755153,14.440915
23.500053,-16.731770,14.446876
23.506076,-16.751901,14.432024
23.514520,-16.733636,14.439962
23.503103,-16.740492,14.451954
23.505160,-16.726031,14.454424
23.497017,-16.730142,14.421782
23.492139,-16.723159,14.434470
23.500696,-16.740716,14.438715
23.506486,-16.742875,14.419838
23.503845,-16.726780,14.434483
23.499219,-16.728125,14.443917
23.502794,-16.741688,14.434586
23.496269,-16.735704,14.443094
23.475086,-16.727081,14.442150
23.501710,-16.736209,14.425949
23.484363,-16.726985,14.444166
23.491445,-16.737801,14.421582
23.487706,-16.725214,14.430667
23.491613,-16.734069,14.439707
23.507377,-16.725912,14.432516
23.502380,-16.748449,14.422228
23.483314,-16.741192,14.434493
23.511893,-16.736907,14.414006
23.510267,-16.715400,14.438345
23.487040,-16.751049,14.424688
23.524853,-16.752710,14.437144
23.489563,-16.750586,14.448461
23.507138,-16.735627,14.437766
23.480916,-16.740718,14.430776
23.510536,-16.730168,14.450952
23.501481,-16.736620,14.435201
23.509811,-16.745459,14.436364
23.495426,-16.739758,14.428338
23.500219,-16.738463,14.442151
23.498740,-16.741525,14.432897
23.488391,-16.729394,14.442834
23.491128,-16.757972,14.437515
23.511776,-16.737805,14.427715
23.493261,-16.736485,14.426108
23.503826,-16.752299,14.435197
23.496022,-16.740723,14.444103
23.504149,-16.719982,14.434582
23.489136,-16.739464,14.445328
23.496513,-16.749611,14.435794
23.498428,-16.717440,14.425073
23.492312,-16.731841,14.430884
23.514836,-16.727640,14.434623
23.497197,-16.738860,14.436369
23.500870,-16.742924,14.439754
23.498665,-16.738692,14.445412
23.505446,-16.736186,14.419882
23.491643,-16.711630,14.460317
23.504411,-16.730523,14.441713
23.507588,-16.739966,14.426339
23.491300,-16.719154,14.457320
23.512513,-16.741675,14.442035
23.493653,-16.734999,14.430981
23.489432,-16.721994,14.462847
23.509719,-16.720683,14.444859
23.498300,-16.750912,14.432827
23.480365,-16.750751,14.436571
23.491677,-16.736578,14.435821
23.492810,-16.741033,14.416971
23.506759,-16.725978,14.444523
23.492629,-16.741764,14.443292
23.493386,-16.728698,14.424443
23.505936,-16.746850,14.445806
23.499832,-16.761591,14.433328
23.510383,-16.746729,14.431154
23.497629,-16.751623,14.434180
23.491192,-16.749367,14.437213
23.519389,-16.746849,14.431348
23.515950,-16.722609,14.444558
23.484025,-16.719926,14.438885
23.490701,-16.732708,14.443702
23.487717,-16.734977,14.421021
23.492625,-16.737173,14.439831
23.488207,-16.734856,14.422876
23.500644,-16.727339,14.443564
23.489654,-16.739294,14.445495
23.495697,-16.751011,14.442361
23.491923,-16.748333,14.440650
23.511975,-16.742749,14.441960
23.484125,-16.753421,14.436943
23.503007,-16.732492,14.442482
23.504471,-16.726671,14.429813
23.485527,-16.728153,14.440055
23.500453,-16.730058,14.450851
23.493402,-16.727178,14.459243
23.518697,-16.728391,14.431694
23.505066,-16.745504,14.438464
23.505053,-16.750131,14.447965
23.510941,-16.749263,14.446622
23.493838,-16.761827,14.442087
23.500044,-16.736424,14.434091
23.501260,-16.717348,14.444250
23.499119,-16.734788,14.447385
23.497564,-16.731303,14.444607
23.497940,-16.722716,14.441586
23.504682,-16.718961,14.447344
23.487690,-16.739010,14.437031
23.490161,-16.733973,14.438555
23.503145,-16.746775,14.432116
23.490689,-16.736187,14.448064
23.507424,-16.726496,14.438144
23.497210,-16.737807,14.442969
23.490174,-16.750808,14.439583
23.479647,-16.725517,14.434460
23.497896,-16.719250,14.428555
23.513244,-16.731743,14.432259
23.479286,-16.722280,14.450713
23.500183,-16.722446,14.427971
23.480354,-16.718122,14.452178
23.493861,-16.752165,14.450855
23.496055,-16.728237,14.426833
23.497904,-16.749374,14.428146
23.499285,-16.731562,14.444105
23.499829,-16.726391,14.458255
23.484805,-16.731574,14.425285
23.490007,-16.747247,14.444828
23.470537,-16.736584,14.422741
23.496422,-16.746519,14.457148
23.508008,-16.746144,14.436462
23.493099,-16.733372,14.436088
23.501093,-16.739459,14.440914
23.498878,-16.728796,14.449481
23.496782,-16.708951,14.453052
23.479646,-16.724558,14.451453
23.500287,-16.737331,14.441567
23.484622,-16.767206,14.436952
23.502081,-16.717369,14.448964
23.499528,-16.738495,14.449126
23.492091,-16.743642,14.440632
23.480701,-16.732278,14.441402
23.499711,-16.732359,14.453683
23.498837,-16.729613,14.437701
23.495723,-16.736023,14.450349
23.503084,-16.737642,14.436357
23.483195,-16.741228,14.452683
23.493009,-16.747422,14.445989
23.510792,-16.728814,14.443247
23.502584,-16.728158,14.449225
23.498437,-16.729745,14.440039
23.493119,-16.737647,14.439753
23.513615,-16.726407,14.430007
23.486539,-16.733676,14.444620
23.499562,-16.746963,14.449793
23.508633,-16.745667,14.434187
23.508434,-16.724655,14.441719
23.499836,-16.726333,14.457617
23.479033,-16.750843,14.434687
23.500439,-16.743120,14.456129
23.503615,-16.731418,14.440474
23.497536,-16.735408,14.440795
23.503354,-16.736229,14.444340
23.473078,-16.736889,14.417583
23.493356,-16.734997,14.451696
23.500870,-16.731473,14.455422
23.493324,-16.749304,14.452020
23.505979,-16.717457,14.431925
23.506019,-16.729414,14.432333
23.506406,-16.741042,14.424986
23.504390,-16.742659,14.447630
23.470967,-16.748769,14.447567
23.492092,-16.746029,14.467046
23.480241,-16.724519,14.458484
23.513400,-16.743880,14.454087
23.506314,-16.715798,14.444206
23.495891,-16.737778,14.422113
23.501294,-16.731946,14.447250
23.490842,-16.742892,14.436869
23.489469,-16.726583,14.428042
23.521272,-16.745164,14.453212
23.493045,-16.737433,14.438682
23.508718,-16.747863,14.429745
23.487212,-16.744589,14.451476
23.497884,-16.733155,14.454442
23.502106,-16.743328,14.446803
23.485484,-16.730811,14.451113
23.519128,-16.727922,14.450333
23.505522,-16.742366,14.432787
23.495687,-16.736362,14.445149
23.495291,-16.744881,14.451044
23.511514,-16.738482,14.453696
23.502918,-16.720064,14.432285
23.519760,-16.740950,14.442796
23.490932,-16.731931,14.431632
23.502601,-16.735155,14.440281
23.481149,-16.730849,14.450471
23.495670,-16.739093,14.458798
23.487829,-16.731861,14.430620
23.486539,-16.754210,14.453087
23.488695,-16.733522,14.447838
23.510104,-16.730494,14.428150
23.485368,-16.738369,14.443752
23.489121,-16.727453,14.451284
23.487719,-16.731660,14.449883
23.486349,-16.735213,14.453393
23.514138,-16.741937,14.446607
23.499895,-16.744190,14.433708
23.493711,-16.729708,14.461412
23.508720,-16.737516,14.453269
23.487987,-16.747501,14.433256
23.491747,-16.738604,14.446850
23.504090,-16.726832,14.458444
23.503156,-16.734870,14.438536
23.485018,-16.753854,14.439426
23.495535,-16.735686,14.464508
23.486852,-16.740025,14.449679
23.494199,-16.732796,14.453262
23.516237,-16.742281,14.467205
23.488228,-16.730461,14.434338
23.499089,-16.731172,14.445891
23.495258,-16.714485,14.449612
23.506397,-16.732989,14.453328
23.503387,-16.731797,14.448934
23.501665,-16.734957,14.455283
23.507121,-16.741747,14.457356
23.498027,-16.747052,14.452036
23.509825,-16.741579,14.442648
23.483442,-16.734616,14.430707
23.495623,-16.744450,14.437080
23.507208,-16.721811,14.448294
23.491100,-16.751885,14.433374
23.483358,-16.726448,14.449760
23.501081,-16.721232,14.442467
23.482059,-16.735847,14.441749
23.494100,-16.729431,14.431228
23.476257,-16.732413,14.444580
23.480576,-16.734673,14.444018
23.492074,-16.743003,14.459945
23.503833,-16.728232,14.450923
23.498321,-16.751811,14.436856
23.492024,-16.736215,14.443363
23.502536,-16.731108,14.453817
23.490219,-16.738707,14.439799
23.502045,-16.731752,14.448019
23.494499,-16.728392,14.459204
23.477527,-16.753470,14.440343
23.489605,-16.742907,14.448762
23.499855,-16.736126,14.437888
23.514957,-16.738817,14.450599
23.472798,-16.723145,14.449166
23.499752,-16.729712,14.455387
23.490906,-16.760256,14.431985
23.500867,-16.740013,14.463916
23.501021,-16.745454,14.419709
23.501659,-16.739482,14.440929
23.511709,-16.742767,14.454803
23.508508,-16.731717,14.438946
23.479383,-16.748737,14.467295
23.503656,-16.726210,14.452335
23.497565,-16.733469,14.440151
23.487917,-16.734811,14.437609
23.506780,-16.723066,14.445770
23.496897,-16.738821,14.433932
23.485583,-16.740383,14.440477
23.513465,-16.754080,14.454870
23.490044,-16.741561,14.443441
23.504144,-16.735408,14.428482
23.497680,-16.747291,14.434029
23.482537,-16.723977,14.454113
23.498704,-16.745152,14.447914
23.475696,-16.740215,14.469559
23.494550,-16.738577,14.446767
23.490550,-16.733101,14.442260
23.483982,-16.723195,14.457724
23.488758,-16.736683,14.441522
23.484487,-16.732186,14.457032
23.502509,-16.754509,14.448563
23.492167,-16.737759,14.438557
23.489370,-16.733926,14.458522
23.483945,-16.727108,14.457839
23.491139,-16.727408,14.431804
23.505758,-16.735905,14.449312
23.511105,-16.727893,14.433450
23.504637,-16.754801,14.435229
23.493178,-16.744366,14.430785
23.504715,-16.749851,14.450971
23.502233,-16.729674,14.461883
23.480141,-16.731984,14.442175
23.493682,-16.730641,14.446401
23.518790,-16.735589,14.442173
23.494612,-16.729582,14.459104
23.500666,-16.734019,14.434958
23.491199,-16.732610,14.438413
23.488852,-16.737381,14.433702
23.514589,-16.744755,14.448114
23.489365,-16.758614,14.440338
23.507236,-16.759415,14.456477
23.495332,-16.741062,14.454822
23.506399,-16.733571,14.440348
23.490922,-16.728815,14.446396
23.498927,-16.719852,14.469170
23.478005,-16.735450,14.455776
23.483890,-16.726827,14.441108
23.473043,-16.732466,14.440358
23.505254,-16.723620,14.444362
23.482120,-16.730696,14.452544
23.481262,-16.732314,14.450790
23.487801,-16.747663,14.426185
23.487588,-16.744451,14.449103
23.514642,-16.721962,14.440660
23.497471,-16.733307,14.431154
23.495130,-16.727146,14.443571
23.501467,-16.749775,14.437495
23.483403,-16.730862,14.445706
23.490787,-16.725441,14.446740
23.492889,-16.749065,14.443142
23.499654,-16.731591,14.456786
23.498522,-16.738835,14.448701
23.490528,-16.732349,14.438282
23.487579,-16.731780,14.447066
23.481164,-16.730571,14.434256
23.496952,-16.749686,14.458599
23.507701,-16.755794,14.445187
23.504004,-16.737727,14.433650
23.482009,-16.727647,14.472156
23.479296,-16.717742,14.443068
23.492448,-16.752627,14.433899
23.482790,-16.744022,14.446031
23.495999,-16.745486,14.450210
23.487605,-16.724867,14.456275
23.480503,-16.750783,14.454800
23.498865,-16.735278,14.440389
23.494610,-16.748650,14.443455
23.501157,-16.728475,14.449366
23.484739,-16.735486,14.446841
23.491523,-16.714734,14.436107
23.502257,-16.732786,14.440531
23.470210,-16.727227,14.441378
23.507377,-16.733339,14.457630
23.493707,-16.731220,14.438279
23.487864,-16.724066,14.448934
23.475800,-16.744959,14.436029
23.495930,-16.751319,14.450585
23.483600,-16.720639,14.432505
23.496780,-16.735206,14.445217
23.485382,-16.728206,14.451521
23.483684,-16.723968,14.436078
23.499606,-16.725060,14.448161
23.500820,-16.746774,14.441734
23.503822,-16.745515,14.451425
23.494482,-16.740254,14.451721
23.483421,-16.730500,14.453088
23.481096,-16.722320,14.457493
23.488658,-16.718176,14.443557
23.498326,-16.751377,14.445644
23.502216,-16.743280,14.436059
23.496115,-16.754134,14.427687
23.478003,-16.736768,14.453225
23.494591,-16.746566,14.430326
23.517653,-16.718230,14.456877
23.488258,-16.745580,14.451200
23.497370,-16.746604,14.457139
23.494635,-16.757819,14.449800
23.490460,-16.747890,14.451153
23.497540,-16.715776,14.431766
23.498137,-16.747013,14.457879
23.487092,-16.725321,14.444436
23.491148,-16.718908,14.448128
23.500569,-16.741110,14.441229
23.515062,-16.755562,14.447425
23.479164,-16.734878,14.446117
23.512129,-16.725474,14.444709
23.501281,-16.739381,14.447309
23.490985,-16.717473,14.434732
23.488241,-16.742907,14.444294
23.485842,-16.730872,14.454897
23.493263,-16.724636,14.441272
23.497765,-16.749653,14.442340
23.500133,-16.738448,14.433476
23.471549,-16.743866,14.453472
23.503115,-16.743649,14.443337
23.489837,-16.728989,14.461033
23.484793,-16.757435,14.436586
23.495553,-16.741827,14.450231
23.490695,-16.747978,14.463348
23.497962,-16.740176,14.432549
23.489485,-16.720165,14.454070
23.478489,-16.736237,14.444634
23.505724,-16.734626,14.448679
23.483926,-16.729930,14.425929
23.503277,-16.736136,14.458887
23.502036,-16.744718,14.441277
23.479636,-16.736999,14.468351
23.489903,-16.745181,14.451668
23.486853,-16.743199,14.450883
23.490495,-16.731657,14.467808
23.501286,-16.733966,14.465999
23.468659,-16.717515,14.458673
23.501842,-16.734194,14.457622
23.504633,-16.756992,14.445738
23.488706,-16.733285,14.453485
23.506082,-16.729621,14.445369
23.510434,-16.726266,14.467095
23.497279,-16.750880,14.447018
23.496695,-16.720129,14.452720
23.504299,-16.736509,14.457585
23.509004,-16.732737,14.455832
23.502229,-16.741795,14.450482
23.492044,-16.757745,14.458321
23.497059,-16.729055,14.458201
23.487078,-16.748666,14.457502
23.481717,-16.731973,14.442345
23.484748,-16.726870,14.441941
23.482343,-16.726192,14.443327
23.497363,-16.735867,14.454621
23.512672,-16.756362,14.451571
23.505822,-16.735240,14.450094
23.506229,-16.721953,14.449326
23.478900,-16.727288,14.432664
23.523462,-16.737623,14.437049
23.490698,-16.737003,14.446759
23.491717,-16.757733,14.465043
23.501826,-16.718075,14.432023
23.491077,-16.751284,14.446409
23.493829,-16.739062,14.462098
23.487623,-16.733742,14.461229
23.498345,-16.745873,14.436237
23.489523,-16.725818,14.452618
23.476972,-16.730938,14.466209
23.502019,-16.743823,14.435117
23.505841,-16.724675,14.457538
23.487504,-16.746095,14.449123
23.510154,-16.744189,14.456321
23.486293,-16.736623,14.458053
23.494047,-16.755390,14.462002
23.473589,-16.739665,14.448520
23.502590,-16.737544,14.459010
23.474991,-16.728281,14.439725
23.476743,-16.731220,14.431611
23.482935,-16.730513,14.445001
23.498763,-16.742948,14.468695
23.492956,-16.731033,14.432767
23.496573,-16.738851,14.446585
23.484391,-16.752215,14.461414
23.498837,-16.740010,14.471168
23.469610,-16.753715,14.469426
23.459985,-16.751038,14.474268
23.477596,-16.776492,14.483501
23.444265,-16.761637,14.493780
23.432775,-16.784536,14.491009
23.422817,-16.810099,14.506727
23.399398,-16.809653,14.517795
23.379388,-16.824911,14.542356
23.362843,-16.824246,14.538035
23.340815,-16.838439,14.566461
23.334731,-16.878134,14.585065
23.294968,-16.906232,14.613932
23.252793,-16.912346,14.613632
23.239381,-16.934632,14.647353
23.208244,-16.939761,14.655056
23.204597,-16.959137,14.671705
23.165088,-16.989331,14.690818
23.128737,-17.009208,14.711473
23.119065,-17.029785,14.712525
23.084490,-17.056683,14.734850
23.068669,-17.046359,14.737236
23.049131,-17.072050,14.771236
23.029976,-17.106058,14.785846
22.982756,-17.096515,14.798212
22.967614,-17.157209,14.818702
22.926809,-17.171226,14.845083
22.921570,-17.191631,14.854476
22.860854,-17.218197,14.894138
22.839739,-17.231467,14.885370
22.828523,-17.237751,14.906779
22.811056,-17.246059,14.961602
22.788070,-17.286002,14.964218
22.762762,-17.304692,14.991829
22.723221,-17.321814,14.995943
22.693077,-17.333927,15.023148
22.652018,-17.350774,15.026414
22.635416,-17.372627,15.061730
22.637571,-17.407635,15.074473
22.583398,-17.411438,15.061826
22.552857,-17.425122,15.106752
22.534294,-17.439071,15.124126
22.493585,-17.483644,15.134341
22.466553,-17.512830,15.155164
22.420100,-17.494231,15.183484
22.409324,-17.527480,15.197977
22.380356,-17.548032,15.217905
22.356219,-17.575658,15.232152
22.340077,-17.601403,15.256551
22.302327,-17.623460,15.277041
22.270997,-17.642330,15.271894
22.241656,-17.676344,15.309821
22.227303,-17.654871,15.279710
22.189884,-17.706517,15.310986
22.156193,-17.723915,15.336200
22.131966,-17.741410,15.370776
22.132567,-17.756536,15.398205
22.079440,-17.773289,15.395076
22.068086,-17.793161,15.414535
22.004055,-17.810213,15.420547
22.010560,-17.819924,15.458055
21.983980,-17.857468,15.473907
21.941677,-17.868278,15.479268
21.906055,-17.894671,15.501184
21.897068,-17.906637,15.515338
21.863387,-17.941381,15.528369
21.848255,-17.948156,15.553945
21.810715,-17.950010,15.577025
21.784595,-17.983946,15.576286
21.773885,-18.016046,15.604996
21.722706,-18.018048,15.616345
21.703071,-18.028448,15.624849
21.684612,-18.059235,15.642595
21.641987,-18.068482,15.684473
21.638641,-18.102401,15.665905
21.589439,-18.107466,15.700417
21.580991,-18.132399,15.692997
21.543575,-18.170018,15.723335
21.510873,-18.179419,15.740199
21.492975,-18.193604,15.738973
21.472605,-18.209663,15.765599
21.438468,-18.216259,15.775823
21.404534,-18.234961,15.799834
21.368965,-18.271581,15.813384
21.352368,-18.279744,15.807567
21.334301,-18.305671,15.845687
21.291942,-18.313142,15.861207
21.289784,-18.326734,15.843122
21.254850,-18.358344,15.888166
21.224492,-18.360788,15.894886
21.192985,-18.381137,15.936561
21.180861,-18.412086,15.923016
21.151214,-18.426757,15.946362
21.120919,-18.453966,15.950202
21.106636,-18.456876,15.949736
21.071146,-18.472643,15.992855
21.052986,-18.499532,16.007782
21.028013,-18.519569,15.989429
20.984655,-18.513485,16.023386
20.967906,-18.562354,16.035954
20.932974,-18.547840,16.049819
20.914507,-18.582874,16.072850
20.894165,-18.616754,16.068073
20.874070,-18.614597,16.087887
20.831842,-18.621846,16.081426
20.808159,-18.659629,16.105884
20.788232,-18.686248,16.109999
20.761072,-18.693773,16.130222
20.741741,-18.707221,16.165460
20.719363,-18.736024,16.172296
20.706919,-18.751238,16.170561
20.664836,-18.741353,16.183878
20.641366,-18.755773,16.205812
20.626618,-18.806141,16.215228
20.580760,-18.830967,16.234197
20.564921,-18.819274,16.245126
20.517286,-18.850566,16.252483
20.495215,-18.874025,16.264262
20.479464,-18.891218,16.275566
20.464651,-18.894443,16.281659
20.447457,-18.922332,16.306585
20.397362,-18.936935,16.310467
20.382656,-18.956418,16.297647
20.347779,-18.955277,16.323902
20.349047,-18.988621,16.324195
20.316900,-18.987970,16.340880
20.294388,-19.014107,16.350350
20.262836,-19.019129,16.369284
20.252094,-19.051843,16.373339
20.214677,-19.058826,16.388198
20.191456,-19.073835,16.404655
20.161868,-19.093825,16.401967
20.143304,-19.099411,16.415590
20.097759,-19.114301,16.438692
20.108122,-19.151777,16.428931
20.075723,-19.143336,16.459362
20.054285,-19.174503,16.459019
20.025440,-19.181640,16.467219
20.001001,-19.209435,16.492122
19.975043,-19.206740,16.500671
19.968276,-19.251836,16.491369
19.939573,-19.243081,16.523327
19.902043,-19.239409,16.544110
19.886706,-19.294346,16.538792
19.868496,-19.300294,16.529472
19.821300,-19.318212,16.575162
19.805518,-19.336814,16.565355
19.789928,-19.346780,16.587896
19.776154,-19.367631,16.578677
19.727656,-19.387173,16.588446
19.703481,-19.395552,16.606135
19.699676,-19.404399,16.611149
19.694466,-19.411525,16.604806
19.670896,-19.435422,16.624654
19.637548,-19.460631,16.631883
19.613835,-19.466556,16.645829
19.568271,-19.490921,16.650920
19.569382,-19.511101,16.663128
19.546344,-19.524022,16.679918
19.528653,-19.522307,16.672827
19.496980,-19.547559,16.703614
19.472023,-19.557387,16.707193
19.464439,-19.595381,16.717096
19.427318,-19.586218,16.711455
19.398498,-19.603255,16.724306
19.373702,-19.629684,16.724202
19.371381,-19.637966,16.736446
19.327907,-19.658452,16.755838
19.330738,-19.671824,16.758718
19.289091,-19.674898,16.747112
19.275674,-19.689328,16.774779
19.246451,-19.694301,16.784946
19.220262,-19.731593,16.780489
19.208385,-19.746478,16.795862
19.181849,-19.771078,16.804400
19.156786,-19.758826,16.818259
19.152214,-19.785965,16.821350
19.122306,-19.797367,16.817398
19.088070,-19.798273,16.827485
19.094478,-19.819569,16.823000
19.066801,-19.838555,16.835855
19.039372,-19.861274,16.860336
19.026034,-19.873786,16.847689
18.998499,-19.899400,16.857485
18.978699,-19.902865,16.857344
18.969131,-19.919437,16.878497
18.928941,-19.941849,16.890896
18.925236,-19.966927,16.893912
18.918842,-19.968485,16.903272
18.880432,-19.972374,16.887663
18.851631,-19.993317,16.906603
18.830960,-19.997055,16.909134
18.835038,-20.021885,16.897660
18.797869,-20.009294,16.935381
18.765741,-20.031981,16.937947
18.790335,-20.064001,16.926737
18.739724,-20.068375,16.929626
18.713267,-20.074501,16.945740
18.710366,-20.083559,16.934928
18.699468,-20.114424,16.938280
18.670906,-20.133818,16.947202
18.626041,-20.129795,16.959017
18.646952,-20.128964,16.989014
18.592795,-20.161446,16.987725
18.580715,-20.181312,16.982729
18.574245,-20.188992,16.996558
18.540381,-20.205320,16.992167
18.521927,-20.206268,16.999389
18.537214,-20.224875,17.012848
18.486587,-20.226289,17.001450
18.489056,-20.246154,17.004348
18.456129,-20.264224,17.020087
18.437422,-20.282175,17.032645
18.416199,-20.279599,17.026859
18.389690,-20.300518,17.021030
18.359891,-20.340932,17.034951
18.371325,-20.341532,17.045463
18.341332,-20.343256,17.047726
18.333850,-20.382218,17.062535
18.284101,-20.395482,17.035886
18.298911,-20.391589,17.053255
18.277546,-20.401058,17.045792
18.257541,-20.406417,17.063065
18.226708,-20.401860,17.056300
18.224542,-20.437646,17.048311
18.213981,-20.434028,17.069939
18.188388,-20.453926,17.060125
18.186678,-20.490643,17.085142
18.154416,-20.488494,17.088132
18.125939,-20.484529,17.081205
18.126155,-20.509065,17.084125
18.101433,-20.509361,17.106468
18.070680,-20.541471,17.084433
18.073631,-20.551525,17.093155
18.052620,-20.566488,17.087217
18.021146,-20.575392,17.116493
18.021536,-20.581797,17.108457
17.998211,-20.612916,17.117938
17.984825,-20.615961,17.125683
17.961670,-20.628496,17.124138
17.948522,-20.635420,17.114092
17.940817,-20.653541,17.093738
17.924405,-20.661792,17.115363
17.904814,-20.681405,17.127235
17.895533,-20.681613,17.105111
17.865657,-20.715934,17.118527
17.858040,-20.695565,17.100431
17.825107,-20.726646,17.134213
17.835027,-20.761810,17.114357
17.798324,-20.726872,17.122642
17.795227,-20.755347,17.131967
17.780722,-20.752351,17.141921
17.764104,-20.759792,17.130160
17.743854,-20.788271,17.125952
17.734169,-20.797689,17.131751
17.729838,-20.800959,17.136827
17.695559,-20.817589,17.158386
17.698932,-20.841861,17.145563
17.667654,-20.854646,17.136123
17.651399,-20.837262,17.135334
17.641637,-20.870254,17.128508
17.634169,-20.893715,17.147401
17.616431,-20.889882,17.137144
17.588013,-20.905569,17.152589
17.585343,-20.922991,17.159940
17.571939,-20.931506,17.142987
17.550615,-20.930366,17.155753
17.548185,-20.939430,17.139296
17.529146,-20.959238,17.142113
17.499201,-20.974920,17.147792
17.508987,-20.966764,17.157308
17.503782,-20.998052,17.145709
17.476284,-21.002072,17.144625
17.470432,-21.018136,17.155099
17.455227,-21.039680,17.156494
17.421267,-21.047848,17.160034
17.423269,-21.055909,17.152489
17.401338,-21.068706,17.153811
17.391285,-21.081886,17.147547
17.384669,-21.090278,17.144995
17.375834,-21.100798,17.153842
17.363971,-21.092614,17.163150
17.358518,-21.101297,17.146275
17.345070,-21.121523,17.150190
17.330299,-21.126631,17.151391
17.298499,-21.152388,17.164053
17.300609,-21.144293,17.154944
17.282259,-21.177452,17.157542
17.272644,-21.168008,17.153996
17.266591,-21.201327,17.141376
17.253228,-21.190294,17.151386
17.244118,-21.212181,17.149997
17.229529,-21.203692,17.161836
17.211995,-21.220917,17.127261
17.212370,-21.235305,17.140546
17.186696,-21.228829,17.149578
17.172913,-21.245923,17.143449
17.184070,-21.284358,17.149508
17.156244,-21.280108,17.139062
17.136445,-21.265090,17.148661
17.143984,-21.296228,17.143965
17.140022,-21.312332,17.126908
17.133689,-21.318744,17.139703
17.113496,-21.335010,17.134527
17.092630,-21.317586,17.132159
17.087108,-21.334788,17.145236
17.080206,-21.343463,17.117229
17.059266,-21.370111,17.124147
17.037488,-21.376144,17.128020
17.061903,-21.371908,17.122457
17.035776,-21.387244,17.129967
17.035691,-21.405809,17.143232
16.997071,-21.415155,17.107917
17.014115,-21.416457,17.110579
17.011926,-21.425098,17.100394
16.996353,-21.450733,17.105313
16.979897,-21.462296,17.104324
16.970496,-21.438964,17.111411
16.948139,-21.476471,17.107223
16.950098,-21.474668,17.109958
16.925175,-21.485643,17.095311
16.919486,-21.475414,17.079590
16.924809,-21.508714,17.095264
16.923666,-21.515837,17.086945
16.915068,-21.516816,17.078471
16.898462,-21.519757,17.066193
16.891381,-21.527554,17.079835
16.888461,-21.538018,17.076845
16.859295,-21.556868,17.071927
16.876741,-21.564459,17.079803
16.854641,-21.586990,17.083591
16.841468,-21.567592,17.061997
16.843525,-21.584221,17.064067
16.823998,-21.612264,17.057424
16.809481,-21.591004,17.063867
16.815535,-21.609512,17.059802
16.820033,-21.628096,17.035909
16.795930,-21.636169,17.061615
16.805192,-21.635050,17.035415
16.791574,-21.659203,17.038757
16.769009,-21.660150,17.037006
16.774801,-21.657872,17.032241
16.768775,-21.659897,17.023496
16.779088,-21.664375,17.035268
16.756896,-21.680613,17.028652
16.730491,-21.708170,17.006657
16.727075,-21.684908,17.020474
16.718645,-21.712007,17.022068
16.735272,-21.741963,17.006963
16.711732,-21.728470,17.001039
16.705166,-21.730512,16.992259
16.709375,-21.746222,16.994761
16.716907,-21.759976,16.999760
16.714528,-21.753514,16.971135
16.712891,-21.764643,16.983159
16.692138,-21.776113,16.985240
16.701111,-21.784439,16.972289
16.683461,-21.788336,16.965959
16.667364,-21.795099,16.963907
16.683081,-21.800495,16.937984
16.657606,-21.828994,16.962802
16.663347,-21.804346,16.931444
16.655433,-21.832249,16.927235
16.634321,-21.836320,16.941650
16.656379,-21.849336,16.916445
16.647420,-21.848005,16.908078
16.634921,-21.875405,16.907468
16.651354,-21.865242,16.915681
16.627795,-21.856823,16.898226
16.615272,-21.868844,16.901254
16.620263,-21.878317,16.885491
16.606132,-21.900173,16.901665
16.610445,-21.899997,16.889089
16.605104,-21.919586,16.871480
16.599083,-21.918253,16.879239
16.604617,-21.915480,16.876858
16.595062,-21.920681,16.872155
16.614279,-21.911254,16.859352
16.602470,-21.947827,16.846917
16.594725,-21.943946,16.847926
16.595040,-21.948576,16.845863
16.572049,-21.952470,16.822990
16.593862,-21.958544,16.834971
16.571009,-21.982058,16.813766
16.575071,-21.971389,16.808584
16.588437,-21.981447,16.818252
16.552342,-21.963666,16.803007
16.584254,-22.016111,16.803037
16.560163,-22.003533,16.789413
16.545773,-22.024890,16.787441
16.557853,-22.019697,16.770427
16.539553,-22.042285,16.761578
16.554326,-22.032650,16.769458
16.574871,-22.026873,16.766202
16.565435,-22.047508,16.756271
16.555936,-22.046071,16.721102
16.571857,-22.068812,16.746081
16.557555,-22.049551,16.746722
16.540841,-22.080079,16.729467
16.546536,-22.089556,16.729698
16.555736,-22.071370,16.721796
16.554260,-22.069905,16.726474
16.531340,-22.085317,16.697014
16.546849,-22.101865,16.687302
16.543715,-22.095500,16.698178
16.541521,-22.107142,16.675339
16.534594,-22.105374,16.660079
16.562153,-22.093746,16.689455
16.555694,-22.130986,16.647062
16.545628,-22.144600,16.670403
16.533617,-22.132860,16.653673
16.558523,-22.115376,16.632606
16.553939,-22.138149,16.642491
16.541481,-22.138233,16.646907
16.556780,-22.165621,16.635530
16.557245,-22.156535,16.622270
16.561055,-22.151269,16.594462
16.563718,-22.160257,16.607634
16.572782,-22.168290,16.584150
16.547955,-22.188302,16.573265
16.551772,-22.184555,16.558604
16.548792,-22.195572,16.583140
16.547731,-22.185407,16.578481
16.563494,-22.186429,16.550395
16.551846,-22.203212,16.548340
16.555869,-22.209122,16.530616
16.559775,-22.202810,16.510633
16.558546,-22.211620,16.513619
16.562436,-22.205260,16.523636
16.569489,-22.222930,16.516045
16.564960,-22.208954,16.502904
16.582586,-22.228853,16.492390
16.567919,-22.238517,16.478982
16.575770,-22.248184,16.477985
16.578778,-22.244656,16.458957
16.605736,-22.256355,16.444733
16.599491,-22.256142,16.445506
16.594354,-22.253646,16.443166
16.590252,-22.271581,16.429940
16.590517,-22.265723,16.435775
16.591858,-22.266471,16.414912
16.605031,-22.271872,16.419328
16.609051,-22.274970,16.402627
16.606719,-22.278119,16.376537
16.611156,-22.264851,16.370474
16.634557,-22.284032,16.393329
16.619022,-22.279889,16.378579
16.635555,-22.284349,16.359396
16.625304,-22.277104,16.346689
16.617787,-22.299786,16.341146
16.642139,-22.295840,16.345235
16.645166,-22.281205,16.336464
16.653087,-22.310022,16.312712
16.653621,-22.310221,16.306216
16.651103,-22.311091,16.308333
16.663747,-22.313190,16.291030
16.683230,-22.310015,16.273827
16.671808,-22.321434,16.252697
16.666209,-22.324825,16.272667
16.684474,-22.301517,16.244896
16.679310,-22.337758,16.243929
16.694851,-22.325911,16.218823
16.697495,-22.317520,16.220723
16.688454,-22.341517,16.233967
16.706267,-22.327809,16.211410
16.719068,-22.356057,16.198745
16.708596,-22.340672,16.191023
16.731013,-22.335620,16.187592
16.724183,-22.338410,16.183603
16.733898,-22.355744,16.155616
16.741900,-22.352533,16.148501
16.734170,-22.325472,16.153753
16.738514,-22.352491,16.153001
16.781406,-22.347392,16.140617
16.759834,-22.365781,16.122057
16.771491,-22.362867,16.116327
16.786689,-22.358523,16.110203
16.784801,-22.379205,16.085295
16.793718,-22.359025,16.072702
16.802229,-22.375469,16.071874
16.789473,-22.387639,16.064535
16.814681,-22.369121,16.046402
16.811553,-22.359204,16.052273
16.825168,-22.380042,16.044552
16.847854,-22.367507,16.031319
16.845644,-22.377955,16.026502
16.850160,-22.380670,15.989114
16.860650,-22.390030,15.994458
16.863521,-22.388722,15.985456
16.876968,-22.378616,15.966764
16.887990,-22.377916,15.973070
16.890978,-22.401148,15.959665
16.887475,-22.399771,15.948796
16.905076,-22.393275,15.908136
16.912969,-22.392765,15.921707
16.921326,-22.389430,15.936161
16.942083,-22.380943,15.891154
16.956062,-22.396436,15.906084
16.948417,-22.376982,15.891610
16.963626,-22.400054,15.861387
16.973073,-22.381582,15.864191
16.989909,-22.381211,15.842655
16.979212,-22.386087,15.849817
16.991860,-22.381971,15.831561
17.022138,-22.390799,15.823124
16.988901,-22.394777,15.825460
17.012291,-22.398330,15.783496
17.035149,-22.386708,15.806135
17.042998,-22.376542,15.796581
17.055763,-22.395665,15.763439
17.050415,-22.400764,15.751348
17.101016,-22.386854,15.761084
17.089996,-22.406646,15.729428
17.097329,-22.376112,15.727267
17.115261,-22.386821,15.708868
17.112181,-22.383174,15.693493
17.114420,-22.395280,15.689420
17.142760,-22.380940,15.695001
17.157928,-22.397046,15.659291
17.142780,-22.405437,15.664151
17.181964,-22.390074,15.652259
17.180503,-22.394027,15.651159
17.214668,-22.385956,15.610367
17.223265,-22.385374,15.620310
17.215912,-22.372597,15.606227
17.223157,-22.370892,15.586845
17.252365,-22.374168,15.574420
17.257740,-22.368539,15.578336
17.263865,-22.379708,15.557465
17.274100,-22.380627,15.529398
17.308459,-22.386641,15.533566
17.312030,-22.348341,15.528190
17.328444,-22.350472,15.507898
17.329993,-22.373330,15.496634
17.325046,-22.364151,15.481998
17.352147,-22.384716,15.480289
17.362638,-22.367148,15.474192
17.367481,-22.375793,15.438465
17.393124,-22.373227,15.452398
17.401168,-22.369105,15.438407
17.413557,-22.352000,15.424635
17.422808,-22.348367,15.415993
17.447053,-22.350650,15.399533
17.454913,-22.343903,15.400428
17.444618,-22.344913,15.385820
17.488606,-22.342044,15.372941
17.483528,-22.355906,15.338024
17.506146,-22.326036,15.327970
17.512007,-22.350032,15.333444
17.538106,-22.344807,15.325658
17.537044,-22.331477,15.301450
17.554918,-22.324576,15.311371
17.575526,-22.323704,15.277728
17.601446,-22.313798,15.272624
17.605130,-22.336801,15.246080
17.626983,-22.322263,15.260986
17.635242,-22.316627,15.234552
17.647404,-22.301728,15.230517
17.651401,-22.317389,15.207360
17.683155,-22.297412,15.195125
17.702827,-22.293525,15.204028
17.709218,-22.307191,15.168336
17.721845,-22.284198,15.189412
17.749964,-22.293757,15.138652
17.749383,-22.279913,15.152221
17.772092,-22.290649,15.120518
17.769390,-22.271896,15.119371
17.790424,-22.281303,15.096591
17.811844,-22.293866,15.092626
17.825616,-22.276583,15.074873
17.854293,-22.259897,15.084132
17.868853,-22.269644,15.039825
17.871500,-22.257415,15.034819
17.887156,-22.249139,15.005173
17.902165,-22.231000,15.035570
17.913231,-22.248354,15.011611
17.918333,-22.230917,14.987335
17.958313,-22.257531,14.975603
17.960895,-22.222314,14.971668
17.993271,-22.222976,14.934095
18.007437,-22.199544,14.934663
18.005592,-22.217703,14.917441
18.026042,-22.211221,14.939510
18.046586,-22.201413,14.893216
18.084753,-22.199515,14.895993
18.082475,-22.197654,14.870988
18.116044,-22.187912,14.851601
18.107181,-22.190076,14.872393
18.123701,-22.165143,14.841838
18.157394,-22.149431,14.807471
18.166755,-22.166511,14.828338
18.197983,-22.152428,14.804061
18.210242,-22.153993,14.797118
18.212834,-22.166621,14.779582
18.252551,-22.150620,14.769098
18.265347,-22.138102,14.739237
18.264176,-22.148690,14.739720
18.303736,-22.121272,14.723145
18.302595,-22.120862,14.720330
18.325094,-22.117284,14.692699
18.342175,-22.099277,14.698516
18.368050,-22.090750,14.665329
18.394838,-22.091570,14.659539
18.419186,-22.092363,14.636388
18.417873,-22.076380,14.633833
18.447702,-22.071389,14.606993
18.442220,-22.074487,14.587133
18.477127,-22.057231,14.587943
18.503502,-22.041466,14.568287
18.508917,-22.044688,14.587413
18.519347,-22.032879,14.567157
18.541962,-22.016287,14.523859
18.565301,-22.006437,14.531677
18.597592,-22.022764,14.524131
18.604357,-21.991074,14.494162
18.627964,-22.004009,14.479965
18.645824,-21.995574,14.474977
18.669103,-21.985261,14.453819
18.682227,-21.971662,14.444329
18.699586,-21.964237,14.412432
18.708894,-21.953921,14.409194
18.746964,-21.962110,14.388930
18.765766,-21.959709,14.377395
18.766703,-21.937617,14.365935
18.785518,-21.920849,14.366284
18.826878,-21.933598,14.340333
18.837717,-21.918925,14.312399
18.868764,-21.920210,14.337051
18.884924,-21.901473,14.306949
18.889802,-21.900535,14.300183
18.903798,-21.875305,14.291542
18.954827,-21.879294,14.239529
18.975843,-21.870451,14.247303
18.980576,-21.837847,14.217543
19.012320,-21.842324,14.220502
19.020585,-21.829338,14.204085
19.025250,-21.822287,14.203258
19.066170,-21.838361,14.174176
19.097384,-21.800672,14.147822
19.101094,-21.818448,14.139710
19.107427,-21.795388,14.128096
19.148508,-21.786598,14.122931
19.181255,-21.773263,14.114088
19.193072,-21.766406,14.081693
19.210278,-21.762123,14.083893
19.248537,-21.746301,14.067244
19.252108,-21.720250,14.048675
19.269546,-21.716195,14.028052
19.301350,-21.703527,14.033222
19.315331,-21.709903,14.017838
19.331003,-21.700924,13.982499
19.380047,-21.694290,13.980141
19.384192,-21.672358,13.964315
19.413200,-21.663474,13.969106
19.435442,-21.667121,13.942740
19.460178,-21.653158,13.923372
19.470361,-21.635164,13.918606
19.496081,-21.620869,13.902280
19.511176,-21.611121,13.877865
19.531947,-21.595660,13.855010
19.582300,-21.600117,13.857310
19.577089,-21.575534,13.832787
19.626957,-21.561981,13.822837
19.637402,-21.549953,13.811665
19.655322,-21.560219,13.790270
19.681775,-21.539870,13.780091
19.696418,-21.521030,13.752823
19.724157,-21.510690,13.720824
19.734210,-21.497268,13.722343
19.792543,-21.482054,13.702810
19.811570,-21.479215,13.696132
19.832022,-21.476793,13.694765
19.853566,-21.457193,13.660188
19.869890,-21.448820,13.639801
19.887462,-21.419736,13.631983
19.911123,-21.423533,13.629443
19.927974,-21.394910,13.607287
19.950866,-21.387590,13.584922
19.986286,-21.374465,13.579853
20.006978,-21.369869,13.577703
20.025719,-21.376200,13.555808
20.048308,-21.349488,13.534030
20.082010,-21.353531,13.525585
20.092908,-21.323430,13.510867
20.123728,-21.302480,13.486567
20.149042,-21.288400,13.460609
20.185862,-21.285402,13.443304
20.191627,-21.253561,13.449234
20.210766,-21.238482,13.420580
20.236175,-21.231666,13.408377
20.292467,-21.215925,13.391581
20.274799,-21.201977,13.366968
20.326891,-21.191075,13.376850
20.339054,-21.193742,13.365902
20.365070,-21.153132,13.354198
20.385095,-21.153937,13.317555
20.414223,-21.149527,13.305329
20.438582,-21.127033,13.282195
20.463237,-21.122996,13.263099
20.490371,-21.098576,13.266716
20.515489,-21.089029,13.244788
20.542061,-21.059088,13.206226
20.557055,-21.035506,13.214945
20.584587,-21.055246,13.191128
20.618473,-21.027094,13.176838
20.628526,-21.031809,13.161180
20.651816,-20.993682,13.167149
20.680132,-20.989143,13.127367
20.710263,-20.970269,13.119825
20.742257,-20.969929,13.076275
20.783533,-20.927877,13.087495
20.777267,-20.917915,13.064695
20.813751,-20.919492,13.062629
20.847196,-20.904585,13.038568
20.862543,-20.874449,13.000333
20.891608,-20.871291,13.007386
20.906027,-20.838935,12.985888
20.928338,-20.828254,12.956831
20.949543,-20.827458,12.950079
20.987465,-20.810074,12.941599
21.012860,-20.784846,12.929752
21.041952,-20.779147,12.915507
21.053031,-20.745799,12.893023
21.082864,-20.722832,12.870732
21.122500,-20.725828,12.861959
21.148730,-20.720361,12.849905
21.153124,-20.700639,12.818684
21.207837,-20.645259,12.804249
21.206424,-20.643458,12.784213
21.249686,-20.645848,12.768763
21.284909,-20.626825,12.748594
21.301639,-20.599894,12.742084
21.331195,-20.567575,12.731659
21.356943,-20.563089,12.702988
21.395941,-20.560806,12.683230
21.391910,-20.528388,12.674512
21.440192,-20.534703,12.648708
21.472841,-20.498971,12.640893
21.509341,-20.492923,12.622745
21.501489,-20.476656,12.597753
21.557499,-20.451118,12.590966
21.577700,-20.438813,12.597265
21.592860,-20.412465,12.563008
21.612561,-20.397380,12.544537
21.667733,-20.382235,12.514965
21.678381,-20.361267,12.505074
21.702612,-20.344441,12.500654
21.721596,-20.335925,12.480089
21.736885,-20.317211,12.459383
21.794439,-20.284858,12.450187
21.843190,-20.255979,12.414811
21.832902,-20.273295,12.399627
21.870158,-20.216395,12.385576
21.897231,-20.200117,12.377758
21.926346,-20.199673,12.352569
21.963156,-20.186584,12.334538
21.964209,-20.160236,12.325906
22.002219,-20.128648,12.302565
22.046632,-20.134450,12.288495
22.067786,-20.087588,12.251029
22.070749,-20.083104,12.258364
22.092830,-20.068509,12.234373
22.128037,-20.028749,12.223879
22.181302,-20.042851,12.202021
22.184583,-19.977530,12.191540
22.216217,-19.999247,12.161544
22.251176,-19.957071,12.153193
22.286361,-19.946155,12.134201
22.299510,-19.910153,12.111106
22.338055,-19.883788,12.090203
22.360759,-19.878158,12.081234
22.365413,-19.867677,12.049432
22.397094,-19.818940,12.035486
22.449670,-19.814963,12.026996
22.457065,-19.811762,12.012987
22.503924,-19.787829,11.986754
22.530979,-19.753666,11.975933
22.560789,-19.734250,11.966244
22.586731,-19.701905,11.931753
22.600146,-19.696513,11.916197
22.630480,-19.657886,11.907201
22.672882,-19.630959,11.876857
22.683167,-19.624193,11.850975
22.729336,-19.617386,11.849509
22.733327,-19.600429,11.812304
22.790541,-19.551772,11.805111
22.818084,-19.528844,11.774246
22.823600,-19.514412,11.780769
22.846430,-19.507364,11.751286
22.882070,-19.459386,11.732292
22.915501,-19.459749,11.687922
22.923553,-19.431997,11.679694
22.981164,-19.405979,11.697780
23.009728,-19.400199,11.674817
23.034808,-19.367121,11.621923
23.054445,-19.346986,11.607415
23.102881,-19.312693,11.609441
23.117565,-19.309448,11.575110
23.133993,-19.257563,11.571003
23.171390,-19.253883,11.547544
23.191878,-19.213586,11.528948
23.236124,-19.190527,11.504463
23.259996,-19.186691,11.490429
23.291906,-19.161629,11.480172
23.297505,-19.111029,11.474642
23.337308,-19.102398,11.426887
23.362736,-19.107836,11.407269
23.415732,-19.070086,11.408318
23.425342,-19.045989,11.391729
23.462063,-19.011618,11.346167
23.484707,-18.978807,11.330186
23.519998,-18.957222,11.325492
23.542761,-18.936143,11.318911
23.580357,-18.927349,11.276930
23.597621,-18.907539,11.269672
23.619269,-18.869119,11.230359
23.653242,-18.866753,11.232539
23.683281,-18.817374,11.206313
23.704359,-18.795447,11.158173
23.752318,-18.753398,11.166823
23.776972,-18.743302,11.149993
23.804505,-18.733908,11.136317
23.831337,-18.702984,11.119369
23.848996,-18.670244,11.091705
23.876232,-18.635581,11.058519
23.902658,-18.631274,11.047862
23.937749,-18.610643,11.041362
23.974339,-18.570081,10.990928
23.997177,-18.561374,11.006076
24.035267,-18.522453,10.976157
24.048874,-18.492854,10.951623
24.083297,-18.487640,10.915310
24.114814,-18.451120,10.897361
24.125729,-18.417472,10.886208
24.180881,-18.412482,10.860913
24.205245,-18.367400,10.852516
24.228496,-18.362531,10.836293
24.258386,-18.307495,10.807865
24.298553,-18.278306,10.810443
24.313663,-18.250153,10.768643
24.346850,-18.238240,10.741797
24.373559,-18.218751,10.721921
24.402336,-18.178603,10.694416
24.436669,-18.173237,10.702912
24.470578,-18.120226,10.651687
24.503988,-18.117949,10.641604
24.530448,-18.067060,10.623696
24.544568,-18.038176,10.601031
24.594261,-18.023554,10.589752
24.617943,-18.015615,10.581978
24.640974,-17.972094,10.554667
24.657252,-17.932568,10.532282
24.705346,-17.923080,10.503914
24.737983,-17.901457,10.484423
24.751149,-17.866799,10.473395
24.763251,-17.841809,10.438987
24.823344,-17.794962,10.404694
24.834120,-17.780633,10.414161
24.866737,-17.745408,10.370847
24.874237,-17.712919,10.356175
24.909207,-17.689620,10.352318
24.948272,-17.671860,10.302689
24.969804,-17.631539,10.288520
25.012613,-17.600103,10.256490
25.052073,-17.548846,10.242634
25.067895,-17.547215,10.232504
25.105405,-17.523036,10.205430
25.140613,-17.495518,10.201079
25.143189,-17.461783,10.159677
25.165675,-17.421759,10.131727
25.212429,-17.405569,10.125446
25.247453,-17.362621,10.091249
25.267051,-17.338176,10.077233
25.314280,-17.315181,10.037980
25.333775,-17.278073,10.021792
25.356005,-17.241279,10.019041
25.401876,-17.220433,9.984227
25.414277,-17.202270,9.969996
25.449846,-17.179215,9.937826
25.479331,-17.131937,9.906327
25.483676,-17.090894,9.901014
25.525845,-17.093917,9.869615
25.567892,-17.053521,9.865954
25.589301,-17.023305,9.864375
25.627899,-16.981545,9.810787
25.626137,-16.960728,9.793699
25.667701,-16.904915,9.767855
25.726586,-16.898463,9.762911
25.723971,-16.853476,9.714968
25.773916,-16.839672,9.686434
25.788505,-16.810653,9.672924
25.804710,-16.766182,9.650761
25.843446,-16.731424,9.633556
25.859079,-16.713656,9.619524
25.904053,-16.683856,9.583539
25.933104,-16.654825,9.575366
25.954789,-16.609355,9.566211
25.991345,-16.575731,9.522845
26.010702,-16.560494,9.501203
26.033024,-16.515380,9.490668
26.059757,-16.486610,9.456504
26.108807,-16.471962,9.422574
26.122316,-16.428435,9.408571
26.163589,-16.395522,9.373251
26.178478,-16.374254,9.342259
26.224064,-16.334702,9.336524
26.231091,-16.304726,9.313630
26.270450,-16.242382,9.301106
26.300872,-16.243053,9.263739
26.337626,-16.199625,9.229841
26.343844,-16.182154,9.224152
26.367330,-16.146451,9.207337
26.391160,-16.089473,9.179221
26.427073,-16.076234,9.145328
26.452109,-16.032293,9.140138
26.506760,-15.994864,9.101884
26.490464,-15.959514,9.075048
26.540951,-15.943608,9.051409
26.583773,-15.890353,9.015728
26.594123,-15.882493,9.008305
26.635635,-15.831097,8.981014
26.650529,-15.801592,8.967978
26.707697,-15.772486,8.937573
26.727812,-15.738361,8.911700
26.750709,-15.698918,8.888896
26.767514,-15.665437,8.860455
26.811819,-15.653649,8.830024
26.827366,-15.609840,8.818480
26.856174,-15.570573,8.789776
26.881148,-15.534926,8.763288
26.907537,-15.504027,8.743981
26.932365,-15.464430,8.712446
26.962803,-15.433107,8.678293
27.003165,-15.378577,8.681371
27.019331,-15.370472,8.639830
27.046505,-15.313183,8.631273
27.078822,-15.310362,8.592604
27.084732,-15.263729,8.556500
27.142502,-15.219783,8.549822
27.119280,-15.175763,8.521680
27.191990,-15.156266,8.497123
27.204434,-15.136141,8.479953
27.258570,-15.096206,8.454636
27.252226,-15.047886,8.411101
27.280604,-15.018657,8.386230
27.327964,-14.977475,8.359188
27.346518,-14.937442,8.343665
27.366116,-14.914669,8.316504
27.384853,-14.870938,8.310670
27.450658,-14.855225,8.285259
27.448145,-14.805074,8.241657
27.478448,-14.774183,8.230498
27.515314,-14.734914,8.192069
27.548753,-14.697202,8.177800
27.576649,-14.679643,8.133717
27.597154,-14.611409,8.113527
27.611386,-14.600432,8.093677
27.623422,-14.542246,8.082950
27.662685,-14.513676,8.047045
27.699770,-14.469273,8.007664
27.712257,-14.445692,7.966486
27.746223,-14.402118,7.960567
27.780921,-14.350469,7.934473
27.798148,-14.320926,7.909252
27.823888,-14.298008,7.876735
27.866828,-14.255980,7.861378
27.868580,-14.227360,7.829199
27.896641,-14.188557,7.790560
27.929647,-14.155340,7.761304
27.945645,-14.121092,7.746915
27.993371,-14.059009,7.712686
28.026781,-14.044628,7.689455
28.033548,-13.988730,7.671428
28.062310,-13.967407,7.643987
28.097904,-13.925796,7.613869
28.106451,-13.892591,7.576603
28.144790,-13.851260,7.578462
28.163816,-13.815397,7.536580
28.185754,-13.796148,7.482998
28.211823,-13.737501,7.490836
28.259123,-13.710666,7.456763
28.265067,-13.650539,7.421102
28.299853,-13.605481,7.381725
28.313185,-13.586455,7.376684
28.341475,-13.542764,7.332777
28.362224,-13.503942,7.317551
28.383501,-13.474779,7.285565
28.417227,-13.433501,7.246785
28.439870,-13.389986,7.240346
28.466894,-13.359556,7.216291
28.486493,-13.310949,7.177366
28.523315,-13.294386,7.145031
28.548685,-13.223042,7.135307
28.574543,-13.222589,7.073577
28.576255,-13.158251,7.082055
28.604189,-13.124859,7.028798
28.652909,-13.075221,6.992408
28.667969,-13.044131,6.974399
28.703429,-13.011497,6.955931
28.719712,-12.970876,6.925819
28.752144,-12.934839,6.903987
28.754579,-12.898485,6.865432
28.781123,-12.865293,6.846713
28.801029,-12.834977,6.809424
28.820695,-12.804713,6.795526
28.836455,-12.767138,6.779759
28.871828,-12.758593,6.725942
28.866678,-12.751620,6.697148
28.888210,-12.704887,6.689693
28.897087,-12.696151,6.673766
28.915296,-12.664137,6.647127
28.941952,-12.646284,6.600504
28.953682,-12.629114,6.596165
28.950724,-12.621737,6.565065
28.965110,-12.587856,6.546381
28.968721,-12.581320,6.509098
28.995757,-12.575901,6.497707
29.004923,-12.573222,6.510243
29.001991,-12.551426,6.466649
29.011780,-12.554996,6.460613
29.014881,-12.541375,6.425983
29.007402,-12.532667,6.420725
29.036283,-12.529912,6.411806
29.032909,-12.513086,6.385393
29.038803,-12.510333,6.376190
29.049759,-12.520344,6.361082
29.065600,-12.501975,6.347464
29.066015,-12.503635,6.344700
29.062085,-12.485468,6.361659
29.054416,-12.483623,6.345417
29.058579,-12.480371,6.330157
29.079362,-12.490402,6.340773
29.060120,-12.475818,6.321924
29.090563,-12.481078,6.344030
29.052915,-12.469212,6.318145
29.092661,-12.473488,6.337876
29.061811,-12.454263,6.324527
29.071621,-12.470656,6.334720
29.067410,-12.459851,6.345172
29.079619,-12.468650,6.337468
29.065367,-12.459073,6.339900
29.075511,-12.460078,6.357712
29.078600,-12.437677,6.339891
29.076252,-12.459898,6.351078
29.084268,-12.442627,6.367115
29.070971,-12.440254,6.358999
29.061466,-12.446461,6.373394
29.074160,-12.435991,6.376035
29.075133,-12.456380,6.393326
29.054676,-12.450605,6.384224
29.082521,-12.444865,6.394964
29.076890,-12.437146,6.406157
29.082008,-12.446446,6.412305
29.063630,-12.434369,6.414937
29.044417,-12.448832,6.438422
29.062190,-12.434713,6.433721
29.060301,-12.452350,6.443630
29.064661,-12.431731,6.445746
29.069031,-12.435016,6.473976
29.068004,-12.447405,6.478474
29.070089,-12.447191,6.468004
29.061964,-12.445696,6.490562
29.059477,-12.413616,6.503198
29.070362,-12.444941,6.497026
29.053066,-12.425594,6.510271
29.062049,-12.423375,6.517150
29.033650,-12.429460,6.542180
29.039873,-12.410763,6.538683
29.039641,-12.420186,6.513713
29.039641,-12.433341,6.542273
29.041447,-12.427403,6.565403
29.036045,-12.429809,6.573631
29.041390,-12.434202,6.580180
29.048802,-12.429191,6.571327
29.028213,-12.418348,6.578270
29.040748,-12.410175,6.594305
29.041148,-12.435053,6.614027
29.024930,-12.404813,6.623904
29.021853,-12.415183,6.614702
29.027523,-12.420734,6.620215
29.032119,-12.428935,6.633876
29.013827,-12.412694,6.639474
29.019737,-12.429884,6.647361
29.041808,-12.421933,6.640050
29.026853,-12.396822,6.683442
29.000549,-12.422499,6.672849
29.025892,-12.427819,6.687945
28.993871,-12.405605,6.692529
29.023411,-12.395292,6.707939
29.015875,-12.410773,6.695198
29.032292,-12.420486,6.701666
28.998861,-12.424105,6.729217
29.040200,-12.404028,6.714450
29.003237,-12.428526,6.722287
29.001839,-12.398071,6.726826
29.003239,-12.412385,6.751921
29.013947,-12.408470,6.766830
28.988383,-12.413768,6.744694
28.983880,-12.405790,6.770265
28.986868,-12.401425,6.783950
29.011869,-12.399287,6.794293
28.995606,-12.417993,6.778733
28.997756,-12.401688,6.807160
28.993028,-12.416023,6.813624
29.009186,-12.395460,6.807661
28.974042,-12.386753,6.784463
28.983038,-12.398616,6.813981
28.996820,-12.402660,6.819103
28.987163,-12.391210,6.818908
28.981777,-12.399417,6.829478
28.993874,-12.377191,6.840447
28.985255,-12.402896,6.840054
28.980170,-12.381932,6.860930
28.965398,-12.401935,6.862889
28.976965,-12.393193,6.849761
28.961405,-12.399301,6.871800
28.991505,-12.399098,6.883708
28.997184,-12.378999,6.895066
28.977189,-12.393901,6.894692
28.966434,-12.407099,6.920252
28.982168,-12.378907,6.909126
28.970702,-12.400672,6.906450
28.963562,-12.393443,6.929352
28.960028,-12.396629,6.916798
28.974247,-12.385269,6.930793
28.958647,-12.354464,6.940417
28.976353,-12.384722,6.934528
28.961764,-12.390281,6.962609
28.965534,-12.381139,6.957227
28.970319,-12.403950,6.959541
28.969543,-12.371739,6.960225
28.974006,-12.379418,6.978047
28.958854,-12.394260,6.977819
28.958497,-12.383354,6.991522
28.982806,-12.364199,6.990675
28.957153,-12.367673,7.016580
28.967964,-12.379411,7.014413
28.968936,-12.372707,7.025255
28.956504,-12.389016,7.036819
28.959199,-12.380609,7.007118
28.942973,-12.386625,7.028026
28.963452,-12.374010,7.042285
28.955076,-12.391423,7.030467
28.957471,-12.364777,7.044259
28.935874,-12.389847,7.053028
28.948286,-12.352583,7.052612
28.924029,-12.363750,7.027828
28.953808,-12.388138,7.076814
28.946358,-12.350272,7.066681
28.935673,-12.369865,7.075978
28.952624,-12.357269,7.076325
28.956276,-12.347000,7.094420
28.934892,-12.361311,7.100778
28.929796,-12.349491,7.079449
28.956077,-12.344232,7.109762
28.934136,-12.371911,7.118379
28.924907,-12.355685,7.107920
28.935455,-12.354629,7.122361
28.944781,-12.358923,7.126004
28.928449,-12.373662,7.133491
28.925906,-12.340667,7.116605
28.930430,-12.341827,7.125441
28.930587,-12.347120,7.146551
28.926474,-12.355010,7.134050
28.923696,-12.349774,7.149067
28.918813,-12.361047,7.160551
28.924198,-12.345926,7.177299
28.934418,-12.351013,7.166497
28.924914,-12.363371,7.189632
28.916265,-12.366256,7.198134
28.911244,-12.358311,7.181332
28.931946,-12.369799,7.195265
28.923808,-12.347443,7.188133
28.909206,-12.356316,7.174454
28.908644,-12.364512,7.201094
28.923956,-12.350487,7.186694
28.923268,-12.355027,7.203903
28.906395,-12.339989,7.217640
28.928091,-12.325224,7.229414
28.907225,-12.370205,7.229603
28.899448,-12.325198,7.238232
28.907819,-12.356461,7.232271
28.915038,-12.360208,7.224140
28.923826,-12.344986,7.224992
28.877918,-12.327066,7.239072
28.896563,-12.351361,7.261289
28.905563,-12.354853,7.256574
28.886760,-12.354429,7.270564
28.915644,-12.348238,7.252602
28.920986,-12.340356,7.259548
28.893739,-12.325912,7.267027
28.922838,-12.329831,7.290334
28.919650,-12.345346,7.268418
28.901233,-12.318406,7.279932
28.909585,-12.341294,7.300686
28.907618,-12.347198,7.303826
28.931905,-12.327941,7.306491
28.904610,-12.334871,7.296980
28.887327,-12.337093,7.305497
28.904937,-12.350172,7.293979
28.889061,-12.333121,7.317191
28.899596,-12.343551,7.326765
28.907353,-12.348011,7.318248
28.899248,-12.343642,7.321451
28.883713,-12.338604,7.310958
28.905819,-12.337244,7.324916
28.893671,-12.339822,7.361482
28.897600,-12.333225,7.334907
28.897064,-12.320782,7.338654
28.904033,-12.336309,7.369202
28.879479,-12.333475,7.346201
28.892411,-12.335732,7.359373
28.888130,-12.330211,7.342699
28.891299,-12.320738,7.371716
28.887015,-12.322909,7.363285
28.887379,-12.333997,7.369404
28.905493,-12.337698,7.355988
28.872568,-12.307925,7.368406
28.870964,-12.314768,7.372923
28.894168,-12.316810,7.380339
28.878754,-12.324896,7.382563
28.893947,-12.335138,7.398794
28.886241,-12.313851,7.382055
28.882647,-12.302477,7.404319
28.896515,-12.309506,7.402263
28.888554,-12.312576,7.408699
28.868244,-12.322343,7.418254
28.883767,-12.317397,7.411470
28.880368,-12.311318,7.421506
28.878512,-12.323974,7.417658
28.869154,-12.317981,7.444414
28.874915,-12.301525,7.420731
28.866127,-12.312476,7.430820
28.876958,-12.308116,7.436456
28.870767,-12.328264,7.445827
28.856656,-12.303535,7.450850
28.861372,-12.320411,7.439561
28.880933,-12.303576,7.475115
28.864494,-12.313328,7.448463
28.878627,-12.311753,7.445889
28.871173,-12.317880,7.473348
28.877166,-12.301445,7.488953
28.873798,-12.324268,7.463517
28.857081,-12.340786,7.463837
28.861451,-12.342000,7.466689
28.860742,-12.306092,7.450672
28.859507,-12.316828,7.489838
28.866170,-12.314574,7.473808
28.861926,-12.316665,7.490485
28.874590,-12.319797,7.504419
28.864803,-12.324465,7.469973
28.860057,-12.304360,7.486722
28.862021,-12.297149,7.496586
28.876446,-12.305164,7.502339
28.855221,-12.297789,7.501876
28.866885,-12.308987,7.512789
28.878114,-12.317423,7.506664
28.869190,-12.310316,7.505352
28.853506,-12.309798,7.522000
28.860845,-12.308153,7.534555
28.870585,-12.297868,7.517194
28.860413,-12.312550,7.515306
28.846838,-12.304090,7.505484
28.868896,-12.313962,7.535687
28.864102,-12.313130,7.553282
28.860476,-12.316085,7.529207
28.857562,-12.306447,7.537785
28.854843,-12.302935,7.535837
28.859795,-12.314877,7.563361
28.849842,-12.276228,7.539209
28.857013,-12.291036,7.554267
28.851017,-12.289722,7.547495
28.850786,-12.285920,7.560503
28.846069,-12.301571,7.542394
28.863255,-12.300818,7.565816
28.860364,-12.306319,7.568066
28.846552,-12.306513,7.586165
28.853295,-12.298211,7.596254
28.831973,-12.311707,7.572904
28.849433,-12.290942,7.550449
28.829602,-12.279075,7.555254
28.854258,-12.288746,7.586014
28.845291,-12.284230,7.585977
28.842263,-12.287455,7.587530
28.858512,-12.319414,7.585527
28.858748,-12.276434,7.573029
28.838720,-12.291868,7.608489
28.835290,-12.318991,7.583126
28.855083,-12.302757,7.597324
28.850779,-12.289125,7.591275
28.856540,-12.301505,7.617491
28.856618,-12.287677,7.601719
28.844513,-12.300490,7.600617
28.855328,-12.286084,7.606173
28.829677,-12.310442,7.618656
28.838145,-12.281813,7.611313
28.824456,-12.297489,7.617707
28.830955,-12.293747,7.626571
28.845045,-12.288253,7.619159
28.846900,-12.293110,7.636462
28.830848,-12.288961,7.632479
28.841372,-12.280930,7.613488
28.822569,-12.291351,7.631039
28.849183,-12.289530,7.628466
28.831336,-12.294846,7.637052
28.842141,-12.275708,7.630392
28.840617,-12.273422,7.627954
28.837942,-12.278093,7.648254
28.835857,-12.273221,7.645673
28.817755,-12.305043,7.647493
28.827711,-12.305307,7.647206
28.837084,-12.262250,7.673298
28.843374,-12.288738,7.674792
28.846311,-12.296548,7.664237
28.823467,-12.284262,7.673360
28.849100,-12.270298,7.651173
28.822553,-12.292303,7.660826
28.837369,-12.285891,7.665254
28.824730,-12.283480,7.648694
28.824655,-12.274650,7.670631
28.829928,-12.298894,7.659763
28.824113,-12.273853,7.655141
28.820675,-12.273665,7.657643
28.810105,-12.286176,7.674294
28.835475,-12.274777,7.671503
28.833329,-12.281543,7.673696
28.842329,-12.288364,7.682452
28.831278,-12.275951,7.676591
28.823472,-12.285751,7.698730
28.827568,-12.262306,7.707688
28.814031,-12.284655,7.702207
28.821920,-12.265608,7.690414
28.845281,-12.271638,7.706162
28.845262,-12.278681,7.717907
28.832912,-12.270332,7.696491
28.811002,-12.268483,7.690056
28.796481,-12.267650,7.723215
28.817534,-12.279721,7.701743
28.801395,-12.287524,7.680875
28.829573,-12.297977,7.709361
28.826641,-12.271718,7.722006
28.829321,-12.269537,7.728631
28.797842,-12.280578,7.717954
28.820213,-12.263537,7.724639
28.819738,-12.275464,7.723761
28.841697,-12.273269,7.706334
28.853091,-12.280316,7.710538
28.791658,-12.266055,7.721301
28.811576,-12.289144,7.738358
28.818120,-12.271728,7.739769
28.825416,-12.281880,7.710462
28.816263,-12.298734,7.737043
28.813067,-12.267174,7.737323
28.825685,-12.289658,7.737569
28.821885,-12.274844,7.743567
28.826464,-12.261112,7.742349
28.813773,-12.283787,7.747747
28.804076,-12.270991,7.761492
28.809169,-12.267746,7.747617
28.825818,-12.264778,7.745394
28.804814,-12.281960,7.744932
28.833789,-12.274777,7.746821
28.801227,-12.266789,7.740762
28.825500,-12.273805,7.767424
28.827227,-12.276525,7.773434
28.808141,-12.279194,7.759323
28.809324,-12.280556,7.757528
28.822606,-12.270672,7.785404
28.810486,-12.280137,7.783655
28.810579,-12.267801,7.785503
28.815084,-12.242289,7.771592
28.823303,-12.269951,7.748390
28.823309,-12.276965,7.775488
28.813087,-12.264685,7.772153
28.807216,-12.257589,7.785892
28.819374,-12.275351,7.780748
28.820834,-12.274212,7.773822
28.818560,-12.250724,7.771224
28.799543,-12.260890,7.788961
28.790813,-12.257240,7.781624
28.807327,-12.265035,7.778203
28.809372,-12.257316,7.782261
28.819945,-12.261412,7.798344
28.812127,-12.256211,7.784511
28.823647,-12.266893,7.798092
28.818252,-12.259078,7.771086
28.793773,-12.257180,7.802228
28.804433,-12.248654,7.811241
28.804450,-12.256340,7.783478
28.805597,-12.261936,7.815172
28.813746,-12.253229,7.805955
28.785420,-12.250947,7.784364
28.801132,-12.242673,7.795900
28.798189,-12.242750,7.782786
28.801102,-12.252551,7.806273
28.776723,-12.252836,7.803261
28.815614,-12.266228,7.807895
28.796791,-12.247379,7.810554
28.801541,-12.256236,7.816416
28.799699,-12.264150,7.822506
28.802219,-12.273193,7.810825
28.797175,-12.252111,7.824189
28.791361,-12.263367,7.821736
28.790445,-12.261783,7.835571
28.807118,-12.261956,7.821925
28.792105,-12.277175,7.832005
28.795263,-12.234797,7.816319
28.791298,-12.272978,7.829908
28.796844,-12.259867,7.817228
28.794590,-12.259549,7.823279
28.797514,-12.243085,7.811537
28.786403,-12.261237,7.832613
28.803431,-12.242152,7.826542
28.786152,-12.256656,7.823574
28.782389,-12.251342,7.833783
28.784775,-12.257677,7.843531
28.796131,-12.257568,7.801509
28.815677,-12.258479,7.839665
28.766763,-12.266675,7.833920
28.795175,-12.239492,7.839521
28.794225,-12.241218,7.825808
28.793879,-12.233744,7.865043
28.799221,-12.258610,7.843576
28.799782,-12.250047,7.824598
28.805342,-12.253861,7.836748
28.792065,-12.242090,7.849275
28.784935,-12.260530,7.849205
28.813377,-12.243336,7.854155
28.801412,-12.247305,7.850603
28.780566,-12.250007,7.850033
28.797994,-12.236069,7.850736
28.785463,-12.273631,7.852601
28.791576,-12.273895,7.847338
28.799391,-12.246315,7.862255
28.789172,-12.253025,7.862818
28.797415,-12.262855,7.863072
28.795041,-12.238881,7.866028
28.804746,-12.252439,7.857227
28.780669,-12.254520,7.863684
28.791995,-12.249550,7.860309
28.802649,-12.264235,7.855756
28.782089,-12.237686,7.869263
28.786434,-12.234369,7.855369
28.796029,-12.258753,7.875633
28.794849,-12.238206,7.882343
28.789806,-12.269706,7.869093
28.786153,-12.245772,7.859883
28.786890,-12.241737,7.851522
28.782371,-12.238295,7.851280
28.783723,-12.242792,7.871222
28.794980,-12.239544,7.883385
28.776917,-12.257338,7.862729
28.788099,-12.253109,7.898736
28.772295,-12.252415,7.875904
28.759181,-12.256702,7.884947
28.803242,-12.255802,7.877345
28.787672,-12.259492,7.868842
28.770576,-12.239054,7.875589
28.801098,-12.249849,7.889968
28.776543,-12.235131,7.865322
28.786537,-12.238435,7.879047
28.781802,-12.248629,7.891064
28.804401,-12.243382,7.884943
28.789301,-12.244342,7.888486
28.787963,-12.236890,7.891214
28.787018,-12.258547,7.907840
28.772428,-12.235060,7.880238
28.794699,-12.244471,7.897884
28.782871,-12.241622,7.900836
28.770612,-12.246246,7.904440
28.771811,-12.244125,7.886040
28.806233,-12.234654,7.889763
28.788173,-12.253083,7.901074
28.774125,-12.259513,7.897212
28.779218,-12.231724,7.922756
28.780625,-12.252485,7.905225
28.788673,-12.237977,7.897959
28.780637,-12.243264,7.900876
28.776006,-12.234435,7.896856
28.781479,-12.236146,7.905619
28.794398,-12.231305,7.890548
28.766077,-12.235377,7.901025
28.790107,-12.240239,7.902436
28.790429,-12.241473,7.910674
28.795517,-12.242298,7.898443
28.787634,-12.250625,7.909576
28.799932,-12.242050,7.910925
28.800018,-12.256528,7.924131
28.773213,-12.232385,7.907217
28.771574,-12.226733,7.920621
28.777401,-12.251434,7.896176
28.786094,-12.247498,7.909784
28.771854,-12.242978,7.911667
28.769209,-12.227432,7.918291
28.787563,-12.243901,7.900780
28.778355,-12.237930,7.920892
28.780276,-12.240153,7.905568
28.804269,-12.235735,7.908377
28.783252,-12.252504,7.928603
28.785032,-12.251092,7.909178
28.775949,-12.237657,7.912588
28.774227,-12.251502,7.930725
28.772219,-12.230414,7.934392
28.777185,-12.248468,7.919672
28.773629,-12.240306,7.935340
28.773703,-12.228289,7.926377
28.785367,-12.236046,7.930304
28.785202,-12.234340,7.919060
28.775324,-12.237878,7.930209
28.783942,-12.255130,7.938670
28.768577,-12.244440,7.928778
28.767774,-12.237877,7.934967
28.778678,-12.242259,7.935902
28.789148,-12.239750,7.938555
28.766078,-12.236901,7.936833
28.773396,-12.245918,7.919065
28.787591,-12.235531,7.933742
28.777639,-12.241304,7.942326
28.780818,-12.234072,7.935184
28.795029,-12.235795,7.935845
28.784482,-12.251622,7.948127
28.777145,-12.241674,7.940321
28.761135,-12.243681,7.930823
28.768362,-12.247469,7.950288
28.778672,-12.249579,7.936673
28.768832,-12.244392,7.938129
28.789110,-12.248663,7.946826
28.784116,-12.238396,7.939183
28.774159,-12.219047,7.960420
28.773992,-12.239206,7.945840
28.782416,-12.237648,7.939561
28.779777,-12.225363,7.940668
28.776418,-12.260592,7.946937
28.782559,-12.250101,7.952983
28.796922,-12.237458,7.941419
28.774197,-12.238612,7.945295
28.781067,-12.243757,7.975740
28.772642,-12.226840,7.951355
28.789033,-12.232858,7.960552
28.771569,-12.242606,7.953066
28.782739,-12.247653,7.961031
28.798184,-12.236688,7.960444
28.760061,-12.244835,7.944185
28.782782,-12.226086,7.963281
28.782411,-12.234987,7.952054
28.775872,-12.232868,7.962267
28.774887,-12.229437,7.941278
28.748754,-12.242581,7.953871
28.770609,-12.229442,7.965136
28.764616,-12.210435,7.954112
28.762374,-12.228978,7.947114
28.773885,-12.222340,7.972823
28.760232,-12.231395,7.971130
28.776346,-12.217498,7.939080
28.774563,-12.250004,7.965969
28.751817,-12.218401,7.971402
28.770004,-12.230091,7.953003
28.755963,-12.240973,7.963685
28.762590,-12.233145,7.946620
28.766423,-12.234798,7.990716
28.773872,-12.249163,7.961318
28.759465,-12.222986,7.961239
28.775197,-12.235944,7.972566
28.776086,-12.217667,7.970685
28.764425,-12.244081,7.958538
28.762407,-12.239634,7.974247
28.773623,-12.227379,7.965610
28.768214,-12.202693,7.959268
28.760658,-12.234153,7.973451
28.752690,-12.225652,7.990082
28.784835,-12.242008,7.935290
28.753847,-12.222501,7.971212
28.785914,-12.232426,7.981273
28.784581,-12.224642,7.976666
28.763585,-12.243683,7.979097
28.773115,-12.211110,7.987538
28.762160,-12.229202,7.962189
28.761587,-12.254170,7.967671
28.783868,-12.232462,7.981731
28.772178,-12.235161,7.974396
28.778930,-12.240375,7.994134
28.762971,-12.240159,7.991293
28.761897,-12.220166,7.974236
28.770301,-12.225766,7.982092
28.769696,-12.221733,7.979624
28.755684,-12.222760,7.986563
28.766572,-12.219551,7.986964
28.783947,-12.235438,7.973390
28.788454,-12.243526,7.993106
28.771497,-12.235339,7.985266
28.764718,-12.236173,7.984450
28.757743,-12.241079,7.990057
28.777125,-12.216367,7.995013
28.789764,-12.246382,7.986759
28.763632,-12.249253,7.984448
28.769395,-12.215908,7.981929
28.773099,-12.215806,7.976580
28.751261,-12.222270,7.980161
28.754014,-12.228475,7.984724
28.745493,-12.232703,7.991931
28.758681,-12.217885,7.991456
28.755336,-12.224560,7.967794
28.768053,-12.219355,7.978360
28.775169,-12.230525,7.995589
28.755142,-12.219318,7.975160
28.773530,-12.234922,8.001866
28.770831,-12.222195,7.990334
28.767984,-12.237616,8.004286
28.779242,-12.223337,7.993665
28.759021,-12.212804,7.986310
28.769227,-12.223330,7.974112
28.782618,-12.239942,7.993101
28.778496,-12.237551,7.991945
28.756149,-12.239000,8.004448
28.773866,-12.214576,7.984396
28.769915,-12.231251,8.002421
28.759230,-12.223164,7.996077
28.766152,-12.222265,7.996468
28.763083,-12.229017,8.003713
28.746598,-12.221857,8.015490
28.764893,-12.224625,7.992917
28.771828,-12.225540,7.998244
28.757327,-12.221166,7.997285
28.766244,-12.241375,7.999484
28.751351,-12.211842,7.998448
28.764742,-12.216837,7.996962
28.773555,-12.231914,7.987203
28.763455,-12.223856,7.987576
28.768988,-12.237049,8.004020
28.765745,-12.231018,7.996946
28.765104,-12.221886,8.001912
28.752703,-12.240174,7.983487
28.753833,-12.220356,7.998798
28.770741,-12.212773,8.017555
28.751124,-12.230210,7.996280
28.756376,-12.217126,8.008690
28.766617,-12.208133,8.008495
28.761458,-12.231770,7.989506
28.742563,-12.216415,7.996085
28.754623,-12.224186,7.998097
28.781032,-12.234617,8.002070
28.770354,-12.243407,7.999063
28.750298,-12.224274,8.009480
28.767412,-12.224157,8.008930
28.767966,-12.235267,8.016542
28.750357,-12.221371,8.003058
28.755517,-12.241190,7.989955
28.766301,-12.233049,8.007703
28.769798,-12.233071,8.019949
28.768343,-12.226097,7.990228
28.765325,-12.219235,7.996856
28.761901,-12.215406,8.004245
28.756158,-12.214934,8.016508
28.759487,-12.234532,8.018648
28.761717,-12.219214,8.014519
28.751259,-12.220072,8.000053
28.772442,-12.219850,8.004978
28.772863,-12.212023,8.020722
28.754136,-12.227499,8.023437
28.768143,-12.222195,8.008802
28.763370,-12.230531,8.012811
28.765375,-12.212692,8.015051
28.758355,-12.244777,8.012104
28.756638,-12.228241,8.000781
28.776085,-12.212758,8.008578
28.764715,-12.210254,8.016511
28.749032,-12.225195,8.020291
28.772763,-12.242485,8.008054
28.730071,-12.227462,8.028507
28.737880,-12.213442,8.020076
28.775299,-12.228007,8.018734
28.753116,-12.209228,8.011008
28.757312,-12.242273,8.020616
28.752818,-12.217365,8.010587
28.758781,-12.208653,8.023700
28.765859,-12.221924,8.027711
28.757953,-12.223608,8.023858
28.770928,-12.201437,8.013441
28.748908,-12.247560,8.004534
28.752924,-12.227136,8.013593
28.768078,-12.232558,8.020126
28.752186,-12.219359,8.033422
28.759664,-12.218710,8.019836
28.763682,-12.212395,8.018550
28.775668,-12.221350,8.013967
28.755761,-12.213727,8.012083
28.766793,-12.220301,8.034735
28.753887,-12.224537,8.025125
28.753285,-12.229088,8.027891
28.749984,-12.210274,8.014051
28.754915,-12.208988,8.036706
28.744310,-12.221765,8.030035
28.770695,-12.225212,8.020931
28.755655,-12.234118,8.012183
28.759234,-12.223065,8.025601
28.763936,-12.240692,8.028880
28.762492,-12.199774,8.022533
28.745869,-12.194428,8.017735
28.756541,-12.234339,8.014126
28.768902,-12.215067,8.026389
28.748366,-12.243468,8.028091
28.754895,-12.230171,8.030825
28.763720,-12.213634,8.018694
28.753113,-12.246254,8.041348
28.764768,-12.222887,8.025030
28.761584,-12.211876,8.028265
28.744202,-12.234342,8.037225
28.766509,-12.220036,8.032027
28.748934,-12.233436,8.039860
28.759369,-12.208026,8.044613
28.754394,-12.221972,8.016190
28.779932,-12.214327,8.022443
28.774647,-12.217962,8.030833
28.764427,-12.235824,8.042068
28.761888,-12.221778,8.035267
28.757710,-12.255293,8.026754
28.761612,-12.223875,8.033361
28.762891,-12.213749,8.027868
28.751052,-12.221455,8.041949
28.750385,-12.231585,8.030586
28.735472,-12.212370,8.037622
28.771202,-12.232023,8.051537
28.753260,-12.211561,8.031708
28.767743,-12.223794,8.039037
28.760163,-12.217666,8.035803
28.779023,-12.225678,8.034159
28.747438,-12.222572,8.039856
28.759334,-12.209751,8.057570
28.759556,-12.238773,8.025897
28.766963,-12.223868,8.035787
28.749797,-12.210546,8.030134
28.761305,-12.228053,8.036526
28.750575,-12.234823,8.015008
28.739820,-12.205851,8.025407
28.756928,-12.207523,8.034571
28.765749,-12.223172,8.028054
28.735405,-12.215323,8.043710
28.754705,-12.233076,8.039941
28.748325,-12.211317,8.038685
28.748571,-12.217584,8.050004
28.777250,-12.228942,8.032775
28.757563,-12.220089,8.029720
28.730829,-12.230976,8.021296
28.773861,-12.228872,8.033786
28.755031,-12.220280,8.033766
28.745520,-12.222933,8.035558
28.745092,-12.226240,8.052520
28.749871,-12.195901,8.044312
28.751643,-12.216359,8.044019
28.753133,-12.216612,8.050955
28.763760,-12.207494,8.043788
28.761595,-12.218194,8.046342
28.749902,-12.219474,8.053648
28.745489,-12.212280,8.043813
28.747142,-12.226776,8.053707
28.751841,-12.206047,8.020515
28.763404,-12.201891,8.027769
28.749813,-12.230605,8.042156
28.759395,-12.237267,8.048301
28.754620,-12.221154,8.022944
28.730839,-12.207904,8.030762
28.758983,-12.218496,8.035628
28.758423,-12.210079,8.050650
28.765833,-12.211933,8.026866
28.759735,-12.218242,8.048220
28.743344,-12.222688,8.044295
28.767241,-12.220579,8.034164
28.764597,-12.223203,8.037242
28.758908,-12.219658,8.061654
28.741844,-12.233374,8.026855
28.758114,-12.210915,8.033234
28.764706,-12.211985,8.048711
28.747880,-12.207946,8.052580
28.751867,-12.214045,8.047704
28.755864,-12.215561,8.045661
28.764980,-12.218777,8.058284
28.741963,-12.227819,8.036736
28.761035,-12.230064,8.045192
28.748597,-12.207105,8.048801
28.754451,-12.221776,8.037212
28.745793,-12.213219,8.040418
28.757075,-12.216940,8.022755
28.756535,-12.219879,8.045716
28.759460,-12.214089,8.048975
28.751679,-12.198323,8.054174
28.758784,-12.222091,8.041308
28.755016,-12.232419,8.057019
28.755712,-12.199021,8.056587
28.753463,-12.241253,8.050931
28.760180,-12.222917,8.050354
28.739245,-12.212131,8.069753
28.754288,-12.209129,8.036060
28.760313,-12.210192,8.059794
28.757754,-12.217605,8.052132
28.768402,-12.223306,8.041422
28.746968,-12.219940,8.051670
28.738481,-12.205837,8.040934
28.743703,-12.219584,8.062139
28.757142,-12.218087,8.028007
28.747891,-12.228091,8.030992
28.761640,-12.229672,8.070321
28.761008,-12.219871,8.041346
28.758259,-12.228378,8.055946
28.753074,-12.226403,8.065261
28.753690,-12.206331,8.055513
28.779584,-12.223912,8.046188
28.761956,-12.218585,8.057971
28.755969,-12.211480,8.055168
28.760128,-12.217302,8.052426
28.742986,-12.211337,8.043854
28.746650,-12.218063,8.056721
28.772167,-12.218349,8.061341
28.744664,-12.228842,8.033878
28.752084,-12.219805,8.047235
28.750975,-12.209685,8.051512
28.754999,-12.215199,8.040514
28.751178,-12.217403,8.054321
28.753005,-12.222771,8.053510
28.747258,-12.217387,8.065280
28.745487,-12.224607,8.056852
28.748560,-12.210797,8.058481
28.749032,-12.221691,8.044866
28.739669,-12.211576,8.033913
28.744338,-12.227500,8.080611
28.746944,-12.222732,8.063780
28.745142,-12.209962,8.030010
28.748166,-12.217800,8.040108
28.742598,-12.202536,8.055695
28.753819,-12.234576,8.047671
28.750247,-12.203989,8.064176
28.740398,-12.217179,8.052119
28.754257,-12.201447,8.067141
28.761037,-12.224686,8.058483
28.749200,-12.214555,8.054479
28.749151,-12.216622,8.041705
28.755696,-12.227363,8.063492
28.755310,-12.223198,8.036075
28.743191,-12.200418,8.056308
28.735948,-12.224867,8.036379
28.766931,-12.214136,8.058159
28.753517,-12.215134,8.060953
28.754939,-12.201715,8.062858
28.745912,-12.217213,8.048019
28.746114,-12.206271,8.067617
28.767753,-12.217266,8.049352
28.750615,-12.230933,8.067536
28.745489,-12.211439,8.046306
28.752939,-12.230435,8.042400
28.746634,-12.231150,8.048245
28.745733,-12.215079,8.037582
28.741698,-12.222115,8.056119
28.751259,-12.216377,8.057251
28.741056,-12.196611,8.057315
28.747152,-12.208053,8.052162
28.751402,-12.197771,8.052395
28.749373,-12.213188,8.055442
28.749829,-12.223820,8.064271
28.749554,-12.199169,8.054771
28.748262,-12.219522,8.067661
28.750416,-12.195678,8.047416
28.762148,-12.207154,8.055019
28.750369,-12.228444,8.084962
28.766181,-12.206520,8.055840
28.746157,-12.215663,8.040697
28.765228,-12.220064,8.059280
28.746795,-12.216699,8.048560
28.746771,-12.215228,8.061150
28.747098,-12.240740,8.056453
28.749792,-12.222167,8.057393
28.759924,-12.224636,8.074061
28.742640,-12.214898,8.067076
28.743053,-12.206451,8.063251
28.788572,-12.222881,8.065418
28.740541,-12.213766,8.064871
28.746027,-12.205306,8.047574
28.757836,-12.205317,8.061157
28.768528,-12.224445,8.065803
28.757672,-12.213972,8.057871
28.755204,-12.210893,8.082119
28.744176,-12.216726,8.047359
28.736834,-12.213161,8.065196
28.750210,-12.230326,8.035460
28.765691,-12.214500,8.059203
28.750152,-12.234336,8.065160
28.761636,-12.215292,8.054861
28.730114,-12.221782,8.055138
28.761715,-12.205638,8.059961
28.759944,-12.222093,8.061928
28.749577,-12.204714,8.066880
28.747058,-12.221905,8.062435
28.750559,-12.221523,8.063307
28.759538,-12.195296,8.061278
28.757570,-12.212715,8.071657
28.752686,-12.226918,8.062006
28.746215,-12.212779,8.064086
28.742752,-12.207216,8.071307
28.764920,-12.233215,8.079972
28.768000,-12.215985,8.074380
28.751684,-12.211607,8.054431
28.752097,-12.200841,8.060410
28.741827,-12.234278,8.056655
28.735189,-12.225530,8.058929
28.755585,-12.223299,8.067624
28.761090,-12.217978,8.065170
28.739275,-12.199397,8.056248
28.735612,-12.231746,8.053005
28.732797,-12.201802,8.066312
28.739330,-12.225382,8.060345
28.748895,-12.193662,8.059069
28.748955,-12.220248,8.069936
28.755848,-12.213119,8.046672
28.737423,-12.206802,8.052904
28.745195,-12.231414,8.069903
28.735481,-12.219156,8.070859
28.767874,-12.220239,8.061213
28.759467,-12.201833,8.063701
28.758927,-12.207453,8.062233
28.741396,-12.227571,8.069020
28.740057,-12.217271,8.067713
28.750441,-12.220676,8.075570
28.729253,-12.221948,8.058862
28.746488,-12.215762,8.069201
28.751176,-12.198662,8.062531
28.769748,-12.223854,8.069085
28.757941,-12.215698,8.076717
28.735441,-12.230279,8.061270
28.749418,-12.226515,8.068272
28.747572,-12.218440,8.050374
28.741832,-12.217767,8.063978
28.756237,-12.201826,8.073452
28.755293,-12.218586,8.071679
28.765152,-12.212596,8.063348
28.753259,-12.214068,8.070673
28.735548,-12.214272,8.067997
28.764865,-12.224886,8.047974
28.758069,-12.209734,8.067754
28.754155,-12.205805,8.063379
28.749607,-12.214896,8.066767
28.763257,-12.195085,8.069258
28.762123,-12.212161,8.049453
28.753065,-12.196107,8.058361
28.752427,-12.226230,8.076368
28.765538,-12.222075,8.058828
28.753758,-12.205723,8.056107
28.749093,-12.225634,8.076964
28.741930,-12.231912,8.048907
28.767019,-12.203779,8.066369
28.764194,-12.209642,8.049724
28.741533,-12.220762,8.072681
28.760241,-12.210531,8.082534
28.746007,-12.222598,8.056004
28.740418,-12.222597,8.054702
28.732620,-12.236167,8.065716
28.732228,-12.211123,8.081075
28.754655,-12.221466,8.058436
28.753992,-12.229015,8.069250
28.743680,-12.207761,8.072764
28.738630,-12.205799,8.049384
28.733872,-12.205304,8.060986
28.754507,-12.205524,8.067610
28.750358,-12.206665,8.073679
28.757558,-12.201375,8.067474
28.745896,-12.203629,8.076547
28.755582,-12.224960,8.072661
28.778418,-12.212859,8.089271
28.742479,-12.203045,8.059512
28.744876,-12.224628,8.062487
28.753840,-12.214947,8.062806
28.751100,-12.214125,8.055426
28.748039,-12.234837,8.058805
28.750100,-12.210940,8.075119
28.743377,-12.223988,8.069629
28.737518,-12.236286,8.086555
28.752453,-12.216961,8.069591
28.747252,-12.212582,8.069398
28.750415,-12.208230,8.077886
28.767478,-12.223889,8.074155
28.734639,-12.209155,8.062629
28.752330,-12.226759,8.072523
28.756365,-12.206621,8.071744
28.756713,-12.220971,8.077663
28.753399,-12.204721,8.061691
28.752174,-12.231181,8.061949
28.742642,-12.215748,8.076555
28.753307,-12.217702,8.060902
28.729532,-12.214976,8.053114
28.745757,-12.205997,8.064853
28.750663,-12.216181,8.067363
28.768191,-12.212246,8.083374
28.740892,-12.209406,8.069057
28.763247,-12.205992,8.080135
28.751671,-12.222785,8.054592
28.738165,-12.198604,8.062523
28.733873,-12.219679,8.050975
28.749899,-12.213694,8.069196
28.758912,-12.204322,8.056907
28.760746,-12.220988,8.074194
28.747981,-12.206975,8.056245
28.745355,-12.213010,8.069635
28.765847,-12.198799,8.059430
28.756235,-12.216984,8.089659
28.747881,-12.222730,8.068778
28.744890,-12.224118,8.085174
28.744678,-12.243162,8.064408
28.747339,-12.213308,8.059724
28.741032,-12.223148,8.074378
28.764025,-12.213396,8.064045
28.764566,-12.198495,8.066595
28.745211,-12.224873,8.068187
28.759195,-12.221031,8.079123
28.740949,-12.214187,8.076498
28.749714,-12.209411,8.083773
28.757459,-12.192661,8.074911
28.743829,-12.222061,8.085199
28.753788,-12.210176,8.072721
28.756349,-12.205088,8.084023
28.752059,-12.211388,8.064564
28.742860,-12.210762,8.065451
28.745201,-12.228756,8.074234
28.744234,-12.211429,8.060144
28.751949,-12.217216,8.062821
28.749630,-12.218176,8.062783
28.751081,-12.204832,8.094437
28.745401,-12.211772,8.071590
28.763776,-12.197494,8.065424
28.745821,-12.208940,8.064624
28.746024,-12.214217,8.079767
28.754448,-12.225439,8.064226
28.747034,-12.202924,8.080487
28.750416,-12.218682,8.075468
28.753777,-12.222350,8.074312
28.756122,-12.231802,8.062467
28.748335,-12.222661,8.075596
28.749869,-12.210643,8.066067
28.758562,-12.213209,8.068212
28.746750,-12.199953,8.071791
28.753618,-12.198594,8.069962
28.756919,-12.225102,8.066942
28.756850,-12.198534,8.079213
28.730039,-12.211927,8.083619
28.733677,-12.220607,8.082297
28.753229,-12.207697,8.074307
28.744732,-12.213676,8.076522
28.739304,-12.211915,8.077630
28.770241,-12.218195,8.075812
28.770278,-12.204293,8.065596
28.736006,-12.219861,8.077644
28.745807,-12.217675,8.058606
28.750089,-12.216378,8.081317
28.747860,-12.218879,8.084912
28.753886,-12.203357,8.079162
28.751726,-12.220752,8.091089
28.751200,-12.205861,8.085823
28.749783,-12.235707,8.066507
28.750200,-12.204636,8.066277
28.763126,-12.215199,8.067883
28.752628,-12.217823,8.063491
28.751506,-12.211577,8.072476
28.741706,-12.225751,8.079642
28.760638,-12.223770,8.056161
28.765324,-12.202456,8.070771
28.754740,-12.215914,8.064610
28.752979,-12.207650,8.084561
28.739774,-12.201648,8.064129
28.744900,-12.212520,8.070887
28.727372,-12.214679,8.063801
28.753369,-12.197746,8.094962
28.758444,-12.210326,8.082277
28.753293,-12.207573,8.076442
28.751708,-12.202606,8.077393
28.742795,-12.216304,8.084433
28.763154,-12.213788,8.070133
28.761696,-12.206508,8.084671
28.738154,-12.207810,8.079170
28.733408,-12.198376,8.062455
28.740941,-12.216484,8.073640
28.736146,-12.222791,8.064248
28.732744,-12.221806,8.075126
28.742498,-12.205049,8.082398
28.758370,-12.218414,8.077001
28.757024,-12.228454,8.075819
28.767735,-12.222078,8.069197
28.764254,-12.218851,8.071687
28.750009,-12.207807,8.079819
28.748679,-12.205687,8.057794
28.735807,-12.210186,8.076687
28.754900,-12.200535,8.083339
28.737136,-12.224138,8.050920
28.753916,-12.232438,8.062529
28.736621,-12.208822,8.072781
28.746543,-12.199306,8.068903
28.756977,-12.205935,8.092748
28.755297,-12.216672,8.078622
28.755949,-12.223334,8.081348
28.756359,-12.204060,8.068114
28.751395,-12.195715,8.064429
28.753325,-12.225663,8.091128
28.733119,-12.222570,8.089459
28.749646,-12.213033,8.077520
28.744437,-12.237406,8.063305
28.740473,-12.217388,8.072886
28.749753,-12.226755,8.082490
28.752757,-12.190326,8.058885
28.750168,-12.195993,8.077053
28.754887,-12.216206,8.074017
28.750249,-12.216264,8.086660
28.743015,-12.206446,8.059577
28.756617,-12.197237,8.065723
28.745140,-12.221659,8.080817
28.747609,-12.219880,8.072518
28.736540,-12.202328,8.079037
28.760144,-12.223095,8.079352
28.739077,-12.213094,8.066471
28.752105,-12.205864,8.071255
28.748424,-12.217653,8.070801
28.737876,-12.215873,8.063787
28.741736,-12.201556,8.069746
28.752251,-12.215937,8.057714
28.762641,-12.225495,8.074055
28.740140,-12.206991,8.080159
28.729551,-12.216860,8.068939
28.733667,-12.230730,8.088675
28.744292,-12.199452,8.079708
28.766674,-12.229770,8.066196
28.757263,-12.218375,8.057263
28.739483,-12.218336,8.068327
28.733375,-12.214561,8.078564
28.743562,-12.229660,8.077804
28.752132,-12.217287,8.073192
28.767731,-12.211628,8.085558
28.739007,-12.217911,8.073797
28.748045,-12.213533,8.087618
28.742850,-12.191491,8.077176
28.743852,-12.218463,8.072338
28.728052,-12.202710,8.087379
28.724249,-12.221704,8.075072
28.741842,-12.225013,8.052766
28.755783,-12.211481,8.064077
28.744313,-12.222675,8.077407
28.732618,-12.206993,8.059135
28.754437,-12.226672,8.078896
28.755938,-12.209070,8.095120
28.758502,-12.212889,8.083223
28.741894,-12.219543,8.067016
28.732663,-12.198320,8.061583
28.742493,-12.213676,8.091966
28.755714,-12.208415,8.074629
28.750204,-12.205771,8.056517
28.743334,-12.210455,8.073449
28.758763,-12.216090,8.086808
28.761912,-12.199053,8.076085
28.764539,-12.212468,8.071870
28.747631,-12.226339,8.077311
28.757296,-12.213910,8.059029
28.733511,-12.202118,8.073270
28.749057,-12.219332,8.078142
28.754704,-12.209543,8.076267
28.746046,-12.202463,8.084945
28.726797,-12.206246,8.076023
28.742155,-12.207966,8.069874
28.743453,-12.201085,8.077559
28.752723,-12.216377,8.068461
28.754240,-12.209405,8.065780
28.751719,-12.212548,8.074430
28.753849,-12.208524,8.062309
28.758629,-12.217347,8.074922
28.747824,-12.227008,8.075617
28.771474,-12.212771,8.075070
28.745322,-12.225247,8.078988
28.756155,-12.215894,8.078997
28.742472,-12.208260,8.075006
28.729472,-12.240789,8.082773
28.759319,-12.213036,8.074483
28.749011,-12.206590,8.094871
28.748532,-12.202653,8.074688
28.764107,-12.195559,8.085757
28.746390,-12.216330,8.073862
28.748595,-12.199172,8.076123
28.753996,-12.212508,8.078729
28.732556,-12.201718,8.072705
28.755621,-12.222972,8.062716
28.756735,-12.212050,8.066874
28.752229,-12.226845,8.092146
28.753599,-12.226028,8.069161
28.748612,-12.223185,8.078478
28.747775,-12.222462,8.066717
28.753507,-12.218933,8.067846
28.757296,-12.213088,8.095652
28.753831,-12.204841,8.086758
28.747468,-12.216197,8.077046
28.764819,-12.213009,8.081832
28.748051,-12.201663,8.065658
28.746213,-12.217411,8.076993
28.749861,-12.231397,8.078315
28.747934,-12.202908,8.062896
28.732880,-12.208048,8.056696
28.743063,-12.201243,8.072734
28.754656,-12.194793,8.081209
28.749717,-12.215802,8.078863
28.751890,-12.205663,8.071931
28.745158,-12.214460,8.076619
28.734857,-12.204414,8.074062
28.750217,-12.213228,8.062586
28.747906,-12.211166,8.086789
28.755804,-12.214096,8.072461
28.753147,-12.209093,8.077009
28.750802,-12.201619,8.070562
28.743522,-12.226015,8.070753
28.759483,-12.219496,8.085075
28.746128,-12.229192,8.082624
28.749307,-12.214884,8.068562
28.741953,-12.213082,8.080826
28.755079,-12.206585,8.105649
28.729444,-12.201254,8.085452
28.755100,-12.215408,8.072679
28.751691,-12.217690,8.061751
28.756743,-12.224242,8.089288
28.743280,-12.236662,8.075173
28.755262,-12.192128,8.087586
28.762988,-12.199660,8.087104
28.753075,-12.190424,8.069999
28.740064,-12.221285,8.079975
28.737796,-12.200500,8.084308
28.751612,-12.219066,8.071967
28.734583,-12.209522,8.072691
28.764984,-12.219012,8.073312
28.735080,-12.215970,8.076296
28.747402,-12.201757,8.073534
28.744763,-12.214028,8.073642
28.768097,-12.239914,8.092022
28.732712,-12.203414,8.083207
28.735253,-12.198725,8.071803
28.747654,-12.202557,8.099494
28.751904,-12.219588,8.090799
28.741218,-12.207277,8.084675
28.759979,-12.211591,8.081677
28.737693,-12.223376,8.087459
28.740425,-12.221249,8.067032
28.748300,-12.205831,8.092358
28.741818,-12.212379,8.063261
28.737815,-12.215206,8.063241
28.753353,-12.212060,8.076539
28.742013,-12.199260,8.084449
28.744212,-12.213055,8.098601
28.744626,-12.205879,8.077815
28.737688,-12.205717,8.081896
28.733372,-12.201727,8.068387
28.758157,-12.214182,8.076655
28.753732,-12.211495,8.049465
28.739192,-12.219165,8.087971
28.762152,-12.213761,8.080864
28.753321,-12.209426,8.085772
28.747408,-12.229909,8.080682
28.749528,-12.204102,8.074502
28.738795,-12.198982,8.086882
28.762264,-12.203680,8.087236
28.756208,-12.216777,8.091786
28.750205,-12.229243,8.081269
28.729675,-12.223575,8.080661
28.740235,-12.218804,8.091639
28.758387,-12.217338,8.075879
28.756928,-12.217409,8.075540
28.738752,-12.212654,8.066695
28.769596,-12.197369,8.063684
28.763587,-12.187626,8.041319
28.758163,-12.170357,8.044137
28.802112,-12.153697,8.023986
28.797184,-12.148445,8.001844
28.807051,-12.155757,7.972584
28.801281,-12.132550,7.953679
28.851048,-12.116746,7.927063
28.854523,-12.111786,7.901333
28.872873,-12.082172,7.878938
28.870591,-12.069631,7.848321
28.889975,-12.049132,7.824963
28.917884,-12.027716,7.797631
28.914620,-12.022685,7.773326
28.923388,-12.008421,7.736698
28.954156,-11.970858,7.713106
28.964288,-11.969061,7.686448
28.973091,-11.921224,7.656015
28.988910,-11.904503,7.612750
28.994557,-11.885368,7.585606
29.018025,-11.853335,7.562989
29.054883,-11.845649,7.526440
29.083617,-11.837775,7.478678
29.084256,-11.798434,7.452894
29.105963,-11.779422,7.403327
29.116800,-11.741835,7.380271
29.155594,-11.735300,7.336089
29.158048,-11.691644,7.326039
29.180555,-11.697566,7.261373
29.206139,-11.672458,7.234045
29.216742,-11.668820,7.214775
29.239644,-11.621351,7.166909
29.246645,-11.597463,7.137773
29.283333,-11.584153,7.107645
29.280766,-11.562180,7.063967
29.289947,-11.527176,7.034650
29.314142,-11.498365,6.991318
29.348257,-11.463504,6.979535
29.353552,-11.444860,6.916009
29.380470,-11.429609,6.871277
29.399524,-11.400011,6.839940
29.408185,-11.369578,6.819041
29.427945,-11.341110,6.782339
29.443066,-11.341942,6.745601
29.452153,-11.304403,6.714916
29.493513,-11.283679,6.660039
29.497856,-11.254768,6.616661
29.506512,-11.227821,6.594382
29.525509,-11.212729,6.559075
29.552858,-11.190589,6.521229
29.588994,-11.164239,6.478379
29.589141,-11.150013,6.453446
29.609889,-11.109339,6.399200
29.611766,-11.086020,6.380185
29.631770,-11.052620,6.340585
29.658680,-11.035544,6.298831
29.679886,-10.993316,6.257765
29.693708,-10.979039,6.222568
29.692403,-10.936236,6.187486
29.728306,-10.930130,6.151767
29.731308,-10.914519,6.120539
29.762996,-10.865653,6.081491
29.769444,-10.834001,6.048331
29.800097,-10.829702,6.018731
29.817627,-10.800257,5.971083
29.827362,-10.779122,5.936357
29.849308,-10.738952,5.894062
29.858242,-10.731145,5.840771
29.870306,-10.687992,5.805253
29.886834,-10.652842,5.801568
29.926225,-10.629083,5.745924
29.933136,-10.616389,5.712244
29.939234,-10.582141,5.688645
29.948379,-10.553507,5.616815
29.975385,-10.550643,5.580748
29.995399,-10.506800,5.561628
30.003318,-10.486319,5.505317
30.019805,-10.446046,5.501200
30.022975,-10.426698,5.461056
30.050266,-10.400354,5.422131
30.071955,-10.354001,5.378296
30.093761,-10.342672,5.337321
30.092323,-10.330139,5.296247
30.113689,-10.291593,5.262733
30.145557,-10.256146,5.230833
30.163323,-10.245659,5.184680
30.172522,-10.215979,5.154211
30.164572,-10.173259,5.121939
30.215720,-10.157263,5.053977
30.214683,-10.141353,5.023471
30.233783,-10.118640,4.989874
30.263266,-10.091394,4.968351
30.265405,-10.064460,4.923926
30.277849,-10.022443,4.861689
30.285343,-9.991041,4.826307
30.296040,-9.970955,4.801618
30.322025,-9.935797,4.767934
30.331340,-9.923734,4.721420
30.354548,-9.863033,4.690214
30.355358,-9.854042,4.667393
30.390217,-9.831374,4.612660
30.407837,-9.797490,4.576173
30.390976,-9.764828,4.530358
30.419401,-9.741140,4.505257
30.425076,-9.733666,4.458190
30.471458,-9.721576,4.429873
30.468888,-9.653737,4.398450
30.465052,-9.630726,4.340482
30.480499,-9.620038,4.297982
30.527641,-9.571607,4.266401
30.521966,-9.561172,4.249796
30.547423,-9.520352,4.183622
30.554425,-9.524443,4.155467
30.561362,-9.475878,4.123707
30.585013,-9.439691,4.069152
30.586394,-9.412313,4.040957
30.594413,-9.384122,4.004751
30.617856,-9.362373,3.957767
30.633104,-9.335467,3.927416
30.640251,-9.307307,3.876591
30.658519,-9.268393,3.840233
30.672244,-9.226588,3.814249
30.674636,-9.193779,3.761029
30.694038,-9.188460,3.728999
30.715590,-9.163647,3.701453
30.714987,-9.119939,3.658107
30.738306,-9.093559,3.613768
30.747221,-9.065639,3.577668
30.777128,-9.052047,3.533183
30.788924,-9.014477,3.483564
30.785779,-8.982223,3.444605
30.802868,-8.954252,3.400348
30.822099,-8.921774,3.384826
30.845069,-8.908370,3.329039
30.828029,-8.849515,3.307067
30.848197,-8.828794,3.268047
30.854004,-8.814976,3.211719
30.877472,-8.784474,3.174299
30.890163,-8.746518,3.134548
30.896791,-8.733960,3.108040
30.915990,-8.665523,3.057806
30.933491,-8.677094,3.031076
30.941167,-8.633471,2.992460
30.965482,-8.609780,2.945288
30.969710,-8.576023,2.907633
30.976512,-8.552188,2.858028
30.997703,-8.521879,2.835147
30.995819,-8.483617,2.789391
31.010282,-8.461208,2.755700
31.015434,-8.427554,2.736664
31.039862,-8.390001,2.660154
31.039131,-8.359311,2.624628
31.077009,-8.343105,2.599340
31.072965,-8.319583,2.565604
31.075321,-8.284900,2.509457
31.107875,-8.247808,2.460758
31.110984,-8.214064,2.423316
31.109281,-8.207884,2.392531
31.132456,-8.153570,2.351379
31.137672,-8.129031,2.319355
31.128038,-8.113525,2.277253
31.164337,-8.061069,2.233838
31.163758,-8.035517,2.187137
31.164300,-8.011690,2.152584
31.187753,-7.983333,2.102475
31.200743,-7.946899,2.082410
31.201672,-7.912207,2.039303
31.217118,-7.880121,1.991585
31.227146,-7.850724,1.958487
31.269039,-7.817154,1.922742
31.246834,-7.787791,1.884535
31.250354,-7.781755,1.851853
31.275643,-7.724319,1.790965
31.271148,-7.704334,1.787201
31.284830,-7.683712,1.728350
31.316148,-7.640405,1.680404
31.311493,-7.613838,1.652770
31.334110,-7.579843,1.585625
31.335813,-7.550917,1.556037
31.347222,-7.517673,1.516533
31.346221,-7.503211,1.492666
31.381943,-7.475056,1.439598
31.362529,-7.424813,1.397157
31.361074,-7.396775,1.351912
31.387079,-7.380625,1.310308
31.379235,-7.328610,1.290854
31.399693,-7.297769,1.232801
31.403516,-7.284989,1.176860
31.410406,-7.234902,1.146244
31.425840,-7.207835,1.101850
31.444282,-7.193537,1.050490
31.422168,-7.138646,1.025933
31.430488,-7.140617,0.975775
31.450952,-7.094122,0.929665
31.474014,-7.064770,0.904322
31.470559,-7.025510,0.871187
31.483141,-6.992068,0.830277
31.489530,-6.959033,0.801612
31.482399,-6.921680,0.736060
31.494037,-6.893730,0.715941
31.519668,-6.872068,0.680894
31.496028,-6.820651,0.618202
31.508622,-6.798855,0.594095
31.534798,-6.780492,0.554995
31.550309,-6.738915,0.498830
31.553153,-6.692333,0.459604
31.569078,-6.678438,0.429436
31.578618,-6.639017,0.384297
31.579337,-6.626693,0.336397
31.582355,-6.585731,0.297208
31.576959,-6.548260,0.245402
31.594244,-6.508418,0.198849
31.588904,-6.513782,0.165010
31.602877,-6.460192,0.123565
31.627331,-6.417613,0.084829
31.626595,-6.404115,0.069147
31.627784,-6.369985,0.021341
31.637895,-6.353158,-0.012733
31.635420,-6.320406,-0.067365
31.633245,-6.255165,-0.103348
31.647285,-6.229594,-0.171072
31.661814,-6.194966,-0.183818
31.665336,-6.197892,-0.237254
31.667790,-6.142682,-0.292412
31.669925,-6.127601,-0.314146
31.669101,-6.085687,-0.356778
31.693811,-6.040258,-0.388732
31.685901,-6.008599,-0.440079
31.710720,-5.986714,-0.480130
31.699676,-5.952043,-0.512458
31.721877,-5.933497,-0.559428
31.719624,-5.885527,-0.602229
31.710905,-5.856341,-0.651766
31.719381,-5.828416,-0.678812
31.712129,-5.808983,-0.732750
31.731508,-5.754972,-0.776729
31.739468,-5.722837,-0.819127
31.740485,-5.697011,-0.866920
31.732133,-5.671850,-0.888222
31.764724,-5.625885,-0.931199
31.760508,-5.592123,-0.974754
31.759032,-5.593289,-1.029193
31.766626,-5.543255,-1.064931
31.755355,-5.500439,-1.103292
31.775303,-5.472232,-1.138372
31.790460,-5.442751,-1.184418
31.794899,-5.404554,-1.225496
31.788138,-5.388216,-1.270811
31.799890,-5.365122,-1.305469
31.802732,-5.299832,-1.342970
31.794397,-5.272660,-1.381830
31.795129,-5.261679,-1.414771
31.809835,-5.233980,-1.494179
31.804992,-5.180395,-1.520044
31.816231,-5.147519,-1.555439
31.821341,-5.123817,-1.605582
31.801008,-5.075967,-1.633327
31.820978,-5.046482,-1.688288
31.831920,-5.016134,-1.737055
31.818578,-4.980316,-1.770948
31.838779,-4.956015,-1.827886
31.834358,-4.917820,-1.858778
31.809596,-4.890375,-1.895299
31.842422,-4.873760,-1.952829
31.820456,-4.831363,-2.003802
31.832181,-4.773147,-2.020933
31.841282,-4.753954,-2.056578
31.829802,-4.723629,-2.119726
31.861062,-4.698642,-2.151027
31.843553,-4.660751,-2.191044
31.849999,-4.623388,-2.219317
31.862422,-4.591845,-2.257728
31.862495,-4.567962,-2.301530
31.842334,-4.519801,-2.357453
31.854849,-4.478612,-2.385939
31.848232,-4.466965,-2.446391
31.844576,-4.436153,-2.477812
31.849278,-4.398321,-2.542967
31.851126,-4.375986,-2.564178
31.850782,-4.318271,-2.610746
31.868764,-4.301807,-2.653598
31.877003,-4.261200,-2.702008
31.863064,-4.226413,-2.742905
31.866370,-4.206094,-2.780452
31.874652,-4.163034,-2.813066
31.878769,-4.121707,-2.868246
31.868335,-4.095494,-2.891140
31.871635,-4.075442,-2.946978
31.865494,-4.029402,-2.983997
31.866534,-3.995794,-3.033417
31.865122,-3.970656,-3.081342
31.870898,-3.931495,-3.112439
31.858431,-3.904771,-3.146726
31.848853,-3.865727,-3.201945
31.864128,-3.828543,-3.239712
31.861539,-3.815502,-3.299532
31.871541,-3.784273,-3.348751
31.879096,-3.750010,-3.396954
31.848138,-3.711852,-3.402246
31.865305,-3.693161,-3.456187
31.851423,-3.630681,-3.490343
31.874675,-3.611805,-3.536732
31.876036,-3.571307,-3.583538
31.883628,-3.529990,-3.635626
31.862900,-3.517536,-3.673808
31.850872,-3.490636,-3.733332
31.839705,-3.447296,-3.749199
31.859078,-3.412179,-3.787320
31.861545,-3.388153,-3.870225
31.851785,-3.347388,-3.884479
31.840392,-3.321003,-3.927036
31.851259,-3.273290,-3.981499
31.847449,-3.249842,-4.002724
31.838377,-3.212384,-4.073695
31.824102,-3.167618,-4.092513
31.835680,-3.139150,-4.126171
31.840477,-3.101853,-4.186338
31.825915,-3.082866,-4.195797
31.831317,-3.049559,-4.272497
31.821625,-3.009034,-4.303291
31.823880,-2.986209,-4.347236
31.826292,-2.937261,-4.384954
31.823855,-2.899899,-4.440949
31.806302,-2.887033,-4.476248
31.804191,-2.869418,-4.516811
31.815114,-2.817604,-4.550976
31.813748,-2.773665,-4.634865
31.789349,-2.762623,-4.641392
31.794135,-2.721529,-4.681594
31.794627,-2.672004,-4.740152
31.784736,-2.657187,-4.778134
31.810622,-2.620372,-4.830097
31.805966,-2.595046,-4.858087
31.782949,-2.563391,-4.906337
31.769007,-2.500890,-4.955063
31.759547,-2.473342,-5.007883
31.788899,-2.446142,-5.042824
31.760531,-2.429336,-5.080401
31.766289,-2.372779,-5.123035
31.775996,-2.356924,-5.189288
31.755810,-2.317903,-5.215038
31.743916,-2.273752,-5.253779
31.762168,-2.241749,-5.296499
31.731374,-2.222197,-5.352167
31.725420,-2.172736,-5.358699
31.719510,-2.151895,-5.410826
31.729928,-2.111738,-5.481834
31.717739,-2.092783,-5.511698
31.722803,-2.062380,-5.565255
31.699362,-2.016124,-5.607976
31.701906,-1.984801,-5.670996
31.688310,-1.957461,-5.680204
31.699353,-1.920075,-5.721889
31.685764,-1.880442,-5.772689
31.678594,-1.860158,-5.798665
31.665475,-1.825415,-5.866357
31.679194,-1.787705,-5.909421
31.649197,-1.750822,-5.943848
31.645175,-1.707709,-5.990277
31.656743,-1.684565,-6.032621
31.635447,-1.644228,-6.065492
31.650353,-1.607356,-6.137963
31.618823,-1.586791,-6.159338
31.633859,-1.540643,-6.201599
31.622180,-1.519500,-6.241201
31.594710,-1.492874,-6.302743
31.578135,-1.450235,-6.326271
31.607526,-1.423867,-6.382242
31.580016,-1.392986,-6.415164
31.590928,-1.362323,-6.465654
31.560907,-1.321431,-6.526916
31.567680,-1.286927,-6.562413
31.553868,-1.257587,-6.585479
31.538183,-1.218222,-6.649986
31.548191,-1.190514,-6.690656
31.528095,-1.179445,-6.726378
31.530621,-1.108266,-6.769170
31.514438,-1.094925,-6.818264
31.492926,-1.051098,-6.856728
31.491476,-1.032137,-6.897624
31.502659,-0.985424,-6.938812
31.482937,-0.982913,-6.994090
31.490441,-0.922244,-7.031995
31.453436,-0.887366,-7.078649
31.446788,-0.863380,-7.120568
31.453533,-0.835365,-7.161784
31.435778,-0.791350,-7.189799
31.430703,-0.779334,-7.249168
31.420876,-0.731421,-7.293360
31.418914,-0.695071,-7.336193
31.411672,-0.660292,-7.376295
31.378454,-0.636795,-7.430726
31.364147,-0.600197,-7.481881
31.368642,-0.558880,-7.506422
31.364426,-0.542624,-7.557283
31.344792,-0.501588,-7.608206
31.345869,-0.460422,-7.631721
31.332057,-0.428711,-7.706568
31.323783,-0.401120,-7.723361
31.308901,-0.372365,-7.787026
31.297618,-0.327670,-7.820881
31.275726,-0.323911,-7.870879
31.286722,-0.269938,-7.914994
31.284494,-0.241007,-7.949208
31.265638,-0.219862,-7.998050
31.256681,-0.192794,-8.011560
31.242095,-0.139601,-8.079441
31.219452,-0.103704,-8.113309
31.204631,-0.074392,-8.179990
31.198984,-0.029681,-8.238981
31.190656,-0.018783,-8.263003
31.158003,0.027808,-8.284910
31.171642,0.056359,-8.330089
31.156446,0.082613,-8.385016
31.136475,0.116608,-8.449453
31.118004,0.147654,-8.470696
31.132725,0.184521,-8.524515
31.087932,0.215522,-8.548181
31.084103,0.244036,-8.598743
31.063390,0.270249,-8.648682
31.079587,0.329825,-8.686564
31.051053,0.347736,-8.740930
31.042216,0.369222,-8.772683
31.024954,0.409657,-8.812657
31.017406,0.450740,-8.872922
31.010207,0.471542,-8.898482
30.982321,0.502500,-8.947497
30.969112,0.522818,-9.002408
30.967910,0.569371,-9.043301
30.946363,0.605837,-9.069545
30.951944,0.638194,-9.135425
30.901931,0.673941,-9.179947
30.912082,0.689394,-9.220028
30.892310,0.747864,-9.268645
30.883433,0.782531,-9.297943
30.863861,0.797590,-9.334976
30.857354,0.834513,-9.377445
30.847814,0.861198,-9.442171
30.817874,0.900943,-9.483134
30.824745,0.921200,-9.512225
30.812691,0.977041,-9.553293
30.793394,0.997716,-9.595017
30.762971,1.013683,-9.645086
30.746711,1.040572,-9.683673
30.726779,1.088877,-9.744166
30.716163,1.122121,-9.764249
30.703387,1.133946,-9.832810
30.683657,1.188858,-9.877261
30.681091,1.221654,-9.899128
30.667850,1.244451,-9.950008
30.642058,1.288151,-10.007313
30.628650,1.299493,-10.045891
30.606750,1.331481,-10.106274
30.599693,1.369499,-10.138537
30.584933,1.427320,-10.174425
30.583885,1.436355,-10.215530
30.549977,1.474912,-10.277710
30.544950,1.491106,-10.301356
30.535841,1.527934,-10.344356
30.486404,1.567787,-10.399336
30.466471,1.593498,-10.420714
30.465681,1.625807,-10.486516
30.453536,1.653322,-10.531436
30.432366,1.698910,-10.584012
30.420200,1.730814,-10.599991
30.408328,1.757323,-10.655702
30.380275,1.773282,-10.705824
30.366393,1.830052,-10.763122
30.357877,1.846009,-10.786018
30.328513,1.876837,-10.823991
30.299212,1.916042,-10.856092
30.297654,1.950258,-10.919340
30.288560,1.967919,-10.961210
30.256344,2.017193,-11.010380
30.235575,2.039493,-11.046561
30.226747,2.053294,-11.098234
30.180638,2.086000,-11.137773
30.171859,2.120079,-11.185790
30.161088,2.141739,-11.235941
30.145775,2.195289,-11.268044
30.147691,2.222662,-11.320372
30.116626,2.245007,-11.347793
30.081061,2.283205,-11.397089
30.079948,2.296367,-11.432232
30.063905,2.351897,-11.500364
30.034806,2.372351,-11.531378
30.008987,2.427669,-11.574642
29.993692,2.438942,-11.617949
29.978811,2.468689,-11.653856
29.940422,2.502024,-11.708688
29.936524,2.526548,-11.747912
29.922063,2.557424,-11.800120
29.884620,2.589831,-11.845440
29.897330,2.616125,-11.874342
29.856774,2.649489,-11.902606
29.850264,2.687484,-11.964449
29.823995,2.708425,-12.015977
29.805093,2.733737,-12.052058
29.785494,2.765512,-12.098901
29.766701,2.815112,-12.151739
29.735756,2.840667,-12.182797
29.729541,2.861463,-12.240062
29.688248,2.902724,-12.275345
29.689629,2.928950,-12.311254
29.692010,2.943984,-12.348962
29.634099,2.979826,-12.385473
29.599274,3.022855,-12.439685
29.579993,3.046401,-12.482062
29.559016,3.087268,-12.527711
29.545982,3.097751,-12.570977
29.525396,3.140447,-12.616985
29.507945,3.174562,-12.654091
29.484149,3.183250,-12.706305
29.456688,3.227816,-12.746726
29.432894,3.270543,-12.800679
29.397197,3.291159,-12.809809
29.393313,3.300687,-12.872647
29.371198,3.342120,-12.921766
29.352602,3.380945,-12.965076
29.313070,3.418801,-12.978407
29.300291,3.421533,-13.053710
29.289264,3.452453,-13.099679
29.260850,3.498212,-13.155842
29.236901,3.515250,-13.178659
29.222194,3.551620,-13.225945
29.199168,3.586882,-13.274297
29.153756,3.605845,-13.298852
29.133938,3.637930,-13.364768
29.115521,3.683168,-13.387308
29.089688,3.700832,-13.436079
29.071339,3.746796,-13.489225
29.043053,3.752142,-13.528733
29.024857,3.784872,-13.557472
28.984848,3.833766,-13.612962
28.970399,3.842425,-13.666829
28.943075,3.882577,-13.708203
28.926984,3.897980,-13.727335
28.903441,3.936380,-13.792183
28.886411,3.969449,-13.837981
28.854917,3.976553,-13.853950
28.818583,4.031174,-13.923878
28.791528,4.037820,-13.946788
28.778580,4.070960,-14.012534
28.760566,4.116876,-14.039867
28.724559,4.132459,-14.087807
28.701604,4.167621,-14.125465
28.669767,4.181920,-14.169514
28.657590,4.215853,-14.220018
28.605012,4.260588,-14.234201
28.602325,4.256121,-14.309930
28.576954,4.312873,-14.354622
28.554806,4.287802,-14.388645
28.512429,4.356607,-14.404679
28.490858,4.393387,-14.478548
28.484230,4.433126,-14.501373
28.434443,4.453521,-14.563496
28.440605,4.477015,-14.603969
28.387541,4.503045,-14.637139
28.370860,4.532541,-14.685919
28.357868,4.535299,-14.731080
28.316930,4.588930,-14.763226
28.300797,4.621839,-14.828496
28.248647,4.643821,-14.853281
28.236199,4.670419,-14.924530
28.214966,4.686253,-14.925436
28.189766,4.732235,-14.978562
28.165268,4.744972,-15.010007
28.131491,4.763903,-15.069985
28.106383,4.811794,-15.125300
28.053439,4.836757,-15.151062
28.035800,4.855959,-15.191445
28.012401,4.870939,-15.241843
27.990322,4.904665,-15.276339
27.955426,4.937774,-15.321453
27.938670,4.987493,-15.369938
27.879991,4.996328,-15.400074
27.867366,5.012333,-15.443984
27.849918,5.057118,-15.492013
27.805298,5.089103,-15.520341
27.774324,5.105526,-15.581351
27.762742,5.125075,-15.625025
27.725301,5.144330,-15.663032
27.707671,5.191931,-15.691220
27.655637,5.216606,-15.737571
27.657670,5.250123,-15.795166
27.606375,5.269497,-15.828373
27.595914,5.310660,-15.871998
27.571427,5.321316,-15.928409
27.526453,5.350036,-15.962721
27.500577,5.386516,-16.008065
27.456273,5.394285,-16.051391
27.446164,5.438535,-16.081028
27.404107,5.457612,-16.134701
27.370250,5.485057,-16.176241
27.337584,5.494221,-16.213545
27.313187,5.506490,-16.255027
27.288189,5.559169,-16.298387
27.251829,5.585172,-16.334918
27.228229,5.612379,-16.357865
27.204372,5.641779,-16.419006
27.164139,5.676764,-16.462703
27.121245,5.692806,-16.508004
27.092781,5.708278,-16.546488
27.076252,5.740796,-16.598673
27.023257,5.774310,-16.633683
27.012207,5.805455,-16.661194
26.984550,5.818814,-16.715997
26.930233,5.841850,-16.750743
26.895086,5.866041,-16.788307
26.868804,5.898926,-16.846717
26.856655,5.905751,-16.865005
26.828413,5.954390,-16.914398
26.781884,5.979896,-16.949763
26.743523,5.988924,-16.994460
26.720110,6.016868,-17.064514
26.679609,6.033000,-17.096664
26.650059,6.077803,-17.142052
26.629097,6.106821,-17.163179
26.590552,6.122650,-17.203892
26.550876,6.153823,-17.238755
26.504632,6.158441,-17.284638
26.484073,6.191048,-17.356317
26.445757,6.220131,-17.391342
26.428954,6.248451,-17.429403
26.398916,6.274135,-17.461564
26.359448,6.306544,-17.499735
26.336455,6.336095,-17.541090
26.289078,6.338142,-17.585743
26.250336,6.374040,-17.632824
26.225297,6.398238,-17.666404
26.194384,6.416578,-17.716300
26.167059,6.440273,-17.747142
26.118341,6.485330,-17.792071
26.079512,6.489096,-17.819102
26.047596,6.520332,-17.859684
26.015351,6.529730,-17.903993
25.978660,6.556437,-17.943661
25.950219,6.579368,-17.987395
25.929040,6.621333,-18.031804
25.878011,6.627707,-18.057859
25.839369,6.663455,-18.128551
25.803222,6.684627,-18.174312
25.779277,6.705762,-18.191445
25.756379,6.720821,-18.239925
25.709663,6.751639,-18.274226
25.682986,6.763085,-18.323693
25.649865,6.808561,-18.350056
25.604994,6.828469,-18.387450
25.572973,6.853836,-18.452190
25.532587,6.873272,-18.470170
25.499388,6.888398,-18.517927
25.466544,6.920037,-18.573734
25.448621,6.954668,-18.617455
25.401340,6.966661,-18.643032
25.354968,6.978254,-18.684082
25.321849,7.000301,-18.714582
25.283999,7.025672,-18.760831
25.263003,7.053904,-18.810605
25.207234,7.052014,-18.844915
25.190587,7.095444,-18.880714
25.148529,7.108459,-18.923220
25.109178,7.134581,-18.974894
25.060382,7.166907,-19.012313
25.020136,7.201275,-19.046283
24.995231,7.202078,-19.074940
24.940530,7.233739,-19.128522
24.908290,7.241201,-19.178331
24.878084,7.291159,-19.220345
24.833267,7.309559,-19.227592
24.811144,7.357284,-19.291493
24.772803,7.330928,-19.330309
24.722321,7.367240,-19.371183
24.673865,7.375304,-19.384075
24.645460,7.417461,-19.428873
24.619402,7.442761,-19.470726
24.581415,7.439866,-19.517823
24.534161,7.477521,-19.562540
24.510211,7.503174,-19.609902
24.459667,7.529849,-19.616189
24.430761,7.514646,-19.667537
24.394569,7.551568,-19.702727
24.345599,7.598072,-19.773025
24.314524,7.591487,-19.798164
24.270223,7.633575,-19.829445
24.246444,7.645057,-19.877055
24.191879,7.666234,-19.912884
24.152595,7.674451,-19.968045
24.116229,7.700334,-20.002979
24.075996,7.724740,-20.026660
24.048632,7.743734,-20.077350
24.005526,7.777129,-20.128457
23.950323,7.792554,-20.159077
23.910638,7.816553,-20.201515
23.876111,7.813723,-20.235522
23.847083,7.846089,-20.273820
23.785688,7.879246,-20.304336
23.775688,7.902894,-20.347214
23.714074,7.900872,-20.391505
23.687360,7.920543,-20.428317
23.627885,7.949620,-20.466190
23.582072,7.972838,-20.499171
23.564956,7.973512,-20.522597
23.505117,8.019091,-20.593153
23.489156,8.034284,-20.609886
23.435280,8.046178,-20.657752
23.400856,8.077861,-20.679604
23.358806,8.075958,-20.731417
23.307401,8.111581,-20.762028
23.275743,8.127976,-20.809410
23.235271,8.132202,-20.850184
23.185428,8.156544,-20.863436
23.148373,8.183056,-20.932230
23.107552,8.228699,-20.980365
23.062419,8.234219,-21.007489
23.020116,8.238687,-21.047250
22.994622,8.274206,-21.070614
22.950288,8.277931,-21.111569
22.910861,8.300085,-21.150834
22.866313,8.326268,-21.188276
22.828706,8.336927,-21.202545
22.762944,8.367272,-21.258800
22.737279,8.384246,-21.314696
22.702100,8.396784,-21.335640
22.653942,8.406733,-21.355446
22.604164,8.422849,-21.425930
22.556364,8.450425,-21.462222
22.528112,8.483408,-21.496157
22.467829,8.491246,-21.512894
22.431615,8.510072,-21.579133
22.389141,8.538797,-21.595784
22.363091,8.536217,-21.622884
22.313538,8.563002,-21.695567
22.261685,8.550520,-21.724863
22.215708,8.563304,-21.764334
22.185997,8.611085,-21.784015
22.146098,8.630543,-21.817790
22.100290,8.644321,-21.863214
22.044752,8.670468,-21.891583
22.018178,8.687448,-21.920894
21.965281,8.692202,-21.955162
21.921993,8.726029,-21.994920
21.875021,8.742236,-22.055024
21.837596,8.735631,-22.100506
21.791520,8.753092,-22.103776
21.750127,8.764029,-22.151638
21.707859,8.817469,-22.204570
21.663397,8.808511,-22.235658
21.606535,8.823555,-22.245231
21.570068,8.850709,-22.281019
21.530642,8.848813,-22.340220
21.472364,8.875879,-22.369596
21.430490,8.899674,-22.409527
21.394907,8.918079,-22.447107
21.333962,8.933439,-22.476149
21.290049,8.965636,-22.532293
21.247620,8.957385,-22.555244
21.208922,8.993625,-22.607742
21.166334,9.002684,-22.617909
21.123578,9.007281,-22.649856
21.062084,9.047384,-22.707730
21.032045,9.042818,-22.723803
20.973030,9.065719,-22.771323
20.942667,9.068838,-22.829709
20.883875,9.077017,-22.833551
20.842923,9.088432,-22.886081
20.809321,9.124623,-22.910349
20.765536,9.123388,-22.955628
20.717541,9.144906,-22.985613
20.656400,9.179612,-23.024635
20.609905,9.195501,-23.048446
20.556021,9.192610,-23.100304
20.520868,9.223605,-23.131956
20.479495,9.246556,-23.176360
20.411071,9.232887,-23.194264
20.376550,9.249518,-23.252228
20.335388,9.275682,-23.267553
20.296456,9.293264,-23.284349
20.253445,9.305758,-23.322965
20.200434,9.311656,-23.368623
20.159176,9.316490,-23.409298
20.101574,9.333646,-23.435902
20.064789,9.368648,-23.467223
20.016194,9.386860,-23.529247
19.951568,9.389551,-23.529956
19.921837,9.391194,-23.569144
19.876297,9.409050,-23.603672
19.822511,9.438168,-23.629776
19.765907,9.454306,-23.676167
19.719863,9.456843,-23.721949
19.694147,9.453976,-23.754125
19.652012,9.469351,-23.784198
19.595490,9.499765,-23.836346
19.525068,9.512808,-23.846519
19.477272,9.513997,-23.891550
19.444565,9.525040,-23.915366
19.402714,9.549514,-23.952430
19.344552,9.569247,-23.983905
19.302713,9.568859,-24.042240
19.231684,9.589334,-24.055794
19.199568,9.608338,-24.066795
19.148719,9.614125,-24.122147
19.110430,9.621425,-24.160378
19.040258,9.641235,-24.173819
18.996428,9.644033,-24.230145
18.941525,9.670159,-24.249535
18.900345,9.676319,-24.280886
18.847150,9.696061,-24.318023
18.803192,9.698587,-24.364178
18.768867,9.729572,-24.403951
18.711764,9.729694,-24.412949
18.658762,9.734091,-24.458466
18.606021,9.737562,-24.478654
18.571712,9.757419,-24.504040
18.499834,9.779795,-24.550728
18.474825,9.787812,-24.576714
18.401103,9.801919,-24.630211
18.353681,9.802171,-24.672785
18.308371,9.821995,-24.679215
18.261121,9.830993,-24.719112
18.198784,9.838367,-24.766673
18.164375,9.848308,-24.781684
18.117166,9.847789,-24.804950
18.067473,9.874321,-24.828443
17.989889,9.892513,-24.867502
17.967141,9.899267,-24.901335
17.909721,9.908938,-24.947286
17.845414,9.929227,-24.965309
17.799299,9.930756,-25.007281
17.744374,9.940053,-25.036376
17.704156,9.935609,-25.055519
17.651688,9.965415,-25.069906
17.625550,9.976289,-25.143647
17.544170,9.976333,-25.165936
17.519674,10.002999,-25.193355
17.435842,9.987933,-25.205317
17.401096,10.011207,-25.259928
17.356924,10.024327,-25.286440
17.310863,10.052604,-25.320959
17.255469,10.039642,-25.338466
17.187818,10.064717,-25.358505
17.143824,10.058089,-25.394527
17.101109,10.074806,-25.444056
17.026286,10.095216,-25.468747
16.971927,10.083579,-25.510895
16.939848,10.105556,-25.523505
16.878996,10.125255,-25.564981
16.839385,10.119374,-25.588475
16.765949,10.118928,-25.598810
16.736765,10.135369,-25.651869
16.697718,10.147014,-25.675103
16.611211,10.166319,-25.716420
16.569436,10.164724,-25.745181
16.535396,10.157857,-25.771734
16.474044,10.196965,-25.819120
16.430246,10.191954,-25.826254
16.357674,10.201879,-25.860473
16.302713,10.214062,-25.887556
16.268712,10.202248,-25.899433
16.211111,10.218186,-25.962448
16.156314,10.253409,-25.988171
16.113084,10.238174,-25.999835
16.056083,10.255356,-26.042731
15.990508,10.255156,-26.069253
15.949610,10.251134,-26.082439
15.913256,10.257068,-26.116145
15.855764,10.282958,-26.167782
15.801558,10.280496,-26.174055
15.731556,10.284222,-26.216865
15.693489,10.302492,-26.230651
15.622483,10.307583,-26.274538
15.590465,10.305531,-26.287270
15.524337,10.311149,-26.357049
15.462716,10.331579,-26.362131
15.427411,10.345747,-26.384816
15.354543,10.352855,-26.401811
15.312379,10.347292,-26.442709
15.260841,10.365794,-26.465758
15.195141,10.347517,-26.521959
15.153547,10.370152,-26.543297
15.085260,10.390343,-26.545160
15.048977,10.390915,-26.587937
14.990908,10.401180,-26.630210
14.934236,10.393034,-26.639572
14.889079,10.417750,-26.671600
14.822674,10.390746,-26.701091
14.757623,10.430822,-26.726717
14.742395,10.434321,-26.749130
14.663329,10.434369,-26.800509
14.613132,10.421295,-26.830388
14.546073,10.445346,-26.841861
14.489316,10.449258,-26.859259
14.442223,10.460524,-26.893701
14.397703,10.454567,-26.897010
14.348382,10.453831,-26.943199
14.278778,10.473942,-26.969513
14.192877,10.487397,-26.991833
14.158341,10.466775,-27.038836
14.118136,10.484811,-27.068063
14.050933,10.507205,-27.064157
14.002814,10.491314,-27.106618
13.949442,10.491047,-27.138610
13.885177,10.505513,-27.143925
13.850007,10.496836,-27.194569
13.765945,10.513210,-27.204694
13.734922,10.498594,-27.231293
13.665731,10.534169,-27.265920
13.604806,10.519021,-27.278207
13.545075,10.520811,-27.307891
13.509072,10.533690,-27.326383
13.456252,10.522723,-27.380196
13.379335,10.543539,-27.387968
13.323922,10.525936,-27.418718
13.270610,10.539656,-27.440248
13.225415,10.553737,-27.477644
13.150220,10.545199,-27.495903
13.114294,10.571367,-27.514402
13.060184,10.569113,-27.537306
13.006962,10.562272,-27.558874
12.940917,10.590453,-27.578525
12.885315,10.579619,-27.616522
12.838776,10.575539,-27.661058
12.766916,10.567423,-27.693777
12.728086,10.591942,-27.708660
12.647329,10.589974,-27.718879
12.603114,10.595147,-27.746644
12.569240,10.586729,-27.757648
12.489789,10.592391,-27.789912
12.448119,10.594033,-27.803037
12.381552,10.623338,-27.833852
12.314063,10.603013,-27.863964
12.269453,10.611049,-27.891879
12.223450,10.608550,-27.908521
12.166638,10.610602,-27.944446
12.090261,10.594800,-27.951407
12.054381,10.599071,-27.996459
11.989839,10.623617,-28.028536
11.917886,10.617196,-28.042403
11.866736,10.614822,-28.050397
11.813830,10.636462,-28.097618
11.749281,10.625358,-28.111293
11.699890,10.629849,-28.123384
11.629020,10.622709,-28.159472
11.584699,10.626253,-28.154907
11.539327,10.625723,-28.196398
11.488696,10.635271,-28.232769
11.402703,10.636283,-28.226873
11.343760,10.624665,-28.276112
11.310719,10.636797,-28.284218
11.261297,10.626920,-28.298973
11.174906,10.645749,-28.336029
11.140389,10.626206,-28.349238
11.057346,10.657093,-28.387044
11.011825,10.642710,-28.394390
10.942127,10.639767,-28.409349
10.910045,10.641951,-28.425510
10.835096,10.651178,-28.472879
10.772660,10.648580,-28.491617
10.707410,10.634177,-28.525951
10.661974,10.637895,-28.532982
10.607472,10.654969,-28.544130
10.544066,10.644001,-28.566905
10.494831,10.649700,-28.591475
10.446753,10.643787,-28.611972
10.371756,10.625373,-28.626254
10.326398,10.628551,-28.649144
10.258133,10.650304,-28.679916
10.205505,10.653052,-28.682970
10.140568,10.633053,-28.743406
10.094317,10.642107,-28.741649
10.035647,10.654630,-28.756183
9.967094,10.630968,-28.764531
9.905809,10.628776,-28.796612
9.868714,10.657773,-28.832921
9.789769,10.623361,-28.853351
9.738682,10.642759,-28.859778
9.664522,10.629906,-28.885854
9.617989,10.635545,-28.900484
9.553803,10.622184,-28.944135
9.488755,10.634008,-28.942847
9.445584,10.634795,-28.957349
9.384640,10.634933,-28.990412
9.305982,10.609393,-29.009162
9.246901,10.644648,-29.014661
9.201530,10.613183,-29.050436
9.133219,10.615861,-29.069216
9.077588,10.625128,-29.075435
9.007475,10.627479,-29.108849
8.966749,10.614885,-29.107924
8.888894,10.617583,-29.139885
8.846734,10.600162,-29.169594
8.800562,10.600919,-29.175192
8.749064,10.598970,-29.206771
8.663194,10.600232,-29.197698
8.596515,10.607353,-29.233653
8.545828,10.590694,-29.257912
8.472068,10.599175,-29.255856
8.427442,10.586631,-29.285180
8.384683,10.590106,-29.287452
8.305375,10.588637,-29.321958
8.259520,10.582709,-29.340031
8.192944,10.576371,-29.355269
8.152905,10.561095,-29.385392
8.090712,10.543471,-29.391139
8.056319,10.542141,-29.395742
8.010461,10.549137,-29.431034
7.973194,10.524805,-29.445557
7.941301,10.492998,-29.452253
7.900167,10.483403,-29.459264
7.849476,10.482682,-29.496490
7.799299,10.455613,-29.502859
7.770838,10.435979,-29.521111
7.718901,10.429367,-29.525268
7.679281,10.411941,-29.555588
7.667419,10.410263,-29.561392
7.638453,10.374029,-29.583316
7.610497,10.362926,-29.596186
7.559361,10.335512,-29.614749
7.535253,10.351646,-29.631021
7.494043,10.313467,-29.663740
7.478530,10.308025,-29.654426
7.439451,10.286475,-29.648367
7.414469,10.259526,-29.657404
7.354047,10.237536,-29.703514
7.338895,10.225076,-29.693625
7.318143,10.218406,-29.716931
7.277092,10.201487,-29.726170
7.265070,10.189594,-29.734660
7.214782,10.162918,-29.755346
7.211318,10.148118,-29.742049
7.193725,10.134224,-29.773359
7.160195,10.094557,-29.780389
7.114150,10.085475,-29.802958
7.111340,10.078781,-29.810657
7.059310,10.057424,-29.823519
7.036598,10.034105,-29.853124
7.029199,10.015059,-29.849252
6.993805,10.000580,-29.868416
6.965931,9.969727,-29.877117
6.963228,9.948357,-29.881896
6.916334,9.942719,-29.898461
6.891384,9.914987,-29.914918
6.859828,9.910945,-29.929533
6.867050,9.916268,-29.911606
6.830543,9.871284,-29.962551
6.800899,9.863864,-29.966496
6.766369,9.871935,-29.968765
6.758441,9.816354,-29.967596
6.715241,9.816687,-29.986225
6.701275,9.785443,-29.989350
6.687051,9.762717,-30.012201
6.651250,9.764995,-30.018955
6.635003,9.741986,-30.042974
6.626541,9.743016,-30.059302
6.585284,9.708834,-30.055911
6.572404,9.684899,-30.069863
6.549960,9.673178,-30.086576
6.518814,9.663787,-30.075723
6.502662,9.644762,-30.093878
6.479266,9.614280,-30.110383
6.457824,9.615567,-30.110586
6.428969,9.614933,-30.110031
6.399354,9.581071,-30.134047
6.400231,9.561627,-30.119905
6.369531,9.548711,-30.152411
6.349317,9.564842,-30.157327
6.312568,9.509267,-30.169041
6.275821,9.510301,-30.188423
6.250466,9.495540,-30.185837
6.263602,9.477610,-30.196234
6.225807,9.440515,-30.205807
6.210424,9.427931,-30.207341
6.198581,9.427941,-30.223293
6.187262,9.434184,-30.228697
6.154473,9.399892,-30.241553
6.146511,9.372111,-30.251109
6.103740,9.363101,-30.253617
6.069053,9.367763,-30.274147
6.058401,9.327341,-30.273857
6.056106,9.323431,-30.281109
6.018158,9.297400,-30.295828
6.006296,9.301817,-30.321349
5.984391,9.285934,-30.302699
5.966857,9.273239,-30.333037
5.955621,9.270589,-30.320638
5.925071,9.241126,-30.333379
5.898037,9.226346,-30.331782
5.906852,9.220831,-30.355569
5.862362,9.214591,-30.376674
5.835142,9.171400,-30.371061
5.828336,9.156892,-30.367203
5.819727,9.157576,-30.377542
5.788582,9.157188,-30.405081
5.788520,9.112240,-30.396105
5.756305,9.088491,-30.400450
5.729128,9.105296,-30.410965
5.728151,9.067751,-30.416995
5.711428,9.082935,-30.437039
5.682214,9.057574,-30.435003
5.669560,9.036017,-30.448680
5.635867,9.025959,-30.448987
5.631502,9.022563,-30.451461
5.598533,9.009595,-30.482334
5.575791,8.996963,-30.473641
5.585491,8.976082,-30.464212
5.563766,8.962336,-30.484570
5.529031,8.963422,-30.493141
5.507324,8.953596,-30.506788
5.519978,8.929807,-30.513079
5.493601,8.906685,-30.510594
5.489814,8.923754,-30.542563
5.455218,8.891173,-30.519323
5.427078,8.889769,-30.537463
5.413922,8.864630,-30.538266
5.398044,8.858724,-30.565004
5.374212,8.841939,-30.543645
5.378863,8.831886,-30.555797
5.351811,8.827793,-30.556127
5.339027,8.810395,-30.580690
5.310700,8.792461,-30.566476
5.302258,8.777562,-30.589603
5.286211,8.772443,-30.600188
5.258333,8.766304,-30.594033
5.260207,8.734927,-30.616819
5.235239,8.744958,-30.597585
5.229421,8.727045,-30.629562
5.215681,8.702989,-30.621535
5.184898,8.707990,-30.619642
5.167422,8.683622,-30.628219
5.173919,8.680882,-30.647398
5.136943,8.666019,-30.643656
5.140344,8.641361,-30.650894
5.110986,8.647407,-30.661128
5.099856,8.629915,-30.662330
5.077618,8.616684,-30.671758
5.057561,8.621028,-30.673964
5.036298,8.602189,-30.668920
5.057153,8.588203,-30.705252
5.015754,8.570354,-30.681495
4.992892,8.571013,-30.695047
4.986582,8.545196,-30.722265
4.981506,8.542431,-30.699555
4.958432,8.518558,-30.715350
4.947781,8.520511,-30.715758
4.947391,8.505734,-30.739111
4.928371,8.501644,-30.739962
4.891945,8.481837,-30.741657
4.889750,8.478776,-30.751050
4.887775,8.467818,-30.753467
4.856143,8.478148,-30.754595
4.845870,8.445829,-30.766395
4.833960,8.434639,-30.766662
4.833045,8.433204,-30.756291
4.813903,8.421198,-30.761586
4.793907,8.424585,-30.770385
4.779720,8.417130,-30.779172
4.774653,8.382615,-30.795133
4.749625,8.399459,-30.806005
4.751307,8.363594,-30.791680
4.731200,8.347523,-30.806565
4.728234,8.349140,-30.818715
4.688643,8.331019,-30.813016
4.704780,8.339168,-30.806994
4.677640,8.323540,-30.809600
4.669929,8.300884,-30.831721
4.655049,8.295384,-30.812832
4.647543,8.291625,-30.828498
4.632340,8.283185,-30.839191
4.607958,8.274836,-30.836203
4.608050,8.250805,-30.829725
4.581678,8.251034,-30.855354
4.581302,8.248431,-30.851731
4.540932,8.240565,-30.862694
4.535459,8.219179,-30.871783
4.527953,8.218115,-30.874957
4.519924,8.195083,-30.853636
4.521457,8.210260,-30.866940
4.512669,8.206527,-30.886937
4.497194,8.166747,-30.886490
4.480792,8.178712,-30.888126
4.465374,8.173987,-30.898787
4.449071,8.160934,-30.902362
4.441698,8.139636,-30.889942
4.438009,8.140726,-30.898608
4.439805,8.120665,-30.899068
4.416363,8.104150,-30.913818
4.403859,8.109326,-30.923150
4.392939,8.088636,-30.906619
4.377302,8.081411,-30.913449
4.358672,8.068243,-30.939223
4.327876,8.063615,-30.918492
4.348035,8.061315,-30.940844
4.329350,8.047146,-30.942743
4.313862,8.059326,-30.939759
4.308096,8.045232,-30.952249
4.298265,8.042885,-30.946619
4.284946,8.030039,-30.944348
4.269645,8.023796,-30.976237
4.262216,8.002478,-30.963724
4.257976,7.992469,-30.971807
4.246113,7.993389,-30.967178
4.213680,7.974256,-30.963545
4.224506,7.976459,-30.985276
4.228304,7.978335,-30.996124
4.185486,7.957521,-30.982599
4.197448,7.953002,-30.981485
4.167318,7.948099,-30.987647
4.178889,7.938644,-30.998196
4.171652,7.946905,-30.999699
4.142929,7.933179,-31.004047
4.111918,7.914870,-31.009248
4.118860,7.920943,-30.999043
4.108736,7.888159,-31.003376
4.108486,7.881905,-31.014650
4.098823,7.886365,-31.019804
4.088978,7.872368,-31.015010
4.076186,7.877074,-31.021292
4.066671,7.859295,-31.011708
4.051657,7.855370,-31.024294
4.046725,7.846726,-31.039351
4.040107,7.856513,-31.038839
4.034171,7.843876,-31.022739
4.024150,7.838563,-31.037644
4.007269,7.819606,-31.040930
3.986122,7.815438,-31.020027
3.982752,7.791759,-31.044833
3.973111,7.792005,-31.039673
3.977085,7.794001,-31.040740
3.976247,7.769014,-31.049182
3.952037,7.782477,-31.048982
3.945742,7.773658,-31.054810
3.941998,7.762448,-31.085353
3.931361,7.769378,-31.043313
3.932157,7.752124,-31.086670
3.909700,7.741000,-31.088135
3.898090,7.725241,-31.089623
3.908621,7.727710,-31.079377
3.872088,7.729619,-31.082463
3.878440,7.717075,-31.077211
3.861798,7.697772,-31.062893
3.838875,7.716783,-31.077175
3.838362,7.682219,-31.079398
3.826301,7.706486,-31.088094
3.844638,7.680963,-31.089047
3.803941,7.681242,-31.106037
3.817696,7.672069,-31.083357
3.806824,7.656695,-31.117093
3.803465,7.647947,-31.104610
3.776649,7.666619,-31.102631
3.762745,7.645819,-31.100969
3.792900,7.649525,-31.120489
3.753016,7.628797,-31.114716
3.769589,7.641786,-31.116282
3.744445,7.622739,-31.149656
3.740544,7.607298,-31.123720
3.711812,7.623383,-31.139121
3.714292,7.613130,-31.145378
3.710990,7.609338,-31.134953
3.708059,7.600424,-31.140456
3.698233,7.591136,-31.131849
3.697554,7.569292,-31.140648
3.683195,7.569756,-31.151741
3.667723,7.576778,-31.124503
3.662011,7.582807,-31.144718
3.666625,7.553085,-31.144616
3.629561,7.555134,-31.140582
3.650486,7.547586,-31.139318
3.641469,7.533052,-31.147492
3.619837,7.532284,-31.162855
3.620233,7.524523,-31.158722
3.614221,7.522889,-31.153997
3.581746,7.527201,-31.168958
3.586930,7.526279,-31.175602
3.587882,7.493019,-31.181301
3.569444,7.491366,-31.178481
3.565600,7.498865,-31.160347
3.575633,7.484125,-31.178258
3.562894,7.487446,-31.177078
3.531166,7.462514,-31.172960
3.545389,7.494505,-31.175453
3.553506,7.493856,-31.184390
3.532628,7.463200,-31.186912
3.528744,7.453732,-31.174212
3.514876,7.455991,-31.194722
3.505942,7.444795,-31.205153
3.517047,7.446133,-31.196910
3.497786,7.446178,-31.186845
3.504204,7.426649,-31.206224
3.477668,7.416773,-31.205685
3.480438,7.429598,-31.212200
3.458332,7.442706,-31.213071
3.467124,7.415907,-31.192889
3.448805,7.408533,-31.199676
3.443143,7.395800,-31.210642
3.435094,7.407747,-31.227455
3.413718,7.399490,-31.205040
3.446700,7.386245,-31.219445
3.408940,7.396764,-31.210961
3.425230,7.383759,-31.212113
3.391184,7.377930,-31.224986
3.410711,7.381244,-31.232004
3.395178,7.361229,-31.221173
3.369546,7.356609,-31.229475
3.394404,7.355339,-31.246031
3.370392,7.367798,-31.242469
3.365519,7.342371,-31.237492
3.379972,7.331297,-31.229394
3.352295,7.327584,-31.227714
3.346100,7.335526,-31.226856
3.368268,7.348839,-31.233748
3.334046,7.317340,-31.233191
3.322334,7.304567,-31.246546
3.340491,7.323346,-31.238630
3.328433,7.312939,-31.245224
3.327321,7.311662,-31.243786
3.306168,7.309518,-31.274185
3.312476,7.290200,-31.262093
3.300844,7.289829,-31.267523
3.306001,7.293538,-31.256585
3.298568,7.259418,-31.256924
3.268044,7.279564,-31.266275
3.269769,7.279690,-31.268587
3.272929,7.268016,-31.259865
3.265281,7.269609,-31.271641
3.262628,7.257648,-31.264480
3.262641,7.259305,-31.279142
3.252842,7.255163,-31.256055
3.250483,7.232953,-31.252721
3.224070,7.250375,-31.273129
3.226635,7.244342,-31.265771
3.232424,7.236855,-31.276964
3.223244,7.220730,-31.293362
3.226952,7.232271,-31.280557
3.220173,7.233805,-31.279110
3.227334,7.207643,-31.271398
3.213375,7.206293,-31.278525
3.184255,7.212689,-31.286675
3.183469,7.214693,-31.277069
3.205476,7.202370,-31.296927
3.177383,7.216877,-31.271038
3.178128,7.195143,-31.293580
3.156980,7.199345,-31.273853
3.160674,7.180178,-31.283958
3.171532,7.184677,-31.285390
3.149419,7.175487,-31.293604
3.142023,7.198603,-31.297771
3.151509,7.181194,-31.295660
3.139014,7.175184,-31.301077
3.132146,7.159830,-31.323620
3.131307,7.182810,-31.291160
3.125935,7.154577,-31.310945
3.105167,7.144932,-31.301866
3.119795,7.164268,-31.315691
3.122559,7.154608,-31.298939
3.115988,7.146632,-31.288056
3.106800,7.120004,-31.296709
3.104810,7.130740,-31.303857
3.083065,7.137856,-31.317351
3.090734,7.141096,-31.312401
3.079167,7.123628,-31.314230
3.058317,7.121890,-31.302894
3.079578,7.122510,-31.322250
3.078348,7.122901,-31.321238
3.060357,7.126033,-31.329625
3.047747,7.103694,-31.318342
3.040405,7.112251,-31.310428
3.054252,7.107173,-31.323921
3.054040,7.097271,-31.326378
3.046042,7.096174,-31.319952
3.043741,7.093043,-31.330898
3.036964,7.098661,-31.324173
3.017272,7.102815,-31.318732
3.016458,7.077460,-31.310984
3.019381,7.071536,-31.348478
3.017847,7.077434,-31.313526
2.985765,7.080023,-31.320053
3.003060,7.071879,-31.345901
2.992952,7.089448,-31.348218
2.983249,7.064415,-31.343098
2.999147,7.052172,-31.331092
2.995006,7.065571,-31.344376
2.970443,7.064160,-31.334834
2.977032,7.044951,-31.332710
2.999218,7.051793,-31.338084
2.972520,7.046394,-31.351540
2.969877,7.032793,-31.343476
2.967799,7.041174,-31.342091
2.963168,7.029857,-31.330017
2.950639,7.035451,-31.328430
2.951180,7.033045,-31.337531
2.933137,7.027785,-31.359388
2.933343,7.025628,-31.356115
2.936777,7.029339,-31.358428
2.953480,7.013182,-31.356818
2.940087,7.012051,-31.339964
2.941031,7.015646,-31.338692
2.933341,7.004847,-31.358408
2.918207,7.007247,-31.346250
2.931662,6.978810,-31.356929
2.904493,7.010205,-31.371307
2.898383,7.006086,-31.356257
2.904434,6.993404,-31.352266
2.905674,6.985457,-31.364083
2.914556,6.987582,-31.361609
2.893201,6.981955,-31.369577
2.897342,6.979586,-31.349303
2.903606,6.998769,-31.361942
2.875542,6.969254,-31.371048
2.896945,6.963628,-31.361178
2.892446,6.966216,-31.381832
2.872899,6.981029,-31.376247
2.852448,6.979382,-31.375062
2.876677,6.973249,-31.379509
2.862980,6.963620,-31.363334
2.847958,6.952698,-31.359246
2.851917,6.962861,-31.376438
2.857926,6.966379,-31.375559
2.846551,6.951380,-31.391946
2.840339,6.945381,-31.382991
2.846791,6.946053,-31.378663
2.841168,6.949430,-31.370120
2.842919,6.943366,-31.372984
2.833765,6.937253,-31.375691
2.833496,6.938365,-31.383274
2.832118,6.946816,-31.385166
2.817300,6.929566,-31.388523
2.802459,6.915092,-31.384184
2.825941,6.927015,-31.384260
2.812509,6.922503,-31.395470
2.831329,6.912668,-31.382402
2.809134,6.930378,-31.385290
2.796704,6.921735,-31.402389
2.797751,6.910051,-31.381226
2.788782,6.925229,-31.368355
2.821001,6.904295,-31.381786
2.792630,6.912475,-31.405464
2.808485,6.898639,-31.384792
2.783880,6.913176,-31.376060
2.786098,6.901232,-31.397329
2.782357,6.906501,-31.409280
2.754264,6.925968,-31.376453
2.783331,6.883423,-31.393225
2.767753,6.886374,-31.399205
2.758503,6.875483,-31.399656
2.770038,6.880149,-31.411115
2.747989,6.871763,-31.411553
2.753866,6.876102,-31.395510
2.750806,6.888329,-31.404790
2.753859,6.869500,-31.401311
2.751557,6.890430,-31.405165
2.734551,6.867637,-31.388433
2.739992,6.885501,-31.405621
2.749876,6.869003,-31.393421
2.751834,6.870377,-31.391583
2.730686,6.884813,-31.406017
2.737598,6.850069,-31.401587
2.730371,6.839002,-31.396025
2.729992,6.853289,-31.415868
2.730231,6.867522,-31.396051
2.702486,6.858377,-31.405256
2.704412,6.850015,-31.425032
2.703388,6.858562,-31.394200
2.733550,6.855511,-31.412760
2.693727,6.853976,-31.425053
2.710715,6.830896,-31.404749
2.684346,6.838796,-31.415365
2.715604,6.831067,-31.414340
2.700341,6.818543,-31.430753
2.713454,6.849336,-31.409371
2.715297,6.849000,-31.409778
2.679132,6.828888,-31.402566
2.693533,6.824203,-31.407951
2.692623,6.824878,-31.425945
2.685364,6.820439,-31.416223
2.679438,6.820043,-31.442135
2.676032,6.805661,-31.414961
2.684845,6.814612,-31.423607
2.679712,6.821353,-31.417643
2.661691,6.826152,-31.400527
2.668903,6.802978,-31.424101
2.675813,6.819697,-31.434057
2.685755,6.804913,-31.425767
2.654673,6.821185,-31.401292
2.658784,6.802904,-31.428763
2.672398,6.812228,-31.429221
2.657095,6.824419,-31.432083
2.643061,6.816202,-31.417210
2.650966,6.799362,-31.433948
2.654283,6.791853,-31.421961
2.646251,6.782418,-31.407500
2.644965,6.808881,-31.417953
2.647248,6.813974,-31.415460
2.630553,6.783555,-31.424017
2.626761,6.788363,-31.430545
2.618177,6.798734,-31.421623
2.621033,6.798601,-31.450962
2.644701,6.796233,-31.434681
2.611013,6.790130,-31.442724
2.622325,6.763000,-31.440346
2.636847,6.760832,-31.427820
2.606801,6.756745,-31.441898
2.586213,6.760583,-31.439552
2.593292,6.782398,-31.451318
2.608560,6.767732,-31.433562
2.617832,6.777721,-31.432005
2.613565,6.764027,-31.432013
2.603477,6.777858,-31.425553
2.606722,6.755928,-31.434369
2.594438,6.769723,-31.434545
2.594762,6.754872,-31.443097
2.596297,6.748770,-31.432110
2.601315,6.765652,-31.433474
2.597685,6.755004,-31.417174
2.582473,6.755701,-31.450766
2.603135,6.758299,-31.446883
2.595823,6.755514,-31.438202
2.599816,6.745215,-31.457819
2.581906,6.736031,-31.427701
2.577082,6.741138,-31.447563
2.590002,6.746847,-31.448630
2.577024,6.763360,-31.463351
2.569926,6.735594,-31.452711
2.576321,6.739946,-31.453629
2.571832,6.733970,-31.448970
2.563778,6.744748,-31.434618
2.550213,6.736579,-31.449921
2.559508,6.733700,-31.441553
2.551970,6.728559,-31.449239
2.561199,6.751670,-31.439836
2.546625,6.730496,-31.450174
2.556851,6.732902,-31.452664
2.563321,6.723291,-31.451828
2.543361,6.717928,-31.441896
2.553645,6.727655,-31.445599
2.550094,6.739029,-31.454055
2.549439,6.724900,-31.429904
2.535507,6.747583,-31.452416
2.546276,6.706065,-31.452604
2.539135,6.717984,-31.461705
2.534531,6.722660,-31.437793
2.561102,6.723832,-31.454101
2.544452,6.732692,-31.461067
2.539945,6.701114,-31.470119
2.538960,6.720006,-31.448413
2.526439,6.707469,-31.464097
2.530475,6.698506,-31.453795
2.512961,6.712871,-31.453493
2.525396,6.700089,-31.446571
2.530234,6.709654,-31.453442
2.536062,6.714337,-31.449972
2.514310,6.695829,-31.458802
2.528475,6.705492,-31.451349
2.515145,6.715314,-31.443763
2.526502,6.706559,-31.460548
2.521449,6.700507,-31.455314
2.516609,6.700804,-31.473274
2.525887,6.695844,-31.465726
2.528372,6.706273,-31.462856
2.497169,6.681148,-31.470950
2.509961,6.679020,-31.458967
2.505131,6.698149,-31.486747
2.498102,6.704006,-31.460411
2.494410,6.684464,-31.461742
2.496975,6.698812,-31.457045
2.497021,6.675462,-31.465970
2.484513,6.691550,-31.465233
2.486638,6.682915,-31.454594
2.489646,6.698655,-31.465695
2.500299,6.684582,-31.466279
2.492132,6.678022,-31.449671
2.498275,6.686617,-31.469574
2.490502,6.683472,-31.460055
2.472765,6.680756,-31.463943
2.479907,6.687846,-31.470604
2.482305,6.680258,-31.466593
2.472715,6.656417,-31.455205
2.473779,6.673005,-31.463387
2.479973,6.670101,-31.469980
2.487876,6.675105,-31.472105
2.467120,6.672689,-31.453423
2.475216,6.680025,-31.439733
2.491967,6.659402,-31.483934
2.467967,6.654985,-31.485688
2.455410,6.679225,-31.464432
2.467508,6.660613,-31.455420
2.465566,6.671997,-31.462276
2.460354,6.664590,-31.469424
2.459848,6.667597,-31.471216
2.464140,6.654645,-31.476148
2.450288,6.654940,-31.463631
2.457262,6.646555,-31.464180
2.459865,6.654478,-31.485491
2.447606,6.651759,-31.472909
2.445111,6.647071,-31.464777
2.461318,6.656276,-31.466231
2.458366,6.643546,-31.477312
2.451029,6.662770,-31.470131
2.451424,6.648907,-31.474935
2.442744,6.638103,-31.503890
2.447135,6.648779,-31.478413
2.447837,6.654233,-31.487668
2.444799,6.656794,-31.467241
2.444338,6.642843,-31.471425
2.450911,6.652038,-31.481860
2.437141,6.640949,-31.482606
2.436450,6.646050,-31.483074
2.427040,6.615550,-31.490297
2.431809,6.657192,-31.467481
2.447583,6.636980,-31.483875
2.441257,6.621008,-31.473318
2.423825,6.636930,-31.482872
2.427821,6.638017,-31.470595
2.448061,6.638533,-31.486957
2.440923,6.638676,-31.473395
2.440789,6.645080,-31.487326
2.414982,6.626450,-31.492242
2.434144,6.636083,-31.465776
2.433366,6.640053,-31.484746
2.420412,6.641503,-31.473667
2.410859,6.637882,-31.485374
2.419744,6.619266,-31.485600
2.407594,6.644558,-31.483944
2.422598,6.617529,-31.474138
2.418962,6.622986,-31.475217
2.412395,6.641703,-31.488598
2.410785,6.631299,-31.462701
2.403614,6.628671,-31.486332
2.414486,6.615253,-31.479861
2.408782,6.621061,-31.468680
2.407693,6.610262,-31.476453
2.375524,6.620905,-31.477748
2.408330,6.626117,-31.482624
2.420728,6.625401,-31.496603
2.414464,6.620661,-31.488092
2.398273,6.609932,-31.475507
2.402591,6.611348,-31.480705
2.410391,6.608026,-31.487428
2.397785,6.616582,-31.489729
2.403586,6.617307,-31.456566
2.399384,6.614985,-31.481444
2.395088,6.594138,-31.475912
2.414943,6.607122,-31.478467
2.402148,6.616411,-31.483051
2.399602,6.597037,-31.493339
2.388054,6.605661,-31.486868
2.381737,6.607172,-31.496911
2.388429,6.615360,-31.481439
2.388397,6.618407,-31.471639
2.407097,6.603097,-31.488060
2.391771,6.607410,-31.481184
2.384107,6.583494,-31.486647
2.393724,6.581786,-31.484645
2.380350,6.582705,-31.484279
2.379825,6.597948,-31.483587
2.386500,6.620711,-31.493980
2.394077,6.596705,-31.497160
2.385349,6.596338,-31.480275
2.393098,6.591844,-31.495965
2.373902,6.599913,-31.501904
2.385114,6.597275,-31.493741
2.374011,6.590928,-31.478375
2.370266,6.576397,-31.490689
2.366208,6.595104,-31.483750
2.392948,6.589298,-31.477636
2.373027,6.598434,-31.479637
2.370977,6.590808,-31.474737
2.382320,6.600812,-31.491455
2.380040,6.589355,-31.470868
2.354248,6.579980,-31.479722
2.381425,6.592154,-31.487282
2.352070,6.598652,-31.484588
2.361929,6.583801,-31.487532
2.368402,6.603834,-31.487281
2.368548,6.573253,-31.485732
2.372184,6.584972,-31.483895
2.362272,6.600835,-31.489077
2.373101,6.584725,-31.470636
2.366436,6.584692,-31.475532
2.362088,6.576785,-31.501304
2.361604,6.593541,-31.509443
2.351367,6.600445,-31.488980
2.354064,6.589864,-31.502321
2.356440,6.587117,-31.499586
2.333288,6.585932,-31.491069
2.360947,6.590406,-31.478471
2.365401,6.593645,-31.513139
2.357607,6.588783,-31.505765
2.352952,6.580728,-31.505992
2.365040,6.573530,-31.480872
2.364661,6.589252,-31.491235
2.350122,6.587163,-31.490176
2.340089,6.555147,-31.495205
2.362322,6.569756,-31.489099
2.349517,6.562059,-31.474080
2.354010,6.574616,-31.487018
2.359330,6.580327,-31.509774
2.351049,6.559278,-31.485342
2.343462,6.577645,-31.497520
2.345088,6.557536,-31.488752
2.332862,6.568694,-31.474368
2.344338,6.563788,-31.513779
2.345263,6.572443,-31.511965
2.338461,6.570630,-31.506848
2.359095,6.591994,-31.512847
2.346894,6.557679,-31.508536
2.335210,6.572749,-31.506392
2.358565,6.565673,-31.499649
2.320350,6.567627,-31.496596
2.331746,6.571977,-31.488784
2.326344,6.566499,-31.513553
2.327745,6.565884,-31.498200
2.324525,6.567861,-31.494399
2.330996,6.541630,-31.481417
2.319721,6.559125,-31.497046
2.319410,6.559685,-31.488800
2.359013,6.555343,-31.494922
2.333825,6.564369,-31.508702
2.324829,6.556408,-31.508861
2.351275,6.561781,-31.495481
2.331226,6.549017,-31.496405
2.338145,6.576064,-31.502146
2.342240,6.559555,-31.515250
2.345485,6.560957,-31.509770
2.312587,6.566625,-31.511482
2.322790,6.533443,-31.513541
2.319299,6.557623,-31.518476
2.307284,6.554647,-31.489256
2.310606,6.563824,-31.507616
2.314330,6.550587,-31.512818
2.331372,6.545307,-31.494926
2.305365,6.560615,-31.515603
2.307745,6.531845,-31.523034
2.311916,6.556049,-31.491579
2.318967,6.541599,-31.515984
2.294235,6.550290,-31.503935
2.306391,6.538997,-31.510638
2.303074,6.552362,-31.506622
2.324388,6.541481,-31.505667
2.319458,6.540189,-31.509283
2.303255,6.541086,-31.497689
2.296366,6.560833,-31.503011
2.305951,6.538841,-31.496785
2.319513,6.547486,-31.517418
2.309320,6.539285,-31.506702
2.313968,6.521355,-31.497085
2.297028,6.561604,-31.486814
2.314295,6.555334,-31.499515
2.323886,6.540936,-31.510738
2.307313,6.546163,-31.510591
2.290725,6.552722,-31.500820
2.320054,6.525750,-31.506777
2.319732,6.547748,-31.496153
2.310924,6.558242,-31.524063
2.308686,6.543748,-31.484949
2.301548,6.551962,-31.509800
2.312673,6.540129,-31.499615
2.287576,6.522586,-31.500427
2.296244,6.549424,-31.508144
2.299298,6.566189,-31.497601
2.307945,6.523767,-31.513691
2.295045,6.535600,-31.514803
2.312747,6.539543,-31.505369
2.303497,6.538586,-31.513815
2.287923,6.552051,-31.496696
2.320251,6.544903,-31.503112
2.287746,6.547950,-31.516418
2.304986,6.531270,-31.520154
2.294847,6.523581,-31.512353
2.297070,6.555696,-31.503450
2.291531,6.532503,-31.503284
2.295942,6.525724,-31.516710
2.309210,6.529571,-31.512936
2.301751,6.529591,-31.507243
2.288166,6.547203,-31.500941
2.292587,6.527019,-31.509181
2.310162,6.537291,-31.517072
2.298347,6.526626,-31.504282
2.293230,6.541438,-31.512353
2.303777,6.542320,-31.511166
2.277221,6.522818,-31.512605
2.294668,6.526820,-31.524519
2.292048,6.503757,-31.504776
2.299929,6.521254,-31.494396
2.290531,6.526694,-31.511351
2.291213,6.528790,-31.501658
2.276639,6.526917,-31.511531
2.276332,6.524720,-31.522577
2.272850,6.530301,-31.515505
2.290095,6.518078,-31.493801
2.309011,6.534185,-31.512117
2.303200,6.512493,-31.494238
2.288389,6.539594,-31.518767
2.280268,6.521048,-31.493036
2.301043,6.521293,-31.498135
2.288746,6.526445,-31.508372
2.270006,6.546287,-31.508255
2.304042,6.523821,-31.507632
2.273377,6.533053,-31.507161
2.295001,6.521782,-31.501398
2.289995,6.520475,-31.529825
2.266668,6.506882,-31.518807
2.273581,6.515664,-31.516219
2.286136,6.528433,-31.502508
2.287086,6.521459,-31.506063
2.264287,6.545272,-31.494228
2.268568,6.516199,-31.499512
2.281877,6.516343,-31.502108
2.274522,6.518332,-31.507449
2.274503,6.518248,-31.502537
2.264151,6.532132,-31.524148
2.274958,6.512803,-31.492020
2.274540,6.519571,-31.507421
2.287709,6.518998,-31.516427
2.283944,6.527257,-31.507937
2.273030,6.523628,-31.509259
2.280429,6.517523,-31.528775
2.273385,6.531390,-31.508981
2.268639,6.517297,-31.504289
2.246487,6.520153,-31.505389
2.284273,6.542160,-31.523867
2.272340,6.527371,-31.510647
2.273146,6.520955,-31.513558
2.285689,6.523644,-31.509139
2.257365,6.533309,-31.536862
2.260196,6.520763,-31.499245
2.272806,6.519100,-31.532974
2.262555,6.505551,-31.523766
2.272971,6.503188,-31.518213
2.268168,6.500535,-31.521073
2.256761,6.520322,-31.533138
2.262903,6.505909,-31.524092
2.265805,6.506791,-31.517567
2.268716,6.532631,-31.512796
2.269775,6.523935,-31.513588
2.259292,6.513704,-31.505201
2.264357,6.513915,-31.497097
2.261348,6.502353,-31.512625
2.269900,6.512007,-31.510214
2.274949,6.492471,-31.512766
2.279243,6.508077,-31.508309
2.267117,6.524470,-31.502207
2.262073,6.513943,-31.505903
2.268194,6.505413,-31.522860
2.252815,6.520471,-31.511094
2.260527,6.517375,-31.522605
2.265639,6.506657,-31.496944
2.265940,6.505349,-31.529841
2.251465,6.516476,-31.515555
2.259733,6.510505,-31.513281
2.268931,6.513387,-31.511865
2.274357,6.502904,-31.505648
2.275143,6.509537,-31.526494
2.265776,6.508642,-31.535694
2.271066,6.516558,-31.511701
2.279097,6.501650,-31.509673
2.265683,6.503418,-31.520954
2.267347,6.521596,-31.520979
2.258326,6.505202,-31.512540
2.270979,6.510093,-31.515919
2.270461,6.493553,-31.522190
2.274995,6.515712,-31.507849
2.265732,6.511477,-31.502975
2.269827,6.503353,-31.525023
2.265487,6.490632,-31.505148
2.249076,6.506793,-31.526951
2.264993,6.496910,-31.536395
2.263329,6.519143,-31.530693
2.241689,6.517480,-31.541793
2.261797,6.497211,-31.500325
2.257119,6.518638,-31.504458
2.235661,6.487491,-31.523723
2.250387,6.505833,-31.518934
2.267137,6.521763,-31.507391
2.279448,6.499747,-31.512676
2.267960,6.498656,-31.513177
2.258583,6.505777,-31.522575
2.264929,6.501149,-31.529820
2.252224,6.510608,-31.523868
2.252965,6.515835,-31.513772
2.265098,6.499213,-31.519020
2.259439,6.489076,-31.523288
2.235656,6.512630,-31.510223
2.258782,6.504016,-31.519435
2.257321,6.485508,-31.516865
2.264985,6.499007,-31.520619
2.254304,6.503170,-31.510662
2.243413,6.491599,-31.509848
2.261033,6.492355,-31.523170
2.246040,6.502520,-31.531199
2.256667,6.493010,-31.516939
2.234391,6.485097,-31.509806
2.236502,6.499374,-31.526295
2.263316,6.500562,-31.523265
2.253785,6.510249,-31.523236
2.248429,6.502078,-31.535505
2.244795,6.503769,-31.521764
2.248502,6.497146,-31.517565
2.259000,6.492235,-31.522819
2.255251,6.493443,-31.515448
2.252386,6.503053,-31.506534
2.258649,6.489395,-31.543318
2.251738,6.502690,-31.532275
2.258579,6.506117,-31.508332
2.256262,6.505720,-31.513558
2.255821,6.505310,-31.515508
2.239345,6.498149,-31.516738
2.242527,6.503009,-31.523286
2.233584,6.478707,-31.526924
2.241312,6.498627,-31.529057
2.251946,6.481795,-31.525598
2.214526,6.517729,-31.508695
2.241464,6.506894,-31.515735
2.242252,6.503230,-31.520089
2.252115,6.471844,-31.512371
2.235161,6.503331,-31.512532
2.242064,6.496187,-31.520643
2.259695,6.491861,-31.522666
2.237611,6.481517,-31.509712
2.249889,6.496966,-31.516370
2.249248,6.503714,-31.514042
2.244085,6.492991,-31.530682
2.253741,6.498149,-31.493201
2.267294,6.483917,-31.524231
2.233191,6.499905,-31.523295
2.235120,6.500417,-31.531970
2.235313,6.498797,-31.521043
2.250423,6.480625,-31.517704
2.249914,6.480265,-31.517096
2.247175,6.486924,-31.523413
2.253026,6.493994,-31.536380
2.247640,6.478885,-31.523011
2.243777,6.494327,-31.509752
2.236077,6.509275,-31.527509
2.222906,6.492634,-31.513497
2.248298,6.475393,-31.523607
2.229360,6.487474,-31.528136
2.254848,6.489232,-31.526913
2.240988,6.471221,-31.533340
2.258702,6.509496,-31.526513
2.235036,6.490193,-31.501247
2.242491,6.497285,-31.534246
2.245529,6.521836,-31.538929
2.236015,6.508380,-31.521926
2.244960,6.500354,-31.517939
2.235680,6.466376,-31.507481
2.257286,6.473575,-31.524955
2.233011,6.485239,-31.520682
2.230686,6.488633,-31.522520
2.238633,6.492227,-31.523765
2.239093,6.501642,-31.515975
2.249446,6.516112,-31.513307
2.240931,6.493782,-31.533030
2.233911,6.505794,-31.515087
2.246139,6.472365,-31.506136
2.240697,6.487483,-31.514031
2.260430,6.469068,-31.518694
2.244188,6.499509,-31.523794
2.238233,6.478125,-31.517090
2.229521,6.504173,-31.533522
2.221688,6.482588,-31.534249
2.237245,6.485241,-31.519235
2.225125,6.473906,-31.522113
2.234282,6.466073,-31.516677
2.228616,6.475911,-31.514997
2.233600,6.503602,-31.545096
2.218085,6.492289,-31.514181
2.228648,6.490582,-31.508546
2.250515,6.494074,-31.529038
2.250754,6.472129,-31.519313
2.238158,6.482482,-31.538528
2.244538,6.484189,-31.531122
2.228660,6.485443,-31.543025
2.240997,6.492331,-31.520315
2.216282,6.487104,-31.514274
2.240753,6.478265,-31.521312
2.219792,6.465173,-31.520637
2.233576,6.493724,-31.530926
2.235214,6.490933,-31.517942
2.238378,6.463746,-31.522949
2.238426,6.488174,-31.536944
2.229372,6.478012,-31.531229
2.226985,6.490266,-31.532063
2.222372,6.492246,-31.546867
2.214400,6.489056,-31.522221
2.228266,6.487812,-31.524070
2.209894,6.477146,-31.528593
2.241879,6.484448,-31.553940
2.215351,6.491764,-31.518810
2.231059,6.491994,-31.537584
2.234001,6.465566,-31.517569
2.218838,6.474094,-31.528003
2.230763,6.486416,-31.516290
2.232224,6.482701,-31.541401
2.242843,6.486296,-31.513942
2.218526,6.492760,-31.545262
2.217344,6.468336,-31.523920
2.231577,6.496500,-31.518603
2.223715,6.490400,-31.527627
2.243815,6.486231,-31.527260
2.226960,6.489589,-31.534641
2.206405,6.480912,-31.502641
2.221394,6.500958,-31.543530
2.231034,6.490679,-31.521473
2.236339,6.482252,-31.521905
2.221808,6.488879,-31.507480
2.227757,6.473635,-31.517379
2.223845,6.489558,-31.531707
2.222989,6.483856,-31.530561
2.199396,6.481294,-31.524129
2.243826,6.463600,-31.534609
2.211976,6.474710,-31.537702
2.243170,6.470389,-31.523101
2.207179,6.473102,-31.534473
2.229794,6.482843,-31.518894
2.207361,6.467724,-31.513162
2.238794,6.490221,-31.520910
2.213684,6.484156,-31.535600
2.218978,6.486768,-31.523506
2.229097,6.481266,-31.526301
2.220385,6.499033,-31.522298
2.220815,6.485112,-31.521525
2.216275,6.490802,-31.538050
2.202922,6.475856,-31.532870
2.226056,6.493680,-31.518173
2.209897,6.466652,-31.529140
2.219401,6.471026,-31.537961
2.216610,6.477511,-31.519169
2.225837,6.489013,-31.536783
2.231303,6.474454,-31.536505
2.218441,6.465506,-31.516184
2.224209,6.468821,-31.524863
2.217934,6.461797,-31.532138
2.236015,6.468159,-31.522109
2.223144,6.475326,-31.521760
2.230670,6.489164,-31.529721
2.232958,6.489121,-31.514188
2.228163,6.474739,-31.519751
2.211215,6.498262,-31.516219
2.208667,6.483394,-31.529560
2.225323,6.488033,-31.523374
2.224474,6.472482,-31.535326
2.229138,6.488717,-31.541908
2.233686,6.477448,-31.524215
2.220511,6.450119,-31.539767
2.214479,6.487552,-31.540615
2.237359,6.475777,-31.515467
2.223609,6.464710,-31.541650
2.213736,6.467938,-31.523388
2.212439,6.465142,-31.533790
2.216277,6.479900,-31.526848
2.227969,6.463003,-31.527553
2.217057,6.469742,-31.541226
2.207826,6.482384,-31.535092
2.227027,6.471326,-31.514374
2.204781,6.471477,-31.516267
2.228062,6.489150,-31.532317
2.212065,6.496117,-31.514680
2.201990,6.472745,-31.525623
2.225392,6.474079,-31.539050
2.213946,6.479204,-31.529486
2.219507,6.483900,-31.520164
2.237152,6.471392,-31.541775
2.215800,6.469912,-31.534549
2.207422,6.468865,-31.522363
2.220342,6.463553,-31.524743
2.206556,6.454995,-31.530751
2.222050,6.479976,-31.546585
2.233822,6.487306,-31.535662
2.220589,6.473876,-31.531795
2.217682,6.471697,-31.519151
2.215286,6.484267,-31.539135
2.222661,6.474480,-31.518289
2.215952,6.480154,-31.537777
2.211395,6.483048,-31.532442
2.216654,6.472339,-31.526483
2.207293,6.457753,-31.517785
2.221556,6.465213,-31.526634
2.223349,6.476222,-31.539439
2.194719,6.487252,-31.513909
2.228000,6.502044,-31.530279
2.220613,6.477398,-31.515660
2.214850,6.476070,-31.536706
2.230400,6.477349,-31.537702
2.223685,6.478906,-31.539080
2.230686,6.475618,-31.529063
2.218363,6.466496,-31.537666
2.219765,6.477486,-31.529367
2.212485,6.475001,-31.530462
2.211561,6.456764,-31.514786
2.213444,6.461722,-31.532529
2.214306,6.477928,-31.524091
2.203951,6.470269,-31.533217
2.214529,6.497396,-31.531009
2.208611,6.458887,-31.523362
2.231205,6.492599,-31.531341
2.206955,6.460481,-31.533351
2.194321,6.473620,-31.505938
2.203164,6.464480,-31.538725
2.228009,6.472038,-31.522738
2.228680,6.453282,-31.530741
2.212494,6.474928,-31.530366
2.211403,6.468187,-31.527571
2.204641,6.471093,-31.529735
2.242041,6.443317,-31.540514
2.208412,6.487792,-31.534993
2.214952,6.471221,-31.527665
2.208044,6.479205,-31.526465
2.222961,6.473693,-31.506979
2.206920,6.474807,-31.519795
2.211546,6.469423,-31.528705
2.195916,6.489992,-31.524945
2.210932,6.474948,-31.536776
2.200924,6.484311,-31.528220
2.202722,6.470023,-31.538727
2.207933,6.489696,-31.517521
2.206662,6.479199,-31.516164
2.204007,6.471616,-31.519695
2.217154,6.480456,-31.521550
2.202002,6.468612,-31.541843
2.209158,6.467921,-31.525810
2.231850,6.458577,-31.531455
2.215145,6.462999,-31.522677
2.219174,6.462708,-31.511016
2.216834,6.468095,-31.534884
2.214823,6.471717,-31.521833
2.215804,6.485904,-31.519747
2.206385,6.465795,-31.532218
2.204388,6.484902,-31.524238
2.230167,6.458890,-31.528250
2.199273,6.475001,-31.514829
2.197756,6.477780,-31.535652
2.205215,6.473000,-31.520048
2.209029,6.453953,-31.539708
2.217821,6.483101,-31.519942
2.216627,6.472657,-31.517785
2.225957,6.476625,-31.501583
2.195401,6.467273,-31.530322
2.219089,6.487440,-31.532108
2.213735,6.468772,-31.533379
2.210832,6.457545,-31.510908
2.212180,6.472023,-31.539997
2.245542,6.473811,-31.531239
2.192886,6.463404,-31.544843
2.224337,6.448821,-31.533136
2.203376,6.456804,-31.491706
2.218024,6.444509,-31.501233
2.205250,6.474335,-31.521514
2.210291,6.478087,-31.541611
2.195111,6.466666,-31.531853
2.210575,6.473961,-31.541641
2.209340,6.460645,-31.516014
2.202644,6.466821,-31.529293
2.200844,6.484992,-31.529211
2.206843,6.480897,-31.524700
2.218830,6.477753,-31.523622
2.210663,6.465636,-31.520389
2.211353,6.483671,-31.513172
2.210882,6.457722,-31.536917
2.207431,6.458788,-31.527862
2.204761,6.461833,-31.546392
2.208023,6.480645,-31.534515
2.203073,6.472863,-31.532740
2.212756,6.475441,-31.514437
2.225110,6.471725,-31.532583
2.205591,6.470021,-31.527595
2.202413,6.489404,-31.533804
2.227314,6.457527,-31.515128
2.213968,6.461118,-31.526771
2.203451,6.458619,-31.523658
2.205750,6.468457,-31.538261
2.221556,6.460960,-31.531787
2.224430,6.455973,-31.519201
2.214785,6.461612,-31.529981
2.228207,6.467425,-31.526425
2.230049,6.471391,-31.521509
2.208866,6.484374,-31.555043
2.214452,6.465895,-31.539916
2.212668,6.451091,-31.520046
2.220661,6.454162,-31.519672
2.198360,6.465734,-31.527495
2.209323,6.469233,-31.514146
2.193623,6.482600,-31.532359
2.181171,6.466527,-31.516902
2.208063,6.474700,-31.545465
2.212425,6.461867,-31.537050
2.219293,6.483158,-31.508134
2.208084,6.466518,-31.548847
2.200054,6.471050,-31.541805
2.206843,6.459595,-31.534881
2.204220,6.476110,-31.525429
2.190647,6.473361,-31.526988
2.207252,6.469821,-31.538013
2.224006,6.483617,-31.532895
2.211636,6.460607,-31.528559
2.213424,6.464036,-31.525881
2.222023,6.466040,-31.523276
2.201252,6.471791,-31.533500
2.224611,6.466953,-31.541575
2.201761,6.454522,-31.530842
2.222818,6.482674,-31.518100
2.217737,6.435921,-31.523706
2.201545,6.471416,-31.524294
2.211215,6.466481,-31.536945
2.196790,6.481673,-31.527715
2.202111,6.457185,-31.531603
2.200014,6.467542,-31.529473
2.220887,6.471063,-31.530599
2.201753,6.458160,-31.529674
2.215452,6.459508,-31.544466
2.207971,6.487433,-31.519777
2.204569,6.452278,-31.548555
2.225526,6.483848,-31.534891
2.202680,6.487429,-31.535547
2.192160,6.474649,-31.538557
2.213486,6.453259,-31.519038
2.207052,6.465199,-31.516846
2.191102,6.447596,-31.516632
2.210996,6.460873,-31.550670
2.211384,6.445610,-31.529490
2.203385,6.458180,-31.521838
2.212826,6.466648,-31.514132
2.199990,6.461166,-31.528670
2.207566,6.469931,-31.529686
2.207923,6.481758,-31.523413
2.204812,6.450800,-31.533660
2.207103,6.464616,-31.528664
2.204776,6.462218,-31.534113
2.190315,6.467800,-31.528261
2.207955,6.465140,-31.528419
2.208186,6.477520,-31.543562
2.201521,6.457206,-31.536801
2.214513,6.478346,-31.527277
2.204283,6.461121,-31.523791
2.203782,6.468361,-31.534517
2.194591,6.474984,-31.525121
2.198035,6.474402,-31.540823
2.209141,6.455454,-31.521681
2.201787,6.468159,-31.531283
2.204293,6.477866,-31.518257
2.214093,6.469219,-31.530705
2.203834,6.464951,-31.517486
2.188340,6.461880,-31.528407
2.202737,6.435125,-31.539677
2.209544,6.470054,-31.556100
2.212473,6.478839,-31.537499
2.209528,6.462464,-31.531325
2.211486,6.453697,-31.519881
2.200944,6.480612,-31.509897
2.207065,6.474541,-31.518603
2.208136,6.464628,-31.528930
2.207542,6.441615,-31.528542
2.183917,6.457882,-31.511067
2.201646,6.467766,-31.530057
2.200924,6.478959,-31.516115
2.212585,6.459248,-31.548829
2.200503,6.462157,-31.518278
2.194443,6.458830,-31.529999
2.203089,6.456856,-31.519010
2.228404,6.476121,-31.535144
2.200190,6.477140,-31.536274
2.201367,6.459300,-31.538650
2.211050,6.437055,-31.525571
2.207107,6.463770,-31.550994
2.219913,6.467691,-31.529777
2.186836,6.463126,-31.535114
2.219330,6.462414,-31.534491
2.201736,6.478648,-31.536624
2.187678,6.470940,-31.527932
2.201348,6.463135,-31.537527
2.211086,6.472877,-31.516236
2.208346,6.462091,-31.542164
2.201999,6.465706,-31.532805
2.218775,6.475180,-31.536230
2.201244,6.466299,-31.531885
2.212912,6.453628,-31.526774
2.192529,6.473381,-31.527882
2.190741,6.457821,-31.516941
2.197148,6.473222,-31.519122
2.208511,6.460073,-31.528891
2.207501,6.461548,-31.539543
2.228559,6.449667,-31.537365
2.217437,6.451918,-31.543523
2.205955,6.457866,-31.522188
2.214562,6.463302,-31.528412
2.177455,6.478112,-31.521918
2.218007,6.466272,-31.547475
2.207298,6.470403,-31.535295
2.188902,6.462633,-31.524532
2.207839,6.461482,-31.517922
2.197978,6.457165,-31.528840
2.200286,6.473112,-31.546745
2.206523,6.446479,-31.513291
2.197960,6.465929,-31.535253
2.214624,6.493335,-31.527512
2.199866,6.454118,-31.549003
2.215183,6.462000,-31.546164
2.213346,6.464699,-31.543733
2.195591,6.453072,-31.528097
2.188894,6.459244,-31.507814
2.210436,6.462002,-31.541200
2.202577,6.460378,-31.517900
2.197780,6.455111,-31.515532
2.197936,6.479595,-31.551634
2.190079,6.489699,-31.522906
2.205771,6.453647,-31.531452
2.198835,6.456383,-31.519991
2.218568,6.449115,-31.554038
2.217577,6.453598,-31.539084
2.189679,6.478811,-31.523577
2.204188,6.456011,-31.537057
2.186812,6.460992,-31.530006
2.192094,6.471739,-31.538879
2.200068,6.470174,-31.531674
2.188417,6.484873,-31.518064
2.200174,6.467921,-31.537650
2.188357,6.462765,-31.541381
2.198951,6.464533,-31.527769
2.206694,6.455230,-31.535395
2.213820,6.474635,-31.510407
2.185087,6.501935,-31.537010
2.189723,6.465760,-31.518281
2.191015,6.466954,-31.545842
2.199017,6.449749,-31.539378
2.181166,6.462694,-31.518524
2.211315,6.456299,-31.543680
2.181177,6.453269,-31.528120
2.192295,6.473929,-31.535242
2.199633,6.454899,-31.532367
2.210637,6.457923,-31.530186
2.193118,6.463302,-31.546659
2.202257,6.452062,-31.532615
2.196763,6.472734,-31.530429
2.206636,6.464875,-31.523945
2.209057,6.469299,-31.522658
2.215957,6.465259,-31.523577
2.202164,6.449846,-31.543787
2.206332,6.466475,-31.512947
2.200538,6.472626,-31.529783
2.205742,6.464669,-31.533066
2.215607,6.460338,-31.537337
2.214246,6.467854,-31.537761
2.207179,6.453566,-31.548905
2.211167,6.462986,-31.540813
2.204379,6.464042,-31.538509
2.213555,6.466097,-31.527359
2.200731,6.479277,-31.527746
2.180890,6.464094,-31.518432
2.188256,6.465180,-31.519350
2.205739,6.467788,-31.512891
2.186372,6.453010,-31.526055
2.175968,6.457829,-31.530699
2.214683,6.460168,-31.521690
2.208987,6.469471,-31.536843
2.200845,6.448583,-31.537512
2.205363,6.464396,-31.528327
2.200222,6.458173,-31.545667
2.199311,6.463504,-31.529279
2.208150,6.455572,-31.526064
2.195473,6.448889,-31.534632
2.212150,6.461321,-31.531254
2.203845,6.456836,-31.525912
2.193472,6.460306,-31.537853
2.169128,6.485496,-31.523033
2.197506,6.468657,-31.528035
2.195279,6.455276,-31.523993
2.203771,6.453718,-31.532288
2.196737,6.455855,-31.546714
2.200326,6.477817,-31.530197
2.191008,6.460504,-31.515795
2.201301,6.454298,-31.538046
2.206479,6.463227,-31.520457
2.210903,6.466637,-31.525973
2.209051,6.462052,-31.541696
2.206719,6.461445,-31.506678
2.203905,6.464016,-31.529164
2.205871,6.477446,-31.513117
2.205259,6.457375,-31.529081
2.204952,6.472722,-31.522455
2.219193,6.465411,-31.528671
2.208260,6.467306,-31.525268
2.227934,6.464417,-31.535671
2.187384,6.463339,-31.520239
2.203207,6.465376,-31.528803
2.207326,6.445842,-31.537989
2.191753,6.443999,-31.527906
2.211054,6.473267,-31.524027
2.182748,6.451645,-31.525978
2.210131,6.461617,-31.538934
2.182677,6.456332,-31.531476
2.197601,6.471262,-31.517465
2.205787,6.474065,-31.533526
2.198715,6.467988,-31.549762
2.213157,6.455072,-31.540558
2.198075,6.467638,-31.541795
2.184397,6.444379,-31.532206
2.207810,6.457583,-31.530213
2.207866,6.439884,-31.523735
2.195777,6.443808,-31.527747
2.214987,6.486023,-31.526275
2.197858,6.443358,-31.541369
2.193722,6.467527,-31.535204
2.187629,6.449652,-31.521818
2.182058,6.457516,-31.522772
2.199803,6.461325,-31.537377
2.192697,6.451779,-31.533064
2.192376,6.480434,-31.530934
2.202181,6.467878,-31.541323
2.193473,6.453382,-31.527906
2.207816,6.461337,-31.527547
2.209949,6.470306,-31.527075
2.196121,6.465105,-31.544477
2.205528,6.450317,-31.534046
2.198150,6.466198,-31.515280
2.191803,6.469332,-31.546444
2.205235,6.460087,-31.537377
2.196684,6.465035,-31.537100
2.183293,6.463287,-31.544937
2.216665,6.456824,-31.534094
2.208408,6.461387,-31.530130
2.200977,6.468087,-31.546496
2.206156,6.444837,-31.538360
2.195826,6.449101,-31.528551
2.203331,6.448511,-31.523355
2.203611,6.458072,-31.536189
2.198162,6.464619,-31.529106
2.212884,6.469486,-31.535752
2.188585,6.473827,-31.531013
2.190299,6.475482,-31.531407
2.199254,6.458598,-31.550077
2.191637,6.472117,-31.515795
2.189951,6.470906,-31.530944
2.201781,6.469106,-31.534719
2.208411,6.466528,-31.524457
2.213092,6.467626,-31.527290
2.199008,6.471704,-31.522648
2.212406,6.443001,-31.540421
2.213790,6.439370,-31.543394
2.194014,6.472412,-31.540882
2.207711,6.463319,-31.518638
2.195812,6.453510,-31.523139
2.192592,6.470331,-31.522047
2.217959,6.451001,-31.532570
2.201778,6.454053,-31.542358
2.213001,6.465047,-31.523675
2.193498,6.461131,-31.528615
2.192508,6.462072,-31.520784
2.191773,6.465934,-31.529604
2.186271,6.465556,-31.534016
2.198978,6.459479,-31.530168
2.200283,6.453104,-31.522881
2.190244,6.469585,-31.525267
2.193368,6.464471,-31.527935
2.208210,6.466242,-31.535141
2.202052,6.449714,-31.544867
2.198779,6.467987,-31.536069
2.199213,6.479069,-31.533710
2.195734,6.467179,-31.542146
2.188911,6.463749,-31.528745
2.192478,6.462133,-31.528331
2.186398,6.453114,-31.544914
2.201215,6.450807,-31.531546
2.211018,6.472957,-31.530142
2.206949,6.472911,-31.520547
2.174296,6.447533,-31.517004
2.202714,6.463124,-31.530335
2.215714,6.473132,-31.549351
2.213658,6.444239,-31.529022
2.206096,6.472712,-31.522437
2.196059,6.453255,-31.533346
2.204852,6.450328,-31.541288
2.198072,6.459520,-31.518926
2.212124,6.468316,-31.541153
2.211110,6.462147,-31.540630
2.198324,6.469412,-31.527752
2.192721,6.461849,-31.522268
2.191191,6.461923,-31.526667
2.199335,6.453380,-31.508063
2.198040,6.459352,-31.529665
2.193333,6.460254,-31.540675
2.195451,6.451676,-31.533533
2.208985,6.441688,-31.535959
2.193718,6.472726,-31.521194
2.214392,6.482037,-31.544639
2.197463,6.452558,-31.550265
2.203409,6.467063,-31.523236
2.201796,6.466024,-31.531513
2.175868,6.458739,-31.518831
2.197400,6.452169,-31.532530
2.196565,6.458146,-31.531722
2.193922,6.455076,-31.515091
2.214022,6.456653,-31.517336
2.202137,6.455540,-31.520865
2.209085,6.466611,-31.535858
2.179340,6.457891,-31.537995
2.193557,6.464261,-31.530629
2.169612,6.458486,-31.536918
2.168324,6.430475,-31.527633
2.158376,6.437055,-31.537896
2.127994,6.437483,-31.542928
2.109879,6.403724,-31.540581
2.091144,6.385881,-31.555744
2.044792,6.390003,-31.549353
2.004354,6.357728,-31.578802
1.989479,6.335247,-31.575176
1.954840,6.318833,-31.592573
1.907672,6.302928,-31.575416
1.898270,6.268294,-31.603141
1.840654,6.249899,-31.579380
1.795658,6.235053,-31.599279
1.753364,6.187322,-31.621878
1.715923,6.179399,-31.626726
1.673772,6.145791,-31.618656
1.632176,6.110813,-31.624868
1.592003,6.087972,-31.638690
1.540092,6.051230,-31.640869
1.491877,6.027649,-31.644218
1.450262,6.003418,-31.663376
1.402019,5.975327,-31.672805
1.354291,5.945868,-31.693762
1.303988,5.919289,-31.675776
1.248137,5.881299,-31.686695
1.214793,5.850999,-31.700958
1.163462,5.809023,-31.705068
1.115244,5.793749,-31.743471
1.067093,5.766037,-31.722871
1.012018,5.718446,-31.724081
0.968679,5.707179,-31.733756
0.907027,5.655552,-31.725626
0.865218,5.631938,-31.758972
0.823138,5.591009,-31.768430
0.782607,5.560697,-31.788719
0.696394,5.551209,-31.773745
0.657841,5.505200,-31.793204
0.596243,5.463784,-31.794882
0.558005,5.438034,-31.782354
0.534211,5.416359,-31.779175
0.474471,5.373255,-31.801300
0.420702,5.331170,-31.812368
0.348165,5.307968,-31.817514
0.318083,5.257212,-31.825043
0.275832,5.222533,-31.836622
0.211966,5.205973,-31.841693
0.168463,5.167139,-31.839372
0.103381,5.140272,-31.861743
0.072428,5.078732,-31.856899
0.007050,5.080184,-31.867935
-0.034786,5.034471,-31.851054
-0.108793,5.001104,-31.861763
-0.147639,4.958980,-31.883420
-0.181808,4.940219,-31.880890
-0.248861,4.904651,-31.893068
-0.273990,4.877455,-31.893181
-0.339951,4.838513,-31.894474
-0.404827,4.795786,-31.923708
-0.446086,4.766311,-31.913229
-0.503565,4.734113,-31.922415
-0.551275,4.676990,-31.916029
-0.584931,4.643889,-31.922402
-0.671004,4.597539,-31.913626
-0.706798,4.591868,-31.902260
-0.746875,4.558840,-31.932110
-0.801487,4.512889,-31.930397
-0.859706,4.479568,-31.939649
-0.928580,4.441136,-31.952278
-0.969955,4.374211,-31.939957
-0.999780,4.376816,-31.944247
-1.071545,4.337643,-31.956371
-1.124409,4.285836,-31.958747
-1.153977,4.268643,-31.954876
-1.203211,4.238212,-31.952842
-1.256568,4.201492,-31.969640
-1.306551,4.139186,-31.971159
-1.376001,4.125158,-31.989191
-1.419547,4.054968,-31.989773
-1.478055,4.028657,-31.984185
-1.513712,3.978728,-31.972386
-1.577712,3.961010,-31.979449
-1.613398,3.926931,-31.974225
-1.670964,3.877445,-32.004274
-1.724817,3.854500,-31.974155
-1.762180,3.821866,-31.978952
-1.820369,3.768752,-31.988844
-1.896495,3.735806,-31.984199
-1.936126,3.702795,-31.995273
-1.971409,3.661706,-32.006106
-2.047450,3.603549,-32.000612
-2.056950,3.560369,-31.988589
-2.118584,3.548218,-31.998615
-2.181758,3.509996,-31.972967
-2.235021,3.478329,-31.997382
-2.278074,3.429868,-32.018466
-2.330581,3.408572,-32.002494
-2.391784,3.352989,-31.996726
-2.439128,3.309204,-31.999761
-2.485034,3.277740,-31.986865
-2.534509,3.252580,-31.994510
-2.572026,3.209929,-31.996308
-2.641034,3.170797,-31.997615
-2.703990,3.118867,-32.001469
-2.746299,3.083745,-31.992500
-2.801746,3.037166,-32.006296
-2.858339,2.992700,-31.998117
-2.867862,2.956154,-31.998375
-2.935837,2.921421,-31.988347
-3.000086,2.898080,-31.988167
-3.060064,2.862981,-31.976991
-3.091029,2.789769,-31.981135
-3.132495,2.767220,-31.995989
-3.209593,2.717697,-32.006531
-3.264428,2.718837,-31.998708
-3.297054,2.671560,-31.982580
-3.346829,2.608150,-31.986217
-3.392102,2.564568,-31.971668
-3.454064,2.527335,-31.968761
-3.499674,2.491182,-31.973229
-3.574058,2.452798,-31.979104
-3.606064,2.407666,-31.967591
-3.658385,2.364175,-31.961440
-3.715113,2.316317,-31.970879
-3.762578,2.299748,-31.965061
-3.796332,2.252873,-31.961192
-3.850696,2.198897,-31.967764
-3.897980,2.170945,-31.965355
-3.948488,2.110169,-31.941891
-4.015610,2.103159,-31.952364
-4.053944,2.044256,-31.950585
-4.090518,1.992364,-31.936797
-4.166728,1.978280,-31.928711
-4.194962,1.919568,-31.927943
-4.262845,1.875003,-31.905744
-4.298651,1.844649,-31.921452
-4.371175,1.797975,-31.917480
-4.407114,1.761167,-31.925597
-4.474131,1.696747,-31.901653
-4.511764,1.664851,-31.894877
-4.568660,1.622752,-31.887803
-4.599023,1.592515,-31.891139
-4.673096,1.556314,-31.886713
-4.715466,1.502116,-31.862752
-4.761127,1.461231,-31.862188
-4.800186,1.413414,-31.872581
-4.875085,1.375807,-31.843189
-4.918746,1.355161,-31.838854
-4.959412,1.283220,-31.864329
-5.012006,1.237348,-31.864874
-5.054343,1.204788,-31.843660
-5.129104,1.154904,-31.845076
-5.178157,1.122784,-31.831727
-5.213667,1.082633,-31.836156
-5.265422,1.020566,-31.815058
-5.290919,1.000036,-31.801595
-5.380860,0.953517,-31.813453
-5.395645,0.907193,-31.782130
-5.471597,0.847085,-31.786423
-5.526995,0.831415,-31.782160
-5.553514,0.798443,-31.760956
-5.599990,0.744610,-31.775344
-5.673049,0.669756,-31.759571
-5.734022,0.647664,-31.736017
-5.740211,0.595753,-31.746547
-5.814073,0.560061,-31.725505
-5.866364,0.515884,-31.711826
-5.910937,0.468071,-31.703956
-5.955956,0.426041,-31.703326
-6.016200,0.389532,-31.691672
-6.082990,0.359426,-31.691666
-6.107405,0.314032,-31.672939
-6.156997,0.267883,-31.680695
-6.206556,0.234768,-31.668447
-6.264185,0.167495,-31.638579
-6.312638,0.117411,-31.641407
-6.359234,0.071560,-31.649784
-6.420612,0.048176,-31.607074
-6.466982,-0.006409,-31.607634
-6.504437,-0.053347,-31.593723
-6.555048,-0.100546,-31.585870
-6.603271,-0.132508,-31.566604
-6.657786,-0.186748,-31.542918
-6.721563,-0.217247,-31.543587
-6.765913,-0.255958,-31.532419
-6.808043,-0.321467,-31.541550
-6.851838,-0.355711,-31.506298
-6.910982,-0.411230,-31.507192
-6.966258,-0.439356,-31.506006
-6.994900,-0.476998,-31.479284
-7.048039,-0.541883,-31.460246
-7.076308,-0.587026,-31.474512
-7.145385,-0.617599,-31.449639
-7.180151,-0.675044,-31.444328
-7.249358,-0.716602,-31.437615
-7.283591,-0.776741,-31.410438
-7.348599,-0.792998,-31.404814
-7.413607,-0.846909,-31.388050
-7.421594,-0.888943,-31.373117
-7.493182,-0.928234,-31.355371
-7.526636,-0.988038,-31.364381
-7.602028,-1.036677,-31.343990
-7.647586,-1.055306,-31.308483
-7.708611,-1.144752,-31.316277
-7.741800,-1.160691,-31.301285
-7.786493,-1.211385,-31.282953
-7.851994,-1.252900,-31.247916
-7.892525,-1.300419,-31.264115
-7.918454,-1.344055,-31.231860
-7.985736,-1.381156,-31.224578
-8.036980,-1.443724,-31.221189
-8.070734,-1.480991,-31.203298
-8.117345,-1.543047,-31.202380
-8.161674,-1.561504,-31.171958
-8.220790,-1.627743,-31.155158
-8.278994,-1.651221,-31.140092
-8.313882,-1.701246,-31.113613
-8.380703,-1.755529,-31.128404
-8.433288,-1.803336,-31.099199
-8.455220,-1.857045,-31.072898
-8.518687,-1.887737,-31.059911
-8.561034,-1.940201,-31.042087
-8.603035,-1.969127,-30.997177
-8.659584,-2.032079,-31.015760
-8.714996,-2.072830,-31.005668
-8.757915,-2.138388,-30.982590
-8.829471,-2.171823,-30.951221
-8.851949,-2.217401,-30.931954
-8.898366,-2.253291,-30.927230
-8.952031,-2.292151,-30.918476
-8.984355,-2.365117,-30.899984
-9.038517,-2.406195,-30.862434
-9.092480,-2.450335,-30.864530
-9.139435,-2.489625,-30.836801
-9.200347,-2.539233,-30.827734
-9.247098,-2.571477,-30.817264
-9.276770,-2.647720,-30.772857
-9.322647,-2.688312,-30.771937
-9.383413,-2.742448,-30.756362
-9.436358,-2.781051,-30.731338
-9.489506,-2.805220,-30.707642
-9.515443,-2.867917,-30.699231
-9.573172,-2.904319,-30.686102
-9.621556,-2.959215,-30.658979
-9.688774,-3.005142,-30.628930
-9.707644,-3.039202,-30.643033
-9.766912,-3.085374,-30.589846
-9.816544,-3.145749,-30.575829
-9.851078,-3.210030,-30.558545
-9.907278,-3.238947,-30.537872
-9.965248,-3.278974,-30.518632
-10.006385,-3.328050,-30.494521
-10.031402,-3.370097,-30.467580
-10.086783,-3.428572,-30.453378
-10.128202,-3.450188,-30.422211
-10.178994,-3.533777,-30.402773
-10.231366,-3.554639,-30.396143
-10.284953,-3.605098,-30.357669
-10.344508,-3.667013,-30.354280
-10.355411,-3.703538,-30.328962
-10.411541,-3.753420,-30.284267
-10.460929,-3.789295,-30.278414
-10.499284,-3.841894,-30.255029
-10.558321,-3.886375,-30.224830
-10.600500,-3.933420,-30.213439
-10.632115,-3.971629,-30.196252
-10.679541,-4.023916,-30.146464
-10.738078,-4.078196,-30.142154
-10.795073,-4.119280,-30.110801
-10.827615,-4.160174,-30.090495
-10.912433,-4.225448,-30.063799
-10.937035,-4.277693,-30.047961
-10.984893,-4.323126,-30.034407
-11.040722,-4.348277,-30.008716
-11.070574,-4.417260,-29.970374
-11.124187,-4.461976,-29.950887
-11.164833,-4.516114,-29.928852
-11.208350,-4.546766,-29.906914
-11.262993,-4.592121,-29.888293
-11.292988,-4.659840,-29.864202
-11.360546,-4.705706,-29.842737
-11.373773,-4.750216,-29.813048
-11.427576,-4.796228,-29.781009
-11.475219,-4.846205,-29.767883
-11.530015,-4.888995,-29.743104
-11.563836,-4.928783,-29.707671
-11.622002,-4.973110,-29.684545
-11.674015,-5.016952,-29.638668
-11.715166,-5.081609,-29.618309
-11.763785,-5.111614,-29.617273
-11.790785,-5.178487,-29.588821
-11.844003,-5.217312,-29.558681
-11.884148,-5.254136,-29.525026
-11.938059,-5.309960,-29.490507
-11.992435,-5.355735,-29.467310
-12.024662,-5.413763,-29.439601
-12.070056,-5.441079,-29.412343
-12.101117,-5.490675,-29.407980
-12.168770,-5.553666,-29.352056
-12.204378,-5.603765,-29.317565
-12.237452,-5.644924,-29.315878
-12.294449,-5.689670,-29.263686
-12.355907,-5.747102,-29.248605
-12.397967,-5.776757,-29.223164
-12.433861,-5.810823,-29.173324
-12.464852,-5.879310,-29.149134
-12.500531,-5.917504,-29.146178
-12.553482,-5.943629,-29.116726
-12.624090,-6.020568,-29.082196
-12.654864,-6.066064,-29.071871
-12.710635,-6.101522,-29.021711
-12.723130,-6.141172,-28.989027
-12.783345,-6.197716,-28.943839
-12.822259,-6.246962,-28.929418
-12.859991,-6.290853,-28.895497
-12.904650,-6.333355,-28.871726
-12.980891,-6.376571,-28.853787
-12.996211,-6.437866,-28.805924
-13.046316,-6.497201,-28.795503
-13.112137,-6.520806,-28.747287
-13.136763,-6.574678,-28.741048
-13.174830,-6.631421,-28.697057
-13.210923,-6.677870,-28.658519
-13.260631,-6.717743,-28.623519
-13.310204,-6.783525,-28.589422
-13.366428,-6.827081,-28.560663
-13.394605,-6.874747,-28.525134
-13.451870,-6.927291,-28.509510
-13.481528,-6.950579,-28.459755
-13.530586,-7.009005,-28.428844
-13.553788,-7.043872,-28.409633
-13.595685,-7.089987,-28.364044
-13.656246,-7.141261,-28.326047
-13.684315,-7.194794,-28.312308
-13.725223,-7.253626,-28.263174
-13.787165,-7.292555,-28.225814
-13.831914,-7.341341,-28.215160
-13.887163,-7.369092,-28.158074
-13.910811,-7.439177,-28.155477
-13.964134,-7.463964,-28.117470
-13.981031,-7.555271,-28.061027
-14.042278,-7.557857,-28.036908
-14.072475,-7.606049,-28.015791
-14.126540,-7.673963,-27.978647
-14.164261,-7.731987,-27.923986
-14.203913,-7.764512,-27.917474
-14.267818,-7.803569,-27.847925
-14.297325,-7.852149,-27.834430
-14.335123,-7.885097,-27.805389
-14.378619,-7.940485,-27.754609
-14.437325,-7.980573,-27.737010
-14.467410,-8.028745,-27.701360
-14.517361,-8.084942,-27.671998
-14.562970,-8.142977,-27.611902
-14.588382,-8.178909,-27.569161
-14.665473,-8.218081,-27.551566
-14.683012,-8.256113,-27.513533
-14.719805,-8.323193,-27.487485
-14.752580,-8.346100,-27.446889
-14.815251,-8.412817,-27.409848
-14.838988,-8.445738,-27.359623
-14.874382,-8.504459,-27.336992
-14.914981,-8.562414,-27.301641
-14.965755,-8.578899,-27.248523
-14.999367,-8.641281,-27.212738
-15.049741,-8.717795,-27.181204
-15.086784,-8.737268,-27.136284
-15.130651,-8.794089,-27.113833
-15.170547,-8.815786,-27.060625
-15.219851,-8.872249,-27.018347
-15.254922,-8.909233,-26.984277
-15.280361,-8.971209,-26.958870
-15.333028,-9.021101,-26.914447
-15.353676,-9.054260,-26.883043
-15.403517,-9.097404,-26.845795
-15.452211,-9.152509,-26.792558
-15.485536,-9.216671,-26.760721
-15.539795,-9.261530,-26.728221
-15.584015,-9.280442,-26.673347
-15.600193,-9.334363,-26.646695
-15.670228,-9.390070,-26.608073
-15.695561,-9.428040,-26.559738
-15.741839,-9.461644,-26.511182
-15.781463,-9.514759,-26.487435
-15.813924,-9.551645,-26.446353
-15.850451,-9.610011,-26.396038
-15.904549,-9.668372,-26.360786
-15.948620,-9.711928,-26.305724
-15.976730,-9.741180,-26.279429
-16.010240,-9.780276,-26.258209
-16.056852,-9.840323,-26.185484
-16.118544,-9.893783,-26.169495
-16.120642,-9.929947,-26.115229
-16.161626,-9.981676,-26.075961
-16.207696,-10.024986,-26.009825
-16.276501,-10.064458,-25.969455
-16.290404,-10.109056,-25.943009
-16.324746,-10.167171,-25.902066
-16.362936,-10.194847,-25.852483
-16.408003,-10.254195,-25.819916
-16.450013,-10.289252,-25.764431
-16.479831,-10.342382,-25.734343
-16.526267,-10.385218,-25.686442
-16.566613,-10.424926,-25.640118
-16.592004,-10.470385,-25.595422
-16.641685,-10.517104,-25.573127
-16.679232,-10.578088,-25.506269
-16.727436,-10.606624,-25.465514
-16.767477,-10.644413,-25.409492
-16.797515,-10.710113,-25.378458
-16.832892,-10.728714,-25.321058
-16.859257,-10.775640,-25.316499
-16.911800,-10.818417,-25.268065
-16.954498,-10.871993,-25.201008
-16.989932,-10.921983,-25.184836
-17.018156,-10.953910,-25.128331
-17.060999,-11.007604,-25.072891
-17.096253,-11.068056,-25.033776
-17.135084,-11.082272,-24.989550
-17.167146,-11.153049,-24.937824
-17.205478,-11.204747,-24.905572
-17.251600,-11.220235,-24.835013
-17.273865,-11.272195,-24.795237
-17.316392,-11.302611,-24.748598
-17.365931,-11.359428,-24.717338
-17.402125,-11.392002,-24.649434
-17.431016,-11.454774,-24.619024
-17.469718,-11.481053,-24.573892
-17.499061,-11.520956,-24.513447
-17.571629,-11.588818,-24.479411
-17.570508,-11.621103,-24.429593
-17.617061,-11.677701,-24.388926
-17.661664,-11.707638,-24.327075
-17.700100,-11.748203,-24.283374
-17.710073,-11.809628,-24.259075
-17.751255,-11.833705,-24.198788
-17.798574,-11.863336,-24.149676
-17.828872,-11.913472,-24.095062
-17.867500,-11.968235,-24.044664
-17.907902,-12.013851,-23.986678
-17.950162,-12.056368,-23.944505
-17.970672,-12.088717,-23.897693
-18.003625,-12.153825,-23.833746
-18.047463,-12.172390,-23.825461
-18.076931,-12.224868,-23.746187
-18.120083,-12.249363,-23.718822
-18.146617,-12.309782,-23.685049
-18.178973,-12.347547,-23.605295
-18.233094,-12.384941,-23.555248
-18.257468,-12.450305,-23.510114
-18.278314,-12.478557,-23.455162
-18.322002,-12.530059,-23.396647
-18.365801,-12.545768,-23.349505
-18.415828,-12.607515,-23.310100
-18.440443,-12.651134,-23.260595
-18.455758,-12.676661,-23.219574
-18.508532,-12.740851,-23.147045
-18.537552,-12.759403,-23.115815
-18.559751,-12.811187,-23.064945
-18.594514,-12.843418,-23.000218
-18.647254,-12.888555,-22.950283
-18.678502,-12.924783,-22.902306
-18.736120,-12.984577,-22.864635
-18.735581,-13.023919,-22.818817
-18.754117,-13.069072,-22.734504
-18.792237,-13.109381,-22.684396
-18.855363,-13.145298,-22.642561
-18.879797,-13.204638,-22.586450
-18.914232,-13.219815,-22.554681
-18.949375,-13.263006,-22.504648
-18.984388,-13.307957,-22.432761
-19.008843,-13.331633,-22.387021
-19.044172,-13.372146,-22.324906
-19.089153,-13.423071,-22.275420
-19.127772,-13.457912,-22.216674
-19.164218,-13.513984,-22.163984
-19.182496,-13.553468,-22.128551
-19.217062,-13.579404,-22.054225
-19.267234,-13.629071,-22.021713
-19.274396,-13.657424,-21.983326
-19.307781,-13.695441,-21.896148
-19.352064,-13.749086,-21.843098
-19.376017,-13.786499,-21.786309
-19.414351,-13.825604,-21.732507
-19.444684,-13.890838,-21.692255
-19.479372,-13.909805,-21.637968
-19.503395,-13.940389,-21.583319
-19.546382,-13.998491,-21.524754
-19.575825,-14.031220,-21.468716
-19.611126,-14.069776,-21.423962
-19.636425,-14.093885,-21.355855
-19.667216,-14.137557,-21.313255
-19.699775,-14.176060,-21.260052
-19.716354,-14.218923,-21.206763
-19.749861,-14.266602,-21.140706
-19.796026,-14.312290,-21.066321
-19.824311,-14.323257,-21.025324
-19.839070,-14.373310,-20.971715
-19.900965,-14.414543,-20.921761
-19.916853,-14.455277,-20.868108
-19.933059,-14.493999,-20.792707
-19.992737,-14.519342,-20.733285
-20.016963,-14.564418,-20.678899
-20.045195,-14.599230,-20.639192
-20.074972,-14.630974,-20.589183
-20.088575,-14.679400,-20.511387
-20.122665,-14.707707,-20.477991
-20.161624,-14.755951,-20.405983
-20.187382,-14.779643,-20.345257
-20.215259,-14.824265,-20.295179
-20.266008,-14.871726,-20.235181
-20.286097,-14.902075,-20.180167
-20.315373,-14.937045,-20.127043
-20.333768,-14.995317,-20.071735
-20.379154,-15.000760,-19.988317
-20.430858,-15.038904,-19.939841
-20.430035,-15.057176,-19.890998
-20.459428,-15.113253,-19.833721
-20.486708,-15.163374,-19.755482
-20.532771,-15.197608,-19.717842
-20.548863,-15.224467,-19.665425
-20.586181,-15.248710,-19.574158
-20.599807,-15.321852,-19.552807
-20.636405,-15.325303,-19.477004
-20.679124,-15.369092,-19.426529
-20.715717,-15.421022,-19.369528
-20.718701,-15.474813,-19.312439
-20.745159,-15.474239,-19.228858
-20.798750,-15.542521,-19.182207
-20.799586,-15.552638,-19.129785
-20.840043,-15.586654,-19.069242
-20.877615,-15.622274,-19.003005
-20.907779,-15.662497,-18.949638
-20.924078,-15.696030,-18.877455
-20.943435,-15.721781,-18.830918
-20.980678,-15.769180,-18.754342
-21.012373,-15.806023,-18.708848
-21.033809,-15.840893,-18.634845
-21.072884,-15.873326,-18.586205
-21.087570,-15.906583,-18.518187
-21.118014,-15.942730,-18.455644
-21.161187,-15.975257,-18.396888
-21.159323,-16.010477,-18.321440
-21.206290,-16.035963,-18.268036
-21.233886,-16.066811,-18.221399
-21.262621,-16.107215,-18.156136
-21.289503,-16.133168,-18.079660
-21.311870,-16.176723,-18.030799
-21.323580,-16.209426,-17.967758
-21.354920,-16.237619,-17.898310
-21.385867,-16.283171,-17.825529
-21.416655,-16.316679,-17.767414
-21.467308,-16.352801,-17.718795
-21.465990,-16.378621,-17.651505
-21.505429,-16.424861,-17.592425
-21.524390,-16.451002,-17.520877
-21.562839,-16.487181,-17.463630
-21.569957,-16.508420,-17.397383
-21.616695,-16.546296,-17.338593
-21.623505,-16.570770,-17.288253
-21.653032,-16.615201,-17.203208
-21.666444,-16.628341,-17.139607
-21.695441,-16.650597,-17.084309
-21.730154,-16.707883,-17.025471
-21.756986,-16.723356,-16.969679
-21.790831,-16.761750,-16.887840
-21.826263,-16.794647,-16.801184
-21.835441,-16.841816,-16.774126
-21.858585,-16.858390,-16.695668
-21.886137,-16.899890,-16.628701
-21.910339,-16.930772,-16.576486
-21.937838,-16.958182,-16.511506
-21.972213,-16.991000,-16.414040
-21.974696,-17.016490,-16.385362
-22.011373,-17.039350,-16.293364
-22.041778,-17.057295,-16.244696
-22.071714,-17.082457,-16.182559
-22.077322,-17.126419,-16.121254
-22.086521,-17.153393,-16.046032
-22.124691,-17.195427,-15.977074
-22.154664,-17.214625,-15.914944
-22.184274,-17.244866,-15.843536
-22.191228,-17.287049,-15.790613
-22.240710,-17.322576,-15.718212
-22.239610,-17.342552,-15.636554
-22.274423,-17.370467,-15.603159
-22.301054,-17.405589,-15.528039
-22.302755,-17.425897,-15.462921
-22.347675,-17.453724,-15.396074
-22.358463,-17.476636,-15.329170
-22.405522,-17.523935,-15.260910
-22.407060,-17.536198,-15.205586
-22.437599,-17.578514,-15.113107
-22.445721,-17.604545,-15.063988
-22.477216,-17.627987,-14.989983
-22.502872,-17.643006,-14.915279
-22.516049,-17.677437,-14.860082
-22.547207,-17.696294,-14.785124
-22.571158,-17.738994,-14.719621
-22.589912,-17.775527,-14.651417
-22.608719,-17.792429,-14.577825
-22.620844,-17.814860,-14.527148
-22.654129,-17.839023,-14.462264
-22.683540,-17.869409,-14.383182
-22.702479,-17.900132,-14.310423
-22.728791,-17.933494,-14.249097
-22.749248,-17.956097,-14.194094
-22.749258,-17.977086,-14.116787
-22.804552,-17.990463,-14.040917
-22.809155,-18.053235,-13.987918
-22.845548,-18.058861,-13.925940
-22.856982,-18.080036,-13.841291
-22.879410,-18.108577,-13.769431
-22.912623,-18.136242,-13.703643
-22.909477,-18.151424,-13.636701
-22.937353,-18.199682,-13.554581
-22.964374,-18.196668,-13.507688
-22.984482,-18.249470,-13.439516
-23.004218,-18.262920,-13.375002
-23.017068,-18.288798,-13.290189
-23.046541,-18.322116,-13.235997
-23.052806,-18.342385,-13.153231
-23.059862,-18.354429,-13.091816
-23.102623,-18.379444,-13.014598
-23.124088,-18.423063,-12.935509
-23.145367,-18.449196,-12.867958
-23.162876,-18.453364,-12.789365
-23.173076,-18.496986,-12.743573
-23.187897,-18.502273,-12.666364
-23.210613,-18.537185,-12.601430
-23.250384,-18.547561,-12.526750
-23.260815,-18.581439,-12.468991
-23.255933,-18.604177,-12.379107
-23.288564,-18.625020,-12.316866
-23.300027,-18.628789,-12.243297
-23.324159,-18.663349,-12.186135
-23.344293,-18.687275,-12.094746
-23.373575,-18.723838,-12.037859
-23.388397,-18.722151,-11.981798
-23.384919,-18.750520,-11.875386
-23.404016,-18.793477,-11.829544
-23.420891,-18.800878,-11.734293
-23.461471,-18.829730,-11.679283
-23.464447,-18.823811,-11.607873
-23.495569,-18.862947,-11.525038
-23.501504,-18.895866,-11.472855
-23.531910,-18.904620,-11.392008
-23.565263,-18.923540,-11.313127
-23.562194,-18.931113,-11.243431
-23.585392,-18.982553,-11.190379
-23.619137,-18.980146,-11.098499
-23.622568,-19.004517,-11.044054
-23.627024,-19.027092,-10.959847
-23.642857,-19.035366,-10.909004
-23.662634,-19.070895,-10.851720
-23.682912,-19.071581,-10.750937
-23.697665,-19.112967,-10.683348
-23.717410,-19.123150,-10.621878
-23.734584,-19.161541,-10.517007
-23.758148,-19.175621,-10.473337
-23.767433,-19.178271,-10.411009
-23.773006,-19.211817,-10.313942
-23.797556,-19.225320,-10.245374
-23.810864,-19.237344,-10.176264
-23.836739,-19.255230,-10.117354
-23.852628,-19.298692,-10.019962
-23.859508,-19.300538,-9.959353
-23.896248,-19.317397,-9.906758
-23.907468,-19.333513,-9.807251
-23.914823,-19.344204,-9.732888
-23.925019,-19.363476,-9.662247
-23.932885,-19.383900,-9.584640
-23.952233,-19.406808,-9.528205
-23.979275,-19.430832,-9.436856
-23.973922,-19.443875,-9.379121
-23.992955,-19.454642,-9.302665
-23.993770,-19.466631,-9.228172
-24.017542,-19.488491,-9.148484
-24.023022,-19.508311,-9.060305
-24.068554,-19.521013,-9.009111
-24.061346,-19.536058,-8.951148
-24.059565,-19.546753,-8.883550
-24.119544,-19.573840,-8.788619
-24.114936,-19.585358,-8.708131
-24.116520,-19.598745,-8.620871
-24.138313,-19.623940,-8.581555
-24.150203,-19.628270,-8.516232
-24.171719,-19.648112,-8.402741
-24.176041,-19.653392,-8.345686
-24.183906,-19.682972,-8.266248
-24.204645,-19.673457,-8.181215
-24.219311,-19.700913,-8.137767
-24.218175,-19.717619,-8.028990
-24.265825,-19.730140,-7.992157
-24.258268,-19.761070,-7.908380
-24.259357,-19.754880,-7.819233
-24.293265,-19.764483,-7.720592
-24.286592,-19.780905,-7.674529
-24.303084,-19.798364,-7.586648
-24.319366,-19.821208,-7.523869
-24.326912,-19.840823,-7.438022
-24.343595,-19.828434,-7.372679
-24.364179,-19.838947,-7.314747
-24.372670,-19.855657,-7.219890
-24.379066,-19.875884,-7.153371
-24.402283,-19.883069,-7.078142
-24.401232,-19.893144,-6.990937
-24.431731,-19.933732,-6.917259
-24.420852,-19.943600,-6.842276
-24.431467,-19.942228,-6.773791
-24.439280,-19.956205,-6.702944
-24.470841,-19.959633,-6.619005
-24.461276,-19.973457,-6.549372
-24.469639,-19.989134,-6.460285
-24.505851,-19.977609,-6.402671
-24.524300,-20.004908,-6.321794
-24.511151,-20.022660,-6.243104
-24.514798,-20.029795,-6.170322
-24.543376,-20.042670,-6.103708
-24.548030,-20.047950,-6.021393
-24.534784,-20.061443,-5.935943
-24.579337,-20.070553,-5.866927
-24.567369,-20.091732,-5.785419
-24.587722,-20.084174,-5.719400
-24.611562,-20.101224,-5.632578
-24.605102,-20.106100,-5.547316
-24.626765,-20.133131,-5.498584
-24.615595,-20.132858,-5.412183
-24.621817,-20.131588,-5.347343
-24.629016,-20.126068,-5.267589
-24.670600,-20.171961,-5.183297
-24.673434,-20.147251,-5.103603
-24.685873,-20.164753,-5.033401
-24.673083,-20.188204,-4.973231
-24.688764,-20.187482,-4.874134
-24.709426,-20.177866,-4.806927
-24.717885,-20.208194,-4.728599
-24.702950,-20.199983,-4.652077
-24.730507,-20.207392,-4.574146
-24.746969,-20.203602,-4.508325
-24.747046,-20.239868,-4.416067
-24.756783,-20.229145,-4.333207
-24.768853,-20.239118,-4.263141
-24.761954,-20.242544,-4.184619
-24.768351,-20.249249,-4.122980
-24.788546,-20.243895,-4.027682
-24.781382,-20.268626,-3.960005
-24.792346,-20.277519,-3.889145
-24.800077,-20.268464,-3.823101
-24.796345,-20.287168,-3.743744
-24.808781,-20.282693,-3.672080
-24.807645,-20.299690,-3.580106
-24.839262,-20.297142,-3.513880
-24.841336,-20.297670,-3.444704
-24.868155,-20.294971,-3.369828
-24.871956,-20.315666,-3.283165
-24.856956,-20.304187,-3.215355
-24.867024,-20.290822,-3.134177
-24.885075,-20.322861,-3.041083
-24.881890,-20.331719,-2.974742
-24.875348,-20.318696,-2.887413
-24.870611,-20.324013,-2.805748
-24.892622,-20.350145,-2.737708
-24.900742,-20.338240,-2.671073
-24.905129,-20.326741,-2.580025
-24.914322,-20.348413,-2.511416
-24.921026,-20.338447,-2.415587
-24.925434,-20.338748,-2.341265
-24.936329,-20.339348,-2.285433
-24.953361,-20.356446,-2.202934
-24.940573,-20.366918,-2.134108
-24.933076,-20.358146,-2.057777
-24.965400,-20.379576,-1.974549
-24.967086,-20.353394,-1.885189
-24.962880,-20.364472,-1.841999
-24.958783,-20.351880,-1.734162
-24.978835,-20.373070,-1.654681
-24.991503,-20.356092,-1.606213
-24.976968,-20.362721,-1.503074
-24.964565,-20.355320,-1.416257
-24.989647,-20.356949,-1.361160
-24.978085,-20.376927,-1.295133
-25.002389,-20.354082,-1.194098
-25.001935,-20.342761,-1.138412
-24.998655,-20.365770,-1.053157
-25.012305,-20.363103,-0.980074
-24.987534,-20.363734,-0.887054
-25.009227,-20.367583,-0.827973
-25.012479,-20.360831,-0.744123
-25.043165,-20.349067,-0.676286
-25.017846,-20.370255,-0.586086
-25.010756,-20.339466,-0.509188
-25.023818,-20.379955,-0.439732
-25.033159,-20.362433,-0.368037
-25.029174,-20.343500,-0.271530
-25.025553,-20.340811,-0.193738
-25.036688,-20.342736,-0.118952
-25.057496,-20.328034,-0.042324
-25.035245,-20.338376,0.012101
-25.030690,-20.340956,0.113939
-25.025385,-20.331565,0.175666
-25.047138,-20.334838,0.268081
-25.053655,-20.332753,0.340389
-25.047893,-20.314630,0.420375
-25.049741,-20.315614,0.519757
-25.072780,-20.317258,0.581496
-25.066652,-20.311913,0.647755
-25.056648,-20.319442,0.738266
-25.057770,-20.319916,0.800258
-25.047210,-20.293575,0.873654
-25.052974,-20.292873,0.967910
-25.074312,-20.277421,1.035449
-25.072937,-20.269804,1.108883
-25.070746,-20.270365,1.199092
-25.040737,-20.294795,1.285322
-25.069797,-20.280923,1.349765
-25.059327,-20.277580,1.421804
-25.074372,-20.233313,1.494115
-25.070815,-20.241306,1.565315
-25.055408,-20.247789,1.643779
-25.060503,-20.246270,1.731776
-25.079968,-20.224763,1.809454
-25.060159,-20.222583,1.876251
-25.067136,-20.212765,1.957495
-25.077138,-20.205283,2.054237
-25.078302,-20.182507,2.103878
-25.065214,-20.192842,2.204780
-25.062942,-20.190352,2.272001
-25.065385,-20.176182,2.347221
-25.061172,-20.175368,2.403935
-25.062826,-20.159778,2.494793
-25.062119,-20.130525,2.577552
-25.057263,-20.153382,2.645817
-25.069430,-20.128365,2.719907
-25.058785,-20.127881,2.810042
-25.057953,-20.107431,2.883884
-25.051822,-20.093652,2.968038
-25.053898,-20.071498,3.035813
-25.067256,-20.093757,3.124766
-25.037587,-20.061621,3.178072
-25.056244,-20.079365,3.252918
-25.046946,-20.072019,3.343801
-25.030804,-20.059839,3.433028
-25.044507,-20.043239,3.481239
-25.032714,-20.056055,3.568814
-25.034611,-20.015126,3.660361
-25.017142,-20.015631,3.713571
-25.030228,-19.983514,3.798048
-25.039374,-19.986563,3.870913
-25.026297,-19.972594,3.954593
-25.034422,-19.958971,4.030983
-25.038245,-19.964313,4.104713
-25.018260,-19.931137,4.194500
-25.011494,-19.909737,4.275292
-24.998843,-19.922022,4.337372
-25.001644,-19.879268,4.407284
-25.018285,-19.883197,4.487395
-25.008314,-19.877461,4.565789
-24.985620,-19.869364,4.640397
-25.015577,-19.873616,4.716488
-24.981254,-19.839251,4.810976
-24.995227,-19.832690,4.871631
-24.978019,-19.809705,4.947347
-24.980947,-19.788474,5.028513
-24.959220,-19.798864,5.123243
-24.972387,-19.755524,5.176385
-24.955605,-19.756800,5.258696
-24.960046,-19.725405,5.359938
-24.949633,-19.726716,5.415326
-24.956881,-19.704181,5.473100
-24.926259,-19.696295,5.560755
-24.947139,-19.681585,5.647810
-24.945843,-19.666357,5.725513
-24.904479,-19.649406,5.787994
-24.921076,-19.644018,5.862823
-24.920838,-19.601946,5.929698
-24.923054,-19.590624,6.008923
-24.895514,-19.590439,6.080981
-24.890154,-19.565598,6.168985
-24.888886,-19.552276,6.246966
-24.899646,-19.539809,6.325029
-24.886631,-19.499141,6.385060
-24.875136,-19.505561,6.460797
-24.872903,-19.497075,6.554203
-24.873702,-19.465041,6.635271
-24.849086,-19.452475,6.700078
-24.857839,-19.422276,6.770588
-24.841546,-19.406192,6.847794
-24.852034,-19.392225,6.930484
-24.812782,-19.363727,7.020834
-24.835876,-19.359419,7.062045
-24.824952,-19.352639,7.141281
-24.806018,-19.328003,7.229232
-24.807157,-19.303220,7.293975
-24.774145,-19.268797,7.367132
-24.775219,-19.282205,7.432410
-24.779372,-19.242926,7.532540
-24.768378,-19.231690,7.584828
-24.766701,-19.203017,7.660990
-24.738044,-19.167484,7.748993
-24.753344,-19.164541,7.805916
-24.728467,-19.131578,7.904760
-24.742318,-19.133038,7.985207
-24.720064,-19.090048,8.055553
-24.706631,-19.086957,8.124726
-24.715817,-19.050627,8.205704
-24.702046,-19.036377,8.264373
-24.688779,-19.010501,8.330238
-24.681740,-18.998007,8.409028
-24.664963,-18.963250,8.493262
-24.666528,-18.954664,8.569484
-24.662546,-18.934062,8.646193
-24.637640,-18.918801,8.702485
-24.641145,-18.884639,8.759771
-24.635140,-18.890193,8.871932
-24.588034,-18.847037,8.933071
-24.605046,-18.823496,9.008242
-24.599133,-18.811014,9.082563
-24.601357,-18.781405,9.153991
-24.570483,-18.767186,9.217161
-24.570446,-18.719936,9.314126
-24.560114,-18.713619,9.364053
-24.551066,-18.687808,9.445679
-24.519299,-18.674859,9.521839
-24.510167,-18.616157,9.594681
-24.530091,-18.620658,9.660424
-24.499254,-18.586367,9.728369
-24.487922,-18.568172,9.812076
-24.477206,-18.522346,9.884259
-24.460636,-18.517802,9.965480
-24.468678,-18.477206,10.039369
-24.453124,-18.445722,10.108115
-24.447258,-18.435463,10.183597
-24.421152,-18.412991,10.262309
-24.407377,-18.377631,10.339719
-24.392831,-18.342934,10.411495
-24.384933,-18.328642,10.465493
-24.375715,-18.312362,10.538322
-24.389747,-18.265995,10.614214
-24.344599,-18.242994,10.690978
-24.342025,-18.230760,10.756811
-24.339708,-18.204218,10.841301
-24.321219,-18.175657,10.921469
-24.305919,-18.145500,10.968587
-24.298419,-18.127645,11.058125
-24.294754,-18.089111,11.124391
-24.277501,-18.067388,11.200450
-24.269914,-18.030373,11.261352
-24.267446,-18.002738,11.340229
-24.231471,-17.970342,11.391759
-24.234667,-17.947920,11.473731
-24.222735,-17.938465,11.554461
-24.196091,-17.868131,11.621410
-24.195633,-17.858291,11.685763
-24.186264,-17.850716,11.766171
-24.172926,-17.824038,11.831697
-24.158323,-17.785882,11.898377
-24.145994,-17.745242,11.975655
-24.135366,-17.722341,12.023900
-24.107537,-17.696463,12.122407
-24.097964,-17.643634,12.188865
-24.077666,-17.625071,12.261484
-24.069590,-17.604204,12.325678
-24.056779,-17.570531,12.401779
-24.026041,-17.548480,12.480854
-24.023281,-17.514663,12.534939
-24.000242,-17.495366,12.622228
-23.977325,-17.469971,12.697328
-23.973727,-17.427889,12.739832
-23.976967,-17.367949,12.819759
-23.942264,-17.359276,12.884321
-23.933891,-17.313139,12.958277
-23.915544,-17.284784,13.038020
-23.901679,-17.251550,13.074803
-23.881271,-17.223466,13.171420
-23.875686,-17.188753,13.239959
-23.843436,-17.150107,13.302291
-23.843588,-17.141729,13.383285
-23.840862,-17.095463,13.449131
-23.804919,-17.072209,13.508786
-23.803486,-17.030941,13.578332
-23.777430,-17.000165,13.654738
-23.772079,-16.954961,13.724279
-23.738119,-16.927527,13.794311
-23.740879,-16.898192,13.852072
-23.724707,-16.885061,13.913181
-23.693150,-16.837910,14.002437
-23.678242,-16.780963,14.059564
-23.671108,-16.766525,14.120603
-23.649729,-16.739964,14.207428
-23.630550,-16.685265,14.253688
-23.617868,-16.665179,14.335650
-23.605298,-16.626220,14.410139
-23.574344,-16.578269,14.469228
-23.571388,-16.561740,14.539106
-23.555900,-16.508172,14.579340
-23.535555,-16.493624,14.676447
-23.513449,-16.445075,14.740546
-23.511970,-16.417737,14.810757
-23.503498,-16.359926,14.873369
-23.485180,-16.331848,14.926616
-23.455102,-16.308080,14.987189
-23.428731,-16.273800,15.040154
-23.432871,-16.248046,15.096349
-23.404156,-16.222297,15.143886
-23.398461,-16.198826,15.196107
-23.369937,-16.187915,15.260023
-23.377726,-16.152580,15.311281
-23.361191,-16.113437,15.338465
-23.349812,-16.103748,15.373472
-23.335540,-16.082183,15.414377
-23.312444,-16.063037,15.461134
-23.296995,-16.044339,15.482884
-23.307870,-16.011992,15.509883
-23.317398,-15.997390,15.550266
-23.288077,-15.979214,15.585166
-23.288823,-15.956098,15.603697
-23.268254,-15.938127,15.628837
-23.266946,-15.942174,15.670063
-23.256316,-15.904369,15.696410
-23.264807,-15.909538,15.726518
-23.247866,-15.868140,15.757981
-23.250758,-15.862083,15.775769
-23.240282,-15.836318,15.790912
-23.239297,-15.817543,15.808554
-23.229951,-15.809601,15.848866
-23.237348,-15.802059,15.862210
-23.197463,-15.779629,15.896198
-23.214755,-15.752182,15.908997
-23.188144,-15.738186,15.941285
-23.189235,-15.733305,15.961825
-23.201351,-15.737823,15.951690
-23.197130,-15.720388,15.998351
-23.192048,-15.675496,16.031654
-23.187649,-15.681425,16.043789
-23.184688,-15.645415,16.077786
-23.171496,-15.652877,16.087955
-23.187048,-15.633022,16.113338
-23.161808,-15.625065,16.114866
-23.162049,-15.610862,16.144723
-23.178760,-15.590766,16.162691
-23.159018,-15.578317,16.173261
-23.161340,-15.551496,16.199164
-23.152117,-15.573192,16.231902
-23.148962,-15.528487,16.226238
-23.131907,-15.517023,16.263131
-23.125010,-15.502128,16.279384
-23.139608,-15.495272,16.289289
-23.122932,-15.491911,16.303414
-23.125106,-15.473862,16.336641
-23.125463,-15.457417,16.358223
-23.135457,-15.457854,16.362863
-23.111890,-15.420037,16.372418
-23.113033,-15.429043,16.398869
-23.100534,-15.403814,16.423781
-23.113822,-15.401078,16.436073
-23.089136,-15.400856,16.443992
-23.103555,-15.379453,16.464866
-23.100893,-15.344507,16.485242
-23.095185,-15.326126,16.500281
-23.068340,-15.334354,16.513842
-23.085429,-15.320854,16.530155
-23.099744,-15.305710,16.537482
-23.080456,-15.305996,16.578735
-23.079120,-15.289890,16.581176
-23.067434,-15.259853,16.590023
-23.056986,-15.259873,16.609289
-23.054568,-15.255274,16.606412
-23.068591,-15.228456,16.643479
-23.065791,-15.205086,16.664148
-23.065274,-15.205215,16.684634
-23.046545,-15.195869,16.719861
-23.033669,-15.191696,16.696950
-23.047313,-15.182599,16.722694
-23.036490,-15.161428,16.723383
-23.040862,-15.161431,16.752901
-23.047650,-15.145233,16.757247
-23.033167,-15.127142,16.787181
-23.019880,-15.129348,16.782411
-23.011625,-15.105558,16.806510
-23.001319,-15.102683,16.828394
-23.015236,-15.081702,16.842475
-23.008946,-15.057806,16.875584
-22.993420,-15.052507,16.863158
-23.003939,-15.040592,16.902229
-23.016814,-15.030029,16.907069
-22.997021,-15.045004,16.927365
-22.985835,-15.022325,16.915146
-22.983379,-14.990598,16.949999
-22.993709,-15.013291,16.955876
-22.972735,-14.984528,16.949950
-22.981804,-14.974106,16.980613
-22.972115,-14.948901,17.017364
-22.976155,-14.947415,16.998623
-22.957232,-14.931356,17.029840
-22.973108,-14.923521,17.030922
-22.977523,-14.924379,17.065673
-22.969148,-14.900793,17.068339
-22.971716,-14.900230,17.078540
-22.952555,-14.878321,17.091859
-22.966127,-14.866213,17.116383
-22.942117,-14.858870,17.122100
-22.938255,-14.831839,17.114284
-22.957540,-14.853692,17.134515
-22.945555,-14.844961,17.149710
-22.947773,-14.828837,17.167390
-22.962146,-14.809076,17.173567
-22.939878,-14.820539,17.194050
-22.937452,-14.790194,17.212856
-22.942842,-14.791779,17.228235
-22.925011,-14.761903,17.239752
-22.922923,-14.760717,17.239445
-22.899403,-14.722731,17.271903
-22.940099,-14.752928,17.258846
-22.905224,-14.724195,17.280797
-22.924123,-14.730784,17.295880
-22.916471,-14.708931,17.293896
-22.919308,-14.712332,17.312192
-22.908482,-14.692228,17.317756
-22.900179,-14.679152,17.313801
-22.884953,-14.665109,17.363211
-22.893854,-14.668576,17.363944
-22.898487,-14.663399,17.387067
-22.896473,-14.675062,17.380747
-22.891924,-14.618340,17.388851
-22.879412,-14.624062,17.404642
-22.880489,-14.627204,17.421492
-22.879417,-14.598689,17.424822
-22.885779,-14.611847,17.430727
-22.900215,-14.597241,17.451040
-22.872602,-14.564772,17.464245
-22.878974,-14.566451,17.476566
-22.868539,-14.569923,17.481986
-22.861046,-14.554551,17.492890
-22.864085,-14.555106,17.501151
-22.875184,-14.528279,17.506117
-22.863756,-14.520474,17.527945
-22.853529,-14.502492,17.537681
-22.865205,-14.504424,17.558650
-22.850753,-14.506655,17.539450
-22.859357,-14.483727,17.558855
-22.865017,-14.472374,17.566715
-22.840871,-14.452242,17.584745
-22.838031,-14.465291,17.597035
-22.835064,-14.472410,17.607516
-22.841219,-14.468655,17.614141
-22.844574,-14.443309,17.617215
-22.831961,-14.441889,17.623516
-22.835216,-14.420965,17.649620
-22.825326,-14.428877,17.662930
-22.836261,-14.407803,17.653992
-22.847570,-14.407040,17.658245
-22.808375,-14.376707,17.678672
-22.844637,-14.381980,17.693389
-22.823415,-14.380419,17.700248
-22.827861,-14.358976,17.702367
-22.828769,-14.377377,17.728481
-22.809425,-14.341999,17.722407
-22.810243,-14.344555,17.742395
-22.806872,-14.322547,17.755830
-22.803144,-14.326630,17.764767
-22.807345,-14.311232,17.760291
-22.793654,-14.325827,17.770364
-22.800696,-14.297260,17.793489
-22.794541,-14.284279,17.804528
-22.794336,-14.299818,17.810684
-22.779580,-14.253207,17.825852
-22.784093,-14.264608,17.844413
-22.768304,-14.290518,17.834790
-22.777667,-14.249946,17.830677
-22.783487,-14.254941,17.861169
-22.778756,-14.270286,17.862901
-22.784222,-14.243450,17.867077
-22.776367,-14.233467,17.892216
-22.785345,-14.219753,17.878227
-22.782949,-14.201895,17.888076
-22.766861,-14.208553,17.904317
-22.774496,-14.204282,17.908162
-22.763716,-14.187377,17.916272
-22.750573,-14.181374,17.922603
-22.775910,-14.165677,17.934741
-22.763194,-14.186382,17.932432
-22.757043,-14.142158,17.953319
-22.767775,-14.150150,17.951943
-22.742355,-14.147599,17.979594
-22.753649,-14.125811,17.980925
-22.753907,-14.145671,18.005696
-22.752275,-14.125637,17.992306
-22.760015,-14.113789,17.989845
-22.744695,-14.117898,18.014693
-22.741278,-14.112414,18.015412
-22.742747,-14.086848,18.045449
-22.752932,-14.092654,18.021414
-22.740261,-14.075377,18.041195
-22.750586,-14.076024,18.033892
-22.731404,-14.079483,18.063235
-22.726639,-14.077754,18.059682
-22.730975,-14.061602,18.074891
-22.714467,-14.058731,18.074198
-22.723836,-14.042657,18.092596
-22.727937,-14.028028,18.079707
-22.717985,-14.036031,18.108382
-22.734892,-14.034268,18.096865
-22.723284,-14.030956,18.111731
-22.735095,-14.018909,18.134317
-22.709374,-13.995615,18.129171
-22.716868,-13.995431,18.144047
-22.729231,-13.999715,18.134581
-22.700954,-13.996403,18.138010
-22.720946,-13.983862,18.156002
-22.701282,-13.977683,18.158524
-22.703773,-13.979010,18.166367
-22.725707,-13.970030,18.177575
-22.699314,-13.976480,18.185815
-22.704298,-13.970282,18.198345
-22.696853,-13.943971,18.199698
-22.700006,-13.947783,18.185463
-22.686528,-13.941783,18.214377
-22.685607,-13.926575,18.207369
-22.687911,-13.932241,18.231776
-22.697173,-13.921008,18.243501
-22.693129,-13.905764,18.231832
-22.679434,-13.905503,18.252334
-22.682092,-13.902695,18.247500
-22.675170,-13.886450,18.279650
-22.697710,-13.875716,18.261841
-22.686421,-13.881502,18.268302
-22.667735,-13.868181,18.274398
-22.675073,-13.872201,18.271442
-22.660304,-13.881956,18.306742
-22.665614,-13.859284,18.304761
-22.659249,-13.855623,18.311987
-22.676889,-13.817434,18.318761
-22.674521,-13.828024,18.324321
-22.671465,-13.845964,18.310731
-22.666020,-13.824829,18.336591
-22.651483,-13.819626,18.333461
-22.662926,-13.826950,18.335401
-22.668446,-13.822979,18.349882
-22.678971,-13.816784,18.360134
-22.673714,-13.796423,18.359770
-22.667945,-13.782709,18.376397
-22.665666,-13.789529,18.365338
-22.658828,-13.775534,18.385878
-22.653808,-13.772474,18.384310
-22.659648,-13.779315,18.388539
-22.642091,-13.762928,18.392045
-22.646875,-13.775606,18.387520
-22.670604,-13.746765,18.408570
-22.651391,-13.761002,18.398684
-22.655496,-13.767085,18.409027
-22.653870,-13.757216,18.400703
-22.633765,-13.747584,18.431926
-22.649170,-13.721305,18.421720
-22.640402,-13.725372,18.432497
-22.628620,-13.723883,18.438532
-22.669553,-13.699428,18.454210
-22.638752,-13.702604,18.435987
-22.611750,-13.728049,18.443783
-22.628068,-13.716766,18.458328
-22.623741,-13.683383,18.448797
-22.634264,-13.714203,18.469715
-22.608885,-13.692915,18.465564
-22.642460,-13.671148,18.482360
-22.624134,-13.680993,18.489561
-22.606645,-13.686819,18.482057
-22.638780,-13.673019,18.487412
-22.630227,-13.654458,18.490386
-22.623251,-13.643500,18.500036
-22.630014,-13.656174,18.503230
-22.612562,-13.669868,18.504792
-22.607654,-13.656825,18.528219
-22.619138,-13.650498,18.539352
-22.592498,-13.637595,18.527784
-22.622979,-13.606005,18.534075
-22.634954,-13.642943,18.534188
-22.613732,-13.637914,18.554058
-22.608780,-13.615714,18.541809
-22.616940,-13.606469,18.537953
-22.618809,-13.603413,18.555342
-22.602078,-13.607602,18.578078
-22.599226,-13.580727,18.558813
-22.595750,-13.600303,18.566566
-22.598228,-13.594065,18.571770
-22.596245,-13.603224,18.579528
-22.585506,-13.584774,18.590099
-22.582092,-13.587780,18.575445
-22.617553,-13.576848,18.579965
-22.599336,-13.565539,18.601185
-22.596635,-13.558056,18.592921
-22.581741,-13.549258,18.627276
-22.580277,-13.554599,18.599928
-22.591342,-13.531707,18.607731
-22.579507,-13.552571,18.633711
-22.600758,-13.540509,18.634983
-22.599902,-13.535186,18.642631
-22.577144,-13.535268,18.636588
-22.582491,-13.518184,18.640137
-22.583556,-13.534026,18.656026
-22.587570,-13.527455,18.655784
-22.600212,-13.522566,18.652025
-22.570072,-13.527185,18.657210
-22.575224,-13.509702,18.664148
-22.573466,-13.526134,18.658028
-22.570088,-13.494888,18.670245
-22.584184,-13.504178,18.671060
-22.577031,-13.503926,18.678152
-22.583736,-13.491210,18.675385
-22.556219,-13.497349,18.681344
-22.575321,-13.491594,18.692731
-22.573709,-13.484513,18.685254
-22.564006,-13.488273,18.707068
-22.563832,-13.485527,18.703004
-22.569135,-13.463324,18.694781
-22.560357,-13.493511,18.734044
-22.577037,-13.457850,18.717218
-22.570987,-13.446269,18.716442
-22.565427,-13.467302,18.723530
-22.576204,-13.443550,18.730582
-22.556988,-13.441153,18.716887
-22.573600,-13.443301,18.720437
-22.560745,-13.436135,18.727942
-22.544244,-13.436719,18.742288
-22.560824,-13.447701,18.750362
-22.559135,-13.430557,18.750549
-22.557882,-13.427129,18.772823
-22.557245,-13.424424,18.753883
-22.559221,-13.428109,18.760277
-22.547184,-13.417743,18.775023
-22.550634,-13.422581,18.772088
-22.554925,-13.406275,18.773462
-22.557232,-13.416695,18.781767
-22.548765,-13.408019,18.784653
-22.557354,-13.397017,18.783799
-22.557052,-13.400339,18.771604
-22.543402,-13.387564,18.775395
-22.555035,-13.374801,18.808057
-22.523625,-13.395737,18.800609
-22.542867,-13.368796,18.792056
-22.534587,-13.382158,18.794585
-22.541768,-13.372213,18.803093
-22.530608,-13.390239,18.810049
-22.552092,-13.367555,18.812906
-22.526492,-13.371060,18.813577
-22.539639,-13.357989,18.825936
-22.522200,-13.362141,18.820253
-22.534356,-13.349364,18.828220
-22.531322,-13.367378,18.827918
-22.538946,-13.345872,18.814057
-22.537624,-13.323879,18.834079
-22.541275,-13.364257,18.855261
-22.534160,-13.348840,18.831053
-22.526075,-13.340292,18.862571
-22.528941,-13.347171,18.852798
-22.522190,-13.309532,18.843100
-22.522772,-13.360709,18.852426
-22.534536,-13.337011,18.858257
-22.533649,-13.326016,18.854450
-22.536694,-13.333004,18.853108
-22.537370,-13.321244,18.855153
-22.544892,-13.310605,18.872961
-22.543687,-13.299077,18.886628
-22.532586,-13.304272,18.874399
-22.535007,-13.308296,18.900677
-22.519827,-13.305400,18.870904
-22.520275,-13.309576,18.876199
-22.536712,-13.293548,18.908264
-22.517366,-13.285678,18.890357
-22.514102,-13.282983,18.902167
-22.506933,-13.282503,18.892236
-22.524537,-13.277626,18.904167
-22.521447,-13.277655,18.884405
-22.533208,-13.279537,18.894864
-22.518788,-13.291698,18.913244
-22.501515,-13.283785,18.923719
-22.498812,-13.276514,18.901119
-22.510929,-13.277926,18.917166
-22.504169,-13.252045,18.924400
-22.503936,-13.279435,18.920062
-22.520056,-13.252825,18.915206
-22.502256,-13.258031,18.918985
-22.521461,-13.244515,18.934595
-22.509401,-13.235700,18.933052
-22.495765,-13.249617,18.938995
-22.515740,-13.267422,18.945055
-22.503606,-13.238838,18.942559
-22.507504,-13.235620,18.955819
-22.519881,-13.232126,18.951462
-22.489754,-13.241097,18.951758
-22.523248,-13.226808,18.944595
-22.513117,-13.229810,18.952908
-22.497025,-13.220707,18.940544
-22.518658,-13.237137,18.957495
-22.495599,-13.225089,18.962990
-22.509117,-13.223669,18.948277
-22.528716,-13.219481,18.951111
-22.495109,-13.228314,18.971832
-22.495422,-13.236880,18.969308
-22.504222,-13.217523,18.971317
-22.509210,-13.191802,18.969874
-22.491289,-13.193740,18.992504
-22.492545,-13.209796,19.003137
-22.487250,-13.218035,18.976560
-22.486137,-13.209284,18.975664
-22.505129,-13.200106,18.987762
-22.510353,-13.186426,19.002844
-22.486035,-13.183844,19.006714
-22.500864,-13.207967,19.009492
-22.471342,-13.186490,18.990937
-22.484056,-13.191784,19.024828
-22.487506,-13.192203,19.005295
-22.509679,-13.180008,19.015743
-22.504290,-13.172915,19.021242
-22.487034,-13.180287,18.996379
-22.493483,-13.166940,18.997415
-22.490762,-13.182628,19.021791
-22.486254,-13.153022,19.025145
-22.491970,-13.159681,19.020186
-22.467273,-13.173458,18.999494
-22.491307,-13.170877,19.023724
-22.500626,-13.152705,19.014281
-22.484315,-13.163184,19.019450
-22.479996,-13.154801,19.034624
-22.477223,-13.141453,19.032489
-22.481406,-13.156841,19.026086
-22.480964,-13.144653,19.033594
-22.472264,-13.158894,19.038644
-22.492676,-13.138886,19.055231
-22.506933,-13.146429,19.056727
-22.507336,-13.127551,19.058197
-22.475276,-13.117052,19.044512
-22.474233,-13.143342,19.039820
-22.466644,-13.133872,19.047304
-22.471466,-13.152864,19.052973
-22.477174,-13.131855,19.060796
-22.465648,-13.136673,19.062733
-22.495475,-13.129737,19.039000
-22.478175,-13.126950,19.059717
-22.458923,-13.123506,19.058507
-22.467385,-13.124060,19.062018
-22.470866,-13.110773,19.064465
-22.479157,-13.136358,19.074469
-22.474290,-13.119795,19.083785
-22.465149,-13.099032,19.077776
-22.456155,-13.127753,19.072521
-22.461519,-13.103998,19.074668
-22.473138,-13.109362,19.074553
-22.453532,-13.108506,19.061605
-22.466054,-13.108242,19.072995
-22.492359,-13.100667,19.086302
-22.489623,-13.104470,19.094147
-22.477502,-13.099703,19.098109
-22.467408,-13.096850,19.084895
-22.454303,-13.100295,19.087596
-22.462671,-13.108610,19.090247
-22.466768,-13.077227,19.089708
-22.477217,-13.098641,19.102009
-22.448202,-13.089455,19.112943
-22.473982,-13.093004,19.101379
-22.456514,-13.090128,19.107985
-22.449121,-13.075658,19.090770
-22.469609,-13.077288,19.111816
-22.460468,-13.078877,19.121357
-22.471136,-13.081953,19.122456
-22.458285,-13.093348,19.120915
-22.469544,-13.079409,19.119265
-22.465916,-13.088507,19.130375
-22.467744,-13.086678,19.101258
-22.473662,-13.048782,19.099641
-22.465765,-13.063582,19.123349
-22.467110,-13.060504,19.122400
-22.458900,-13.073875,19.115918
-22.464764,-13.047817,19.132377
-22.461452,-13.052280,19.131785
-22.474026,-13.057905,19.134156
-22.466207,-13.047709,19.133812
-22.461733,-13.077040,19.147903
-22.446637,-13.075013,19.130486
-22.450773,-13.052752,19.142833
-22.443152,-13.034007,19.139673
-22.449886,-13.063805,19.138211
-22.457902,-13.052547,19.156133
-22.444489,-13.037228,19.130081
-22.442994,-13.052972,19.155772
-22.460062,-13.050698,19.147577
-22.455677,-13.036669,19.144719
-22.457025,-13.048079,19.156133
-22.470105,-13.043046,19.159645
-22.441548,-13.020231,19.140782
-22.419221,-13.030262,19.144691
-22.468115,-13.033921,19.152581
-22.439567,-13.025850,19.156434
-22.440978,-13.054440,19.169702
-22.429056,-13.026486,19.164279
-22.448872,-13.035805,19.164738
-22.447646,-13.033698,19.179330
-22.436080,-13.044532,19.153574
-22.461903,-13.039366,19.169420
-22.451759,-13.020703,19.163802
-22.417643,-13.022742,19.175315
-22.461062,-12.998679,19.155840
-22.453670,-13.022112,19.160211
-22.435750,-13.014965,19.166433
-22.437336,-13.010516,19.167114
-22.450376,-13.012180,19.167389
-22.446121,-13.018391,19.174762
-22.455649,-13.008215,19.162419
-22.446882,-13.011844,19.172132
-22.449559,-13.016779,19.187061
-22.420194,-13.025741,19.177530
-22.433156,-13.002980,19.180571
-22.428218,-12.997439,19.183500
-22.436228,-13.014186,19.208265
-22.451842,-13.003348,19.214723
-22.425778,-12.983784,19.197592
-22.438620,-13.009342,19.191287
-22.445866,-13.002740,19.199619
-22.426022,-13.003409,19.203876
-22.442821,-12.983403,19.200049
-22.419630,-12.995830,19.192899
-22.429305,-13.002981,19.193154
-22.456165,-13.006680,19.197568
-22.432198,-12.981480,19.187174
-22.433839,-12.991946,19.211167
-22.435954,-12.988217,19.199129
-22.450547,-12.990846,19.194964
-22.446786,-12.980730,19.199225
-22.419521,-12.992817,19.212840
-22.426544,-12.979486,19.209089
-22.448000,-12.970694,19.193736
-22.447224,-12.976469,19.221809
-22.432573,-12.991968,19.203301
-22.440254,-12.973122,19.217718
-22.444400,-12.989749,19.237044
-22.430614,-12.980063,19.212139
-22.442349,-12.965866,19.211062
-22.440168,-12.954613,19.214373
-22.438412,-12.979107,19.233297
-22.425092,-12.967375,19.225503
-22.430450,-12.966350,19.208365
-22.421072,-12.966646,19.226574
-22.416468,-12.986356,19.225648
-22.432876,-12.958459,19.231840
-22.410020,-12.972957,19.219762
-22.439781,-12.962509,19.240107
-22.416450,-12.959685,19.232480
-22.425255,-12.963822,19.246427
-22.435905,-12.947606,19.234970
-22.431389,-12.950286,19.226822
-22.416577,-12.975682,19.237220
-22.422855,-12.968607,19.245653
-22.443009,-12.949772,19.240255
-22.419410,-12.944319,19.227861
-22.424289,-12.941848,19.226515
-22.411636,-12.944668,19.235278
-22.425524,-12.956400,19.261006
-22.427264,-12.966175,19.240607
-22.432681,-12.948714,19.248793
-22.432750,-12.963520,19.253575
-22.406385,-12.949598,19.239649
-22.431623,-12.952290,19.232252
-22.409419,-12.929542,19.236365
-22.416632,-12.937648,19.256304
-22.418273,-12.944917,19.244322
-22.425243,-12.924189,19.245809
-22.421721,-12.941113,19.271465
-22.432117,-12.941669,19.240291
-22.424513,-12.943716,19.226480
-22.416150,-12.927509,19.254807
-22.436247,-12.933199,19.262014
-22.413269,-12.964099,19.250163
-22.423672,-12.942001,19.238634
-22.420357,-12.926325,19.255797
-22.416949,-12.916416,19.267632
-22.423470,-12.934490,19.256247
-22.422225,-12.938025,19.260748
-22.413151,-12.941631,19.264408
-22.407504,-12.928131,19.283745
-22.428912,-12.933044,19.260467
-22.427287,-12.944902,19.252159
-22.424246,-12.931755,19.274276
-22.411685,-12.930456,19.264935
-22.410685,-12.928641,19.269620
-22.422560,-12.921836,19.268075
-22.414366,-12.929223,19.268848
-22.403967,-12.909733,19.276329
-22.411383,-12.918584,19.288547
-22.427518,-12.902809,19.274821
-22.433175,-12.926681,19.249212
-22.430196,-12.913012,19.266453
-22.417282,-12.933544,19.263425
-22.422792,-12.907407,19.288210
-22.422563,-12.917515,19.276779
-22.420735,-12.905297,19.283266
-22.422023,-12.906067,19.265615
-22.421160,-12.924452,19.280488
-22.419692,-12.912060,19.278113
-22.410729,-12.911925,19.274921
-22.396688,-12.928715,19.277469
-22.420323,-12.907840,19.291071
-22.409290,-12.909869,19.292577
-22.422890,-12.906878,19.305531
-22.414123,-12.912595,19.285432
-22.418426,-12.894491,19.274082
-22.410908,-12.896897,19.291356
-22.416573,-12.900077,19.289971
-22.443739,-12.890973,19.277327
-22.398941,-12.896654,19.275616
-22.407815,-12.913719,19.281998
-22.413214,-12.895880,19.264924
-22.413985,-12.904125,19.297223
-22.395360,-12.921213,19.290811
-22.418189,-12.894477,19.273878
-22.416409,-12.895643,19.280615
-22.420174,-12.880730,19.298996
-22.418956,-12.888018,19.292452
-22.409728,-12.902115,19.301853
-22.399708,-12.886544,19.300699
-22.403072,-12.886112,19.286840
-22.416974,-12.897930,19.300665
-22.395513,-12.895921,19.310655
-22.420575,-12.887441,19.297832
-22.405614,-12.907149,19.314430
-22.411552,-12.887715,19.299503
-22.413400,-12.886829,19.301826
-22.406637,-12.875064,19.297791
-22.413337,-12.887206,19.300171
-22.425621,-12.895006,19.286238
-22.400693,-12.892469,19.315762
-22.408068,-12.891753,19.297406
-22.398234,-12.874438,19.318055
-22.408751,-12.888518,19.313862
-22.408073,-12.875259,19.317786
-22.418206,-12.878983,19.299586
-22.433151,-12.885212,19.310904
-22.415992,-12.872929,19.278058
-22.406361,-12.861692,19.315664
-22.405979,-12.869217,19.294770
-22.413723,-12.884973,19.308772
-22.412809,-12.878174,19.316401
-22.404391,-12.872253,19.331637
-22.389452,-12.867937,19.316382
-22.395481,-12.870890,19.300543
-22.401931,-12.871148,19.316812
-22.412953,-12.878793,19.310908
-22.406943,-12.870356,19.321870
-22.417711,-12.863336,19.293450
-22.403148,-12.875989,19.318081
-22.406915,-12.871705,19.304402
-22.418065,-12.891658,19.301743
-22.417155,-12.891386,19.332840
-22.389439,-12.883112,19.336215
-22.405127,-12.875473,19.309098
-22.397632,-12.878718,19.324868
-22.408202,-12.876852,19.329530
-22.399923,-12.875711,19.326306
-22.391874,-12.858298,19.320235
-22.398164,-12.866207,19.321116
-22.411009,-12.873930,19.326413
-22.386298,-12.882257,19.308759
-22.401022,-12.859668,19.336253
-22.407669,-12.862716,19.338075
-22.403167,-12.874595,19.324909
-22.411455,-12.850505,19.318659
-22.400610,-12.865915,19.325211
-22.388772,-12.861425,19.313318
-22.403355,-12.867635,19.324464
-22.404721,-12.854937,19.320668
-22.398538,-12.867243,19.353166
-22.422064,-12.856478,19.325557
-22.395816,-12.850286,19.334062
-22.401914,-12.852400,19.319333
-22.397204,-12.865766,19.322578
-22.402509,-12.847172,19.335040
-22.400871,-12.853497,19.327327
-22.399662,-12.874149,19.335217
-22.399912,-12.858629,19.333531
-22.407095,-12.855190,19.325606
-22.413006,-12.843744,19.327232
-22.406626,-12.851419,19.334321
-22.397069,-12.864792,19.328248
-22.403153,-12.842934,19.343742
-22.391814,-12.852634,19.327639
-22.416847,-12.850880,19.353038
-22.411268,-12.851080,19.331707
-22.415821,-12.839458,19.354172
-22.403620,-12.833973,19.323140
-22.384523,-12.861022,19.354921
-22.395969,-12.852390,19.353134
-22.387571,-12.855523,19.336249
-22.394998,-12.865192,19.317974
-22.389296,-12.843099,19.332362
-22.398434,-12.850263,19.345782
-22.395877,-12.836845,19.360302
-22.390556,-12.837593,19.347831
-22.384565,-12.860741,19.347565
-22.418484,-12.842050,19.349176
-22.390075,-12.841852,19.339793
-22.397220,-12.853673,19.367715
-22.386787,-12.837609,19.325413
-22.413162,-12.845366,19.342156
-22.400009,-12.818437,19.351911
-22.393794,-12.840453,19.360894
-22.394846,-12.838974,19.348707
-22.399556,-12.849775,19.351525
-22.390423,-12.837182,19.356718
-22.379341,-12.836010,19.350221
-22.393611,-12.862264,19.342046
-22.405045,-12.828612,19.367137
-22.388382,-12.831322,19.346184
-22.404465,-12.867317,19.351688
-22.395425,-12.820089,19.361813
-22.398735,-12.831722,19.341435
-22.393591,-12.848257,19.351029
-22.378858,-12.827339,19.352944
-22.409716,-12.836337,19.373331
-22.390707,-12.830807,19.353007
-22.385178,-12.838407,19.357390
-22.383984,-12.825825,19.325790
-22.371549,-12.850422,19.370500
-22.391234,-12.815921,19.361541
-22.375615,-12.832783,19.340181
-22.383044,-12.833667,19.340764
-22.405915,-12.831736,19.367766
-22.384544,-12.832241,19.346461
-22.401962,-12.818700,19.360193
-22.399732,-12.820460,19.359635
-22.372816,-12.820533,19.351437
-22.397687,-12.840681,19.358290
-22.398772,-12.842619,19.357903
-22.381653,-12.822289,19.373417
-22.388215,-12.827330,19.352190
-22.393418,-12.820897,19.366016
-22.403205,-12.831277,19.359594
-22.395012,-12.843101,19.352837
-22.374518,-12.842638,19.354455
-22.382557,-12.834108,19.358824
-22.395069,-12.829371,19.340403
-22.378288,-12.825791,19.358525
-22.378094,-12.821019,19.356496
-22.382076,-12.809868,19.371150
-22.395411,-12.830161,19.375403
-22.399552,-12.825184,19.345279
-22.401922,-12.810511,19.355586
-22.392878,-12.827800,19.367202
-22.380394,-12.825253,19.359343
-22.394875,-12.821697,19.357193
-22.394537,-12.817333,19.361422
-22.396534,-12.822300,19.358630
-22.398344,-12.812883,19.384534
-22.399518,-12.830126,19.363984
-22.389880,-12.820639,19.352603
-22.383384,-12.825031,19.356648
-22.386662,-12.810847,19.366998
-22.397601,-12.805911,19.362550
-22.376515,-12.803158,19.359090
-22.401673,-12.823994,19.370216
-22.378993,-12.827701,19.376370
-22.392760,-12.801249,19.380875
-22.394222,-12.820777,19.350261
-22.389787,-12.802705,19.372673
-22.402711,-12.819291,19.374381
-22.407277,-12.832881,19.394969
-22.391401,-12.825236,19.366193
-22.399352,-12.818154,19.386455
-22.388199,-12.811403,19.363543
-22.381292,-12.817831,19.384045
-22.397888,-12.819008,19.383423
-22.395200,-12.818522,19.368178
-22.398308,-12.802571,19.382700
-22.377420,-12.813460,19.378918
-22.393544,-12.814164,19.372315
-22.382697,-12.805177,19.385607
-22.402833,-12.813670,19.390694
-22.388613,-12.800500,19.370413
-22.377011,-12.809359,19.376922
-22.387867,-12.810630,19.372290
-22.391126,-12.785641,19.377452
-22.379183,-12.806928,19.376184
-22.376852,-12.813087,19.370345
-22.388236,-12.819751,19.378519
-22.387444,-12.821622,19.380243
-22.379259,-12.828257,19.384000
-22.388153,-12.801051,19.357838
-22.387884,-12.829371,19.381685
-22.384293,-12.821264,19.391881
-22.387178,-12.787256,19.389220
-22.399780,-12.806818,19.391040
-22.394447,-12.808749,19.375110
-22.385903,-12.807262,19.379542
-22.378676,-12.788103,19.377795
-22.393750,-12.812436,19.369860
-22.373338,-12.810837,19.381844
-22.383941,-12.808945,19.377685
-22.375845,-12.805880,19.387772
-22.393152,-12.795881,19.380025
-22.379084,-12.813051,19.380800
-22.393269,-12.794769,19.383233
-22.391396,-12.785332,19.388792
-22.377089,-12.802156,19.389144
-22.379997,-12.803920,19.391929
-22.386549,-12.795064,19.400353
-22.394566,-12.805026,19.378781
-22.378423,-12.803605,19.376833
-22.383992,-12.801251,19.391506
-22.390305,-12.797517,19.386378
-22.377895,-12.817213,19.385514
-22.380318,-12.800642,19.397069
-22.389005,-12.829107,19.385551
-22.416425,-12.811466,19.397251
-22.387708,-12.802263,19.380222
-22.399397,-12.786807,19.385801
-22.382393,-12.788281,19.386648
-22.377668,-12.799700,19.376757
-22.383512,-12.805078,19.394154
-22.374459,-12.792832,19.383736
-22.385013,-12.793745,19.381587
-22.383675,-12.787737,19.388393
-22.387700,-12.792306,19.387994
-22.375837,-12.810408,19.367417
-22.378771,-12.812463,19.412879
-22.383669,-12.805973,19.388002
-22.381428,-12.787297,19.389200
-22.382575,-12.780701,19.389580
-22.391406,-12.780257,19.406461
-22.387480,-12.790624,19.397839
-22.375066,-12.790146,19.395862
-22.376287,-12.786611,19.401152
-22.382382,-12.802180,19.399582
-22.380923,-12.815701,19.391161
-22.375571,-12.795872,19.381201
-22.401526,-12.799755,19.395448
-22.382255,-12.783749,19.398649
-22.380006,-12.792412,19.381120
-22.402476,-12.819642,19.398022
-22.382670,-12.797091,19.396785
-22.370410,-12.807614,19.408072
-22.381922,-12.807374,19.388546
-22.399170,-12.784297,19.388219
-22.377782,-12.781498,19.391090
-22.379613,-12.797345,19.402646
-22.409739,-12.785239,19.395450
-22.382967,-12.768253,19.405284
-22.380775,-12.804528,19.402541
-22.387049,-12.794369,19.386257
-22.380526,-12.794825,19.398356
-22.379930,-12.787821,19.382976
-22.386645,-12.784030,19.407469
-22.388010,-12.795599,19.387979
-22.379742,-12.778925,19.384157
-22.377882,-12.804353,19.388837
-22.380195,-12.800152,19.396095
-22.363025,-12.786868,19.390784
-22.381454,-12.795655,19.412949
-22.379144,-12.784841,19.408549
-22.371465,-12.781874,19.410597
-22.395083,-12.790029,19.402093
-22.390283,-12.781076,19.395681
-22.366820,-12.794826,19.404639
-22.369628,-12.780771,19.394083
-22.388496,-12.792816,19.412185
-22.365559,-12.800846,19.383254
-22.388628,-12.782785,19.390512
-22.394074,-12.796394,19.418409
-22.381253,-12.775435,19.391559
-22.375556,-12.804960,19.397946
-22.382366,-12.801848,19.420673
-22.373123,-12.776829,19.406909
-22.379158,-12.780779,19.400509
-22.371762,-12.784840,19.417420
-22.388466,-12.772895,19.416782
-22.374041,-12.775899,19.403162
-22.383149,-12.779078,19.407837
-22.379562,-12.779331,19.400225
-22.373642,-12.785101,19.400617
-22.382990,-12.788132,19.397018
-22.376001,-12.763886,19.397228
-22.379444,-12.784084,19.398799
-22.388935,-12.778054,19.424193
-22.377815,-12.775383,19.416358
-22.374302,-12.782609,19.397293
-22.387618,-12.774372,19.393940
-22.379325,-12.775744,19.411948
-22.375624,-12.799369,19.408969
-22.381067,-12.794427,19.402695
-22.362816,-12.775579,19.408600
-22.366876,-12.783001,19.419192
-22.388634,-12.792082,19.407820
-22.370411,-12.790015,19.405919
-22.364790,-12.769109,19.409437
-22.377656,-12.788090,19.395252
-22.395235,-12.777881,19.400334
-22.376202,-12.782267,19.426119
-22.389831,-12.767118,19.392605
-22.383862,-12.782165,19.410911
-22.384156,-12.772727,19.411905
-22.377482,-12.777729,19.408061
-22.375225,-12.787557,19.403722
-22.384593,-12.775424,19.416539
-22.369915,-12.771285,19.402775
-22.388300,-12.782461,19.393952
-22.385713,-12.764910,19.405315
-22.380726,-12.781482,19.405631
-22.360743,-12.773377,19.400449
-22.393200,-12.785205,19.412184
-22.357858,-12.787932,19.408912
-22.363057,-12.779587,19.423383
-22.379199,-12.760138,19.396201
-22.395340,-12.790333,19.407956
-22.381971,-12.780277,19.404855
-22.370228,-12.758223,19.393007
-22.375445,-12.787980,19.400434
-22.387455,-12.787103,19.398263
-22.375735,-12.785556,19.410532
-22.360158,-12.790395,19.396632
-22.383204,-12.770032,19.428712
-22.381476,-12.772726,19.419877
-22.361910,-12.785507,19.402402
-22.380923,-12.797265,19.402140
-22.382101,-12.781403,19.409929
-22.379076,-12.763767,19.422463
-22.381752,-12.752113,19.419911
-22.372143,-12.789729,19.411081
-22.378944,-12.792812,19.409321
-22.365491,-12.791796,19.381791
-22.374032,-12.765517,19.417936
-22.369910,-12.764507,19.406823
-22.375932,-12.757675,19.419805
-22.383083,-12.772083,19.413492
-22.355490,-12.775785,19.422819
-22.374069,-12.773529,19.394530
-22.374965,-12.782476,19.400951
-22.374473,-12.781586,19.433325
-22.371176,-12.760167,19.400517
-22.387112,-12.773928,19.411647
-22.373618,-12.780028,19.410177
-22.372382,-12.767858,19.416742
-22.377887,-12.769846,19.411241
-22.378361,-12.773454,19.401849
-22.368914,-12.768260,19.421630
-22.358608,-12.771996,19.400196
-22.390645,-12.769961,19.410877
-22.385663,-12.777905,19.411556
-22.369528,-12.761790,19.407184
-22.367431,-12.778114,19.411055
-22.397890,-12.778242,19.413031
-22.379498,-12.775780,19.423254
-22.373216,-12.782183,19.408100
-22.385918,-12.782143,19.428185
-22.378012,-12.766687,19.408909
-22.382823,-12.763148,19.403222
-22.364990,-12.765981,19.413806
-22.356325,-12.784712,19.419044
-22.383058,-12.775420,19.408787
-22.375926,-12.769653,19.409429
-22.369323,-12.778009,19.434079
-22.378184,-12.762645,19.416696
-22.373832,-12.768586,19.428124
-22.372928,-12.774417,19.431454
-22.386634,-12.790821,19.408569
-22.361921,-12.761221,19.410804
-22.362902,-12.774163,19.416229
-22.381314,-12.774856,19.430794
-22.363249,-12.779464,19.431494
-22.367358,-12.755586,19.420540
-22.357180,-12.750488,19.423497
-22.387619,-12.768892,19.422316
-22.378767,-12.772270,19.415164
-22.376405,-12.762243,19.420134
-22.367028,-12.747394,19.425090
-22.377309,-12.774371,19.425753
-22.372111,-12.759119,19.418650
-22.375203,-12.767246,19.403377
-22.385837,-12.774084,19.413638
-22.379828,-12.774763,19.417663
-22.385335,-12.736519,19.415032
-22.356641,-12.755471,19.398284
-22.377325,-12.753148,19.409034
-22.375804,-12.766071,19.412626
-22.366684,-12.779875,19.415649
-22.377813,-12.751203,19.441799
-22.388558,-12.769148,19.409331
-22.372693,-12.759847,19.423460
-22.369966,-12.790845,19.418167
-22.377272,-12.776663,19.429284
-22.386925,-12.776420,19.399735
-22.373747,-12.781266,19.418463
-22.387304,-12.765330,19.418118
-22.372184,-12.760865,19.424906
-22.368546,-12.770393,19.421679
-22.384909,-12.772117,19.428832
-22.371249,-12.754564,19.406221
-22.384070,-12.783568,19.424693
-22.373286,-12.780443,19.430779
-22.365429,-12.766373,19.423470
-22.375517,-12.778236,19.408941
-22.366271,-12.776314,19.414764
-22.371103,-12.753982,19.421642
-22.353752,-12.774779,19.418445
-22.393372,-12.772476,19.429365
-22.386476,-12.774978,19.422130
-22.381116,-12.777464,19.429049
-22.380534,-12.756384,19.430488
-22.392141,-12.761824,19.427383
-22.372101,-12.786045,19.417224
-22.368248,-12.764547,19.419925
-22.383656,-12.777855,19.404916
-22.371296,-12.754650,19.425924
-22.366584,-12.763896,19.423420
-22.380745,-12.735787,19.429821
-22.378567,-12.775446,19.409468
-22.396860,-12.759761,19.430219
-22.379476,-12.768211,19.422783
-22.376817,-12.759097,19.415618
-22.374240,-12.772196,19.415998
-22.398155,-12.768425,19.423489
-22.379575,-12.773412,19.411594
-22.357994,-12.769069,19.427840
-22.374222,-12.748768,19.417417
-22.376673,-12.772243,19.420854
-22.359458,-12.767328,19.433270
-22.383123,-12.767624,19.432974
-22.381367,-12.768591,19.407355
-22.356544,-12.767868,19.425720
-22.398367,-12.752535,19.430438
-22.375392,-12.769988,19.415431
-22.359046,-12.758563,19.419732
-22.374400,-12.757251,19.421605
-22.373109,-12.780005,19.429548
-22.373416,-12.769185,19.407853
-22.383846,-12.771016,19.411341
-22.364360,-12.781182,19.418528
-22.379342,-12.768938,19.419584
-22.376066,-12.767062,19.422969
-22.383306,-12.769657,19.437896
-22.377568,-12.768466,19.414111
-22.384825,-12.769102,19.425528
-22.373074,-12.780439,19.417481
-22.373800,-12.764998,19.427765
-22.385672,-12.747514,19.436991
-22.368899,-12.765007,19.430224
-22.400457,-12.756905,19.426902
-22.365136,-12.749449,19.424607
-22.368711,-12.753793,19.411397
-22.364775,-12.773267,19.432046
-22.379673,-12.767405,19.440441
-22.376791,-12.763741,19.416960
-22.377953,-12.765376,19.416547
-22.381534,-12.770179,19.441505
-22.378770,-12.768743,19.399389
-22.367193,-12.759823,19.431287
-22.381656,-12.762882,19.427386
-22.377957,-12.755248,19.416676
-22.380979,-12.770099,19.415881
-22.380312,-12.766088,19.426148
-22.370044,-12.765456,19.413794
-22.370229,-12.765201,19.430345
-22.383248,-12.752719,19.432338
-22.363151,-12.774582,19.431472
-22.374219,-12.753607,19.429001
-22.365850,-12.766755,19.432045
-22.370856,-12.754742,19.430305
-22.384884,-12.751704,19.432886
-22.364067,-12.764354,19.435553
-22.393617,-12.759760,19.435957
-22.371018,-12.750880,19.453472
-22.375548,-12.783658,19.413874
-22.384807,-12.740978,19.425802
-22.384985,-12.769563,19.431288
-22.378907,-12.765711,19.420057
-22.376172,-12.763081,19.441229
-22.371757,-12.758431,19.423926
-22.372744,-12.759558,19.418604
-22.378029,-12.755122,19.428149
-22.370024,-12.753882,19.439579
-22.376187,-12.751050,19.433806
-22.371895,-12.761289,19.416068
-22.384866,-12.763090,19.433550
-22.377869,-12.771682,19.439592
-22.361370,-12.774822,19.440464
-22.365820,-12.779168,19.427823
-22.360819,-12.755310,19.434175
-22.369897,-12.751903,19.410299
-22.355191,-12.772630,19.425716
-22.370932,-12.754348,19.414762
-22.365873,-12.749256,19.436653
-22.379996,-12.771788,19.434449
-22.371432,-12.770985,19.426648
-22.381931,-12.750352,19.411392
-22.372437,-12.765837,19.426307
-22.352419,-12.771431,19.424536
-22.373887,-12.760437,19.430077
-22.385564,-12.747435,19.422468
-22.386939,-12.774046,19.432133
-22.382552,-12.738886,19.441285
-22.360465,-12.767988,19.421245
-22.369234,-12.765465,19.420461
-22.369566,-12.756895,19.422952
-22.379382,-12.757778,19.423838
-22.371080,-12.749984,19.437671
-22.351549,-12.767786,19.436189
-22.370018,-12.758970,19.440990
-22.380929,-12.768146,19.442951
-22.358041,-12.747846,19.441015
-22.357764,-12.773097,19.444626
-22.377677,-12.771904,19.434885
-22.389757,-12.760697,19.457579
-22.364132,-12.756180,19.423008
-22.365399,-12.762522,19.429755
-22.384063,-12.756615,19.450572
-22.368532,-12.756602,19.415798
-22.385996,-12.746585,19.423907
-22.367757,-12.757183,19.418538
-22.366453,-12.752008,19.432875
-22.382649,-12.764893,19.438978
-22.373043,-12.764789,19.437184
-22.351089,-12.757303,19.420528
-22.375318,-12.735510,19.423521
-22.366755,-12.765062,19.433908
-22.364324,-12.756098,19.429488
-22.382446,-12.763969,19.414979
-22.356483,-12.745225,19.424152
-22.364994,-12.772209,19.448588
-22.375965,-12.754711,19.421491
-22.365641,-12.745848,19.443203
-22.372213,-12.757396,19.423693
-22.360630,-12.768944,19.447836
-22.362224,-12.752517,19.418084
-22.361983,-12.755410,19.438052
-22.376186,-12.769440,19.416945
-22.379771,-12.764744,19.426096
-22.377074,-12.757050,19.429034
-22.381617,-12.760305,19.451874
-22.372537,-12.757506,19.412049
-22.395663,-12.750968,19.436599
-22.365912,-12.745031,19.420053
-22.362066,-12.780317,19.422618
-22.361309,-12.750207,19.440885
-22.361887,-12.752774,19.431355
-22.365975,-12.750370,19.432937
-22.374693,-12.764434,19.440559
-22.374393,-12.761246,19.430191
-22.387668,-12.742747,19.444221
-22.366167,-12.764128,19.424283
-22.361339,-12.776370,19.426924
-22.375036,-12.747131,19.452372
-22.373879,-12.766322,19.419902
-22.360338,-12.759570,19.423948
-22.371712,-12.748593,19.427090
-22.372662,-12.754844,19.422394
-22.374286,-12.740404,19.434805
-22.375525,-12.765830,19.424109
-22.367519,-12.754737,19.436552
-22.375468,-12.757308,19.457483
-22.354226,-12.758026,19.410851
-22.369749,-12.762350,19.447586
-22.362590,-12.758411,19.444660
-22.366346,-12.753111,19.437999
-22.374597,-12.766383,19.428146
-22.378259,-12.767775,19.432319
-22.371939,-12.749491,19.438807
-22.357314,-12.756714,19.423657
-22.371078,-12.751833,19.442610
-22.349823,-12.751862,19.432206
-22.383069,-12.748021,19.434080
-22.381249,-12.750125,19.445471
-22.376644,-12.755896,19.426554
-22.379603,-12.754436,19.420005
-22.376100,-12.773696,19.422751
-22.367574,-12.757619,19.427130
-22.394727,-12.746598,19.432448
-22.378865,-12.768869,19.432973
-22.375007,-12.752386,19.440327
-22.358117,-12.747338,19.435340
-22.382757,-12.747485,19.435350
-22.369340,-12.744182,19.424045
-22.368417,-12.753969,19.431954
-22.363583,-12.757309,19.447403
-22.361679,-12.757541,19.412253
-22.396296,-12.774194,19.439888
-22.361975,-12.745826,19.455060
-22.360152,-12.755445,19.452310
-22.384666,-12.762403,19.434219
-22.369597,-12.757112,19.434772
-22.368786,-12.758309,19.422045
-22.382560,-12.748748,19.430390
-22.378882,-12.746697,19.419557
-22.353505,-12.747633,19.421097
-22.384428,-12.754048,19.419324
-22.355943,-12.742686,19.423280
-22.385538,-12.772004,19.445180
-22.368606,-12.753423,19.425417
-22.363358,-12.743461,19.426514
-22.367754,-12.750781,19.421714
-22.372598,-12.762152,19.441601
-22.373002,-12.761129,19.431362
-22.375809,-12.752667,19.430249
-22.380534,-12.777148,19.443128
-22.373281,-12.756462,19.416216
-22.374053,-12.750961,19.438454
-22.380471,-12.752374,19.444215
-22.357981,-12.754145,19.443591
-22.378956,-12.757040,19.414022
-22.378272,-12.753195,19.414420
-22.354470,-12.754261,19.429306
-22.370807,-12.757670,19.430754
-22.365514,-12.742082,19.450736
-22.384961,-12.761106,19.446644
-22.374841,-12.783944,19.443455
-22.385457,-12.750570,19.421006
-22.362714,-12.742703,19.446429
-22.378528,-12.737489,19.433407
-22.375556,-12.750657,19.419236
-22.365449,-12.777514,19.426504
-22.360271,-12.764409,19.406749
-22.370604,-12.767453,19.441111
-22.367910,-12.752202,19.426691
-22.366583,-12.751090,19.435276
-22.346432,-12.749440,19.423370
-22.373443,-12.749073,19.410378
-22.378376,-12.763835,19.419817
-22.364826,-12.753852,19.436579
-22.377552,-12.759683,19.437979
-22.375440,-12.758158,19.429421
-22.362942,-12.764609,19.432053
-22.380173,-12.769694,19.453893
-22.372303,-12.763052,19.426874
-22.377972,-12.767320,19.405623
-22.380836,-12.751088,19.441889
-22.374140,-12.746421,19.424835
-22.366020,-12.761462,19.439613
-22.367052,-12.756423,19.413645
-22.357388,-12.743935,19.441522
-22.375608,-12.752885,19.447567
-22.370797,-12.744842,19.418071
-22.359822,-12.760715,19.436573
-22.382307,-12.742239,19.426973
-22.363735,-12.760240,19.442509
-22.369409,-12.754775,19.435292
-22.371669,-12.740388,19.413145
-22.364119,-12.730131,19.440231
-22.358295,-12.760666,19.434765
-22.368986,-12.749376,19.433515
-22.381948,-12.758776,19.435045
-22.371554,-12.757141,19.442490
-22.385246,-12.754355,19.437588
-22.387775,-12.758208,19.426522
-22.376027,-12.760268,19.432047
-22.363986,-12.745875,19.434638
-22.365235,-12.769197,19.436976
-22.375638,-12.764840,19.431542
-22.365806,-12.753159,19.453990
-22.379973,-12.762811,19.424304
-22.361440,-12.757455,19.435156
-22.383731,-12.755807,19.430402
-22.369033,-12.772503,19.443220
-22.373691,-12.752741,19.435146
-22.379184,-12.763734,19.428588
-22.355857,-12.761447,19.441724
-22.394609,-12.761491,19.439565
-22.366998,-12.757440,19.446145
-22.375718,-12.764561,19.440925
-22.384666,-12.754020,19.443696
-22.364485,-12.762063,19.427572
-22.367828,-12.767788,19.424802
-22.362577,-12.757713,19.422713
-22.371691,-12.750333,19.437591
-22.367470,-12.754545,19.418275
-22.366724,-12.755066,19.428313
-22.362420,-12.756001,19.434679
-22.373326,-12.756067,19.449238
-22.372894,-12.756248,19.432168
-22.358327,-12.757816,19.424670
-22.374501,-12.763640,19.426275
-22.360972,-12.745768,19.445390
-22.370654,-12.764833,19.423742
-22.382435,-12.742941,19.434861
-22.370106,-12.753452,19.414739
-22.377382,-12.749863,19.446846
-22.368739,-12.735018,19.426515
-22.374595,-12.748660,19.418146
-22.371099,-12.765592,19.422891
-22.368627,-12.755656,19.462497
-22.384453,-12.748929,19.419301
-22.372524,-12.747330,19.428939
-22.373278,-12.732768,19.429021
-22.384647,-12.747010,19.445074
-22.381176,-12.735670,19.442872
-22.367405,-12.759347,19.447745
-22.349487,-12.735201,19.460086
-22.370316,-12.768839,19.451111
-22.378570,-12.749957,19.423149
-22.378654,-12.754625,19.425021
-22.371031,-12.734372,19.430692
-22.384517,-12.743599,19.439539
-22.384602,-12.762057,19.454352
-22.360037,-12.754811,19.438376
-22.359553,-12.746517,19.425710
-22.353536,-12.749511,19.439222
-22.344203,-12.761019,19.441814
-22.362093,-12.761238,19.448194
-22.379573,-12.739862,19.439744
-22.353607,-12.740138,19.437160
-22.370081,-12.743722,19.446334
-22.357744,-12.765274,19.417835
-22.368017,-12.746537,19.426584
-22.361611,-12.757079,19.453400
-22.375516,-12.749860,19.444107
-22.366170,-12.759372,19.411333
-22.363550,-12.765489,19.439901
-22.366142,-12.728607,19.417794
-22.391461,-12.749320,19.425432
-22.359799,-12.747037,19.436317
-22.372172,-12.740096,19.454870
-22.378611,-12.740032,19.441466
-22.368383,-12.764783,19.448648
-22.356307,-12.753538,19.441506
-22.381969,-12.744430,19.450586
-22.374054,-12.757269,19.445825
-22.389031,-12.754438,19.435843
-22.365070,-12.758442,19.453031
-22.371093,-12.739261,19.424948
-22.368535,-12.765509,19.432491
-22.387387,-12.744961,19.438150
-22.379086,-12.756827,19.432712
-22.361872,-12.752948,19.425560
-22.359183,-12.759365,19.419572
-22.364030,-12.776975,19.438668
-22.389606,-12.727988,19.426855
-22.375407,-12.739239,19.445407
-22.375377,-12.765392,19.428588
-22.369501,-12.759945,19.424490
-22.372205,-12.746984,19.430622
-22.379868,-12.752660,19.448477
-22.375563,-12.772392,19.436447
-22.374422,-12.744575,19.452548
-22.369468,-12.747409,19.433047
-22.385447,-12.745094,19.445313
-22.369462,-12.771627,19.444868
-22.390876,-12.751593,19.446172
-22.382947,-12.743954,19.436386
-22.365463,-12.761735,19.419894
-22.356445,-12.731644,19.438472
-22.391048,-12.753404,19.431128
-22.360378,-12.748356,19.430241
-22.361994,-12.762282,19.427893
-22.392958,-12.759964,19.427237
-22.365551,-12.747764,19.446526
-22.379325,-12.742922,19.447733
-22.365143,-12.754794,19.426972
-22.369270,-12.764842,19.433109
-22.362676,-12.741595,19.466435
-22.376802,-12.720567,19.433911
-22.377110,-12.755501,19.438518
-22.366825,-12.748480,19.440794
-22.369948,-12.736844,19.439405
-22.388591,-12.749524,19.432345
-22.366127,-12.746650,19.435039
-22.363449,-12.767428,19.449465
-22.380076,-12.748155,19.435934
-22.363067,-12.739476,19.440052
-22.388162,-12.740992,19.443019
-22.373397,-12.748463,19.425454
-22.361551,-12.768934,19.426323
-22.370989,-12.765834,19.448765
-22.363093,-12.745608,19.440860
-22.363365,-12.731100,19.433650
-22.365421,-12.763554,19.447765
-22.380820,-12.744067,19.444364
-22.383033,-12.740227,19.434712
-22.378151,-12.749355,19.439389
-22.377226,-12.740695,19.447927
-22.384119,-12.753985,19.458309
-22.377547,-12.743397,19.434474
-22.381317,-12.755110,19.427186
-22.360995,-12.720863,19.452299
-22.362593,-12.744921,19.433101
-22.365272,-12.741681,19.440584
-22.383534,-12.757796,19.441052
-22.376115,-12.745501,19.419856
-22.378495,-12.736423,19.432889
-22.373347,-12.757904,19.439239
-22.365518,-12.740659,19.444086
-22.381316,-12.749238,19.442074
-22.373623,-12.752827,19.436639
-22.367405,-12.753699,19.448410
-22.385671,-12.753210,19.413095
-22.376172,-12.747907,19.443111
-22.367527,-12.754527,19.436259
-22.367934,-12.753943,19.446008
-22.368168,-12.756410,19.432272
-22.371732,-12.736133,19.435276
-22.350246,-12.744063,19.425961
-22.370978,-12.767114,19.429235
-22.360986,-12.751447,19.424058
-22.383260,-12.738553,19.440848
-22.367614,-12.746831,19.453541
-22.362980,-12.714410,19.459050
-22.351908,-12.704348,19.479177
-22.343784,-12.687411,19.488786
-22.345746,-12.682638,19.528589
-22.340087,-12.641712,19.540511
-22.330902,-12.602491,19.588619
-22.309975,-12.587568,19.613374
-22.301955,-12.537763,19.649015
-22.291762,-12.505328,19.688646
-22.287554,-12.476197,19.728312
-22.250150,-12.414433,19.791776
-22.224647,-12.382118,19.826972
-22.231401,-12.317067,19.872891
-22.217917,-12.277734,19.937345
-22.194085,-12.217425,19.972481
-22.158242,-12.179143,19.999988
-22.162204,-12.125956,20.056721
-22.145982,-12.097468,20.112926
-22.111788,-12.029689,20.155393
-22.093685,-11.955834,20.203938
-22.092277,-11.927524,20.268728
-22.082161,-11.878452,20.331556
-22.036292,-11.802143,20.385608
-22.023659,-11.774365,20.431243
-22.014928,-11.691277,20.485113
-21.990438,-11.650782,20.535804
-21.972123,-11.575293,20.577808
-21.942725,-11.533822,20.653476
-21.923591,-11.446488,20.705836
-21.902764,-11.400266,20.772584
-21.878553,-11.332123,20.798391
-21.860276,-11.261721,20.854975
-21.843842,-11.209952,20.929518
-21.835472,-11.149967,20.971731
-21.821067,-11.091600,21.043759
-21.769847,-11.030614,21.092257
-21.773231,-10.980646,21.151881
-21.745260,-10.901518,21.199241
-21.711050,-10.840172,21.261716
-21.696999,-10.769548,21.287586
-21.659164,-10.717143,21.348784
-21.646736,-10.653099,21.427439
-21.620848,-10.589058,21.472855
-21.620314,-10.530138,21.530145
-21.582483,-10.447833,21.593275
-21.566662,-10.403761,21.628090
-21.525686,-10.340337,21.684263
-21.536117,-10.274347,21.730197
-21.491382,-10.216616,21.792624
-21.458444,-10.133952,21.845013
-21.444538,-10.079136,21.870189
-21.409950,-10.001313,21.952168
-21.387969,-9.949414,21.999235
-21.368717,-9.863100,22.060874
-21.342777,-9.827952,22.108368
-21.327949,-9.736611,22.161356
-21.313272,-9.682803,22.216986
-21.271263,-9.622157,22.265986
-21.258444,-9.539894,22.311773
-21.245245,-9.484804,22.359303
-21.212263,-9.432768,22.411032
-21.181107,-9.338152,22.454858
-21.146743,-9.303905,22.515797
-21.130923,-9.212885,22.543642
-21.106464,-9.159179,22.626146
-21.084093,-9.076606,22.670503
-21.049095,-9.012184,22.717284
-21.048370,-8.944396,22.770192
-21.008325,-8.896224,22.791708
-20.994067,-8.818260,22.866875
-20.968195,-8.756611,22.899819
-20.931806,-8.689095,22.953308
-20.919589,-8.620606,23.004827
-20.884134,-8.533692,23.065135
-20.878782,-8.468207,23.082359
-20.829194,-8.405970,23.156800
-20.813572,-8.344285,23.211647
-20.788581,-8.275768,23.234575
-20.758723,-8.190438,23.299360
-20.739797,-8.148951,23.330944
-20.720646,-8.071350,23.393882
-20.679381,-7.994784,23.429486
-20.648374,-7.921922,23.477144
-20.640938,-7.875083,23.497324
-20.603764,-7.787716,23.582144
-20.597985,-7.692463,23.604361
-20.555329,-7.646573,23.672978
-20.526526,-7.576350,23.696432
-20.505802,-7.506573,23.764938
-20.484322,-7.427571,23.794635
-20.457426,-7.373559,23.832937
-20.421956,-7.305837,23.858842
-20.408742,-7.229372,23.930243
-20.347793,-7.152697,23.975307
-20.334292,-7.093079,24.012397
-20.321162,-7.014196,24.051694
-20.293723,-6.949822,24.092215
-20.268214,-6.861203,24.133640
-20.245812,-6.795225,24.180703
-20.222668,-6.729419,24.250861
-20.197192,-6.655889,24.276218
-20.152869,-6.585646,24.302852
-20.135828,-6.510121,24.347500
-20.102624,-6.437655,24.399834
-20.079428,-6.391165,24.446772
-20.044052,-6.300108,24.475402
-20.028321,-6.240971,24.527034
-19.995123,-6.169556,24.548828
-19.964890,-6.083140,24.599814
-19.932746,-6.024823,24.643874
-19.907250,-5.937011,24.669690
-19.877496,-5.880670,24.725844
-19.838587,-5.786576,24.735947
-19.835260,-5.735385,24.808175
-19.782733,-5.655376,24.838907
-19.773267,-5.581944,24.867411
-19.760342,-5.519544,24.927740
-19.720862,-5.439740,24.946332
-19.696688,-5.355330,24.996837
-19.657019,-5.291220,25.036064
-19.624681,-5.233112,25.070692
-19.606932,-5.126645,25.097364
-19.562998,-5.074348,25.138240
-19.563682,-5.008548,25.175553
-19.499519,-4.913007,25.222159
-19.500962,-4.829120,25.264956
-19.463823,-4.771402,25.291889
-19.424150,-4.717175,25.333648
-19.409236,-4.620061,25.370729
-19.360536,-4.562425,25.399649
-19.342967,-4.444782,25.430066
-19.316927,-4.407311,25.458861
-19.282094,-4.337748,25.523827
-19.249310,-4.253702,25.540858
-19.233188,-4.162881,25.555557
-19.180092,-4.113199,25.601600
-19.170264,-4.042004,25.655817
-19.145410,-3.947706,25.666903
-19.091826,-3.883368,25.701859
-19.070553,-3.803324,25.735605
-19.044127,-3.722232,25.774675
-19.009945,-3.657945,25.789124
-18.982876,-3.571467,25.828820
-18.948629,-3.484799,25.876466
-18.933105,-3.419059,25.899986
-18.905480,-3.361993,25.933662
-18.858588,-3.274536,25.939023
-18.847288,-3.195899,26.007050
-18.812765,-3.131074,26.018142
-18.784759,-3.039384,26.057997
-18.727855,-2.978992,26.088633
-18.716617,-2.906414,26.119977
-18.680644,-2.810227,26.156293
-18.656530,-2.749942,26.172984
-18.609275,-2.667380,26.202290
-18.596226,-2.577184,26.218029
-18.558231,-2.524489,26.267294
-18.532482,-2.420625,26.301758
-18.501749,-2.362675,26.331295
-18.458018,-2.279588,26.334781
-18.437993,-2.195272,26.379127
-18.396441,-2.146938,26.422463
-18.393273,-2.045644,26.430708
-18.349956,-1.978342,26.461084
-18.312185,-1.927836,26.492494
-18.277923,-1.814761,26.534230
-18.267242,-1.746997,26.558533
-18.212192,-1.676959,26.585945
-18.201816,-1.608065,26.596419
-18.157432,-1.516493,26.623257
-18.138982,-1.425817,26.665260
-18.098174,-1.363200,26.679527
-18.076231,-1.262244,26.705758
-18.032110,-1.198568,26.747633
-17.998496,-1.116994,26.757118
-17.972453,-1.044810,26.768040
-17.939034,-0.982876,26.805499
-17.910640,-0.905796,26.836415
-17.864708,-0.827514,26.839471
-17.835284,-0.733731,26.872256
-17.791533,-0.672996,26.885841
-17.780889,-0.583347,26.905702
-17.727239,-0.495896,26.959061
-17.700062,-0.418520,26.961674
-17.687323,-0.356801,26.985000
-17.657275,-0.276091,27.015551
-17.599971,-0.208545,27.031058
-17.590720,-0.123010,27.064424
-17.527902,-0.032256,27.060488
-17.501193,0.019278,27.078382
-17.485296,0.110684,27.103903
-17.460270,0.168989,27.118878
-17.415890,0.261322,27.165124
-17.373637,0.382109,27.179202
-17.336016,0.447856,27.175570
-17.333572,0.518438,27.205133
-17.282606,0.591189,27.242309
-17.227638,0.674674,27.244449
-17.228557,0.749564,27.278530
-17.170395,0.821336,27.291163
-17.176755,0.910721,27.304536
-17.121983,0.983815,27.330595
-17.085776,1.064311,27.333978
-17.058520,1.156918,27.346573
-17.018452,1.216903,27.379309
-16.981437,1.275991,27.403634
-16.950642,1.363392,27.401709
-16.924724,1.461027,27.437007
-16.878480,1.542147,27.458686
-16.862079,1.603297,27.461737
-16.817048,1.705206,27.480372
-16.782793,1.760880,27.494088
-16.739385,1.854031,27.506333
-16.704747,1.920696,27.520492
-16.688895,2.000497,27.552258
-16.631699,2.083570,27.559043
-16.631287,2.171102,27.559346
-16.558687,2.251241,27.577239
-16.552240,2.315055,27.592894
-16.517663,2.388122,27.615157
-16.492514,2.474547,27.635388
-16.433055,2.562281,27.618658
-16.405624,2.627984,27.652619
-16.368699,2.723973,27.657923
-16.346187,2.786599,27.679601
-16.288095,2.883283,27.684489
-16.277339,2.955520,27.713891
-16.231218,3.036713,27.708976
-16.187966,3.110315,27.726019
-16.169926,3.201604,27.736777
-16.128731,3.286951,27.742974
-16.098957,3.358212,27.749824
-16.056877,3.429447,27.756250
-16.020857,3.486921,27.780018
-15.987139,3.595412,27.794936
-15.943208,3.683502,27.785388
-15.928006,3.747348,27.788252
-15.898464,3.825416,27.815087
-15.872211,3.899883,27.819323
-15.816775,3.983241,27.836239
-15.794620,4.074424,27.829275
-15.753861,4.162859,27.854827
-15.720973,4.217224,27.841396
-15.690916,4.307175,27.863582
-15.645848,4.395705,27.869024
-15.613813,4.466354,27.891952
-15.585084,4.545543,27.878218
-15.542885,4.628751,27.892683
-15.518315,4.710014,27.892033
-15.478182,4.772416,27.880744
-15.432064,4.858799,27.907310
-15.399084,4.945806,27.916640
-15.371971,5.037395,27.928598
-15.326696,5.106052,27.945725
-15.305488,5.181779,27.924182
-15.260214,5.274202,27.940184
-15.225907,5.351067,27.932562
-15.170980,5.413079,27.946693
-15.146841,5.523695,27.937567
-15.120596,5.574685,27.950388
-15.080139,5.650423,27.939797
-15.032498,5.740428,27.948313
-15.001495,5.810096,27.956035
-14.979409,5.901122,27.948933
-14.942327,5.986548,27.966479
-14.896163,6.061083,27.960710
-14.860341,6.161860,27.965848
-14.808176,6.236692,27.953531
-14.783153,6.291993,27.956327
-14.752286,6.376384,27.979286
-14.719835,6.481815,27.951601
-14.691050,6.559957,27.965362
-14.639973,6.619556,27.971696
-14.603380,6.710212,27.981780
-14.579420,6.774297,27.978433
-14.544507,6.868928,27.970078
-14.514365,6.934239,27.980800
-14.449384,7.024094,27.966075
-14.422664,7.087858,27.979090
-14.394073,7.175507,27.986525
-14.358248,7.262398,27.974745
-14.306473,7.319660,27.943371
-14.289212,7.422116,27.962506
-14.237303,7.503299,27.956106
-14.217781,7.585539,27.945653
-14.164833,7.646248,27.964016
-14.132020,7.730377,27.948958
-14.115113,7.830289,27.949036
-14.063528,7.881954,27.940905
-14.012457,7.981177,27.936900
-13.991417,8.052009,27.930858
-13.955733,8.129861,27.934818
-13.906420,8.206956,27.917548
-13.882730,8.277993,27.911213
-13.831994,8.360863,27.903423
-13.802346,8.442589,27.913853
-13.762960,8.535024,27.903784
-13.727880,8.591359,27.895233
-13.686033,8.676257,27.899433
-13.655467,8.755800,27.901514
-13.619993,8.844057,27.894513
-13.587769,8.927019,27.882938
-13.562992,9.005291,27.881711
-13.505195,9.083229,27.863120
-13.473732,9.147067,27.841975
-13.432902,9.234003,27.839792
-13.402830,9.297795,27.839396
-13.361987,9.391761,27.835330
-13.325573,9.452722,27.827710
-13.292980,9.542374,27.809401
-13.238966,9.628541,27.793983
-13.221326,9.696625,27.805652
-13.187636,9.798932,27.785167
-13.135396,9.868231,27.766118
-13.106938,9.925445,27.758563
-13.052330,10.000281,27.748692
-13.031034,10.100894,27.737509
-12.973564,10.175157,27.732256
-12.944151,10.251159,27.704191
-12.907313,10.337532,27.704462
-12.846544,10.405211,27.714120
-12.830253,10.489425,27.682570
-12.796409,10.573114,27.667091
-12.751601,10.638728,27.659262
-12.718320,10.699421,27.630049
-12.672289,10.793596,27.619645
-12.655061,10.885214,27.612808
-12.612108,10.961176,27.599583
-12.564589,11.023807,27.591275
-12.525433,11.134273,27.583488
-12.501461,11.174600,27.558157
-12.444835,11.260574,27.553012
-12.422854,11.327790,27.525256
-12.384449,11.406108,27.507740
-12.342611,11.491756,27.482724
-12.303460,11.578080,27.495200
-12.275119,11.637519,27.471917
-12.221183,11.721268,27.465915
-12.186151,11.806315,27.418108
-12.169487,11.873877,27.420783
-12.132374,11.960634,27.404307
-12.069909,12.029365,27.397938
-12.055866,12.123464,27.363008
-11.986721,12.193059,27.349886
-11.956078,12.269969,27.327688
-11.907149,12.349470,27.309041
-11.872902,12.398788,27.302252
-11.851265,12.498641,27.280729
-11.831122,12.571994,27.268838
-11.778296,12.652407,27.229031
-11.739855,12.711616,27.228194
-11.718791,12.802170,27.220392
-11.659372,12.883614,27.196413
-11.622280,12.959115,27.178192
-11.584046,13.026755,27.174782
-11.546152,13.102837,27.121295
-11.503873,13.173577,27.103353
-11.452826,13.237144,27.100729
-11.431311,13.324798,27.068891
-11.390489,13.419024,27.057229
-11.348204,13.468103,27.018893
-11.310303,13.558169,26.995108
-11.271980,13.619935,26.989400
-11.234035,13.717165,26.964328
-11.191191,13.781373,26.935496
-11.165420,13.851998,26.914445
-11.124345,13.950014,26.884224
-11.101223,13.979964,26.862930
-11.026797,14.074870,26.839116
-11.009404,14.165907,26.832714
-10.948397,14.241793,26.804506
-10.934705,14.301209,26.779351
-10.887646,14.394760,26.752023
-10.862108,14.471292,26.707640
-10.828731,14.511752,26.697352
-10.783371,14.605451,26.676094
-10.732866,14.683324,26.656152
-10.682135,14.737981,26.631245
-10.655324,14.823140,26.597808
-10.607998,14.906746,26.565963
-10.574735,14.982961,26.562199
-10.533531,15.041000,26.521011
-10.515968,15.130254,26.494163
-10.465671,15.188495,26.474542
-10.417281,15.258915,26.430014
-10.391867,15.337054,26.417444
-10.339255,15.412618,26.386463
-10.316624,15.491477,26.357081
-10.261659,15.559837,26.319381
-10.240544,15.659480,26.316489
-10.206467,15.694220,26.277697
-10.168100,15.782465,26.243004
-10.129006,15.838221,26.207143
-10.077136,15.918691,26.203770
-10.046138,15.985243,26.165997
-9.999950,16.057729,26.141824
-9.965189,16.141224,26.097527
-9.928539,16.219199,26.063039
-9.898796,16.264762,26.033718
-9.845840,16.343549,25.993420
-9.803697,16.420481,25.978201
-9.777383,16.526178,25.940547
-9.738499,16.581524,25.916403
-9.693435,16.641614,25.863228
-9.657225,16.712383,25.845709
-9.610747,16.796115,25.818428
-9.572871,16.867736,25.787458
-9.538799,16.936741,25.753730
-9.502405,16.990997,25.740829
-9.453655,17.067044,25.676414
-9.404722,17.139896,25.659316
-9.384556,17.202780,25.609122
-9.343313,17.253643,25.577672
-9.304068,17.338346,25.537642
-9.267522,17.439759,25.526324
-9.226796,17.510084,25.490986
-9.178933,17.549731,25.452404
-9.139926,17.622468,25.430393
-9.121662,17.704731,25.402141
-9.056391,17.786328,25.355141
-9.053796,17.855750,25.307016
-8.994883,17.916981,25.271897
-8.950350,17.998688,25.231686
-8.914328,18.057952,25.189078
-8.878894,18.127296,25.166910
-8.843654,18.192019,25.120875
-8.814611,18.262414,25.103969
-8.766706,18.316424,25.069461
-8.724960,18.385670,25.025493
-8.681889,18.470400,24.970506
-8.643007,18.540840,24.944683
-8.590276,18.614487,24.909096
-8.569721,18.678290,24.872396
-8.530417,18.736498,24.827942
-8.506385,18.809653,24.800978
-8.457110,18.866366,24.761686
-8.422611,18.948900,24.718192
-8.376765,19.025135,24.672804
-8.340061,19.092528,24.641513
-8.320809,19.157144,24.610996
-8.273741,19.213638,24.572659
-8.226537,19.272384,24.511713
-8.175021,19.347606,24.486535
-8.128475,19.406401,24.446924
-8.094423,19.470019,24.405814
-8.063590,19.541927,24.363002
-8.029807,19.596623,24.321696
-7.987951,19.676405,24.283778
-7.960219,19.759529,24.248020
-7.897605,19.803331,24.211406
-7.881155,19.867901,24.148226
-7.856198,19.924645,24.121467
-7.787923,20.016368,24.086953
-7.755716,20.082820,24.062727
-7.718990,20.143796,23.994336
-7.678397,20.195833,23.956023
-7.648268,20.269861,23.914052
-7.599637,20.339832,23.865846
-7.562507,20.399115,23.811656
-7.515882,20.471822,23.779615
-7.473445,20.517108,23.730828
-7.446289,20.587406,23.676432
-7.422515,20.654241,23.660631
-7.379037,20.745343,23.587762
-7.315628,20.796700,23.557227
-7.294216,20.849823,23.531296
-7.260442,20.932015,23.480653
-7.227548,20.983178,23.414529
-7.171931,21.040221,23.370529
-7.129634,21.119804,23.328673
-7.099261,21.166143,23.282563
-7.054742,21.234323,23.227320
-7.020083,21.280641,23.202499
-6.987681,21.368499,23.143016
-6.943643,21.432091,23.098663
-6.897576,21.481263,23.042923
-6.852709,21.544196,23.014522
-6.834737,21.609693,22.953868
-6.773882,21.679822,22.893757
-6.765554,21.728754,22.866629
-6.743383,21.788675,22.822303
-6.694055,21.844763,22.775775
-6.640042,21.920158,22.727593
-6.596378,21.970032,22.677704
-6.578121,22.032344,22.624262
-6.511194,22.116651,22.568106
-6.487715,22.190556,22.531454
-6.473430,22.230058,22.482165
-6.416440,22.286050,22.439895
-6.355634,22.350523,22.396604
-6.328427,22.402953,22.333574
-6.299743,22.462580,22.284065
-6.251564,22.541419,22.237811
-6.206209,22.584154,22.183971
-6.182029,22.647793,22.140596
-6.135912,22.703688,22.074210
-6.094682,22.761715,22.036594
-6.082304,22.830231,21.968914
-6.018773,22.894071,21.908986
-5.994370,22.944441,21.881401
-5.936962,22.998461,21.821681
-5.911584,23.049080,21.764789
-5.882600,23.107014,21.719118
-5.833203,23.181542,21.680550
-5.811734,23.233330,21.624180
-5.773085,23.285352,21.566285
-5.706427,23.346461,21.515354
-5.685522,23.408357,21.466438
-5.646267,23.461750,21.393726
-5.615692,23.519466,21.374549
-5.579702,23.576141,21.320674
-5.538435,23.633213,21.261983
-5.490920,23.688178,21.194278
-5.468757,23.750398,21.134014
-5.415428,23.814120,21.093743
-5.402905,23.879576,21.027254
-5.351330,23.910230,20.998929
-5.319051,23.952192,20.927967
-5.265976,24.025403,20.877009
-5.242700,24.084775,20.814355
-5.197350,24.138091,20.768813
-5.143540,24.195174,20.701177
-5.145191,24.253823,20.656339
-5.089746,24.293418,20.613999
-5.049345,24.347361,20.559787
-5.021626,24.406352,20.477201
-4.948994,24.453551,20.453303
-4.930445,24.510212,20.382906
-4.890506,24.588517,20.303241
-4.864513,24.617550,20.249572
-4.839853,24.672964,20.206269
-4.769171,24.722022,20.167776
-4.732547,24.783907,20.090213
-4.701576,24.851671,20.050539
-4.667452,24.883719,19.989614
-4.629237,24.940333,19.932490
-4.597449,25.007468,19.849437
-4.566737,25.043114,19.803019
-4.528422,25.109008,19.757692
-4.519620,25.133336,19.709347
-4.473296,25.211875,19.615075
-4.425205,25.239906,19.573805
-4.373800,25.321222,19.526744
-4.356537,25.371017,19.454422
-4.298855,25.405525,19.386378
-4.276951,25.471378,19.347613
-4.230853,25.521567,19.280286
-4.187652,25.563033,19.230869
-4.156513,25.617952,19.168258
-4.114129,25.676442,19.088200
-4.087297,25.719258,19.040377
-4.036663,25.789494,18.981119
-4.007272,25.809288,18.931473
-3.949831,25.856535,18.843618
-3.923982,25.928692,18.792199
-3.898413,25.968332,18.730403
-3.844032,26.024267,18.671752
-3.831592,26.057875,18.606814
-3.779623,26.103742,18.543053
-3.729659,26.165889,18.494499
-3.705725,26.219150,18.437877
-3.676848,26.256797,18.359303
-3.641742,26.317071,18.307315
-3.606688,26.370669,18.246814
-3.559903,26.386506,18.184023
-3.522539,26.453618,18.124915
-3.482830,26.491441,18.074436
-3.463716,26.534397,18.012516
-3.418554,26.596257,17.939033
-3.370301,26.652291,17.883886
-3.347367,26.688267,17.805257
-3.311454,26.727299,17.743776
-3.284737,26.780950,17.682140
-3.241361,26.831592,17.635571
-3.197154,26.850221,17.559737
-3.168434,26.912007,17.496024
-3.120037,26.978520,17.445850
-3.093784,27.002613,17.381152
-3.045123,27.050731,17.316493
-3.023141,27.109056,17.233692
-3.001021,27.154985,17.169624
-2.953988,27.190651,17.094281
-2.910508,27.244767,17.027118
-2.888770,27.288424,16.986694
-2.828569,27.312300,16.920069
-2.806558,27.360687,16.858855
-2.780601,27.419970,16.780572
-2.754979,27.459494,16.720675
-2.699522,27.489786,16.664867
-2.670320,27.512167,16.590047
-2.610874,27.577197,16.524842
-2.599869,27.616874,16.456231
-2.551516,27.670160,16.397691
-2.534398,27.716444,16.330672
-2.473987,27.753163,16.263345
-2.448729,27.798017,16.202243
-2.406459,27.822070,16.125577
-2.387237,27.877036,16.060777
-2.352235,27.917340,15.985499
-2.302638,27.947902,15.922045
-2.277306,27.992902,15.842735
-2.241478,28.025181,15.796965
-2.208158,28.083914,15.729814
-2.164479,28.119253,15.667951
-2.139774,28.171203,15.604270
-2.098552,28.204343,15.528938
-2.055673,28.232836,15.454245
-2.036553,28.272725,15.394479
-2.000812,28.337082,15.324386
-1.956863,28.358118,15.254070
-1.926820,28.398294,15.194673
-1.895721,28.438292,15.118207
-1.859499,28.473520,15.042532
-1.814567,28.518473,14.979664
-1.778130,28.566285,14.912110
-1.746177,28.587382,14.832721
-1.718105,28.613928,14.771802
-1.688530,28.680187,14.720510
-1.663568,28.692761,14.638414
-1.627398,28.720890,14.568609
-1.572786,28.777342,14.506879
-1.550181,28.811502,14.414072
-1.513027,28.847018,14.376927
-1.482541,28.883004,14.293317
-1.439423,28.929953,14.228734
-1.390822,28.931940,14.167027
-1.376343,29.006274,14.086756
-1.350989,29.035446,14.022782
-1.310968,29.051106,13.953934
-1.260983,29.102265,13.897543
-1.207606,29.134490,13.829882
-1.196771,29.166793,13.743493
-1.149488,29.180487,13.647289
-1.124839,29.235628,13.590170
-1.098408,29.253645,13.528846
-1.067732,29.318054,13.454103
-1.021675,29.337414,13.379462
-0.994525,29.377387,13.316105
-0.961026,29.396702,13.239278
-0.921774,29.448514,13.155276
-0.914681,29.464734,13.092717
-0.847856,29.492199,13.041464
-0.848593,29.535524,12.958872
-0.794448,29.575740,12.880925
-0.762780,29.613899,12.786274
-0.752970,29.636240,12.739885
-0.686755,29.669753,12.647483
-0.679511,29.690111,12.571592
-0.616399,29.716454,12.522431
-0.600062,29.756784,12.446617
-0.568448,29.769791,12.370954
-0.544005,29.812214,12.298661
-0.508101,29.850629,12.237834
-0.470880,29.886318,12.136421
-0.447252,29.906617,12.078133
-0.427334,29.939371,12.016563
-0.352985,29.956507,11.953494
-0.341868,30.002256,11.848289
-0.308118,30.030134,11.791610
-0.265965,30.053812,11.711980
-0.243600,30.074807,11.663223
-0.208313,30.124199,11.570677
-0.168767,30.141950,11.523697
-0.132590,30.157760,11.427421
-0.097427,30.193618,11.342772
-0.081620,30.210435,11.293390
-0.042162,30.247448,11.222395
-0.009891,30.276741,11.126238
0.028326,30.321542,11.070334
0.046871,30.329731,11.002069
0.093777,30.363269,10.903529
0.112374,30.369782,10.851458
0.142235,30.415734,10.758412
0.187556,30.441883,10.687397
0.193214,30.466004,10.606440
0.248000,30.477083,10.532181
0.263704,30.504344,10.463140
0.307911,30.552927,10.396933
0.336575,30.554567,10.318530
0.372299,30.577234,10.255773
0.412039,30.621016,10.158389
0.437589,30.640569,10.105037
0.455237,30.644193,10.029011
0.504931,30.690762,9.942564
0.541791,30.720510,9.877365
0.543352,30.731507,9.802445
0.585503,30.749832,9.722640
0.608878,30.779306,9.638514
0.656676,30.791106,9.572091
0.693208,30.827024,9.497280
0.734287,30.857255,9.412632
0.748710,30.880684,9.346858
0.790660,30.917583,9.247725
0.818209,30.917464,9.210814
0.850896,30.939426,9.100009
0.877221,30.961450,9.045417
0.908782,30.971582,8.957572
0.944404,31.009235,8.876545
0.954302,31.030190,8.792917
0.998216,31.036467,8.721924
1.018390,31.059695,8.657070
1.066520,31.088604,8.574216
1.110395,31.093466,8.506236
1.117740,31.127057,8.434660
1.156863,31.124890,8.364596
1.165563,31.160500,8.277263
1.230988,31.176136,8.194945
1.246090,31.194242,8.118392
1.277335,31.224538,8.028358
1.294559,31.242810,7.964149
1.322125,31.272571,7.883904
1.346564,31.263243,7.817159
1.400474,31.276377,7.748517
1.438018,31.308038,7.664703
1.459561,31.318696,7.576973
1.487572,31.343294,7.492804
1.524872,31.360155,7.413141
1.533369,31.383767,7.363130
1.579491,31.381226,7.284996
1.597001,31.395244,7.190594
1.624793,31.443787,7.121729
1.664001,31.448782,7.031356
1.696318,31.463979,6.959632
1.720775,31.464226,6.890975
1.750898,31.501026,6.791585
1.770500,31.496808,6.724637
1.801443,31.510129,6.656947
1.852867,31.539791,6.589026
1.891235,31.538140,6.498533
1.882978,31.546763,6.406158
1.905537,31.575540,6.343375
1.953428,31.598835,6.254428
1.982801,31.594857,6.186567
2.012150,31.608711,6.101244
2.033883,31.643208,6.031115
2.073688,31.635020,5.955117
2.073853,31.651863,5.899649
2.134140,31.673616,5.798070
2.132515,31.679573,5.719698
2.177631,31.662666,5.633851
2.208734,31.712397,5.565705
2.236131,31.729438,5.490819
2.259837,31.739427,5.400270
2.304501,31.738631,5.324399
2.319746,31.757804,5.252419
2.343678,31.758725,5.190426
2.386174,31.758349,5.074637
2.390320,31.791955,5.010027
2.440297,31.794320,4.939610
2.454236,31.784817,4.869394
2.484024,31.801433,4.775574
2.519968,31.814030,4.709943
2.541126,31.819419,4.636095
2.581892,31.858468,4.552040
2.593890,31.842900,4.463061
2.636979,31.838113,4.381456
2.663666,31.859010,4.315522
2.692916,31.880885,4.233414
2.697580,31.870200,4.158746
2.714064,31.890748,4.084009
2.771655,31.889604,3.980122
2.790972,31.897829,3.926635
2.803890,31.914997,3.831310
2.839182,31.912530,3.751475
2.879158,31.942235,3.703801
2.889174,31.931227,3.608841
2.922503,31.930428,3.505642
2.937166,31.932064,3.440842
2.973587,31.958032,3.370531
2.999320,31.942942,3.275465
3.034659,31.956887,3.212501
3.068592,31.956442,3.109370
3.083368,31.959028,3.051407
3.104139,31.966373,2.959591
3.149720,31.981115,2.892482
3.173584,31.979757,2.839454
3.185718,31.987941,2.737903
3.199110,31.993462,2.657152
3.242353,31.984314,2.581192
3.263021,32.000262,2.497066
3.269854,32.009758,2.435555
3.304363,32.006227,2.354729
3.336048,32.006526,2.256913
3.362698,31.989825,2.187670
3.413265,32.020086,2.085733
3.432786,32.017760,2.029289
3.449976,31.997985,1.935332
3.479372,32.026477,1.881102
3.495124,32.023703,1.777644
3.527573,32.038964,1.713207
3.547572,32.009630,1.637872
3.581214,32.016116,1.545222
3.593838,32.034723,1.480748
3.626173,32.005239,1.395893
3.657815,32.033577,1.320704
3.672186,32.042301,1.229275
3.691695,32.031981,1.158682
3.715843,32.022129,1.073070
3.734289,32.025898,0.988242
3.762407,32.030592,0.906908
3.797091,32.028399,0.836973
3.820992,32.027973,0.763792
3.851433,32.033840,0.665174
3.873020,32.026834,0.587214
3.900105,32.025015,0.517997
3.930125,32.017466,0.416599
3.933304,32.035892,0.362254
3.965395,32.004645,0.288005
4.004434,32.007560,0.209071
4.006313,31.998946,0.133067
4.027395,32.015843,0.040102
4.056259,31.994299,-0.037652
4.077842,32.010691,-0.111965
4.121319,32.004250,-0.197091
4.141758,32.001334,-0.279300
4.150744,31.987660,-0.348383
4.175921,31.995648,-0.428202
4.212727,32.000036,-0.514043
4.216214,31.994933,-0.589162
4.237365,31.978074,-0.664616
4.267002,31.970530,-0.745432
4.300736,31.955129,-0.829017
4.327508,31.955187,-0.909370
4.334726,31.943527,-0.954313
4.353142,31.932624,-1.064394
4.393575,31.929172,-1.140860
4.410922,31.939408,-1.205018
4.429213,31.913771,-1.290285
4.451867,31.926811,-1.366105
4.473437,31.898952,-1.447980
4.491473,31.895990,-1.530473
4.528491,31.899119,-1.609694
4.556353,31.903834,-1.686970
4.572112,31.883330,-1.748588
4.588972,31.885624,-1.834444
4.607265,31.888506,-1.907814
4.641052,31.866234,-2.001633
4.653842,31.878734,-2.088264
4.690405,31.859098,-2.151760
4.707903,31.848650,-2.221496
4.739080,31.829424,-2.312208
4.730054,31.816480,-2.401392
4.760204,31.808140,-2.472533
4.794407,31.813164,-2.568156
4.834474,31.807349,-2.629263
4.837981,31.777197,-2.698400
4.863614,31.780165,-2.776701
4.876928,31.758027,-2.856743
4.902129,31.761849,-2.932450
4.911060,31.757046,-3.025029
4.940998,31.723986,-3.081048
4.948379,31.702406,-3.192409
4.972491,31.711180,-3.271886
5.000495,31.682918,-3.319559
5.021978,31.695986,-3.417468
5.029754,31.673404,-3.484166
5.057717,31.662326,-3.578542
5.106536,31.649398,-3.650077
5.107684,31.648317,-3.724380
5.125643,31.621460,-3.780546
5.154520,31.626316,-3.875585
5.166448,31.594555,-3.956290
5.192344,31.577176,-4.038133
5.196645,31.580975,-4.104807
5.247814,31.576409,-4.184273
5.244148,31.529842,-4.253505
5.260098,31.523714,-4.342255
5.286053,31.507609,-4.410630
5.323169,31.492497,-4.478411
5.337232,31.483209,-4.561683
5.356427,31.468911,-4.666145
5.354952,31.462533,-4.732740
5.365981,31.468122,-4.810215
5.389022,31.438066,-4.885156
5.433158,31.415248,-4.970889
5.437179,31.395348,-5.021448
5.467642,31.372391,-5.124430
5.493400,31.388513,-5.192704
5.483703,31.375524,-5.285501
5.499906,31.349687,-5.344754
5.516179,31.303401,-5.411778
5.562048,31.312648,-5.501821
5.575218,31.279851,-5.548220
5.592304,31.277122,-5.643759
5.623240,31.239399,-5.728422
5.641703,31.232834,-5.809134
5.651277,31.234482,-5.887497
5.671998,31.202346,-5.946987
5.699947,31.166282,-6.063954
5.708468,31.162081,-6.114650
5.736284,31.153685,-6.198140
5.752468,31.131146,-6.260147
5.754899,31.100570,-6.345636
5.791460,31.077824,-6.416886
5.804086,31.056767,-6.498168
5.829946,31.060475,-6.563392
5.856299,31.008875,-6.649481
5.845119,30.987455,-6.711643
5.883378,30.980514,-6.792031
5.892426,30.977046,-6.882112
5.897447,30.939988,-6.967911
5.921972,30.921096,-7.001150
5.964253,30.918686,-7.099614
5.962758,30.881074,-7.173068
5.977283,30.870539,-7.256726
5.995337,30.855198,-7.327643
6.028682,30.829341,-7.396269
6.047339,30.790997,-7.479929
6.048904,30.762947,-7.560781
6.061609,30.758845,-7.633676
6.089883,30.720450,-7.712697
6.112008,30.706634,-7.787437
6.109284,30.702206,-7.864332
6.129495,30.670164,-7.934595
6.153068,30.650302,-7.996838
6.170092,30.633913,-8.082857
6.168737,30.588130,-8.146841
6.197882,30.595884,-8.227910
6.210278,30.547298,-8.312106
6.233797,30.526993,-8.359776
6.246861,30.507653,-8.456731
6.260548,30.466898,-8.516742
6.263396,30.453173,-8.610302
6.290082,30.425405,-8.662655
6.304673,30.409880,-8.760841
6.329214,30.384313,-8.820167
6.351325,30.363268,-8.905568
6.345949,30.330273,-8.977283
6.374602,30.308822,-9.058564
6.396271,30.282232,-9.104241
6.393847,30.265702,-9.200178
6.418475,30.234370,-9.261518
6.427087,30.209033,-9.329964
6.446793,30.173651,-9.428702
6.451476,30.152585,-9.486797
6.483096,30.138545,-9.564837
6.501766,30.095027,-9.641501
6.512235,30.071728,-9.716596
6.523114,30.038764,-9.777609
6.543870,30.012639,-9.847495
6.541086,29.998187,-9.934810
6.562940,29.968567,-9.982580
6.585104,29.941996,-10.084508
6.587034,29.904452,-10.133139
6.625018,29.867640,-10.219385
6.623923,29.845639,-10.295417
6.641328,29.820265,-10.359632
6.653527,29.783363,-10.428591
6.668719,29.779879,-10.493831
6.684311,29.731391,-10.575176
6.683813,29.722674,-10.650129
6.706403,29.669609,-10.730437
6.733276,29.665366,-10.788550
6.735326,29.614610,-10.874649
6.754355,29.588932,-10.934205
6.771726,29.554083,-11.018881
6.785604,29.527418,-11.087309
6.815130,29.487776,-11.165939
6.795762,29.486684,-11.221259
6.813177,29.439710,-11.300421
6.839661,29.405142,-11.355845
6.848945,29.364769,-11.453064
6.839804,29.339776,-11.510360
6.860083,29.330599,-11.574114
6.886133,29.286841,-11.651925
6.891428,29.249975,-11.716419
6.894167,29.227433,-11.794090
6.920361,29.195940,-11.878630
6.948470,29.159700,-11.939535
6.960922,29.121347,-12.029298
6.939875,29.088585,-12.074435
6.986617,29.082953,-12.147361
6.979170,29.029541,-12.213239
7.001877,28.996849,-12.279303
7.003806,28.962815,-12.345190
7.021765,28.938848,-12.427270
7.018499,28.913236,-12.485963
7.045235,28.876211,-12.558627
7.070444,28.841848,-12.635106
7.054597,28.800383,-12.716223
7.080350,28.765343,-12.781608
7.108115,28.732496,-12.853804
7.108971,28.706249,-12.928851
7.110271,28.675014,-12.986789
7.125790,28.636013,-13.042645
7.153961,28.591512,-13.125655
7.148983,28.539438,-13.186304
7.169586,28.531081,-13.253699
7.151300,28.502961,-13.324185
7.178688,28.454741,-13.393812
7.187812,28.423949,-13.445322
7.201528,28.397097,-13.527592
7.217438,28.372350,-13.611227
7.235838,28.310384,-13.656177
7.242518,28.277810,-13.754198
7.250388,28.226582,-13.817889
7.244959,28.214005,-13.892820
7.279424,28.161897,-13.951601
