ref_gyro_x (deg/s),ref_gyro_y (deg/s),ref_gyro_z (deg/s)
0.286479,0.286479,0.286479
0.571717,0.572986,0.563850
0.828078,0.859558,0.813127
1.058283,1.146221,1.036952
1.264801,1.432988,1.237714
1.449867,1.719866,1.417577
1.615506,2.004753,1.578504
1.763553,2.260312,1.722302
1.895680,2.489355,1.850600
2.013403,2.694422,1.964877
2.118099,2.877811,2.066472
2.211012,3.041600,2.156601
2.293275,3.187666,2.236363
2.365910,3.317707,2.306756
2.429844,3.433259,2.368684
2.485919,3.535711,2.422965
2.534894,3.626321,2.470339
2.577457,3.706223,2.511477
2.614233,3.776447,2.546986
2.645784,3.837921,2.577415
2.672621,3.891488,2.603261
2.695206,3.937909,2.624973
2.713956,3.977872,2.642958
2.729250,4.012000,2.657583
2.741428,4.040858,2.669182
2.750800,4.064954,2.678054
2.757646,4.084751,2.684471
2.762217,4.100667,2.688680
2.764743,4.113078,2.690903
2.765429,4.122328,2.691340
2.764463,4.128725,2.690174
2.762013,4.132549,2.687567
2.758232,4.134053,2.683669
2.753258,4.133468,2.678613
2.747215,4.130999,2.672521
2.740215,4.126836,2.665501
2.732361,4.121147,2.657653
2.723744,4.114087,2.649067
2.714447,4.105793,2.639822
2.704545,4.096393,2.629991
2.694106,4.086000,2.619641
2.683191,4.074716,2.608830
2.671856,4.062636,2.597612
2.660149,4.049843,2.586037
2.648117,4.036413,2.574146
2.635799,4.022416,2.561980
2.623232,4.007914,2.549575
2.610450,3.992962,2.536962
2.597482,3.977614,2.524170
2.584355,3.961913,2.511226
2.571094,3.945903,2.498153
2.557719,3.929621,2.484972
2.544252,3.913101,2.471703
2.530709,3.896375,2.458362
2.517107,3.879469,2.444965
2.503460,3.862409,2.431526
2.489781,3.845218,2.418058
2.476082,3.827916,2.404571
2.462372,3.810523,2.391077
2.448663,3.793054,2.377583
2.434961,3.775526,2.364099
2.421274,3.757951,2.350632
2.407610,3.740343,2.337187
2.393974,3.722712,2.323772
2.380372,3.705068,2.310391
2.366808,3.687421,2.297050
2.353287,3.669779,2.283751
2.339814,3.652149,2.270500
2.326390,3.634538,2.257298
2.313020,3.616951,2.244150
2.299705,3.599395,2.231058
2.286449,3.581874,2.218024
2.273254,3.564392,2.205050
2.260121,3.546953,2.192139
2.247051,3.529562,2.179290
2.234047,3.512220,2.166507
2.221110,3.494931,2.153790
2.208240,3.477697,2.141140
2.195439,3.460521,2.128558
2.182707,3.443405,2.116045
2.170044,3.426350,2.103601
2.157453,3.409358,2.091227
2.144932,3.392430,2.078923
2.132482,3.375568,2.066689
2.120103,3.358772,2.054527
2.107797,3.342044,2.042435
2.095562,3.325385,2.030415
2.083398,3.308795,2.018466
2.071307,3.292275,2.006587
2.059287,3.275825,1.994780
2.047339,3.259446,1.983044
2.035462,3.243139,1.971379
2.023657,3.226903,1.959785
2.011923,3.210738,1.948261
2.000259,3.194646,1.936807
1.988667,3.178626,1.925423
1.977145,3.162679,1.914110
1.965693,3.146804,1.902865
1.954310,3.131001,1.891690
1.942998,3.115270,1.880584
1.931754,3.099613,1.869547
1.920579,3.084027,1.858577
1.909473,3.068514,1.847676
1.898435,3.053073,1.836842
1.887464,3.037704,1.826075
1.876561,3.022407,1.815375
1.865725,3.007182,1.804742
1.854956,2.992029,1.794174
1.844253,2.976947,1.783673
1.833615,2.961936,1.773236
1.823043,2.946996,1.762865
1.812536,2.932127,1.752557
1.802094,2.917329,1.742314
1.791715,2.902602,1.732135
1.781401,2.887944,1.722019
1.771150,2.873357,1.711966
1.760962,2.858839,1.701976
1.750837,2.844391,1.692047
1.740774,2.830012,1.682181
1.730772,2.815702,1.672375
1.720832,2.801461,1.662631
1.710953,2.787289,1.652947
1.701135,2.773184,1.643323
1.691377,2.759148,1.633759
1.681679,2.745179,1.624255
1.672040,2.731277,1.614809
1.662460,2.717443,1.605422
1.652939,2.703676,1.596093
1.643475,2.689975,1.586822
1.634070,2.676340,1.577609
1.624723,2.662772,1.568452
1.615432,2.649269,1.559352
1.606198,2.635832,1.550309
1.597021,2.622461,1.541321
1.587899,2.609154,1.532389
1.578833,2.595912,1.523513
1.569823,2.582734,1.514691
1.560867,2.569620,1.505923
1.551965,2.556570,1.497210
1.543118,2.543584,1.488550
1.534325,2.530661,1.479944
1.525585,2.517802,1.471391
1.516898,2.505004,1.462890
1.508264,2.492270,1.454442
1.499682,2.479598,1.446046
1.491152,2.466987,1.437701
1.482674,2.454439,1.429408
1.474247,2.441951,1.421166
1.465871,2.429525,1.412974
1.457546,2.417160,1.404833
1.449271,2.404855,1.396742
1.441046,2.392611,1.388700
1.432871,2.380427,1.380707
1.424745,2.368302,1.372764
1.416668,2.356237,1.364869
1.408640,2.344232,1.357022
1.400660,2.332285,1.349224
1.392728,2.320397,1.341473
1.384844,2.308568,1.333769
1.377007,2.296796,1.326113
1.369217,2.285083,1.318503
1.361474,2.273428,1.310940
1.353778,2.261830,1.303423
1.346128,2.250289,1.295951
1.338524,2.238805,1.288525
1.330965,2.227377,1.281145
1.323451,2.216006,1.273809
1.315983,2.204691,1.266518
1.308559,2.193432,1.259271
1.301179,2.182229,1.252069
1.293844,2.171081,1.244910
1.286552,2.159988,1.237794
1.279304,2.148950,1.230722
1.272100,2.137967,1.223692
1.264938,2.127038,1.216706
1.257819,2.116163,1.209761
1.250742,2.105343,1.202859
1.243707,2.094575,1.195998
1.236714,2.083862,1.189179
1.229763,2.073201,1.182401
1.222853,2.062593,1.175664
1.215984,2.052038,1.168968
1.209156,2.041535,1.162312
1.202369,2.031085,1.155696
1.195622,2.020686,1.149121
1.188914,2.010339,1.142584
1.182247,2.000044,1.136088
1.175619,1.989799,1.129630
1.169030,1.979606,1.123211
1.162480,1.969464,1.116831
1.155969,1.959372,1.110490
1.149496,1.949330,1.104186
1.143062,1.939338,1.097920
1.136665,1.929396,1.091692
1.130306,1.919504,1.085501
1.123985,1.909661,1.079348
1.117701,1.899867,1.073231
1.111454,1.890122,1.067151
1.105244,1.880426,1.061108
1.099070,1.870778,1.055100
1.092933,1.861178,1.049129
1.086832,1.851626,1.043193
1.080767,1.842122,1.037293
1.074737,1.832666,1.031428
1.068742,1.823257,1.025598
1.062783,1.813895,1.019803
1.056859,1.804579,1.014042
1.050969,1.795311,1.008316
1.045114,1.786089,1.002624
1.039294,1.776913,0.996966
1.033507,1.767783,0.991341
1.027754,1.758699,0.985750
1.022035,1.749660,0.980192
1.016349,1.740667,0.974668
1.010697,1.731718,0.969176
1.005077,1.722815,0.963717
0.999490,1.713957,0.958290
0.993936,1.705142,0.952896
0.988415,1.696373,0.947533
0.982925,1.687647,0.942202
0.977467,1.678965,0.936903
0.972042,1.670327,0.931635
0.966647,1.661732,0.926399
0.961284,1.653180,0.921193
0.955953,1.644671,0.916019
0.950652,1.636206,0.910875
0.945382,1.627782,0.905761
0.940143,1.619402,0.900677
0.934934,1.611063,0.895624
0.929755,1.602767,0.890600
0.924607,1.594512,0.885606
0.919488,1.586299,0.880642
0.914399,1.578127,0.875707
0.909339,1.569996,0.870800
0.904309,1.561907,0.865923
0.899307,1.553858,0.861075
0.894335,1.545850,0.856255
0.889391,1.537882,0.851463
0.884476,1.529955,0.846699
0.879590,1.522067,0.841964
0.874731,1.514220,0.837256
0.869901,1.506412,0.832576
0.865098,1.498643,0.827924
0.860323,1.490914,0.823298
0.855576,1.483224,0.818700
0.850856,1.475572,0.814129
0.846163,1.467960,0.809585
0.841497,1.460386,0.805067
0.836858,1.452850,0.800575
0.832246,1.445353,0.796110
0.827660,1.437893,0.791671
0.823101,1.430471,0.787258
0.818568,1.423087,0.782871
0.814060,1.415740,0.778510
0.809579,1.408430,0.774173
0.805123,1.401158,0.769863
0.800693,1.393922,0.765577
0.796289,1.386723,0.761316
0.791909,1.379560,0.757080
0.787555,1.372434,0.752869
0.783225,1.365344,0.748683
0.778921,1.358290,0.744520
0.774641,1.351272,0.740382
0.770385,1.344289,0.736268
0.766154,1.337342,0.732178
0.761947,1.330430,0.728112
0.757764,1.323553,0.724069
0.753605,1.316711,0.720050
0.749469,1.309904,0.716054
0.745357,1.303132,0.712082
0.741269,1.296394,0.708132
0.737204,1.289690,0.704205
0.733162,1.283020,0.700301
0.729143,1.276385,0.696420
0.725147,1.269783,0.692561
0.721174,1.263214,0.688724
0.717223,1.256679,0.684910
0.713295,1.250177,0.681118
0.709389,1.243709,0.677347
0.705506,1.237273,0.673599
0.701644,1.230870,0.669872
0.697804,1.224500,0.666166
0.693987,1.218162,0.662482
0.690190,1.211857,0.658820
0.686416,1.205583,0.655178
0.682662,1.199342,0.651557
0.678930,1.193132,0.647958
0.675220,1.186954,0.644379
0.671530,1.180808,0.640820
0.667861,1.174693,0.637282
0.664213,1.168609,0.633764
0.660585,1.162556,0.630267
0.656978,1.156534,0.626790
0.653392,1.150543,0.623333
0.649826,1.144582,0.619895
0.646279,1.138652,0.616477
0.642753,1.132752,0.613079
0.639247,1.126882,0.609701
0.635761,1.121043,0.606342
0.632294,1.115233,0.603002
0.628847,1.109453,0.599681
0.625419,1.103702,0.596379
0.622011,1.097981,0.593096
0.618621,1.092289,0.589832
0.615251,1.086626,0.586587
0.611900,1.080992,0.583360
0.608568,1.075387,0.580152
0.605254,1.069810,0.576962
0.601959,1.064262,0.573790
0.598683,1.058743,0.570636
0.595425,1.053251,0.567501
0.592186,1.047788,0.564383
0.588964,1.042353,0.561283
0.585761,1.036946,0.558201
0.582576,1.031566,0.555136
0.579408,1.026214,0.552089
0.576258,1.020889,0.549059
0.573126,1.015592,0.546046
0.570012,1.010321,0.543051
0.566915,1.005078,0.540073
0.563835,0.999862,0.537111
0.560773,0.994672,0.534167
0.557728,0.989509,0.531239
0.554700,0.984372,0.528327
0.551688,0.979262,0.525433
0.548694,0.974178,0.522555
0.545716,0.969120,0.519693
0.542755,0.964088,0.516847
0.539811,0.959082,0.514018
0.536883,0.954102,0.511204
0.533972,0.949147,0.508407
0.531076,0.944217,0.505625
0.528197,0.939313,0.502859
0.525334,0.934434,0.500109
0.522487,0.929580,0.497374
0.519656,0.924751,0.494655
0.516840,0.919947,0.491952
0.514040,0.915167,0.489263
0.511256,0.910412,0.486590
0.508488,0.905682,0.483932
0.505734,0.900976,0.481289
0.502997,0.896294,0.478660
0.500274,0.891636,0.476047
0.497567,0.887002,0.473449
0.494874,0.882392,0.470865
0.492197,0.877805,0.468295
0.489534,0.873242,0.465741
0.486886,0.868703,0.463200
0.484253,0.864187,0.460674
0.481635,0.859694,0.458162
0.479031,0.855224,0.455664
0.476442,0.850777,0.453181
0.473867,0.846354,0.450711
0.471306,0.841953,0.448255
0.468760,0.837574,0.445813
0.466227,0.833218,0.443385
0.463709,0.828885,0.440971
0.461205,0.824574,0.438570
0.458714,0.820285,0.436182
0.456237,0.816018,0.433808
0.453775,0.811773,0.431447
0.451325,0.807550,0.429100
0.448889,0.803349,0.426766
0.446467,0.799169,0.424444
0.444058,0.795011,0.422136
0.441663,0.790875,0.419841
0.439281,0.786759,0.417559
0.436911,0.782665,0.415289
0.434555,0.778592,0.413032
0.432213,0.774540,0.410788
0.429882,0.770509,0.408556
0.427565,0.766499,0.406337
0.425261,0.762510,0.404130
0.422969,0.758541,0.401936
0.420690,0.754592,0.399754
0.418424,0.750664,0.397584
0.416170,0.746756,0.395426
0.413929,0.742868,0.393280
0.411699,0.739001,0.391147
0.409483,0.735153,0.389025
0.407278,0.731325,0.386915
0.405086,0.727517,0.384817
0.402905,0.723728,0.382730
0.400737,0.719960,0.380655
0.398581,0.716210,0.378592
0.396436,0.712480,0.376540
0.394303,0.708769,0.374500
0.392182,0.705078,0.372471
0.390073,0.701405,0.370453
0.387975,0.697752,0.368447
0.385889,0.694117,0.366451
0.383814,0.690501,0.364467
0.381751,0.686904,0.362494
0.379699,0.683325,0.360532
0.377658,0.679765,0.358581
0.375629,0.676223,0.356640
0.373611,0.672700,0.354711
0.371603,0.669195,0.352792
0.369607,0.665708,0.350884
0.367622,0.662238,0.348986
0.365648,0.658787,0.347099
0.363684,0.655354,0.345222
0.361731,0.651939,0.343356
0.359789,0.648541,0.341500
0.357858,0.645160,0.339655
0.355937,0.641798,0.337820
0.354027,0.638452,0.335994
0.352127,0.635124,0.334179
0.350237,0.631813,0.332375
0.348358,0.628520,0.330580
0.346490,0.625243,0.328795
0.344631,0.621983,0.327019
0.342783,0.618740,0.325254
0.340944,0.615514,0.323499
0.339116,0.612305,0.321753
0.337298,0.609112,0.320017
0.335490,0.605936,0.318290
0.333691,0.602776,0.316573
0.331903,0.599633,0.314866
0.330124,0.596506,0.313168
0.328355,0.593395,0.311479
0.326595,0.590300,0.309800
0.324846,0.587221,0.308130
0.323105,0.584158,0.306469
0.321375,0.581111,0.304817
0.319653,0.578080,0.303174
0.317942,0.575065,0.301541
0.316239,0.572065,0.299916
0.314546,0.569081,0.298301
0.312862,0.566112,0.296694
0.311187,0.563158,0.295096
0.309521,0.560220,0.293507
0.307865,0.557297,0.291927
0.306217,0.554389,0.290356
0.304578,0.551497,0.288793
0.302949,0.548619,0.287239
0.301328,0.545756,0.285693
0.299716,0.542908,0.284156
0.298113,0.540075,0.282627
0.296518,0.537257,0.281107
0.294933,0.534453,0.279595
0.293355,0.531664,0.278091
0.291787,0.528889,0.276596
0.290227,0.526129,0.275109
0.288675,0.523382,0.273630
0.287132,0.520651,0.272159
0.285597,0.517933,0.270696
0.284071,0.515229,0.269241
0.282553,0.512540,0.267794
0.281043,0.509864,0.266356
0.279542,0.507203,0.264925
0.278048,0.504555,0.263502
0.276563,0.501920,0.262086
0.275085,0.499300,0.260679
0.273616,0.496693,0.259279
0.272155,0.494100,0.257887
0.270702,0.491520,0.256502
0.269256,0.488954,0.255125
0.267818,0.486400,0.253756
0.266389,0.483861,0.252394
0.264967,0.481334,0.251040
0.263552,0.478820,0.249693
0.262146,0.476320,0.248353
0.260747,0.473832,0.247021
0.259355,0.471358,0.245696
0.257971,0.468896,0.244378
0.256595,0.466447,0.243068
0.255226,0.464011,0.241764
0.253864,0.461587,0.240468
0.252510,0.459176,0.239179
0.251163,0.456778,0.237897
0.249824,0.454392,0.236622
0.248491,0.452018,0.235354
0.247166,0.449657,0.234093
0.245848,0.447308,0.232838
0.244538,0.444971,0.231591
0.243234,0.442646,0.230350
0.241937,0.440334,0.229116
0.240648,0.438033,0.227889
0.239365,0.435745,0.226669
0.238089,0.433468,0.225455
0.236821,0.431203,0.224248
0.235559,0.428950,0.223047
0.234303,0.426709,0.221853
0.233055,0.424479,0.220665
0.231814,0.422261,0.219484
0.230579,0.420055,0.218310
0.229350,0.417860,0.217142
0.228129,0.415676,0.215980
0.226914,0.413504,0.214824
0.225705,0.411343,0.213675
0.224504,0.409193,0.212532
0.223308,0.407054,0.211395
0.222119,0.404927,0.210265
0.220937,0.402811,0.209140
0.219761,0.400705,0.208022
0.218591,0.398611,0.206910
0.217427,0.396527,0.205803
0.216270,0.394455,0.204703
0.215119,0.392393,0.203609
0.213974,0.390342,0.202521
0.212836,0.388301,0.201439
0.211703,0.386271,0.200362
0.210577,0.384252,0.199292
0.209456,0.382243,0.198227
0.208342,0.380245,0.197168
0.207234,0.378257,0.196115
0.206132,0.376280,0.195067
0.205035,0.374312,0.194025
0.203945,0.372355,0.192989
0.202860,0.370408,0.191958
0.201782,0.368472,0.190934
0.200709,0.366545,0.189914
0.199642,0.364629,0.188900
0.198580,0.362722,0.187892
0.197524,0.360825,0.186889
0.196474,0.358938,0.185892
0.195430,0.357062,0.184899
0.194391,0.355194,0.183913
0.193358,0.353337,0.182931
0.192331,0.351489,0.181955
0.191309,0.349651,0.180985
0.190292,0.347822,0.180019
0.189281,0.346003,0.179059
0.188275,0.344194,0.178104
0.187275,0.342394,0.177154
0.186280,0.340603,0.176209
0.185291,0.338821,0.175270
0.184306,0.337049,0.174335
0.183327,0.335286,0.173406
0.182354,0.333533,0.172481
0.181385,0.331788,0.171562
0.180422,0.330052,0.170647
0.179464,0.328326,0.169738
0.178511,0.326608,0.168833
0.177563,0.324900,0.167933
0.176620,0.323200,0.167039
0.175683,0.321510,0.166149
0.174750,0.319828,0.165263
0.173823,0.318155,0.164383
0.172900,0.316490,0.163507
0.171982,0.314834,0.162636
0.171069,0.313187,0.161770
0.170161,0.311549,0.160908
0.169258,0.309919,0.160052
0.168360,0.308297,0.159199
0.167467,0.306684,0.158352
0.166578,0.305079,0.157508
0.165695,0.303483,0.156670
0.164816,0.301895,0.155836
0.163941,0.300316,0.155006
0.163072,0.298744,0.154181
0.162207,0.297181,0.153361
0.161346,0.295626,0.152544
0.160490,0.294079,0.151733
0.159639,0.292540,0.150925
0.158793,0.291009,0.150122
0.157950,0.289486,0.149323
0.157113,0.287971,0.148529
0.156280,0.286464,0.147739
0.155451,0.284965,0.146953
0.154627,0.283474,0.146171
0.153807,0.281990,0.145394
0.152992,0.280514,0.144621
0.152181,0.279046,0.143851
0.151374,0.277586,0.143087
0.150572,0.276133,0.142326
0.149774,0.274688,0.141569
0.148980,0.273250,0.140816
0.148190,0.271820,0.140068
0.147405,0.270397,0.139323
0.146624,0.268982,0.138582
0.145847,0.267574,0.137846
0.145074,0.266173,0.137113
0.144305,0.264780,0.136385
0.143541,0.263394,0.135660
0.142780,0.262015,0.134939
0.142024,0.260643,0.134222
0.141272,0.259279,0.133509
0.140523,0.257922,0.132799
0.139779,0.256572,0.132094
0.139039,0.255228,0.131392
0.138302,0.253892,0.130694
0.137570,0.252563,0.130000
0.136841,0.251241,0.129310
0.136116,0.249925,0.128623
0.135396,0.248617,0.127940
0.134679,0.247315,0.127260
0.133966,0.246021,0.126585
0.133256,0.244732,0.125912
0.132551,0.243451,0.125244
0.131849,0.242176,0.124579
0.131151,0.240908,0.123918
0.130457,0.239647,0.123260
0.129766,0.238392,0.122605
0.129079,0.237144,0.121955
0.128396,0.235902,0.121307
0.127716,0.234667,0.120664
0.127040,0.233438,0.120023
0.126368,0.232216,0.119386
0.125699,0.231000,0.118753
0.125034,0.229790,0.118123
0.124372,0.228587,0.117496
0.123714,0.227390,0.116873
0.123060,0.226199,0.116253
0.122409,0.225015,0.115636
0.121761,0.223836,0.115022
0.121117,0.222664,0.114412
0.120476,0.221498,0.113805
0.119839,0.220338,0.113202
0.119205,0.219184,0.112601
0.118574,0.218036,0.112004
0.117947,0.216894,0.111410
0.117323,0.215758,0.110820
0.116702,0.214628,0.110232
0.116085,0.213504,0.109647
0.115471,0.212386,0.109066
0.114861,0.211274,0.108488
0.114253,0.210167,0.107913
0.113649,0.209066,0.107341
0.113048,0.207971,0.106772
0.112450,0.206882,0.106206
0.111856,0.205798,0.105643
0.111264,0.204720,0.105083
0.110676,0.203648,0.104526
0.110091,0.202581,0.103972
0.109509,0.201520,0.103421
0.108930,0.200465,0.102873
0.108354,0.199414,0.102328
0.107781,0.198370,0.101786
0.107211,0.197331,0.101247
0.106645,0.196297,0.100710
0.106081,0.195269,0.100177
0.105520,0.194246,0.099646
0.104963,0.193228,0.099118
0.104408,0.192216,0.098593
0.103856,0.191209,0.098071
0.103307,0.190207,0.097551
0.102761,0.189211,0.097035
0.102218,0.188220,0.096521
0.101678,0.187234,0.096010
0.101141,0.186253,0.095501
0.100607,0.185277,0.094996
0.100075,0.184306,0.094493
0.099546,0.183341,0.093992
0.099020,0.182380,0.093495
0.098497,0.181424,0.093000
0.097977,0.180474,0.092507
0.097459,0.179528,0.092018
0.096944,0.178588,0.091531
0.096432,0.177652,0.091046
0.095923,0.176721,0.090564
0.095416,0.175795,0.090085
0.094912,0.174874,0.089608
0.094411,0.173958,0.089134
0.093912,0.173046,0.088662
0.093416,0.172140,0.088193
0.092923,0.171238,0.087726
0.092432,0.170340,0.087262
0.091944,0.169448,0.086800
0.091459,0.168560,0.086341
0.090976,0.167677,0.085884
0.090495,0.166798,0.085430
0.090018,0.165924,0.084978
0.089542,0.165055,0.084528
0.089070,0.164190,0.084081
0.088599,0.163329,0.083636
0.088131,0.162473,0.083194
0.087666,0.161622,0.082754
0.087203,0.160775,0.082316
0.086743,0.159932,0.081881
0.086285,0.159094,0.081448
0.085830,0.158261,0.081017
0.085377,0.157431,0.080588
0.084926,0.156606,0.080162
0.084478,0.155785,0.079738
0.084032,0.154969,0.079317
0.083588,0.154157,0.078897
0.083147,0.153349,0.078480
0.082708,0.152545,0.078065
0.082272,0.151746,0.077652
0.081838,0.150951,0.077242
0.081406,0.150159,0.076834
0.080976,0.149372,0.076427
0.080549,0.148590,0.076023
0.080124,0.147811,0.075622
0.079701,0.147036,0.075222
0.079280,0.146265,0.074824
0.078862,0.145499,0.074429
0.078446,0.144736,0.074035
0.078032,0.143978,0.073644
0.077620,0.143223,0.073255
0.077211,0.142472,0.072868
0.076804,0.141726,0.072483
0.076398,0.140983,0.072100
0.075995,0.140244,0.071719
0.075595,0.139509,0.071340
0.075196,0.138777,0.070963
0.074799,0.138050,0.070588
0.074405,0.137326,0.070215
0.074012,0.136606,0.069844
0.073622,0.135890,0.069475
0.073233,0.135178,0.069108
0.072847,0.134469,0.068743
0.072463,0.133765,0.068380
0.072081,0.133063,0.068018
0.071701,0.132366,0.067659
0.071322,0.131672,0.067302
0.070946,0.130982,0.066946
0.070572,0.130295,0.066593
0.070200,0.129612,0.066241
0.069830,0.128933,0.065891
0.069462,0.128257,0.065543
0.069095,0.127584,0.065197
0.068731,0.126916,0.064853
0.068369,0.126250,0.064510
0.068008,0.125588,0.064170
0.067650,0.124930,0.063831
0.067293,0.124275,0.063494
0.066938,0.123624,0.063158
0.066585,0.122976,0.062825
0.066234,0.122331,0.062493
0.065885,0.121689,0.062163
0.065538,0.121052,0.061835
0.065192,0.120417,0.061509
0.064848,0.119786,0.061184
0.064507,0.119158,0.060861
0.064167,0.118533,0.060540
0.063828,0.117911,0.060220
0.063492,0.117293,0.059902
0.063157,0.116678,0.059586
0.062824,0.116067,0.059272
0.062493,0.115458,0.058959
0.062164,0.114853,0.058648
0.061836,0.114250,0.058338
0.061510,0.113651,0.058030
0.061186,0.113056,0.057724
0.060864,0.112463,0.057419
0.060543,0.111873,0.057116
0.060224,0.111287,0.056815
0.059906,0.110703,0.056515
0.059591,0.110123,0.056217
0.059277,0.109545,0.055920
0.058964,0.108971,0.055625
0.058654,0.108400,0.055332
0.058344,0.107831,0.055040
0.058037,0.107266,0.054749
0.057731,0.106703,0.054460
0.057427,0.106144,0.054173
0.057124,0.105587,0.053887
0.056823,0.105034,0.053603
0.056524,0.104483,0.053320
0.056226,0.103935,0.053039
0.055930,0.103390,0.052759
0.055635,0.102848,0.052481
0.055342,0.102309,0.052204
0.055051,0.101772,0.051929
0.054761,0.101238,0.051655
0.054472,0.100708,0.051382
0.054185,0.100179,0.051111
0.053900,0.099654,0.050842
0.053616,0.099132,0.050574
0.053333,0.098612,0.050307
0.053053,0.098095,0.050042
0.052773,0.097580,0.049778
0.052495,0.097068,0.049515
0.052219,0.096559,0.049254
0.051944,0.096053,0.048994
0.051670,0.095549,0.048736
0.051398,0.095048,0.048479
0.051127,0.094550,0.048223
0.050858,0.094054,0.047969
0.050590,0.093561,0.047716
0.050324,0.093070,0.047465
0.050059,0.092582,0.047214
0.049795,0.092097,0.046965
0.049533,0.091614,0.046718
0.049272,0.091133,0.046472
0.049012,0.090655,0.046227
0.048754,0.090180,0.045983
0.048497,0.089707,0.045740
0.048242,0.089236,0.045499
0.047988,0.088768,0.045259
0.047735,0.088303,0.045021
0.047484,0.087840,0.044784
0.047234,0.087379,0.044547
0.046985,0.086921,0.044313
0.046738,0.086465,0.044079
0.046492,0.086012,0.043847
0.046247,0.085560,0.043616
0.046003,0.085112,0.043386
0.045761,0.084665,0.043157
0.045520,0.084221,0.042930
0.045281,0.083780,0.042703
0.045042,0.083340,0.042478
0.044805,0.082903,0.042255
0.044569,0.082468,0.042032
0.044335,0.082036,0.041810
0.044101,0.081605,0.041590
0.043869,0.081177,0.041371
0.043638,0.080752,0.041153
0.043408,0.080328,0.040936
0.043180,0.079907,0.040720
0.042953,0.079488,0.040506
0.042726,0.079071,0.040292
0.042502,0.078656,0.040080
0.042278,0.078244,0.039869
0.042055,0.077833,0.039659
0.041834,0.077425,0.039450
0.041614,0.077019,0.039242
0.041395,0.076615,0.039035
0.041177,0.076213,0.038830
0.040960,0.075813,0.038625
0.040744,0.075416,0.038422
0.040530,0.075020,0.038219
0.040317,0.074627,0.038018
0.040105,0.074235,0.037818
0.039893,0.073846,0.037618
0.039683,0.073458,0.037420
0.039475,0.073073,0.037223
0.039267,0.072690,0.037027
0.039060,0.072308,0.036832
0.038855,0.071929,0.036638
0.038650,0.071552,0.036445
0.038447,0.071177,0.036253
0.038244,0.070803,0.036062
0.038043,0.070432,0.035872
0.037843,0.070062,0.035683
0.037644,0.069695,0.035495
0.037446,0.069329,0.035308
0.037249,0.068966,0.035122
0.037053,0.068604,0.034937
0.036858,0.068244,0.034753
0.036664,0.067886,0.034570
0.036471,0.067530,0.034388
0.036279,0.067176,0.034207
0.036088,0.066823,0.034027
0.035898,0.066473,0.033848
0.035709,0.066124,0.033670
0.035521,0.065777,0.033492
0.035335,0.065432,0.033316
0.035149,0.065089,0.033141
0.034964,0.064747,0.032966
0.034780,0.064408,0.032792
0.034597,0.064070,0.032620
0.034415,0.063734,0.032448
0.034234,0.063400,0.032277
0.034054,0.063067,0.032107
0.033874,0.062736,0.031938
0.033696,0.062407,0.031770
0.033519,0.062080,0.031603
0.033343,0.061754,0.031436
0.033167,0.061430,0.031271
0.032993,0.061108,0.031106
0.032819,0.060787,0.030943
0.032646,0.060468,0.030780
0.032475,0.060151,0.030618
0.032304,0.059836,0.030456
0.032134,0.059522,0.030296
0.031965,0.059209,0.030137
0.031797,0.058899,0.029978
0.031630,0.058590,0.029820
0.031463,0.058282,0.029663
0.031298,0.057977,0.029507
0.031133,0.057672,0.029352
0.030969,0.057370,0.029197
0.030806,0.057069,0.029044
0.030644,0.056770,0.028891
0.030483,0.056472,0.028739
0.030323,0.056175,0.028587
0.030163,0.055881,0.028437
0.030005,0.055588,0.028287
0.029847,0.055296,0.028138
0.029690,0.055006,0.027990
0.029534,0.054717,0.027843
0.029378,0.054430,0.027696
0.029224,0.054145,0.027551
0.029070,0.053861,0.027406
0.028917,0.053578,0.027261
0.028765,0.053297,0.027118
0.028614,0.053017,0.026975
0.028463,0.052739,0.026833
0.028314,0.052462,0.026692
0.028165,0.052187,0.026552
0.028017,0.051913,0.026412
0.027869,0.051641,0.026273
0.027723,0.051370,0.026135
0.027577,0.051101,0.025997
0.027432,0.050833,0.025860
0.027288,0.050566,0.025724
0.027144,0.050301,0.025589
0.027002,0.050037,0.025454
0.026860,0.049774,0.025320
0.026718,0.049513,0.025187
0.026578,0.049253,0.025055
0.026438,0.048995,0.024923
0.026299,0.048738,0.024792
0.026161,0.048482,0.024661
0.026023,0.048228,0.024531
0.025886,0.047975,0.024402
0.025750,0.047723,0.024274
0.025615,0.047473,0.024146
0.025480,0.047223,0.024019
0.025346,0.046976,0.023893
0.025213,0.046729,0.023767
0.025080,0.046484,0.023642
0.024948,0.046240,0.023518
0.024817,0.045998,0.023394
0.024687,0.045756,0.023271
0.024557,0.045516,0.023149
0.024428,0.045277,0.023027
0.024299,0.045040,0.022906
0.024172,0.044803,0.022785
0.024045,0.044568,0.022665
0.023918,0.044334,0.022546
0.023792,0.044102,0.022427
0.023667,0.043870,0.022309
0.023543,0.043640,0.022192
0.023419,0.043411,0.022075
0.023296,0.043184,0.021959
0.023174,0.042957,0.021844
0.023052,0.042732,0.021729
0.022931,0.042507,0.021615
0.022810,0.042284,0.021501
0.022690,0.042062,0.021388
0.022571,0.041842,0.021275
0.022452,0.041622,0.021163
0.022334,0.041404,0.021052
0.022217,0.041187,0.020941
0.022100,0.040970,0.020831
0.021984,0.040755,0.020722
0.021868,0.040542,0.020613
0.021753,0.040329,0.020504
0.021639,0.040117,0.020396
0.021525,0.039907,0.020289
0.021412,0.039697,0.020182
0.021299,0.039489,0.020076
0.021187,0.039282,0.019971
0.021076,0.039076,0.019866
0.020965,0.038871,0.019761
0.020855,0.038667,0.019657
0.020745,0.038464,0.019554
0.020636,0.038262,0.019451
0.020528,0.038061,0.019349
0.020420,0.037862,0.019247
0.020313,0.037663,0.019146
0.020206,0.037465,0.019045
0.020100,0.037269,0.018945
0.019994,0.037073,0.018845
0.019889,0.036879,0.018746
0.019784,0.036685,0.018648
0.019680,0.036493,0.018550
0.019577,0.036301,0.018452
0.019474,0.036111,0.018355
0.019372,0.035921,0.018259
0.019270,0.035733,0.018163
0.019169,0.035545,0.018067
0.019068,0.035359,0.017972
0.018968,0.035173,0.017878
0.018868,0.034989,0.017784
0.018769,0.034805,0.017690
0.018670,0.034622,0.017597
0.018572,0.034441,0.017504
0.018474,0.034260,0.017412
0.018377,0.034080,0.017321
0.018281,0.033901,0.017230
0.018185,0.033723,0.017139
0.018089,0.033546,0.017049
0.017994,0.033370,0.016959
0.017899,0.033195,0.016870
0.017805,0.033021,0.016782
0.017712,0.032848,0.016693
0.017619,0.032675,0.016606
0.017526,0.032504,0.016518
0.017434,0.032333,0.016431
0.017342,0.032164,0.016345
0.017251,0.031995,0.016259
0.017161,0.031827,0.016174
0.017070,0.031660,0.016089
0.016981,0.031494,0.016004
0.016891,0.031329,0.015920
0.016803,0.031164,0.015836
0.016714,0.031001,0.015753
0.016627,0.030838,0.015670
0.016539,0.030676,0.015588
0.016452,0.030515,0.015506
0.016366,0.030355,0.015424
0.016280,0.030196,0.015343
0.016194,0.030037,0.015263
0.016109,0.029880,0.015182
0.016025,0.029723,0.015103
0.015940,0.029567,0.015023
0.015857,0.029412,0.014944
0.015773,0.029257,0.014866
0.015690,0.029104,0.014787
0.015608,0.028951,0.014710
0.015526,0.028799,0.014632
0.015444,0.028648,0.014556
0.015363,0.028498,0.014479
0.015282,0.028348,0.014403
0.015202,0.028199,0.014327
0.015122,0.028051,0.014252
0.015043,0.027904,0.014177
0.014964,0.027758,0.014102
0.014885,0.027612,0.014028
0.014807,0.027467,0.013955
0.014729,0.027323,0.013881
0.014652,0.027180,0.013808
0.014575,0.027037,0.013736
0.014498,0.026895,0.013664
0.014422,0.026754,0.013592
0.014346,0.026614,0.013520
0.014271,0.026474,0.013449
0.014196,0.026335,0.013379
0.014121,0.026197,0.013308
0.014047,0.026059,0.013238
0.013973,0.025923,0.013169
0.013900,0.025787,0.013099
0.013827,0.025651,0.013031
0.013754,0.025517,0.012962
0.013682,0.025383,0.012894
0.013610,0.025250,0.012826
0.013539,0.025117,0.012759
0.013467,0.024985,0.012692
0.013397,0.024854,0.012625
0.013326,0.024724,0.012559
0.013256,0.024594,0.012493
0.013187,0.024465,0.012427
0.013117,0.024336,0.012362
0.013048,0.024209,0.012297
0.012980,0.024082,0.012232
0.012912,0.023955,0.012168
0.012844,0.023830,0.012104
0.012776,0.023705,0.012040
0.012709,0.023580,0.011977
0.012642,0.023456,0.011914
0.012576,0.023333,0.011852
0.012510,0.023211,0.011789
0.012444,0.023089,0.011727
0.012379,0.022968,0.011666
0.012314,0.022847,0.011604
0.012249,0.022727,0.011543
0.012185,0.022608,0.011483
0.012121,0.022489,0.011422
0.012057,0.022371,0.011362
0.011994,0.022254,0.011303
0.011931,0.022137,0.011243
0.011868,0.022021,0.011184
0.011806,0.021906,0.011125
0.011744,0.021791,0.011067
0.011682,0.021676,0.011009
0.011621,0.021562,0.010951
0.011560,0.021449,0.010893
0.011499,0.021337,0.010836
0.011438,0.021225,0.010779
0.011378,0.021113,0.010723
0.011319,0.021003,0.010666
0.011259,0.020892,0.010610
0.011200,0.020783,0.010554
0.011141,0.020674,0.010499
0.011083,0.020565,0.010444
0.011024,0.020457,0.010389
0.010966,0.020350,0.010334
0.010909,0.020243,0.010280
0.010852,0.020137,0.010226
0.010795,0.020031,0.010172
0.010738,0.019926,0.010119
0.010681,0.019821,0.010066
0.010625,0.019717,0.010013
0.010570,0.019614,0.009960
0.010514,0.019511,0.009908
0.010459,0.019409,0.009856
0.010404,0.019307,0.009804
0.010349,0.019205,0.009752
0.010295,0.019105,0.009701
0.010241,0.019004,0.009650
0.010187,0.018905,0.009600
0.010133,0.018805,0.009549
0.010080,0.018707,0.009499
0.010027,0.018608,0.009449
0.009975,0.018511,0.009399
0.009922,0.018414,0.009350
0.009870,0.018317,0.009301
0.009818,0.018221,0.009252
0.009767,0.018125,0.009203
0.009715,0.018030,0.009155
0.009664,0.017935,0.009107
0.009614,0.017841,0.009059
0.009563,0.017748,0.009012
0.009513,0.017655,0.008964
0.009463,0.017562,0.008917
0.009413,0.017470,0.008870
0.009364,0.017378,0.008824
0.009315,0.017287,0.008777
0.009266,0.017196,0.008731
0.009217,0.017106,0.008685
0.009169,0.017016,0.008640
0.009120,0.016927,0.008594
0.009072,0.016838,0.008549
0.009025,0.016750,0.008504
0.008977,0.016662,0.008460
0.008930,0.016574,0.008415
0.008883,0.016487,0.008371
0.008837,0.016401,0.008327
0.008790,0.016315,0.008283
0.008744,0.016229,0.008240
0.008698,0.016144,0.008196
0.008653,0.016059,0.008153
0.008607,0.015975,0.008110
0.008562,0.015891,0.008068
0.008517,0.015808,0.008025
0.008472,0.015725,0.007983
0.008428,0.015642,0.007941
0.008383,0.015560,0.007900
0.008339,0.015478,0.007858
0.008296,0.015397,0.007817
0.008252,0.015316,0.007776
0.008209,0.015236,0.007735
0.008166,0.015156,0.007694
0.008123,0.015076,0.007654
0.008080,0.014997,0.007614
0.008038,0.014919,0.007574
0.007995,0.014840,0.007534
0.007953,0.014762,0.007494
0.007912,0.014685,0.007455
0.007870,0.014608,0.007416
0.007829,0.014531,0.007377
0.007788,0.014455,0.007338
0.007747,0.014379,0.007300
0.007706,0.014303,0.007261
0.007666,0.014228,0.007223
0.007625,0.014154,0.007185
0.007585,0.014079,0.007147
0.007545,0.014006,0.007110
0.007506,0.013932,0.007073
0.007466,0.013859,0.007035
0.007427,0.013786,0.006998
0.007388,0.013714,0.006962
0.007349,0.013642,0.006925
0.007311,0.013570,0.006889
0.007272,0.013499,0.006853
0.007234,0.013428,0.006817
0.007196,0.013358,0.006781
0.007158,0.013288,0.006745
0.007121,0.013218,0.006710
0.007083,0.013148,0.006674
0.007046,0.013079,0.006639
0.007009,0.013011,0.006605
0.006972,0.012943,0.006570
0.006936,0.012875,0.006535
0.006899,0.012807,0.006501
0.006863,0.012740,0.006467
0.006827,0.012673,0.006433
0.006791,0.012606,0.006399
0.006756,0.012540,0.006365
0.006720,0.012474,0.006332
0.006685,0.012409,0.006299
0.006650,0.012344,0.006266
0.006615,0.012279,0.006233
0.006580,0.012215,0.006200
0.006545,0.012150,0.006167
0.006511,0.012087,0.006135
0.006477,0.012023,0.006103
0.006443,0.011960,0.006071
0.006409,0.011897,0.006039
0.006375,0.011835,0.006007
0.006342,0.011773,0.005976
0.006309,0.011711,0.005944
0.006275,0.011650,0.005913
0.006242,0.011588,0.005882
0.006210,0.011528,0.005851
0.006177,0.011467,0.005820
0.006145,0.011407,0.005790
0.006112,0.011347,0.005759
0.006080,0.011287,0.005729
0.006048,0.011228,0.005699
0.006017,0.011169,0.005669
0.005985,0.011111,0.005639
0.005954,0.011052,0.005610
0.005922,0.010994,0.005580
0.005891,0.010937,0.005551
0.005860,0.010879,0.005522
0.005829,0.010822,0.005493
0.005799,0.010765,0.005464
0.005768,0.010709,0.005435
0.005738,0.010653,0.005407
0.005708,0.010597,0.005378
0.005678,0.010541,0.005350
0.005648,0.010486,0.005322
0.005619,0.010431,0.005294
0.005589,0.010376,0.005266
0.005560,0.010322,0.005239
0.005530,0.010267,0.005211
0.005501,0.010213,0.005184
0.005473,0.010160,0.005156
0.005444,0.010107,0.005129
0.005415,0.010053,0.005102
0.005387,0.010001,0.005076
0.005359,0.009948,0.005049
0.005330,0.009896,0.005022
0.005302,0.009844,0.004996
0.005275,0.009792,0.004970
0.005247,0.009741,0.004944
0.005219,0.009690,0.004918
0.005192,0.009639,0.004892
0.005165,0.009588,0.004866
0.005138,0.009538,0.004841
0.005111,0.009488,0.004815
0.005084,0.009438,0.004790
0.005057,0.009389,0.004765
0.005030,0.009339,0.004740
0.005004,0.009290,0.004715
0.004978,0.009242,0.004690
0.004952,0.009193,0.004666
0.004926,0.009145,0.004641
0.004900,0.009097,0.004617
0.004874,0.009049,0.004592
0.004848,0.009002,0.004568
0.004823,0.008954,0.004544
0.004798,0.008907,0.004520
0.004772,0.008861,0.004497
0.004747,0.008814,0.004473
0.004722,0.008768,0.004450
0.004698,0.008722,0.004426
0.004673,0.008676,0.004403
0.004648,0.008630,0.004380
0.004624,0.008585,0.004357
0.004600,0.008540,0.004334
0.004576,0.008495,0.004311
0.004552,0.008451,0.004289
0.004528,0.008406,0.004266
0.004504,0.008362,0.004244
0.004480,0.008318,0.004221
0.004457,0.008275,0.004199
0.004433,0.008231,0.004177
0.004410,0.008188,0.004155
0.004387,0.008145,0.004133
0.004364,0.008102,0.004112
0.004341,0.008060,0.004090
0.004318,0.008017,0.004069
0.004295,0.007975,0.004047
0.004273,0.007934,0.004026
0.004250,0.007892,0.004005
0.004228,0.007850,0.003984
0.004206,0.007809,0.003963
0.004184,0.007768,0.003942
0.004162,0.007728,0.003921
0.004140,0.007687,0.003901
0.004118,0.007647,0.003880
0.004097,0.007606,0.003860
0.004075,0.007567,0.003840
0.004054,0.007527,0.003820
0.004033,0.007487,0.003799
0.004011,0.007448,0.003780
0.003990,0.007409,0.003760
0.003969,0.007370,0.003740
0.003948,0.007331,0.003720
0.003928,0.007293,0.003701
0.003907,0.007255,0.003681
0.003887,0.007217,0.003662
0.003866,0.007179,0.003643
0.003846,0.007141,0.003624
0.003826,0.007103,0.003605
0.003806,0.007066,0.003586
0.003786,0.007029,0.003567
0.003766,0.006992,0.003548
0.003746,0.006955,0.003529
0.003726,0.006919,0.003511
0.003707,0.006883,0.003493
0.003687,0.006847,0.003474
0.003668,0.006811,0.003456
0.003649,0.006775,0.003438
0.003630,0.006739,0.003420
0.003610,0.006704,0.003402
0.003592,0.006669,0.003384
0.003573,0.006634,0.003366
0.003554,0.006599,0.003348
0.003535,0.006564,0.003331
0.003517,0.006530,0.003313
0.003498,0.006496,0.003296
0.003480,0.006461,0.003279
0.003462,0.006428,0.003261
0.003443,0.006394,0.003244
0.003425,0.006360,0.003227
0.003407,0.006327,0.003210
0.003389,0.006294,0.003194
0.003372,0.006261,0.003177
0.003354,0.006228,0.003160
0.003336,0.006195,0.003143
0.003319,0.006163,0.003127
0.003301,0.006130,0.003111
0.003284,0.006098,0.003094
0.003267,0.006066,0.003078
0.003250,0.006034,0.003062
0.003233,0.006002,0.003046
0.003216,0.005971,0.003030
0.003199,0.005940,0.003014
0.003182,0.005908,0.002998
0.003165,0.005877,0.002982
0.003149,0.005847,0.002967
0.003132,0.005816,0.002951
0.003116,0.005785,0.002936
0.003099,0.005755,0.002920
0.003083,0.005725,0.002905
0.003067,0.005695,0.002890
0.003051,0.005665,0.002874
0.003035,0.005635,0.002859
0.003019,0.005606,0.002844
0.003003,0.005576,0.002829
0.002987,0.005547,0.002814
0.002971,0.005518,0.002800
0.002956,0.005489,0.002785
0.002940,0.005460,0.002770
0.002925,0.005431,0.002756
0.002910,0.005403,0.002741
0.002894,0.005374,0.002727
0.002879,0.005346,0.002713
0.002864,0.005318,0.002698
0.002849,0.005290,0.002684
0.002834,0.005262,0.002670
0.002819,0.005235,0.002656
0.002804,0.005207,0.002642
0.002790,0.005180,0.002628
0.002775,0.005153,0.002614
0.002760,0.005126,0.002601
0.002746,0.005099,0.002587
0.002731,0.005072,0.002574
0.002717,0.005046,0.002560
0.002703,0.005019,0.002547
0.002689,0.004993,0.002533
0.002675,0.004966,0.002520
0.002660,0.004940,0.002507
0.002647,0.004914,0.002493
0.002633,0.004889,0.002480
0.002619,0.004863,0.002467
0.002605,0.004837,0.002454
0.002591,0.004812,0.002442
0.002578,0.004787,0.002429
0.002564,0.004762,0.002416
0.002551,0.004737,0.002403
0.002537,0.004712,0.002391
0.002524,0.004687,0.002378
0.002511,0.004663,0.002366
0.002498,0.004638,0.002353
0.002485,0.004614,0.002341
0.002471,0.004589,0.002329
0.002459,0.004565,0.002316
0.002446,0.004541,0.002304
0.002433,0.004518,0.002292
0.002420,0.004494,0.002280
0.002407,0.004470,0.002268
0.002395,0.004447,0.002256
0.002382,0.004423,0.002244
0.002370,0.004400,0.002233
0.002357,0.004377,0.002221
0.002345,0.004354,0.002209
0.002332,0.004331,0.002198
0.002320,0.004309,0.002186
0.002308,0.004286,0.002175
0.002296,0.004263,0.002163
0.002284,0.004241,0.002152
0.002272,0.004219,0.002140
0.002260,0.004197,0.002129
0.002248,0.004175,0.002118
0.002236,0.004153,0.002107
0.002225,0.004131,0.002096
0.002213,0.004109,0.002085
0.002201,0.004088,0.002074
0.002190,0.004066,0.002063
0.002178,0.004045,0.002052
0.002167,0.004024,0.002041
0.002155,0.004003,0.002031
0.002144,0.003982,0.002020
0.002133,0.003961,0.002009
0.002122,0.003940,0.001999
0.002110,0.003919,0.001988
0.002099,0.003899,0.001978
0.002088,0.003878,0.001968
0.002077,0.003858,0.001957
0.002066,0.003838,0.001947
0.002056,0.003817,0.001937
0.002045,0.003797,0.001927
0.002034,0.003777,0.001916
0.002023,0.003758,0.001906
0.002013,0.003738,0.001896
0.002002,0.003718,0.001886
0.001992,0.003699,0.001877
0.001981,0.003679,0.001867
0.001971,0.003660,0.001857
0.001961,0.003641,0.001847
0.001950,0.003622,0.001837
0.001940,0.003603,0.001828
0.001930,0.003584,0.001818
0.001920,0.003565,0.001809
0.001910,0.003546,0.001799
0.001900,0.003528,0.001790
0.001890,0.003509,0.001780
0.001880,0.003491,0.001771
0.001870,0.003472,0.001762
0.001860,0.003454,0.001752
0.001850,0.003436,0.001743
0.001841,0.003418,0.001734
0.001831,0.003400,0.001725
0.001821,0.003382,0.001716
0.001812,0.003364,0.001707
0.001802,0.003347,0.001698
0.001793,0.003329,0.001689
0.001783,0.003312,0.001680
0.001774,0.003294,0.001671
0.001765,0.003277,0.001663
0.001755,0.003260,0.001654
0.001746,0.003243,0.001645
0.001737,0.003226,0.001636
0.001728,0.003209,0.001628
0.001719,0.003192,0.001619
0.001710,0.003175,0.001611
0.001701,0.003159,0.001602
0.001692,0.003142,0.001594
0.001683,0.003125,0.001586
0.001674,0.003109,0.001577
0.001665,0.003093,0.001569
0.001657,0.003076,0.001561
0.001648,0.003060,0.001553
0.001639,0.003044,0.001544
0.001631,0.003028,0.001536
0.001622,0.003012,0.001528
0.001614,0.002997,0.001520
0.001605,0.002981,0.001512
0.001597,0.002965,0.001504
0.001588,0.002950,0.001496
0.001580,0.002934,0.001489
0.001572,0.002919,0.001481
0.001563,0.002903,0.001473
0.001555,0.002888,0.001465
0.001547,0.002873,0.001458
0.001539,0.002858,0.001450
0.001531,0.002843,0.001442
0.001523,0.002828,0.001435
0.001515,0.002813,0.001427
0.001507,0.002798,0.001420
0.001499,0.002784,0.001412
0.001491,0.002769,0.001405
0.001483,0.002755,0.001397
0.001475,0.002740,0.001390
0.001468,0.002726,0.001383
0.001460,0.002711,0.001376
0.001452,0.002697,0.001368
0.001445,0.002683,0.001361
0.001437,0.002669,0.001354
0.001430,0.002655,0.001347
0.001422,0.002641,0.001340
0.001415,0.002627,0.001333
0.001407,0.002613,0.001326
0.001400,0.002600,0.001319
0.001392,0.002586,0.001312
0.001385,0.002572,0.001305
0.001378,0.002559,0.001298
0.001371,0.002545,0.001291
0.001363,0.002532,0.001285
0.001356,0.002519,0.001278
0.001349,0.002506,0.001271
0.001342,0.002492,0.001264
0.001335,0.002479,0.001258
0.001328,0.002466,0.001251
0.001321,0.002453,0.001245
0.001314,0.002441,0.001238
0.001307,0.002428,0.001232
0.001300,0.002415,0.001225
0.001294,0.002402,0.001219
0.001287,0.002390,0.001212
0.001280,0.002377,0.001206
0.001273,0.002365,0.001200
0.001267,0.002352,0.001193
0.001260,0.002340,0.001187
0.001253,0.002328,0.001181
0.001247,0.002315,0.001175
0.564087,0.804926,-0.039312
1.071753,1.529351,-0.074847
1.528622,2.181316,-0.107176
1.939764,2.768060,-0.136765
2.309739,3.296099,-0.164005
2.642658,3.771298,-0.189217
2.942222,4.198938,-0.212669
3.211760,4.583771,-0.234588
3.454273,4.930075,-0.255161
3.672462,5.241701,-0.274549
3.868757,5.522116,-0.292889
4.045346,5.774437,-0.310295
4.204200,6.001475,-0.326869
4.347092,6.205754,-0.342697
4.475618,6.389552,-0.357854
4.591215,6.554913,-0.372405
4.695176,6.703683,-0.386408
4.788665,6.837517,-0.399914
4.872729,6.957911,-0.412968
4.948312,7.066206,-0.425611
5.016263,7.163611,-0.437879
5.077344,7.251216,-0.449804
5.132243,7.330000,-0.461416
5.181579,7.400843,-0.472741
5.225908,7.464539,-0.483803
5.265732,7.521803,-0.494625
5.301501,7.573276,-0.505225
5.333622,7.619537,-0.515623
5.362459,7.661107,-0.525834
5.388342,7.698454,-0.535875
5.411565,7.731999,-0.545759
5.432395,7.762123,-0.555499
5.451072,7.789166,-0.565107
5.467811,7.813435,-0.574594
5.482807,7.835208,-0.583969
5.496233,7.854733,-0.593243
5.508246,7.872235,-0.602422
5.518989,7.887914,-0.611515
5.528589,7.901953,-0.620530
5.537159,7.914514,-0.629471
5.544804,7.925745,-0.638347
5.551615,7.935777,-0.647161
5.557676,7.944731,-0.655920
5.563063,7.952712,-0.664628
5.567842,7.959818,-0.673289
5.572075,7.966135,-0.681907
5.575816,7.971741,-0.690485
5.579114,7.976707,-0.699028
5.582015,7.981095,-0.707538
5.584557,7.984963,-0.716017
5.586777,7.988362,-0.724469
5.588707,7.991338,-0.732896
5.590376,7.993932,-0.741300
5.591810,7.996182,-0.749683
5.593032,7.998122,-0.758046
5.594065,7.999781,-0.766392
5.594926,8.001186,-0.774722
5.595634,8.002363,-0.783037
5.596203,8.003334,-0.791339
5.596647,8.004117,-0.799628
5.596979,8.004732,-0.807906
5.597211,8.005194,-0.816174
5.597351,8.005517,-0.824433
5.597410,8.005714,-0.832683
5.597396,8.005798,-0.840926
5.597315,8.005779,-0.849161
5.597175,8.005666,-0.857390
5.596982,8.005468,-0.865613
5.596740,8.005192,-0.873831
5.596456,8.004846,-0.882043
5.596132,8.004435,-0.890251
5.595773,8.003965,-0.898455
5.595383,8.003442,-0.906656
5.594965,8.002869,-0.914852
5.594521,8.002251,-0.923046
5.594055,8.001592,-0.931237
5.593567,8.000895,-0.939425
5.593062,8.000162,-0.947611
5.592540,7.999397,-0.955795
5.592003,7.998601,-0.963976
5.591452,7.997778,-0.972156
5.590890,7.996928,-0.980334
5.590317,7.996055,-0.988510
5.589734,7.995158,-0.996685
5.589142,7.994241,-1.004859
5.588543,7.993303,-1.013031
5.587937,7.992346,-1.021202
5.587324,7.991372,-1.029373
5.586706,7.990381,-1.037542
5.586083,7.989374,-1.045710
5.585455,7.988351,-1.053877
5.584823,7.987314,-1.062044
5.584188,7.986263,-1.070210
5.583550,7.985198,-1.078375
5.582909,7.984120,-1.086539
5.582265,7.983030,-1.094703
5.581619,7.981928,-1.102866
5.580971,7.980814,-1.111028
5.580321,7.979689,-1.119190
5.579669,7.978552,-1.127351
5.579017,7.977405,-1.135512
5.578363,7.976246,-1.143672
5.577708,7.975078,-1.151832
5.577052,7.973899,-1.159991
5.576395,7.972710,-1.168150
5.575738,7.971511,-1.176308
5.575080,7.970303,-1.184466
5.574421,7.969084,-1.192623
5.573762,7.967856,-1.200780
5.573103,7.966619,-1.208936
5.572443,7.965373,-1.217092
5.571783,7.964117,-1.225247
5.571123,7.962851,-1.233402
5.570463,7.961577,-1.241556
5.569803,7.960294,-1.249710
5.569143,7.959001,-1.257863
5.568482,7.957700,-1.266016
5.567822,7.956390,-1.274169
5.567162,7.955071,-1.282321
5.566502,7.953743,-1.290472
5.565842,7.952406,-1.298623
5.565182,7.951060,-1.306773
5.564522,7.949705,-1.314923
5.563863,7.948342,-1.323072
5.563203,7.946970,-1.331221
5.562544,7.945589,-1.339369
5.561885,7.944200,-1.347517
5.561226,7.942802,-1.355664
5.560568,7.941395,-1.363811
5.559909,7.939980,-1.371957
5.559251,7.938555,-1.380102
5.558593,7.937123,-1.388247
5.557936,7.935681,-1.396391
5.557279,7.934231,-1.404535
5.556622,7.932772,-1.412678
5.555965,7.931305,-1.420820
5.555308,7.929829,-1.428962
5.554652,7.928345,-1.437103
5.553996,7.926851,-1.445243
5.553341,7.925350,-1.453383
5.552686,7.923839,-1.461522
5.552031,7.922320,-1.469661
5.551376,7.920793,-1.477798
5.550722,7.919256,-1.485935
5.550068,7.917712,-1.494072
5.549414,7.916158,-1.502207
5.548761,7.914596,-1.510342
5.548107,7.913026,-1.518476
5.547455,7.911446,-1.526610
5.546802,7.909859,-1.534742
5.546150,7.908262,-1.542874
5.545499,7.906657,-1.551005
5.544847,7.905044,-1.559136
5.544196,7.903422,-1.567265
5.543545,7.901791,-1.575394
5.542895,7.900152,-1.583522
5.542245,7.898504,-1.591649
5.541595,7.896847,-1.599775
5.540946,7.895182,-1.607901
5.540297,7.893509,-1.616025
5.539649,7.891826,-1.624149
5.539000,7.890135,-1.632272
5.538352,7.888436,-1.640394
5.537705,7.886728,-1.648515
5.537058,7.885011,-1.656635
5.536411,7.883286,-1.664754
5.535764,7.881552,-1.672873
5.535118,7.879810,-1.680990
5.534472,7.878059,-1.689107
5.533827,7.876299,-1.697222
5.533182,7.874531,-1.705337
5.532537,7.872754,-1.713450
5.531893,7.870969,-1.721563
5.531249,7.869175,-1.729675
5.530606,7.867372,-1.737785
5.529962,7.865561,-1.745895
5.529320,7.863741,-1.754004
5.528677,7.861913,-1.762111
5.528035,7.860076,-1.770218
5.527394,7.858230,-1.778323
5.526752,7.856376,-1.786428
5.526111,7.854513,-1.794531
5.525471,7.852642,-1.802633
5.524831,7.850762,-1.810735
5.524191,7.848873,-1.818835
5.523551,7.846976,-1.826934
5.522913,7.845070,-1.835032
5.522274,7.843156,-1.843129
5.521636,7.841233,-1.851224
5.520998,7.839301,-1.859319
5.520360,7.837361,-1.867412
5.519723,7.835412,-1.875504
5.519087,7.833455,-1.883595
5.518451,7.831489,-1.891685
5.517815,7.829514,-1.899774
5.517179,7.827531,-1.907861
5.516544,7.825539,-1.915948
5.515910,7.823539,-1.924033
5.515275,7.821530,-1.932116
5.514641,7.819512,-1.940199
5.514008,7.817486,-1.948280
5.513375,7.815451,-1.956360
5.512742,7.813408,-1.964439
5.512110,7.811356,-1.972516
5.511478,7.809295,-1.980593
5.510847,7.807226,-1.988667
5.510216,7.805148,-1.996741
5.509585,7.803061,-2.004813
5.508955,7.800966,-2.012884
5.508326,7.798862,-2.020954
5.507696,7.796750,-2.029022
5.507067,7.794629,-2.037089
5.506439,7.792500,-2.045154
5.505811,7.790362,-2.053218
5.505183,7.788215,-2.061281
5.504556,7.786059,-2.069342
5.503929,7.783896,-2.077402
5.503303,7.781723,-2.085461
5.502677,7.779542,-2.093518
5.502051,7.777352,-2.101573
5.501426,7.775154,-2.109627
5.500802,7.772947,-2.117680
5.500177,7.770731,-2.125731
5.499554,7.768507,-2.133781
5.498930,7.766274,-2.141829
5.498307,7.764033,-2.149876
5.497685,7.761783,-2.157921
5.497063,7.759524,-2.165965
5.496441,7.757257,-2.174007
5.495820,7.754981,-2.182047
5.495199,7.752696,-2.190086
5.494579,7.750403,-2.198124
5.493959,7.748102,-2.206160
5.493340,7.745791,-2.214194
5.492721,7.743473,-2.222227
5.492102,7.741145,-2.230258
5.491484,7.738809,-2.238287
5.490867,7.736464,-2.246315
5.490250,7.734111,-2.254342
5.489633,7.731749,-2.262366
5.489017,7.729379,-2.270389
5.488401,7.727000,-2.278410
5.487786,7.724612,-2.286430
5.487171,7.722216,-2.294448
5.486556,7.719811,-2.302464
5.485942,7.717397,-2.310479
5.485329,7.714975,-2.318492
5.484716,7.712544,-2.326503
5.484103,7.710105,-2.334512
5.483491,7.707657,-2.342520
5.482880,7.705201,-2.350526
5.482269,7.702736,-2.358530
5.481658,7.700262,-2.366532
5.481048,7.697780,-2.374533
5.480438,7.695289,-2.382531
5.479829,7.692789,-2.390528
5.479220,7.690281,-2.398523
5.478611,7.687765,-2.406517
5.478004,7.685239,-2.414508
5.477396,7.682705,-2.422498
5.476789,7.680163,-2.430486
5.476183,7.677612,-2.438472
5.475577,7.675052,-2.446456
5.474972,7.672484,-2.454438
5.474367,7.669907,-2.462418
5.473762,7.667322,-2.470396
5.473158,7.664728,-2.478373
5.472555,7.662125,-2.486347
5.471952,7.659514,-2.494320
5.471349,7.656894,-2.502290
5.470747,7.654266,-2.510259
5.470145,7.651629,-2.518226
5.469544,7.648984,-2.526190
5.468944,7.646329,-2.534153
5.468344,7.643667,-2.542114
5.467744,7.640996,-2.550073
5.467145,7.638316,-2.558029
5.466546,7.635627,-2.565984
5.465948,7.632930,-2.573937
5.465351,7.630225,-2.581887
5.464754,7.627510,-2.589836
5.464157,7.624788,-2.597782
5.463561,7.622056,-2.605727
5.462965,7.619316,-2.613669
5.462370,7.616568,-2.621609
5.461776,7.613811,-2.629547
5.461182,7.611045,-2.637483
5.460588,7.608271,-2.645417
5.459995,7.605488,-2.653349
5.459403,7.602697,-2.661278
5.458811,7.599897,-2.669206
5.458219,7.597089,-2.677131
5.457628,7.594272,-2.685054
5.457038,7.591446,-2.692975
5.456448,7.588612,-2.700894
5.455858,7.585769,-2.708810
5.455270,7.582918,-2.716724
5.454681,7.580058,-2.724636
5.454093,7.577190,-2.732546
5.453506,7.574313,-2.740453
5.452919,7.571427,-2.748359
5.452333,7.568533,-2.756262
5.451747,7.565630,-2.764162
5.451162,7.562719,-2.772061
5.450577,7.559800,-2.779957
5.449993,7.556871,-2.787850
5.449410,7.553934,-2.795742
5.448826,7.550989,-2.803631
5.448244,7.548035,-2.811518
5.447662,7.545073,-2.819402
5.447080,7.542102,-2.827284
5.446499,7.539122,-2.835164
5.445919,7.536134,-2.843041
5.445339,7.533137,-2.850916
5.444760,7.530132,-2.858789
5.444181,7.527118,-2.866659
5.443603,7.524096,-2.874526
5.443025,7.521065,-2.882392
5.442448,7.518026,-2.890254
5.441871,7.514978,-2.898115
5.441295,7.511922,-2.905972
5.440720,7.508857,-2.913828
5.440145,7.505783,-2.921681
5.439570,7.502701,-2.929531
5.438997,7.499611,-2.937379
5.438423,7.496512,-2.945224
5.437851,7.493404,-2.953067
5.437278,7.490288,-2.960907
5.436707,7.487163,-2.968745
5.436136,7.484030,-2.976580
5.435565,7.480889,-2.984413
5.434995,7.477738,-2.992243
5.434426,7.474580,-3.000070
5.433857,7.471413,-3.007895
5.433289,7.468237,-3.015717
5.432721,7.465053,-3.023537
5.432154,7.461860,-3.031354
5.431587,7.458659,-3.039168
5.431021,7.455449,-3.046980
5.430456,7.452231,-3.054789
5.429891,7.449004,-3.062596
5.429327,7.445769,-3.070399
5.428763,7.442525,-3.078200
5.428200,7.439273,-3.085998
5.427637,7.436012,-3.093794
5.427075,7.432743,-3.101587
5.426514,7.429466,-3.109377
5.425953,7.426179,-3.117164
5.425393,7.422885,-3.124949
5.424833,7.419582,-3.132731
5.424274,7.416270,-3.140510
5.423716,7.412950,-3.148286
5.423158,7.409621,-3.156060
5.422601,7.406284,-3.163830
5.422044,7.402939,-3.171598
5.421488,7.399585,-3.179363
5.420932,7.396222,-3.187126
5.420377,7.392851,-3.194885
5.419823,7.389472,-3.202641
5.419269,7.386084,-3.210395
5.418716,7.382688,-3.218146
5.418163,7.379283,-3.225894
5.417611,7.375870,-3.233639
5.417060,7.372448,-3.241381
5.416509,7.369018,-3.249120
5.415959,7.365580,-3.256856
5.415409,7.362133,-3.264590
5.414860,7.358677,-3.272320
5.414311,7.355213,-3.280047
5.413764,7.351741,-3.287772
5.413216,7.348260,-3.295493
5.412670,7.344771,-3.303212
5.412124,7.341273,-3.310927
5.411578,7.337767,-3.318640
5.411034,7.334252,-3.326349
5.410489,7.330729,-3.334055
5.409946,7.327198,-3.341759
5.409403,7.323658,-3.349459
5.408861,7.320110,-3.357156
5.408319,7.316553,-3.364851
5.407778,7.312988,-3.372542
5.407237,7.309415,-3.380230
5.406697,7.305833,-3.387915
5.406158,7.302243,-3.395596
5.405619,7.298644,-3.403275
5.405081,7.295037,-3.410951
5.404544,7.291421,-3.418623
5.404007,7.287797,-3.426292
5.403471,7.284165,-3.433958
5.402935,7.280524,-3.441621
5.402400,7.276875,-3.449281
5.401866,7.273217,-3.456937
5.401332,7.269552,-3.464591
5.400799,7.265877,-3.472241
5.400267,7.262195,-3.479888
5.399735,7.258504,-3.487531
5.399204,7.254804,-3.495172
5.398674,7.251096,-3.502809
5.398144,7.247380,-3.510443
5.397614,7.243656,-3.518073
5.397086,7.239923,-3.525701
5.396558,7.236181,-3.533325
5.396031,7.232432,-3.540945
5.395504,7.228674,-3.548563
5.394978,7.224907,-3.556177
5.394452,7.221133,-3.563788
5.393928,7.217349,-3.571395
5.393403,7.213558,-3.578999
5.392880,7.209758,-3.586600
5.392357,7.205950,-3.594197
5.391835,7.202134,-3.601791
5.391313,7.198309,-3.609381
5.390792,7.194476,-3.616968
5.390272,7.190634,-3.624552
5.389753,7.186784,-3.632132
5.389234,7.182926,-3.639709
5.388715,7.179060,-3.647282
5.388198,7.175185,-3.654852
5.387681,7.171302,-3.662419
5.387164,7.167411,-3.669981
5.386649,7.163511,-3.677541
5.386134,7.159603,-3.685097
5.385619,7.155686,-3.692649
5.385105,7.151762,-3.700198
5.384592,7.147829,-3.707743
5.384080,7.143888,-3.715285
5.383568,7.139938,-3.722824
5.383057,7.135980,-3.730358
5.382547,7.132014,-3.737889
5.382037,7.128040,-3.745417
5.381528,7.124057,-3.752941
5.381020,7.120066,-3.760461
5.380512,7.116067,-3.767978
5.380005,7.112059,-3.775491
5.379498,7.108044,-3.783001
5.378993,7.104020,-3.790506
5.378488,7.099987,-3.798009
5.377983,7.095947,-3.805507
5.377479,7.091898,-3.813002
5.376976,7.087841,-3.820493
5.376474,7.083775,-3.827981
5.375972,7.079702,-3.835464
5.375471,7.075620,-3.842944
5.374971,7.071530,-3.850421
5.374471,7.067431,-3.857893
5.373972,7.063325,-3.865362
5.373474,7.059210,-3.872827
5.372977,7.055087,-3.880288
5.372480,7.050956,-3.887746
5.371983,7.046816,-3.895200
5.371488,7.042669,-3.902650
5.370993,7.038513,-3.910096
5.370499,7.034349,-3.917538
5.370005,7.030176,-3.924977
5.369513,7.025996,-3.932411
5.369021,7.021807,-3.939842
5.368529,7.017610,-3.947269
5.368038,7.013405,-3.954692
5.367548,7.009192,-3.962111
5.367059,7.004970,-3.969527
5.366570,7.000741,-3.976938
5.366082,6.996503,-3.984346
5.365595,6.992257,-3.991749
5.365109,6.988003,-3.999149
5.364623,6.983740,-4.006544
5.364138,6.979470,-4.013936
5.363653,6.975191,-4.021324
5.363170,6.970904,-4.028708
5.362687,6.966609,-4.036088
5.362204,6.962306,-4.043464
5.361723,6.957995,-4.050835
5.361242,6.953675,-4.058203
5.360761,6.949347,-4.065567
5.360282,6.945012,-4.072927
5.359803,6.940668,-4.080283
5.359325,6.936316,-4.087634
5.358848,6.931956,-4.094982
5.358371,6.927587,-4.102326
5.357895,6.923211,-4.109665
5.357420,6.918826,-4.117001
5.356945,6.914434,-4.124332
5.356472,6.910033,-4.131659
5.355999,6.905624,-4.138982
5.355526,6.901207,-4.146301
5.355054,6.896782,-4.153616
5.354584,6.892349,-4.160927
5.354113,6.887908,-4.168233
5.353644,6.883459,-4.175535
5.353175,6.879001,-4.182834
5.352707,6.874536,-4.190128
5.352240,6.870063,-4.197417
5.351773,6.865581,-4.204703
5.351307,6.861091,-4.211984
5.350842,6.856594,-4.219261
5.350378,6.852088,-4.226534
5.349914,6.847574,-4.233803
5.349451,6.843052,-4.241067
5.348989,6.838522,-4.248327
5.348527,6.833984,-4.255583
5.348067,6.829438,-4.262834
5.347607,6.824884,-4.270081
5.347147,6.820322,-4.277324
5.346689,6.815752,-4.284563
5.346231,6.811174,-4.291797
5.345774,6.806588,-4.299027
5.345317,6.801994,-4.306252
5.344862,6.797392,-4.313474
5.344407,6.792782,-4.320690
5.343953,6.788164,-4.327903
5.343499,6.783537,-4.335111
5.343047,6.778903,-4.342314
5.342595,6.774261,-4.349514
5.342144,6.769611,-4.356708
5.341693,6.764953,-4.363899
5.341244,6.760287,-4.371085
5.340795,6.755613,-4.378266
5.340347,6.750931,-4.385443
5.339899,6.746241,-4.392616
5.339452,6.741543,-4.399784
5.339006,6.736838,-4.406947
5.338561,6.732124,-4.414106
5.338117,6.727402,-4.421261
5.337673,6.722672,-4.428411
5.337230,6.717935,-4.435556
5.336788,6.713189,-4.442697
5.336347,6.708436,-4.449833
5.335906,6.703675,-4.456965
5.335466,6.698905,-4.464092
5.335027,6.694128,-4.471215
5.334589,6.689343,-4.478333
5.334151,6.684550,-4.485447
5.333714,6.679749,-4.492555
5.333278,6.674940,-4.499660
5.332843,6.670124,-4.506759
5.332408,6.665299,-4.513854
5.331974,6.660467,-4.520945
5.331541,6.655626,-4.528030
5.331109,6.650778,-4.535111
5.330677,6.645922,-4.542187
5.330247,6.641058,-4.549259
5.329817,6.636186,-4.556326
5.329388,6.631307,-4.563388
5.328959,6.626419,-4.570446
5.328531,6.621524,-4.577498
5.328105,6.616621,-4.584546
5.327678,6.611710,-4.591590
5.327253,6.606791,-4.598628
5.326828,6.601864,-4.605662
5.326405,6.596930,-4.612691
5.325982,6.591988,-4.619715
5.325559,6.587038,-4.626734
5.325138,6.582080,-4.633749
5.324717,6.577114,-4.640759
5.324297,6.572141,-4.647764
5.323878,6.567159,-4.654764
5.323460,6.562170,-4.661759
5.323042,6.557173,-4.668749
5.322625,6.552169,-4.675735
5.322209,6.547157,-4.682715
5.321794,6.542136,-4.689691
5.321380,6.537109,-4.696662
5.320966,6.532073,-4.703628
5.320553,6.527029,-4.710589
5.320141,6.521978,-4.717545
5.319730,6.516919,-4.724496
5.319319,6.511853,-4.731442
5.318910,6.506779,-4.738384
5.318501,6.501696,-4.745320
5.318093,6.496607,-4.752251
5.317685,6.491509,-4.759177
5.317279,6.486404,-4.766099
5.316873,6.481291,-4.773015
5.316468,6.476170,-4.779926
5.316064,6.471042,-4.786833
5.315661,6.465906,-4.793734
5.315258,6.460763,-4.800630
5.314856,6.455611,-4.807521
5.314455,6.450452,-4.814408
5.314055,6.445285,-4.821289
5.313656,6.440111,-4.828164
5.313257,6.434929,-4.835035
5.312859,6.429739,-4.841901
5.312462,6.424542,-4.848762
5.312066,6.419337,-4.855617
5.311671,6.414125,-4.862468
5.311276,6.408904,-4.869313
5.310883,6.403677,-4.876153
5.310490,6.398441,-4.882988
5.310097,6.393198,-4.889818
5.309706,6.387947,-4.896642
5.309316,6.382689,-4.903462
5.308926,6.377423,-4.910276
5.308537,6.372150,-4.917085
5.308149,6.366869,-4.923889
5.307762,6.361580,-4.930687
5.307375,6.356284,-4.937481
5.306990,6.350980,-4.944269
5.306605,6.345669,-4.951052
5.306221,6.340350,-4.957829
5.305837,6.335023,-4.964602
5.305455,6.329689,-4.971369
5.305073,6.324348,-4.978130
5.304693,6.318999,-4.984887
5.304313,6.313642,-4.991638
5.303934,6.308278,-4.998384
5.303555,6.302906,-5.005124
5.303178,6.297527,-5.011859
5.302801,6.292140,-5.018589
5.302425,6.286746,-5.025313
5.302050,6.281344,-5.032032
5.301676,6.275935,-5.038746
5.301303,6.270518,-5.045454
5.300930,6.265094,-5.052157
5.300559,6.259663,-5.058855
5.300188,6.254224,-5.065547
5.299818,6.248777,-5.072233
5.299448,6.243323,-5.078915
5.299080,6.237862,-5.085590
5.298712,6.232393,-5.092261
5.298346,6.226916,-5.098926
5.297980,6.221432,-5.105585
5.297615,6.215941,-5.112239
5.297250,6.210443,-5.118887
5.296887,6.204937,-5.125530
5.296524,6.199423,-5.132167
5.296163,6.193902,-5.138799
5.295802,6.188374,-5.145426
5.295442,6.182838,-5.152046
5.295083,6.177295,-5.158662
5.294724,6.171745,-5.165271
5.294367,6.166187,-5.171875
5.294010,6.160622,-5.178474
5.293654,6.155049,-5.185067
5.293299,6.149469,-5.191654
5.292945,6.143882,-5.198236
5.292591,6.138287,-5.204812
5.292239,6.132685,-5.211383
5.291887,6.127076,-5.217948
5.291536,6.121460,-5.224507
5.291186,6.115836,-5.231060
5.290837,6.110204,-5.237608
5.290489,6.104566,-5.244151
5.290142,6.098920,-5.250687
5.289795,6.093267,-5.257218
5.289449,6.087606,-5.263743
5.289104,6.081939,-5.270263
5.288760,6.076264,-5.276777
5.288417,6.070581,-5.283285
5.288075,6.064892,-5.289787
5.287733,6.059195,-5.296284
5.287393,6.053491,-5.302774
5.287053,6.047780,-5.309259
5.286714,6.042061,-5.315739
5.286376,6.036336,-5.322212
5.286038,6.030603,-5.328680
5.285702,6.024862,-5.335142
5.285367,6.019115,-5.341598
5.285032,6.013360,-5.348048
5.284698,6.007598,-5.354493
5.284365,6.001829,-5.360931
5.284033,5.996053,-5.367364
5.283702,5.990270,-5.373791
5.283371,5.984479,-5.380212
5.283042,5.978681,-5.386627
5.282713,5.972877,-5.393037
5.282385,5.967064,-5.399440
5.282059,5.961245,-5.405838
5.281732,5.955419,-5.412229
5.281407,5.949585,-5.418615
5.281083,5.943745,-5.424995
5.280759,5.937897,-5.431369
5.280437,5.932042,-5.437737
5.280115,5.926180,-5.444099
5.279794,5.920311,-5.450455
5.279474,5.914435,-5.456805
5.279155,5.908552,-5.463149
5.278837,5.902661,-5.469487
5.278519,5.896764,-5.475819
5.278203,5.890859,-5.482145
5.277887,5.884948,-5.488465
5.277573,5.879029,-5.494779
5.277259,5.873103,-5.501087
5.276946,5.867171,-5.507389
5.276633,5.861231,-5.513685
5.276322,5.855284,-5.519975
5.276012,5.849330,-5.526258
5.275702,5.843369,-5.532536
5.275393,5.837401,-5.538808
5.275086,5.831427,-5.545073
5.274779,5.825445,-5.551332
5.274473,5.819456,-5.557586
5.274168,5.813460,-5.563833
5.273863,5.807457,-5.570074
5.273560,5.801447,-5.576309
5.273257,5.795431,-5.582537
5.272956,5.789407,-5.588760
5.272655,5.783376,-5.594976
5.272355,5.777339,-5.601187
5.272056,5.771294,-5.607391
5.271758,5.765243,-5.613588
5.271461,5.759184,-5.619780
5.271164,5.753119,-5.625966
5.270869,5.747047,-5.632145
5.270574,5.740968,-5.638318
5.270281,5.734882,-5.644484
5.269988,5.728789,-5.650645
5.269696,5.722689,-5.656799
5.269405,5.716582,-5.662947
5.269115,5.710469,-5.669089
5.268826,5.704349,-5.675224
5.268537,5.698221,-5.681353
5.268250,5.692087,-5.687476
5.267963,5.685946,-5.693593
5.267677,5.679799,-5.699703
5.267393,5.673644,-5.705807
5.267109,5.667483,-5.711904
5.266826,5.661314,-5.717995
5.266544,5.655139,-5.724080
5.266262,5.648958,-5.730159
5.265982,5.642769,-5.736231
5.265703,5.636574,-5.742297
5.265424,5.630372,-5.748356
5.265146,5.624163,-5.754409
5.264870,5.617947,-5.760455
5.264594,5.611725,-5.766496
5.264319,5.605496,-5.772529
5.264045,5.599260,-5.778557
5.263772,5.593017,-5.784577
5.263499,5.586768,-5.790592
5.263228,5.580512,-5.796600
5.262958,5.574249,-5.802601
5.262688,5.567979,-5.808596
5.262419,5.561703,-5.814585
5.262152,5.555420,-5.820567
5.261885,5.549131,-5.826542
5.261619,5.542835,-5.832511
5.261354,5.536532,-5.838474
5.261090,5.530222,-5.844430
5.260826,5.523906,-5.850379
5.260564,5.517583,-5.856322
5.260303,5.511254,-5.862259
5.260042,5.504918,-5.868189
5.259783,5.498575,-5.874112
5.259524,5.492226,-5.880028
5.259266,5.485870,-5.885939
5.259009,5.479508,-5.891842
5.258753,5.473139,-5.897739
5.258498,5.466763,-5.903629
5.258244,5.460381,-5.909513
5.257991,5.453992,-5.915390
5.257738,5.447597,-5.921261
5.257487,5.441195,-5.927124
5.257236,5.434786,-5.932981
5.256987,5.428371,-5.938832
5.256738,5.421950,-5.944676
5.256490,5.415522,-5.950513
5.256243,5.409087,-5.956343
5.255997,5.402646,-5.962167
5.255752,5.396199,-5.967984
5.255508,5.389745,-5.973795
5.255265,5.383284,-5.979598
5.255023,5.376817,-5.985395
5.254781,5.370344,-5.991185
5.254541,5.363864,-5.996969
5.254301,5.357377,-6.002745
5.254063,5.350885,-6.008515
5.253825,5.344385,-6.014279
5.253588,5.337880,-6.020035
5.253352,5.331368,-6.025785
5.253117,5.324849,-6.031528
5.252883,5.318324,-6.037264
5.252650,5.311793,-6.042993
5.252418,5.305255,-6.048715
5.252187,5.298711,-6.054431
5.251957,5.292161,-6.060140
5.251727,5.285604,-6.065842
5.251499,5.279041,-6.071537
5.251271,5.272471,-6.077225
5.251044,5.265895,-6.082906
5.250819,5.259313,-6.088581
5.250594,5.252725,-6.094248
5.250370,5.246130,-6.099909
5.250147,5.239529,-6.105563
5.249925,5.232921,-6.111210
5.249704,5.226307,-6.116850
5.249484,5.219687,-6.122483
5.249264,5.213061,-6.128109
5.249046,5.206429,-6.133728
5.248829,5.199790,-6.139341
5.248612,5.193145,-6.144946
5.248397,5.186493,-6.150544
5.248182,5.179836,-6.156136
5.247969,5.173172,-6.161720
5.247756,5.166502,-6.167298
5.247544,5.159826,-6.172868
5.247333,5.153143,-6.178432
5.247123,5.146455,-6.183988
5.246914,5.139760,-6.189538
5.246706,5.133059,-6.195080
5.246499,5.126352,-6.200616
5.246293,5.119639,-6.206144
5.246087,5.112919,-6.211665
5.245883,5.106193,-6.217180
5.245680,5.099462,-6.222687
5.245477,5.092724,-6.228187
5.245276,5.085980,-6.233680
5.245075,5.079230,-6.239166
5.244875,5.072473,-6.244645
5.244677,5.065711,-6.250117
5.244479,5.058943,-6.255581
5.244282,5.052168,-6.261039
5.244086,5.045388,-6.266489
5.243891,5.038601,-6.271933
5.243697,5.031808,-6.277369
5.243504,5.025010,-6.282798
5.243312,5.018205,-6.288220
5.243120,5.011394,-6.293635
5.242930,5.004577,-6.299042
5.242741,4.997754,-6.304442
5.242552,4.990926,-6.309836
5.242365,4.984091,-6.315222
5.242178,4.977250,-6.320600
5.241993,4.970403,-6.325972
5.241808,4.963550,-6.331336
5.241624,4.956692,-6.336694
5.241442,4.949827,-6.342044
5.241260,4.942956,-6.347386
5.241079,4.936080,-6.352722
5.240899,4.929197,-6.358050
5.240720,4.922309,-6.363371
5.240542,4.915414,-6.368684
5.240365,4.908514,-6.373991
5.240189,4.901608,-6.379290
5.240014,4.894696,-6.384582
5.239839,4.887778,-6.389866
5.239666,4.880854,-6.395144
5.239494,4.873925,-6.400413
5.239322,4.866989,-6.405676
5.239152,4.860048,-6.410931
5.238982,4.853101,-6.416179
5.238814,4.846148,-6.421420
5.238646,4.839189,-6.426653
5.238479,4.832224,-6.431879
5.238314,4.825254,-6.437097
5.238149,4.818278,-6.442309
5.237985,4.811296,-6.447512
5.237822,4.804308,-6.452709
5.237660,4.797315,-6.457898
5.237499,4.790315,-6.463079
5.237339,4.783310,-6.468253
5.237180,4.776300,-6.473420
5.237022,4.769283,-6.478579
5.236865,4.762261,-6.483731
5.236709,4.755233,-6.488876
5.236553,4.748199,-6.494013
5.236399,4.741160,-6.499142
5.236246,4.734115,-6.504265
5.236093,4.727064,-6.509379
5.235942,4.720008,-6.514486
5.235791,4.712946,-6.519586
5.235642,4.705878,-6.524678
5.235493,4.698805,-6.529763
5.235346,4.691726,-6.534840
5.235199,4.684642,-6.539910
5.235053,4.677551,-6.544972
5.234909,4.670456,-6.550027
5.234765,4.663354,-6.555074
5.234622,4.656247,-6.560114
5.234480,4.649135,-6.565146
5.234339,4.642017,-6.570170
5.234199,4.634893,-6.575187
5.234060,4.627764,-6.580196
5.233922,4.620629,-6.585198
5.233785,4.613489,-6.590192
5.233649,4.606343,-6.595179
5.233514,4.599192,-6.600158
5.233379,4.592035,-6.605130
5.233246,4.584873,-6.610093
5.233114,4.577705,-6.615050
5.232982,4.570531,-6.619998
5.232852,4.563353,-6.624939
5.232723,4.556168,-6.629873
5.232594,4.548979,-6.634798
5.232467,4.541784,-6.639716
5.232340,4.534583,-6.644627
5.232214,4.527377,-6.649530
5.232090,4.520166,-6.654425
5.231966,4.512949,-6.659312
5.231843,4.505727,-6.664192
5.231722,4.498499,-6.669064
5.231601,4.491266,-6.673928
5.231481,4.484028,-6.678785
5.231362,4.476784,-6.683634
5.231244,4.469535,-6.688475
5.231127,4.462281,-6.693308
5.231011,4.455021,-6.698134
5.230896,4.447756,-6.702952
5.230782,4.440485,-6.707762
5.230669,4.433210,-6.712565
5.230557,4.425929,-6.717360
5.230446,4.418643,-6.722147
5.230336,4.411351,-6.726926
5.230227,4.404054,-6.731697
5.230118,4.396752,-6.736461
5.230011,4.389445,-6.741217
5.229905,4.382132,-6.745965
5.229799,4.374815,-6.750705
5.229695,4.367492,-6.755438
5.229592,4.360163,-6.760162
5.229489,4.352830,-6.764879
5.229388,4.345491,-6.769588
5.229287,4.338148,-6.774289
5.229188,4.330799,-6.778983
5.229089,4.323444,-6.783668
5.228991,4.316085,-6.788346
5.228895,4.308721,-6.793016
5.228799,4.301351,-6.797678
5.228704,4.293977,-6.802332
5.228611,4.286597,-6.806978
5.228518,4.279212,-6.811616
5.228426,4.271822,-6.816246
5.228335,4.264427,-6.820869
5.228245,4.257026,-6.825483
5.228156,4.249621,-6.830090
5.228068,4.242211,-6.834689
5.227981,4.234796,-6.839280
5.227895,4.227375,-6.843862
5.227810,4.219950,-6.848437
5.227726,4.212519,-6.853004
5.227643,4.205084,-6.857563
5.227561,4.197643,-6.862115
5.227480,4.190198,-6.866658
5.227400,4.182747,-6.871193
5.227321,4.175292,-6.875720
5.227242,4.167832,-6.880239
5.227165,4.160366,-6.884750
5.227089,4.152896,-6.889254
5.227014,4.145421,-6.893749
5.226939,4.137941,-6.898236
5.226866,4.130456,-6.902715
5.226793,4.122966,-6.907186
5.226722,4.115471,-6.911650
5.226652,4.107971,-6.916105
5.226582,4.100466,-6.920552
5.226514,4.092957,-6.924991
5.226446,4.085442,-6.929422
5.226380,4.077923,-6.933845
5.226314,4.070399,-6.938260
5.226249,4.062870,-6.942666
5.226186,4.055337,-6.947065
5.226123,4.047798,-6.951456
5.226061,4.040255,-6.955838
5.226001,4.032707,-6.960213
5.225941,4.025154,-6.964579
5.225882,4.017596,-6.968938
5.225824,4.010034,-6.973288
5.225767,4.002467,-6.977630
5.225712,3.994895,-6.981964
5.225657,3.987318,-6.986290
5.225603,3.979737,-6.990607
5.225550,3.972151,-6.994917
5.225498,3.964560,-6.999218
5.225447,3.956964,-7.003511
5.225397,3.949364,-7.007796
5.225348,3.941759,-7.012073
5.225300,3.934150,-7.016342
5.225253,3.926536,-7.020603
5.225207,3.918917,-7.024855
5.225161,3.911294,-7.029099
5.225117,3.903666,-7.033335
5.225074,3.896033,-7.037563
5.225032,3.888396,-7.041783
5.224991,3.880754,-7.045994
5.224950,3.873107,-7.050198
5.224911,3.865456,-7.054393
5.224873,3.857801,-7.058579
5.224836,3.850141,-7.062758
5.224799,3.842476,-7.066928
5.224764,3.834807,-7.071090
5.224729,3.827133,-7.075244
5.224696,3.819455,-7.079390
5.224664,3.811772,-7.083527
5.224632,3.804085,-7.087656
5.224602,3.796393,-7.091777
5.224572,3.788697,-7.095889
5.224543,3.780996,-7.099994
5.224516,3.773291,-7.104090
5.224489,3.765582,-7.108177
5.224464,3.757868,-7.112257
5.224439,3.750149,-7.116328
5.224415,3.742427,-7.120390
5.224393,3.734699,-7.124445
5.224371,3.726968,-7.128491
5.224350,3.719232,-7.132529
5.224331,3.711491,-7.136558
5.224312,3.703747,-7.140579
5.224294,3.695998,-7.144592
5.224277,3.688244,-7.148597
5.224261,3.680487,-7.152593
5.224246,3.672724,-7.156580
4.651328,3.539649,-6.902882
4.078396,3.406746,-6.649095
3.505454,3.274017,-6.395219
2.932503,3.141461,-6.141254
2.359544,3.009078,-5.887199
1.792958,2.876867,-5.633054
1.252374,2.744823,-5.378822
0.735319,2.619357,-5.137300
0.239558,2.504923,-4.917463
-0.236935,2.400424,-4.717278
-0.695991,2.304873,-4.534902
-1.139266,2.217382,-4.368667
-1.568260,2.137149,-4.217060
-1.984329,2.063453,-4.078711
-2.388701,1.995643,-3.952382
-2.782486,1.933132,-3.836948
-3.165301,1.875387,-3.731395
-3.508252,1.821871,-3.634831
-3.815152,1.772217,-3.546391
-4.089453,1.726087,-3.465294
-4.334277,1.683176,-3.390835
-4.552449,1.643201,-3.322377
-4.746525,1.605908,-3.259345
-4.918816,1.571062,-3.201221
-5.071416,1.538450,-3.147535
-5.206217,1.507879,-3.097863
-5.324931,1.479170,-3.051825
-5.429107,1.452162,-3.009072
-5.520147,1.426709,-2.969295
-5.599318,1.402677,-2.932209
-5.667769,1.379944,-2.897561
-5.726536,1.358400,-2.865120
-5.776559,1.337943,-2.834677
-5.818686,1.318482,-2.806046
-5.853686,1.299933,-2.779055
-5.882255,1.282221,-2.753551
-5.905021,1.265276,-2.729395
-5.922553,1.249036,-2.706461
-5.935364,1.233443,-2.684637
-5.943922,1.218446,-2.663819
-5.948647,1.203997,-2.643916
-5.949919,1.190054,-2.624842
-5.948084,1.176576,-2.606523
-5.943453,1.163529,-2.588889
-5.936307,1.150880,-2.571880
-5.926902,1.138600,-2.555438
-5.915469,1.126662,-2.539514
-5.902215,1.115041,-2.524061
-5.887329,1.103716,-2.509039
-5.870982,1.092665,-2.494410
-5.853329,1.081871,-2.480140
-5.834508,1.071317,-2.466199
-5.814646,1.060988,-2.452559
-5.793856,1.050869,-2.439194
-5.772242,1.040948,-2.426083
-5.749897,1.031213,-2.413205
-5.726906,1.021654,-2.400542
-5.703343,1.012260,-2.388077
-5.679279,1.003024,-2.375794
-5.654775,0.993937,-2.363680
-5.629888,0.984991,-2.351723
-5.604668,0.976180,-2.339912
-5.579160,0.967498,-2.328236
-5.553408,0.958938,-2.316686
-5.527447,0.950496,-2.305254
-5.501312,0.942168,-2.293933
-5.475033,0.933947,-2.282716
-5.448638,0.925831,-2.271596
-5.422151,0.917816,-2.260569
-5.395595,0.909898,-2.249629
-5.368990,0.902074,-2.238771
-5.342355,0.894341,-2.227992
-5.315704,0.886696,-2.217287
-5.289054,0.879138,-2.206654
-5.262418,0.871663,-2.196089
-5.235808,0.864269,-2.185590
-5.209233,0.856954,-2.175153
-5.182705,0.849717,-2.164778
-5.156231,0.842556,-2.154461
-5.129819,0.835469,-2.144201
-5.103477,0.828454,-2.133997
-5.077210,0.821509,-2.123845
-5.051025,0.814635,-2.113746
-5.024925,0.807829,-2.103698
-4.998917,0.801090,-2.093700
-4.973002,0.794417,-2.083750
-4.947186,0.787808,-2.073848
-4.921471,0.781264,-2.063993
-4.895859,0.774782,-2.054184
-4.870354,0.768362,-2.044421
-4.844958,0.762003,-2.034702
-4.819671,0.755704,-2.025027
-4.794497,0.749464,-2.015396
-4.769436,0.743283,-2.005807
-4.744489,0.737159,-1.996261
-4.719658,0.731093,-1.986757
-4.694943,0.725082,-1.977295
-4.670346,0.719127,-1.967874
-4.645866,0.713227,-1.958494
-4.621505,0.707381,-1.949155
-4.597262,0.701588,-1.939856
-4.573138,0.695848,-1.930597
-4.549133,0.690161,-1.921378
-4.525247,0.684525,-1.912198
-4.501480,0.678941,-1.903058
-4.477833,0.673407,-1.893956
-4.454304,0.667923,-1.884894
-4.430895,0.662489,-1.875870
-4.407605,0.657103,-1.866885
-4.384433,0.651766,-1.857938
-4.361379,0.646478,-1.849030
-4.338444,0.641236,-1.840159
-4.315626,0.636042,-1.831326
-4.292926,0.630894,-1.822531
-4.270342,0.625792,-1.813774
-4.247876,0.620736,-1.805053
-4.225525,0.615724,-1.796371
-4.203291,0.610758,-1.787725
-4.181171,0.605836,-1.779116
-4.159167,0.600957,-1.770544
-4.137277,0.596122,-1.762009
-4.115501,0.591330,-1.753511
-4.093839,0.586580,-1.745049
-4.072290,0.581873,-1.736623
-4.050853,0.577207,-1.728234
-4.029528,0.572582,-1.719881
-4.008314,0.567999,-1.711564
-3.987212,0.563456,-1.703283
-3.966220,0.558953,-1.695038
-3.945338,0.554489,-1.686828
-3.924565,0.550065,-1.678654
-3.903902,0.545681,-1.670516
-3.883346,0.541334,-1.662413
-3.862899,0.537026,-1.654345
-3.842559,0.532756,-1.646312
-3.822325,0.528523,-1.638315
-3.802198,0.524327,-1.630352
-3.782176,0.520169,-1.622424
-3.762260,0.516046,-1.614531
-3.742448,0.511960,-1.606673
-3.722741,0.507910,-1.598849
-3.703137,0.503895,-1.591059
-3.683636,0.499915,-1.583304
-3.664238,0.495969,-1.575583
-3.644941,0.492059,-1.567896
-3.625746,0.488182,-1.560243
-3.606653,0.484339,-1.552624
-3.587659,0.480530,-1.545038
-3.568766,0.476754,-1.537486
-3.549972,0.473010,-1.529968
-3.531277,0.469300,-1.522483
-3.512680,0.465621,-1.515032
-3.494181,0.461974,-1.507613
-3.475780,0.458359,-1.500228
-3.457475,0.454776,-1.492876
-3.439267,0.451223,-1.485556
-3.421155,0.447701,-1.478270
-3.403138,0.444210,-1.471016
-3.385216,0.440749,-1.463794
-3.367388,0.437318,-1.456605
-3.349654,0.433916,-1.449449
-3.332014,0.430544,-1.442324
-3.314466,0.427201,-1.435232
-3.297011,0.423886,-1.428171
-3.279648,0.420600,-1.421143
-3.262376,0.417343,-1.414146
-3.245196,0.414113,-1.407181
-3.228106,0.410911,-1.400248
-3.211105,0.407737,-1.393346
-3.194195,0.404590,-1.386475
-3.177373,0.401470,-1.379636
-3.160641,0.398377,-1.372827
-3.143996,0.395310,-1.366050
-3.127439,0.392269,-1.359304
-3.110969,0.389255,-1.352588
-3.094586,0.386266,-1.345903
-3.078290,0.383302,-1.339248
-3.062079,0.380364,-1.332625
-3.045954,0.377451,-1.326031
-3.029914,0.374563,-1.319468
-3.013958,0.371700,-1.312934
-2.998086,0.368860,-1.306431
-2.982298,0.366045,-1.299958
-2.966593,0.363254,-1.293514
-2.950971,0.360487,-1.287100
-2.935432,0.357743,-1.280716
-2.919974,0.355022,-1.274361
-2.904597,0.352324,-1.268036
-2.889302,0.349650,-1.261739
-2.874087,0.346997,-1.255472
-2.858953,0.344368,-1.249234
-2.843898,0.341760,-1.243025
-2.828923,0.339175,-1.236845
-2.814026,0.336611,-1.230693
-2.799209,0.334069,-1.224570
-2.784469,0.331548,-1.218475
-2.769807,0.329049,-1.212409
-2.755222,0.326570,-1.206371
-2.740714,0.324112,-1.200361
-2.726283,0.321675,-1.194379
-2.711927,0.319259,-1.188425
-2.697647,0.316863,-1.182499
-2.683443,0.314486,-1.176601
-2.669314,0.312130,-1.170730
-2.655258,0.309793,-1.164887
-2.641278,0.307476,-1.159071
-2.627370,0.305179,-1.153283
-2.613536,0.302900,-1.147521
-2.599775,0.300641,-1.141787
-2.586087,0.298400,-1.136080
-2.572471,0.296178,-1.130399
-2.558926,0.293974,-1.124746
-2.545453,0.291789,-1.119119
-2.532051,0.289622,-1.113518
-2.518720,0.287473,-1.107944
-2.505458,0.285342,-1.102396
-2.492267,0.283228,-1.096874
-2.479145,0.281132,-1.091379
-2.466093,0.279053,-1.085910
-2.453109,0.276992,-1.080466
-2.440194,0.274947,-1.075048
-2.427347,0.272920,-1.069656
-2.414568,0.270909,-1.064290
-2.401855,0.268915,-1.058949
-2.389210,0.266937,-1.053633
-2.376632,0.264975,-1.048343
-2.364120,0.263030,-1.043077
-2.351674,0.261100,-1.037837
-2.339294,0.259187,-1.032622
-2.326978,0.257289,-1.027432
-2.314728,0.255407,-1.022266
-2.302542,0.253540,-1.017125
-2.290421,0.251688,-1.012009
-2.278363,0.249852,-1.006917
-2.266370,0.248030,-1.001850
-2.254439,0.246223,-0.996806
-2.242571,0.244432,-0.991787
-2.230766,0.242654,-0.986792
-2.219023,0.240892,-0.981821
-2.207342,0.239143,-0.976874
-2.195722,0.237409,-0.971950
-2.184164,0.235689,-0.967050
-2.172666,0.233983,-0.962174
-2.161230,0.232290,-0.957321
-2.149853,0.230612,-0.952491
-2.138537,0.228947,-0.947685
-2.127280,0.227295,-0.942902
-2.116083,0.225657,-0.938141
-2.104944,0.224032,-0.933404
-2.093865,0.222421,-0.928690
-2.082843,0.220822,-0.923998
-2.071880,0.219236,-0.919329
-2.060975,0.217663,-0.914683
-2.050127,0.216102,-0.910059
-2.039336,0.214554,-0.905457
-2.028602,0.213019,-0.900878
-2.017925,0.211496,-0.896321
-2.007304,0.209985,-0.891785
-1.996739,0.208486,-0.887272
-1.986230,0.206999,-0.882781
-1.975776,0.205524,-0.878312
-1.965377,0.204061,-0.873864
-1.955033,0.202610,-0.869438
-1.944744,0.201170,-0.865033
-1.934509,0.199742,-0.860650
-1.924328,0.198325,-0.856288
-1.914200,0.196919,-0.851947
-1.904126,0.195524,-0.847627
-1.894105,0.194141,-0.843329
-1.884137,0.192769,-0.839051
-1.874221,0.191407,-0.834794
-1.864358,0.190056,-0.830558
-1.854546,0.188716,-0.826343
-1.844786,0.187387,-0.822148
-1.835078,0.186068,-0.817974
-1.825421,0.184759,-0.813820
-1.815815,0.183461,-0.809686
-1.806259,0.182173,-0.805573
-1.796754,0.180895,-0.801480
-1.787299,0.179628,-0.797406
-1.777894,0.178370,-0.793353
-1.768538,0.177122,-0.789320
-1.759232,0.175884,-0.785306
-1.749974,0.174655,-0.781312
-1.740766,0.173437,-0.777338
-1.731606,0.172228,-0.773383
-1.722494,0.171028,-0.769447
-1.713430,0.169837,-0.765531
-1.704415,0.168656,-0.761634
-1.695446,0.167485,-0.757756
-1.686525,0.166322,-0.753898
-1.677651,0.165168,-0.750058
-1.668824,0.164024,-0.746237
-1.660043,0.162888,-0.742435
-1.651308,0.161761,-0.738652
-1.642620,0.160643,-0.734887
-1.633977,0.159534,-0.731141
-1.625380,0.158433,-0.727413
-1.616828,0.157340,-0.723704
-1.608321,0.156256,-0.720013
-1.599859,0.155181,-0.716340
-1.591442,0.154114,-0.712686
-1.583069,0.153055,-0.709049
-1.574740,0.152004,-0.705431
-1.566455,0.150961,-0.701830
-1.558213,0.149927,-0.698247
-1.550015,0.148900,-0.694682
-1.541861,0.147881,-0.691134
-1.533749,0.146870,-0.687604
-1.525680,0.145867,-0.684092
-1.517653,0.144871,-0.680597
-1.509669,0.143884,-0.677119
-1.501727,0.142903,-0.673658
-1.493827,0.141930,-0.670215
-1.485968,0.140965,-0.666789
-1.478151,0.140007,-0.663380
-1.470375,0.139056,-0.659987
-1.462640,0.138113,-0.656612
-1.454946,0.137176,-0.653253
-1.447292,0.136247,-0.649911
-1.439678,0.135325,-0.646585
-1.432105,0.134410,-0.643277
-1.424571,0.133502,-0.639984
-1.417078,0.132600,-0.636708
-1.409623,0.131706,-0.633448
-1.402208,0.130818,-0.630205
-1.394833,0.129937,-0.626977
-1.387495,0.129063,-0.623766
-1.380197,0.128195,-0.620571
-1.372937,0.127334,-0.617392
-1.365715,0.126479,-0.614228
-1.358532,0.125631,-0.611080
-1.351386,0.124789,-0.607948
-1.344278,0.123953,-0.604832
-1.337207,0.123124,-0.601731
-1.330173,0.122301,-0.598646
-1.323177,0.121484,-0.595576
-1.316217,0.120673,-0.592521
-1.309294,0.119868,-0.589482
-1.302408,0.119070,-0.586458
-1.295558,0.118277,-0.583449
-1.288744,0.117490,-0.580455
-1.281965,0.116709,-0.577476
-1.275223,0.115934,-0.574512
-1.268516,0.115164,-0.571563
-1.261844,0.114401,-0.568628
-1.255208,0.113643,-0.565709
-1.248606,0.112890,-0.562803
-1.242039,0.112144,-0.559913
-1.235507,0.111402,-0.557037
-1.229009,0.110666,-0.554175
-1.222546,0.109936,-0.551328
-1.216116,0.109211,-0.548495
-1.209721,0.108491,-0.545676
-1.203359,0.107777,-0.542872
-1.197030,0.107068,-0.540081
-1.190735,0.106364,-0.537305
-1.184473,0.105666,-0.534542
-1.178244,0.104972,-0.531793
-1.172048,0.104284,-0.529059
-1.165884,0.103600,-0.526337
-1.159753,0.102922,-0.523630
-1.153654,0.102249,-0.520936
-1.147588,0.101580,-0.518256
-1.141553,0.100916,-0.515589
-1.135550,0.100258,-0.512936
-1.129578,0.099604,-0.510296
-1.123638,0.098955,-0.507669
-1.117730,0.098310,-0.505056
-1.111852,0.097670,-0.502456
-1.106006,0.097035,-0.499869
-1.100190,0.096405,-0.497294
-1.094405,0.095779,-0.494733
-1.088650,0.095157,-0.492185
-1.082926,0.094541,-0.489650
-1.077231,0.093928,-0.487127
-1.071567,0.093320,-0.484617
-1.065933,0.092717,-0.482120
-1.060328,0.092117,-0.479636
-1.054753,0.091522,-0.477164
-1.049207,0.090932,-0.474704
-1.043690,0.090345,-0.472257
-1.038202,0.089763,-0.469823
-1.032743,0.089185,-0.467400
-1.027313,0.088611,-0.464990
-1.021912,0.088042,-0.462592
-1.016539,0.087476,-0.460206
-1.011194,0.086914,-0.457833
-1.005878,0.086357,-0.455471
-1.000589,0.085803,-0.453121
-0.995328,0.085254,-0.450783
-0.990095,0.084708,-0.448457
-0.984890,0.084166,-0.446143
-0.979712,0.083628,-0.443840
-0.974561,0.083094,-0.441550
-0.969437,0.082564,-0.439270
-0.964340,0.082037,-0.437003
-0.959270,0.081514,-0.434746
-0.954227,0.080995,-0.432502
-0.949210,0.080480,-0.430268
-0.944220,0.079968,-0.428046
-0.939256,0.079460,-0.425836
-0.934318,0.078955,-0.423636
-0.929406,0.078454,-0.421448
-0.924520,0.077957,-0.419270
-0.919660,0.077463,-0.417104
-0.914825,0.076972,-0.414949
-0.910016,0.076485,-0.412805
-0.905232,0.076002,-0.410671
-0.900473,0.075522,-0.408549
-0.895739,0.075045,-0.406437
-0.891031,0.074571,-0.404336
-0.886347,0.074101,-0.402246
-0.881687,0.073634,-0.400166
-0.877052,0.073171,-0.398097
-0.872442,0.072710,-0.396039
-0.867856,0.072253,-0.393990
-0.863294,0.071799,-0.391953
-0.858756,0.071348,-0.389926
-0.854241,0.070901,-0.387909
-0.849751,0.070456,-0.385902
-0.845284,0.070014,-0.383905
-0.840841,0.069576,-0.381919
-0.836421,0.069141,-0.379943
-0.832024,0.068708,-0.377977
-0.827651,0.068279,-0.376021
-0.823300,0.067853,-0.374075
-0.818973,0.067429,-0.372138
-0.814668,0.067009,-0.370212
-0.810386,0.066591,-0.368296
-0.806126,0.066176,-0.366389
-0.801889,0.065765,-0.364492
-0.797674,0.065355,-0.362604
-0.793481,0.064949,-0.360727
-0.789311,0.064546,-0.358859
-0.785162,0.064145,-0.357000
-0.781035,0.063747,-0.355151
-0.776930,0.063352,-0.353311
-0.772846,0.062960,-0.351481
-0.768784,0.062570,-0.349660
-0.764744,0.062183,-0.347849
-0.760724,0.061798,-0.346046
-0.756726,0.061416,-0.344253
-0.752749,0.061037,-0.342469
-0.748792,0.060661,-0.340694
-0.744857,0.060286,-0.338929
-0.740942,0.059915,-0.337172
-0.737048,0.059546,-0.335424
-0.733174,0.059179,-0.333685
-0.729321,0.058815,-0.331955
-0.725487,0.058454,-0.330234
-0.721675,0.058095,-0.328522
-0.717882,0.057738,-0.326819
-0.714109,0.057384,-0.325124
-0.710356,0.057032,-0.323438
-0.706623,0.056682,-0.321760
-0.702909,0.056335,-0.320091
-0.699215,0.055991,-0.318431
-0.695540,0.055648,-0.316779
-0.691885,0.055308,-0.315136
-0.688249,0.054970,-0.313501
-0.684632,0.054634,-0.311874
-0.681034,0.054301,-0.310256
-0.677455,0.053970,-0.308646
-0.673894,0.053641,-0.307045
-0.670353,0.053314,-0.305451
-0.666830,0.052990,-0.303866
-0.663326,0.052668,-0.302289
-0.659840,0.052347,-0.300720
-0.656372,0.052029,-0.299159
-0.652923,0.051714,-0.297605
-0.649492,0.051400,-0.296060
-0.646079,0.051088,-0.294523
-0.642684,0.050778,-0.292994
-0.639306,0.050471,-0.291473
-0.635947,0.050165,-0.289959
-0.632605,0.049862,-0.288453
-0.629281,0.049560,-0.286955
-0.625974,0.049261,-0.285465
-0.622684,0.048963,-0.283982
-0.619412,0.048668,-0.282507
-0.616157,0.048374,-0.281040
-0.612920,0.048082,-0.279580
-0.609699,0.047793,-0.278127
-0.606495,0.047505,-0.276682
-0.603308,0.047219,-0.275244
-0.600138,0.046935,-0.273814
-0.596984,0.046653,-0.272391
-0.593848,0.046372,-0.270976
-0.590727,0.046094,-0.269568
-0.587623,0.045817,-0.268167
-0.584535,0.045542,-0.266773
-0.581464,0.045269,-0.265386
-0.578409,0.044998,-0.264007
-0.575369,0.044729,-0.262634
-0.572346,0.044461,-0.261269
-0.569339,0.044195,-0.259911
-0.566347,0.043931,-0.258559
-0.563371,0.043668,-0.257215
-0.560411,0.043408,-0.255878
-0.557467,0.043149,-0.254547
-0.554538,0.042891,-0.253223
-0.551624,0.042635,-0.251906
-0.548726,0.042381,-0.250596
-0.545842,0.042129,-0.249293
-0.542974,0.041878,-0.247996
-0.540122,0.041629,-0.246706
-0.537284,0.041382,-0.245423
-0.534461,0.041136,-0.244146
-0.531653,0.040891,-0.242876
-0.528859,0.040649,-0.241613
-0.526081,0.040407,-0.240356
-0.523316,0.040168,-0.239105
-0.520567,0.039930,-0.237861
-0.517832,0.039693,-0.236623
-0.515111,0.039458,-0.235392
-0.512405,0.039225,-0.234167
-0.509713,0.038993,-0.232948
-0.507035,0.038762,-0.231736
-0.504371,0.038533,-0.230530
-0.501721,0.038305,-0.229330
-0.499085,0.038079,-0.228136
-0.496463,0.037855,-0.226948
-0.493855,0.037631,-0.225767
-0.491260,0.037410,-0.224592
-0.488679,0.037189,-0.223422
-0.486112,0.036970,-0.222259
-0.483558,0.036753,-0.221102
-0.481017,0.036537,-0.219951
-0.478490,0.036322,-0.218805
-0.475976,0.036108,-0.217666
-0.473476,0.035896,-0.216532
-0.470988,0.035685,-0.215405
-0.468514,0.035476,-0.214283
-0.466052,0.035268,-0.213167
-0.463604,0.035061,-0.212057
-0.461169,0.034856,-0.210952
-0.458746,0.034652,-0.209853
-0.456336,0.034449,-0.208760
-0.453938,0.034247,-0.207673
-0.451554,0.034047,-0.206591
-0.449181,0.033848,-0.205514
-0.446822,0.033650,-0.204444
-0.444474,0.033454,-0.203378
-0.442139,0.033259,-0.202319
-0.439817,0.033065,-0.201265
-0.437506,0.032872,-0.200216
-0.435208,0.032680,-0.199173
-0.432922,0.032490,-0.198135
-0.430647,0.032301,-0.197102
-0.428385,0.032113,-0.196075
-0.426135,0.031926,-0.195053
-0.423896,0.031740,-0.194036
-0.421669,0.031556,-0.193025
-0.419454,0.031372,-0.192019
-0.417251,0.031190,-0.191018
-0.415059,0.031009,-0.190022
-0.412878,0.030829,-0.189032
-0.410710,0.030650,-0.188046
-0.408552,0.030473,-0.187066
-0.406406,0.030296,-0.186090
-0.404271,0.030121,-0.185120
-0.402147,0.029946,-0.184155
-0.400035,0.029773,-0.183195
-0.397934,0.029601,-0.182240
-0.395843,0.029430,-0.181289
-0.393764,0.029259,-0.180344
-0.391695,0.029090,-0.179403
-0.389638,0.028922,-0.178468
-0.387591,0.028756,-0.177537
-0.385555,0.028590,-0.176611
-0.383530,0.028425,-0.175690
-0.381515,0.028261,-0.174774
-0.379511,0.028098,-0.173862
-0.377518,0.027936,-0.172955
-0.375535,0.027775,-0.172053
-0.373562,0.027616,-0.171155
-0.371600,0.027457,-0.170262
-0.369648,0.027299,-0.169374
-0.367706,0.027142,-0.168491
-0.365775,0.026986,-0.167612
-0.363854,0.026831,-0.166737
-0.361942,0.026677,-0.165867
-0.360041,0.026524,-0.165002
-0.358150,0.026372,-0.164141
-0.356269,0.026221,-0.163284
-0.354398,0.026070,-0.162432
-0.352536,0.025921,-0.161585
-0.350684,0.025773,-0.160741
-0.348842,0.025625,-0.159902
-0.347010,0.025478,-0.159068
-0.345187,0.025333,-0.158238
-0.343374,0.025188,-0.157412
-0.341571,0.025044,-0.156590
-0.339777,0.024901,-0.155773
-0.337992,0.024759,-0.154960
-0.336217,0.024617,-0.154151
-0.334451,0.024477,-0.153346
-0.332694,0.024337,-0.152546
-0.330947,0.024198,-0.151749
-0.329208,0.024060,-0.150957
-0.327479,0.023923,-0.150169
-0.325759,0.023787,-0.149385
-0.324048,0.023652,-0.148605
-0.322346,0.023517,-0.147829
-0.320653,0.023383,-0.147057
-0.318969,0.023250,-0.146290
-0.317294,0.023118,-0.145526
-0.315627,0.022987,-0.144766
-0.313969,0.022856,-0.144010
-0.312320,0.022726,-0.143258
-0.310680,0.022597,-0.142510
-0.309048,0.022469,-0.141766
-0.307425,0.022342,-0.141025
-0.305810,0.022215,-0.140289
-0.304204,0.022089,-0.139556
-0.302607,0.021964,-0.138827
-0.301017,0.021839,-0.138102
-0.299436,0.021716,-0.137381
-0.297864,0.021593,-0.136663
-0.296299,0.021471,-0.135949
-0.294743,0.021349,-0.135239
-0.293195,0.021228,-0.134533
-0.291655,0.021108,-0.133830
-0.290123,0.020989,-0.133131
-0.288600,0.020871,-0.132435
-0.287084,0.020753,-0.131744
-0.285576,0.020636,-0.131055
-0.284076,0.020519,-0.130371
-0.282584,0.020403,-0.129689
-0.281100,0.020288,-0.129012
-0.279624,0.020174,-0.128338
-0.278155,0.020060,-0.127667
-0.276694,0.019947,-0.127000
-0.275241,0.019835,-0.126336
-0.273796,0.019723,-0.125676
-0.272358,0.019612,-0.125020
-0.270927,0.019502,-0.124366
-0.269505,0.019392,-0.123716
-0.268089,0.019283,-0.123070
-0.266681,0.019175,-0.122427
-0.265281,0.019067,-0.121787
-0.263887,0.018960,-0.121150
-0.262502,0.018854,-0.120517
-0.261123,0.018748,-0.119887
-0.259752,0.018643,-0.119261
-0.258387,0.018538,-0.118637
-0.257030,0.018434,-0.118017
-0.255681,0.018331,-0.117400
-0.254338,0.018228,-0.116787
-0.253002,0.018126,-0.116176
-0.251673,0.018024,-0.115569
-0.250352,0.017923,-0.114965
-0.249037,0.017823,-0.114364
-0.247729,0.017723,-0.113766
-0.246428,0.017624,-0.113171
-0.245134,0.017526,-0.112580
-0.243847,0.017428,-0.111991
-0.242566,0.017330,-0.111406
-0.241292,0.017233,-0.110823
-0.240025,0.017137,-0.110244
-0.238765,0.017041,-0.109667
-0.237511,0.016946,-0.109094
-0.236263,0.016852,-0.108523
-0.235023,0.016758,-0.107956
-0.233788,0.016664,-0.107391
-0.232561,0.016571,-0.106830
-0.231339,0.016479,-0.106271
-0.230124,0.016387,-0.105716
-0.228916,0.016296,-0.105163
-0.227714,0.016205,-0.104613
-0.226518,0.016115,-0.104066
-0.225328,0.016025,-0.103521
-0.224145,0.015936,-0.102980
-0.222968,0.015847,-0.102442
-0.221797,0.015759,-0.101906
-0.220632,0.015671,-0.101373
-0.219474,0.015584,-0.100843
-0.218321,0.015498,-0.100315
-0.217175,0.015412,-0.099790
-0.216034,0.015326,-0.099268
-0.214900,0.015241,-0.098749
-0.213771,0.015156,-0.098233
-0.212649,0.015072,-0.097719
-0.211532,0.014989,-0.097208
-0.210421,0.014905,-0.096699
-0.209316,0.014823,-0.096193
-0.208217,0.014741,-0.095690
-0.207124,0.014659,-0.095190
-0.206036,0.014578,-0.094692
-0.204954,0.014497,-0.094196
-0.203878,0.014417,-0.093703
-0.202807,0.014337,-0.093213
-0.201742,0.014257,-0.092726
-0.200683,0.014179,-0.092240
-0.199629,0.014100,-0.091758
-0.198581,0.014022,-0.091278
-0.197538,0.013945,-0.090800
-0.196501,0.013868,-0.090325
-0.195469,0.013791,-0.089853
-0.194442,0.013715,-0.089382
-0.193421,0.013639,-0.088915
-0.192406,0.013564,-0.088449
-0.191395,0.013489,-0.087987
-0.190390,0.013414,-0.087526
-0.189390,0.013340,-0.087068
-0.188396,0.013267,-0.086613
-0.187407,0.013193,-0.086159
-0.186423,0.013121,-0.085708
-0.185444,0.013048,-0.085260
-0.184470,0.012976,-0.084814
-0.183501,0.012905,-0.084370
-0.182538,0.012834,-0.083928
-0.181579,0.012763,-0.083489
-0.180626,0.012693,-0.083052
-0.179677,0.012623,-0.082617
-0.178734,0.012553,-0.082185
-0.177795,0.012484,-0.081755
-0.176862,0.012416,-0.081327
-0.175933,0.012347,-0.080901
-0.175009,0.012280,-0.080478
-0.174090,0.012212,-0.080057
-0.173176,0.012145,-0.079638
-0.172267,0.012078,-0.079221
-0.171362,0.012012,-0.078806
-0.170462,0.011946,-0.078394
-0.169567,0.011880,-0.077983
-0.168677,0.011815,-0.077575
-0.167791,0.011750,-0.077169
-0.166910,0.011686,-0.076765
-0.166034,0.011622,-0.076363
-0.165162,0.011558,-0.075963
-0.164294,0.011494,-0.075566
-0.163432,0.011431,-0.075170
-0.162574,0.011369,-0.074777
-0.161720,0.011306,-0.074385
-0.160871,0.011244,-0.073996
-0.160026,0.011183,-0.073608
-0.159186,0.011122,-0.073223
-0.158350,0.011061,-0.072840
-0.157519,0.011000,-0.072458
-0.156691,0.010940,-0.072079
-0.155869,0.010880,-0.071701
-0.155050,0.010820,-0.071326
-0.154236,0.010761,-0.070953
-0.153426,0.010702,-0.070581
-0.152621,0.010644,-0.070212
-0.151819,0.010586,-0.069844
-0.151022,0.010528,-0.069478
-0.150229,0.010470,-0.069114
-0.149440,0.010413,-0.068752
-0.148656,0.010356,-0.068392
-0.147875,0.010300,-0.068034
-0.147099,0.010243,-0.067678
-0.146326,0.010187,-0.067324
-0.145558,0.010132,-0.066971
-0.144794,0.010077,-0.066620
-0.144033,0.010022,-0.066271
-0.143277,0.009967,-0.065924
-0.142525,0.009912,-0.065579
-0.141776,0.009858,-0.065236
-0.141032,0.009805,-0.064894
-0.140292,0.009751,-0.064554
-0.139555,0.009698,-0.064216
-0.138822,0.009645,-0.063880
-0.138093,0.009593,-0.063545
-0.137368,0.009540,-0.063212
-0.136647,0.009488,-0.062881
-0.135929,0.009437,-0.062552
-0.135216,0.009385,-0.062224
-0.134506,0.009334,-0.061899
-0.133800,0.009284,-0.061574
-0.133097,0.009233,-0.061252
-0.132398,0.009183,-0.060931
-0.131703,0.009133,-0.060612
-0.131011,0.009083,-0.060294
-0.130324,0.009034,-0.059979
-0.129639,0.008985,-0.059664
-0.128959,0.008936,-0.059352
-0.128282,0.008887,-0.059041
-0.127608,0.008839,-0.058732
-0.126938,0.008791,-0.058424
-0.126271,0.008743,-0.058118
-0.125609,0.008696,-0.057814
-0.124949,0.008648,-0.057511
-0.124293,0.008602,-0.057209
-0.123640,0.008555,-0.056910
-0.122991,0.008508,-0.056612
-0.122345,0.008462,-0.056315
-0.121703,0.008416,-0.056020
-0.121064,0.008371,-0.055727
-0.120428,0.008325,-0.055435
-0.119796,0.008280,-0.055144
-0.119167,0.008235,-0.054855
-0.118541,0.008191,-0.054568
-0.117919,0.008146,-0.054282
-0.117300,0.008102,-0.053998
-0.116684,0.008058,-0.053715
-0.116071,0.008014,-0.053433
-0.115462,0.007971,-0.053153
-0.114856,0.007928,-0.052875
-0.114253,0.007885,-0.052598
-0.113653,0.007842,-0.052322
-0.113056,0.007800,-0.052048
-0.112463,0.007758,-0.051775
-0.111872,0.007716,-0.051504
-0.111285,0.007674,-0.051234
-0.110700,0.007632,-0.050966
-0.110119,0.007591,-0.050699
-0.109541,0.007550,-0.050433
-0.108966,0.007509,-0.050169
-0.108394,0.007469,-0.049906
-0.107825,0.007428,-0.049644
-0.107259,0.007388,-0.049384
-0.106695,0.007348,-0.049126
-0.106135,0.007308,-0.048868
-0.105578,0.007269,-0.048612
-0.105024,0.007230,-0.048357
-0.104472,0.007191,-0.048104
-0.103924,0.007152,-0.047852
-0.103378,0.007113,-0.047601
-0.102835,0.007075,-0.047352
-0.102295,0.007037,-0.047103
-0.101758,0.006999,-0.046857
-0.101224,0.006961,-0.046611
-0.100693,0.006923,-0.046367
-0.100164,0.006886,-0.046124
-0.099638,0.006849,-0.045882
-0.099115,0.006812,-0.045642
-0.098595,0.006775,-0.045402
-0.098077,0.006738,-0.045164
-0.097562,0.006702,-0.044928
-0.097050,0.006666,-0.044692
-0.096540,0.006630,-0.044458
-0.096033,0.006594,-0.044225
-0.095529,0.006559,-0.043993
-0.095028,0.006523,-0.043763
-0.094529,0.006488,-0.043533
-0.094032,0.006453,-0.043305
-0.093539,0.006419,-0.043078
-0.093048,0.006384,-0.042852
-0.092559,0.006350,-0.042628
-0.092073,0.006316,-0.042404
-0.091590,0.006282,-0.042182
-0.091109,0.006248,-0.041961
-0.090631,0.006214,-0.041741
-0.090155,0.006181,-0.041522
-0.089681,0.006147,-0.041305
-0.089211,0.006114,-0.041088
-0.088742,0.006081,-0.040873
-0.088276,0.006049,-0.040659
-0.087813,0.006016,-0.040445
-0.087352,0.005984,-0.040233
-0.086893,0.005952,-0.040023
-0.086437,0.005920,-0.039813
-0.085983,0.005888,-0.039604
-0.085532,0.005856,-0.039396
-0.085083,0.005825,-0.039190
-0.084636,0.005793,-0.038985
-0.084192,0.005762,-0.038780
-0.083750,0.005731,-0.038577
-0.083310,0.005701,-0.038375
-0.082873,0.005670,-0.038173
-0.082437,0.005640,-0.037973
-0.082005,0.005609,-0.037774
-0.081574,0.005579,-0.037576
-0.081146,0.005549,-0.037379
-0.080720,0.005519,-0.037183
-0.080296,0.005490,-0.036988
-0.079874,0.005460,-0.036795
-0.079455,0.005431,-0.036602
-0.079038,0.005402,-0.036410
-0.078623,0.005373,-0.036219
-0.078210,0.005344,-0.036029
-0.077800,0.005315,-0.035840
-0.077391,0.005287,-0.035652
-0.076985,0.005259,-0.035465
-0.076581,0.005230,-0.035279
-0.076179,0.005202,-0.035094
-0.075779,0.005174,-0.034910
-0.075381,0.005147,-0.034727
-0.074985,0.005119,-0.034545
-0.074591,0.005092,-0.034364
-0.074200,0.005064,-0.034184
-0.073810,0.005037,-0.034005
-0.073423,0.005010,-0.033827
-0.073037,0.004983,-0.033649
-0.072654,0.004957,-0.033473
-0.072272,0.004930,-0.033297
-0.071893,0.004904,-0.033123
-0.071516,0.004878,-0.032949
-0.071140,0.004851,-0.032776
-0.070767,0.004825,-0.032604
-0.070395,0.004800,-0.032433
-0.070026,0.004774,-0.032263
-0.069658,0.004748,-0.032094
-0.069292,0.004723,-0.031926
-0.068928,0.004698,-0.031759
-0.068567,0.004673,-0.031592
-0.068207,0.004648,-0.031426
-0.067848,0.004623,-0.031262
-0.067492,0.004598,-0.031098
-0.067138,0.004573,-0.030935
-0.066785,0.004549,-0.030772
-0.066435,0.004525,-0.030611
-0.066086,0.004500,-0.030451
-0.065739,0.004476,-0.030291
-0.065394,0.004452,-0.030132
-0.065051,0.004429,-0.029974
-0.064709,0.004405,-0.029817
-0.064369,0.004381,-0.029660
-0.064032,0.004358,-0.029505
-0.063695,0.004335,-0.029350
-0.063361,0.004312,-0.029196
-0.063028,0.004289,-0.029043
-0.062697,0.004266,-0.028891
-0.062368,0.004243,-0.028739
-0.062041,0.004220,-0.028589
-0.061715,0.004198,-0.028439
-0.061391,0.004175,-0.028290
-0.061069,0.004153,-0.028141
-0.060748,0.004131,-0.027994
-0.060429,0.004109,-0.027847
-0.060112,0.004087,-0.027701
-0.059796,0.004065,-0.027556
-0.059483,0.004043,-0.027411
-0.059170,0.004022,-0.027267
-0.058860,0.004000,-0.027124
-0.058551,0.003979,-0.026982
-0.058243,0.003958,-0.026841
-0.057938,0.003937,-0.026700
-0.057633,0.003916,-0.026560
-0.057331,0.003895,-0.026421
-0.057030,0.003874,-0.026282
-0.056730,0.003853,-0.026144
-0.056433,0.003833,-0.026007
-0.056136,0.003812,-0.025871
-0.055842,0.003792,-0.025735
-0.055548,0.003772,-0.025600
-0.055257,0.003752,-0.025466
-0.054967,0.003732,-0.025332
-0.054678,0.003712,-0.025199
-0.054391,0.003692,-0.025067
-0.054106,0.003672,-0.024936
-0.053822,0.003653,-0.024805
-0.053539,0.003633,-0.024675
-0.053258,0.003614,-0.024545
-0.052978,0.003595,-0.024417
-0.052700,0.003575,-0.024289
-0.052424,0.003556,-0.024161
-0.052148,0.003537,-0.024035
-0.051875,0.003519,-0.023908
-0.051602,0.003500,-0.023783
-0.051331,0.003481,-0.023658
-0.051062,0.003463,-0.023534
-0.050794,0.003444,-0.023411
-0.050527,0.003426,-0.023288
-0.050262,0.003408,-0.023166
-0.049998,0.003390,-0.023044
-0.049735,0.003372,-0.022924
-0.049474,0.003354,-0.022803
-0.049215,0.003336,-0.022684
-0.048956,0.003318,-0.022565
-0.048699,0.003300,-0.022446
-0.048444,0.003283,-0.022329
-0.048189,0.003265,-0.022212
-0.047936,0.003248,-0.022095
-0.047685,0.003231,-0.021979
-0.047434,0.003213,-0.021864
-0.047185,0.003196,-0.021749
-0.046938,0.003179,-0.021635
-0.046691,0.003162,-0.021522
-0.046446,0.003146,-0.021409
-0.046202,0.003129,-0.021296
-0.045960,0.003112,-0.021185
-0.045718,0.003096,-0.021074
-0.045478,0.003079,-0.020963
-0.045240,0.003063,-0.020853
-0.045002,0.003047,-0.020744
-0.044766,0.003030,-0.020635
-0.044531,0.003014,-0.020527
-0.044297,0.002998,-0.020419
-0.044065,0.002982,-0.020312
-0.043833,0.002967,-0.020205
-0.043603,0.002951,-0.020099
-0.043374,0.002935,-0.019994
-0.043147,0.002919,-0.019889
-0.042920,0.002904,-0.019785
-0.042695,0.002889,-0.019681
-0.042471,0.002873,-0.019578
-0.042248,0.002858,-0.019475
-0.042026,0.002843,-0.019373
-0.041805,0.002828,-0.019271
-0.041586,0.002813,-0.019170
-0.041367,0.002798,-0.019070
-0.041150,0.002783,-0.018969
-0.040934,0.002768,-0.018870
-0.040719,0.002753,-0.018771
-0.040506,0.002739,-0.018673
-0.040293,0.002724,-0.018575
-0.040081,0.002710,-0.018477
-0.039871,0.002695,-0.018380
-0.039662,0.002681,-0.018284
-0.039453,0.002667,-0.018188
-0.039246,0.002653,-0.018092
-0.039040,0.002639,-0.017998
-0.038835,0.002625,-0.017903
-0.038631,0.002611,-0.017809
-0.038429,0.002597,-0.017716
-0.038227,0.002583,-0.017623
-0.038026,0.002569,-0.017530
-0.037827,0.002556,-0.017438
-0.037628,0.002542,-0.017347
-0.037431,0.002529,-0.017256
-0.037234,0.002515,-0.017165
-0.037039,0.002502,-0.017075
-0.036844,0.002489,-0.016986
-0.036651,0.002475,-0.016897
-0.036458,0.002462,-0.016808
-0.036267,0.002449,-0.016720
-0.036077,0.002436,-0.016632
-0.035887,0.002423,-0.016545
-0.035699,0.002410,-0.016458
-0.035511,0.002398,-0.016372
-0.035325,0.002385,-0.016286
-0.035139,0.002372,-0.016200
-0.034955,0.002360,-0.016115
-0.034772,0.002347,-0.016031
-0.034589,0.002335,-0.015947
-0.034407,0.002322,-0.015863
-0.034227,0.002310,-0.015780
-0.034047,0.002298,-0.015697
-0.033868,0.002286,-0.015615
-0.033691,0.002274,-0.015533
-0.033514,0.002262,-0.015451
-0.033338,0.002250,-0.015370
-0.033163,0.002238,-0.015290
-0.032989,0.002226,-0.015209
-0.032815,0.002214,-0.015130
-0.032643,0.002202,-0.015050
-0.032472,0.002191,-0.014971
-0.032301,0.002179,-0.014893
-0.032132,0.002167,-0.014815
-0.031963,0.002156,-0.014737
-0.031795,0.002145,-0.014660
-0.031628,0.002133,-0.014583
-0.031462,0.002122,-0.014506
-0.031297,0.002111,-0.014430
-0.031133,0.002099,-0.014354
-0.030969,0.002088,-0.014279
-0.030807,0.002077,-0.014204
-0.030645,0.002066,-0.014130
-0.030484,0.002055,-0.014055
-0.030324,0.002044,-0.013982
-0.030165,0.002034,-0.013908
-0.030007,0.002023,-0.013835
-0.029849,0.002012,-0.013763
-0.029693,0.002002,-0.013691
-0.029537,0.001991,-0.013619
-0.029382,0.001980,-0.013547
-0.029227,0.001970,-0.013476
-0.029074,0.001959,-0.013405
-0.028921,0.001949,-0.013335
-0.028769,0.001939,-0.013265
-0.028618,0.001929,-0.013196
-0.028468,0.001918,-0.013126
-0.028319,0.001908,-0.013057
-0.028170,0.001898,-0.012989
-0.028022,0.001888,-0.012921
-0.027875,0.001878,-0.012853
-0.027729,0.001868,-0.012786
-0.027583,0.001858,-0.012718
-0.027438,0.001848,-0.012652
-0.027294,0.001839,-0.012585
-0.027151,0.001829,-0.012519
-0.027009,0.001819,-0.012454
-0.026867,0.001810,-0.012388
-0.026726,0.001800,-0.012323
-0.026585,0.001791,-0.012259
-0.026446,0.001781,-0.012194
-0.026307,0.001772,-0.012130
-0.026169,0.001762,-0.012067
-0.026032,0.001753,-0.012003
-0.025895,0.001744,-0.011940
-0.025759,0.001734,-0.011878
-0.025624,0.001725,-0.011815
-0.025489,0.001716,-0.011753
-0.025355,0.001707,-0.011692
-0.025222,0.001698,-0.011630
-0.025090,0.001689,-0.011569
-0.024958,0.001680,-0.011509
-0.024827,0.001671,-0.011448
-0.024697,0.001662,-0.011388
-0.024567,0.001654,-0.011328
-0.024438,0.001645,-0.011269
-0.024310,0.001636,-0.011210
-0.024182,0.001628,-0.011151
-0.024055,0.001619,-0.011093
-0.023929,0.001610,-0.011034
-0.023803,0.001602,-0.010976
-0.023679,0.001593,-0.010919
-0.023554,0.001585,-0.010862
-0.023431,0.001577,-0.010805
-0.023308,0.001568,-0.010748
-0.023185,0.001560,-0.010691
-0.023064,0.001552,-0.010635
-0.022942,0.001544,-0.010580
-0.022822,0.001535,-0.010524
-0.022702,0.001527,-0.010469
-0.022583,0.001519,-0.010414
-0.022464,0.001511,-0.010359
-0.022347,0.001503,-0.010305
-0.022229,0.001495,-0.010251
-0.022113,0.001487,-0.010197
-0.021996,0.001480,-0.010144
-0.021881,0.001472,-0.010090
-0.021766,0.001464,-0.010037
-0.021652,0.001456,-0.009985
-0.021538,0.001449,-0.009932
-0.021425,0.001441,-0.009880
-0.021313,0.001433,-0.009828
-0.021201,0.001426,-0.009777
-0.021089,0.001418,-0.009725
-0.020979,0.001411,-0.009674
-0.020869,0.001403,-0.009624
-0.020759,0.001396,-0.009573
-0.020650,0.001388,-0.009523
-0.020542,0.001381,-0.009473
-0.020434,0.001374,-0.009423
-0.020327,0.001367,-0.009374
-0.020220,0.001359,-0.009325
-0.020114,0.001352,-0.009276
-0.020008,0.001345,-0.009227
-0.019903,0.001338,-0.009179
-0.019799,0.001331,-0.009130
-0.019695,0.001324,-0.009082
-0.019591,0.001317,-0.009035
-0.019489,0.001310,-0.008987
-0.019386,0.001303,-0.008940
-0.019284,0.001296,-0.008893
-0.019183,0.001289,-0.008847
-0.019083,0.001282,-0.008800
-0.018982,0.001276,-0.008754
-0.018883,0.001269,-0.008708
-0.018784,0.001262,-0.008662
-0.018685,0.001256,-0.008617
-0.018587,0.001249,-0.008572
-0.018489,0.001242,-0.008527
-0.018392,0.001236,-0.008482
-0.018296,0.001229,-0.008437
-0.018200,0.001223,-0.008393
-0.018104,0.001216,-0.008349
-0.018009,0.001210,-0.008305
-0.017915,0.001204,-0.008262
-0.017820,0.001197,-0.008218
-0.017727,0.001191,-0.008175
-0.017634,0.001185,-0.008132
-0.017541,0.001178,-0.008090
-0.017449,0.001172,-0.008047
-0.017358,0.001166,-0.008005
-0.017267,0.001160,-0.007963
-0.017176,0.001154,-0.007921
-0.017086,0.001148,-0.007880
-0.016996,0.001142,-0.007838
-0.016907,0.001136,-0.007797
-0.016818,0.001130,-0.007756
-0.016730,0.001124,-0.007716
-0.016642,0.001118,-0.007675
-0.016555,0.001112,-0.007635
-0.016468,0.001106,-0.007595
-0.016381,0.001100,-0.007555
-0.016295,0.001094,-0.007515
-0.016210,0.001089,-0.007476
-0.016125,0.001083,-0.007437
-0.016040,0.001077,-0.007398
-0.015956,0.001071,-0.007359
-0.015872,0.001066,-0.007320
-0.015789,0.001060,-0.007282
-0.015706,0.001055,-0.007243
-0.015623,0.001049,-0.007205
-0.015541,0.001043,-0.007168
-0.015460,0.001038,-0.007130
-0.015379,0.001032,-0.007093
-0.015298,0.001027,-0.007055
-0.015218,0.001022,-0.007018
-0.015138,0.001016,-0.006982
-0.015058,0.001011,-0.006945
-0.014979,0.001006,-0.006908
-0.014901,0.001000,-0.006872
-0.014822,0.000995,-0.006836
-0.014745,0.000990,-0.006800
-0.014667,0.000985,-0.006765
-0.014590,0.000979,-0.006729
-0.014514,0.000974,-0.006694
-0.014437,0.000969,-0.006659
-0.014362,0.000964,-0.006624
-0.014286,0.000959,-0.006589
-0.014211,0.000954,-0.006554
-0.014137,0.000949,-0.006520
-0.014062,0.000944,-0.006486
-0.013989,0.000939,-0.006452
-0.013915,0.000934,-0.006418
-0.013842,0.000929,-0.006384
-0.013769,0.000924,-0.006351
-0.013697,0.000919,-0.006317
-0.013625,0.000914,-0.006284
-0.013554,0.000909,-0.006251
-0.013483,0.000905,-0.006218
-0.013412,0.000900,-0.006186
-0.013341,0.000895,-0.006153
-0.013271,0.000890,-0.006121
-0.013202,0.000886,-0.006089
-0.013132,0.000881,-0.006057
-0.013063,0.000876,-0.006025
-0.012995,0.000872,-0.005993
-0.012927,0.000867,-0.005962
-0.012859,0.000863,-0.005931
-0.012791,0.000858,-0.005900
-0.012724,0.000854,-0.005869
-0.012657,0.000849,-0.005838
-0.012591,0.000845,-0.005807
-0.012525,0.000840,-0.005777
-0.012459,0.000836,-0.005746
-0.012394,0.000831,-0.005716
-0.012329,0.000827,-0.005686
-0.012264,0.000823,-0.005656
-0.012199,0.000818,-0.005627
-0.012135,0.000814,-0.005597
-0.012072,0.000810,-0.005568
-0.012008,0.000805,-0.005539
-0.011945,0.000801,-0.005510
-0.011883,0.000797,-0.005481
-0.011820,0.000793,-0.005452
-0.011758,0.000789,-0.005423
-0.011696,0.000784,-0.005395
-0.011635,0.000780,-0.005366
-0.011574,0.000776,-0.005338
-0.011513,0.000772,-0.005310
-0.011453,0.000768,-0.005282
-0.011393,0.000764,-0.005255
-0.011333,0.000760,-0.005227
-0.011273,0.000756,-0.005200
-0.011214,0.000752,-0.005172
-0.011155,0.000748,-0.005145
-0.011097,0.000744,-0.005118
-0.011039,0.000740,-0.005091
-0.010981,0.000736,-0.005065
-0.010923,0.000732,-0.005038
-0.010866,0.000729,-0.005012
-0.010809,0.000725,-0.004985
-0.010752,0.000721,-0.004959
-0.010695,0.000717,-0.004933
-0.010639,0.000713,-0.004907
-0.010583,0.000710,-0.004881
-0.010528,0.000706,-0.004856
-0.010473,0.000702,-0.004830
-0.010418,0.000698,-0.004805
-0.010363,0.000695,-0.004780
-0.010309,0.000691,-0.004755
-0.010254,0.000687,-0.004730
-0.010201,0.000684,-0.004705
-0.010147,0.000680,-0.004680
-0.010094,0.000677,-0.004656
-0.010041,0.000673,-0.004631
-0.009988,0.000670,-0.004607
-0.009936,0.000666,-0.004583
-0.009883,0.000663,-0.004559
-0.009832,0.000659,-0.004535
-0.009780,0.000656,-0.004511
-0.009729,0.000652,-0.004487
-0.009678,0.000649,-0.004464
-0.009627,0.000645,-0.004440
-0.009576,0.000642,-0.004417
-0.009526,0.000638,-0.004394
-0.009476,0.000635,-0.004371
-0.009426,0.000632,-0.004348
-0.009377,0.000628,-0.004325
-0.009328,0.000625,-0.004302
-0.009279,0.000622,-0.004280
-0.009230,0.000619,-0.004257
-0.009181,0.000615,-0.004235
-0.009133,0.000612,-0.004213
-0.009085,0.000609,-0.004191
-0.009038,0.000606,-0.004169
-0.008990,0.000602,-0.004147
-0.008943,0.000599,-0.004125
-0.008896,0.000596,-0.004103
-0.008849,0.000593,-0.004082
-0.008803,0.000590,-0.004060
-0.008757,0.000587,-0.004039
-0.008711,0.000584,-0.004018
-0.008665,0.000581,-0.003997
-0.008619,0.000578,-0.003976
-0.008574,0.000575,-0.003955
-0.008529,0.000572,-0.003934
-0.008484,0.000569,-0.003913
-0.008440,0.000566,-0.003893
-0.008396,0.000563,-0.003873
-0.008351,0.000560,-0.003852
-0.008308,0.000557,-0.003832
-0.008264,0.000554,-0.003812
-0.008221,0.000551,-0.003792
-0.008178,0.000548,-0.003772
-0.008135,0.000545,-0.003752
-0.008092,0.000542,-0.003732
-0.008049,0.000539,-0.003713
-0.008007,0.000536,-0.003693
-0.007965,0.000534,-0.003674
-0.007923,0.000531,-0.003655
-0.007882,0.000528,-0.003636
-0.007840,0.000525,-0.003616
-0.007799,0.000522,-0.003597
-0.007758,0.000520,-0.003579
-0.007718,0.000517,-0.003560
-0.007677,0.000514,-0.003541
-0.007637,0.000512,-0.003523
-0.007597,0.000509,-0.003504
-0.007557,0.000506,-0.003486
-0.007517,0.000504,-0.003467
-0.007478,0.000501,-0.003449
-0.007438,0.000498,-0.003431
-0.007399,0.000496,-0.003413
-0.007360,0.000493,-0.003395
-0.007322,0.000490,-0.003377
-0.007283,0.000488,-0.003360
-0.007245,0.000485,-0.003342
-0.007207,0.000483,-0.003324
-0.007169,0.000480,-0.003307
-0.007132,0.000478,-0.003290
-0.007094,0.000475,-0.003272
-0.007057,0.000473,-0.003255
-0.007020,0.000470,-0.003238
-0.006983,0.000468,-0.003221
-0.006946,0.000465,-0.003204
-0.006910,0.000463,-0.003187
-0.006874,0.000460,-0.003171
-0.006838,0.000458,-0.003154
-0.006802,0.000456,-0.003137
-0.006766,0.000453,-0.003121
-0.006730,0.000451,-0.003105
-0.006695,0.000448,-0.003088
-0.006660,0.000446,-0.003072
-0.006625,0.000444,-0.003056
-0.006590,0.000441,-0.003040
-0.006556,0.000439,-0.003024
-0.006521,0.000437,-0.003008
-0.006487,0.000434,-0.002992
-0.006453,0.000432,-0.002977
-0.006419,0.000430,-0.002961
-0.006385,0.000428,-0.002945
-0.006352,0.000425,-0.002930
-0.006319,0.000423,-0.002915
-0.006285,0.000421,-0.002899
-0.006252,0.000419,-0.002884
-0.006220,0.000416,-0.002869
-0.006187,0.000414,-0.002854
-0.006154,0.000412,-0.002839
-0.006122,0.000410,-0.002824
-0.006090,0.000408,-0.002809
-0.006058,0.000406,-0.002794
-0.006026,0.000404,-0.002780
-0.005995,0.000401,-0.002765
-0.005963,0.000399,-0.002751
-0.005932,0.000397,-0.002736
-0.005901,0.000395,-0.002722
-0.005870,0.000393,-0.002708
-0.005839,0.000391,-0.002693
-0.005808,0.000389,-0.002679
-0.005778,0.000387,-0.002665
-0.005747,0.000385,-0.002651
-0.005717,0.000383,-0.002637
-0.005687,0.000381,-0.002623
-0.005657,0.000379,-0.002610
-0.005628,0.000377,-0.002596
-0.005598,0.000375,-0.002582
-0.005569,0.000373,-0.002569
-0.005540,0.000371,-0.002555
-0.005510,0.000369,-0.002542
-0.005482,0.000367,-0.002529
-0.005453,0.000365,-0.002515
-0.005424,0.000363,-0.002502
-0.005396,0.000361,-0.002489
-0.005367,0.000359,-0.002476
-0.005339,0.000357,-0.002463
-0.005311,0.000356,-0.002450
-0.005283,0.000354,-0.002437
-0.005256,0.000352,-0.002424
-0.005228,0.000350,-0.002412
-0.005200,0.000348,-0.002399
-0.005173,0.000346,-0.002386
-0.005146,0.000344,-0.002374
-0.005119,0.000343,-0.002361
-0.005092,0.000341,-0.002349
-0.005065,0.000339,-0.002337
-0.005039,0.000337,-0.002324
-0.005012,0.000336,-0.002312
-0.004986,0.000334,-0.002300
-0.004960,0.000332,-0.002288
-0.004934,0.000330,-0.002276
-0.004908,0.000329,-0.002264
-0.004882,0.000327,-0.002252
-0.004857,0.000325,-0.002240
-0.004831,0.000323,-0.002229
-0.004806,0.000322,-0.002217
-0.004780,0.000320,-0.002205
-0.004755,0.000318,-0.002194
-0.004730,0.000317,-0.002182
-0.004706,0.000315,-0.002171
-0.004681,0.000313,-0.002159
-0.004656,0.000312,-0.002148
-0.004632,0.000310,-0.002137
-0.004608,0.000308,-0.002125
-0.004583,0.000307,-0.002114
-0.004559,0.000305,-0.002103
-0.004535,0.000304,-0.002092
-0.004512,0.000302,-0.002081
-0.004488,0.000300,-0.002070
-0.004464,0.000299,-0.002059
-0.004441,0.000297,-0.002049
-0.004418,0.000296,-0.002038
-0.004394,0.000294,-0.002027
-0.004371,0.000293,-0.002016
-0.004348,0.000291,-0.002006
-0.004326,0.000289,-0.001995
-0.004303,0.000288,-0.001985
-0.004280,0.000286,-0.001974
-0.004258,0.000285,-0.001964
-0.004235,0.000283,-0.001954
-0.004213,0.000282,-0.001944
-0.004191,0.000280,-0.001933
-0.004169,0.000279,-0.001923
-0.004147,0.000278,-0.001913
-0.004125,0.000276,-0.001903
-0.004104,0.000275,-0.001893
-0.004082,0.000273,-0.001883
-0.004061,0.000272,-0.001873
-0.004039,0.000270,-0.001863
-0.004018,0.000269,-0.001854
-0.003997,0.000267,-0.001844
-0.003976,0.000266,-0.001834
-0.003955,0.000265,-0.001825
-0.003935,0.000263,-0.001815
-0.003914,0.000262,-0.001805
-0.003893,0.000261,-0.001796
-0.003873,0.000259,-0.001787
-0.003853,0.000258,-0.001777
-0.003832,0.000256,-0.001768
-0.003812,0.000255,-0.001759
-0.003792,0.000254,-0.001749
-0.003772,0.000252,-0.001740
-0.003753,0.000251,-0.001731
-0.003733,0.000250,-0.001722
-0.003713,0.000248,-0.001713
-0.003694,0.000247,-0.001704
-0.003674,0.000246,-0.001695
-0.003655,0.000245,-0.001686
-0.003636,0.000243,-0.001677
-0.003617,0.000242,-0.001668
-0.003598,0.000241,-0.001660
-0.003579,0.000239,-0.001651
-0.003560,0.000238,-0.001642
-0.003541,0.000237,-0.001634
-0.003523,0.000236,-0.001625
-0.003504,0.000234,-0.001617
-0.003486,0.000233,-0.001608
-0.003468,0.000232,-0.001600
-0.003449,0.000231,-0.001591
-0.003431,0.000230,-0.001583
-0.003413,0.000228,-0.001575
-0.003395,0.000227,-0.001566
-0.003378,0.000226,-0.001558
-0.003360,0.000225,-0.001550
-0.003342,0.000224,-0.001542
-0.003325,0.000222,-0.001534
-0.003307,0.000221,-0.001526
-0.003290,0.000220,-0.001518
-0.003273,0.000219,-0.001510
-0.003255,0.000218,-0.001502
-0.003238,0.000217,-0.001494
-0.003221,0.000216,-0.001486
-0.003204,0.000214,-0.001478
-0.003188,0.000213,-0.001470
-0.003171,0.000212,-0.001463
-0.003154,0.000211,-0.001455
-0.003138,0.000210,-0.001447
-0.003121,0.000209,-0.001440
-0.003105,0.000208,-0.001432
-0.003089,0.000207,-0.001425
-0.003072,0.000206,-0.001417
-0.003056,0.000204,-0.001410
-0.003040,0.000203,-0.001402
-0.003024,0.000202,-0.001395
-0.003008,0.000201,-0.001388
-0.002993,0.000200,-0.001380
-0.002977,0.000199,-0.001373
-0.002961,0.000198,-0.001366
-0.002946,0.000197,-0.001359
-0.002930,0.000196,-0.001352
-0.002915,0.000195,-0.001345
-0.002900,0.000194,-0.001338
-0.002884,0.000193,-0.001331
-0.002869,0.000192,-0.001324
-0.002854,0.000191,-0.001317
-0.002839,0.000190,-0.001310
-0.002824,0.000189,-0.001303
-0.002809,0.000188,-0.001296
-0.002795,0.000187,-0.001289
-0.002780,0.000186,-0.001282
-0.002765,0.000185,-0.001276
-0.002751,0.000184,-0.001269
-0.002736,0.000183,-0.001262
-0.002722,0.000182,-0.001256
-0.002708,0.000181,-0.001249
-0.002694,0.000180,-0.001243
-0.002679,0.000179,-0.001236
-0.002665,0.000178,-0.001230
-0.002651,0.000177,-0.001223
-0.002637,0.000176,-0.001217
-0.002624,0.000176,-0.001210
-0.002610,0.000175,-0.001204
-0.002596,0.000174,-0.001198
-0.002582,0.000173,-0.001191
-0.002569,0.000172,-0.001185
-0.002555,0.000171,-0.001179
-0.002542,0.000170,-0.001173
-0.002529,0.000169,-0.001166
-0.002515,0.000168,-0.001160
-0.002502,0.000167,-0.001154
-0.002489,0.000166,-0.001148
-0.002476,0.000166,-0.001142
-0.002463,0.000165,-0.001136
-0.002450,0.000164,-0.001130
-0.002437,0.000163,-0.001124
-0.002424,0.000162,-0.001118
-0.002412,0.000161,-0.001113
-0.002399,0.000160,-0.001107
-0.002386,0.000160,-0.001101
-0.002374,0.000159,-0.001095
-0.002361,0.000158,-0.001089
-0.002349,0.000157,-0.001084
-0.002337,0.000156,-0.001078
-0.002324,0.000155,-0.001072
-0.864651,-0.085613,-0.097362
-1.642834,-0.162692,-0.184988
-2.343195,-0.232122,-0.263854
-2.973513,-0.294695,-0.334836
-3.540790,-0.351114,-0.398724
-4.051330,-0.402012,-0.456228
-4.510806,-0.447951,-0.507986
-4.924323,-0.489435,-0.554573
-5.296477,-0.526917,-0.596506
-5.631403,-0.560800,-0.634251
-5.932824,-0.591449,-0.668226
-6.204091,-0.619187,-0.698809
-6.448218,-0.644308,-0.726338
-6.667921,-0.667074,-0.751119
-6.865640,-0.687719,-0.773427
-7.043575,-0.706457,-0.793508
-7.203703,-0.723478,-0.811586
-7.347807,-0.738952,-0.827860
-7.477487,-0.753033,-0.842511
-7.594187,-0.765860,-0.855700
-7.699205,-0.777557,-0.867574
-7.793708,-0.788237,-0.878265
-7.878749,-0.798000,-0.887889
-7.955274,-0.806938,-0.896555
-8.024134,-0.815132,-0.904357
-8.086095,-0.822655,-0.911382
-8.141849,-0.829575,-0.917707
-8.192015,-0.835950,-0.923402
-8.237153,-0.841835,-0.928530
-8.277765,-0.847278,-0.933148
-8.314303,-0.852322,-0.937306
-8.347176,-0.857008,-0.941051
-8.376750,-0.861371,-0.944423
-8.403355,-0.865441,-0.947460
-8.427287,-0.869250,-0.950195
-8.448815,-0.872821,-0.952659
-8.468177,-0.876179,-0.954877
-8.485592,-0.879345,-0.956875
-8.501254,-0.882337,-0.958675
-8.515337,-0.885174,-0.960295
-8.528001,-0.887869,-0.961755
-8.539386,-0.890438,-0.963070
-8.549621,-0.892892,-0.964254
-8.558821,-0.895243,-0.965321
-8.567089,-0.897501,-0.966281
-8.574519,-0.899676,-0.967146
-8.581194,-0.901775,-0.967925
-8.587189,-0.903806,-0.968626
-8.592574,-0.905776,-0.969258
-8.597408,-0.907691,-0.969826
-8.601747,-0.909556,-0.970338
-8.605640,-0.911376,-0.970798
-8.609133,-0.913156,-0.971212
-8.612264,-0.914899,-0.971584
-8.615070,-0.916609,-0.971919
-8.617584,-0.918290,-0.972219
-8.619835,-0.919945,-0.972489
-8.621849,-0.921575,-0.972731
-8.623650,-0.923184,-0.972949
-8.625259,-0.924773,-0.973143
-8.626695,-0.926345,-0.973317
-8.627975,-0.927901,-0.973472
-8.629116,-0.929443,-0.973610
-8.630131,-0.930972,-0.973734
-8.631033,-0.932490,-0.973843
-8.631832,-0.933997,-0.973940
-8.632540,-0.935495,-0.974025
-8.633165,-0.936984,-0.974100
-8.633716,-0.938466,-0.974166
-8.634200,-0.939941,-0.974223
-8.634623,-0.941411,-0.974272
-8.634992,-0.942874,-0.974314
-8.635313,-0.944333,-0.974350
-8.635589,-0.945787,-0.974379
-8.635826,-0.947237,-0.974403
-8.636027,-0.948684,-0.974422
-8.636196,-0.950127,-0.974436
-8.636337,-0.951568,-0.974446
-8.636451,-0.953006,-0.974452
-8.636542,-0.954442,-0.974454
-8.636612,-0.955876,-0.974453
-8.636662,-0.957307,-0.974449
-8.636696,-0.958738,-0.974441
-8.636714,-0.960166,-0.974431
-8.636719,-0.961594,-0.974418
-8.636711,-0.963020,-0.974403
-8.636692,-0.964445,-0.974385
-8.636662,-0.965869,-0.974366
-8.636624,-0.967293,-0.974344
-8.636577,-0.968716,-0.974320
-8.636523,-0.970138,-0.974294
-8.636462,-0.971559,-0.974267
-8.636395,-0.972980,-0.974238
-8.636322,-0.974401,-0.974207
-8.636245,-0.975821,-0.974174
-8.636164,-0.977241,-0.974140
-8.636078,-0.978661,-0.974105
-8.635989,-0.980080,-0.974068
-8.635896,-0.981499,-0.974029
-8.635801,-0.982918,-0.973990
-8.635703,-0.984337,-0.973948
-8.635602,-0.985756,-0.973906
-8.635500,-0.987175,-0.973862
-8.635395,-0.988593,-0.973817
-8.635289,-0.990012,-0.973771
-8.635181,-0.991431,-0.973723
-8.635071,-0.992849,-0.973674
-8.634960,-0.994268,-0.973625
-8.634848,-0.995686,-0.973573
-8.634735,-0.997105,-0.973521
-8.634621,-0.998524,-0.973468
-8.634506,-0.999942,-0.973413
-8.634391,-1.001361,-0.973357
-8.634274,-1.002780,-0.973300
-8.634157,-1.004199,-0.973242
-8.634039,-1.005618,-0.973183
-8.633921,-1.007037,-0.973123
-8.633802,-1.008456,-0.973061
-8.633683,-1.009875,-0.972999
-8.633563,-1.011294,-0.972935
-8.633442,-1.012714,-0.972871
-8.633322,-1.014133,-0.972805
-8.633201,-1.015553,-0.972738
-8.633080,-1.016973,-0.972670
-8.632958,-1.018392,-0.972601
-8.632836,-1.019812,-0.972531
-8.632714,-1.021232,-0.972459
-8.632591,-1.022652,-0.972387
-8.632469,-1.024073,-0.972313
-8.632346,-1.025493,-0.972239
-8.632223,-1.026913,-0.972163
-8.632100,-1.028334,-0.972087
-8.631976,-1.029755,-0.972009
-8.631852,-1.031175,-0.971930
-8.631729,-1.032596,-0.971850
-8.631605,-1.034017,-0.971769
-8.631481,-1.035438,-0.971687
-8.631356,-1.036859,-0.971604
-8.631232,-1.038281,-0.971520
-8.631107,-1.039702,-0.971435
-8.630983,-1.041124,-0.971348
-8.630858,-1.042545,-0.971261
-8.630733,-1.043967,-0.971172
-8.630608,-1.045389,-0.971083
-8.630482,-1.046811,-0.970992
-8.630357,-1.048233,-0.970901
-8.630232,-1.049655,-0.970808
-8.630106,-1.051078,-0.970714
-8.629980,-1.052500,-0.970619
-8.629854,-1.053923,-0.970523
-8.629728,-1.055345,-0.970426
-8.629602,-1.056768,-0.970328
-8.629476,-1.058191,-0.970229
-8.629350,-1.059614,-0.970129
-8.629224,-1.061037,-0.970027
-8.629097,-1.062460,-0.969925
-8.628970,-1.063883,-0.969821
-8.628844,-1.065307,-0.969717
-8.628717,-1.066730,-0.969611
-8.628590,-1.068154,-0.969505
-8.628463,-1.069577,-0.969397
-8.628336,-1.071001,-0.969288
-8.628209,-1.072425,-0.969178
-8.628081,-1.073849,-0.969067
-8.627954,-1.075273,-0.968955
-8.627826,-1.076697,-0.968842
-8.627699,-1.078121,-0.968728
-8.627571,-1.079546,-0.968612
-8.627443,-1.080970,-0.968496
-8.627315,-1.082395,-0.968379
-8.627187,-1.083819,-0.968260
-8.627059,-1.085244,-0.968141
-8.626930,-1.086669,-0.968020
-8.626802,-1.088094,-0.967898
-8.626674,-1.089519,-0.967776
-8.626545,-1.090944,-0.967652
-8.626416,-1.092369,-0.967527
-8.626288,-1.093794,-0.967401
-8.626159,-1.095220,-0.967274
-8.626030,-1.096645,-0.967146
-8.625901,-1.098071,-0.967017
-8.625771,-1.099496,-0.966886
-8.625642,-1.100922,-0.966755
-8.625513,-1.102348,-0.966623
-8.625383,-1.103774,-0.966489
-8.625254,-1.105200,-0.966355
-8.625124,-1.106626,-0.966219
-8.624994,-1.108052,-0.966082
-8.624864,-1.109478,-0.965945
-8.624734,-1.110905,-0.965806
-8.624604,-1.112331,-0.965666
-8.624474,-1.113757,-0.965525
-8.624344,-1.115184,-0.965383
-8.624213,-1.116611,-0.965240
-8.624083,-1.118037,-0.965095
-8.623952,-1.119464,-0.964950
-8.623821,-1.120891,-0.964804
-8.623691,-1.122318,-0.964656
-8.623560,-1.123745,-0.964508
-8.623429,-1.125172,-0.964358
-8.623298,-1.126599,-0.964208
-8.623166,-1.128026,-0.964056
-8.623035,-1.129454,-0.963903
-8.622904,-1.130881,-0.963749
-8.622772,-1.132309,-0.963594
-8.622641,-1.133736,-0.963438
-8.622509,-1.135164,-0.963281
-8.622377,-1.136591,-0.963123
-8.622245,-1.138019,-0.962964
-8.622113,-1.139447,-0.962803
-8.621981,-1.140875,-0.962642
-8.621849,-1.142303,-0.962479
-8.621716,-1.143731,-0.962316
-8.621584,-1.145159,-0.962151
-8.621451,-1.146587,-0.961986
-8.621319,-1.148015,-0.961819
-8.621186,-1.149443,-0.961651
-8.621053,-1.150872,-0.961482
-8.620920,-1.152300,-0.961312
-8.620787,-1.153728,-0.961141
-8.620654,-1.155157,-0.960969
-8.620521,-1.156586,-0.960795
-8.620388,-1.158014,-0.960621
-8.620254,-1.159443,-0.960446
-8.620121,-1.160872,-0.960269
-8.619987,-1.162300,-0.960092
-8.619853,-1.163729,-0.959913
-8.619720,-1.165158,-0.959733
-8.619586,-1.166587,-0.959553
-8.619452,-1.168016,-0.959371
-8.619317,-1.169445,-0.959188
-8.619183,-1.170874,-0.959004
-8.619049,-1.172304,-0.958819
-8.618914,-1.173733,-0.958633
-8.618780,-1.175162,-0.958445
-8.618645,-1.176591,-0.958257
-8.618511,-1.178021,-0.958068
-8.618376,-1.179450,-0.957877
-8.618241,-1.180880,-0.957686
-8.618106,-1.182309,-0.957493
-8.617971,-1.183739,-0.957299
-8.617835,-1.185168,-0.957105
-8.617700,-1.186598,-0.956909
-8.617565,-1.188028,-0.956712
-8.617429,-1.189458,-0.956514
-8.617293,-1.190887,-0.956315
-8.617158,-1.192317,-0.956114
-8.617022,-1.193747,-0.955913
-8.616886,-1.195177,-0.955711
-8.616750,-1.196607,-0.955508
-8.616614,-1.198037,-0.955303
-8.616477,-1.199467,-0.955097
-8.616341,-1.200897,-0.954891
-8.616205,-1.202327,-0.954683
-8.616068,-1.203757,-0.954474
-8.615931,-1.205188,-0.954264
-8.615795,-1.206618,-0.954053
-8.615658,-1.208048,-0.953841
-8.615521,-1.209478,-0.953628
-8.615384,-1.210909,-0.953414
-8.615247,-1.212339,-0.953199
-8.615109,-1.213770,-0.952982
-8.614972,-1.215200,-0.952765
-8.614835,-1.216631,-0.952547
-8.614697,-1.218061,-0.952327
-8.614559,-1.219492,-0.952106
-8.614422,-1.220922,-0.951885
-8.614284,-1.222353,-0.951662
-8.614146,-1.223783,-0.951438
-8.614008,-1.225214,-0.951213
-8.613870,-1.226645,-0.950987
-8.613731,-1.228075,-0.950760
-8.613593,-1.229506,-0.950531
-8.613454,-1.230937,-0.950302
-8.613316,-1.232368,-0.950072
-8.613177,-1.233798,-0.949840
-8.613038,-1.235229,-0.949608
-8.612900,-1.236660,-0.949374
-8.612761,-1.238091,-0.949139
-8.612622,-1.239522,-0.948904
-8.612482,-1.240953,-0.948667
-8.612343,-1.242384,-0.948429
-8.612204,-1.243815,-0.948190
-8.612064,-1.245246,-0.947950
-8.611925,-1.246676,-0.947708
-8.611785,-1.248107,-0.947466
-8.611645,-1.249538,-0.947223
-8.611505,-1.250969,-0.946978
-8.611365,-1.252401,-0.946733
-8.611225,-1.253832,-0.946486
-8.611085,-1.255263,-0.946238
-8.610945,-1.256694,-0.945990
-8.610804,-1.258125,-0.945740
-8.610664,-1.259556,-0.945489
-8.610523,-1.260987,-0.945237
-8.610383,-1.262418,-0.944984
-8.610242,-1.263849,-0.944730
-8.610101,-1.265280,-0.944474
-8.609960,-1.266711,-0.944218
-8.609819,-1.268143,-0.943961
-8.609678,-1.269574,-0.943702
-8.609537,-1.271005,-0.943443
-8.609395,-1.272436,-0.943182
-8.609254,-1.273867,-0.942920
-8.609112,-1.275298,-0.942657
-8.608970,-1.276730,-0.942394
-8.608829,-1.278161,-0.942129
-8.608687,-1.279592,-0.941862
-8.608545,-1.281023,-0.941595
-8.608403,-1.282454,-0.941327
-8.608260,-1.283885,-0.941058
-8.608118,-1.285317,-0.940787
-8.607976,-1.286748,-0.940516
-8.607833,-1.288179,-0.940243
-8.607691,-1.289610,-0.939970
-8.607548,-1.291041,-0.939695
-8.607405,-1.292472,-0.939419
-8.607262,-1.293904,-0.939142
-8.607119,-1.295335,-0.938864
-8.606976,-1.296766,-0.938585
-8.606833,-1.298197,-0.938305
-8.606690,-1.299628,-0.938024
-8.606546,-1.301059,-0.937742
-8.606403,-1.302490,-0.937458
-8.606259,-1.303921,-0.937174
-8.606115,-1.305352,-0.936888
-8.605972,-1.306784,-0.936602
-8.605828,-1.308215,-0.936314
-8.605684,-1.309646,-0.936025
-8.605540,-1.311077,-0.935735
-8.605395,-1.312508,-0.935444
-8.605251,-1.313939,-0.935152
-8.605107,-1.315370,-0.934859
-8.604962,-1.316801,-0.934565
-8.604818,-1.318232,-0.934270
-8.604673,-1.319662,-0.933973
-8.604528,-1.321093,-0.933676
-8.604383,-1.322524,-0.933377
-8.604238,-1.323955,-0.933077
-8.604093,-1.325386,-0.932777
-8.603948,-1.326817,-0.932475
-8.603803,-1.328248,-0.932172
-8.603657,-1.329678,-0.931868
-8.603512,-1.331109,-0.931563
-8.603366,-1.332540,-0.931257
-8.603220,-1.333971,-0.930950
-8.603074,-1.335401,-0.930641
-8.602929,-1.336832,-0.930332
-8.602783,-1.338263,-0.930022
-8.602636,-1.339693,-0.929710
-8.602490,-1.341124,-0.929397
-8.602344,-1.342554,-0.929084
-8.602197,-1.343985,-0.928769
-8.602051,-1.345415,-0.928453
-8.601904,-1.346846,-0.928136
-8.601758,-1.348276,-0.927818
-8.601611,-1.349707,-0.927499
-8.601464,-1.351137,-0.927179
-8.601317,-1.352567,-0.926857
-8.601170,-1.353998,-0.926535
-8.601022,-1.355428,-0.926211
-8.600875,-1.356858,-0.925887
-8.600728,-1.358288,-0.925561
-8.600580,-1.359718,-0.925235
-8.600433,-1.361148,-0.924907
-8.600285,-1.362579,-0.924578
-8.600137,-1.364009,-0.924248
-8.599989,-1.365439,-0.923917
-8.599841,-1.366868,-0.923585
-8.599693,-1.368298,-0.923251
-8.599545,-1.369728,-0.922917
-8.599396,-1.371158,-0.922582
-8.599248,-1.372588,-0.922245
-8.599099,-1.374018,-0.921908
-8.598951,-1.375447,-0.921569
-8.598802,-1.376877,-0.921229
-8.598653,-1.378306,-0.920888
-8.598504,-1.379736,-0.920547
-8.598355,-1.381166,-0.920204
-8.598206,-1.382595,-0.919859
-8.598057,-1.384024,-0.919514
-8.597908,-1.385454,-0.919168
-8.597758,-1.386883,-0.918821
-8.597609,-1.388312,-0.918472
-8.597459,-1.389742,-0.918123
-8.597309,-1.391171,-0.917772
-8.597159,-1.392600,-0.917421
-8.597009,-1.394029,-0.917068
-8.596859,-1.395458,-0.916714
-8.596709,-1.396887,-0.916359
-8.596559,-1.398316,-0.916003
-8.596409,-1.399744,-0.915646
-8.596258,-1.401173,-0.915288
-8.596108,-1.402602,-0.914929
-8.595957,-1.404030,-0.914568
-8.595806,-1.405459,-0.914207
-8.595655,-1.406888,-0.913844
-8.595504,-1.408316,-0.913481
-8.595353,-1.409744,-0.913116
-8.595202,-1.411173,-0.912750
-8.595051,-1.412601,-0.912383
-8.594900,-1.414029,-0.912015
-8.594748,-1.415457,-0.911646
-8.594597,-1.416886,-0.911276
-8.594445,-1.418314,-0.910905
-8.594293,-1.419742,-0.910533
-8.594141,-1.421169,-0.910159
-8.593989,-1.422597,-0.909785
-8.593837,-1.424025,-0.909410
-8.593685,-1.425453,-0.909033
-8.593533,-1.426880,-0.908655
-8.593381,-1.428308,-0.908276
-8.593228,-1.429735,-0.907897
-8.593076,-1.431163,-0.907516
-8.592923,-1.432590,-0.907134
-8.592770,-1.434017,-0.906750
-8.592617,-1.435444,-0.906366
-8.592464,-1.436872,-0.905981
-8.592311,-1.438299,-0.905595
-8.592158,-1.439726,-0.905207
-8.592005,-1.441152,-0.904819
-8.591852,-1.442579,-0.904429
-8.591698,-1.444006,-0.904038
-8.591545,-1.445433,-0.903646
-8.591391,-1.446859,-0.903253
-8.591237,-1.448286,-0.902859
-8.591083,-1.449712,-0.902464
-8.590929,-1.451138,-0.902068
-8.590775,-1.452565,-0.901671
-8.590621,-1.453991,-0.901273
-8.590467,-1.455417,-0.900873
-8.590312,-1.456843,-0.900473
-8.590158,-1.458269,-0.900071
-8.590003,-1.459695,-0.899669
-8.589849,-1.461120,-0.899265
-8.589694,-1.462546,-0.898860
-8.589539,-1.463971,-0.898454
-8.589384,-1.465397,-0.898047
-8.589229,-1.466822,-0.897639
-8.589074,-1.468248,-0.897230
-8.588919,-1.469673,-0.896820
-8.588763,-1.471098,-0.896408
-8.588608,-1.472523,-0.895996
-8.588452,-1.473948,-0.895582
-8.588297,-1.475373,-0.895168
-8.588141,-1.476797,-0.894752
-8.587985,-1.478222,-0.894335
-8.587829,-1.479647,-0.893917
-8.587673,-1.481071,-0.893499
-8.587517,-1.482495,-0.893079
-8.587360,-1.483920,-0.892657
-8.587204,-1.485344,-0.892235
-8.587048,-1.486768,-0.891812
-8.586891,-1.488192,-0.891388
-8.586734,-1.489616,-0.890962
-8.586578,-1.491039,-0.890536
-8.586421,-1.492463,-0.890108
-8.586264,-1.493887,-0.889679
-8.586107,-1.495310,-0.889250
-8.585949,-1.496733,-0.888819
-8.585792,-1.498157,-0.888387
-8.585635,-1.499580,-0.887954
-8.585477,-1.501003,-0.887520
-8.585320,-1.502426,-0.887084
-8.585162,-1.503849,-0.886648
-8.585004,-1.505271,-0.886211
-8.584846,-1.506694,-0.885772
-8.584688,-1.508116,-0.885333
-8.584530,-1.509539,-0.884892
-8.584372,-1.510961,-0.884450
-8.584214,-1.512383,-0.884008
-8.584055,-1.513805,-0.883564
-8.583897,-1.515227,-0.883119
-8.583738,-1.516649,-0.882673
-8.583580,-1.518071,-0.882226
-8.583421,-1.519492,-0.881777
-8.583262,-1.520914,-0.881328
-8.583103,-1.522335,-0.880878
-8.582944,-1.523757,-0.880426
-8.582785,-1.525178,-0.879974
-8.582625,-1.526599,-0.879520
-8.582466,-1.528020,-0.879065
-8.582307,-1.529440,-0.878609
-8.582147,-1.530861,-0.878153
-8.581987,-1.532282,-0.877695
-8.581827,-1.533702,-0.877235
-8.581668,-1.535122,-0.876775
-8.581508,-1.536542,-0.876314
-8.581348,-1.537963,-0.875852
-8.581187,-1.539382,-0.875388
-8.581027,-1.540802,-0.874924
-8.580867,-1.542222,-0.874458
-8.580706,-1.543641,-0.873992
-8.580546,-1.545061,-0.873524
-8.580385,-1.546480,-0.873055
-8.580224,-1.547899,-0.872585
-8.580063,-1.549318,-0.872114
-8.579902,-1.550737,-0.871642
-8.579741,-1.552156,-0.871169
-8.579580,-1.553575,-0.870695
-8.579419,-1.554993,-0.870219
-8.579257,-1.556412,-0.869743
-8.579096,-1.557830,-0.869265
-8.578934,-1.559248,-0.868787
-8.578772,-1.560666,-0.868307
-8.578611,-1.562084,-0.867826
-8.578449,-1.563501,-0.867345
-8.578287,-1.564919,-0.866862
-8.578125,-1.566336,-0.866378
-8.577962,-1.567754,-0.865893
-8.577800,-1.569171,-0.865407
-8.577638,-1.570588,-0.864919
-8.577475,-1.572005,-0.864431
-8.577313,-1.573422,-0.863942
-8.577150,-1.574838,-0.863451
-8.576987,-1.576255,-0.862959
-8.576824,-1.577671,-0.862467
-8.576661,-1.579087,-0.861973
-8.576498,-1.580503,-0.861478
-8.576335,-1.581919,-0.860982
-8.576172,-1.583335,-0.860485
-8.576008,-1.584750,-0.859987
-8.575845,-1.586166,-0.859488
-8.575681,-1.587581,-0.858988
-8.575517,-1.588996,-0.858486
-8.575353,-1.590411,-0.857984
-8.575190,-1.591826,-0.857480
-8.575026,-1.593241,-0.856976
-8.574861,-1.594655,-0.856470
-8.574697,-1.596070,-0.855963
-8.574533,-1.597484,-0.855456
-8.574369,-1.598898,-0.854947
-8.574204,-1.600312,-0.854437
-8.574039,-1.601726,-0.853926
-8.573875,-1.603139,-0.853413
-8.573710,-1.604553,-0.852900
-8.573545,-1.605966,-0.852386
-8.573380,-1.607379,-0.851870
-8.573215,-1.608792,-0.851354
-8.573050,-1.610205,-0.850836
-8.572884,-1.611618,-0.850318
-8.572719,-1.613030,-0.849798
-8.572553,-1.614442,-0.849277
-8.572388,-1.615855,-0.848755
-8.572222,-1.617267,-0.848232
-8.572056,-1.618679,-0.847708
-8.571890,-1.620090,-0.847183
-8.571724,-1.621502,-0.846657
-8.571558,-1.622913,-0.846130
-8.571392,-1.624324,-0.845601
-8.571226,-1.625735,-0.845072
-8.571059,-1.627146,-0.844541
-8.570893,-1.628557,-0.844009
-8.570726,-1.629968,-0.843477
-8.570559,-1.631378,-0.842943
-8.570393,-1.632788,-0.842408
-8.570226,-1.634198,-0.841872
-8.570059,-1.635608,-0.841335
-8.569892,-1.637018,-0.840797
-8.569724,-1.638427,-0.840258
-8.569557,-1.639837,-0.839717
-8.569390,-1.641246,-0.839176
-8.569222,-1.642655,-0.838633
-8.569054,-1.644063,-0.838090
-8.568887,-1.645472,-0.837545
-8.568719,-1.646881,-0.837000
-8.568551,-1.648289,-0.836453
-8.568383,-1.649697,-0.835905
-8.568215,-1.651105,-0.835356
-8.568047,-1.652513,-0.834806
-8.567878,-1.653920,-0.834255
-8.567710,-1.655328,-0.833703
-8.567541,-1.656735,-0.833149
-8.567373,-1.658142,-0.832595
-8.567204,-1.659549,-0.832040
-8.567035,-1.660955,-0.831483
-8.566866,-1.662362,-0.830925
-8.566697,-1.663768,-0.830367
-8.566528,-1.665174,-0.829807
-8.566359,-1.666580,-0.829246
-8.566189,-1.667986,-0.828684
-8.566020,-1.669391,-0.828121
-8.565851,-1.670797,-0.827557
-8.565681,-1.672202,-0.826992
-8.565511,-1.673607,-0.826426
-8.565341,-1.675012,-0.825858
-8.565171,-1.676416,-0.825290
-8.565001,-1.677821,-0.824721
-8.564831,-1.679225,-0.824150
-8.564661,-1.680629,-0.823578
-8.564491,-1.682033,-0.823006
-8.564320,-1.683436,-0.822432
-8.564150,-1.684840,-0.821857
-8.563979,-1.686243,-0.821281
-8.563808,-1.687646,-0.820704
-8.563638,-1.689049,-0.820126
-8.563467,-1.690452,-0.819547
-8.563296,-1.691854,-0.818966
-8.563124,-1.693256,-0.818385
-8.562953,-1.694658,-0.817803
-8.562782,-1.696060,-0.817219
-8.562610,-1.697462,-0.816634
-8.562439,-1.698863,-0.816049
-8.562267,-1.700264,-0.815462
-8.562096,-1.701665,-0.814874
-8.561924,-1.703066,-0.814285
-8.561752,-1.704467,-0.813695
-8.561580,-1.705867,-0.813104
-8.561408,-1.707268,-0.812512
-8.561235,-1.708668,-0.811919
-8.561063,-1.710067,-0.811325
-8.560891,-1.711467,-0.810729
-8.560718,-1.712866,-0.810133
-8.560545,-1.714265,-0.809535
-8.560373,-1.715664,-0.808937
-8.560200,-1.717063,-0.808337
-8.560027,-1.718462,-0.807736
-8.559854,-1.719860,-0.807134
-8.559681,-1.721258,-0.806531
-8.559507,-1.722656,-0.805927
-8.559334,-1.724054,-0.805322
-8.559161,-1.725451,-0.804716
-8.558987,-1.726848,-0.804109
-8.558814,-1.728245,-0.803501
-8.558640,-1.729642,-0.802891
-8.558466,-1.731039,-0.802281
-8.558292,-1.732435,-0.801669
-8.558118,-1.733831,-0.801057
-8.557944,-1.735227,-0.800443
-8.557770,-1.736623,-0.799828
-8.557595,-1.738019,-0.799212
-8.557421,-1.739414,-0.798595
-8.557246,-1.740809,-0.797977
-8.557072,-1.742204,-0.797358
-8.556897,-1.743598,-0.796738
-8.556722,-1.744993,-0.796117
-8.556547,-1.746387,-0.795494
-8.556372,-1.747781,-0.794871
-8.556197,-1.749174,-0.794247
-8.556022,-1.750568,-0.793621
-8.555846,-1.751961,-0.792994
-8.555671,-1.753354,-0.792367
-8.555495,-1.754747,-0.791738
-8.555320,-1.756140,-0.791108
-8.555144,-1.757532,-0.790477
-8.554968,-1.758924,-0.789845
-8.554792,-1.760316,-0.789212
-8.554616,-1.761707,-0.788578
-8.554440,-1.763099,-0.787943
-8.554264,-1.764490,-0.787306
-8.554087,-1.765881,-0.786669
-8.553911,-1.767272,-0.786031
-8.553734,-1.768662,-0.785391
-8.553558,-1.770052,-0.784751
-8.553381,-1.771442,-0.784109
-8.553204,-1.772832,-0.783466
-8.553027,-1.774221,-0.782822
-8.552850,-1.775611,-0.782177
-8.552673,-1.777000,-0.781531
-8.552496,-1.778389,-0.780884
-8.552318,-1.779777,-0.780236
-8.552141,-1.781165,-0.779587
-8.551963,-1.782553,-0.778937
-8.551786,-1.783941,-0.778285
-8.551608,-1.785329,-0.777633
-8.551430,-1.786716,-0.776980
-8.551252,-1.788103,-0.776325
-8.551074,-1.789490,-0.775669
-8.550896,-1.790877,-0.775013
-8.550718,-1.792263,-0.774355
-8.550539,-1.793649,-0.773696
-8.550361,-1.795035,-0.773036
-8.550182,-1.796420,-0.772375
-8.550004,-1.797806,-0.771713
-8.549825,-1.799191,-0.771050
-8.549646,-1.800576,-0.770386
-8.549467,-1.801960,-0.769720
-8.549288,-1.803344,-0.769054
-8.549109,-1.804728,-0.768387
-8.548930,-1.806112,-0.767718
-8.548750,-1.807496,-0.767048
-8.548571,-1.808879,-0.766378
-8.548391,-1.810262,-0.765706
-8.548212,-1.811645,-0.765033
-8.548032,-1.813027,-0.764359
-8.547852,-1.814410,-0.763684
-8.547672,-1.815792,-0.763008
-8.547492,-1.817173,-0.762331
-8.547312,-1.818555,-0.761653
-8.547132,-1.819936,-0.760974
-8.546951,-1.821317,-0.760294
-8.546771,-1.822698,-0.759612
-8.546590,-1.824078,-0.758930
-8.546410,-1.825458,-0.758246
-8.546229,-1.826838,-0.757562
-8.546048,-1.828218,-0.756876
-8.545867,-1.829597,-0.756189
-8.545686,-1.830976,-0.755502
-8.545505,-1.832355,-0.754813
-8.545324,-1.833734,-0.754123
-8.545142,-1.835112,-0.753432
-8.544961,-1.836490,-0.752740
-8.544779,-1.837868,-0.752047
-8.544598,-1.839245,-0.751352
-8.544416,-1.840622,-0.750657
-8.544234,-1.841999,-0.749961
-8.544052,-1.843376,-0.749263
-8.543870,-1.844752,-0.748565
-8.543688,-1.846128,-0.747865
-8.543506,-1.847504,-0.747165
-8.543323,-1.848880,-0.746463
-8.543141,-1.850255,-0.745760
-8.542958,-1.851630,-0.745056
-8.542776,-1.853005,-0.744351
-8.542593,-1.854379,-0.743645
-8.542410,-1.855753,-0.742938
-8.542227,-1.857127,-0.742230
-8.542044,-1.858501,-0.741521
-8.541861,-1.859874,-0.740811
-8.541678,-1.861247,-0.740100
-8.541494,-1.862620,-0.739387
-8.541311,-1.863992,-0.738674
-8.541127,-1.865365,-0.737959
-8.540944,-1.866736,-0.737244
-8.540760,-1.868108,-0.736527
-8.540576,-1.869479,-0.735809
-8.540392,-1.870850,-0.735090
-8.540208,-1.872221,-0.734371
-8.540024,-1.873592,-0.733650
-8.539840,-1.874962,-0.732928
-8.539655,-1.876332,-0.732205
-8.539471,-1.877701,-0.731480
-8.539286,-1.879070,-0.730755
-8.539102,-1.880439,-0.730029
-8.538917,-1.881808,-0.729302
-8.538732,-1.883177,-0.728573
-8.538547,-1.884545,-0.727844
-8.538362,-1.885913,-0.727113
-8.538177,-1.887280,-0.726382
-8.537992,-1.888647,-0.725649
-8.537806,-1.890014,-0.724915
-8.537621,-1.891381,-0.724181
-8.537435,-1.892747,-0.723445
-8.537250,-1.894113,-0.722708
-8.537064,-1.895479,-0.721970
-8.536878,-1.896844,-0.721231
-8.536692,-1.898210,-0.720491
-8.536506,-1.899574,-0.719750
-8.536320,-1.900939,-0.719007
-8.536133,-1.902303,-0.718264
-8.535947,-1.903667,-0.717520
-8.535761,-1.905031,-0.716774
-8.535574,-1.906394,-0.716028
-8.535387,-1.907757,-0.715280
-8.535201,-1.909120,-0.714532
-8.535014,-1.910482,-0.713782
-8.534827,-1.911844,-0.713031
-8.534640,-1.913206,-0.712279
-8.534453,-1.914568,-0.711526
-8.534265,-1.915929,-0.710773
-8.534078,-1.917290,-0.710018
-8.533891,-1.918650,-0.709261
-8.533703,-1.920010,-0.708504
-8.533515,-1.921370,-0.707746
-8.533328,-1.922730,-0.706987
-8.533140,-1.924089,-0.706227
-8.532952,-1.925448,-0.705465
-8.532764,-1.926807,-0.704703
-8.532576,-1.928165,-0.703939
-8.532387,-1.929523,-0.703175
-8.532199,-1.930881,-0.702409
-8.532011,-1.932238,-0.701642
-8.531822,-1.933595,-0.700875
-8.531633,-1.934952,-0.700106
-8.531445,-1.936309,-0.699336
-8.531256,-1.937665,-0.698565
-8.531067,-1.939020,-0.697793
-8.530878,-1.940376,-0.697020
-8.530689,-1.941731,-0.696246
-8.530499,-1.943086,-0.695471
-8.530310,-1.944440,-0.694695
-8.530120,-1.945795,-0.693917
-8.529931,-1.947148,-0.693139
-8.529741,-1.948502,-0.692360
-8.529551,-1.949855,-0.691579
-8.529362,-1.951208,-0.690798
-8.529172,-1.952561,-0.690015
-8.528982,-1.953913,-0.689231
-8.528791,-1.955265,-0.688447
-8.528601,-1.956616,-0.687661
-8.528411,-1.957967,-0.686874
-8.528220,-1.959318,-0.686086
-8.528030,-1.960669,-0.685297
-8.527839,-1.962019,-0.684507
-8.527648,-1.963369,-0.683716
-8.527458,-1.964718,-0.682924
-8.527267,-1.966068,-0.682131
-8.527076,-1.967417,-0.681337
-8.526884,-1.968765,-0.680542
-8.526693,-1.970113,-0.679745
-8.526502,-1.971461,-0.678948
-8.526310,-1.972809,-0.678149
-8.526119,-1.974156,-0.677350
-8.525927,-1.975503,-0.676549
-8.525735,-1.976849,-0.675748
-8.525543,-1.978195,-0.674945
-8.525352,-1.979541,-0.674141
-8.525159,-1.980887,-0.673336
-8.524967,-1.982232,-0.672531
-8.524775,-1.983577,-0.671724
-8.524583,-1.984921,-0.670916
-8.524390,-1.986265,-0.670107
-8.524198,-1.987609,-0.669297
-8.524005,-1.988952,-0.668486
-8.523812,-1.990295,-0.667673
-8.523619,-1.991638,-0.666860
-8.523426,-1.992981,-0.666046
-8.523233,-1.994323,-0.665231
-8.523040,-1.995664,-0.664414
-8.522847,-1.997006,-0.663597
-8.522654,-1.998347,-0.662778
-8.522460,-1.999687,-0.661959
-8.522267,-2.001027,-0.661138
-8.522073,-2.002367,-0.660316
-8.521879,-2.003707,-0.659494
-8.521685,-2.005046,-0.658670
-8.521491,-2.006385,-0.657845
-8.521297,-2.007723,-0.657019
-8.521103,-2.009062,-0.656192
-8.520909,-2.010399,-0.655364
-8.520715,-2.011737,-0.654535
-8.520520,-2.013074,-0.653705
-8.520326,-2.014411,-0.652874
-8.520131,-2.015747,-0.652042
-8.519936,-2.017083,-0.651209
-8.519741,-2.018418,-0.650374
-8.519546,-2.019754,-0.649539
-8.519351,-2.021089,-0.648703
-8.519156,-2.022423,-0.647865
-8.518961,-2.023757,-0.647027
-8.518766,-2.025091,-0.646187
-8.518570,-2.026424,-0.645346
-8.518375,-2.027758,-0.644505
-8.518179,-2.029090,-0.643662
-8.517983,-2.030423,-0.642818
-8.517787,-2.031755,-0.641974
-8.517591,-2.033086,-0.641128
-8.517395,-2.034417,-0.640281
-8.517199,-2.035748,-0.639433
-8.517003,-2.037079,-0.638584
-8.516807,-2.038409,-0.637734
-8.516610,-2.039739,-0.636883
-8.516414,-2.041068,-0.636031
-8.516217,-2.042397,-0.635177
-8.516020,-2.043726,-0.634323
-8.515823,-2.045054,-0.633468
-8.515626,-2.046382,-0.632611
-8.515429,-2.047709,-0.631754
-8.515232,-2.049036,-0.630896
-8.515035,-2.050363,-0.630036
-8.514838,-2.051689,-0.629176
-8.514640,-2.053015,-0.628314
-8.514443,-2.054341,-0.627451
-8.514245,-2.055666,-0.626588
-8.514047,-2.056991,-0.625723
-8.513849,-2.058315,-0.624857
-8.513651,-2.059639,-0.623990
-8.513453,-2.060963,-0.623123
-8.513255,-2.062286,-0.622254
-8.513057,-2.063609,-0.621384
-8.512859,-2.064932,-0.620513
-8.512660,-2.066254,-0.619641
-8.512462,-2.067576,-0.618768
-8.512263,-2.068897,-0.617894
-8.512064,-2.070218,-0.617018
-8.511865,-2.071539,-0.616142
-8.511666,-2.072859,-0.615265
-8.511467,-2.074179,-0.614387
-8.511268,-2.075498,-0.613507
-8.511069,-2.076817,-0.612627
-8.510870,-2.078136,-0.611745
-8.510670,-2.079454,-0.610863
-8.510471,-2.080772,-0.609979
-8.510271,-2.082089,-0.609095
-8.510071,-2.083406,-0.608209
-8.509871,-2.084723,-0.607323
-8.509671,-2.086039,-0.606435
-8.509471,-2.087355,-0.605546
-8.509271,-2.088671,-0.604656
-8.509071,-2.089986,-0.603765
-8.508871,-2.091301,-0.602874
-8.508670,-2.092615,-0.601981
-8.508470,-2.093929,-0.601087
-8.508269,-2.095242,-0.600192
-8.508068,-2.096555,-0.599296
-8.507867,-2.097868,-0.598399
-8.507666,-2.099180,-0.597501
-8.507465,-2.100492,-0.596601
-8.507264,-2.101804,-0.595701
-8.507063,-2.103115,-0.594800
-8.506862,-2.104425,-0.593898
-8.506660,-2.105736,-0.592994
-8.506459,-2.107045,-0.592090
-8.506257,-2.108355,-0.591185
-8.506055,-2.109664,-0.590278
-8.505853,-2.110972,-0.589371
-8.505652,-2.112281,-0.588462
-8.505449,-2.113588,-0.587553
-8.505247,-2.114896,-0.586642
-8.505045,-2.116203,-0.585730
-8.504843,-2.117509,-0.584818
-8.504640,-2.118816,-0.583904
-8.504438,-2.120121,-0.582989
-8.504235,-2.121427,-0.582074
-8.504032,-2.122732,-0.581157
-8.503830,-2.124036,-0.580239
-8.503627,-2.125340,-0.579320
-8.503424,-2.126644,-0.578400
-8.503220,-2.127947,-0.577479
-8.503017,-2.129250,-0.576557
-8.502814,-2.130552,-0.575634
-8.502610,-2.131854,-0.574710
-8.502407,-2.133156,-0.573785
-8.502203,-2.134457,-0.572859
-8.502000,-2.135758,-0.571932
-8.501796,-2.137058,-0.571003
-8.501592,-2.138358,-0.570074
-8.501388,-2.139657,-0.569144
-8.501184,-2.140956,-0.568212
-8.500979,-2.142255,-0.567280
-8.500775,-2.143553,-0.566347
-8.500571,-2.144851,-0.565412
-8.500366,-2.146148,-0.564477
-8.500161,-2.147445,-0.563540
-8.499957,-2.148742,-0.562603
-8.499752,-2.150038,-0.561664
-8.499547,-2.151333,-0.560725
-8.499342,-2.152628,-0.559784
-8.499137,-2.153923,-0.558842
-8.498932,-2.155218,-0.557900
-8.498726,-2.156511,-0.556956
-8.498521,-2.157805,-0.556011
-8.498315,-2.159098,-0.555066
-8.498110,-2.160390,-0.554119
-8.497904,-2.161683,-0.553171
-8.497698,-2.162974,-0.552222
-8.497492,-2.164266,-0.551272
-8.497286,-2.165556,-0.550321
-8.497080,-2.166847,-0.549369
-8.496874,-2.168137,-0.548416
-8.496667,-2.169426,-0.547462
-8.496461,-2.170715,-0.546507
-8.496254,-2.172004,-0.545551
-8.496048,-2.173292,-0.544594
-8.495841,-2.174580,-0.543636
-8.495634,-2.175867,-0.542677
-8.495427,-2.177154,-0.541716
-8.495220,-2.178441,-0.540755
-8.495013,-2.179727,-0.539793
-8.494806,-2.181012,-0.538830
-8.494599,-2.182297,-0.537865
-8.494391,-2.183582,-0.536900
-8.494184,-2.184866,-0.535934
-8.493976,-2.186150,-0.534966
-8.493768,-2.187433,-0.533998
-8.493560,-2.188716,-0.533028
-8.493353,-2.189999,-0.532058
-8.493145,-2.191281,-0.531086
-8.492936,-2.192562,-0.530114
-8.492728,-2.193843,-0.529140
-8.492520,-2.195124,-0.528166
-8.492311,-2.196404,-0.527190
-8.492103,-2.197684,-0.526213
-8.491894,-2.198963,-0.525236
-8.491686,-2.200242,-0.524257
-8.491477,-2.201520,-0.523277
-8.491268,-2.202798,-0.522297
-8.491059,-2.204075,-0.521315
-8.490850,-2.205352,-0.520332
-8.490640,-2.206629,-0.519348
-8.490431,-2.207905,-0.518363
-8.490222,-2.209180,-0.517378
-8.490012,-2.210456,-0.516391
-8.489803,-2.211730,-0.515403
-8.489593,-2.213004,-0.514414
-8.489383,-2.214278,-0.513424
-8.489173,-2.215552,-0.512433
-8.488963,-2.216824,-0.511441
-8.488753,-2.218097,-0.510448
-8.488543,-2.219369,-0.509454
-8.488332,-2.220640,-0.508459
-8.488122,-2.221911,-0.507463
-8.487912,-2.223181,-0.506466
-8.487701,-2.224451,-0.505468
-8.487490,-2.225721,-0.504468
-8.487279,-2.226990,-0.503468
-8.487069,-2.228259,-0.502467
-8.486858,-2.229527,-0.501465
-8.486646,-2.230795,-0.500462
-8.486435,-2.232062,-0.499458
-8.276935,-2.173467,-0.346567
-8.061575,-2.114725,-0.208873
-7.840907,-2.055878,-0.084927
-7.615426,-1.996963,0.026580
-7.385585,-1.938009,0.126832
-7.151790,-1.879044,0.216902
-6.914411,-1.820091,0.297760
-6.673781,-1.761167,0.370282
-6.430202,-1.702289,0.435263
-6.183949,-1.643469,0.493421
-5.935270,-1.584720,0.545406
-5.684387,-1.526051,0.591805
-5.431504,-1.467469,0.633150
-5.176805,-1.408981,0.669923
-4.920455,-1.350591,0.702559
-4.662607,-1.292305,0.731452
-4.403394,-1.234125,0.756958
-4.142942,-1.176053,0.779399
-3.881362,-1.118093,0.799068
-3.618754,-1.060245,0.816229
-3.355210,-1.002511,0.831119
-3.090814,-0.944890,0.843956
-2.825640,-0.887383,0.854935
-2.559755,-0.829991,0.864232
-2.293223,-0.772713,0.872008
-2.026098,-0.715548,0.878408
-1.758431,-0.658496,0.883561
-1.490267,-0.601557,0.887588
-1.221648,-0.544729,0.890596
-0.952612,-0.488012,0.892680
-0.683192,-0.431405,0.893930
-0.413420,-0.374906,0.894425
-0.143322,-0.318515,0.894236
0.120537,-0.263527,0.893469
0.357961,-0.213938,0.892314
0.571473,-0.169227,0.890811
0.763358,-0.128928,0.888996
0.935681,-0.092616,0.886904
1.090313,-0.059909,0.884563
1.228943,-0.030460,0.882001
1.353104,-0.003956,0.879242
1.464178,0.019886,0.876308
1.563419,0.041322,0.873218
1.651961,0.060583,0.869991
1.730828,0.077879,0.866642
1.800948,0.093398,0.863185
1.863161,0.107313,0.859634
1.918226,0.119776,0.856000
1.966830,0.130929,0.852294
2.009595,0.140896,0.848525
2.047082,0.149794,0.844701
2.079802,0.157724,0.840831
2.108213,0.164781,0.836921
2.132733,0.171048,0.832977
2.153738,0.176603,0.829005
2.171569,0.181513,0.825010
2.186535,0.185841,0.820996
2.198914,0.189644,0.816967
2.208959,0.192972,0.812928
2.216898,0.195872,0.808881
2.222938,0.198386,0.804829
2.227265,0.200550,0.800775
2.230048,0.202399,0.796721
2.231441,0.203963,0.792669
2.231582,0.205271,0.788622
2.230595,0.206348,0.784581
2.228595,0.207216,0.780547
2.225682,0.207896,0.776522
2.221951,0.208406,0.772507
2.217484,0.208764,0.768503
2.212357,0.208983,0.764511
2.206640,0.209079,0.760532
2.200393,0.209063,0.756566
2.193672,0.208947,0.752615
2.186530,0.208741,0.748679
2.179010,0.208454,0.744759
2.171155,0.208094,0.740854
2.163002,0.207668,0.736966
2.154585,0.207184,0.733095
2.145934,0.206648,0.729240
2.137078,0.206064,0.725403
2.128040,0.205439,0.721583
2.118845,0.204776,0.717782
2.109511,0.204079,0.713998
2.100058,0.203353,0.710232
2.090502,0.202601,0.706484
2.080858,0.201825,0.702755
2.071140,0.201029,0.699044
2.061360,0.200214,0.695351
2.051530,0.199384,0.691677
2.041658,0.198539,0.688021
2.031754,0.197682,0.684384
2.021827,0.196815,0.680765
2.011883,0.195938,0.677165
2.001930,0.195054,0.673583
1.991972,0.194163,0.670020
1.982016,0.193266,0.666475
1.972066,0.192366,0.662949
1.962126,0.191461,0.659441
1.952202,0.190554,0.655951
1.942295,0.189644,0.652480
1.932409,0.188733,0.649026
1.922547,0.187821,0.645591
1.912711,0.186909,0.642174
1.902905,0.185997,0.638775
1.893129,0.185085,0.635393
1.883385,0.184174,0.632030
1.873676,0.183265,0.628684
1.864002,0.182357,0.625356
1.854365,0.181451,0.622046
1.844766,0.180547,0.618753
1.835205,0.179645,0.615478
1.825685,0.178746,0.612220
1.816205,0.177849,0.608980
1.806767,0.176955,0.605756
1.797370,0.176065,0.602550
1.788015,0.175177,0.599361
1.778704,0.174293,0.596188
1.769435,0.173411,0.593033
1.760210,0.172534,0.589894
1.751028,0.171659,0.586772
1.741890,0.170789,0.583667
1.732797,0.169922,0.580578
1.723747,0.169058,0.577506
1.714742,0.168198,0.574450
1.705781,0.167342,0.571410
1.696865,0.166490,0.568387
1.687993,0.165642,0.565380
1.679165,0.164797,0.562388
1.670382,0.163956,0.559413
1.661643,0.163120,0.556453
1.652948,0.162287,0.553509
1.644297,0.161458,0.550581
1.635690,0.160632,0.547669
1.627128,0.159811,0.544772
1.618608,0.158994,0.541890
1.610133,0.158180,0.539024
1.601701,0.157371,0.536173
1.593313,0.156565,0.533337
1.584967,0.155763,0.530517
1.576665,0.154965,0.527711
1.568406,0.154171,0.524921
1.560189,0.153381,0.522145
1.552015,0.152595,0.519384
1.543883,0.151813,0.516637
1.535794,0.151034,0.513906
1.527746,0.150259,0.511189
1.519741,0.149488,0.508486
1.511776,0.148721,0.505798
1.503854,0.147958,0.503124
1.495972,0.147199,0.500464
1.488132,0.146443,0.497819
1.480333,0.145691,0.495187
1.472574,0.144943,0.492570
1.464855,0.144198,0.489966
1.457177,0.143457,0.487377
1.449539,0.142720,0.484801
1.441941,0.141987,0.482238
1.434382,0.141257,0.479690
1.426863,0.140531,0.477155
1.419384,0.139808,0.474633
1.411943,0.139089,0.472125
1.404541,0.138374,0.469631
1.397178,0.137663,0.467149
1.389854,0.136954,0.464681
1.382567,0.136250,0.462226
1.375319,0.135549,0.459784
1.368109,0.134851,0.457355
1.360936,0.134157,0.454939
1.353801,0.133467,0.452535
1.346704,0.132780,0.450145
1.339643,0.132096,0.447767
1.332619,0.131416,0.445402
1.325632,0.130739,0.443049
1.318682,0.130066,0.440709
1.311768,0.129396,0.438381
1.304891,0.128730,0.436066
1.298049,0.128067,0.433763
1.291243,0.127407,0.431472
1.284473,0.126750,0.429194
1.277738,0.126097,0.426927
1.271038,0.125447,0.424673
1.264374,0.124801,0.422430
1.257744,0.124157,0.420200
1.251149,0.123517,0.417981
1.244589,0.122880,0.415774
1.238063,0.122247,0.413579
1.231571,0.121616,0.411396
1.225113,0.120989,0.409224
1.218689,0.120365,0.407063
1.212299,0.119744,0.404914
1.205942,0.119126,0.402777
1.199618,0.118512,0.400651
1.193328,0.117900,0.398536
1.187070,0.117292,0.396432
1.180845,0.116687,0.394340
1.174653,0.116084,0.392258
1.168493,0.115485,0.390188
1.162366,0.114889,0.388129
1.156270,0.114296,0.386080
1.150207,0.113706,0.384043
1.144175,0.113118,0.382016
1.138175,0.112534,0.380000
1.132206,0.111953,0.377995
1.126269,0.111375,0.376000
1.120363,0.110799,0.374016
1.114487,0.110227,0.372043
1.108643,0.109658,0.370080
1.102829,0.109091,0.368127
1.097045,0.108527,0.366185
1.091292,0.107966,0.364253
1.085569,0.107408,0.362331
1.079876,0.106853,0.360420
1.074213,0.106301,0.358518
1.068579,0.105751,0.356627
1.062975,0.105204,0.354746
1.057400,0.104661,0.352874
1.051855,0.104119,0.351013
1.046338,0.103581,0.349161
1.040851,0.103045,0.347320
1.035392,0.102512,0.345488
1.029962,0.101982,0.343665
1.024560,0.101454,0.341853
1.019186,0.100929,0.340050
1.013841,0.100407,0.338256
1.008524,0.099888,0.336472
1.003234,0.099371,0.334698
0.997973,0.098857,0.332933
0.992739,0.098345,0.331177
0.987532,0.097836,0.329431
0.982352,0.097329,0.327694
0.977200,0.096826,0.325966
0.972075,0.096324,0.324247
0.966976,0.095826,0.322537
0.961905,0.095329,0.320837
0.956860,0.094836,0.319145
0.951841,0.094345,0.317462
0.946848,0.093856,0.315789
0.941882,0.093370,0.314124
0.936942,0.092886,0.312468
0.932028,0.092405,0.310820
0.927139,0.091926,0.309182
0.922276,0.091450,0.307552
0.917439,0.090976,0.305930
0.912627,0.090505,0.304318
0.907840,0.090036,0.302714
0.903078,0.089569,0.301118
0.898341,0.089105,0.299531
0.893629,0.088643,0.297952
0.888942,0.088184,0.296381
0.884279,0.087726,0.294819
0.879641,0.087272,0.293265
0.875027,0.086819,0.291720
0.870437,0.086369,0.290182
0.865871,0.085921,0.288653
0.861329,0.085476,0.287132
0.856811,0.085032,0.285619
0.852317,0.084591,0.284113
0.847846,0.084153,0.282616
0.843399,0.083716,0.281127
0.838975,0.083282,0.279645
0.834574,0.082850,0.278172
0.830196,0.082420,0.276706
0.825841,0.081992,0.275248
0.821509,0.081567,0.273798
0.817200,0.081144,0.272355
0.812913,0.080723,0.270920
0.808649,0.080304,0.269493
0.804407,0.079887,0.268073
0.800187,0.079472,0.266660
0.795990,0.079060,0.265255
0.791814,0.078649,0.263858
0.787660,0.078241,0.262468
0.783528,0.077835,0.261085
0.779418,0.077431,0.259710
0.775329,0.077029,0.258341
0.771262,0.076629,0.256981
0.767216,0.076231,0.255627
0.763192,0.075835,0.254280
0.759188,0.075441,0.252941
0.755205,0.075049,0.251608
0.751244,0.074659,0.250283
0.747303,0.074272,0.248965
0.743382,0.073886,0.247653
0.739483,0.073502,0.246349
0.735603,0.073120,0.245051
0.731744,0.072740,0.243761
0.727905,0.072362,0.242477
0.724087,0.071986,0.241200
0.720288,0.071612,0.239930
0.716509,0.071240,0.238666
0.712751,0.070870,0.237409
0.709011,0.070502,0.236159
0.705292,0.070135,0.234915
0.701592,0.069771,0.233678
0.697911,0.069408,0.232447
0.694250,0.069047,0.231223
0.690608,0.068688,0.230006
0.686984,0.068331,0.228795
0.683380,0.067976,0.227590
0.679795,0.067622,0.226391
0.676229,0.067271,0.225199
0.672681,0.066921,0.224014
0.669152,0.066573,0.222834
0.665641,0.066227,0.221661
0.662149,0.065882,0.220494
0.658675,0.065540,0.219333
0.655220,0.065199,0.218178
0.651782,0.064860,0.217029
0.648363,0.064522,0.215887
0.644961,0.064187,0.214750
0.641577,0.063853,0.213619
0.638211,0.063520,0.212495
0.634863,0.063190,0.211376
0.631532,0.062861,0.210263
0.628219,0.062534,0.209156
0.624923,0.062209,0.208055
0.621644,0.061885,0.206960
0.618383,0.061563,0.205871
0.615138,0.061242,0.204787
0.611911,0.060924,0.203709
0.608700,0.060607,0.202637
0.605507,0.060291,0.201570
0.602330,0.059977,0.200509
0.599170,0.059665,0.199454
0.596026,0.059355,0.198404
0.592899,0.059046,0.197359
0.589788,0.058738,0.196321
0.586694,0.058432,0.195287
0.583616,0.058128,0.194259
0.580553,0.057825,0.193237
0.577507,0.057524,0.192220
0.574477,0.057225,0.191208
0.571463,0.056927,0.190202
0.568465,0.056630,0.189201
0.565482,0.056335,0.188205
0.562515,0.056042,0.187215
0.559564,0.055750,0.186230
0.556628,0.055460,0.185249
0.553707,0.055171,0.184275
0.550802,0.054883,0.183305
0.547912,0.054598,0.182340
0.545037,0.054313,0.181381
0.542178,0.054030,0.180426
0.539333,0.053749,0.179477
0.536503,0.053469,0.178532
0.533688,0.053190,0.177593
0.530888,0.052913,0.176658
0.528102,0.052637,0.175729
0.525331,0.052363,0.174804
0.522575,0.052090,0.173884
0.519833,0.051819,0.172969
0.517105,0.051548,0.172059
0.514392,0.051280,0.171154
0.511693,0.051013,0.170254
0.509008,0.050747,0.169358
0.506337,0.050482,0.168467
0.503681,0.050219,0.167580
0.501038,0.049957,0.166699
0.498409,0.049697,0.165822
0.495793,0.049438,0.164949
0.493192,0.049180,0.164081
0.490604,0.048924,0.163218
0.488030,0.048669,0.162359
0.485469,0.048415,0.161505
0.482922,0.048162,0.160656
0.480388,0.047911,0.159811
0.477867,0.047661,0.158970
0.475360,0.047413,0.158134
0.472865,0.047166,0.157302
0.470384,0.046920,0.156474
0.467916,0.046675,0.155651
0.465461,0.046431,0.154832
0.463018,0.046189,0.154018
0.460589,0.045948,0.153208
0.458172,0.045709,0.152402
0.455768,0.045470,0.151600
0.453376,0.045233,0.150803
0.450997,0.044997,0.150009
0.448631,0.044762,0.149220
0.446276,0.044529,0.148435
0.443935,0.044297,0.147655
0.441605,0.044065,0.146878
0.439288,0.043836,0.146106
0.436983,0.043607,0.145337
0.434690,0.043379,0.144573
0.432409,0.043153,0.143812
0.430140,0.042928,0.143056
0.427883,0.042704,0.142303
0.425637,0.042481,0.141555
0.423404,0.042259,0.140811
0.421182,0.042039,0.140070
0.418972,0.041819,0.139333
0.416773,0.041601,0.138600
0.414586,0.041384,0.137872
0.412411,0.041168,0.137146
0.410247,0.040953,0.136425
0.408094,0.040739,0.135708
0.405952,0.040527,0.134994
0.403822,0.040315,0.134284
0.401703,0.040105,0.133578
0.399595,0.039895,0.132876
0.397498,0.039687,0.132177
0.395412,0.039480,0.131482
0.393337,0.039274,0.130790
0.391273,0.039069,0.130102
0.389220,0.038865,0.129418
0.387178,0.038662,0.128738
0.385146,0.038460,0.128061
0.383125,0.038259,0.127387
0.381114,0.038059,0.126718
0.379114,0.037861,0.126051
0.377125,0.037663,0.125388
0.375146,0.037466,0.124729
0.373177,0.037271,0.124073
0.371219,0.037076,0.123421
0.369271,0.036882,0.122772
0.367333,0.036690,0.122126
0.365405,0.036498,0.121484
0.363488,0.036307,0.120846
0.361580,0.036118,0.120210
0.359683,0.035929,0.119578
0.357795,0.035741,0.118949
0.355918,0.035555,0.118324
0.354050,0.035369,0.117702
0.352192,0.035184,0.117083
0.350344,0.035000,0.116467
0.348505,0.034818,0.115855
0.346676,0.034636,0.115246
0.344857,0.034455,0.114640
0.343047,0.034275,0.114037
0.341247,0.034096,0.113438
0.339456,0.033918,0.112841
0.337675,0.033740,0.112248
0.335903,0.033564,0.111658
0.334140,0.033389,0.111071
0.332386,0.033214,0.110487
0.330642,0.033041,0.109906
0.328907,0.032868,0.109329
0.327181,0.032696,0.108754
0.325464,0.032525,0.108182
0.323756,0.032355,0.107613
0.322057,0.032186,0.107048
0.320367,0.032018,0.106485
0.318685,0.031851,0.105925
0.317013,0.031684,0.105368
0.315349,0.031519,0.104814
0.313694,0.031354,0.104263
0.312048,0.031190,0.103715
0.310411,0.031027,0.103170
0.308782,0.030865,0.102628
0.307161,0.030704,0.102088
0.305549,0.030543,0.101552
0.303946,0.030383,0.101018
0.302350,0.030225,0.100487
0.300764,0.030067,0.099959
0.299185,0.029909,0.099433
0.297615,0.029753,0.098911
0.296053,0.029597,0.098391
0.294500,0.029443,0.097874
0.292954,0.029289,0.097359
0.291417,0.029136,0.096847
0.289887,0.028983,0.096338
0.288366,0.028832,0.095832
0.286853,0.028681,0.095328
0.285347,0.028531,0.094827
0.283850,0.028382,0.094329
0.282360,0.028234,0.093833
0.280878,0.028086,0.093340
0.279404,0.027939,0.092849
0.277938,0.027793,0.092361
0.276479,0.027648,0.091876
0.275028,0.027503,0.091393
0.273585,0.027359,0.090913
0.272149,0.027216,0.090435
0.270721,0.027074,0.089959
0.269300,0.026932,0.089487
0.267887,0.026791,0.089016
0.266481,0.026651,0.088548
0.265082,0.026512,0.088083
0.263691,0.026373,0.087620
0.262307,0.026235,0.087160
0.260930,0.026098,0.086702
0.259561,0.025961,0.086246
0.258199,0.025826,0.085793
0.256844,0.025691,0.085342
0.255496,0.025556,0.084893
0.254155,0.025423,0.084447
0.252821,0.025290,0.084003
0.251494,0.025157,0.083562
0.250174,0.025026,0.083123
0.248861,0.024895,0.082686
0.247555,0.024764,0.082251
0.246256,0.024635,0.081819
0.244964,0.024506,0.081389
0.243678,0.024378,0.080962
0.242399,0.024250,0.080536
0.241127,0.024123,0.080113
0.239861,0.023997,0.079692
0.238602,0.023872,0.079273
0.237350,0.023747,0.078857
0.236105,0.023623,0.078442
0.234865,0.023499,0.078030
0.233633,0.023376,0.077620
0.232407,0.023254,0.077212
0.231187,0.023132,0.076806
0.229973,0.023011,0.076403
0.228767,0.022891,0.076001
0.227566,0.022771,0.075602
0.226372,0.022652,0.075205
0.225183,0.022533,0.074809
0.224002,0.022415,0.074416
0.222826,0.022298,0.074025
0.221657,0.022181,0.073636
0.220493,0.022065,0.073249
0.219336,0.021950,0.072865
0.218185,0.021835,0.072482
0.217040,0.021720,0.072101
0.215901,0.021607,0.071722
0.214767,0.021494,0.071345
0.213640,0.021381,0.070970
0.212519,0.021269,0.070597
0.211404,0.021158,0.070226
0.210294,0.021047,0.069857
0.209190,0.020937,0.069490
0.208092,0.020827,0.069125
0.207000,0.020718,0.068762
0.205914,0.020610,0.068401
0.204833,0.020502,0.068041
0.203758,0.020395,0.067684
0.202689,0.020288,0.067328
0.201625,0.020182,0.066975
0.200567,0.020076,0.066623
0.199514,0.019971,0.066273
0.198467,0.019866,0.065924
0.197425,0.019762,0.065578
0.196389,0.019659,0.065234
0.195358,0.019556,0.064891
0.194333,0.019454,0.064550
0.193313,0.019352,0.064211
0.192298,0.019251,0.063873
0.191289,0.019150,0.063538
0.190285,0.019050,0.063204
0.189287,0.018950,0.062872
0.188293,0.018851,0.062542
0.187305,0.018752,0.062213
0.186322,0.018654,0.061886
0.185344,0.018556,0.061561
0.184371,0.018459,0.061238
0.183403,0.018362,0.060916
0.182441,0.018266,0.060596
0.181483,0.018170,0.060278
0.180531,0.018075,0.059961
0.179583,0.017981,0.059646
0.178641,0.017886,0.059333
0.177703,0.017793,0.059021
0.176770,0.017700,0.058711
0.175843,0.017607,0.058402
0.174920,0.017515,0.058096
0.174002,0.017423,0.057790
0.173088,0.017332,0.057487
0.172180,0.017241,0.057185
0.171276,0.017151,0.056884
0.170377,0.017061,0.056585
0.169483,0.016972,0.056288
0.168593,0.016883,0.055993
0.167709,0.016794,0.055698
0.166828,0.016706,0.055406
0.165953,0.016619,0.055115
0.165082,0.016532,0.054825
0.164215,0.016445,0.054537
0.163353,0.016359,0.054251
0.162496,0.016273,0.053966
0.161643,0.016188,0.053682
0.160795,0.016103,0.053400
0.159951,0.016019,0.053120
0.159111,0.015935,0.052841
0.158276,0.015852,0.052563
0.157445,0.015769,0.052287
0.156619,0.015686,0.052012
0.155797,0.015604,0.051739
0.154979,0.015522,0.051467
0.154166,0.015441,0.051197
0.153357,0.015360,0.050928
0.152552,0.015279,0.050661
0.151751,0.015199,0.050394
0.150955,0.015120,0.050130
0.150162,0.015041,0.049866
0.149374,0.014962,0.049604
0.148590,0.014883,0.049344
0.147810,0.014805,0.049085
0.147034,0.014728,0.048827
0.146263,0.014651,0.048570
0.145495,0.014574,0.048315
0.144731,0.014498,0.048061
0.143972,0.014422,0.047809
0.143216,0.014346,0.047558
0.142464,0.014271,0.047308
0.141717,0.014196,0.047060
0.140973,0.014122,0.046812
0.140233,0.014048,0.046566
0.139497,0.013974,0.046322
0.138765,0.013901,0.046079
0.138036,0.013828,0.045837
0.137312,0.013756,0.045596
0.136591,0.013684,0.045356
0.135874,0.013612,0.045118
0.135161,0.013541,0.044881
0.134451,0.013470,0.044645
0.133746,0.013399,0.044411
0.133044,0.013329,0.044178
0.132345,0.013259,0.043946
0.131651,0.013190,0.043715
0.130960,0.013120,0.043485
0.130272,0.013052,0.043257
0.129589,0.012983,0.043030
0.128909,0.012915,0.042804
0.128232,0.012848,0.042579
0.127559,0.012780,0.042355
0.126889,0.012713,0.042133
0.126223,0.012647,0.041911
0.125561,0.012580,0.041691
0.124902,0.012514,0.041472
0.124246,0.012449,0.041254
0.123594,0.012384,0.041038
0.122945,0.012319,0.040822
0.122300,0.012254,0.040608
0.121658,0.012190,0.040394
0.121020,0.012126,0.040182
0.120384,0.012063,0.039971
0.119752,0.011999,0.039761
0.119124,0.011936,0.039553
0.118499,0.011874,0.039345
0.117877,0.011812,0.039138
0.117258,0.011750,0.038933
0.116642,0.011688,0.038728
0.116030,0.011627,0.038525
0.115421,0.011566,0.038322
0.114815,0.011505,0.038121
0.114213,0.011445,0.037921
0.113613,0.011385,0.037722
0.113017,0.011325,0.037524
0.112424,0.011266,0.037327
0.111834,0.011207,0.037131
0.111247,0.011148,0.036936
0.110663,0.011090,0.036742
0.110082,0.011032,0.036549
0.109504,0.010974,0.036357
0.108929,0.010916,0.036166
0.108358,0.010859,0.035976
0.107789,0.010802,0.035787
0.107223,0.010746,0.035599
0.106660,0.010689,0.035412
0.106100,0.010633,0.035226
0.105543,0.010578,0.035041
0.104989,0.010522,0.034857
0.104438,0.010467,0.034674
0.103890,0.010412,0.034492
0.103345,0.010357,0.034311
0.102802,0.010303,0.034130
0.102263,0.010249,0.033951
0.101726,0.010195,0.033773
0.101192,0.010142,0.033596
0.100661,0.010089,0.033419
0.100133,0.010036,0.033244
0.099607,0.009983,0.033069
0.099084,0.009931,0.032895
0.098564,0.009879,0.032723
0.098047,0.009827,0.032551
0.097532,0.009776,0.032380
0.097020,0.009724,0.032210
0.096511,0.009673,0.032041
0.096004,0.009623,0.031872
0.095501,0.009572,0.031705
0.094999,0.009522,0.031538
0.094501,0.009472,0.031373
0.094005,0.009423,0.031208
0.093511,0.009373,0.031044
0.093020,0.009324,0.030881
0.092532,0.009275,0.030719
0.092046,0.009226,0.030558
0.091563,0.009178,0.030397
0.091083,0.009130,0.030238
0.090605,0.009082,0.030079
0.090129,0.009034,0.029921
0.089656,0.008987,0.029764
0.089185,0.008940,0.029607
0.088717,0.008893,0.029452
0.088252,0.008846,0.029297
0.087788,0.008800,0.029143
0.087327,0.008754,0.028990
0.086869,0.008708,0.028838
0.086413,0.008662,0.028687
0.085960,0.008617,0.028536
0.085508,0.008572,0.028386
0.085060,0.008527,0.028237
0.084613,0.008482,0.028089
0.084169,0.008438,0.027941
0.083727,0.008393,0.027795
0.083288,0.008349,0.027649
0.082850,0.008306,0.027503
0.082416,0.008262,0.027359
0.081983,0.008219,0.027215
0.081553,0.008176,0.027072
0.081125,0.008133,0.026930
0.080699,0.008090,0.026789
0.080275,0.008048,0.026648
0.079854,0.008006,0.026508
0.079435,0.007964,0.026369
0.079018,0.007922,0.026231
0.078603,0.007880,0.026093
0.078190,0.007839,0.025956
0.077780,0.007798,0.025820
0.077372,0.007757,0.025684
0.076966,0.007716,0.025549
0.076562,0.007676,0.025415
0.076160,0.007636,0.025281
0.075760,0.007596,0.025149
0.075362,0.007556,0.025017
0.074967,0.007516,0.024885
0.074573,0.007477,0.024755
0.074182,0.007437,0.024625
0.073792,0.007398,0.024495
0.073405,0.007360,0.024367
0.073020,0.007321,0.024239
0.072637,0.007283,0.024111
0.072255,0.007244,0.023985
0.071876,0.007207,0.023859
0.071499,0.007169,0.023734
0.071123,0.007131,0.023609
0.070750,0.007094,0.023485
0.070379,0.007057,0.023362
0.070009,0.007020,0.023239
0.069642,0.006983,0.023117
0.069276,0.006946,0.022996
0.068913,0.006910,0.022875
0.068551,0.006873,0.022755
0.068191,0.006837,0.022635
0.067833,0.006802,0.022516
0.067477,0.006766,0.022398
0.067123,0.006730,0.022281
0.066771,0.006695,0.022164
0.066420,0.006660,0.022047
0.066071,0.006625,0.021931
0.065725,0.006590,0.021816
0.065380,0.006556,0.021702
0.065036,0.006521,0.021588
0.064695,0.006487,0.021474
0.064355,0.006453,0.021362
0.064018,0.006419,0.021250
0.063682,0.006386,0.021138
0.063347,0.006352,0.021027
0.063015,0.006319,0.020917
0.062684,0.006286,0.020807
0.062355,0.006253,0.020697
0.062028,0.006220,0.020589
0.061702,0.006187,0.020481
0.061378,0.006155,0.020373
0.061056,0.006123,0.020266
0.060736,0.006090,0.020160
0.060417,0.006058,0.020054
0.060100,0.006027,0.019949
0.059784,0.005995,0.019844
0.059470,0.005964,0.019740
0.059158,0.005932,0.019636
0.058848,0.005901,0.019533
0.058539,0.005870,0.019430
0.058232,0.005839,0.019328
0.057926,0.005809,0.019227
0.057622,0.005778,0.019126
0.057319,0.005748,0.019025
0.057019,0.005718,0.018926
0.056719,0.005688,0.018826
0.056422,0.005658,0.018727
0.056125,0.005628,0.018629
0.055831,0.005599,0.018531
0.055538,0.005570,0.018434
0.055246,0.005540,0.018337
0.054956,0.005511,0.018241
0.054668,0.005482,0.018145
0.054381,0.005454,0.018050
0.054095,0.005425,0.017955
0.053811,0.005397,0.017861
0.053529,0.005368,0.017767
0.053248,0.005340,0.017674
0.052968,0.005312,0.017581
0.052690,0.005284,0.017489
0.052414,0.005256,0.017397
0.052139,0.005229,0.017305
0.051865,0.005201,0.017215
0.051593,0.005174,0.017124
0.051322,0.005147,0.017034
0.051053,0.005120,0.016945
0.050785,0.005093,0.016856
0.050518,0.005066,0.016767
0.050253,0.005040,0.016679
0.049989,0.005013,0.016592
0.049727,0.004987,0.016505
0.049466,0.004961,0.016418
0.049206,0.004935,0.016332
0.048948,0.004909,0.016246
0.048691,0.004883,0.016161
0.048435,0.004858,0.016076
0.048181,0.004832,0.015991
0.047928,0.004807,0.015907
0.047676,0.004782,0.015824
0.047426,0.004757,0.015741
0.047177,0.004732,0.015658
0.046930,0.004707,0.015576
0.046683,0.004682,0.015494
0.046438,0.004658,0.015413
0.046194,0.004633,0.015332
0.045952,0.004609,0.015251
0.045711,0.004585,0.015171
0.045471,0.004561,0.015092
0.045232,0.004537,0.015012
0.044995,0.004513,0.014934
0.044759,0.004489,0.014855
0.044524,0.004466,0.014777
0.044290,0.004442,0.014700
0.044057,0.004419,0.014623
0.043826,0.004396,0.014546
0.043596,0.004373,0.014469
0.043367,0.004350,0.014393
0.043140,0.004327,0.014318
0.042913,0.004304,0.014243
0.042688,0.004282,0.014168
0.042464,0.004259,0.014093
0.042241,0.004237,0.014019
0.042019,0.004215,0.013946
0.041799,0.004192,0.013873
0.041579,0.004170,0.013800
0.041361,0.004149,0.013727
0.041144,0.004127,0.013655
0.040928,0.004105,0.013584
0.040713,0.004084,0.013512
0.040499,0.004062,0.013441
0.040287,0.004041,0.013371
0.040075,0.004020,0.013301
0.039865,0.003999,0.013231
0.039656,0.003978,0.013161
0.039448,0.003957,0.013092
0.039240,0.003936,0.013023
0.039034,0.003915,0.012955
0.038830,0.003895,0.012887
0.038626,0.003874,0.012819
0.038423,0.003854,0.012752
0.038221,0.003834,0.012685
0.038021,0.003814,0.012619
0.037821,0.003794,0.012552
0.037623,0.003774,0.012486
0.037425,0.003754,0.012421
0.037229,0.003734,0.012356
0.037033,0.003715,0.012291
0.036839,0.003695,0.012226
0.036645,0.003676,0.012162
0.036453,0.003657,0.012098
0.036262,0.003637,0.012035
0.036071,0.003618,0.011971
0.035882,0.003599,0.011909
0.035694,0.003580,0.011846
0.035506,0.003562,0.011784
0.035320,0.003543,0.011722
0.035135,0.003524,0.011661
0.034950,0.003506,0.011599
0.034767,0.003487,0.011538
0.034584,0.003469,0.011478
0.034403,0.003451,0.011418
0.034222,0.003433,0.011358
0.034042,0.003415,0.011298
0.033864,0.003397,0.011239
0.033686,0.003379,0.011180
0.033509,0.003361,0.011121
0.033333,0.003344,0.011063
0.033158,0.003326,0.011005
0.032984,0.003309,0.010947
0.032811,0.003291,0.010889
0.032639,0.003274,0.010832
0.032468,0.003257,0.010775
0.032297,0.003240,0.010719
0.032128,0.003223,0.010662
0.031959,0.003206,0.010606
0.031791,0.003189,0.010551
0.031624,0.003172,0.010495
0.031458,0.003156,0.010440
0.031293,0.003139,0.010385
0.031129,0.003123,0.010331
0.030966,0.003106,0.010277
0.030803,0.003090,0.010223
0.030641,0.003074,0.010169
0.030480,0.003058,0.010116
0.030320,0.003042,0.010063
0.030161,0.003026,0.010010
0.030003,0.003010,0.009957
0.029845,0.002994,0.009905
0.029689,0.002978,0.009853
0.029533,0.002963,0.009801
0.029378,0.002947,0.009750
0.029224,0.002932,0.009699
0.029070,0.002916,0.009648
0.028918,0.002901,0.009597
0.028766,0.002886,0.009547
0.028615,0.002871,0.009496
0.028465,0.002856,0.009447
0.028315,0.002841,0.009397
0.028167,0.002826,0.009348
0.028019,0.002811,0.009299
0.027872,0.002796,0.009250
0.027725,0.002781,0.009201
0.027580,0.002767,0.009153
0.027435,0.002752,0.009105
0.027291,0.002738,0.009057
0.027148,0.002723,0.009009
0.027005,0.002709,0.008962
0.026864,0.002695,0.008915
0.026723,0.002681,0.008868
0.026582,0.002667,0.008822
0.026443,0.002653,0.008775
0.026304,0.002639,0.008729
0.026166,0.002625,0.008684
0.026029,0.002611,0.008638
0.025892,0.002598,0.008593
0.025756,0.002584,0.008548
0.025621,0.002570,0.008503
0.025486,0.002557,0.008458
0.025353,0.002543,0.008414
0.025219,0.002530,0.008369
0.025087,0.002517,0.008325
0.024955,0.002504,0.008282
0.024824,0.002490,0.008238
0.024694,0.002477,0.008195
0.024564,0.002464,0.008152
0.024436,0.002451,0.008109
0.024307,0.002439,0.008067
0.024180,0.002426,0.008024
0.024053,0.002413,0.007982
0.023926,0.002400,0.007940
0.023801,0.002388,0.007899
0.023676,0.002375,0.007857
0.023552,0.002363,0.007816
0.023428,0.002350,0.007775
0.023305,0.002338,0.007734
0.023183,0.002326,0.007693
0.023061,0.002314,0.007653
0.022940,0.002301,0.007613
0.022820,0.002289,0.007573
0.022700,0.002277,0.007533
0.022581,0.002265,0.007494
0.022462,0.002254,0.007454
0.022344,0.002242,0.007415
0.022227,0.002230,0.007376
0.022110,0.002218,0.007337
0.021994,0.002207,0.007299
0.021879,0.002195,0.007261
0.021764,0.002184,0.007223
0.021650,0.002172,0.007185
0.021536,0.002161,0.007147
0.021423,0.002149,0.007109
0.021310,0.002138,0.007072
0.021199,0.002127,0.007035
0.021087,0.002116,0.006998
0.020977,0.002105,0.006961
0.020867,0.002094,0.006925
0.020757,0.002083,0.006888
0.020648,0.002072,0.006852
0.020540,0.002061,0.006816
0.020432,0.002050,0.006780
0.020325,0.002039,0.006745
0.020218,0.002028,0.006709
0.020112,0.002018,0.006674
0.020006,0.002007,0.006639
0.019901,0.001997,0.006604
0.019797,0.001986,0.006570
0.019693,0.001976,0.006535
0.019589,0.001965,0.006501
0.019487,0.001955,0.006467
0.019384,0.001945,0.006433
0.019283,0.001935,0.006399
0.019181,0.001924,0.006365
0.019081,0.001914,0.006332
0.018981,0.001904,0.006299
0.018881,0.001894,0.006266
0.018782,0.001884,0.006233
0.018683,0.001875,0.006200
0.018585,0.001865,0.006168
0.018488,0.001855,0.006135
0.018391,0.001845,0.006103
0.018294,0.001835,0.006071
0.018198,0.001826,0.006039
0.018102,0.001816,0.006007
0.018007,0.001807,0.005976
0.017913,0.001797,0.005944
0.017819,0.001788,0.005913
0.017725,0.001778,0.005882
0.017632,0.001769,0.005851
0.017540,0.001760,0.005821
0.017448,0.001751,0.005790
0.017356,0.001741,0.005760
0.017265,0.001732,0.005729
0.017174,0.001723,0.005699
0.017084,0.001714,0.005669
0.016994,0.001705,0.005640
0.016905,0.001696,0.005610
0.016817,0.001687,0.005581
0.016728,0.001678,0.005551
0.016640,0.001670,0.005522
0.016553,0.001661,0.005493
0.016466,0.001652,0.005464
0.016380,0.001643,0.005436
0.016294,0.001635,0.005407
0.016208,0.001626,0.005379
0.016123,0.001618,0.005350
0.016039,0.001609,0.005322
0.015954,0.001601,0.005294
0.015871,0.001592,0.005267
0.015787,0.001584,0.005239
0.015704,0.001576,0.005211
0.015622,0.001567,0.005184
0.015540,0.001559,0.005157
0.015458,0.001551,0.005130
0.015377,0.001543,0.005103
0.015297,0.001535,0.005076
0.015216,0.001527,0.005049
0.015136,0.001519,0.005023
0.015057,0.001511,0.004997
0.014978,0.001503,0.004970
0.014899,0.001495,0.004944
0.014821,0.001487,0.004918
0.014743,0.001479,0.004892
0.014666,0.001472,0.004867
0.014589,0.001464,0.004841
0.014512,0.001456,0.004816
0.014436,0.001448,0.004791
0.014360,0.001441,0.004765
0.014285,0.001433,0.004740
0.014210,0.001426,0.004716
0.014135,0.001418,0.004691
0.014061,0.001411,0.004666
0.013987,0.001403,0.004642
0.013914,0.001396,0.004617
0.013841,0.001389,0.004593
0.013768,0.001381,0.004569
0.013696,0.001374,0.004545
0.013624,0.001367,0.004521
0.013553,0.001360,0.004497
0.013481,0.001353,0.004474
0.013411,0.001346,0.004450
0.013340,0.001339,0.004427
0.013270,0.001332,0.004404
0.013201,0.001325,0.004381
0.013131,0.001318,0.004358
0.013062,0.001311,0.004335
0.012994,0.001304,0.004312
0.012926,0.001297,0.004289
0.012858,0.001290,0.004267
0.012790,0.001283,0.004244
0.012723,0.001277,0.004222
0.012656,0.001270,0.004200
0.012590,0.001263,0.004178
0.012524,0.001257,0.004156
0.012458,0.001250,0.004134
0.012393,0.001243,0.004112
0.012328,0.001237,0.004091
0.012263,0.001230,0.004069
0.012199,0.001224,0.004048
0.012134,0.001218,0.004027
0.012071,0.001211,0.004006
0.012007,0.001205,0.003985
0.011944,0.001199,0.003964
0.011882,0.001192,0.003943
0.011819,0.001186,0.003922
0.011757,0.001180,0.003902
0.011696,0.001174,0.003881
0.011634,0.001167,0.003861
0.011573,0.001161,0.003840
0.011512,0.001155,0.003820
0.011452,0.001149,0.003800
0.011392,0.001143,0.003780
0.011332,0.001137,0.003760
0.011273,0.001131,0.003741
0.011213,0.001125,0.003721
0.011154,0.001119,0.003702
0.011096,0.001113,0.003682
0.011038,0.001108,0.003663
0.010980,0.001102,0.003644
0.010922,0.001096,0.003624
0.010865,0.001090,0.003605
0.010808,0.001084,0.003586
0.010751,0.001079,0.003568
0.010695,0.001073,0.003549
0.010638,0.001067,0.003530
0.010583,0.001062,0.003512
0.010527,0.001056,0.003493
0.010472,0.001051,0.003475
0.010417,0.001045,0.003457
0.010362,0.001040,0.003439
0.010308,0.001034,0.003421
0.010254,0.001029,0.003403
0.010200,0.001023,0.003385
0.010146,0.001018,0.003367
0.010093,0.001013,0.003349
0.010040,0.001007,0.003332
0.009987,0.001002,0.003314
0.009935,0.000997,0.003297
0.009883,0.000992,0.003279
0.009831,0.000986,0.003262
0.009779,0.000981,0.003245
0.009728,0.000976,0.003228
0.009677,0.000971,0.003211
0.009626,0.000966,0.003194
0.009576,0.000961,0.003178
0.009525,0.000956,0.003161
0.009475,0.000951,0.003144
0.009426,0.000946,0.003128
0.009376,0.000941,0.003111
0.009327,0.000936,0.003095
0.009278,0.000931,0.003079
0.009229,0.000926,0.003063
0.009181,0.000921,0.003047
0.009133,0.000916,0.003031
0.009085,0.000912,0.003015
0.009037,0.000907,0.002999
0.008989,0.000902,0.002983
0.008942,0.000897,0.002967
0.008895,0.000893,0.002952
0.008849,0.000888,0.002936
0.008802,0.000883,0.002921
0.008756,0.000879,0.002906
0.008710,0.000874,0.002890
0.008664,0.000869,0.002875
0.008619,0.000865,0.002860
0.008574,0.000860,0.002845
0.008529,0.000856,0.002830
0.008484,0.000851,0.002815
0.008439,0.000847,0.002800
0.008395,0.000842,0.002786
0.008351,0.000838,0.002771
0.008307,0.000834,0.002757
0.008263,0.000829,0.002742
0.008220,0.000825,0.002728
0.008177,0.000821,0.002713
0.008134,0.000816,0.002699
0.008091,0.000812,0.002685
0.008049,0.000808,0.002671
0.008007,0.000803,0.002657
0.007965,0.000799,0.002643
0.007923,0.000795,0.002629
0.007881,0.000791,0.002615
0.007840,0.000787,0.002602
0.007799,0.000783,0.002588
0.007758,0.000778,0.002574
0.007717,0.000774,0.002561
0.007676,0.000770,0.002547
0.007636,0.000766,0.002534
0.007596,0.000762,0.002521
0.007556,0.000758,0.002507
0.007517,0.000754,0.002494
0.007477,0.000750,0.002481
0.007438,0.000746,0.002468
0.007399,0.000742,0.002455
0.007360,0.000739,0.002442
0.007321,0.000735,0.002429
0.007283,0.000731,0.002417
0.007245,0.000727,0.002404
0.007207,0.000723,0.002391
0.007169,0.000719,0.002379
0.007131,0.000716,0.002366
0.007094,0.000712,0.002354
0.007057,0.000708,0.002342
0.007019,0.000704,0.002329
0.006983,0.000701,0.002317
0.006946,0.000697,0.002305
0.006910,0.000693,0.002293
0.006873,0.000690,0.002281
0.006837,0.000686,0.002269
0.006801,0.000682,0.002257
0.006766,0.000679,0.002245
0.006730,0.000675,0.002233
0.006695,0.000672,0.002222
0.006660,0.000668,0.002210
0.006625,0.000665,0.002198
0.006590,0.000661,0.002187
0.006555,0.000658,0.002175
0.006521,0.000654,0.002164
0.006487,0.000651,0.002152
0.006453,0.000647,0.002141
0.006419,0.000644,0.002130
0.006385,0.000641,0.002119
0.006352,0.000637,0.002108
0.006318,0.000634,0.002097
0.006285,0.000631,0.002086
0.006252,0.000627,0.002075
0.006219,0.000624,0.002064
0.006187,0.000621,0.002053
0.006154,0.000618,0.002042
0.006122,0.000614,0.002031
0.006090,0.000611,0.002021
0.006058,0.000608,0.002010
0.006026,0.000605,0.002000
0.005994,0.000602,0.001989
0.005963,0.000598,0.001979
0.005931,0.000595,0.001968
0.005900,0.000592,0.001958
0.005869,0.000589,0.001948
0.005839,0.000586,0.001937
0.005808,0.000583,0.001927
0.005777,0.000580,0.001917
0.005747,0.000577,0.001907
0.005717,0.000574,0.001897
0.005687,0.000571,0.001887
0.005657,0.000568,0.001877
0.005627,0.000565,0.001867
0.005598,0.000562,0.001858
0.005568,0.000559,0.001848
0.005539,0.000556,0.001838
0.005510,0.000553,0.001828
0.005481,0.000550,0.001819
0.005452,0.000547,0.001809
0.005424,0.000544,0.001800
0.005395,0.000541,0.001790
0.005367,0.000539,0.001781
0.005339,0.000536,0.001772
0.005311,0.000533,0.001762
0.005283,0.000530,0.001753
0.005255,0.000527,0.001744
0.005228,0.000525,0.001735
0.005200,0.000522,0.001726
0.005173,0.000519,0.001717
0.005146,0.000516,0.001708
0.005119,0.000514,0.001699
0.005092,0.000511,0.001690
0.005065,0.000508,0.001681
0.005039,0.000506,0.001672
0.005012,0.000503,0.001663
0.004986,0.000500,0.001654
0.004960,0.000498,0.001646
0.004934,0.000495,0.001637
0.004908,0.000492,0.001629
0.004882,0.000490,0.001620
0.004856,0.000487,0.001611
0.004831,0.000485,0.001603
0.004805,0.000482,0.001595
0.004780,0.000480,0.001586
0.004755,0.000477,0.001578
0.004730,0.000475,0.001570
0.004705,0.000472,0.001561
0.004681,0.000470,0.001553
0.004656,0.000467,0.001545
0.004632,0.000465,0.001537
0.004607,0.000462,0.001529
0.004583,0.000460,0.001521
0.004559,0.000457,0.001513
0.004535,0.000455,0.001505
0.004511,0.000453,0.001497
0.004488,0.000450,0.001489
0.004464,0.000448,0.001481
0.004441,0.000446,0.001474
0.004417,0.000443,0.001466
0.004394,0.000441,0.001458
0.004371,0.000439,0.001450
0.004348,0.000436,0.001443
0.004325,0.000434,0.001435
0.004303,0.000432,0.001428
0.004280,0.000430,0.001420
0.004258,0.000427,0.001413
0.004235,0.000425,0.001405
0.004213,0.000423,0.001398
0.004191,0.000421,0.001391
0.004169,0.000418,0.001383
0.004147,0.000416,0.001376
0.004125,0.000414,0.001369
0.004104,0.000412,0.001362
0.004082,0.000410,0.001355
0.004061,0.000407,0.001347
0.004039,0.000405,0.001340
0.004018,0.000403,0.001333
0.003997,0.000401,0.001326
0.003976,0.000399,0.001319
0.003955,0.000397,0.001312
0.003934,0.000395,0.001306
0.003914,0.000393,0.001299
0.003893,0.000391,0.001292
0.003873,0.000389,0.001285
0.003852,0.000387,0.001278
0.003832,0.000385,0.001272
0.003812,0.000383,0.001265
0.003792,0.000381,0.001258
0.243700,-0.197842,-0.970295
0.463068,-0.376429,-1.843480
0.660584,-0.538339,-2.629166
0.838470,-0.685748,-3.336022
0.998717,-0.820494,-3.971871
1.143112,-0.944143,-4.543763
1.273258,-1.058027,-5.058055
1.390594,-1.163289,-5.520475
1.496410,-1.260912,-5.936186
1.591869,-1.351746,-6.309838
1.678011,-1.436529,-6.645619
1.755775,-1.515901,-6.947304
1.826001,-1.590426,-7.218291
1.889448,-1.660597,-7.461639
1.946795,-1.726849,-7.680105
1.998655,-1.789567,-7.876168
2.045579,-1.849092,-8.052064
2.088061,-1.905729,-8.209802
2.126547,-1.959750,-8.351193
2.161438,-2.011398,-8.477867
2.193095,-2.060891,-8.591290
2.221842,-2.108425,-8.692783
2.247972,-2.154178,-8.783534
2.271746,-2.198310,-8.864612
2.293403,-2.240965,-8.936980
2.313154,-2.282273,-9.001504
2.331192,-2.322354,-9.058965
2.347688,-2.361316,-9.110063
2.362800,-2.399255,-9.155429
2.376665,-2.436261,-9.195633
2.389411,-2.472415,-9.231185
2.401150,-2.507791,-9.262546
2.411985,-2.542456,-9.290129
2.422008,-2.576470,-9.314307
2.431301,-2.609889,-9.335415
2.439939,-2.642765,-9.353755
2.447989,-2.675144,-9.369598
2.455511,-2.707067,-9.383188
2.462560,-2.738573,-9.394745
2.469185,-2.769698,-9.404468
2.475430,-2.800473,-9.412532
2.481335,-2.830927,-9.419099
2.486936,-2.861088,-9.424313
2.492264,-2.890980,-9.428303
2.497349,-2.920624,-9.431186
2.502217,-2.950040,-9.433067
2.506891,-2.979249,-9.434039
2.511393,-3.008265,-9.434188
2.515742,-3.037104,-9.433590
2.519955,-3.065781,-9.432315
2.524047,-3.094308,-9.430423
2.528033,-3.122696,-9.427970
2.531925,-3.150957,-9.425007
2.535734,-3.179099,-9.421578
2.539471,-3.207131,-9.417725
2.543144,-3.235061,-9.413482
2.546762,-3.262897,-9.408884
2.550333,-3.290645,-9.403960
2.553863,-3.318311,-9.398736
2.557358,-3.345901,-9.393236
2.560824,-3.373419,-9.387482
2.564265,-3.400869,-9.381493
2.567686,-3.428257,-9.375287
2.571091,-3.455585,-9.368878
2.574484,-3.482856,-9.362282
2.577867,-3.510075,-9.355510
2.581244,-3.537243,-9.348575
2.584617,-3.564364,-9.341487
2.587989,-3.591438,-9.334254
2.591362,-3.618469,-9.326885
2.594737,-3.645458,-9.319389
2.598116,-3.672407,-9.311770
2.601501,-3.699317,-9.304036
2.604894,-3.726189,-9.296192
2.608295,-3.753026,-9.288243
2.611706,-3.779827,-9.280194
2.615127,-3.806594,-9.272048
2.618560,-3.833328,-9.263808
2.622005,-3.860029,-9.255479
2.625464,-3.886698,-9.247064
2.628936,-3.913336,-9.238564
2.632423,-3.939943,-9.229982
2.635925,-3.966520,-9.221321
2.639442,-3.993067,-9.212581
2.642975,-4.019585,-9.203766
2.646524,-4.046073,-9.194877
2.650090,-4.072532,-9.185915
2.653673,-4.098963,-9.176881
2.657273,-4.125365,-9.167777
2.660890,-4.151739,-9.158603
2.664525,-4.178085,-9.149361
2.668178,-4.204403,-9.140051
2.671850,-4.230692,-9.130675
2.675539,-4.256954,-9.121233
2.679247,-4.283188,-9.111725
2.682973,-4.309394,-9.102153
2.686718,-4.335572,-9.092517
2.690481,-4.361722,-9.082816
2.694264,-4.387844,-9.073053
2.698065,-4.413939,-9.063227
2.701886,-4.440005,-9.053338
2.705725,-4.466043,-9.043388
2.709583,-4.492054,-9.033375
2.713461,-4.518036,-9.023302
2.717358,-4.543990,-9.013167
2.721274,-4.569915,-9.002971
2.725209,-4.595812,-8.992715
2.729164,-4.621681,-8.982398
2.733138,-4.647520,-8.972021
2.737131,-4.673332,-8.961584
2.741144,-4.699114,-8.951087
2.745176,-4.724867,-8.940531
2.749228,-4.750591,-8.929915
2.753299,-4.776286,-8.919240
2.757389,-4.801952,-8.908506
2.761499,-4.827588,-8.897713
2.765628,-4.853195,-8.886861
2.769776,-4.878772,-8.875951
2.773944,-4.904319,-8.864982
2.778131,-4.929836,-8.853954
2.782338,-4.955323,-8.842868
2.786564,-4.980779,-8.831724
2.790810,-5.006205,-8.820522
2.795075,-5.031601,-8.809262
2.799359,-5.056966,-8.797945
2.803663,-5.082300,-8.786569
2.807986,-5.107604,-8.775136
2.812329,-5.132876,-8.763646
2.816691,-5.158117,-8.752098
2.821072,-5.183326,-8.740492
2.825473,-5.208504,-8.728830
2.829893,-5.233651,-8.717111
2.834332,-5.258765,-8.705334
2.838791,-5.283848,-8.693501
2.843269,-5.308899,-8.681611
2.847766,-5.333917,-8.669664
2.852283,-5.358903,-8.657661
2.856819,-5.383856,-8.645601
2.861374,-5.408777,-8.633485
2.865948,-5.433665,-8.621313
2.870542,-5.458520,-8.609085
2.875154,-5.483341,-8.596800
2.879786,-5.508130,-8.584460
2.884438,-5.532885,-8.572064
2.889108,-5.557607,-8.559612
2.893798,-5.582295,-8.547104
2.898507,-5.606949,-8.534541
2.903234,-5.631570,-8.521923
2.907982,-5.656156,-8.509249
2.912748,-5.680708,-8.496520
2.917533,-5.705225,-8.483736
2.922337,-5.729708,-8.470896
2.927161,-5.754157,-8.458002
2.932004,-5.778570,-8.445053
2.936865,-5.802949,-8.432050
2.941746,-5.827293,-8.418991
2.946645,-5.851601,-8.405878
2.951564,-5.875874,-8.392711
2.956502,-5.900112,-8.379490
2.961459,-5.924314,-8.366214
2.966434,-5.948480,-8.352884
2.971429,-5.972610,-8.339501
2.976442,-5.996704,-8.326063
2.981475,-6.020762,-8.312572
2.986526,-6.044784,-8.299027
2.991597,-6.068769,-8.285428
2.996686,-6.092718,-8.271776
3.001794,-6.116630,-8.258071
3.006921,-6.140505,-8.244313
3.012067,-6.164343,-8.230501
3.017231,-6.188143,-8.216636
3.022414,-6.211907,-8.202719
3.027617,-6.235633,-8.188748
3.032838,-6.259322,-8.174725
3.038077,-6.282973,-8.160650
3.043336,-6.306586,-8.146522
3.048613,-6.330161,-8.132342
3.053909,-6.353698,-8.118109
3.059223,-6.377197,-8.103824
3.064557,-6.400658,-8.089488
3.069909,-6.424080,-8.075099
3.075279,-6.447463,-8.060659
3.080669,-6.470808,-8.046167
3.086076,-6.494114,-8.031623
3.091503,-6.517381,-8.017028
3.096948,-6.540609,-8.002382
3.102412,-6.563797,-7.987684
3.107894,-6.586946,-7.972935
3.113395,-6.610056,-7.958136
3.118914,-6.633126,-7.943285
3.124452,-6.656156,-7.928384
3.130008,-6.679146,-7.913432
3.135583,-6.702097,-7.898430
3.141176,-6.725007,-7.883377
3.146787,-6.747877,-7.868274
3.152417,-6.770706,-7.853121
3.158066,-6.793495,-7.837918
3.163733,-6.816243,-7.822665
3.169418,-6.838951,-7.807362
3.175122,-6.861617,-7.792009
3.180844,-6.884243,-7.776607
3.186584,-6.906827,-7.761155
3.192342,-6.929370,-7.745654
3.198119,-6.951871,-7.730104
3.203914,-6.974332,-7.714505
3.209728,-6.996750,-7.698857
3.215560,-7.019127,-7.683160
3.221409,-7.041461,-7.667414
3.227278,-7.063754,-7.651620
3.233164,-7.086005,-7.635777
3.239068,-7.108213,-7.619886
3.244991,-7.130379,-7.603947
3.250932,-7.152502,-7.587960
3.256890,-7.174583,-7.571924
3.262867,-7.196621,-7.555841
3.268862,-7.218616,-7.539710
3.274876,-7.240569,-7.523532
3.280907,-7.262478,-7.507306
3.286956,-7.284344,-7.491032
3.293023,-7.306166,-7.474712
3.299108,-7.327945,-7.458344
3.305211,-7.349681,-7.441930
3.311333,-7.371373,-7.425468
3.317472,-7.393021,-7.408960
3.323629,-7.414625,-7.392406
3.329804,-7.436185,-7.375805
3.335996,-7.457701,-7.359157
3.342207,-7.479173,-7.342464
3.348436,-7.500600,-7.325724
3.354682,-7.521983,-7.308939
3.360946,-7.543321,-7.292107
3.367228,-7.564615,-7.275230
3.373528,-7.585863,-7.258308
3.379845,-7.607067,-7.241340
3.386181,-7.628226,-7.224326
3.392534,-7.649340,-7.207268
3.398904,-7.670408,-7.190164
3.405293,-7.691431,-7.173016
3.411699,-7.712408,-7.155823
3.418122,-7.733340,-7.138585
3.424563,-7.754226,-7.121303
3.431022,-7.775066,-7.103977
3.437499,-7.795861,-7.086606
3.443993,-7.816609,-7.069191
3.450504,-7.837311,-7.051733
3.457034,-7.857967,-7.034230
3.463580,-7.878577,-7.016684
3.470144,-7.899140,-6.999094
3.476726,-7.919657,-6.981461
3.483325,-7.940127,-6.963784
3.489942,-7.960550,-6.946065
3.496576,-7.980926,-6.928302
3.503227,-8.001256,-6.910497
3.509896,-8.021538,-6.892649
3.516582,-8.041773,-6.874758
3.523285,-8.061960,-6.856825
3.530006,-8.082101,-6.838849
3.536744,-8.102194,-6.820832
3.543499,-8.122239,-6.802772
3.550271,-8.142236,-6.784670
3.557061,-8.162186,-6.766527
3.563868,-8.182088,-6.748342
3.570692,-8.201942,-6.730115
3.577534,-8.221748,-6.711848
3.584392,-8.241505,-6.693539
3.591268,-8.261215,-6.675189
3.598161,-8.280875,-6.656798
3.605071,-8.300488,-6.638366
3.611998,-8.320052,-6.619893
3.618942,-8.339567,-6.601380
3.625903,-8.359033,-6.582827
3.632881,-8.378451,-6.564234
3.639876,-8.397819,-6.545600
3.646888,-8.417139,-6.526927
3.653917,-8.436409,-6.508213
3.660963,-8.455630,-6.489460
3.668026,-8.474802,-6.470668
3.675105,-8.493924,-6.451836
3.682202,-8.512997,-6.432965
3.689315,-8.532020,-6.414055
3.696446,-8.550993,-6.395106
3.703593,-8.569917,-6.376118
3.710756,-8.588790,-6.357092
3.717937,-8.607614,-6.338027
3.725134,-8.626388,-6.318923
3.732349,-8.645111,-6.299782
3.739579,-8.663784,-6.280602
3.746827,-8.682407,-6.261385
3.754091,-8.700980,-6.242130
3.761372,-8.719501,-6.222837
3.768669,-8.737973,-6.203507
3.775983,-8.756393,-6.184139
3.783314,-8.774763,-6.164734
3.790661,-8.793082,-6.145292
3.798024,-8.811350,-6.125813
3.805405,-8.829567,-6.106298
3.812801,-8.847733,-6.086746
3.820214,-8.865847,-6.067157
3.827644,-8.883911,-6.047532
3.835090,-8.901923,-6.027871
3.842552,-8.919883,-6.008174
3.850031,-8.937792,-5.988441
3.857526,-8.955650,-5.968673
3.865037,-8.973455,-5.948869
3.872565,-8.991209,-5.929029
3.880109,-9.008911,-5.909154
3.887669,-9.026561,-5.889245
3.895246,-9.044159,-5.869300
3.902839,-9.061705,-5.849320
3.910448,-9.079199,-5.829306
3.918073,-9.096640,-5.809257
3.925714,-9.114030,-5.789174
3.933371,-9.131366,-5.769056
3.941045,-9.148651,-5.748905
3.948735,-9.165882,-5.728720
3.956440,-9.183061,-5.708501
3.964162,-9.200188,-5.688248
3.971900,-9.217261,-5.667962
3.979653,-9.234282,-5.647642
3.987423,-9.251250,-5.627290
3.995209,-9.268165,-5.606904
4.003010,-9.285026,-5.586486
4.010828,-9.301835,-5.566035
4.018661,-9.318590,-5.545551
4.026510,-9.335292,-5.525035
4.034375,-9.351941,-5.504487
4.042256,-9.368536,-5.483907
4.050153,-9.385078,-5.463295
4.058065,-9.401566,-5.442651
4.065994,-9.418000,-5.421975
4.073937,-9.434381,-5.401268
4.081897,-9.450708,-5.380530
4.089872,-9.466981,-5.359761
4.097863,-9.483200,-5.338960
4.105870,-9.499365,-5.318129
4.113892,-9.515476,-5.297267
4.121929,-9.531534,-5.276375
4.129983,-9.547536,-5.255452
4.138051,-9.563485,-5.234499
4.146136,-9.579379,-5.213516
4.154236,-9.595219,-5.192503
4.162351,-9.611004,-5.171460
4.170481,-9.626735,-5.150387
4.178627,-9.642412,-5.129286
4.186789,-9.658033,-5.108155
4.194966,-9.673601,-5.086994
4.203158,-9.689113,-5.065805
4.211365,-9.704570,-5.044587
4.219588,-9.719973,-5.023341
4.227826,-9.735321,-5.002066
4.236079,-9.750613,-4.980762
4.244348,-9.765851,-4.959431
4.252632,-9.781033,-4.938071
4.260930,-9.796161,-4.916684
4.269244,-9.811233,-4.895268
4.277574,-9.826250,-4.873826
4.285918,-9.841211,-4.852355
4.294277,-9.856118,-4.830858
4.302651,-9.870968,-4.809334
4.311041,-9.885763,-4.787782
4.319445,-9.900503,-4.766204
4.327864,-9.915187,-4.744600
4.336299,-9.929815,-4.722968
4.344748,-9.944388,-4.701311
4.353212,-9.958905,-4.679627
4.361691,-9.973366,-4.657918
4.370185,-9.987771,-4.636183
4.378693,-10.002121,-4.614422
4.387217,-10.016414,-4.592635
4.395755,-10.030651,-4.570824
4.404308,-10.044832,-4.548987
4.412876,-10.058958,-4.527125
4.421458,-10.073027,-4.505238
4.430055,-10.087039,-4.483327
4.438667,-10.100996,-4.461391
4.447293,-10.114896,-4.439430
4.455934,-10.128740,-4.417446
4.464589,-10.142527,-4.395437
4.473259,-10.156258,-4.373405
4.481944,-10.169933,-4.351349
4.490643,-10.183551,-4.329269
4.499356,-10.197112,-4.307166
4.508084,-10.210617,-4.285040
4.516827,-10.224065,-4.262890
4.525583,-10.237456,-4.240718
4.534354,-10.250791,-4.218523
4.543140,-10.264068,-4.196305
4.551940,-10.277289,-4.174065
4.560754,-10.290454,-4.151803
4.569582,-10.303561,-4.129518
4.578424,-10.316611,-4.107212
4.587281,-10.329604,-4.084884
4.596152,-10.342541,-4.062534
4.605037,-10.355420,-4.040163
4.613936,-10.368242,-4.017770
4.622850,-10.381007,-3.995356
4.631777,-10.393714,-3.972922
4.640719,-10.406365,-3.950466
4.649674,-10.418958,-3.927990
4.658643,-10.431494,-3.905493
4.667627,-10.443973,-3.882976
4.676624,-10.456394,-3.860439
4.685636,-10.468758,-3.837882
4.694661,-10.481065,-3.815305
4.703700,-10.493314,-3.792709
4.712753,-10.505505,-3.770092
4.721819,-10.517639,-3.747457
4.730900,-10.529716,-3.724802
4.739994,-10.541735,-3.702128
4.749102,-10.553696,-3.679436
4.758224,-10.565600,-3.656725
4.767359,-10.577446,-3.633995
4.776508,-10.589234,-3.611247
4.785671,-10.600965,-3.588480
4.794847,-10.612638,-3.565696
4.804037,-10.624253,-3.542893
4.813240,-10.635810,-3.520073
4.822457,-10.647310,-3.497236
4.831688,-10.658751,-3.474381
4.840932,-10.670135,-3.451508
4.850189,-10.681461,-3.428619
4.859459,-10.692729,-3.405713
4.868744,-10.703939,-3.382790
4.878041,-10.715091,-3.359850
4.887352,-10.726184,-3.336894
4.896676,-10.737220,-3.313922
4.906013,-10.748198,-3.290934
4.915364,-10.759118,-3.267930
4.924727,-10.769980,-3.244910
4.934104,-10.780784,-3.221874
4.943494,-10.791529,-3.198823
4.952898,-10.802216,-3.175757
4.962314,-10.812846,-3.152675
4.971744,-10.823417,-3.129579
4.981186,-10.833930,-3.106468
4.990642,-10.844384,-3.083342
5.000110,-10.854781,-3.060202
5.009591,-10.865119,-3.037047
5.019086,-10.875399,-3.013879
5.028593,-10.885620,-2.990696
5.038113,-10.895784,-2.967500
5.047646,-10.905889,-2.944290
5.057192,-10.915935,-2.921066
5.066751,-10.925924,-2.897829
5.076322,-10.935854,-2.874579
5.085907,-10.945725,-2.851316
5.095504,-10.955539,-2.828041
5.105113,-10.965293,-2.804752
5.114735,-10.974990,-2.781451
5.124370,-10.984628,-2.758138
5.134018,-10.994208,-2.734813
5.143678,-11.003729,-2.711475
5.153350,-11.013192,-2.688126
5.163035,-11.022596,-2.664765
5.172733,-11.031942,-2.641392
5.182443,-11.041230,-2.618009
5.192166,-11.050459,-2.594614
5.201900,-11.059629,-2.571208
5.211648,-11.068742,-2.547791
5.221407,-11.077795,-2.524363
5.231179,-11.086790,-2.500925
5.240963,-11.095727,-2.477476
5.250760,-11.104605,-2.454018
5.260569,-11.113425,-2.430549
5.270389,-11.122186,-2.407070
5.280222,-11.130889,-2.383582
5.290068,-11.139533,-2.360084
5.299925,-11.148119,-2.336577
5.309794,-11.156646,-2.313060
5.319676,-11.165115,-2.289534
5.329569,-11.173525,-2.266000
5.339475,-11.181877,-2.242457
5.349392,-11.190170,-2.218905
5.359321,-11.198404,-2.195344
5.369263,-11.206581,-2.171776
5.379216,-11.214698,-2.148199
5.389181,-11.222758,-2.124615
5.399158,-11.230758,-2.101022
5.409146,-11.238701,-2.077422
5.419147,-11.246584,-2.053815
5.429159,-11.254410,-2.030200
5.439183,-11.262176,-2.006578
5.449218,-11.269885,-1.982950
5.459265,-11.277535,-1.959314
5.469324,-11.285126,-1.935672
5.479394,-11.292659,-1.912023
5.489476,-11.300134,-1.888368
5.499569,-11.307550,-1.864707
5.509674,-11.314908,-1.841040
5.519791,-11.322207,-1.817367
5.529919,-11.329448,-1.793688
5.540058,-11.336631,-1.770004
5.550208,-11.343755,-1.746315
5.560370,-11.350821,-1.722620
5.570543,-11.357828,-1.698920
5.580728,-11.364777,-1.675216
5.590924,-11.371668,-1.651506
5.601131,-11.378500,-1.627792
5.611349,-11.385275,-1.604074
5.621578,-11.391991,-1.580352
5.631819,-11.398648,-1.556625
5.642070,-11.405248,-1.532895
5.652333,-11.411789,-1.509161
5.662607,-11.418272,-1.485423
5.672891,-11.424696,-1.461682
5.683187,-11.431063,-1.437938
5.693494,-11.437371,-1.414190
5.703811,-11.443621,-1.390440
5.714140,-11.449813,-1.366687
5.724479,-11.455947,-1.342931
5.734830,-11.462023,-1.319173
5.745190,-11.468041,-1.295412
5.755562,-11.474001,-1.271649
5.765945,-11.479902,-1.247885
5.776338,-11.485746,-1.224118
5.786742,-11.491532,-1.200350
5.797156,-11.497260,-1.176580
5.807582,-11.502929,-1.152809
5.818017,-11.508541,-1.129037
5.828464,-11.514095,-1.105264
5.838920,-11.519591,-1.081489
5.849388,-11.525029,-1.057714
5.859865,-11.530410,-1.033939
5.870354,-11.535732,-1.010163
5.880852,-11.540997,-0.986387
5.891361,-11.546204,-0.962611
5.901881,-11.551354,-0.938835
5.912410,-11.556445,-0.915059
5.922950,-11.561479,-0.891284
5.933500,-11.566456,-0.867509
5.944061,-11.571374,-0.843734
5.954631,-11.576235,-0.819961
5.965212,-11.581039,-0.796189
5.975803,-11.585785,-0.772418
5.986404,-11.590474,-0.748648
5.997015,-11.595105,-0.724879
6.007636,-11.599679,-0.701113
6.018267,-11.604195,-0.677348
6.028908,-11.608654,-0.653585
6.039559,-11.613056,-0.629824
6.050220,-11.617400,-0.606065
6.060890,-11.621687,-0.582309
6.071571,-11.625917,-0.558555
6.082261,-11.630090,-0.534804
6.092961,-11.634205,-0.511056
6.103671,-11.638264,-0.487311
6.114391,-11.642265,-0.463569
6.125120,-11.646210,-0.439831
6.135859,-11.650097,-0.416096
6.146608,-11.653927,-0.392365
6.157366,-11.657701,-0.368637
6.168133,-11.661417,-0.344914
6.178911,-11.665077,-0.321194
6.189697,-11.668680,-0.297479
6.200493,-11.672226,-0.273768
6.211299,-11.675715,-0.250062
6.222114,-11.679148,-0.226361
6.232938,-11.682524,-0.202664
6.243772,-11.685843,-0.178972
6.254615,-11.689106,-0.155286
6.265467,-11.692312,-0.131605
6.276329,-11.695462,-0.107929
6.287200,-11.698555,-0.084259
6.298079,-11.701592,-0.060595
6.308968,-11.704573,-0.036937
6.319867,-11.707497,-0.013285
6.330774,-11.710366,0.010361
6.341690,-11.713177,0.034000
6.352615,-11.715933,0.057633
6.363550,-11.718633,0.081260
6.374493,-11.721276,0.104879
6.385445,-11.723864,0.128491
6.396406,-11.726395,0.152097
6.407376,-11.728871,0.175695
6.418355,-11.731291,0.199285
6.429342,-11.733654,0.222868
6.440338,-11.735962,0.246443
6.451343,-11.738215,0.270011
6.462357,-11.740412,0.293570
6.473379,-11.742553,0.317121
6.484410,-11.744638,0.340664
6.495450,-11.746668,0.364198
6.506498,-11.748642,0.387724
6.517554,-11.750562,0.411241
6.528619,-11.752425,0.434749
6.539693,-11.754234,0.458248
6.550775,-11.755987,0.481737
6.561865,-11.757685,0.505218
6.572964,-11.759327,0.528688
6.584071,-11.760915,0.552150
6.595187,-11.762448,0.575601
6.606310,-11.763925,0.599042
6.617442,-11.765348,0.622474
6.628582,-11.766716,0.645895
6.639730,-11.768029,0.669306
6.650887,-11.769287,0.692706
6.662051,-11.770491,0.716095
6.673224,-11.771640,0.739474
6.684405,-11.772734,0.762842
6.695593,-11.773774,0.786199
6.706790,-11.774760,0.809544
6.717994,-11.775691,0.832878
6.729207,-11.776567,0.856201
6.740427,-11.777390,0.879511
6.751655,-11.778158,0.902810
6.762891,-11.778872,0.926097
6.774135,-11.779532,0.949372
6.785386,-11.780138,0.972635
6.796645,-11.780690,0.995885
6.807912,-11.781188,1.019123
6.819187,-11.781632,1.042348
6.830469,-11.782022,1.065561
6.841758,-11.782359,1.088760
6.853056,-11.782642,1.111946
6.864360,-11.782872,1.135120
6.875672,-11.783048,1.158279
6.886992,-11.783171,1.181425
6.898319,-11.783240,1.204558
6.909653,-11.783256,1.227677
6.920995,-11.783218,1.250782
6.932344,-11.783128,1.273872
6.943701,-11.782984,1.296949
6.955064,-11.782788,1.320011
6.966435,-11.782538,1.343059
6.977813,-11.782236,1.366092
6.989198,-11.781880,1.389111
7.000590,-11.781472,1.412114
7.011989,-11.781011,1.435103
7.023396,-11.780498,1.458076
7.034809,-11.779932,1.481034
7.046229,-11.779314,1.503977
7.057656,-11.778643,1.526904
7.069090,-11.777920,1.549815
7.080531,-11.777145,1.572711
7.091979,-11.776317,1.595590
7.103434,-11.775438,1.618454
7.114895,-11.774506,1.641301
7.126363,-11.773522,1.664132
7.137838,-11.772487,1.686946
7.149320,-11.771400,1.709744
7.160808,-11.770261,1.732525
7.172303,-11.769070,1.755289
7.183804,-11.767828,1.778036
7.195312,-11.766534,1.800765
7.206826,-11.765189,1.823478
7.218347,-11.763792,1.846173
7.229874,-11.762345,1.868850
7.241408,-11.760846,1.891510
7.252948,-11.759296,1.914152
7.264494,-11.757695,1.936776
7.276047,-11.756043,1.959382
7.287605,-11.754340,1.981970
7.299171,-11.752586,2.004539
7.310742,-11.750782,2.027090
7.322319,-11.748927,2.049622
7.333903,-11.747022,2.072136
7.345493,-11.745066,2.094630
7.357088,-11.743059,2.117106
7.368690,-11.741003,2.139563
7.380298,-11.738896,2.162000
7.391911,-11.736739,2.184418
7.403531,-11.734532,2.206817
7.415156,-11.732275,2.229195
7.426788,-11.729968,2.251555
7.438425,-11.727611,2.273894
7.450068,-11.725205,2.296213
7.461717,-11.722749,2.318512
7.473371,-11.720244,2.340791
7.485031,-11.717689,2.363049
7.496697,-11.715084,2.385287
7.508368,-11.712431,2.407505
7.520045,-11.709728,2.429701
7.531727,-11.706976,2.451877
7.543415,-11.704175,2.474032
7.555109,-11.701325,2.496166
7.566808,-11.698427,2.518278
7.578512,-11.695479,2.540369
7.590222,-11.692483,2.562439
7.601937,-11.689439,2.584487
7.613657,-11.686346,2.606513
7.625382,-11.683204,2.628517
7.637113,-11.680014,2.650500
7.648849,-11.676776,2.672460
7.660590,-11.673490,2.694398
7.672337,-11.670156,2.716314
7.684088,-11.666774,2.738207
7.695844,-11.663344,2.760078
7.707606,-11.659867,2.781926
7.719372,-11.656341,2.803752
7.731144,-11.652769,2.825554
7.742920,-11.649148,2.847334
7.754701,-11.645481,2.869090
7.766487,-11.641766,2.890823
7.778278,-11.638003,2.912533
7.790074,-11.634194,2.934219
7.801874,-11.630338,2.955881
7.813679,-11.626435,2.977520
7.825489,-11.622485,2.999135
7.837303,-11.618488,3.020726
7.849122,-11.614445,3.042293
7.860946,-11.610355,3.063836
7.872774,-11.606219,3.085354
7.884607,-11.602037,3.106848
7.896444,-11.597808,3.128318
7.908285,-11.593533,3.149763
7.920131,-11.589212,3.171183
7.931982,-11.584845,3.192578
7.943836,-11.580433,3.213949
7.955695,-11.575974,3.235294
7.967558,-11.571470,3.256614
7.979426,-11.566921,3.277909
7.991297,-11.562326,3.299178
8.003173,-11.557686,3.320422
8.015053,-11.553000,3.341640
8.026937,-11.548269,3.362833
8.038825,-11.543494,3.383999
8.050717,-11.538673,3.405140
8.062613,-11.533808,3.426255
8.074513,-11.528898,3.447343
8.086417,-11.523943,3.468405
8.098324,-11.518944,3.489441
8.110236,-11.513900,3.510450
8.122151,-11.508812,3.531433
8.134070,-11.503680,3.552389
8.145993,-11.498504,3.573318
8.157920,-11.493283,3.594221
8.169850,-11.488019,3.615096
8.181784,-11.482711,3.635944
8.193721,-11.477360,3.656765
8.205662,-11.471964,3.677559
8.217607,-11.466526,3.698325
8.229555,-11.461044,3.719064
8.241506,-11.455518,3.739775
8.253461,-11.449950,3.760458
8.265419,-11.444338,3.781113
8.277381,-11.438684,3.801741
8.289346,-11.432987,3.822340
8.301314,-11.427247,3.842912
8.313285,-11.421464,3.863455
8.325260,-11.415639,3.883970
8.337238,-11.409771,3.904456
8.349219,-11.403861,3.924914
8.361203,-11.397909,3.945343
8.373190,-11.391915,3.965744
8.385180,-11.385879,3.986115
8.397173,-11.379801,4.006458
8.409169,-11.373682,4.026772
8.421168,-11.367520,4.047057
8.433170,-11.361318,4.067312
8.445175,-11.355073,4.087538
8.457182,-11.348788,4.107735
8.469192,-11.342461,4.127902
8.481206,-11.336093,4.148040
8.493221,-11.329684,4.168148
8.505240,-11.323235,4.188226
8.517261,-11.316744,4.208274
8.529285,-11.310213,4.228292
8.541311,-11.303642,4.248281
8.553340,-11.297030,4.268239
8.565371,-11.290377,4.288167
8.577405,-11.283685,4.308064
8.589441,-11.276952,4.327931
8.601479,-11.270180,4.347768
8.613520,-11.263368,4.367574
8.625564,-11.256516,4.387349
8.637609,-11.249624,4.407094
8.649657,-11.242693,4.426807
8.661707,-11.235722,4.446490
8.673759,-11.228712,4.466142
8.685813,-11.221663,4.485762
8.697870,-11.214575,4.505352
8.709928,-11.207448,4.524910
8.721989,-11.200283,4.544436
8.734052,-11.193078,4.563932
8.746116,-11.185835,4.583395
8.758182,-11.178554,4.602827
8.770251,-11.171234,4.622227
8.782321,-11.163876,4.641596
8.794393,-11.156479,4.660932
8.806467,-11.149045,4.680237
8.818542,-11.141573,4.699509
8.830620,-11.134063,4.718749
8.842699,-11.126516,4.737957
8.854779,-11.118931,4.757133
8.866861,-11.111309,4.776276
8.878945,-11.103649,4.795387
8.891030,-11.095952,4.814466
8.903117,-11.088218,4.833511
8.915205,-11.080448,4.852524
8.927295,-11.072640,4.871504
8.939386,-11.064796,4.890452
8.951479,-11.056915,4.909366
8.963573,-11.048998,4.928247
8.975668,-11.041044,4.947095
8.987764,-11.033054,4.965910
8.999862,-11.025028,4.984692
9.011960,-11.016966,5.003440
9.024060,-11.008869,5.022155
9.036161,-11.000735,5.040837
9.048263,-10.992566,5.059485
9.060366,-10.984362,5.078099
9.072470,-10.976122,5.096679
9.084576,-10.967847,5.115226
9.096682,-10.959536,5.133739
9.108788,-10.951191,5.152218
9.120896,-10.942811,5.170663
9.133005,-10.934396,5.189074
9.145114,-10.925947,5.207451
9.157224,-10.917463,5.225793
9.169335,-10.908944,5.244101
9.181447,-10.900392,5.262375
9.193559,-10.891805,5.280614
9.205672,-10.883184,5.298819
9.217785,-10.874529,5.316990
9.229899,-10.865841,5.335125
9.242013,-10.857119,5.353226
9.254128,-10.848363,5.371292
9.266244,-10.839574,5.389324
9.278359,-10.830752,5.407320
9.290475,-10.821897,5.425282
9.302592,-10.813008,5.443208
9.314708,-10.804087,5.461099
9.326825,-10.795133,5.478955
9.338943,-10.786146,5.496776
9.351060,-10.777127,5.514562
9.363177,-10.768075,5.532312
9.375295,-10.758991,5.550027
9.387413,-10.749875,5.567706
9.399530,-10.740727,5.585350
9.411648,-10.731547,5.602958
9.423766,-10.722335,5.620530
9.435884,-10.713092,5.638067
9.448001,-10.703817,5.655567
9.460118,-10.694511,5.673032
9.472236,-10.685173,5.690461
9.484353,-10.675805,5.707855
9.496469,-10.666405,5.725212
9.508586,-10.656975,5.742532
9.520702,-10.647513,5.759817
9.532818,-10.638021,5.777066
9.544933,-10.628499,5.794278
9.557048,-10.618946,5.811454
9.569163,-10.609363,5.828593
9.581277,-10.599750,5.845696
9.593390,-10.590107,5.862763
9.605503,-10.580434,5.879793
9.617616,-10.570731,5.896786
9.629727,-10.560999,5.913743
9.641838,-10.551237,5.930663
9.653949,-10.541446,5.947546
9.666058,-10.531626,5.964392
9.678167,-10.521777,5.981202
9.690275,-10.511898,5.997974
9.702382,-10.501991,6.014710
9.714488,-10.492055,6.031408
9.726594,-10.482091,6.048070
9.738698,-10.472098,6.064694
9.750801,-10.462076,6.081281
9.762904,-10.452027,6.097831
9.775005,-10.441949,6.114344
9.787105,-10.431844,6.130819
9.799204,-10.421711,6.147257
9.811302,-10.411550,6.163657
9.823399,-10.401362,6.180020
9.835494,-10.391146,6.196346
9.847588,-10.380903,6.212633
9.859681,-10.370632,6.228884
9.871773,-10.360335,6.245096
9.883863,-10.350011,6.261271
9.895951,-10.339660,6.277408
9.908038,-10.329283,6.293507
9.920124,-10.318878,6.309569
9.932208,-10.308448,6.325592
9.944291,-10.297991,6.341578
9.956372,-10.287509,6.357526
9.968451,-10.277000,6.373435
9.980529,-10.266465,6.389307
9.992605,-10.255905,6.405140
10.004679,-10.245319,6.420936
10.016752,-10.234708,6.436693
10.028822,-10.224071,6.452412
10.040891,-10.213409,6.468092
10.052958,-10.202723,6.483735
10.065023,-10.192011,6.499339
10.077086,-10.181274,6.514905
10.089147,-10.170513,6.530432
10.101206,-10.159727,6.545921
10.113263,-10.148917,6.561371
10.125318,-10.138082,6.576783
10.137371,-10.127224,6.592156
10.149421,-10.116341,6.607491
10.161469,-10.105435,6.622787
10.173516,-10.094504,6.638044
10.185559,-10.083550,6.653263
10.197601,-10.072573,6.668443
10.209640,-10.061572,6.683584
10.221677,-10.050548,6.698686
10.233711,-10.039501,6.713750
10.245743,-10.028431,6.728775
10.257773,-10.017339,6.743760
10.269799,-10.006223,6.758707
10.281824,-9.995085,6.773615
10.293846,-9.983924,6.788484
10.305865,-9.972742,6.803314
10.317881,-9.961537,6.818105
10.329895,-9.950310,6.832857
10.341906,-9.939061,6.847569
10.353914,-9.927790,6.862243
10.365920,-9.916498,6.876878
10.377922,-9.905184,6.891473
10.389922,-9.893849,6.906029
10.401919,-9.882492,6.920546
10.413913,-9.871115,6.935023
10.425903,-9.859716,6.949462
10.437891,-9.848297,6.963860
10.449876,-9.836857,6.978220
10.461858,-9.825396,6.992540
10.473836,-9.813915,7.006821
10.485812,-9.802414,7.021063
10.497784,-9.790892,7.035265
10.509753,-9.779351,7.049427
10.521719,-9.767789,7.063551
10.533681,-9.756208,7.077634
10.545640,-9.744607,7.091678
10.557596,-9.732986,7.105683
10.569548,-9.721346,7.119648
10.581497,-9.709687,7.133574
10.593443,-9.698009,7.147459
10.605384,-9.686311,7.161306
10.617323,-9.674595,7.175112
10.629257,-9.662860,7.188879
10.641189,-9.651107,7.202607
10.653116,-9.639335,7.216294
10.665040,-9.627544,7.229942
10.676960,-9.615736,7.243551
10.688876,-9.603909,7.257119
10.700789,-9.592065,7.270648
10.712697,-9.580202,7.284137
10.724602,-9.568322,7.297586
10.736503,-9.556425,7.310996
10.748400,-9.544510,7.324366
10.760293,-9.532577,7.337695
10.772182,-9.520628,7.350985
10.784067,-9.508661,7.364236
10.795948,-9.496678,7.377446
10.807825,-9.484678,7.390617
10.819697,-9.472661,7.403747
10.831566,-9.460628,7.416838
10.843430,-9.448579,7.429889
10.855290,-9.436513,7.442900
10.867146,-9.424431,7.455871
10.878997,-9.412333,7.468802
10.890844,-9.400219,7.481693
10.902687,-9.388090,7.494545
10.914525,-9.375945,7.507356
10.926359,-9.363785,7.520127
10.938188,-9.351609,7.532859
10.950013,-9.339418,7.545551
10.961833,-9.327212,7.558202
10.973648,-9.314991,7.570814
10.985459,-9.302755,7.583385
10.997266,-9.290505,7.595917
11.009067,-9.278240,7.608409
11.020864,-9.265961,7.620860
11.032656,-9.253668,7.633272
11.044443,-9.241360,7.645644
11.056226,-9.229038,7.657976
11.068003,-9.216703,7.670267
11.079776,-9.204354,7.682519
11.091544,-9.191991,7.694731
11.103306,-9.179614,7.706903
11.115064,-9.167225,7.719034
11.126817,-9.154822,7.731126
11.138564,-9.142406,7.743178
11.150307,-9.129977,7.755190
11.162044,-9.117535,7.767162
11.173776,-9.105081,7.779093
11.185503,-9.092614,7.790985
11.197224,-9.080134,7.802837
11.208941,-9.067642,7.814649
11.220652,-9.055138,7.826421
11.232357,-9.042622,7.838153
11.244057,-9.030094,7.849845
11.255752,-9.017554,7.861497
11.267442,-9.005003,7.873109
11.279125,-8.992440,7.884681
11.290804,-8.979866,7.896213
11.302476,-8.967280,7.907706
11.314144,-8.954683,7.919158
11.325805,-8.942075,7.930571
11.337461,-8.929457,7.941943
11.349111,-8.916827,7.953276
11.360755,-8.904187,7.964569
11.372394,-8.891536,7.975821
11.384027,-8.878875,7.987034
11.395654,-8.866204,7.998208
11.407275,-8.853523,8.009341
11.418890,-8.840831,8.020434
11.430499,-8.828130,8.031488
11.442102,-8.815419,8.042502
11.083925,-8.557007,7.742288
10.724491,-8.299925,7.441192
10.363842,-8.044131,7.139246
10.002020,-7.789580,6.836481
9.639068,-7.536229,6.532927
9.275028,-7.284033,6.228617
8.913301,-7.031370,5.934161
8.558119,-6.776205,5.662564
8.208900,-6.518751,5.411574
7.865108,-6.259204,5.179161
7.526258,-5.997749,4.963493
7.191904,-5.734555,4.762920
6.861637,-5.469776,4.575953
6.535088,-5.203558,4.401251
6.211916,-4.936033,4.237607
5.891811,-4.667321,4.083932
5.574491,-4.397535,3.939248
5.259697,-4.126775,3.802673
4.947196,-3.855137,3.673414
4.636771,-3.582704,3.550760
4.328229,-3.309554,3.434071
4.021391,-3.035758,3.322772
3.737987,-2.779847,3.219378
3.481028,-2.548209,3.124504
3.248006,-2.338517,3.037383
3.036651,-2.148672,2.957313
2.844907,-1.976773,2.883651
2.670913,-1.821105,2.815815
2.512986,-1.680116,2.753272
2.369601,-1.552403,2.695537
2.239378,-1.436698,2.642169
2.121068,-1.331854,2.592768
2.013540,-1.236835,2.546970
1.915771,-1.150704,2.504442
1.826837,-1.072612,2.464884
1.745897,-1.001794,2.428023
1.672195,-0.937555,2.393612
1.605044,-0.879269,2.361426
1.543823,-0.826369,2.331260
1.487970,-0.778342,2.302929
1.436976,-0.734724,2.276267
1.390381,-0.695095,2.251120
1.347769,-0.659076,2.227352
1.308763,-0.626324,2.204836
1.273021,-0.596527,2.183460
1.240235,-0.569406,2.163121
1.210127,-0.544705,2.143727
1.182442,-0.522196,2.125192
1.156954,-0.501670,2.107442
1.133454,-0.482938,2.090405
1.111755,-0.465832,2.074021
1.091689,-0.450196,2.058232
1.073101,-0.435892,2.042987
1.055854,-0.422794,2.028239
1.039821,-0.410787,2.013946
1.024889,-0.399768,2.000069
1.010956,-0.389645,1.986575
0.997927,-0.380332,1.973432
0.985720,-0.371754,1.960612
0.974257,-0.363840,1.948088
0.963471,-0.356530,1.935838
0.953298,-0.349765,1.923840
0.943683,-0.343496,1.912075
0.934574,-0.337675,1.900526
0.925924,-0.332261,1.889177
0.917693,-0.327215,1.878014
0.909842,-0.322505,1.867024
0.902337,-0.318097,1.856195
0.895147,-0.313965,1.845517
0.888244,-0.310083,1.834979
0.881602,-0.306428,1.824573
0.875199,-0.302979,1.814292
0.869014,-0.299718,1.804127
0.863028,-0.296626,1.794073
0.857223,-0.293690,1.784123
0.851585,-0.290895,1.774272
0.846100,-0.288227,1.764515
0.840754,-0.285677,1.754848
0.835537,-0.283233,1.745266
0.830437,-0.280886,1.735766
0.825446,-0.278628,1.726344
0.820556,-0.276451,1.716998
0.815757,-0.274347,1.707724
0.811044,-0.272312,1.698520
0.806410,-0.270338,1.689384
0.801850,-0.268422,1.680313
0.797357,-0.266557,1.671305
0.792928,-0.264741,1.662359
0.788559,-0.262968,1.653473
0.784244,-0.261237,1.644646
0.779982,-0.259542,1.635875
0.775768,-0.257883,1.627161
0.771599,-0.256255,1.618500
0.767474,-0.254658,1.609894
0.763390,-0.253087,1.601340
0.759344,-0.251543,1.592837
0.755335,-0.250022,1.584385
0.751361,-0.248524,1.575983
0.747420,-0.247047,1.567630
0.743510,-0.245589,1.559326
0.739631,-0.244150,1.551069
0.735782,-0.242728,1.542860
0.731960,-0.241322,1.534697
0.728166,-0.239932,1.526580
0.724397,-0.238557,1.518508
0.720654,-0.237195,1.510482
0.716936,-0.235847,1.502500
0.713241,-0.234512,1.494562
0.709569,-0.233188,1.486668
0.705920,-0.231876,1.478817
0.702294,-0.230576,1.471009
0.698688,-0.229286,1.463244
0.695104,-0.228006,1.455521
0.691541,-0.226737,1.447839
0.687997,-0.225477,1.440200
0.684474,-0.224226,1.432601
0.680970,-0.222985,1.425044
0.677486,-0.221752,1.417527
0.674020,-0.220528,1.410051
0.670574,-0.219313,1.402615
0.667145,-0.218105,1.395218
0.663735,-0.216906,1.387862
0.660344,-0.215715,1.380544
0.656969,-0.214531,1.373266
0.653613,-0.213355,1.366026
0.650274,-0.212186,1.358825
0.646952,-0.211025,1.351663
0.643648,-0.209870,1.344538
0.640360,-0.208723,1.337451
0.637090,-0.207583,1.330403
0.633836,-0.206450,1.323391
0.630599,-0.205324,1.316417
0.627378,-0.204204,1.309480
0.624173,-0.203091,1.302579
0.620985,-0.201985,1.295716
0.617813,-0.200885,1.288888
0.614656,-0.199791,1.282097
0.611516,-0.198704,1.275342
0.608392,-0.197624,1.268623
0.605283,-0.196549,1.261939
0.602190,-0.195481,1.255290
0.599112,-0.194419,1.248677
0.596050,-0.193363,1.242099
0.593003,-0.192313,1.235556
0.589971,-0.191268,1.229047
0.586955,-0.190230,1.222573
0.583953,-0.189198,1.216132
0.580967,-0.188172,1.209726
0.577996,-0.187151,1.203354
0.575039,-0.186137,1.197016
0.572097,-0.185128,1.190711
0.569170,-0.184124,1.184439
0.566258,-0.183126,1.178201
0.563360,-0.182134,1.171996
0.560476,-0.181148,1.165823
0.557607,-0.180167,1.159683
0.554753,-0.179191,1.153575
0.551912,-0.178221,1.147500
0.549086,-0.177257,1.141457
0.546274,-0.176298,1.135446
0.543476,-0.175344,1.129466
0.540691,-0.174395,1.123518
0.537921,-0.173452,1.117602
0.535165,-0.172514,1.111717
0.532422,-0.171581,1.105863
0.529693,-0.170654,1.100039
0.526978,-0.169732,1.094247
0.524277,-0.168814,1.088485
0.521588,-0.167902,1.082754
0.518914,-0.166995,1.077052
0.516253,-0.166093,1.071381
0.513605,-0.165196,1.065740
0.510970,-0.164304,1.060129
0.508348,-0.163417,1.054547
0.505740,-0.162535,1.048995
0.503145,-0.161658,1.043472
0.500562,-0.160785,1.037979
0.497993,-0.159918,1.032514
0.495436,-0.159055,1.027078
0.492893,-0.158197,1.021671
0.490362,-0.157344,1.016292
0.487844,-0.156495,1.010942
0.485338,-0.155651,1.005620
0.482845,-0.154812,1.000326
0.480365,-0.153978,0.995060
0.477896,-0.153148,0.989822
0.475441,-0.152322,0.984611
0.472998,-0.151502,0.979428
0.470566,-0.150685,0.974273
0.468148,-0.149874,0.969144
0.465741,-0.149067,0.964043
0.463346,-0.148264,0.958969
0.460964,-0.147465,0.953921
0.458593,-0.146671,0.948900
0.456235,-0.145882,0.943905
0.453888,-0.145097,0.938937
0.451553,-0.144316,0.933995
0.449230,-0.143539,0.929079
0.446919,-0.142767,0.924189
0.444619,-0.141999,0.919325
0.442331,-0.141235,0.914487
0.440054,-0.140475,0.909674
0.437789,-0.139720,0.904886
0.435535,-0.138969,0.900124
0.433292,-0.138221,0.895387
0.431061,-0.137478,0.890675
0.428841,-0.136739,0.885987
0.426633,-0.136005,0.881325
0.424435,-0.135274,0.876687
0.422249,-0.134547,0.872073
0.420074,-0.133824,0.867484
0.417909,-0.133105,0.862919
0.415756,-0.132390,0.858378
0.413613,-0.131679,0.853861
0.411481,-0.130972,0.849368
0.409360,-0.130269,0.844899
0.407250,-0.129569,0.840453
0.405151,-0.128874,0.836030
0.403062,-0.128182,0.831631
0.400983,-0.127494,0.827255
0.398916,-0.126810,0.822903
0.396858,-0.126130,0.818573
0.394811,-0.125453,0.814266
0.392775,-0.124780,0.809981
0.390748,-0.124111,0.805720
0.388732,-0.123445,0.801480
0.386726,-0.122783,0.797264
0.384731,-0.122125,0.793069
0.382745,-0.121470,0.788896
0.380770,-0.120819,0.784746
0.378804,-0.120171,0.780617
0.376849,-0.119527,0.776510
0.374903,-0.118886,0.772425
0.372968,-0.118249,0.768361
0.371042,-0.117616,0.764319
0.369126,-0.116986,0.760298
0.367219,-0.116359,0.756298
0.365323,-0.115736,0.752320
0.363436,-0.115116,0.748362
0.361558,-0.114499,0.744425
0.359690,-0.113886,0.740509
0.357832,-0.113276,0.736614
0.355983,-0.112670,0.732739
0.354143,-0.112067,0.728884
0.352313,-0.111467,0.725050
0.350492,-0.110870,0.721236
0.348680,-0.110277,0.717442
0.346878,-0.109687,0.713668
0.345084,-0.109100,0.709914
0.343300,-0.108516,0.706180
0.341525,-0.107936,0.702466
0.339759,-0.107359,0.698771
0.338002,-0.106784,0.695095
0.336254,-0.106213,0.691439
0.334515,-0.105645,0.687802
0.332784,-0.105081,0.684185
0.331063,-0.104519,0.680586
0.329350,-0.103960,0.677007
0.327646,-0.103404,0.673446
0.325951,-0.102852,0.669904
0.324264,-0.102302,0.666381
0.322586,-0.101755,0.662876
0.320916,-0.101212,0.659389
0.319255,-0.100671,0.655922
0.317602,-0.100133,0.652472
0.315958,-0.099598,0.649040
0.314323,-0.099066,0.645627
0.312695,-0.098537,0.642232
0.311076,-0.098011,0.638854
0.309465,-0.097487,0.635494
0.307863,-0.096967,0.632152
0.306268,-0.096449,0.628828
0.304682,-0.095934,0.625521
0.303104,-0.095422,0.622231
0.301534,-0.094913,0.618959
0.299971,-0.094406,0.615704
0.298417,-0.093902,0.612467
0.296871,-0.093401,0.609246
0.295333,-0.092903,0.606042
0.293802,-0.092407,0.602855
0.292280,-0.091914,0.599685
0.290765,-0.091424,0.596532
0.289258,-0.090936,0.593395
0.287759,-0.090451,0.590275
0.286267,-0.089969,0.587171
0.284783,-0.089489,0.584083
0.283307,-0.089012,0.581012
0.281838,-0.088537,0.577957
0.280376,-0.088065,0.574918
0.278922,-0.087596,0.571895
0.277476,-0.087129,0.568888
0.276037,-0.086665,0.565897
0.274605,-0.086203,0.562921
0.273181,-0.085743,0.559962
0.271764,-0.085286,0.557017
0.270354,-0.084832,0.554089
0.268952,-0.084380,0.551175
0.267556,-0.083930,0.548278
0.266168,-0.083483,0.545395
0.264787,-0.083039,0.542527
0.263413,-0.082596,0.539675
0.262046,-0.082156,0.536838
0.260686,-0.081719,0.534015
0.259333,-0.081284,0.531208
0.257987,-0.080851,0.528415
0.256648,-0.080420,0.525637
0.255316,-0.079992,0.522873
0.253990,-0.079566,0.520125
0.252672,-0.079143,0.517390
0.251360,-0.078722,0.514670
0.250055,-0.078303,0.511964
0.248756,-0.077886,0.509273
0.247464,-0.077471,0.506596
0.246179,-0.077059,0.503932
0.244901,-0.076649,0.501283
0.243629,-0.076241,0.498648
0.242363,-0.075836,0.496027
0.241104,-0.075432,0.493419
0.239852,-0.075031,0.490825
0.238606,-0.074632,0.488245
0.237366,-0.074235,0.485678
0.236133,-0.073840,0.483125
0.234906,-0.073447,0.480586
0.233686,-0.073057,0.478059
0.232471,-0.072668,0.475547
0.231263,-0.072282,0.473047
0.230061,-0.071898,0.470560
0.228866,-0.071515,0.468087
0.227676,-0.071135,0.465626
0.226493,-0.070757,0.463179
0.225316,-0.070381,0.460744
0.224144,-0.070007,0.458322
0.222979,-0.069635,0.455913
0.221820,-0.069265,0.453517
0.220667,-0.068897,0.451133
0.219519,-0.068531,0.448762
0.218378,-0.068167,0.446403
0.217242,-0.067804,0.444056
0.216113,-0.067444,0.441722
0.214989,-0.067086,0.439401
0.213871,-0.066730,0.437091
0.212758,-0.066375,0.434794
0.211652,-0.066023,0.432509
0.210551,-0.065672,0.430235
0.209456,-0.065323,0.427974
0.208366,-0.064976,0.425725
0.207282,-0.064631,0.423487
0.206204,-0.064288,0.421261
0.205131,-0.063947,0.419047
0.204064,-0.063607,0.416845
0.203002,-0.063270,0.414654
0.201945,-0.062934,0.412475
0.200895,-0.062600,0.410307
0.199849,-0.062268,0.408151
0.198809,-0.061937,0.406006
0.197774,-0.061608,0.403872
0.196745,-0.061281,0.401749
0.195721,-0.060956,0.399638
0.194702,-0.060633,0.397538
0.193689,-0.060311,0.395448
0.192681,-0.059991,0.393370
0.191677,-0.059673,0.391303
0.190680,-0.059356,0.389246
0.189687,-0.059041,0.387201
0.188699,-0.058728,0.385166
0.187717,-0.058417,0.383142
0.186739,-0.058107,0.381128
0.185767,-0.057799,0.379125
0.184800,-0.057492,0.377133
0.183837,-0.057187,0.375151
0.182880,-0.056884,0.373180
0.181927,-0.056582,0.371219
0.180980,-0.056282,0.369268
0.180037,-0.055984,0.367327
0.179099,-0.055687,0.365397
0.178167,-0.055392,0.363477
0.177238,-0.055098,0.361567
0.176315,-0.054806,0.359667
0.175397,-0.054516,0.357777
0.174483,-0.054227,0.355897
0.173574,-0.053939,0.354027
0.172669,-0.053653,0.352166
0.171770,-0.053369,0.350316
0.170875,-0.053086,0.348475
0.169984,-0.052805,0.346644
0.169099,-0.052525,0.344822
0.168217,-0.052247,0.343011
0.167341,-0.051970,0.341208
0.166469,-0.051695,0.339415
0.165601,-0.051421,0.337632
0.164738,-0.051148,0.335858
0.163879,-0.050878,0.334093
0.163025,-0.050608,0.332338
0.162175,-0.050340,0.330591
0.161330,-0.050073,0.328854
0.160489,-0.049808,0.327126
0.159652,-0.049544,0.325407
0.158820,-0.049282,0.323698
0.157992,-0.049021,0.321997
0.157168,-0.048761,0.320305
0.156349,-0.048503,0.318622
0.155533,-0.048246,0.316948
0.154722,-0.047991,0.315283
0.153916,-0.047737,0.313626
0.153113,-0.047484,0.311978
0.152314,-0.047233,0.310339
0.151520,-0.046983,0.308709
0.150730,-0.046734,0.307087
0.149944,-0.046487,0.305473
0.149162,-0.046241,0.303868
0.148384,-0.045996,0.302272
0.147610,-0.045752,0.300683
0.146840,-0.045510,0.299104
0.146074,-0.045270,0.297532
0.145312,-0.045030,0.295969
0.144554,-0.044792,0.294414
0.143800,-0.044555,0.292867
0.143050,-0.044319,0.291329
0.142303,-0.044084,0.289798
0.141561,-0.043851,0.288275
0.140822,-0.043619,0.286761
0.140087,-0.043388,0.285254
0.139356,-0.043159,0.283756
0.138629,-0.042931,0.282265
0.137906,-0.042704,0.280782
0.137186,-0.042478,0.279307
0.136470,-0.042253,0.277840
0.135758,-0.042030,0.276380
0.135050,-0.041807,0.274928
0.134345,-0.041586,0.273484
0.133644,-0.041366,0.272047
0.132946,-0.041147,0.270618
0.132252,-0.040930,0.269196
0.131562,-0.040713,0.267782
0.130875,-0.040498,0.266375
0.130192,-0.040284,0.264976
0.129512,-0.040071,0.263583
0.128836,-0.039859,0.262199
0.128164,-0.039648,0.260821
0.127495,-0.039439,0.259451
0.126829,-0.039230,0.258088
0.126167,-0.039023,0.256732
0.125508,-0.038817,0.255384
0.124853,-0.038612,0.254042
0.124201,-0.038407,0.252708
0.123553,-0.038204,0.251380
0.122907,-0.038003,0.250059
0.122266,-0.037802,0.248746
0.121627,-0.037602,0.247439
0.120992,-0.037403,0.246139
0.120360,-0.037206,0.244846
0.119732,-0.037009,0.243560
0.119106,-0.036813,0.242281
0.118484,-0.036619,0.241008
0.117865,-0.036425,0.239742
0.117250,-0.036233,0.238483
0.116637,-0.036042,0.237230
0.116028,-0.035851,0.235984
0.115422,-0.035662,0.234744
0.114819,-0.035473,0.233511
0.114220,-0.035286,0.232284
0.113623,-0.035100,0.231064
0.113029,-0.034914,0.229850
0.112439,-0.034730,0.228643
0.111851,-0.034546,0.227442
0.111267,-0.034364,0.226247
0.110686,-0.034182,0.225059
0.110108,-0.034002,0.223877
0.109532,-0.033822,0.222701
0.108960,-0.033644,0.221531
0.108391,-0.033466,0.220367
0.107824,-0.033289,0.219210
0.107261,-0.033113,0.218058
0.106700,-0.032939,0.216913
0.106143,-0.032765,0.215774
0.105588,-0.032592,0.214640
0.105036,-0.032419,0.213513
0.104488,-0.032248,0.212391
0.103942,-0.032078,0.211276
0.103398,-0.031909,0.210166
0.102858,-0.031740,0.209062
0.102320,-0.031573,0.207964
0.101786,-0.031406,0.206872
0.101254,-0.031240,0.205785
0.100724,-0.031075,0.204704
0.100198,-0.030911,0.203629
0.099674,-0.030748,0.202559
0.099153,-0.030586,0.201495
0.098635,-0.030424,0.200437
0.098119,-0.030264,0.199384
0.097606,-0.030104,0.198337
0.097096,-0.029945,0.197295
0.096589,-0.029787,0.196259
0.096084,-0.029630,0.195228
0.095581,-0.029474,0.194203
0.095082,-0.029318,0.193183
0.094585,-0.029163,0.192168
0.094090,-0.029009,0.191159
0.093598,-0.028856,0.190155
0.093109,-0.028704,0.189156
0.092622,-0.028553,0.188163
0.092138,-0.028402,0.187174
0.091656,-0.028252,0.186191
0.091177,-0.028103,0.185213
0.090700,-0.027955,0.184240
0.090226,-0.027807,0.183273
0.089754,-0.027661,0.182310
0.089285,-0.027515,0.181353
0.088818,-0.027370,0.180400
0.088353,-0.027225,0.179453
0.087891,-0.027082,0.178510
0.087431,-0.026939,0.177573
0.086974,-0.026797,0.176640
0.086519,-0.026655,0.175712
0.086067,-0.026515,0.174790
0.085617,-0.026375,0.173872
0.085169,-0.026236,0.172958
0.084723,-0.026097,0.172050
0.084280,-0.025960,0.171146
0.083840,-0.025823,0.170248
0.083401,-0.025687,0.169353
0.082965,-0.025551,0.168464
0.082531,-0.025416,0.167579
0.082099,-0.025282,0.166699
0.081670,-0.025149,0.165824
0.081242,-0.025017,0.164953
0.080817,-0.024885,0.164086
0.080395,-0.024753,0.163225
0.079974,-0.024623,0.162367
0.079556,-0.024493,0.161515
0.079139,-0.024364,0.160666
0.078725,-0.024235,0.159823
0.078314,-0.024108,0.158983
0.077904,-0.023981,0.158148
0.077496,-0.023854,0.157318
0.077091,-0.023728,0.156492
0.076687,-0.023603,0.155670
0.076286,-0.023479,0.154852
0.075887,-0.023355,0.154039
0.075490,-0.023232,0.153230
0.075095,-0.023110,0.152425
0.074702,-0.022988,0.151625
0.074311,-0.022867,0.150829
0.073922,-0.022746,0.150036
0.073536,-0.022626,0.149248
0.073151,-0.022507,0.148465
0.072768,-0.022388,0.147685
0.072387,-0.022270,0.146909
0.072008,-0.022153,0.146138
0.071631,-0.022036,0.145370
0.071257,-0.021920,0.144607
0.070884,-0.021805,0.143848
0.070513,-0.021690,0.143092
0.070144,-0.021575,0.142341
0.069777,-0.021462,0.141593
0.069411,-0.021349,0.140850
0.069048,-0.021236,0.140110
0.068687,-0.021124,0.139374
0.068327,-0.021013,0.138642
0.067970,-0.020902,0.137914
0.067614,-0.020792,0.137190
0.067260,-0.020682,0.136470
0.066908,-0.020573,0.135753
0.066558,-0.020465,0.135040
0.066209,-0.020357,0.134331
0.065863,-0.020250,0.133625
0.065518,-0.020143,0.132924
0.065175,-0.020037,0.132226
0.064834,-0.019932,0.131531
0.064494,-0.019827,0.130841
0.064157,-0.019722,0.130153
0.063821,-0.019618,0.129470
0.063487,-0.019515,0.128790
0.063154,-0.019412,0.128114
0.062824,-0.019310,0.127441
0.062495,-0.019208,0.126772
0.062168,-0.019107,0.126106
0.061842,-0.019006,0.125444
0.061518,-0.018906,0.124785
0.061196,-0.018807,0.124130
0.060876,-0.018708,0.123478
0.060557,-0.018609,0.122830
0.060240,-0.018511,0.122185
0.059925,-0.018414,0.121543
0.059611,-0.018317,0.120905
0.059299,-0.018220,0.120270
0.058988,-0.018124,0.119638
0.058679,-0.018029,0.119010
0.058372,-0.017934,0.118385
0.058067,-0.017839,0.117763
0.057763,-0.017745,0.117145
0.057460,-0.017652,0.116530
0.057159,-0.017559,0.115918
0.056860,-0.017466,0.115309
0.056562,-0.017375,0.114704
0.056266,-0.017283,0.114101
0.055971,-0.017192,0.113502
0.055678,-0.017101,0.112906
0.055387,-0.017011,0.112313
0.055096,-0.016922,0.111724
0.054808,-0.016833,0.111137
0.054521,-0.016744,0.110553
0.054235,-0.016656,0.109973
0.053951,-0.016568,0.109395
0.053669,-0.016481,0.108821
0.053388,-0.016394,0.108250
0.053108,-0.016308,0.107681
0.052830,-0.016222,0.107116
0.052553,-0.016137,0.106553
0.052278,-0.016052,0.105994
0.052004,-0.015967,0.105437
0.051732,-0.015883,0.104884
0.051461,-0.015800,0.104333
0.051191,-0.015716,0.103785
0.050923,-0.015634,0.103240
0.050656,-0.015551,0.102698
0.050391,-0.015470,0.102159
0.050127,-0.015388,0.101622
0.049865,-0.015307,0.101089
0.049603,-0.015227,0.100558
0.049344,-0.015146,0.100030
0.049085,-0.015067,0.099505
0.048828,-0.014987,0.098982
0.048572,-0.014908,0.098462
0.048318,-0.014830,0.097945
0.048065,-0.014752,0.097431
0.047813,-0.014674,0.096919
0.047562,-0.014597,0.096411
0.047313,-0.014520,0.095904
0.047065,-0.014444,0.095401
0.046819,-0.014368,0.094900
0.046573,-0.014292,0.094401
0.046329,-0.014217,0.093906
0.046087,-0.014142,0.093413
0.045845,-0.014068,0.092922
0.045605,-0.013994,0.092434
0.045366,-0.013920,0.091949
0.045128,-0.013847,0.091466
0.044892,-0.013774,0.090986
0.044657,-0.013701,0.090508
0.044423,-0.013629,0.090033
0.044190,-0.013558,0.089560
0.043959,-0.013486,0.089090
0.043728,-0.013415,0.088622
0.043499,-0.013345,0.088157
0.043271,-0.013274,0.087694
0.043044,-0.013205,0.087233
0.042819,-0.013135,0.086775
0.042595,-0.013066,0.086320
0.042371,-0.012997,0.085867
0.042149,-0.012929,0.085416
0.041929,-0.012861,0.084967
0.041709,-0.012793,0.084521
0.041490,-0.012726,0.084077
0.041273,-0.012659,0.083636
0.041057,-0.012592,0.083197
0.040841,-0.012526,0.082760
0.040627,-0.012460,0.082325
0.040414,-0.012395,0.081893
0.040203,-0.012329,0.081463
0.039992,-0.012265,0.081035
0.039782,-0.012200,0.080610
0.039574,-0.012136,0.080187
0.039367,-0.012072,0.079766
0.039160,-0.012009,0.079347
0.038955,-0.011945,0.078930
0.038751,-0.011882,0.078516
0.038548,-0.011820,0.078104
0.038346,-0.011758,0.077693
0.038145,-0.011696,0.077286
0.037945,-0.011634,0.076880
0.037746,-0.011573,0.076476
0.037548,-0.011512,0.076075
0.037351,-0.011452,0.075675
0.037156,-0.011392,0.075278
0.036961,-0.011332,0.074883
0.036767,-0.011272,0.074489
0.036575,-0.011213,0.074098
0.036383,-0.011154,0.073709
0.036192,-0.011095,0.073322
0.036002,-0.011037,0.072937
0.035814,-0.010979,0.072554
0.035626,-0.010921,0.072173
0.035439,-0.010863,0.071794
0.035254,-0.010806,0.071417
0.035069,-0.010750,0.071042
0.034885,-0.010693,0.070669
0.034702,-0.010637,0.070298
0.034520,-0.010581,0.069929
0.034339,-0.010525,0.069562
0.034159,-0.010470,0.069197
0.033980,-0.010415,0.068834
0.033802,-0.010360,0.068472
0.033625,-0.010305,0.068113
0.033449,-0.010251,0.067755
0.033273,-0.010197,0.067399
0.033099,-0.010144,0.067045
0.032925,-0.010090,0.066693
0.032753,-0.010037,0.066343
0.032581,-0.009985,0.065995
0.032410,-0.009932,0.065648
0.032240,-0.009880,0.065304
0.032071,-0.009828,0.064961
0.031903,-0.009776,0.064620
0.031736,-0.009725,0.064281
0.031570,-0.009674,0.063943
0.031404,-0.009623,0.063607
0.031240,-0.009572,0.063273
0.031076,-0.009522,0.062941
0.030913,-0.009472,0.062611
0.030751,-0.009422,0.062282
0.030590,-0.009372,0.061955
0.030429,-0.009323,0.061630
0.030270,-0.009274,0.061306
0.030111,-0.009225,0.060984
0.029953,-0.009177,0.060664
0.029796,-0.009129,0.060346
0.029640,-0.009081,0.060029
0.029485,-0.009033,0.059714
0.029330,-0.008985,0.059400
0.029176,-0.008938,0.059088
0.029023,-0.008891,0.058778
0.028871,-0.008844,0.058469
0.028720,-0.008798,0.058162
0.028569,-0.008752,0.057857
0.028419,-0.008706,0.057553
0.028270,-0.008660,0.057251
0.028122,-0.008614,0.056951
0.027975,-0.008569,0.056652
0.027828,-0.008524,0.056354
0.027682,-0.008479,0.056058
0.027537,-0.008435,0.055764
0.027393,-0.008390,0.055471
0.027249,-0.008346,0.055180
0.027106,-0.008302,0.054890
0.026964,-0.008259,0.054602
0.026823,-0.008215,0.054315
0.026682,-0.008172,0.054030
0.026542,-0.008129,0.053747
0.026403,-0.008086,0.053464
0.026264,-0.008044,0.053184
0.026127,-0.008001,0.052904
0.025990,-0.007959,0.052627
0.025853,-0.007918,0.052350
0.025718,-0.007876,0.052076
0.025583,-0.007835,0.051802
0.025449,-0.007793,0.051530
0.025315,-0.007752,0.051260
0.025183,-0.007712,0.050991
0.025051,-0.007671,0.050723
0.024919,-0.007631,0.050457
0.024789,-0.007591,0.050192
0.024659,-0.007551,0.049928
0.024529,-0.007511,0.049666
0.024401,-0.007472,0.049405
0.024273,-0.007432,0.049146
0.024145,-0.007393,0.048888
0.024019,-0.007354,0.048631
0.023893,-0.007316,0.048376
0.023768,-0.007277,0.048122
0.023643,-0.007239,0.047869
0.023519,-0.007201,0.047618
0.023396,-0.007163,0.047368
0.023273,-0.007126,0.047119
0.023151,-0.007088,0.046872
0.023029,-0.007051,0.046626
0.022909,-0.007014,0.046381
0.022789,-0.006977,0.046138
0.022669,-0.006940,0.045895
0.022550,-0.006904,0.045654
0.022432,-0.006867,0.045415
0.022314,-0.006831,0.045176
0.022197,-0.006795,0.044939
0.022081,-0.006760,0.044703
0.021965,-0.006724,0.044468
0.021850,-0.006689,0.044235
0.021735,-0.006654,0.044003
0.021621,-0.006619,0.043772
0.021508,-0.006584,0.043542
0.021395,-0.006549,0.043313
0.021283,-0.006515,0.043086
0.021171,-0.006481,0.042860
0.021060,-0.006447,0.042635
0.020950,-0.006413,0.042411
0.020840,-0.006379,0.042188
0.020731,-0.006346,0.041967
0.020622,-0.006312,0.041746
0.020514,-0.006279,0.041527
0.020406,-0.006246,0.041309
0.020299,-0.006213,0.041092
0.020193,-0.006181,0.040877
0.020087,-0.006148,0.040662
0.019981,-0.006116,0.040449
0.019877,-0.006084,0.040236
0.019772,-0.006052,0.040025
0.019669,-0.006020,0.039815
0.019565,-0.005988,0.039606
0.019463,-0.005957,0.039398
0.019361,-0.005925,0.039191
0.019259,-0.005894,0.038985
0.019158,-0.005863,0.038781
0.019058,-0.005833,0.038577
0.018958,-0.005802,0.038375
0.018858,-0.005771,0.038173
0.018759,-0.005741,0.037973
0.018661,-0.005711,0.037773
0.018563,-0.005681,0.037575
0.018466,-0.005651,0.037378
0.018369,-0.005621,0.037181
0.018273,-0.005592,0.036986
0.018177,-0.005562,0.036792
0.018081,-0.005533,0.036599
0.017987,-0.005504,0.036407
0.017892,-0.005475,0.036216
0.017798,-0.005446,0.036026
0.017705,-0.005418,0.035836
0.017612,-0.005389,0.035648
0.017520,-0.005361,0.035461
0.017428,-0.005333,0.035275
0.017336,-0.005305,0.035090
0.017245,-0.005277,0.034906
0.017155,-0.005249,0.034722
0.017065,-0.005222,0.034540
0.016975,-0.005194,0.034359
0.016886,-0.005167,0.034178
0.016798,-0.005140,0.033999
0.016710,-0.005113,0.033820
0.016622,-0.005086,0.033643
0.016535,-0.005059,0.033466
0.016448,-0.005033,0.033291
0.016362,-0.005006,0.033116
0.016276,-0.004980,0.032942
0.016191,-0.004954,0.032769
0.016106,-0.004928,0.032597
0.016021,-0.004902,0.032426
0.015937,-0.004876,0.032256
0.015854,-0.004850,0.032086
0.015770,-0.004825,0.031918
0.015688,-0.004800,0.031750
0.015605,-0.004774,0.031584
0.015524,-0.004749,0.031418
0.015442,-0.004724,0.031253
0.015361,-0.004699,0.031089
0.015281,-0.004675,0.030926
0.015200,-0.004650,0.030763
0.015121,-0.004626,0.030602
0.015041,-0.004602,0.030441
0.014962,-0.004577,0.030281
0.014884,-0.004553,0.030122
0.014806,-0.004529,0.029964
0.014728,-0.004506,0.029807
0.014651,-0.004482,0.029650
0.014574,-0.004458,0.029495
0.014498,-0.004435,0.029340
0.014422,-0.004412,0.029186
0.014346,-0.004388,0.029033
0.014271,-0.004365,0.028880
0.014196,-0.004342,0.028729
0.014121,-0.004320,0.028578
0.014047,-0.004297,0.028428
0.013973,-0.004274,0.028279
0.013900,-0.004252,0.028130
0.013827,-0.004230,0.027982
0.013755,-0.004207,0.027835
0.013683,-0.004185,0.027689
0.013611,-0.004163,0.027544
0.013539,-0.004141,0.027399
0.013468,-0.004120,0.027256
0.013398,-0.004098,0.027112
0.013327,-0.004076,0.026970
0.013257,-0.004055,0.026829
0.013188,-0.004034,0.026688
0.013119,-0.004013,0.026548
0.013050,-0.003992,0.026408
0.012981,-0.003971,0.026270
0.012913,-0.003950,0.026132
0.012846,-0.003929,0.025994
0.012778,-0.003908,0.025858
0.012711,-0.003888,0.025722
0.012644,-0.003867,0.025587
0.012578,-0.003847,0.025453
0.012512,-0.003827,0.025319
0.012446,-0.003807,0.025186
0.012381,-0.003787,0.025054
0.012316,-0.003767,0.024923
0.012252,-0.003747,0.024792
0.012187,-0.003727,0.024662
0.012123,-0.003708,0.024532
0.012060,-0.003688,0.024403
0.011997,-0.003669,0.024275
0.011934,-0.003650,0.024148
0.011871,-0.003630,0.024021
0.011809,-0.003611,0.023895
0.011747,-0.003592,0.023770
0.011685,-0.003574,0.023645
0.011624,-0.003555,0.023521
0.011563,-0.003536,0.023397
0.011502,-0.003518,0.023274
0.011442,-0.003499,0.023152
0.011382,-0.003481,0.023031
0.011322,-0.003462,0.022910
0.011263,-0.003444,0.022789
0.011204,-0.003426,0.022670
0.011145,-0.003408,0.022551
0.011086,-0.003390,0.022432
0.011028,-0.003372,0.022315
0.010970,-0.003355,0.022197
0.010913,-0.003337,0.022081
0.010855,-0.003320,0.021965
0.010798,-0.003302,0.021850
0.010742,-0.003285,0.021735
0.010685,-0.003268,0.021621
0.010629,-0.003250,0.021507
0.010574,-0.003233,0.021395
0.010518,-0.003216,0.021282
0.010463,-0.003199,0.021170
0.010408,-0.003183,0.021059
0.010353,-0.003166,0.020949
0.010299,-0.003149,0.020839
0.010245,-0.003133,0.020729
0.010191,-0.003116,0.020621
0.010138,-0.003100,0.020512
0.010085,-0.003084,0.020405
0.010032,-0.003067,0.020298
0.009979,-0.003051,0.020191
0.009927,-0.003035,0.020085
0.009875,-0.003019,0.019980
0.009823,-0.003004,0.019875
0.009771,-0.002988,0.019770
0.009720,-0.002972,0.019667
0.009669,-0.002956,0.019563
0.009618,-0.002941,0.019461
0.009568,-0.002925,0.019358
0.009518,-0.002910,0.019257
0.009468,-0.002895,0.019156
0.009418,-0.002880,0.019055
0.009369,-0.002864,0.018955
0.009319,-0.002849,0.018856
0.009271,-0.002834,0.018757
0.009222,-0.002820,0.018658
0.009173,-0.002805,0.018560
0.009125,-0.002790,0.018463
0.009077,-0.002775,0.018366
0.009030,-0.002761,0.018269
0.008982,-0.002746,0.018174
0.008935,-0.002732,0.018078
0.008888,-0.002718,0.017983
0.008842,-0.002703,0.017889
0.008795,-0.002689,0.017795
0.008749,-0.002675,0.017702
0.008703,-0.002661,0.017609
0.008658,-0.002647,0.017516
0.008612,-0.002633,0.017424
0.008567,-0.002619,0.017333
0.008522,-0.002605,0.017242
0.008477,-0.002592,0.017151
0.008433,-0.002578,0.017061
0.008389,-0.002565,0.016972
0.008345,-0.002551,0.016883
0.008301,-0.002538,0.016794
0.008257,-0.002524,0.016706
0.008214,-0.002511,0.016618
0.008171,-0.002498,0.016531
0.008128,-0.002485,0.016444
0.008085,-0.002472,0.016358
0.008043,-0.002459,0.016272
0.008001,-0.002446,0.016186
0.007959,-0.002433,0.016101
0.007917,-0.002420,0.016017
0.007875,-0.002408,0.015933
0.007834,-0.002395,0.015849
0.007793,-0.002382,0.015766
0.007752,-0.002370,0.015683
0.007711,-0.002357,0.015601
0.007671,-0.002345,0.015519
0.007631,-0.002333,0.015438
0.007591,-0.002320,0.015357
0.007551,-0.002308,0.015276
0.007511,-0.002296,0.015196
0.007472,-0.002284,0.015116
0.007433,-0.002272,0.015037
0.007394,-0.002260,0.014958
0.007355,-0.002248,0.014879
0.007316,-0.002236,0.014801
0.007278,-0.002225,0.014723
0.007240,-0.002213,0.014646
0.007202,-0.002201,0.014569
0.007164,-0.002190,0.014493
0.007126,-0.002178,0.014417
0.007089,-0.002167,0.014341
0.007052,-0.002156,0.014266
0.007015,-0.002144,0.014191
0.006978,-0.002133,0.014116
0.006941,-0.002122,0.014042
0.006905,-0.002111,0.013968
0.006868,-0.002100,0.013895
0.006832,-0.002089,0.013822
0.006797,-0.002078,0.013750
0.006761,-0.002067,0.013677
0.006725,-0.002056,0.013606
0.006690,-0.002045,0.013534
0.006655,-0.002034,0.013463
0.006620,-0.002024,0.013392
0.006585,-0.002013,0.013322
0.006551,-0.002002,0.013252
0.006516,-0.001992,0.013183
0.006482,-0.001981,0.013113
0.006448,-0.001971,0.013045
0.006414,-0.001961,0.012976
0.006381,-0.001950,0.012908
0.006347,-0.001940,0.012840
0.006314,-0.001930,0.012773
0.006281,-0.001920,0.012706
0.006248,-0.001910,0.012639
0.006215,-0.001900,0.012573
0.006182,-0.001890,0.012507
0.006150,-0.001880,0.012441
0.006118,-0.001870,0.012376
0.006086,-0.001860,0.012311
0.006054,-0.001850,0.012246
0.006022,-0.001841,0.012182
0.005990,-0.001831,0.012118
0.005959,-0.001821,0.012054
0.005928,-0.001812,0.011991
0.005896,-0.001802,0.011928
0.005866,-0.001793,0.011866
0.005835,-0.001783,0.011803
0.005804,-0.001774,0.011741
0.005774,-0.001765,0.011680
0.005743,-0.001755,0.011618
0.005713,-0.001746,0.011557
0.005683,-0.001737,0.011497
0.005653,-0.001728,0.011436
0.005624,-0.001719,0.011376
0.005594,-0.001710,0.011317
0.005565,-0.001701,0.011257
0.005536,-0.001692,0.011198
0.005507,-0.001683,0.011139
0.005478,-0.001674,0.011081
0.005449,-0.001665,0.011023
0.005420,-0.001657,0.010965
0.005392,-0.001648,0.010907
0.005364,-0.001639,0.010850
0.005335,-0.001631,0.010793
0.005307,-0.001622,0.010736
0.005280,-0.001614,0.010680
0.005252,-0.001605,0.010624
0.005224,-0.001597,0.010568
0.005197,-0.001588,0.010513
0.005170,-0.001580,0.010457
0.005143,-0.001572,0.010403
0.005116,-0.001563,0.010348
0.005089,-0.001555,0.010294
0.005062,-0.001547,0.010240
0.005035,-0.001539,0.010186
0.005009,-0.001531,0.010132
0.004983,-0.001523,0.010079
0.004957,-0.001515,0.010026
0.004931,-0.001507,0.009974
0.004905,-0.001499,0.009921
0.004879,-0.001491,0.009869
0.004853,-0.001483,0.009817
0.004828,-0.001475,0.009766
0.004803,-0.001468,0.009715
0.004777,-0.001460,0.009664
0.004752,-0.001452,0.009613
0.004727,-0.001445,0.009562
0.004702,-0.001437,0.009512
0.004678,-0.001430,0.009462
0.004653,-0.001422,0.009413
0.004629,-0.001415,0.009363
0.004605,-0.001407,0.009314
0.004580,-0.001400,0.009265
0.004556,-0.001392,0.009217
0.004532,-0.001385,0.009168
0.004509,-0.001378,0.009120
0.004485,-0.001371,0.009072
0.004461,-0.001363,0.009025
0.004438,-0.001356,0.008977
0.004415,-0.001349,0.008930
0.004392,-0.001342,0.008883
0.004368,-0.001335,0.008837
0.004346,-0.001328,0.008790
0.004323,-0.001321,0.008744
0.004300,-0.001314,0.008698
0.004278,-0.001307,0.008652
0.004255,-0.001300,0.008607
0.004233,-0.001294,0.008562
0.004211,-0.001287,0.008517
0.004188,-0.001280,0.008472
0.004166,-0.001273,0.008428
0.004145,-0.001267,0.008383
0.004123,-0.001260,0.008339
0.004101,-0.001253,0.008296
0.004080,-0.001247,0.008252
0.004058,-0.001240,0.008209
0.004037,-0.001234,0.008166
0.004016,-0.001227,0.008123
0.003995,-0.001221,0.008080
0.003974,-0.001214,0.008038
0.003953,-0.001208,0.007996
0.003932,-0.001202,0.007954
0.003911,-0.001195,0.007912
0.003891,-0.001189,0.007870
0.003871,-0.001183,0.007829
0.003850,-0.001177,0.007788
0.003830,-0.001170,0.007747
0.003810,-0.001164,0.007706
0.003790,-0.001158,0.007666
0.003770,-0.001152,0.007626
0.003750,-0.001146,0.007586
0.003731,-0.001140,0.007546
0.003711,-0.001134,0.007506
0.003691,-0.001128,0.007467
0.003672,-0.001122,0.007428
0.003653,-0.001116,0.007389
0.003634,-0.001110,0.007350
0.003615,-0.001105,0.007311
0.003596,-0.001099,0.007273
0.003577,-0.001093,0.007235
0.003558,-0.001087,0.007197
0.003539,-0.001082,0.007159
0.003521,-0.001076,0.007121
0.003502,-0.001070,0.007084
0.003484,-0.001065,0.007047
0.003466,-0.001059,0.007010
0.003447,-0.001053,0.006973
0.003429,-0.001048,0.006936
0.003411,-0.001042,0.006900
0.003393,-0.001037,0.006864
0.003376,-0.001031,0.006828
0.003358,-0.001026,0.006792
0.003340,-0.001021,0.006756
0.003323,-0.001015,0.006721
0.003305,-0.001010,0.006685
0.003288,-0.001005,0.006650
0.003271,-0.000999,0.006615
0.003253,-0.000994,0.006581
0.003236,-0.000989,0.006546
0.003219,-0.000984,0.006512
0.003203,-0.000979,0.006478
0.003186,-0.000973,0.006444
0.003169,-0.000968,0.006410
0.003152,-0.000963,0.006376
0.003136,-0.000958,0.006343
0.003119,-0.000953,0.006309
0.003103,-0.000948,0.006276
0.003087,-0.000943,0.006243
0.003071,-0.000938,0.006211
0.003054,-0.000933,0.006178
0.003038,-0.000928,0.006146
0.003022,-0.000924,0.006113
0.003007,-0.000919,0.006081
0.002991,-0.000914,0.006049
0.002975,-0.000909,0.006018
0.002959,-0.000904,0.005986
0.002944,-0.000900,0.005955
0.002928,-0.000895,0.005923
0.002913,-0.000890,0.005892
0.002898,-0.000885,0.005861
0.002883,-0.000881,0.005830
0.002867,-0.000876,0.005800
0.002852,-0.000872,0.005769
0.002837,-0.000867,0.005739
0.002823,-0.000862,0.005709
0.002808,-0.000858,0.005679
0.002793,-0.000853,0.005649
0.002778,-0.000849,0.005620
0.002764,-0.000844,0.005590
0.002749,-0.000840,0.005561
0.002735,-0.000836,0.005532
0.002720,-0.000831,0.005502
0.002706,-0.000827,0.005474
0.002692,-0.000823,0.005445
0.002678,-0.000818,0.005416
0.002664,-0.000814,0.005388
0.002650,-0.000810,0.005360
0.002636,-0.000805,0.005331
0.002622,-0.000801,0.005303
0.002608,-0.000797,0.005276
0.002595,-0.000793,0.005248
0.002581,-0.000789,0.005220
0.002567,-0.000784,0.005193
0.002554,-0.000780,0.005166
0.002541,-0.000776,0.005139
0.002527,-0.000772,0.005112
0.002514,-0.000768,0.005085
0.002501,-0.000764,0.005058
0.002488,-0.000760,0.005032
0.002475,-0.000756,0.005005
0.002462,-0.000752,0.004979
0.002449,-0.000748,0.004953
0.002436,-0.000744,0.004927
0.002423,-0.000740,0.004901
0.002410,-0.000736,0.004875
0.002398,-0.000733,0.004850
0.002385,-0.000729,0.004824
0.002373,-0.000725,0.004799
0.002360,-0.000721,0.004774
0.002348,-0.000717,0.004749
0.002335,-0.000714,0.004724
0.002323,-0.000710,0.004699
0.002311,-0.000706,0.004674
0.002299,-0.000702,0.004650
0.002287,-0.000699,0.004625
0.002275,-0.000695,0.004601
0.002263,-0.000691,0.004577
0.002251,-0.000688,0.004553
0.002239,-0.000684,0.004529
0.002227,-0.000681,0.004505
0.002216,-0.000677,0.004481
0.002204,-0.000673,0.004458
0.002192,-0.000670,0.004434
0.002181,-0.000666,0.004411
0.002170,-0.000663,0.004388
0.002158,-0.000659,0.004365
0.002147,-0.000656,0.004342
0.002136,-0.000652,0.004319
0.002124,-0.000649,0.004297
0.002113,-0.000646,0.004274
0.002102,-0.000642,0.004252
0.002091,-0.000639,0.004229
0.002080,-0.000636,0.004207
0.002069,-0.000632,0.004185
0.002058,-0.000629,0.004163
0.002048,-0.000626,0.004141
0.002037,-0.000622,0.004119
0.002026,-0.000619,0.004098
0.002015,-0.000616,0.004076
0.002005,-0.000613,0.004055
0.001994,-0.000609,0.004034
0.001984,-0.000606,0.004012
0.001973,-0.000603,0.003991
0.001963,-0.000600,0.003970
0.001953,-0.000597,0.003950
0.001943,-0.000594,0.003929
0.001932,-0.000590,0.003908
0.001922,-0.000587,0.003888
0.001912,-0.000584,0.003867
0.001902,-0.000581,0.003847
0.001892,-0.000578,0.003827
0.001882,-0.000575,0.003807
0.001872,-0.000572,0.003787
0.001862,-0.000569,0.003767
0.001853,-0.000566,0.003747
0.001843,-0.000563,0.003727
0.001833,-0.000560,0.003708
0.001824,-0.000557,0.003688
0.001814,-0.000554,0.003669
0.001805,-0.000551,0.003650
0.001795,-0.000548,0.003631
0.001786,-0.000546,0.003612
0.001776,-0.000543,0.003593
0.001767,-0.000540,0.003574
0.001758,-0.000537,0.003555
0.001748,-0.000534,0.003536
0.001739,-0.000531,0.003518
0.001730,-0.000529,0.003499
0.001721,-0.000526,0.003481
0.001712,-0.000523,0.003463
0.001703,-0.000520,0.003444
0.001694,-0.000518,0.003426
0.001685,-0.000515,0.003408
0.001676,-0.000512,0.003391
0.001668,-0.000509,0.003373
0.001659,-0.000507,0.003355
0.001650,-0.000504,0.003337
0.001641,-0.000502,0.003320
0.001633,-0.000499,0.003302
0.001624,-0.000496,0.003285
0.001616,-0.000494,0.003268
0.001607,-0.000491,0.003251
0.001599,-0.000488,0.003234
0.001590,-0.000486,0.003217
0.001582,-0.000483,0.003200
0.001574,-0.000481,0.003183
0.001566,-0.000478,0.003166
0.001557,-0.000476,0.003150
0.001549,-0.000473,0.003133
0.001541,-0.000471,0.003117
0.001533,-0.000468,0.003100
0.001525,-0.000466,0.003084
0.001517,-0.000463,0.003068
0.001509,-0.000461,0.003052
0.001501,-0.000459,0.003036
0.001493,-0.000456,0.003020
0.001485,-0.000454,0.003004
0.001477,-0.000451,0.002988
0.001470,-0.000449,0.002973
0.001462,-0.000447,0.002957
0.001454,-0.000444,0.002941
0.001447,-0.000442,0.002926
0.001439,-0.000440,0.002911
0.001432,-0.000437,0.002895
0.001424,-0.000435,0.002880
0.001417,-0.000433,0.002865
0.001409,-0.000431,0.002850
0.001402,-0.000428,0.002835
0.001394,-0.000426,0.002820
0.001387,-0.000424,0.002805
0.001380,-0.000422,0.002791
0.001373,-0.000419,0.002776
1.012681,-0.166298,1.025211
1.924205,-0.315750,1.947896
2.744829,-0.449775,2.778304
3.483748,-0.569709,3.525657
4.149217,-0.676803,4.198257
4.748644,-0.772218,4.803576
5.288680,-0.857032,5.348339
5.775300,-0.932237,5.838599
6.213872,-0.998744,6.279804
6.609218,-1.057387,6.676856
6.965674,-1.108930,7.034170
7.287136,-1.154067,7.355715
7.577109,-1.193429,7.645068
7.838744,-1.227591,7.905444
8.074875,-1.257073,8.139741
8.288050,-1.282344,8.350563
8.480564,-1.303831,8.540256
8.654478,-1.321917,8.710932
8.811651,-1.336950,8.864490
8.953751,-1.349242,9.002641
9.082283,-1.359075,9.126923
9.198600,-1.366701,9.238721
9.303919,-1.372350,9.339282
9.399337,-1.376226,9.429729
9.485840,-1.378513,9.511070
9.564316,-1.379376,9.584216
9.635565,-1.378965,9.649983
9.700306,-1.377413,9.709109
9.759188,-1.374839,9.762255
9.812793,-1.371350,9.810018
9.861648,-1.367042,9.852936
9.906224,-1.362003,9.891490
9.946949,-1.356309,9.926116
9.984204,-1.350030,9.957204
10.018335,-1.343226,9.985108
10.049654,-1.335955,10.010144
10.078439,-1.328266,10.032597
10.104943,-1.320204,10.052725
10.129393,-1.311807,10.070757
10.151992,-1.303113,10.086903
10.172926,-1.294153,10.101348
10.192359,-1.284955,10.114263
10.210441,-1.275545,10.125798
10.227306,-1.265947,10.136089
10.243074,-1.256180,10.145260
10.257856,-1.246263,10.153421
10.271749,-1.236213,10.160671
10.284841,-1.226043,10.167101
10.297212,-1.215768,10.172790
10.308933,-1.205399,10.177811
10.320069,-1.194946,10.182230
10.330678,-1.184418,10.186104
10.340813,-1.173825,10.189488
10.350520,-1.163174,10.192428
10.359841,-1.152471,10.194967
10.368816,-1.141722,10.197144
10.377478,-1.130933,10.198994
10.385858,-1.120109,10.200547
10.393984,-1.109254,10.201832
10.401882,-1.098371,10.202875
10.409574,-1.087465,10.203697
10.417079,-1.076537,10.204320
10.424418,-1.065592,10.204761
10.431605,-1.054631,10.205038
10.438657,-1.043657,10.205165
10.445586,-1.032671,10.205156
10.452404,-1.021675,10.205022
10.459123,-1.010672,10.204776
10.465752,-0.999661,10.204425
10.472299,-0.988646,10.203981
10.478774,-0.977625,10.203449
10.485182,-0.966602,10.202838
10.491531,-0.955576,10.202154
10.497826,-0.944549,10.201402
10.504072,-0.933521,10.200588
10.510274,-0.922492,10.199717
10.516437,-0.911464,10.198793
10.522563,-0.900437,10.197819
10.528657,-0.889411,10.196799
10.534722,-0.878387,10.195736
10.540760,-0.867365,10.194633
10.546774,-0.856345,10.193492
10.552766,-0.845329,10.192316
10.558739,-0.834315,10.191107
10.564693,-0.823305,10.189866
10.570631,-0.812298,10.188595
10.576554,-0.801295,10.187295
10.582464,-0.790296,10.185969
10.588361,-0.779301,10.184616
10.594247,-0.768310,10.183239
10.600122,-0.757323,10.181838
10.605989,-0.746342,10.180414
10.611846,-0.735364,10.178968
10.617696,-0.724392,10.177500
10.623538,-0.713424,10.176011
10.629374,-0.702461,10.174503
10.635203,-0.691503,10.172974
10.641027,-0.680551,10.171426
10.646845,-0.669603,10.169860
10.652659,-0.658661,10.168275
10.658468,-0.647723,10.166672
10.664272,-0.636791,10.165051
10.670073,-0.625865,10.163412
10.675870,-0.614944,10.161757
10.681663,-0.604028,10.160084
10.687453,-0.593118,10.158394
10.693240,-0.582213,10.156688
10.699024,-0.571314,10.154966
10.704805,-0.560421,10.153227
10.710583,-0.549533,10.151472
10.716359,-0.538651,10.149701
10.722132,-0.527775,10.147915
10.727903,-0.516904,10.146112
10.733671,-0.506039,10.144294
10.739438,-0.495180,10.142460
10.745202,-0.484327,10.140611
10.750964,-0.473480,10.138746
10.756724,-0.462638,10.136866
10.762482,-0.451803,10.134970
10.768238,-0.440973,10.133060
10.773992,-0.430150,10.131134
10.779744,-0.419332,10.129193
10.785494,-0.408521,10.127237
10.791243,-0.397715,10.125266
10.796990,-0.386916,10.123280
10.802735,-0.376123,10.121279
10.808478,-0.365336,10.119263
10.814219,-0.354555,10.117232
10.819959,-0.343780,10.115186
10.825697,-0.333012,10.113125
10.831434,-0.322249,10.111050
10.837168,-0.311493,10.108960
10.842901,-0.300744,10.106855
10.848633,-0.290000,10.104735
10.854363,-0.279263,10.102601
10.860091,-0.268532,10.100451
10.865817,-0.257808,10.098288
10.871542,-0.247090,10.096109
10.877265,-0.236378,10.093916
10.882987,-0.225673,10.091709
10.888707,-0.214975,10.089486
10.894425,-0.204282,10.087249
10.900142,-0.193597,10.084998
10.905857,-0.182918,10.082732
10.911570,-0.172245,10.080452
10.917282,-0.161579,10.078157
10.922992,-0.150920,10.075847
10.928701,-0.140267,10.073523
10.934408,-0.129621,10.071185
10.940113,-0.118982,10.068832
10.945817,-0.108349,10.066465
10.951520,-0.097723,10.064083
10.957220,-0.087104,10.061687
10.962919,-0.076491,10.059277
10.968616,-0.065885,10.056852
10.974312,-0.055286,10.054413
10.980006,-0.044694,10.051960
10.985699,-0.034109,10.049492
10.991390,-0.023531,10.047010
10.997079,-0.012959,10.044514
11.002767,-0.002395,10.042003
11.008453,0.008163,10.039478
11.014137,0.018713,10.036939
11.019820,0.029257,10.034386
11.025501,0.039794,10.031819
11.031180,0.050323,10.029237
11.036858,0.060846,10.026641
11.042534,0.071361,10.024031
11.048209,0.081870,10.021407
11.053882,0.092371,10.018769
11.059553,0.102865,10.016117
11.065223,0.113352,10.013450
11.070891,0.123832,10.010770
11.076557,0.134304,10.008075
11.082222,0.144770,10.005367
11.087885,0.155228,10.002644
11.093547,0.165679,9.999907
11.099207,0.176122,9.997157
11.104865,0.186558,9.994392
11.110521,0.196987,9.991613
11.116176,0.207409,9.988821
11.121829,0.217823,9.986014
11.127481,0.228230,9.983194
11.133130,0.238629,9.980360
11.138779,0.249021,9.977511
11.144425,0.259405,9.974649
11.150070,0.269782,9.971773
11.155713,0.280152,9.968883
11.161355,0.290514,9.965980
11.166994,0.300868,9.963062
11.172632,0.311215,9.960131
11.178269,0.321554,9.957186
11.183904,0.331886,9.954227
11.189537,0.342210,9.951255
11.195168,0.352526,9.948268
11.200798,0.362835,9.945268
11.206426,0.373135,9.942255
11.212052,0.383429,9.939227
11.217677,0.393714,9.936186
11.223300,0.403992,9.933132
11.228921,0.414262,9.930063
11.234540,0.424524,9.926981
11.240158,0.434778,9.923886
11.245774,0.445025,9.920776
11.251389,0.455263,9.917654
11.257001,0.465494,9.914517
11.262612,0.475717,9.911368
11.268222,0.485932,9.908204
11.273829,0.496139,9.905027
11.279435,0.506338,9.901837
11.285039,0.516529,9.898633
11.290642,0.526712,9.895416
11.296242,0.536886,9.892185
11.301841,0.547053,9.888941
11.307438,0.557212,9.885684
11.313034,0.567363,9.882413
11.318628,0.577505,9.879128
11.324220,0.587640,9.875831
11.329810,0.597766,9.872520
11.335399,0.607884,9.869195
11.340985,0.617994,9.865858
11.346570,0.628096,9.862507
11.352154,0.638190,9.859143
11.357735,0.648275,9.855765
11.363315,0.658352,9.852375
11.368893,0.668421,9.848971
11.374470,0.678481,9.845554
11.380044,0.688533,9.842123
11.385617,0.698577,9.838680
11.391188,0.708612,9.835223
11.396757,0.718639,9.831754
11.402325,0.728657,9.828271
11.407891,0.738668,9.824775
11.413455,0.748669,9.821266
11.419017,0.758662,9.817744
11.424577,0.768647,9.814209
11.430136,0.778623,9.810660
11.435693,0.788591,9.807099
11.441248,0.798550,9.803525
11.446801,0.808500,9.799938
11.452353,0.818442,9.796338
11.457903,0.828375,9.792725
11.463451,0.838300,9.789099
11.468997,0.848216,9.785460
11.474542,0.858123,9.781808
11.480084,0.868022,9.778143
11.485625,0.877912,9.774466
11.491164,0.887793,9.770776
11.496701,0.897665,9.767072
11.502237,0.907529,9.763356
11.507771,0.917384,9.759628
11.513302,0.927230,9.755886
11.518832,0.937067,9.752132
11.524361,0.946896,9.748365
11.529887,0.956715,9.744585
11.535412,0.966526,9.740793
11.540935,0.976328,9.736988
11.546456,0.986120,9.733170
11.551975,0.995904,9.729340
11.557492,1.005679,9.725497
11.563008,1.015445,9.721641
11.568522,1.025202,9.717773
11.574033,1.034950,9.713892
11.579543,1.044689,9.709999
11.585052,1.054419,9.706093
11.590558,1.064140,9.702175
11.596063,1.073851,9.698244
11.601566,1.083554,9.694301
11.607066,1.093247,9.690345
11.612565,1.102932,9.686377
11.618063,1.112607,9.682396
11.623558,1.122273,9.678403
11.629052,1.131929,9.674398
11.634543,1.141577,9.670380
11.640033,1.151215,9.666350
11.645521,1.160844,9.662307
11.651007,1.170464,9.658253
11.656492,1.180074,9.654186
11.661974,1.189675,9.650106
11.667455,1.199267,9.646015
11.672933,1.208850,9.641911
11.678410,1.218423,9.637795
11.683885,1.227986,9.633667
11.689358,1.237541,9.629526
11.694830,1.247086,9.625374
11.700299,1.256621,9.621209
11.705767,1.266147,9.617032
11.711232,1.275663,9.612844
11.716696,1.285170,9.608643
11.722158,1.294668,9.604430
11.727618,1.304156,9.600204
11.733076,1.313634,9.595967
11.738532,1.323103,9.591718
11.743987,1.332562,9.587457
11.749439,1.342012,9.583184
11.754890,1.351452,9.578899
11.760338,1.360882,9.574602
11.765785,1.370303,9.570293
11.771230,1.379714,9.565973
11.776673,1.389115,9.561640
11.782114,1.398507,9.557296
11.787553,1.407889,9.552939
11.792990,1.417261,9.548571
11.798426,1.426623,9.544191
11.803859,1.435976,9.539800
11.809291,1.445319,9.535396
11.814720,1.454652,9.530981
11.820148,1.463975,9.526554
11.825574,1.473288,9.522116
11.830998,1.482592,9.517665
11.836420,1.491886,9.513204
11.841840,1.501169,9.508730
11.847258,1.510443,9.504245
11.852674,1.519707,9.499748
11.858089,1.528961,9.495240
11.863501,1.538205,9.490720
11.868911,1.547439,9.486189
11.874320,1.556663,9.481646
11.879726,1.565876,9.477091
11.885131,1.575080,9.472525
11.890534,1.584274,9.467948
11.895934,1.593458,9.463359
11.901333,1.602632,9.458759
11.906730,1.611795,9.454147
11.912125,1.620949,9.449524
11.917518,1.630092,9.444890
11.922909,1.639225,9.440244
11.928298,1.648348,9.435587
11.933685,1.657461,9.430919
11.939070,1.666564,9.426239
11.944453,1.675656,9.421548
11.949834,1.684738,9.416846
11.955213,1.693810,9.412133
11.960591,1.702872,9.407408
11.965966,1.711923,9.402673
11.971339,1.720964,9.397926
11.976711,1.729995,9.393168
11.982080,1.739015,9.388399
11.987448,1.748025,9.383619
11.992813,1.757025,9.378827
11.998176,1.766014,9.374025
12.003538,1.774993,9.369212
12.008897,1.783962,9.364387
12.014255,1.792920,9.359552
12.019610,1.801867,9.354706
12.024964,1.810805,9.349848
12.030315,1.819731,9.344980
12.035665,1.828648,9.340101
12.041013,1.837553,9.335211
12.046358,1.846448,9.330310
12.051702,1.855333,9.325398
12.057043,1.864207,9.320476
12.062383,1.873071,9.315542
12.067720,1.881924,9.310598
12.073056,1.890766,9.305643
12.078389,1.899598,9.300678
12.083721,1.908419,9.295701
12.089050,1.917229,9.290714
12.094378,1.926029,9.285716
12.099703,1.934818,9.280708
12.105027,1.943596,9.275689
12.110348,1.952364,9.270659
12.115668,1.961121,9.265619
12.120985,1.969867,9.260568
12.126300,1.978603,9.255507
12.131614,1.987327,9.250435
12.136925,1.996041,9.245352
12.142234,2.004744,9.240259
12.147542,2.013437,9.235156
12.152847,2.022118,9.230042
12.158150,2.030789,9.224917
12.163451,2.039449,9.219783
12.168750,2.048098,9.214637
12.174047,2.056736,9.209482
12.179342,2.065363,9.204316
12.184635,2.073979,9.199140
12.189926,2.082584,9.193953
12.195215,2.091178,9.188757
12.200502,2.099762,9.183550
12.205787,2.108334,9.178332
12.211069,2.116896,9.173105
12.216350,2.125446,9.167867
12.221629,2.133985,9.162619
12.226905,2.142514,9.157361
12.232180,2.151031,9.152093
12.237452,2.159537,9.146815
12.242722,2.168032,9.141527
12.247990,2.176516,9.136228
12.253257,2.184989,9.130920
12.258521,2.193451,9.125601
12.263783,2.201902,9.120273
12.269043,2.210341,9.114934
12.274301,2.218770,9.109586
12.279556,2.227187,9.104228
12.284810,2.235593,9.098859
12.290062,2.243988,9.093481
12.295311,2.252371,9.088093
12.300559,2.260744,9.082695
12.305804,2.269105,9.077287
12.311047,2.277454,9.071870
12.316288,2.285793,9.066443
12.321528,2.294120,9.061005
12.326765,2.302436,9.055559
12.331999,2.310741,9.050102
12.337232,2.319034,9.044636
12.342463,2.327316,9.039160
12.347691,2.335587,9.033674
12.352918,2.343846,9.028179
12.358142,2.352094,9.022674
12.363364,2.360331,9.017160
12.368584,2.368556,9.011636
12.373802,2.376770,9.006102
12.379018,2.384972,9.000559
12.384232,2.393163,8.995007
12.389444,2.401342,8.989445
12.394653,2.409510,8.983873
12.399861,2.417666,8.978293
12.405066,2.425811,8.972702
12.410269,2.433945,8.967102
12.415470,2.442067,8.961493
12.420669,2.450177,8.955875
12.425866,2.458276,8.950247
12.431060,2.466363,8.944610
12.436253,2.474439,8.938964
12.441443,2.482503,8.933308
12.446631,2.490555,8.927644
12.451817,2.498596,8.921969
12.457001,2.506625,8.916286
12.462183,2.514643,8.910594
12.467362,2.522649,8.904892
12.472540,2.530643,8.899182
12.477715,2.538625,8.893462
12.482888,2.546596,8.887733
12.488059,2.554555,8.881995
12.493228,2.562503,8.876248
12.498395,2.570439,8.870492
12.503559,2.578363,8.864728
12.508722,2.586275,8.858954
12.513882,2.594176,8.853171
12.519040,2.602064,8.847379
12.524195,2.609941,8.841579
12.529349,2.617806,8.835769
12.534501,2.625660,8.829951
12.539650,2.633501,8.824124
12.544797,2.641331,8.818288
12.549942,2.649149,8.812443
12.555085,2.656955,8.806589
12.560225,2.664749,8.800727
12.565364,2.672531,8.794856
12.570500,2.680301,8.788976
12.575634,2.688060,8.783088
12.580766,2.695806,8.777191
12.585895,2.703541,8.771285
12.591023,2.711264,8.765371
12.596148,2.718974,8.759448
12.601271,2.726673,8.753517
12.606392,2.734360,8.747577
12.611510,2.742035,8.741629
12.616627,2.749697,8.735672
12.621741,2.757348,8.729707
12.626853,2.764987,8.723733
12.631963,2.772614,8.717751
12.637070,2.780228,8.711760
12.642176,2.787831,8.705761
12.647279,2.795422,8.699754
12.652380,2.803000,8.693738
12.657479,2.810567,8.687714
12.662575,2.818121,8.681682
12.667669,2.825663,8.675642
12.672762,2.833193,8.669593
12.677851,2.840711,8.663536
12.682939,2.848217,8.657471
12.688024,2.855711,8.651398
12.693107,2.863192,8.645316
12.698188,2.870662,8.639227
12.703267,2.878119,8.633129
12.708344,2.885564,8.627023
12.713418,2.892997,8.620910
12.718490,2.900417,8.614788
12.723559,2.907826,8.608658
12.728627,2.915222,8.602520
12.733692,2.922606,8.596375
12.738755,2.929977,8.590221
12.743816,2.937337,8.584059
12.748874,2.944684,8.577890
12.753930,2.952019,8.571713
12.758984,2.959341,8.565528
12.764036,2.966651,8.559335
12.769086,2.973949,8.553134
12.774133,2.981235,8.546925
12.779178,2.988508,8.540709
12.784220,2.995769,8.534485
12.789261,3.003017,8.528254
12.794299,3.010254,8.522014
12.799335,3.017477,8.515767
12.804368,3.024689,8.509513
12.809399,3.031888,8.503250
12.814428,3.039075,8.496981
12.819455,3.046249,8.490703
12.824480,3.053411,8.484418
12.829502,3.060560,8.478126
12.834522,3.067697,8.471826
12.839539,3.074821,8.465519
12.844555,3.081933,8.459204
12.849568,3.089033,8.452882
12.854579,3.096120,8.446552
12.859587,3.103195,8.440215
12.864593,3.110257,8.433871
12.869597,3.117306,8.427519
12.874599,3.124343,8.421160
12.879598,3.131368,8.414794
12.884595,3.138380,8.408420
12.889589,3.145379,8.402040
12.894582,3.152366,8.395652
12.899572,3.159341,8.389257
12.904560,3.166303,8.382855
12.909545,3.173252,8.376445
12.914528,3.180188,8.370029
12.919509,3.187113,8.363605
12.924487,3.194024,8.357175
12.929464,3.200923,8.350737
12.934437,3.207809,8.344292
12.939409,3.214683,8.337841
12.944378,3.221544,8.331382
12.949345,3.228392,8.324917
12.954310,3.235228,8.318444
12.959272,3.242051,8.311965
12.964232,3.248861,8.305479
12.969189,3.255659,8.298985
12.974144,3.262444,8.292486
12.979097,3.269216,8.285979
12.984048,3.275975,8.279465
12.988996,3.282722,8.272945
12.993942,3.289456,8.266418
12.998886,3.296178,8.259885
13.003827,3.302886,8.253344
13.008766,3.309582,8.246797
13.013702,3.316266,8.240244
13.018636,3.322936,8.233684
13.023568,3.329594,8.227117
13.028497,3.336239,8.220543
13.033424,3.342871,8.213963
13.038349,3.349490,8.207377
13.043271,3.356097,8.200784
13.048191,3.362690,8.194185
13.053109,3.369271,8.187579
13.058024,3.375839,8.180967
13.062937,3.382395,8.174348
13.067848,3.388937,8.167723
13.072756,3.395467,8.161092
13.077662,3.401983,8.154454
13.082565,3.408487,8.147811
13.087466,3.414978,8.141160
13.092365,3.421456,8.134504
13.097261,3.427922,8.127841
13.102155,3.434374,8.121173
13.107047,3.440814,8.114498
13.111936,3.447240,8.107816
13.116822,3.453654,8.101129
13.121707,3.460055,8.094436
13.126589,3.466442,8.087736
13.131468,3.472817,8.081031
13.136346,3.479179,8.074319
13.141220,3.485528,8.067602
13.146093,3.491865,8.060878
13.150963,3.498188,8.054149
13.155830,3.504498,8.047413
13.160696,3.510795,8.040672
13.165558,3.517079,8.033925
13.170419,3.523351,8.027172
13.175277,3.529609,8.020413
13.180132,3.535854,8.013648
13.184985,3.542087,8.006878
13.189836,3.548306,8.000102
13.194685,3.554512,7.993320
13.199530,3.560706,7.986532
13.204374,3.566886,7.979739
13.209215,3.573053,7.972940
13.214054,3.579207,7.966135
13.218890,3.585349,7.959325
13.223724,3.591477,7.952509
13.228555,3.597592,7.945688
13.233384,3.603694,7.938861
13.238211,3.609783,7.932028
13.243035,3.615859,7.925190
13.247856,3.621921,7.918347
13.252675,3.627971,7.911498
13.257492,3.634008,7.904644
13.262307,3.640031,7.897784
13.267119,3.646042,7.890919
13.271928,3.652039,7.884048
13.276735,3.658023,7.877173
13.281540,3.663994,7.870292
13.286342,3.669952,7.863405
13.291141,3.675897,7.856514
13.295939,3.681829,7.849617
13.300733,3.687748,7.842715
13.305526,3.693653,7.835808
13.310315,3.699545,7.828896
13.315103,3.705425,7.821978
13.319888,3.711291,7.815056
13.324670,3.717143,7.808128
13.329450,3.722983,7.801195
13.334228,3.728810,7.794258
13.339003,3.734623,7.787315
13.343776,3.740423,7.780368
13.348546,3.746210,7.773415
13.353313,3.751984,7.766457
13.358079,3.757745,7.759495
13.362841,3.763492,7.752528
13.367601,3.769226,7.745555
13.372359,3.774947,7.738578
13.377115,3.780655,7.731597
13.381867,3.786349,7.724610
13.386618,3.792031,7.717619
13.391365,3.797699,7.710623
13.396111,3.803354,7.703622
13.400854,3.808995,7.696616
13.405594,3.814624,7.689606
13.410332,3.820239,7.682592
13.415067,3.825841,7.675572
13.419800,3.831429,7.668548
13.424530,3.837005,7.661520
13.429258,3.842567,7.654487
13.433984,3.848116,7.647449
13.438707,3.853651,7.640407
13.443427,3.859174,7.633361
13.448145,3.864683,7.626310
13.452860,3.870178,7.619254
13.457573,3.875661,7.612195
13.462283,3.881130,7.605130
13.466991,3.886586,7.598062
13.471696,3.892029,7.590989
13.476399,3.897458,7.583912
13.481099,3.902874,7.576831
13.485797,3.908277,7.569745
13.490492,3.913666,7.562656
13.495185,3.919042,7.555562
13.499875,3.924405,7.548463
13.504563,3.929754,7.541361
13.509248,3.935091,7.534255
13.513931,3.940413,7.527144
13.518611,3.945723,7.520030
13.523288,3.951019,7.512911
13.527963,3.956302,7.505789
13.532636,3.961571,7.498662
13.537306,3.966828,7.491531
13.541973,3.972070,7.484397
13.546638,3.977300,7.477259
13.551300,3.982516,7.470116
13.555960,3.987719,7.462970
13.560617,3.992908,7.455820
13.565272,3.998084,7.448666
13.569924,4.003247,7.441508
13.574573,4.008396,7.434347
13.579220,4.013532,7.427182
13.583865,4.018655,7.420013
13.588506,4.023764,7.412840
13.593146,4.028860,7.405664
13.597782,4.033942,7.398484
13.602417,4.039011,7.391301
13.607048,4.044067,7.384114
13.611677,4.049109,7.376923
13.616304,4.054138,7.369729
13.620928,4.059154,7.362531
13.625549,4.064156,7.355330
13.630168,4.069145,7.348125
13.634784,4.074120,7.340917
13.639398,4.079082,7.333705
13.644009,4.084031,7.326490
13.648617,4.088966,7.319271
13.653223,4.093888,7.312050
13.657826,4.098796,7.304825
13.662427,4.103691,7.297596
13.667025,4.108572,7.290365
13.671621,4.113441,7.283130
13.676214,4.118295,7.275891
13.680804,4.123137,7.268650
13.685392,4.127965,7.261406
13.689977,4.132779,7.254158
13.694559,4.137580,7.246907
13.699139,4.142368,7.239653
13.703717,4.147142,7.232396
13.708292,4.151903,7.225136
13.712864,4.156650,7.217873
13.717433,4.161384,7.210607
13.722000,4.166105,7.203338
13.726565,4.170812,7.196066
13.731126,4.175506,7.188791
13.735685,4.180186,7.181513
13.740242,4.184853,7.174232
13.744796,4.189507,7.166949
13.749347,4.194147,7.159662
13.753896,4.198773,7.152373
13.758442,4.203386,7.145081
13.762985,4.207986,7.137786
13.767526,4.212572,7.130489
13.772064,4.217145,7.123188
13.776600,4.221705,7.115885
13.781133,4.226251,7.108580
13.785663,4.230783,7.101272
13.790191,4.235302,7.093961
13.794716,4.239808,7.086647
13.799238,4.244300,7.079331
13.803758,4.248779,7.072013
13.808275,4.253244,7.064692
13.812789,4.257696,7.057368
13.817301,4.262135,7.050042
13.821810,4.266560,7.042714
13.826317,4.270971,7.035383
13.830821,4.275369,7.028050
13.835322,4.279754,7.020714
13.839821,4.284125,7.013376
13.844317,4.288483,7.006036
13.848810,4.292828,6.998693
13.853301,4.297159,6.991349
13.857789,4.301476,6.984002
13.862274,4.305780,6.976652
13.866757,4.310071,6.969301
13.871237,4.314348,6.961947
13.875714,4.318612,6.954591
13.880189,4.322862,6.947234
13.884661,4.327099,6.939874
13.889130,4.331323,6.932512
13.893597,4.335533,6.925147
13.898061,4.339729,6.917781
13.902522,4.343912,6.910413
13.906981,4.348082,6.903043
13.911437,4.352238,6.895671
13.915890,4.356381,6.888297
13.920341,4.360511,6.880921
13.924789,4.364627,6.873543
13.929234,4.368729,6.866164
13.933676,4.372818,6.858782
13.938116,4.376894,6.851399
13.942554,4.380956,6.844014
13.946988,4.385005,6.836628
13.951420,4.389041,6.829239
13.955849,4.393063,6.821849
13.960276,4.397071,6.814457
13.964699,4.401066,6.807064
13.969120,4.405048,6.799668
13.973539,4.409016,6.792272
13.977954,4.412971,6.784873
13.982367,4.416913,6.777474
13.986778,4.420841,6.770072
13.991185,4.424755,6.762669
13.995590,4.428656,6.755265
13.999992,4.432544,6.747859
14.004392,4.436419,6.740452
14.008788,4.440280,6.733043
14.013182,4.444127,6.725633
14.017574,4.447961,6.718222
14.021962,4.451782,6.710809
14.026348,4.455590,6.703395
14.030731,4.459384,6.695979
14.035112,4.463164,6.688563
14.039489,4.466931,6.681145
14.043864,4.470685,6.673726
14.048237,4.474426,6.666306
14.052606,4.478153,6.658884
14.056973,4.481866,6.651462
14.061337,4.485566,6.644038
14.065698,4.489253,6.636613
14.070057,4.492927,6.629187
14.074413,4.496587,6.621760
14.078766,4.500234,6.614333
14.083116,4.503867,6.606904
14.087464,4.507487,6.599474
14.091809,4.511093,6.592043
14.096151,4.514687,6.584611
14.100491,4.518267,6.577179
14.104827,4.521833,6.569745
14.109161,4.525386,6.562311
14.113492,4.528926,6.554876
14.117821,4.532452,6.547440
14.122147,4.535966,6.540003
14.126469,4.539465,6.532565
14.130790,4.542952,6.525127
14.135107,4.546425,6.517688
14.139422,4.549884,6.510249
14.143734,4.553331,6.502808
14.148043,4.556764,6.495367
14.152349,4.560184,6.487926
14.156653,4.563590,6.480484
14.160954,4.566983,6.473041
14.165252,4.570363,6.465598
14.169547,4.573729,6.458154
14.173840,4.577082,6.450710
14.178129,4.580422,6.443265
14.182416,4.583749,6.435820
14.186701,4.587062,6.428375
14.190982,4.590362,6.420929
14.195261,4.593648,6.413483
14.199537,4.596922,6.406036
14.203810,4.600182,6.398589
14.208080,4.603428,6.391142
14.212347,4.606662,6.383695
14.216612,4.609882,6.376247
14.220874,4.613089,6.368799
14.225133,4.616283,6.361351
14.229390,4.619463,6.353903
14.233643,4.622630,6.346454
14.237894,4.625784,6.339005
14.242142,4.628925,6.331557
14.246387,4.632052,6.324108
14.250630,4.635166,6.316659
14.254869,4.638267,6.309210
14.259106,4.641354,6.301762
14.263340,4.644429,6.294313
14.267571,4.647490,6.286864
14.271800,4.650538,6.279415
14.276025,4.653573,6.271967
14.280248,4.656594,6.264518
14.284468,4.659602,6.257070
14.288685,4.662597,6.249621
14.292899,4.665579,6.242173
14.297111,4.668548,6.234726
14.301320,4.671503,6.227278
14.305525,4.674446,6.219831
14.309728,4.677375,6.212384
14.313929,4.680291,6.204937
14.318126,4.683193,6.197490
14.322321,4.686083,6.190044
14.326512,4.688959,6.182599
14.330701,4.691822,6.175153
14.334887,4.694673,6.167709
14.339071,4.697509,6.160264
14.343251,4.700333,6.152820
14.347429,4.703144,6.145377
14.351603,4.705941,6.137934
14.355775,4.708726,6.130491
14.359945,4.711497,6.123049
14.364111,4.714255,6.115608
14.368274,4.717000,6.108168
14.372435,4.719732,6.100728
14.376592,4.722451,6.093288
14.380747,4.725156,6.085850
14.384899,4.727849,6.078412
14.389048,4.730529,6.070974
14.393195,4.733195,6.063538
14.397338,4.735848,6.056102
14.401479,4.738489,6.048667
14.405617,4.741116,6.041233
14.409752,4.743730,6.033800
14.413884,4.746331,6.026368
14.418013,4.748919,6.018936
14.422139,4.751494,6.011506
14.426263,4.754056,6.004076
14.430383,4.756605,5.996647
14.434501,4.759141,5.989220
14.438616,4.761664,5.981793
14.442728,4.764174,5.974368
14.446837,4.766671,5.966943
14.450943,4.769154,5.959520
14.455047,4.771625,5.952097
14.459147,4.774083,5.944676
14.463245,4.776528,5.937256
14.467339,4.778960,5.929837
14.471431,4.781379,5.922419
14.475520,4.783785,5.915003
14.479606,4.786178,5.907588
14.483690,4.788558,5.900174
14.487770,4.790925,5.892761
14.491847,4.793279,5.885350
14.495922,4.795621,5.877940
14.499994,4.797949,5.870531
14.504062,4.800264,5.863124
14.508128,4.802567,5.855718
14.512191,4.804857,5.848313
14.516251,4.807133,5.840910
14.520309,4.809397,5.833509
14.524363,4.811648,5.826109
14.528414,4.813886,5.818710
14.532463,4.816111,5.811313
14.536508,4.818324,5.803918
14.540551,4.820523,5.796524
14.544591,4.822710,5.789132
14.548628,4.824884,5.781741
14.552662,4.827044,5.774352
14.556693,4.829193,5.766965
14.560721,4.831328,5.759580
14.564746,4.833450,5.752196
14.568769,4.835560,5.744814
14.572788,4.837657,5.737434
14.576805,4.839741,5.730055
14.580818,4.841812,5.722679
14.584829,4.843871,5.715304
14.588837,4.845917,5.707931
14.592841,4.847950,5.700560
14.596843,4.849970,5.693191
14.600842,4.851977,5.685824
14.604838,4.853972,5.678458
14.608831,4.855954,5.671095
14.612821,4.857924,5.663734
14.616809,4.859880,5.656375
14.620793,4.861824,5.649017
14.624774,4.863755,5.641662
14.628753,4.865674,5.634309
14.632728,4.867580,5.626958
14.636701,4.869473,5.619610
14.640670,4.871353,5.612263
14.644637,4.873221,5.604919
14.648601,4.875076,5.597576
14.652562,4.876919,5.590236
14.656519,4.878749,5.582899
14.660474,4.880566,5.575563
14.664426,4.882370,5.568230
14.668375,4.884162,5.560899
14.672321,4.885942,5.553571
14.676264,4.887709,5.546244
14.680205,4.889463,5.538921
14.684142,4.891205,5.531599
14.688076,4.892934,5.524280
14.692007,4.894650,5.516964
14.695935,4.896354,5.509650
14.699861,4.898046,5.502338
14.703783,4.899725,5.495029
14.707703,4.901391,5.487723
14.711619,4.903045,5.480419
14.715532,4.904686,5.473118
14.719443,4.906315,5.465819
14.723350,4.907932,5.458523
14.727255,4.909536,5.451230
14.731157,4.911127,5.443939
14.735055,4.912706,5.436651
14.738951,4.914272,5.429366
14.742843,4.915827,5.422083
14.746733,4.917368,5.414803
14.750620,4.918897,5.407526
14.754504,4.920414,5.400252
14.758384,4.921919,5.392981
14.762262,4.923411,5.385712
14.766137,4.924890,5.378446
14.770009,4.926357,5.371184
14.773877,4.927812,5.363924
14.777743,4.929255,5.356667
14.781606,4.930685,5.349413
14.785466,4.932103,5.342162
14.789322,4.933508,5.334914
14.793176,4.934901,5.327669
14.797027,4.936282,5.320427
14.800875,4.937651,5.313188
14.804720,4.939007,5.305952
14.808561,4.940351,5.298720
14.812400,4.941683,5.291490
14.816236,4.943002,5.284264
14.820069,4.944309,5.277041
14.823899,4.945604,5.269821
14.827725,4.946887,5.262604
14.831549,4.948157,5.255391
14.835370,4.949415,5.248180
14.839188,4.950661,5.240973
14.843002,4.951895,5.233770
14.846814,4.953117,5.226569
14.850623,4.954326,5.219373
14.854428,4.955524,5.212179
14.858231,4.956709,5.204989
14.862031,4.957882,5.197802
14.865827,4.959043,5.190619
14.869621,4.960192,5.183439
14.873412,4.961328,5.176262
14.877199,4.962453,5.169089
14.880984,4.963565,5.161920
14.884765,4.964666,5.154754
14.888543,4.965754,5.147592
14.892319,4.966830,5.140433
14.896091,4.967894,5.133278
14.899861,4.968946,5.126127
14.903627,4.969987,5.118979
14.907390,4.971015,5.111835
14.911150,4.972031,5.104694
14.914908,4.973035,5.097558
14.918662,4.974027,5.090425
14.922413,4.975007,5.083295
14.926161,4.975975,5.076170
14.929906,4.976932,5.069048
14.933648,4.977876,5.061930
14.937387,4.978808,5.054816
14.941123,4.979729,5.047706
14.944855,4.980637,5.040600
14.948585,4.981534,5.033498
14.952312,4.982419,5.026399
14.956036,4.983292,5.019305
14.959756,4.984153,5.012214
14.963474,4.985002,5.005127
14.967188,4.985839,4.998045
14.970900,4.986665,4.990966
14.974608,4.987478,4.983892
14.978313,4.988280,4.976821
14.982015,4.989070,4.969755
14.985715,4.989848,4.962693
14.989411,4.990615,4.955635
14.993104,4.991370,4.948581
14.996794,4.992113,4.941531
15.000481,4.992844,4.934486
15.004164,4.993564,4.927444
15.007845,4.994271,4.920407
15.011523,4.994968,4.913374
15.015197,4.995652,4.906346
14.543569,4.823021,4.900603
14.092894,4.651995,4.889408
13.661161,4.482433,4.873311
13.246553,4.314207,4.852812
12.847423,4.147204,4.828363
12.462285,3.981322,4.800373
12.089791,3.816469,4.769214
11.728725,3.652563,4.735220
11.377985,3.489531,4.698696
11.036575,3.327305,4.659918
10.703594,3.165825,4.619133
10.378226,3.005038,4.576568
10.059736,2.844894,4.532427
9.747455,2.685351,4.486892
9.440781,2.526367,4.440133
9.139169,2.367907,4.392298
8.842126,2.209938,4.343525
8.549205,2.052432,4.293937
8.260002,1.895361,4.243645
7.974154,1.738701,4.192749
7.691329,1.582431,4.141341
7.411231,1.426531,4.089502
7.133588,1.270982,4.037307
6.858158,1.115769,3.984821
6.589797,0.964309,3.932943
6.344907,0.827787,3.884437
6.121274,0.704765,3.838978
5.916890,0.593945,3.796270
5.729939,0.494152,3.756048
5.558779,0.404325,3.718074
5.401921,0.323505,3.682133
5.258018,0.250822,3.648030
5.125852,0.185493,3.615593
5.004318,0.126809,3.584664
4.892419,0.074127,3.555101
4.789250,0.026870,3.526778
4.693992,-0.015487,3.499581
4.605904,-0.053419,3.473405
4.524317,-0.087352,3.448159
4.448622,-0.117675,3.423757
4.378270,-0.144737,3.400126
4.312764,-0.168853,3.377196
4.251654,-0.190311,3.354907
4.194531,-0.209369,3.333203
4.141027,-0.226260,3.312034
4.090808,-0.241195,3.291356
4.043570,-0.254365,3.271128
3.999041,-0.265943,3.251314
3.956973,-0.276085,3.231881
3.917141,-0.284932,3.212799
3.879342,-0.292610,3.194041
3.843392,-0.299236,3.175583
3.809124,-0.304913,3.157404
3.776388,-0.309735,3.139484
3.745048,-0.313787,3.121805
3.714979,-0.317147,3.104350
3.686070,-0.319882,3.087107
3.658220,-0.322057,3.070060
3.631336,-0.323728,3.053199
3.605336,-0.324946,3.036514
3.580144,-0.325757,3.019993
3.555693,-0.326203,3.003629
3.531919,-0.326322,2.987414
3.508769,-0.326148,2.971340
3.486190,-0.325711,2.955401
3.464137,-0.325041,2.939591
3.442568,-0.324161,2.923905
3.421447,-0.323094,2.908338
3.400737,-0.321861,2.892885
3.380410,-0.320481,2.877542
3.360436,-0.318970,2.862307
3.340790,-0.317343,2.847175
3.321449,-0.315614,2.832143
3.302393,-0.313795,2.817209
3.283601,-0.311897,2.802370
3.265058,-0.309930,2.787624
3.246747,-0.307903,2.772969
3.228655,-0.305824,2.758403
3.210768,-0.303701,2.743924
3.193074,-0.301541,2.729530
3.175564,-0.299348,2.715220
3.158227,-0.297128,2.700992
3.141055,-0.294887,2.686846
3.124039,-0.292628,2.672780
3.107173,-0.290356,2.658792
3.090450,-0.288074,2.644883
3.073863,-0.285784,2.631050
3.057408,-0.283491,2.617293
3.041079,-0.281196,2.603611
3.024872,-0.278901,2.590004
3.008783,-0.276610,2.576470
2.992807,-0.274322,2.563009
2.976942,-0.272041,2.549620
2.961184,-0.269767,2.536302
2.945530,-0.267503,2.523056
2.929977,-0.265248,2.509880
2.914524,-0.263004,2.496773
2.899167,-0.260771,2.483736
2.883905,-0.258552,2.470768
2.868736,-0.256346,2.457867
2.853657,-0.254153,2.445035
2.838668,-0.251975,2.432270
2.823767,-0.249813,2.419572
2.808952,-0.247665,2.406940
2.794222,-0.245533,2.394374
2.779576,-0.243417,2.381873
2.765013,-0.241317,2.369438
2.750531,-0.239234,2.357068
2.736130,-0.237167,2.344762
2.721809,-0.235117,2.332520
2.707566,-0.233084,2.320342
2.693402,-0.231067,2.308227
2.679314,-0.229068,2.296175
2.665303,-0.227085,2.284186
2.651367,-0.225120,2.272259
2.637507,-0.223171,2.260393
2.623721,-0.221240,2.248590
2.610008,-0.219325,2.236847
2.596369,-0.217428,2.225166
2.582802,-0.215547,2.213545
2.569307,-0.213682,2.201984
2.555884,-0.211835,2.190484
2.542532,-0.210004,2.179043
2.529250,-0.208190,2.167661
2.516038,-0.206392,2.156338
2.502896,-0.204610,2.145074
2.489823,-0.202845,2.133869
2.476818,-0.201095,2.122721
2.463882,-0.199362,2.111631
2.451014,-0.197645,2.100599
2.438213,-0.195943,2.089624
2.425478,-0.194257,2.078706
2.412811,-0.192586,2.067844
2.400209,-0.190931,2.057039
2.387674,-0.189291,2.046290
2.375204,-0.187666,2.035597
2.362799,-0.186056,2.024959
2.350458,-0.184460,2.014376
2.338182,-0.182880,2.003848
2.325970,-0.181314,1.993375
2.313822,-0.179763,1.982956
2.301737,-0.178226,1.972591
2.289714,-0.176703,1.962280
2.277755,-0.175194,1.952022
2.265857,-0.173699,1.941818
2.254022,-0.172218,1.931667
2.242248,-0.170751,1.921568
2.230536,-0.169297,1.911522
2.218884,-0.167857,1.901528
2.207293,-0.166430,1.891585
2.195762,-0.165016,1.881695
2.184291,-0.163615,1.871856
2.172880,-0.162227,1.862068
2.161529,-0.160852,1.852330
2.150236,-0.159490,1.842644
2.139002,-0.158140,1.833007
2.127826,-0.156802,1.823421
2.116709,-0.155477,1.813884
2.105649,-0.154164,1.804398
2.094647,-0.152863,1.794960
2.083702,-0.151575,1.785571
2.072815,-0.150298,1.776232
2.061983,-0.149032,1.766940
2.051208,-0.147779,1.757697
2.040489,-0.146537,1.748503
2.029826,-0.145306,1.739356
2.019218,-0.144086,1.730256
2.008666,-0.142878,1.721204
1.998168,-0.141681,1.712199
1.987725,-0.140495,1.703241
1.977336,-0.139320,1.694329
1.967002,-0.138155,1.685464
1.956721,-0.137001,1.676645
1.946493,-0.135858,1.667872
1.936319,-0.134725,1.659144
1.926198,-0.133602,1.650462
1.916129,-0.132490,1.641825
1.906113,-0.131388,1.633233
1.896149,-0.130296,1.624686
1.886237,-0.129214,1.616183
1.876376,-0.128141,1.607724
1.866567,-0.127079,1.599310
1.856809,-0.126026,1.590939
1.847101,-0.124982,1.582612
1.837444,-0.123949,1.574328
1.827837,-0.122924,1.566088
1.818281,-0.121909,1.557890
1.808774,-0.120903,1.549735
1.799316,-0.119906,1.541623
1.789908,-0.118918,1.533553
1.780549,-0.117940,1.525524
1.771238,-0.116970,1.517538
1.761976,-0.116008,1.509593
1.752763,-0.115056,1.501690
1.743597,-0.114112,1.493828
1.734479,-0.113176,1.486007
1.725408,-0.112250,1.478227
1.716385,-0.111331,1.470487
1.707409,-0.110421,1.462787
1.698479,-0.109518,1.455128
1.689596,-0.108624,1.447509
1.680759,-0.107738,1.439929
1.671968,-0.106860,1.432389
1.663223,-0.105990,1.424888
1.654524,-0.105128,1.417427
1.645870,-0.104273,1.410004
1.637261,-0.103426,1.402620
1.628697,-0.102587,1.395274
1.620177,-0.101755,1.387967
1.611702,-0.100931,1.380698
1.603271,-0.100114,1.373467
1.594884,-0.099304,1.366273
1.586541,-0.098502,1.359117
1.578241,-0.097706,1.351999
1.569985,-0.096918,1.344917
1.561771,-0.096137,1.337873
1.553600,-0.095363,1.330865
1.545472,-0.094595,1.323894
1.537386,-0.093835,1.316959
1.529343,-0.093081,1.310061
1.521341,-0.092334,1.303198
1.513381,-0.091593,1.296371
1.505463,-0.090860,1.289580
1.497586,-0.090132,1.282825
1.489750,-0.089411,1.276104
1.481954,-0.088697,1.269419
1.474200,-0.087989,1.262769
1.466486,-0.087287,1.256153
1.458812,-0.086591,1.249572
1.451178,-0.085901,1.243025
1.443584,-0.085218,1.236513
1.436029,-0.084540,1.230034
1.428514,-0.083869,1.223589
1.421039,-0.083203,1.217178
1.413602,-0.082543,1.210801
1.406204,-0.081889,1.204457
1.398844,-0.081241,1.198146
1.391523,-0.080599,1.191867
1.384240,-0.079962,1.185622
1.376995,-0.079331,1.179409
1.369788,-0.078705,1.173229
1.362619,-0.078085,1.167081
1.355487,-0.077470,1.160966
1.348392,-0.076860,1.154882
1.341334,-0.076256,1.148830
1.334313,-0.075657,1.142809
1.327329,-0.075064,1.136820
1.320381,-0.074475,1.130863
1.313469,-0.073892,1.124936
1.306593,-0.073313,1.119040
1.299754,-0.072740,1.113176
1.292950,-0.072172,1.107342
1.286181,-0.071609,1.101538
1.279448,-0.071050,1.095765
1.272750,-0.070497,1.090022
1.266087,-0.069948,1.084309
1.259459,-0.069404,1.078626
1.252865,-0.068865,1.072972
1.246306,-0.068330,1.067348
1.239781,-0.067800,1.061754
1.233290,-0.067274,1.056188
1.226833,-0.066754,1.050652
1.220409,-0.066237,1.045145
1.214019,-0.065725,1.039667
1.207663,-0.065218,1.034217
1.201340,-0.064714,1.028796
1.195050,-0.064216,1.023403
1.188792,-0.063721,1.018038
1.182567,-0.063231,1.012702
1.176375,-0.062745,1.007393
1.170215,-0.062263,1.002112
1.164088,-0.061785,0.996859
1.157992,-0.061311,0.991633
1.151928,-0.060841,0.986434
1.145896,-0.060376,0.981263
1.139895,-0.059914,0.976119
1.133926,-0.059456,0.971001
1.127988,-0.059003,0.965911
1.122081,-0.058553,0.960847
1.116204,-0.058106,0.955809
1.110359,-0.057664,0.950798
1.104544,-0.057226,0.945813
1.098759,-0.056791,0.940855
1.093005,-0.056360,0.935922
1.087280,-0.055932,0.931015
1.081586,-0.055508,0.926133
1.075921,-0.055088,0.921278
1.070286,-0.054671,0.916447
1.064680,-0.054258,0.911642
1.059104,-0.053848,0.906862
1.053557,-0.053442,0.902107
1.048038,-0.053039,0.897377
1.042549,-0.052640,0.892672
1.037088,-0.052244,0.887991
1.031656,-0.051851,0.883335
1.026252,-0.051462,0.878703
1.020877,-0.051075,0.874096
1.015529,-0.050693,0.869512
1.010210,-0.050313,0.864953
1.004918,-0.049936,0.860417
0.999654,-0.049563,0.855905
0.994417,-0.049193,0.851417
0.989208,-0.048826,0.846953
0.984026,-0.048462,0.842511
0.978871,-0.048101,0.838093
0.973743,-0.047743,0.833698
0.968642,-0.047388,0.829326
0.963568,-0.047036,0.824977
0.958520,-0.046686,0.820651
0.953498,-0.046340,0.816347
0.948503,-0.045997,0.812066
0.943534,-0.045656,0.807807
0.938591,-0.045319,0.803571
0.933674,-0.044984,0.799357
0.928782,-0.044652,0.795165
0.923916,-0.044322,0.790995
0.919075,-0.043996,0.786846
0.914260,-0.043672,0.782720
0.909470,-0.043351,0.778615
0.904705,-0.043032,0.774531
0.899965,-0.042716,0.770469
0.895249,-0.042403,0.766428
0.890558,-0.042092,0.762409
0.885892,-0.041784,0.758410
0.881250,-0.041478,0.754432
0.876633,-0.041175,0.750475
0.872040,-0.040874,0.746539
0.867470,-0.040576,0.742624
0.862925,-0.040280,0.738729
0.858403,-0.039987,0.734854
0.853905,-0.039696,0.731000
0.849431,-0.039407,0.727166
0.844980,-0.039121,0.723352
0.840552,-0.038837,0.719558
0.836147,-0.038555,0.715784
0.831766,-0.038276,0.712029
0.827407,-0.037999,0.708295
0.823071,-0.037724,0.704579
0.818758,-0.037452,0.700884
0.814467,-0.037181,0.697207
0.810199,-0.036913,0.693550
0.805953,-0.036647,0.689912
0.801729,-0.036383,0.686294
0.797528,-0.036122,0.682694
0.793348,-0.035862,0.679113
0.789190,-0.035605,0.675550
0.785055,-0.035349,0.672007
0.780940,-0.035096,0.668482
0.776847,-0.034845,0.664975
0.772776,-0.034595,0.661487
0.768726,-0.034348,0.658017
0.764697,-0.034103,0.654565
0.760689,-0.033859,0.651132
0.756702,-0.033618,0.647716
0.752736,-0.033379,0.644318
0.748791,-0.033141,0.640938
0.744867,-0.032905,0.637576
0.740963,-0.032672,0.634232
0.737079,-0.032440,0.630905
0.733216,-0.032210,0.627595
0.729373,-0.031982,0.624303
0.725550,-0.031755,0.621028
0.721747,-0.031531,0.617770
0.717964,-0.031308,0.614529
0.714200,-0.031087,0.611305
0.710457,-0.030868,0.608098
0.706733,-0.030650,0.604908
0.703028,-0.030434,0.601735
0.699343,-0.030220,0.598578
0.695677,-0.030008,0.595438
0.692031,-0.029797,0.592314
0.688403,-0.029588,0.589207
0.684795,-0.029381,0.586115
0.681205,-0.029175,0.583041
0.677634,-0.028971,0.579982
0.674082,-0.028768,0.576939
0.670549,-0.028567,0.573912
0.667033,-0.028368,0.570901
0.663537,-0.028170,0.567906
0.660058,-0.027974,0.564927
0.656598,-0.027779,0.561963
0.653156,-0.027586,0.559015
0.649732,-0.027394,0.556082
0.646326,-0.027204,0.553164
0.642938,-0.027015,0.550262
0.639567,-0.026828,0.547375
0.636214,-0.026642,0.544503
0.632879,-0.026458,0.541647
0.629561,-0.026275,0.538805
0.626261,-0.026094,0.535978
0.622977,-0.025914,0.533166
0.619711,-0.025735,0.530369
0.616462,-0.025558,0.527586
0.613230,-0.025382,0.524818
0.610015,-0.025207,0.522064
0.606817,-0.025034,0.519325
0.603636,-0.024862,0.516601
0.600471,-0.024692,0.513890
0.597323,-0.024522,0.511194
0.594191,-0.024355,0.508512
0.591076,-0.024188,0.505844
0.587977,-0.024023,0.503190
0.584894,-0.023859,0.500549
0.581827,-0.023696,0.497923
0.578777,-0.023534,0.495311
0.575742,-0.023374,0.492712
0.572724,-0.023215,0.490127
0.569721,-0.023057,0.487555
0.566734,-0.022900,0.484997
0.563762,-0.022745,0.482452
0.560806,-0.022590,0.479921
0.557866,-0.022437,0.477402
0.554940,-0.022285,0.474897
0.552031,-0.022134,0.472406
0.549136,-0.021985,0.469927
0.546257,-0.021836,0.467461
0.543393,-0.021689,0.465008
0.540543,-0.021543,0.462568
0.537709,-0.021397,0.460141
0.534889,-0.021253,0.457727
0.532085,-0.021110,0.455325
0.529295,-0.020969,0.452936
0.526519,-0.020828,0.450559
0.523758,-0.020688,0.448195
0.521012,-0.020549,0.445843
0.518280,-0.020412,0.443504
0.515562,-0.020275,0.441177
0.512858,-0.020139,0.438862
0.510169,-0.020005,0.436559
0.507494,-0.019871,0.434268
0.504833,-0.019739,0.431990
0.502185,-0.019607,0.429723
0.499552,-0.019476,0.427468
0.496932,-0.019347,0.425225
0.494326,-0.019218,0.422993
0.491734,-0.019090,0.420774
0.489155,-0.018964,0.418566
0.486590,-0.018838,0.416370
0.484038,-0.018713,0.414185
0.481500,-0.018589,0.412011
0.478975,-0.018466,0.409849
0.476463,-0.018344,0.407699
0.473964,-0.018223,0.405559
0.471479,-0.018102,0.403431
0.469006,-0.017983,0.401314
0.466547,-0.017864,0.399208
0.464100,-0.017747,0.397113
0.461666,-0.017630,0.395029
0.459245,-0.017514,0.392956
0.456836,-0.017399,0.390894
0.454441,-0.017285,0.388843
0.452057,-0.017171,0.386803
0.449686,-0.017059,0.384773
0.447328,-0.016947,0.382754
0.444982,-0.016836,0.380745
0.442648,-0.016726,0.378747
0.440327,-0.016617,0.376760
0.438017,-0.016508,0.374783
0.435720,-0.016400,0.372816
0.433435,-0.016294,0.370859
0.431162,-0.016187,0.368913
0.428900,-0.016082,0.366977
0.426651,-0.015977,0.365052
0.424413,-0.015874,0.363136
0.422187,-0.015770,0.361230
0.419973,-0.015668,0.359335
0.417770,-0.015567,0.357449
0.415579,-0.015466,0.355573
0.413399,-0.015366,0.353707
0.411231,-0.015266,0.351851
0.409074,-0.015167,0.350004
0.406929,-0.015069,0.348168
0.404794,-0.014972,0.346341
0.402671,-0.014876,0.344523
0.400559,-0.014780,0.342715
0.398458,-0.014685,0.340917
0.396368,-0.014590,0.339127
0.394289,-0.014496,0.337348
0.392221,-0.014403,0.335577
0.390164,-0.014311,0.333816
0.388117,-0.014219,0.332064
0.386082,-0.014128,0.330322
0.384057,-0.014037,0.328588
0.382042,-0.013947,0.326864
0.380038,-0.013858,0.325149
0.378045,-0.013769,0.323442
0.376062,-0.013681,0.321745
0.374089,-0.013594,0.320056
0.372127,-0.013507,0.318377
0.370175,-0.013421,0.316706
0.368233,-0.013336,0.315044
0.366302,-0.013251,0.313390
0.364380,-0.013167,0.311746
0.362469,-0.013083,0.310110
0.360568,-0.013000,0.308482
0.358676,-0.012917,0.306863
0.356795,-0.012836,0.305253
0.354923,-0.012754,0.303651
0.353062,-0.012673,0.302057
0.351210,-0.012593,0.300472
0.349367,-0.012514,0.298895
0.347535,-0.012435,0.297326
0.345712,-0.012356,0.295766
0.343898,-0.012278,0.294214
0.342094,-0.012201,0.292670
0.340300,-0.012124,0.291134
0.338514,-0.012047,0.289606
0.336739,-0.011972,0.288086
0.334972,-0.011896,0.286574
0.333215,-0.011822,0.285070
0.331467,-0.011747,0.283574
0.329728,-0.011674,0.282086
0.327999,-0.011600,0.280605
0.326278,-0.011528,0.279133
0.324566,-0.011456,0.277668
0.322864,-0.011384,0.276210
0.321170,-0.011313,0.274761
0.319485,-0.011242,0.273319
0.317809,-0.011172,0.271884
0.316142,-0.011102,0.270457
0.314483,-0.011033,0.269038
0.312834,-0.010964,0.267626
0.311193,-0.010896,0.266222
0.309560,-0.010828,0.264824
0.307936,-0.010761,0.263434
0.306321,-0.010694,0.262052
0.304714,-0.010627,0.260677
0.303115,-0.010561,0.259308
0.301525,-0.010496,0.257948
0.299943,-0.010431,0.256594
0.298370,-0.010366,0.255247
0.296804,-0.010302,0.253907
0.295247,-0.010238,0.252575
0.293698,-0.010175,0.251249
0.292157,-0.010112,0.249931
0.290625,-0.010050,0.248619
0.289100,-0.009988,0.247314
0.287583,-0.009926,0.246016
0.286075,-0.009865,0.244725
0.284574,-0.009804,0.243440
0.283081,-0.009744,0.242163
0.281596,-0.009684,0.240892
0.280118,-0.009624,0.239628
0.278649,-0.009565,0.238370
0.277187,-0.009507,0.237119
0.275733,-0.009448,0.235874
0.274286,-0.009390,0.234636
0.272847,-0.009333,0.233405
0.271415,-0.009276,0.232180
0.269992,-0.009219,0.230961
0.268575,-0.009162,0.229749
0.267166,-0.009106,0.228543
0.265764,-0.009051,0.227344
0.264370,-0.008996,0.226151
0.262983,-0.008941,0.224964
0.261603,-0.008886,0.223783
0.260231,-0.008832,0.222608
0.258865,-0.008778,0.221440
0.257507,-0.008725,0.220278
0.256156,-0.008672,0.219122
0.254812,-0.008619,0.217972
0.253475,-0.008567,0.216828
0.252145,-0.008515,0.215690
0.250822,-0.008463,0.214558
0.249506,-0.008412,0.213431
0.248197,-0.008361,0.212311
0.246895,-0.008310,0.211197
0.245600,-0.008260,0.210088
0.244311,-0.008210,0.208986
0.243029,-0.008160,0.207889
0.241754,-0.008111,0.206798
0.240486,-0.008062,0.205712
0.239224,-0.008013,0.204633
0.237969,-0.007965,0.203559
0.236720,-0.007917,0.202490
0.235478,-0.007869,0.201428
0.234243,-0.007822,0.200370
0.233014,-0.007775,0.199319
0.231791,-0.007728,0.198273
0.230575,-0.007681,0.197232
0.229365,-0.007635,0.196197
0.228162,-0.007589,0.195167
0.226965,-0.007544,0.194143
0.225774,-0.007499,0.193124
0.224589,-0.007454,0.192110
0.223411,-0.007409,0.191102
0.222238,-0.007365,0.190099
0.221072,-0.007321,0.189101
0.219912,-0.007277,0.188108
0.218758,-0.007233,0.187121
0.217611,-0.007190,0.186139
0.216469,-0.007147,0.185162
0.215333,-0.007105,0.184190
0.214203,-0.007062,0.183223
0.213079,-0.007020,0.182262
0.211961,-0.006978,0.181305
0.210849,-0.006937,0.180353
0.209743,-0.006895,0.179407
0.208642,-0.006854,0.178465
0.207547,-0.006814,0.177528
0.206458,-0.006773,0.176597
0.205375,-0.006733,0.175670
0.204297,-0.006693,0.174748
0.203225,-0.006653,0.173831
0.202159,-0.006614,0.172918
0.201098,-0.006575,0.172011
0.200043,-0.006536,0.171108
0.198993,-0.006497,0.170210
0.197949,-0.006459,0.169316
0.196911,-0.006420,0.168428
0.195877,-0.006382,0.167544
0.194849,-0.006345,0.166664
0.193827,-0.006307,0.165789
0.192810,-0.006270,0.164919
0.191798,-0.006233,0.164054
0.190792,-0.006196,0.163192
0.189791,-0.006160,0.162336
0.188795,-0.006124,0.161484
0.187804,-0.006087,0.160636
0.186819,-0.006052,0.159793
0.185838,-0.006016,0.158954
0.184863,-0.005981,0.158120
0.183893,-0.005946,0.157290
0.182928,-0.005911,0.156465
0.181968,-0.005876,0.155643
0.181013,-0.005841,0.154826
0.180064,-0.005807,0.154014
0.179119,-0.005773,0.153205
0.178179,-0.005739,0.152401
0.177244,-0.005706,0.151601
0.176314,-0.005672,0.150806
0.175389,-0.005639,0.150014
0.174468,-0.005606,0.149227
0.173553,-0.005573,0.148443
0.172642,-0.005541,0.147664
0.171736,-0.005509,0.146889
0.170835,-0.005476,0.146118
0.169938,-0.005444,0.145351
0.169047,-0.005413,0.144588
0.168160,-0.005381,0.143829
0.167277,-0.005350,0.143074
0.166399,-0.005319,0.142324
0.165526,-0.005288,0.141576
0.164658,-0.005257,0.140833
0.163793,-0.005226,0.140094
0.162934,-0.005196,0.139359
0.162079,-0.005166,0.138627
0.161228,-0.005136,0.137900
0.160382,-0.005106,0.137176
0.159541,-0.005076,0.136456
0.158703,-0.005047,0.135740
0.157871,-0.005018,0.135027
0.157042,-0.004989,0.134318
0.156218,-0.004960,0.133613
0.155398,-0.004931,0.132912
0.154583,-0.004903,0.132214
0.153772,-0.004874,0.131521
0.152965,-0.004846,0.130830
0.152162,-0.004818,0.130143
0.151363,-0.004790,0.129460
0.150569,-0.004763,0.128781
0.149779,-0.004735,0.128105
0.148993,-0.004708,0.127432
0.148211,-0.004681,0.126764
0.147433,-0.004654,0.126098
0.146660,-0.004627,0.125436
0.145890,-0.004600,0.124778
0.145124,-0.004574,0.124123
0.144363,-0.004547,0.123471
0.143605,-0.004521,0.122823
0.142852,-0.004495,0.122179
0.142102,-0.004469,0.121537
0.141356,-0.004444,0.120899
0.140614,-0.004418,0.120265
0.139877,-0.004393,0.119634
0.139142,-0.004368,0.119006
0.138412,-0.004343,0.118381
0.137686,-0.004318,0.117760
0.136963,-0.004293,0.117142
0.136245,-0.004268,0.116527
0.135530,-0.004244,0.115915
0.134818,-0.004220,0.115307
0.134111,-0.004196,0.114701
0.133407,-0.004172,0.114099
0.132707,-0.004148,0.113500
0.132010,-0.004124,0.112905
0.131318,-0.004100,0.112312
0.130629,-0.004077,0.111723
0.129943,-0.004054,0.111136
0.129261,-0.004031,0.110553
0.128583,-0.004008,0.109972
0.127908,-0.003985,0.109395
0.127237,-0.003962,0.108821
0.126569,-0.003939,0.108250
0.125905,-0.003917,0.107682
0.125244,-0.003895,0.107116
0.124587,-0.003873,0.106554
0.123933,-0.003851,0.105995
0.123282,-0.003829,0.105438
0.122635,-0.003807,0.104885
0.121992,-0.003785,0.104335
0.121352,-0.003764,0.103787
0.120715,-0.003742,0.103242
0.120081,-0.003721,0.102700
0.119451,-0.003700,0.102161
0.118824,-0.003679,0.101625
0.118201,-0.003658,0.101091
0.117580,-0.003637,0.100561
0.116963,-0.003617,0.100033
0.116349,-0.003596,0.099508
0.115739,-0.003576,0.098986
0.115131,-0.003556,0.098466
0.114527,-0.003536,0.097949
0.113926,-0.003516,0.097435
0.113328,-0.003496,0.096924
0.112733,-0.003476,0.096415
0.112142,-0.003456,0.095909
0.111553,-0.003437,0.095405
0.110968,-0.003417,0.094905
0.110385,-0.003398,0.094406
0.109806,-0.003379,0.093911
0.109230,-0.003360,0.093418
0.108657,-0.003341,0.092928
0.108086,-0.003322,0.092440
0.107519,-0.003303,0.091955
0.106955,-0.003285,0.091472
0.106393,-0.003266,0.090992
0.105835,-0.003248,0.090514
0.105280,-0.003230,0.090039
0.104727,-0.003212,0.089566
0.104177,-0.003193,0.089096
0.103631,-0.003176,0.088629
0.103087,-0.003158,0.088163
0.102546,-0.003140,0.087701
0.102008,-0.003122,0.087240
0.101472,-0.003105,0.086782
0.100940,-0.003087,0.086327
0.100410,-0.003070,0.085874
0.099883,-0.003053,0.085423
0.099359,-0.003036,0.084975
0.098837,-0.003019,0.084529
0.098319,-0.003002,0.084085
0.097803,-0.002985,0.083643
0.097289,-0.002968,0.083204
0.096779,-0.002952,0.082768
0.096271,-0.002935,0.082333
0.095766,-0.002919,0.081901
0.095263,-0.002902,0.081471
0.094763,-0.002886,0.081043
0.094266,-0.002870,0.080618
0.093771,-0.002854,0.080195
0.093279,-0.002838,0.079774
0.092789,-0.002822,0.079355
0.092302,-0.002806,0.078939
0.091818,-0.002791,0.078524
0.091336,-0.002775,0.078112
0.090856,-0.002760,0.077702
0.090380,-0.002744,0.077294
0.089905,-0.002729,0.076889
0.089433,-0.002714,0.076485
0.088964,-0.002699,0.076083
0.088497,-0.002684,0.075684
0.088033,-0.002669,0.075287
0.087571,-0.002654,0.074892
0.087111,-0.002639,0.074499
0.086654,-0.002624,0.074108
0.086199,-0.002610,0.073719
0.085747,-0.002595,0.073332
0.085297,-0.002581,0.072947
0.084849,-0.002566,0.072564
0.084404,-0.002552,0.072183
0.083961,-0.002538,0.071804
0.083520,-0.002524,0.071427
0.083082,-0.002510,0.071052
0.082646,-0.002496,0.070679
0.082212,-0.002482,0.070308
0.081780,-0.002468,0.069939
0.081351,-0.002455,0.069572
0.080924,-0.002441,0.069207
0.080499,-0.002428,0.068844
0.080077,-0.002414,0.068482
0.079657,-0.002401,0.068123
0.079239,-0.002387,0.067765
0.078823,-0.002374,0.067409
0.078409,-0.002361,0.067056
0.077997,-0.002348,0.066704
0.077588,-0.002335,0.066353
0.077181,-0.002322,0.066005
0.076776,-0.002309,0.065659
0.076373,-0.002296,0.065314
0.075972,-0.002284,0.064971
0.075573,-0.002271,0.064630
0.075177,-0.002259,0.064291
0.074782,-0.002246,0.063953
0.074390,-0.002234,0.063618
0.073999,-0.002221,0.063284
0.073611,-0.002209,0.062952
0.073224,-0.002197,0.062621
0.072840,-0.002185,0.062292
0.072458,-0.002173,0.061965
0.072077,-0.002161,0.061640
0.071699,-0.002149,0.061317
0.071323,-0.002137,0.060995
0.070948,-0.002125,0.060675
0.070576,-0.002114,0.060356
0.070206,-0.002102,0.060039
0.069837,-0.002090,0.059724
0.069471,-0.002079,0.059411
0.069106,-0.002067,0.059099
0.068743,-0.002056,0.058789
0.068382,-0.002045,0.058480
0.068024,-0.002033,0.058173
0.067667,-0.002022,0.057868
0.067311,-0.002011,0.057564
0.066958,-0.002000,0.057262
0.066607,-0.001989,0.056961
0.066257,-0.001978,0.056662
0.065909,-0.001967,0.056365
0.065563,-0.001957,0.056069
0.065219,-0.001946,0.055775
0.064877,-0.001935,0.055482
0.064536,-0.001925,0.055191
0.064198,-0.001914,0.054901
0.063861,-0.001903,0.054613
0.063526,-0.001893,0.054326
0.063192,-0.001883,0.054041
0.062860,-0.001872,0.053757
0.062531,-0.001862,0.053475
0.062202,-0.001852,0.053194
0.061876,-0.001842,0.052915
0.061551,-0.001832,0.052637
0.061228,-0.001822,0.052361
0.060907,-0.001812,0.052086
0.060587,-0.001802,0.051813
0.060269,-0.001792,0.051541
0.059953,-0.001782,0.051270
0.059638,-0.001772,0.051001
0.059325,-0.001763,0.050733
0.059014,-0.001753,0.050467
0.058704,-0.001743,0.050202
0.058396,-0.001734,0.049939
0.058089,-0.001724,0.049677
0.057784,-0.001715,0.049416
0.057481,-0.001706,0.049156
0.057179,-0.001696,0.048898
0.056879,-0.001687,0.048642
0.056581,-0.001678,0.048386
0.056284,-0.001669,0.048132
0.055988,-0.001660,0.047880
0.055694,-0.001650,0.047628
0.055402,-0.001641,0.047378
0.055111,-0.001633,0.047130
0.054822,-0.001624,0.046882
0.054534,-0.001615,0.046636
0.054248,-0.001606,0.046391
0.053963,-0.001597,0.046148
0.053680,-0.001589,0.045906
0.053398,-0.001580,0.045665
0.053118,-0.001571,0.045425
0.052839,-0.001563,0.045187
0.052562,-0.001554,0.044949
0.052286,-0.001546,0.044713
0.052012,-0.001537,0.044479
0.051739,-0.001529,0.044245
0.051467,-0.001521,0.044013
0.051197,-0.001512,0.043782
0.050928,-0.001504,0.043552
0.050661,-0.001496,0.043324
0.050395,-0.001488,0.043096
0.050130,-0.001480,0.042870
0.049867,-0.001472,0.042645
0.049606,-0.001464,0.042421
0.049345,-0.001456,0.042198
0.049086,-0.001448,0.041977
0.048829,-0.001440,0.041756
0.048572,-0.001432,0.041537
0.048317,-0.001424,0.041319
0.048064,-0.001417,0.041102
0.047811,-0.001409,0.040887
0.047560,-0.001401,0.040672
0.047311,-0.001394,0.040458
0.047063,-0.001386,0.040246
0.046815,-0.001379,0.040035
0.046570,-0.001371,0.039825
0.046325,-0.001364,0.039616
0.046082,-0.001356,0.039408
0.045840,-0.001349,0.039201
0.045600,-0.001342,0.038995
0.045360,-0.001334,0.038790
0.045122,-0.001327,0.038587
0.044885,-0.001320,0.038384
0.044650,-0.001313,0.038183
0.044415,-0.001306,0.037982
0.044182,-0.001299,0.037783
0.043950,-0.001292,0.037585
0.043720,-0.001285,0.037387
0.043490,-0.001278,0.037191
0.043262,-0.001271,0.036996
0.043035,-0.001264,0.036802
0.042809,-0.001257,0.036608
0.042584,-0.001250,0.036416
0.042361,-0.001243,0.036225
0.042138,-0.001237,0.036035
0.041917,-0.001230,0.035846
0.041697,-0.001223,0.035658
0.041478,-0.001217,0.035470
0.041261,-0.001210,0.035284
0.041044,-0.001204,0.035099
0.040829,-0.001197,0.034915
0.040614,-0.001191,0.034732
0.040401,-0.001184,0.034549
0.040189,-0.001178,0.034368
0.039978,-0.001172,0.034187
0.039768,-0.001165,0.034008
0.039560,-0.001159,0.033830
0.039352,-0.001153,0.033652
0.039145,-0.001146,0.033475
0.038940,-0.001140,0.033300
0.038736,-0.001134,0.033125
0.038532,-0.001128,0.032951
0.038330,-0.001122,0.032778
0.038129,-0.001116,0.032606
0.037929,-0.001110,0.032435
0.037730,-0.001104,0.032264
0.037532,-0.001098,0.032095
0.037335,-0.001092,0.031927
0.037139,-0.001086,0.031759
0.036944,-0.001080,0.031592
0.036750,-0.001074,0.031426
0.036557,-0.001069,0.031262
0.036365,-0.001063,0.031097
0.036174,-0.001057,0.030934
0.035984,-0.001051,0.030772
0.035795,-0.001046,0.030610
0.035607,-0.001040,0.030450
0.035421,-0.001035,0.030290
0.035235,-0.001029,0.030131
0.035050,-0.001023,0.029973
0.034866,-0.001018,0.029815
0.034683,-0.001012,0.029659
0.034501,-0.001007,0.029503
0.034320,-0.001002,0.029348
0.034139,-0.000996,0.029194
0.033960,-0.000991,0.029041
0.033782,-0.000986,0.028888
0.033605,-0.000980,0.028737
0.033428,-0.000975,0.028586
0.033253,-0.000970,0.028436
0.033078,-0.000965,0.028287
0.032905,-0.000959,0.028138
0.032732,-0.000954,0.027990
0.032560,-0.000949,0.027844
0.032389,-0.000944,0.027697
0.032219,-0.000939,0.027552
0.032050,-0.000934,0.027407
0.031882,-0.000929,0.027264
0.031714,-0.000924,0.027120
0.031548,-0.000919,0.026978
0.031382,-0.000914,0.026836
0.031218,-0.000909,0.026696
0.031054,-0.000904,0.026555
0.030891,-0.000899,0.026416
0.030729,-0.000895,0.026277
0.030567,-0.000890,0.026139
0.030407,-0.000885,0.026002
0.030247,-0.000880,0.025866
0.030089,-0.000875,0.025730
0.029931,-0.000871,0.025595
0.029774,-0.000866,0.025461
0.029617,-0.000861,0.025327
0.029462,-0.000857,0.025194
0.029307,-0.000852,0.025062
0.029153,-0.000848,0.024930
0.029000,-0.000843,0.024799
0.028848,-0.000839,0.024669
0.028697,-0.000834,0.024540
0.028546,-0.000830,0.024411
0.028396,-0.000825,0.024283
0.028247,-0.000821,0.024155
0.028099,-0.000816,0.024028
0.027951,-0.000812,0.023902
0.027805,-0.000808,0.023777
0.027659,-0.000803,0.023652
0.027513,-0.000799,0.023528
0.027369,-0.000795,0.023404
0.027225,-0.000791,0.023281
0.027082,-0.000786,0.023159
0.026940,-0.000782,0.023038
0.026799,-0.000778,0.022917
0.026658,-0.000774,0.022796
0.026518,-0.000770,0.022677
0.026379,-0.000765,0.022558
0.026241,-0.000761,0.022439
0.026103,-0.000757,0.022322
0.025966,-0.000753,0.022204
0.025830,-0.000749,0.022088
0.025694,-0.000745,0.021972
0.025559,-0.000741,0.021857
0.025425,-0.000737,0.021742
0.025292,-0.000733,0.021628
0.025159,-0.000729,0.021514
0.025027,-0.000726,0.021401
0.024895,-0.000722,0.021289
0.024765,-0.000718,0.021177
0.024635,-0.000714,0.021066
0.024505,-0.000710,0.020955
0.024377,-0.000706,0.020845
0.024249,-0.000703,0.020736
0.024122,-0.000699,0.020627
0.023995,-0.000695,0.020519
0.023869,-0.000691,0.020411
0.023744,-0.000688,0.020304
0.023619,-0.000684,0.020197
0.023495,-0.000680,0.020091
0.023372,-0.000677,0.019986
0.023249,-0.000673,0.019881
0.023127,-0.000670,0.019777
0.023006,-0.000666,0.019673
0.022885,-0.000662,0.019570
0.022765,-0.000659,0.019467
0.022645,-0.000655,0.019365
0.022526,-0.000652,0.019263
0.022408,-0.000648,0.019162
0.022291,-0.000645,0.019061
0.022174,-0.000641,0.018961
0.022057,-0.000638,0.018862
0.021941,-0.000635,0.018763
0.021826,-0.000631,0.018664
0.021712,-0.000628,0.018566
0.021598,-0.000625,0.018469
0.021484,-0.000621,0.018372
0.021371,-0.000618,0.018275
0.021259,-0.000615,0.018179
0.021148,-0.000611,0.018084
0.021037,-0.000608,0.017989
0.020926,-0.000605,0.017895
0.020816,-0.000602,0.017801
0.020707,-0.000598,0.017707
0.020598,-0.000595,0.017614
0.020490,-0.000592,0.017522
0.020383,-0.000589,0.017430
0.020276,-0.000586,0.017338
0.020169,-0.000583,0.017247
0.020064,-0.000580,0.017157
0.019958,-0.000576,0.017067
0.019853,-0.000573,0.016977
0.019749,-0.000570,0.016888
0.019646,-0.000567,0.016799
0.019542,-0.000564,0.016711
0.019440,-0.000561,0.016624
0.019338,-0.000558,0.016536
0.019236,-0.000555,0.016449
0.019135,-0.000552,0.016363
0.019035,-0.000549,0.016277
0.018935,-0.000547,0.016192
0.018836,-0.000544,0.016107
0.018737,-0.000541,0.016022
0.018638,-0.000538,0.015938
0.018541,-0.000535,0.015854
0.018443,-0.000532,0.015771
0.018346,-0.000529,0.015688
0.018250,-0.000526,0.015606
0.018154,-0.000524,0.015524
0.018059,-0.000521,0.015443
0.017964,-0.000518,0.015362
0.017870,-0.000515,0.015281
0.017776,-0.000513,0.015201
0.017683,-0.000510,0.015121
0.017590,-0.000507,0.015042
0.017498,-0.000504,0.014963
0.017406,-0.000502,0.014884
0.017314,-0.000499,0.014806
0.017224,-0.000496,0.014728
0.017133,-0.000494,0.014651
0.017043,-0.000491,0.014574
0.016954,-0.000489,0.014498
0.016865,-0.000486,0.014421
0.016776,-0.000483,0.014346
0.016688,-0.000481,0.014270
0.016601,-0.000478,0.014196
0.016513,-0.000476,0.014121
0.016427,-0.000473,0.014047
0.016341,-0.000471,0.013973
0.016255,-0.000468,0.013900
0.016169,-0.000466,0.013827
0.016085,-0.000463,0.013754
0.016000,-0.000461,0.013682
0.015916,-0.000458,0.013610
0.015833,-0.000456,0.013539
0.015749,-0.000454,0.013468
0.015667,-0.000451,0.013397
0.015585,-0.000449,0.013327
0.015503,-0.000446,0.013257
0.015421,-0.000444,0.013187
0.015340,-0.000442,0.013118
0.015260,-0.000439,0.013049
0.015180,-0.000437,0.012981
0.015100,-0.000435,0.012912
0.015021,-0.000432,0.012845
0.014942,-0.000430,0.012777
0.014864,-0.000428,0.012710
0.014786,-0.000425,0.012643
0.014708,-0.000423,0.012577
0.014631,-0.000421,0.012511
0.014554,-0.000419,0.012445
0.014478,-0.000416,0.012380
0.014402,-0.000414,0.012315
0.014326,-0.000412,0.012250
0.014251,-0.000410,0.012186
0.014176,-0.000408,0.012122
0.014102,-0.000406,0.012059
0.014028,-0.000403,0.011995
0.013954,-0.000401,0.011932
0.013881,-0.000399,0.011870
0.013808,-0.000397,0.011807
0.013735,-0.000395,0.011745
0.013663,-0.000393,0.011684
0.013591,-0.000391,0.011622
0.013520,-0.000389,0.011561
0.013449,-0.000387,0.011501
0.013379,-0.000385,0.011440
0.013308,-0.000383,0.011380
0.013239,-0.000381,0.011320
0.013169,-0.000378,0.011261
0.013100,-0.000376,0.011202
0.013031,-0.000374,0.011143
0.012963,-0.000373,0.011085
0.012895,-0.000371,0.011026
0.012827,-0.000369,0.010969
0.012760,-0.000367,0.010911
0.012693,-0.000365,0.010854
0.012626,-0.000363,0.010797
0.012560,-0.000361,0.010740
0.012494,-0.000359,0.010684
0.012428,-0.000357,0.010628
0.012363,-0.000355,0.010572
0.012298,-0.000353,0.010516
0.012234,-0.000351,0.010461
0.012169,-0.000350,0.010406
0.012105,-0.000348,0.010352
0.012042,-0.000346,0.010297
0.011979,-0.000344,0.010243
0.011916,-0.000342,0.010189
0.011853,-0.000340,0.010136
0.011791,-0.000339,0.010083
0.011729,-0.000337,0.010030
0.011668,-0.000335,0.009977
0.011606,-0.000333,0.009925
0.011545,-0.000331,0.009873
0.011485,-0.000330,0.009821
0.011425,-0.000328,0.009769
0.011365,-0.000326,0.009718
0.011305,-0.000324,0.009667
0.011246,-0.000323,0.009616
0.011187,-0.000321,0.009566
0.011128,-0.000319,0.009516
0.011069,-0.000318,0.009466
0.011011,-0.000316,0.009416
0.010954,-0.000314,0.009367
0.010896,-0.000313,0.009317
0.010839,-0.000311,0.009268
0.010782,-0.000309,0.009220
0.010725,-0.000308,0.009171
0.010669,-0.000306,0.009123
0.010613,-0.000304,0.009075
0.010557,-0.000303,0.009028
0.010502,-0.000301,0.008980
0.010447,-0.000300,0.008933
0.010392,-0.000298,0.008886
0.010337,-0.000296,0.008840
0.010283,-0.000295,0.008793
0.010229,-0.000293,0.008747
0.010175,-0.000292,0.008701
0.010122,-0.000290,0.008656
0.010069,-0.000289,0.008610
0.010016,-0.000287,0.008565
0.009963,-0.000286,0.008520
0.009911,-0.000284,0.008475
0.009859,-0.000283,0.008431
0.009807,-0.000281,0.008386
0.009756,-0.000280,0.008342
0.009705,-0.000278,0.008299
0.009654,-0.000277,0.008255
0.009603,-0.000275,0.008212
0.009553,-0.000274,0.008169
0.009503,-0.000272,0.008126
0.009453,-0.000271,0.008083
0.009403,-0.000270,0.008041
0.009354,-0.000268,0.007998
0.009305,-0.000267,0.007956
0.009256,-0.000265,0.007915
0.009207,-0.000264,0.007873
0.009159,-0.000262,0.007832
0.009111,-0.000261,0.007791
0.009063,-0.000260,0.007750
0.009015,-0.000258,0.007709
0.008968,-0.000257,0.007669
0.008921,-0.000256,0.007628
0.008874,-0.000254,0.007588
0.008828,-0.000253,0.007549
0.008781,-0.000252,0.007509
0.008735,-0.000250,0.007470
0.008689,-0.000249,0.007430
0.008644,-0.000248,0.007391
0.008598,-0.000246,0.007352
0.008553,-0.000245,0.007314
0.008508,-0.000244,0.007276
0.008464,-0.000242,0.007237
0.008419,-0.000241,0.007199
0.008375,-0.000240,0.007162
0.008331,-0.000239,0.007124
0.008287,-0.000237,0.007087
0.008244,-0.000236,0.007049
0.008200,-0.000235,0.007012
0.008157,-0.000234,0.006976
0.008115,-0.000232,0.006939
0.008072,-0.000231,0.006902
0.008030,-0.000230,0.006866
0.007988,-0.000229,0.006830
0.007946,-0.000227,0.006794
0.007904,-0.000226,0.006759
0.007862,-0.000225,0.006723
0.007821,-0.000224,0.006688
0.007780,-0.000223,0.006653
0.007739,-0.000222,0.006618
0.007699,-0.000220,0.006583
0.007658,-0.000219,0.006549
0.007618,-0.000218,0.006514
0.007578,-0.000217,0.006480
0.007538,-0.000216,0.006446
0.007499,-0.000215,0.006412
0.007459,-0.000213,0.006379
0.007420,-0.000212,0.006345
0.007381,-0.000211,0.006312
0.007342,-0.000210,0.006279
0.007304,-0.000209,0.006246
0.007266,-0.000208,0.006213
0.007227,-0.000207,0.006180
0.007189,-0.000206,0.006148
0.007152,-0.000205,0.006116
0.007114,-0.000204,0.006083
0.007077,-0.000202,0.006051
0.007040,-0.000201,0.006020
0.007003,-0.000200,0.005988
0.006966,-0.000199,0.005957
0.006929,-0.000198,0.005925
0.006893,-0.000197,0.005894
0.006857,-0.000196,0.005863
0.006821,-0.000195,0.005833
0.006785,-0.000194,0.005802
0.006749,-0.000193,0.005772
0.006714,-0.000192,0.005741
0.006679,-0.000191,0.005711
0.006644,-0.000190,0.005681
0.006609,-0.000189,0.005651
0.006574,-0.000188,0.005622
0.006540,-0.000187,0.005592
0.006505,-0.000186,0.005563
0.006471,-0.000185,0.005534
0.006437,-0.000184,0.005505
0.006403,-0.000183,0.005476
0.006370,-0.000182,0.005447
0.006336,-0.000181,0.005418
0.006303,-0.000180,0.005390
0.006270,-0.000179,0.005362
0.006237,-0.000178,0.005333
0.006204,-0.000177,0.005305
0.006172,-0.000176,0.005278
0.006139,-0.000176,0.005250
0.006107,-0.000175,0.005222
0.006075,-0.000174,0.005195
0.006043,-0.000173,0.005168
0.006011,-0.000172,0.005140
0.005980,-0.000171,0.005114
0.005949,-0.000170,0.005087
0.005917,-0.000169,0.005060
0.005886,-0.000168,0.005033
0.005855,-0.000167,0.005007
0.005825,-0.000167,0.004981
0.005794,-0.000166,0.004955
0.005764,-0.000165,0.004929
0.005733,-0.000164,0.004903
0.005703,-0.000163,0.004877
0.005673,-0.000162,0.004851
0.005644,-0.000161,0.004826
0.005614,-0.000160,0.004801
0.005584,-0.000160,0.004775
0.005555,-0.000159,0.004750
0.005526,-0.000158,0.004725
0.005497,-0.000157,0.004701
0.005468,-0.000156,0.004676
0.005439,-0.000155,0.004651
0.005411,-0.000155,0.004627
0.005382,-0.000154,0.004603
0.005354,-0.000153,0.004578
0.005326,-0.000152,0.004554
0.005298,-0.000151,0.004531
0.005270,-0.000151,0.004507
0.005243,-0.000150,0.004483
0.005215,-0.000149,0.004460
0.005188,-0.000148,0.004436
0.005161,-0.000147,0.004413
0.005133,-0.000147,0.004390
0.005107,-0.000146,0.004367
0.005080,-0.000145,0.004344
0.005053,-0.000144,0.004321
0.005027,-0.000144,0.004298
0.005000,-0.000143,0.004276
0.004974,-0.000142,0.004253
0.004948,-0.000141,0.004231
0.004922,-0.000141,0.004209
0.004896,-0.000140,0.004187
0.004870,-0.000139,0.004165
0.004845,-0.000138,0.004143
0.004819,-0.000138,0.004121
0.004794,-0.000137,0.004099
0.004769,-0.000136,0.004078
0.004744,-0.000136,0.004056
0.004719,-0.000135,0.004035
0.004694,-0.000134,0.004014
0.004669,-0.000133,0.003993
0.004645,-0.000133,0.003972
0.004621,-0.000132,0.003951
0.004596,-0.000131,0.003930
0.004572,-0.000131,0.003910
0.004548,-0.000130,0.003889
0.004524,-0.000129,0.003869
0.004501,-0.000129,0.003848
0.004477,-0.000128,0.003828
0.004453,-0.000127,0.003808
0.004430,-0.000127,0.003788
0.004407,-0.000126,0.003768
0.004384,-0.000125,0.003749
0.004361,-0.000125,0.003729
0.004338,-0.000124,0.003709
0.004315,-0.000123,0.003690
0.004292,-0.000123,0.003670
0.004270,-0.000122,0.003651
0.004247,-0.000121,0.003632
0.004225,-0.000121,0.003613
0.004203,-0.000120,0.003594
0.004181,-0.000119,0.003575
0.004159,-0.000119,0.003556
0.004137,-0.000118,0.003538
0.004115,-0.000117,0.003519
0.004094,-0.000117,0.003501
0.004072,-0.000116,0.003482
0.004051,-0.000116,0.003464
0.004030,-0.000115,0.003446
0.004008,-0.000114,0.003428
0.003987,-0.000114,0.003410
0.003967,-0.000113,0.003392
0.003946,-0.000113,0.003374
0.003925,-0.000112,0.003356
0.003904,-0.000111,0.003339
0.003884,-0.000111,0.003321
0.003864,-0.000110,0.003304
0.003843,-0.000110,0.003286
0.003823,-0.000109,0.003269
0.003803,-0.000109,0.003252
0.003783,-0.000108,0.003235
0.003763,-0.000107,0.003218
0.003743,-0.000107,0.003201
0.003724,-0.000106,0.003184
0.003704,-0.000106,0.003167
0.003685,-0.000105,0.003151
0.003665,-0.000105,0.003134
0.003646,-0.000104,0.003118
0.003627,-0.000104,0.003102
0.003608,-0.000103,0.003085
0.003589,-0.000102,0.003069
0.003570,-0.000102,0.003053
0.003551,-0.000101,0.003037
0.003533,-0.000101,0.003021
0.003514,-0.000100,0.003005
0.003496,-0.000100,0.002989
0.003477,-0.000099,0.002974
0.003459,-0.000099,0.002958
0.003441,-0.000098,0.002942
0.003423,-0.000098,0.002927
0.003405,-0.000097,0.002912
0.003387,-0.000097,0.002896
0.003369,-0.000096,0.002881
0.003352,-0.000096,0.002866
0.003334,-0.000095,0.002851
0.003317,-0.000095,0.002836
0.003299,-0.000094,0.002821
0.003282,-0.000094,0.002806
0.003265,-0.000093,0.002792
0.003248,-0.000093,0.002777
0.003230,-0.000092,0.002762
0.003214,-0.000092,0.002748
0.003197,-0.000091,0.002733
0.003180,-0.000091,0.002719
0.003163,-0.000090,0.002705
0.003147,-0.000090,0.002691
0.003130,-0.000089,0.002677
0.003114,-0.000089,0.002662
0.003097,-0.000088,0.002649
0.003081,-0.000088,0.002635
0.003065,-0.000087,0.002621
0.003049,-0.000087,0.002607
0.003033,-0.000087,0.002593
0.003017,-0.000086,0.002580
0.003001,-0.000086,0.002566
0.002985,-0.000085,0.002553
0.002970,-0.000085,0.002539
0.002954,-0.000084,0.002526
0.002938,-0.000084,0.002513
0.002923,-0.000083,0.002500
0.002908,-0.000083,0.002486
0.002892,-0.000083,0.002473
0.002877,-0.000082,0.002460
0.002862,-0.000082,0.002447
0.002847,-0.000081,0.002435
0.002832,-0.000081,0.002422
0.002817,-0.000080,0.002409
0.002803,-0.000080,0.002396
0.002788,-0.000080,0.002384
0.002773,-0.000079,0.002371
0.002759,-0.000079,0.002359
0.002744,-0.000078,0.002347
0.002730,-0.000078,0.002334
0.002715,-0.000077,0.002322
0.002701,-0.000077,0.002310
0.002687,-0.000077,0.002298
0.002673,-0.000076,0.002286
0.002659,-0.000076,0.002274
0.002645,-0.000075,0.002262
0.002631,-0.000075,0.002250
0.002617,-0.000075,0.002238
0.002603,-0.000074,0.002226
0.002590,-0.000074,0.002215
0.002576,-0.000073,0.002203
0.002563,-0.000073,0.002191
0.002549,-0.000073,0.002180
0.002536,-0.000072,0.002168
0.002523,-0.000072,0.002157
0.002509,-0.000072,0.002146
0.002496,-0.000071,0.002134
0.002483,-0.000071,0.002123
0.002470,-0.000070,0.002112
0.002457,-0.000070,0.002101
0.002444,-0.000070,0.002090
1.962677,0.473164,0.173790
3.729105,0.899036,0.330033
5.318934,1.282373,0.470280
6.749841,1.627452,0.595969
8.037733,1.938114,0.708432
9.196922,2.217814,0.808900
10.240287,2.469658,0.898500
11.179416,2.696436,0.978266
12.024737,2.900659,1.049143
12.785633,3.084584,1.111994
13.470551,3.250243,1.167601
14.087088,3.399461,1.216678
14.642084,3.533881,1.259869
15.141693,3.654983,1.297762
15.591454,3.764095,1.330885
15.996351,3.862414,1.359717
16.360870,3.951017,1.384690
16.689049,4.030873,1.406195
16.984521,4.102854,1.424584
17.250556,4.167745,1.440174
17.490097,4.226253,1.453250
17.705793,4.279012,1.464069
17.900027,4.326595,1.472862
18.074946,4.369517,1.479839
18.232479,4.408242,1.485184
18.374366,4.443187,1.489067
18.502170,4.474727,1.491639
18.617298,4.503201,1.493035
18.721019,4.528913,1.493376
18.814472,4.552137,1.492772
18.898683,4.573119,1.491322
18.974577,4.592082,1.489112
19.042984,4.609226,1.486223
19.104654,4.624730,1.482724
19.160259,4.638757,1.478680
19.210406,4.651451,1.474147
19.255640,4.662945,1.469176
19.296452,4.673357,1.463814
19.333285,4.682793,1.458100
19.366535,4.691349,1.452073
19.396561,4.699111,1.445765
19.423686,4.706156,1.439205
19.448199,4.712555,1.432420
19.470361,4.718370,1.425435
19.490407,4.723658,1.418269
19.508549,4.728471,1.410942
19.524977,4.732853,1.403472
19.539862,4.736846,1.395873
19.553358,4.740488,1.388159
19.565605,4.743812,1.380343
19.576727,4.746848,1.372435
19.586836,4.749623,1.364445
19.596034,4.752162,1.356383
19.604411,4.754486,1.348256
19.612050,4.756616,1.340071
19.619024,4.758569,1.331835
19.625401,4.760361,1.323553
19.631238,4.762008,1.315231
19.636591,4.763521,1.306872
19.641508,4.764912,1.298481
19.646032,4.766192,1.290062
19.650203,4.767371,1.281618
19.654055,4.768457,1.273152
19.657621,4.769458,1.264666
19.660929,4.770381,1.256164
19.664005,4.771231,1.247646
19.666872,4.772015,1.239115
19.669551,4.772738,1.230573
19.672061,4.773403,1.222021
19.674418,4.774016,1.213461
19.676638,4.774580,1.204894
19.678734,4.775098,1.196320
19.680719,4.775574,1.187741
19.682604,4.776009,1.179158
19.684399,4.776407,1.170572
19.686112,4.776769,1.161983
19.687753,4.777098,1.153391
19.689327,4.777395,1.144799
19.690842,4.777662,1.136205
19.692304,4.777901,1.127611
19.693717,4.778112,1.119017
19.695087,4.778297,1.110423
19.696418,4.778456,1.101829
19.697714,4.778592,1.093237
19.698978,4.778704,1.084646
19.700214,4.778794,1.076057
19.701423,4.778862,1.067469
19.702610,4.778909,1.058883
19.703776,4.778935,1.050299
19.704922,4.778941,1.041718
19.706052,4.778927,1.033139
19.707166,4.778894,1.024563
19.708266,4.778842,1.015989
19.709354,4.778771,1.007419
19.710430,4.778682,0.998851
19.711497,4.778576,0.990287
19.712553,4.778451,0.981725
19.713602,4.778309,0.973167
19.714643,4.778150,0.964612
19.715677,4.777974,0.956061
19.716705,4.777781,0.947513
19.717727,4.777571,0.938969
19.718745,4.777344,0.930428
19.719757,4.777101,0.921892
19.720765,4.776842,0.913358
19.721770,4.776566,0.904829
19.722771,4.776274,0.896303
19.723769,4.775966,0.887782
19.724764,4.775642,0.879264
19.725756,4.775302,0.870750
19.726746,4.774946,0.862241
19.727734,4.774575,0.853735
19.728719,4.774187,0.845233
19.729703,4.773784,0.836736
19.730685,4.773366,0.828243
19.731665,4.772931,0.819754
19.732644,4.772482,0.811269
19.733622,4.772016,0.802789
19.734598,4.771536,0.794312
19.735573,4.771039,0.785841
19.736547,4.770528,0.777373
19.737520,4.770001,0.768910
19.738492,4.769458,0.760452
19.739463,4.768901,0.751998
19.740434,4.768328,0.743548
19.741403,4.767740,0.735103
19.742372,4.767136,0.726662
19.743340,4.766518,0.718226
19.744307,4.765884,0.709795
19.745273,4.765235,0.701369
19.746239,4.764571,0.692947
19.747204,4.763891,0.684529
19.748169,4.763197,0.676117
19.749133,4.762488,0.667709
19.750096,4.761763,0.659306
19.751059,4.761024,0.650908
19.752022,4.760269,0.642515
19.752984,4.759499,0.634127
19.753945,4.758715,0.625743
19.754906,4.757915,0.617365
19.755866,4.757101,0.608991
19.756826,4.756271,0.600623
19.757786,4.755427,0.592259
19.758745,4.754568,0.583900
19.759703,4.753694,0.575547
19.760662,4.752805,0.567199
19.761619,4.751901,0.558855
19.762576,4.750982,0.550517
19.763533,4.750049,0.542184
19.764489,4.749101,0.533857
19.765445,4.748138,0.525534
19.766401,4.747160,0.517217
19.767356,4.746167,0.508905
19.768311,4.745160,0.500599
19.769265,4.744138,0.492297
19.770219,4.743101,0.484001
19.771172,4.742050,0.475711
19.772125,4.740984,0.467426
19.773077,4.739903,0.459146
19.774030,4.738808,0.450872
19.774981,4.737698,0.442603
19.775933,4.736573,0.434340
19.776884,4.735434,0.426083
19.777834,4.734280,0.417831
19.778784,4.733112,0.409584
19.779734,4.731929,0.401343
19.780683,4.730732,0.393108
19.781632,4.729520,0.384879
19.782580,4.728294,0.376655
19.783528,4.727053,0.368437
19.784476,4.725798,0.360225
19.785423,4.724528,0.352018
19.786370,4.723244,0.343817
19.787317,4.721946,0.335622
19.788263,4.720633,0.327433
19.789208,4.719306,0.319250
19.790154,4.717965,0.311073
19.791098,4.716609,0.302902
19.792043,4.715239,0.294737
19.792987,4.713854,0.286577
19.793930,4.712456,0.278424
19.794874,4.711043,0.270277
19.795816,4.709615,0.262135
19.796759,4.708174,0.254000
19.797701,4.706718,0.245871
19.798642,4.705248,0.237748
19.799584,4.703765,0.229632
19.800524,4.702266,0.221521
19.801465,4.700754,0.213417
19.802405,4.699228,0.205319
19.803344,4.697687,0.197227
19.804284,4.696133,0.189141
19.805222,4.694564,0.181062
19.806161,4.692981,0.172989
19.807099,4.691385,0.164922
19.808036,4.689774,0.156862
19.808973,4.688149,0.148809
19.809910,4.686511,0.140761
19.810847,4.684858,0.132720
19.811783,4.683191,0.124686
19.812718,4.681511,0.116658
19.813653,4.679816,0.108637
19.814588,4.678108,0.100622
19.815522,4.676386,0.092614
19.816456,4.674650,0.084612
19.817390,4.672900,0.076617
19.818323,4.671137,0.068629
19.819256,4.669359,0.060647
19.820188,4.667568,0.052672
19.821120,4.665763,0.044704
19.822052,4.663944,0.036743
19.822983,4.662112,0.028788
19.823913,4.660266,0.020840
19.824844,4.658406,0.012899
19.825774,4.656533,0.004965
19.826703,4.654646,-0.002962
19.827632,4.652745,-0.010883
19.828561,4.650831,-0.018796
19.829489,4.648903,-0.026703
19.830417,4.646961,-0.034603
19.831345,4.645006,-0.042495
19.832272,4.643038,-0.050381
19.833199,4.641056,-0.058260
19.834125,4.639060,-0.066131
19.835051,4.637051,-0.073996
19.835976,4.635029,-0.081853
19.836901,4.632993,-0.089703
19.837826,4.630944,-0.097546
19.838750,4.628881,-0.105382
19.839674,4.626805,-0.113211
19.840598,4.624716,-0.121033
19.841521,4.622613,-0.128847
19.842443,4.620497,-0.136654
19.843366,4.618368,-0.144454
19.844287,4.616225,-0.152246
19.845209,4.614069,-0.160031
19.846130,4.611900,-0.167809
19.847051,4.609718,-0.175579
19.847971,4.607522,-0.183342
19.848891,4.605314,-0.191098
19.849810,4.603092,-0.198846
19.850729,4.600857,-0.206586
19.851648,4.598609,-0.214319
19.852566,4.596348,-0.222045
19.853484,4.594073,-0.229763
19.854401,4.591786,-0.237473
19.855318,4.589486,-0.245176
19.856235,4.587172,-0.252872
19.857151,4.584846,-0.260559
19.858067,4.582507,-0.268239
19.858982,4.580154,-0.275912
19.859897,4.577789,-0.283576
19.860812,4.575411,-0.291233
19.861726,4.573020,-0.298883
19.862640,4.570616,-0.306524
19.863553,4.568199,-0.314158
19.864466,4.565770,-0.321784
19.865378,4.563327,-0.329402
19.866291,4.560872,-0.337012
19.867202,4.558404,-0.344614
19.868114,4.555923,-0.352209
19.869025,4.553430,-0.359795
19.869935,4.550924,-0.367374
19.870845,4.548405,-0.374945
19.871755,4.545873,-0.382507
19.872664,4.543329,-0.390062
19.873573,4.540773,-0.397609
19.874482,4.538203,-0.405147
19.875390,4.535621,-0.412678
19.876298,4.533027,-0.420201
19.877205,4.530419,-0.427715
19.878112,4.527800,-0.435221
19.879018,4.525168,-0.442719
19.879924,4.522523,-0.450209
19.880830,4.519866,-0.457691
19.881735,4.517197,-0.465165
19.882640,4.514515,-0.472630
19.883544,4.511820,-0.480087
19.884449,4.509114,-0.487536
19.885352,4.506395,-0.494977
19.886255,4.503663,-0.502409
19.887158,4.500920,-0.509833
19.888061,4.498164,-0.517249
19.888963,4.495395,-0.524656
19.889864,4.492615,-0.532055
19.890765,4.489822,-0.539445
19.891666,4.487017,-0.546827
19.892567,4.484200,-0.554201
19.893467,4.481371,-0.561566
19.894366,4.478530,-0.568922
19.895265,4.475676,-0.576270
19.896164,4.472811,-0.583610
19.897063,4.469933,-0.590941
19.897960,4.467043,-0.598263
19.898858,4.464141,-0.605577
19.899755,4.461228,-0.612882
19.900652,4.458302,-0.620179
19.901548,4.455364,-0.627467
19.902444,4.452415,-0.634746
19.903340,4.449453,-0.642016
19.904235,4.446480,-0.649278
19.905130,4.443494,-0.656531
19.906024,4.440497,-0.663776
19.906918,4.437488,-0.671011
19.907811,4.434467,-0.678238
19.908704,4.431435,-0.685456
19.909597,4.428390,-0.692665
19.910489,4.425334,-0.699866
19.911381,4.422266,-0.707057
19.912273,4.419187,-0.714240
19.913164,4.416096,-0.721413
19.914054,4.412993,-0.728578
19.914944,4.409878,-0.735734
19.915834,4.406752,-0.742881
19.916724,4.403614,-0.750019
19.917613,4.400465,-0.757147
19.918501,4.397304,-0.764267
19.919389,4.394132,-0.771378
19.920277,4.390948,-0.778480
19.921165,4.387753,-0.785573
19.922052,4.384546,-0.792656
19.922938,4.381328,-0.799731
19.923824,4.378098,-0.806796
19.924710,4.374858,-0.813852
19.925595,4.371605,-0.820899
19.926480,4.368342,-0.827937
19.927365,4.365067,-0.834966
19.928249,4.361780,-0.841986
19.929133,4.358483,-0.848996
19.930016,4.355174,-0.855997
19.930899,4.351854,-0.862988
19.931781,4.348523,-0.869971
19.932664,4.345180,-0.876944
19.933545,4.341827,-0.883908
19.934427,4.338462,-0.890862
19.935307,4.335087,-0.897807
19.936188,4.331700,-0.904743
19.937068,4.328302,-0.911669
19.937948,4.324893,-0.918586
19.938827,4.321473,-0.925494
19.939706,4.318042,-0.932392
19.940584,4.314600,-0.939280
19.941462,4.311147,-0.946159
19.942340,4.307683,-0.953029
19.943217,4.304209,-0.959889
19.944094,4.300723,-0.966739
19.944970,4.297227,-0.973580
19.945846,4.293719,-0.980411
19.946721,4.290201,-0.987233
19.947597,4.286672,-0.994045
19.948471,4.283133,-1.000848
19.949346,4.279582,-1.007641
19.950220,4.276021,-1.014424
19.951093,4.272450,-1.021198
19.951966,4.268867,-1.027962
19.952839,4.265274,-1.034716
19.953711,4.261671,-1.041460
19.954583,4.258056,-1.048195
19.955455,4.254431,-1.054920
19.956326,4.250796,-1.061635
19.957196,4.247150,-1.068341
19.958067,4.243494,-1.075036
19.958936,4.239827,-1.081722
19.959806,4.236150,-1.088398
19.960675,4.232462,-1.095064
19.961544,4.228764,-1.101720
19.962412,4.225055,-1.108367
19.963280,4.221336,-1.115003
19.964147,4.217607,-1.121630
19.965014,4.213867,-1.128246
19.965880,4.210118,-1.134853
19.966747,4.206358,-1.141450
19.967612,4.202587,-1.148036
19.968478,4.198807,-1.154613
19.969343,4.195016,-1.161180
19.970207,4.191215,-1.167737
19.971071,4.187404,-1.174283
19.971935,4.183583,-1.180820
19.972798,4.179752,-1.187346
19.973661,4.175910,-1.193863
19.974524,4.172059,-1.200369
19.975386,4.168198,-1.206865
19.976247,4.164326,-1.213351
19.977109,4.160445,-1.219827
19.977969,4.156554,-1.226293
19.978830,4.152653,-1.232749
19.979690,4.148742,-1.239194
19.980550,4.144821,-1.245629
19.981409,4.140890,-1.252054
19.982267,4.136949,-1.258469
19.983126,4.132999,-1.264873
19.983984,4.129038,-1.271267
19.984841,4.125068,-1.277651
19.985699,4.121089,-1.284025
19.986555,4.117099,-1.290388
19.987412,4.113100,-1.296741
19.988268,4.109092,-1.303084
19.989123,4.105073,-1.309416
19.989978,4.101045,-1.315738
19.990833,4.097008,-1.322050
19.991687,4.092961,-1.328351
19.992541,4.088904,-1.334641
19.993394,4.084838,-1.340922
19.994248,4.080762,-1.347191
19.995100,4.076677,-1.353451
19.995952,4.072583,-1.359700
19.996804,4.068479,-1.365938
19.997656,4.064366,-1.372166
19.998507,4.060243,-1.378384
19.999357,4.056111,-1.384591
20.000207,4.051970,-1.390787
20.001057,4.047819,-1.396973
20.001907,4.043659,-1.403148
20.002755,4.039490,-1.409313
20.003604,4.035312,-1.415467
20.004452,4.031124,-1.421610
20.005300,4.026928,-1.427743
20.006147,4.022722,-1.433865
20.006994,4.018507,-1.439977
20.007841,4.014283,-1.446078
20.008687,4.010050,-1.452168
20.009532,4.005808,-1.458248
20.010377,4.001557,-1.464317
20.011222,3.997297,-1.470375
20.012067,3.993028,-1.476422
20.012911,3.988750,-1.482459
20.013754,3.984464,-1.488485
20.014598,3.980168,-1.494500
20.015440,3.975863,-1.500505
20.016283,3.971550,-1.506498
20.017125,3.967228,-1.512481
20.017966,3.962897,-1.518453
20.018807,3.958557,-1.524415
20.019648,3.954209,-1.530365
20.020488,3.949851,-1.536305
20.021328,3.945486,-1.542233
20.022168,3.941111,-1.548151
20.023007,3.936728,-1.554058
20.023846,3.932336,-1.559954
20.024684,3.927936,-1.565839
20.025522,3.923527,-1.571713
20.026359,3.919110,-1.577577
20.027196,3.914684,-1.583429
20.028033,3.910249,-1.589271
20.028869,3.905806,-1.595101
20.029705,3.901355,-1.600920
20.030540,3.896896,-1.606729
20.031375,3.892427,-1.612526
20.032210,3.887951,-1.618313
20.033044,3.883466,-1.624088
20.033877,3.878973,-1.629853
20.034711,3.874472,-1.635606
20.035544,3.869962,-1.641348
20.036376,3.865445,-1.647080
20.037208,3.860919,-1.652800
20.038040,3.856385,-1.658509
20.038871,3.851842,-1.664207
20.039702,3.847292,-1.669894
20.040532,3.842733,-1.675569
20.041362,3.838167,-1.681234
20.042192,3.833592,-1.686887
20.043021,3.829010,-1.692530
20.043850,3.824419,-1.698161
20.044678,3.819820,-1.703781
20.045506,3.815214,-1.709389
20.046334,3.810599,-1.714987
20.047161,3.805977,-1.720573
20.047988,3.801347,-1.726148
20.048814,3.796709,-1.731712
20.049640,3.792063,-1.737265
20.050465,3.787409,-1.742806
20.051291,3.782748,-1.748336
20.052115,3.778079,-1.753855
20.052939,3.773402,-1.759363
20.053763,3.768717,-1.764859
20.054587,3.764025,-1.770344
20.055410,3.759325,-1.775818
20.056232,3.754618,-1.781280
20.057054,3.749903,-1.786731
20.057876,3.745180,-1.792171
20.058698,3.740450,-1.797599
20.059519,3.735712,-1.803016
20.060339,3.730967,-1.808422
20.061159,3.726215,-1.813816
20.061979,3.721455,-1.819199
20.062798,3.716688,-1.824570
20.063617,3.711913,-1.829930
20.064436,3.707131,-1.835279
20.065254,3.702341,-1.840616
20.066071,3.697545,-1.845942
20.066888,3.692741,-1.851256
20.067705,3.687929,-1.856559
20.068522,3.683111,-1.861851
20.069338,3.678285,-1.867131
20.070153,3.673453,-1.872399
20.070968,3.668613,-1.877656
20.071783,3.663766,-1.882902
20.072597,3.658911,-1.888136
20.073411,3.654050,-1.893358
20.074225,3.649182,-1.898569
20.075038,3.644307,-1.903768
20.075851,3.639424,-1.908956
20.076663,3.634535,-1.914133
20.077475,3.629639,-1.919297
20.078286,3.624736,-1.924450
20.079097,3.619826,-1.929592
20.079908,3.614909,-1.934722
20.080718,3.609986,-1.939841
20.081528,3.605055,-1.944948
20.082337,3.600118,-1.950043
20.083146,3.595174,-1.955126
20.083955,3.590224,-1.960198
20.084763,3.585266,-1.965259
20.085570,3.580302,-1.970308
20.086378,3.575332,-1.975345
20.087185,3.570354,-1.980370
20.087991,3.565371,-1.985384
20.088797,3.560380,-1.990386
20.089603,3.555383,-1.995377
20.090408,3.550380,-2.000355
20.091213,3.545370,-2.005323
20.092017,3.540353,-2.010278
20.092821,3.535330,-2.015222
20.093625,3.530301,-2.020154
20.094428,3.525266,-2.025074
20.095231,3.520223,-2.029982
20.096033,3.515175,-2.034879
20.096835,3.510120,-2.039764
20.097636,3.505060,-2.044638
20.098437,3.499992,-2.049499
20.099238,3.494919,-2.054349
20.100038,3.489839,-2.059187
20.100838,3.484754,-2.064013
20.101637,3.479662,-2.068828
20.102436,3.474564,-2.073631
20.103235,3.469459,-2.078422
20.104033,3.464349,-2.083201
20.104831,3.459233,-2.087968
20.105628,3.454111,-2.092723
20.106425,3.448982,-2.097467
20.107222,3.443848,-2.102199
20.108018,3.438708,-2.106919
20.108814,3.433562,-2.111627
20.109609,3.428410,-2.116324
20.110404,3.423252,-2.121008
20.111198,3.418089,-2.125681
20.111992,3.412919,-2.130341
20.112786,3.407744,-2.134990
20.113579,3.402563,-2.139627
20.114372,3.397376,-2.144253
20.115164,3.392184,-2.148866
20.115956,3.386986,-2.153467
20.116748,3.381782,-2.158057
20.117539,3.376573,-2.162634
20.118329,3.371358,-2.167200
20.119120,3.366137,-2.171754
20.119909,3.360911,-2.176296
20.120699,3.355680,-2.180826
20.121488,3.350443,-2.185344
20.122277,3.345200,-2.189850
20.123065,3.339952,-2.194344
20.123853,3.334699,-2.198826
20.124640,3.329440,-2.203296
20.125427,3.324176,-2.207755
20.126213,3.318906,-2.212201
20.127000,3.313632,-2.216635
20.127785,3.308352,-2.221058
20.128571,3.303066,-2.225468
20.129355,3.297776,-2.229867
20.130140,3.292480,-2.234253
20.130924,3.287179,-2.238628
20.131708,3.281873,-2.242990
20.132491,3.276562,-2.247341
20.133274,3.271246,-2.251679
20.134056,3.265924,-2.256006
20.134838,3.260598,-2.260320
20.135619,3.255267,-2.264623
20.136401,3.249930,-2.268913
20.137181,3.244589,-2.273192
20.137962,3.239243,-2.277458
20.138741,3.233891,-2.281713
20.139521,3.228535,-2.285955
20.140300,3.223174,-2.290186
20.141079,3.217809,-2.294404
20.141857,3.212438,-2.298610
20.142635,3.207063,-2.302804
20.143412,3.201683,-2.306987
20.144189,3.196298,-2.311157
20.144966,3.190908,-2.315315
20.145742,3.185514,-2.319461
20.146517,3.180115,-2.323595
20.147293,3.174712,-2.327717
20.148068,3.169304,-2.331826
20.148842,3.163891,-2.335924
20.149616,3.158474,-2.340010
20.150390,3.153052,-2.344083
20.151163,3.147626,-2.348145
20.151936,3.142195,-2.352194
20.152708,3.136760,-2.356232
20.153480,3.131321,-2.360257
20.154252,3.125877,-2.364270
20.155023,3.120429,-2.368271
20.155793,3.114976,-2.372260
20.156564,3.109519,-2.376237
20.157334,3.104058,-2.380202
20.158103,3.098593,-2.384154
20.158872,3.093123,-2.388095
20.159641,3.087649,-2.392023
20.160409,3.082171,-2.395939
20.161177,3.076689,-2.399844
20.161944,3.071202,-2.403736
20.162711,3.065712,-2.407616
20.163478,3.060218,-2.411483
20.164244,3.054719,-2.415339
20.165009,3.049217,-2.419183
20.165775,3.043710,-2.423014
20.166540,3.038200,-2.426833
20.167304,3.032685,-2.430640
20.168068,3.027167,-2.434435
20.168832,3.021644,-2.438218
20.169595,3.016118,-2.441989
20.170358,3.010588,-2.445748
20.171120,3.005055,-2.449494
20.171882,2.999517,-2.453228
20.172643,2.993976,-2.456951
20.173405,2.988431,-2.460661
20.174165,2.982882,-2.464358
20.174926,2.977330,-2.468044
20.175685,2.971774,-2.471718
20.176445,2.966214,-2.475379
20.177204,2.960651,-2.479028
20.177962,2.955084,-2.482666
20.178721,2.949513,-2.486290
20.179478,2.943939,-2.489903
20.180236,2.938362,-2.493504
20.180993,2.932781,-2.497092
20.181749,2.927197,-2.500669
20.182505,2.921609,-2.504233
20.183261,2.916018,-2.507785
20.184016,2.910423,-2.511325
20.184771,2.904825,-2.514852
20.185525,2.899224,-2.518368
20.186279,2.893620,-2.521871
20.187033,2.888012,-2.525362
20.187786,2.882401,-2.528841
20.188539,2.876787,-2.532308
20.189291,2.871170,-2.535763
20.190043,2.865549,-2.539205
20.190795,2.859925,-2.542636
20.191546,2.854299,-2.546054
20.192296,2.848669,-2.549460
20.193047,2.843036,-2.552854
20.193796,2.837400,-2.556236
20.194546,2.831761,-2.559605
20.195295,2.826119,-2.562962
20.196043,2.820474,-2.566308
20.196792,2.814826,-2.569641
20.197539,2.809176,-2.572962
20.198287,2.803522,-2.576270
20.199033,2.797866,-2.579567
20.199780,2.792206,-2.582851
20.200526,2.786544,-2.586123
20.201272,2.780880,-2.589383
20.202017,2.775212,-2.592631
20.202762,2.769542,-2.595867
20.203506,2.763869,-2.599091
20.204250,2.758193,-2.602302
20.204993,2.752515,-2.605501
20.205736,2.746834,-2.608688
20.206479,2.741150,-2.611863
20.207221,2.735464,-2.615026
20.207963,2.729776,-2.618177
20.208705,2.724085,-2.621315
20.209446,2.718391,-2.624441
20.210186,2.712695,-2.627556
20.210926,2.706996,-2.630658
20.211666,2.701295,-2.633747
20.212406,2.695592,-2.636825
20.213144,2.689886,-2.639891
20.213883,2.684178,-2.642944
20.214621,2.678468,-2.645985
20.215359,2.672756,-2.649015
20.216096,2.667041,-2.652032
20.216833,2.661324,-2.655036
20.217569,2.655604,-2.658029
20.218305,2.649883,-2.661010
20.219041,2.644159,-2.663978
20.219776,2.638433,-2.666935
20.220511,2.632706,-2.669879
20.221245,2.626976,-2.672811
20.221979,2.621244,-2.675731
20.222712,2.615510,-2.678639
20.223445,2.609773,-2.681534
20.224178,2.604035,-2.684418
20.224910,2.598295,-2.687289
20.225642,2.592554,-2.690149
20.226373,2.586810,-2.692996
20.227104,2.581064,-2.695831
20.227835,2.575317,-2.698654
20.228565,2.569567,-2.701465
20.229294,2.563816,-2.704264
20.230024,2.558063,-2.707051
20.230752,2.552308,-2.709825
20.231481,2.546552,-2.712588
20.232209,2.540794,-2.715338
20.232936,2.535034,-2.718077
20.233664,2.529272,-2.720803
20.234390,2.523509,-2.723517
20.235117,2.517745,-2.726219
20.235843,2.511978,-2.728909
20.236568,2.506211,-2.731587
20.237293,2.500441,-2.734253
20.238018,2.494670,-2.736907
20.238742,2.488898,-2.739549
20.239466,2.483124,-2.742179
20.240189,2.477349,-2.744796
20.240912,2.471573,-2.747402
20.241635,2.465795,-2.749995
20.242357,2.460015,-2.752577
20.243078,2.454235,-2.755146
20.243800,2.448453,-2.757704
20.244520,2.442670,-2.760249
20.245241,2.436885,-2.762783
20.245961,2.431099,-2.765304
20.246680,2.425313,-2.767813
20.247400,2.419524,-2.770311
20.248118,2.413735,-2.772796
20.248837,2.407945,-2.775269
20.249555,2.402153,-2.777730
20.250272,2.396361,-2.780180
20.250989,2.390567,-2.782617
20.251706,2.384773,-2.785042
20.252422,2.378977,-2.787456
20.253138,2.373181,-2.789857
20.253853,2.367383,-2.792246
20.254568,2.361585,-2.794624
20.255283,2.355785,-2.796989
20.255997,2.349985,-2.799342
20.256710,2.344184,-2.801684
20.257424,2.338382,-2.804013
20.258136,2.332579,-2.806331
20.258849,2.326776,-2.808636
20.259561,2.320971,-2.810930
20.260272,2.315166,-2.813212
20.260984,2.309361,-2.815481
20.261694,2.303554,-2.817739
20.262405,2.297747,-2.819985
20.263115,2.291939,-2.822219
20.263824,2.286131,-2.824441
20.264533,2.280322,-2.826651
20.265242,2.274513,-2.828850
20.265950,2.268703,-2.831036
20.266658,2.262892,-2.833210
20.267365,2.257081,-2.835373
20.268072,2.251270,-2.837524
20.268778,2.245458,-2.839662
20.269485,2.239646,-2.841789
20.270190,2.233833,-2.843904
20.270895,2.228020,-2.846008
20.271600,2.222206,-2.848099
20.272305,2.216393,-2.850178
20.273009,2.210579,-2.852246
20.273712,2.204764,-2.854302
20.274415,2.198950,-2.856346
20.275118,2.193135,-2.858378
20.275820,2.187320,-2.860398
20.276522,2.181505,-2.862407
20.277224,2.175690,-2.864403
20.277925,2.169874,-2.866388
20.278625,2.164059,-2.868361
20.279326,2.158243,-2.870323
20.280025,2.152428,-2.872272
20.280725,2.146612,-2.874210
20.281424,2.140796,-2.876136
20.282122,2.134980,-2.878050
20.282820,2.129165,-2.879952
20.283518,2.123349,-2.881843
20.284215,2.117534,-2.883722
20.284912,2.111718,-2.885589
20.285608,2.105903,-2.887445
20.286304,2.100088,-2.889288
20.287000,2.094273,-2.891120
20.287695,2.088459,-2.892941
20.288389,2.082644,-2.894749
20.289084,2.076830,-2.896546
20.289778,2.071016,-2.898331
20.290471,2.065202,-2.900105
20.291164,2.059389,-2.901867
20.291857,2.053576,-2.903617
20.292549,2.047763,-2.905355
20.293240,2.041951,-2.907082
20.293932,2.036140,-2.908797
20.294623,2.030328,-2.910501
20.295313,2.024517,-2.912193
20.296003,2.018707,-2.913873
20.296693,2.012897,-2.915541
20.297382,2.007088,-2.917198
20.298071,2.001279,-2.918844
20.298759,1.995471,-2.920478
20.299447,1.989663,-2.922100
20.300134,1.983856,-2.923711
20.300821,1.978050,-2.925310
20.301508,1.972244,-2.926897
20.302194,1.966439,-2.928473
20.302880,1.960635,-2.930037
20.303566,1.954832,-2.931590
20.304250,1.949029,-2.933131
20.304935,1.943227,-2.934661
20.305619,1.937426,-2.936179
20.306303,1.931626,-2.937686
20.306986,1.925826,-2.939181
20.307669,1.920028,-2.940665
20.308351,1.914230,-2.942137
20.309033,1.908434,-2.943598
20.309715,1.902638,-2.945047
20.310396,1.896843,-2.946485
20.311077,1.891049,-2.947911
20.311757,1.885256,-2.949326
20.312437,1.879465,-2.950729
20.313116,1.873674,-2.952121
20.313795,1.867885,-2.953502
20.314474,1.862096,-2.954871
20.315152,1.856309,-2.956229
20.315830,1.850523,-2.957575
20.316507,1.844738,-2.958910
20.317184,1.838954,-2.960234
20.317861,1.833171,-2.961546
20.318537,1.827390,-2.962847
20.319212,1.821610,-2.964136
20.319888,1.815831,-2.965414
20.320562,1.810054,-2.966681
20.321237,1.804277,-2.967937
20.321911,1.798503,-2.969181
20.322584,1.792729,-2.970414
20.323257,1.786957,-2.971635
20.323930,1.781187,-2.972845
20.324602,1.775418,-2.974044
20.325274,1.769650,-2.975232
20.325945,1.763884,-2.976409
20.326616,1.758119,-2.977574
20.327287,1.752356,-2.978728
20.327957,1.746594,-2.979870
20.328627,1.740834,-2.981002
20.329296,1.735076,-2.982122
20.329965,1.729319,-2.983231
20.330633,1.723564,-2.984329
20.331301,1.717811,-2.985415
20.331969,1.712059,-2.986491
20.332636,1.706309,-2.987555
20.333303,1.700561,-2.988608
20.333969,1.694814,-2.989650
20.334635,1.689069,-2.990681
20.335300,1.683326,-2.991701
20.335965,1.677585,-2.992709
20.336630,1.671846,-2.993707
20.337294,1.666108,-2.994693
20.337958,1.660373,-2.995669
20.338621,1.654639,-2.996633
20.339284,1.648907,-2.997586
20.339946,1.643177,-2.998528
20.340608,1.637449,-2.999459
20.341270,1.631724,-3.000379
20.341931,1.626000,-3.001288
20.342592,1.620278,-3.002186
20.343252,1.614558,-3.003073
20.343912,1.608840,-3.003949
20.344572,1.603125,-3.004814
20.345231,1.597411,-3.005668
20.345889,1.591700,-3.006511
20.346548,1.585991,-3.007343
20.347205,1.580284,-3.008164
20.347863,1.574579,-3.008974
20.348520,1.568877,-3.009773
20.349176,1.563176,-3.010562
20.349832,1.557478,-3.011339
20.350488,1.551783,-3.012106
20.351143,1.546089,-3.012861
20.351798,1.540398,-3.013606
20.352453,1.534709,-3.014340
20.353106,1.529023,-3.015063
20.353760,1.523339,-3.015775
20.354413,1.517657,-3.016477
20.355066,1.511978,-3.017167
20.355718,1.506301,-3.017847
20.356370,1.500627,-3.018516
20.357021,1.494956,-3.019174
20.357672,1.489286,-3.019822
20.358323,1.483620,-3.020459
20.358973,1.477956,-3.021085
20.359623,1.472294,-3.021700
20.360272,1.466635,-3.022304
20.360921,1.460979,-3.022898
20.361569,1.455325,-3.023481
20.362217,1.449674,-3.024054
20.362865,1.444026,-3.024615
20.363512,1.438380,-3.025166
20.364159,1.432737,-3.025707
20.364805,1.427097,-3.026237
20.365451,1.421460,-3.026756
20.366096,1.415825,-3.027264
20.366741,1.410193,-3.027762
20.367386,1.404564,-3.028249
20.368030,1.398938,-3.028726
20.368674,1.393315,-3.029192
20.369317,1.387695,-3.029648
20.369960,1.382077,-3.030093
20.370603,1.376463,-3.030527
20.371245,1.370851,-3.030951
20.371886,1.365242,-3.031365
20.372527,1.359637,-3.031768
20.373168,1.354034,-3.032160
20.373809,1.348434,-3.032542
20.374448,1.342838,-3.032914
20.375088,1.337244,-3.033275
20.375727,1.331654,-3.033626
20.376366,1.326067,-3.033966
20.377004,1.320482,-3.034296
20.377642,1.314901,-3.034615
20.378279,1.309323,-3.034924
20.378916,1.303749,-3.035223
20.379552,1.298177,-3.035511
20.380188,1.292609,-3.035789
20.380824,1.287044,-3.036057
20.381459,1.281482,-3.036314
20.382094,1.275923,-3.036561
20.382728,1.270368,-3.036798
20.383362,1.264816,-3.037024
20.383996,1.259268,-3.037240
20.384629,1.253722,-3.037446
20.385262,1.248180,-3.037642
20.385894,1.242642,-3.037827
20.386526,1.237107,-3.038002
20.387157,1.231575,-3.038167
20.387788,1.226047,-3.038322
20.388418,1.220522,-3.038466
20.389048,1.215001,-3.038601
20.389678,1.209483,-3.038725
20.390307,1.203969,-3.038839
20.390936,1.198459,-3.038943
20.391565,1.192952,-3.039037
20.392193,1.187448,-3.039121
20.392820,1.181948,-3.039195
20.393447,1.176452,-3.039258
20.394074,1.170959,-3.039312
20.394700,1.165470,-3.039355
20.395326,1.159985,-3.039389
20.395951,1.154504,-3.039412
20.396576,1.149026,-3.039425
20.397201,1.143551,-3.039429
20.397825,1.138081,-3.039422
20.398449,1.132614,-3.039406
20.399072,1.127152,-3.039379
20.399695,1.121693,-3.039343
20.400317,1.116237,-3.039297
20.400939,1.110786,-3.039240
20.401561,1.105339,-3.039174
20.402182,1.099895,-3.039098
20.402802,1.094455,-3.039012
20.403423,1.089019,-3.038916
20.404042,1.083587,-3.038811
20.404662,1.078160,-3.038695
20.405281,1.072736,-3.038570
20.405899,1.067316,-3.038435
20.406518,1.061900,-3.038290
20.407135,1.056488,-3.038136
20.407752,1.051080,-3.037971
20.408369,1.045676,-3.037797
20.408986,1.040276,-3.037613
20.409602,1.034880,-3.037420
20.410217,1.029489,-3.037216
20.410832,1.024101,-3.037003
20.411447,1.018718,-3.036781
20.412061,1.013339,-3.036549
20.412675,1.007964,-3.036307
20.413289,1.002593,-3.036055
20.413902,0.997227,-3.035794
20.414514,0.991865,-3.035523
20.415126,0.986506,-3.035243
20.415738,0.981153,-3.034953
20.416349,0.975803,-3.034653
20.416960,0.970458,-3.034344
20.417571,0.965117,-3.034026
20.418181,0.959781,-3.033698
20.418790,0.954448,-3.033360
20.419399,0.949121,-3.033013
20.420008,0.943797,-3.032657
20.420616,0.938478,-3.032291
20.421224,0.933164,-3.031915
20.421831,0.927854,-3.031530
20.422438,0.922548,-3.031136
20.423045,0.917247,-3.030733
20.423651,0.911950,-3.030320
20.424257,0.906658,-3.029897
20.424862,0.901370,-3.029466
20.425467,0.896087,-3.029024
20.426071,0.890808,-3.028574
20.426675,0.885534,-3.028114
20.427279,0.880265,-3.027646
20.427882,0.875000,-3.027167
20.428485,0.869740,-3.026680
