ref_pos_x (m),ref_pos_y (m),ref_pos_z (m)
6378137.000000,0.000000,0.000000
6378137.000000,0.000000,0.000000
6378137.000100,0.000100,-0.000100
6378137.000300,0.000300,-0.000300
6378137.000600,0.000600,-0.000600
6378137.001000,0.001000,-0.001000
6378137.001499,0.001501,-0.001500
6378137.002098,0.002102,-0.002100
6378137.002797,0.002803,-0.002800
6378137.003595,0.003604,-0.003601
6378137.004493,0.004507,-0.004501
6378137.005489,0.005510,-0.005501
6378137.006585,0.006570,-0.006602
6378137.007780,0.007679,-0.007802
6378137.009053,0.008833,-0.009103
6378137.010368,0.010027,-0.010504
6378137.011721,0.011257,-0.012006
6378137.013108,0.012521,-0.013607
6378137.014525,0.013814,-0.015309
6378137.015969,0.015134,-0.017111
6378137.017438,0.016479,-0.019013
6378137.018927,0.017847,-0.021015
6378137.020436,0.019235,-0.023117
6378137.021961,0.020641,-0.025320
6378137.023502,0.022064,-0.027622
6378137.025055,0.023503,-0.030025
6378137.026619,0.024956,-0.032528
6378137.028194,0.026423,-0.035131
6378137.029777,0.027901,-0.037835
6378137.031368,0.029391,-0.040638
6378137.032965,0.030890,-0.043542
6378137.034567,0.032400,-0.046546
6378137.036174,0.033918,-0.049650
6378137.037784,0.035445,-0.052855
6378137.039397,0.036980,-0.056159
6378137.041013,0.038522,-0.059564
6378137.042630,0.040071,-0.063068
6378137.044248,0.041626,-0.066673
6378137.045867,0.043188,-0.070378
6378137.047486,0.044756,-0.074183
6378137.049104,0.046330,-0.078089
6378137.050722,0.047909,-0.082094
6378137.052338,0.049493,-0.086200
6378137.053953,0.051083,-0.090406
6378137.055567,0.052678,-0.094711
6378137.057178,0.054277,-0.099117
6378137.058787,0.055882,-0.103623
6378137.060394,0.057491,-0.108230
6378137.061997,0.059104,-0.112936
6378137.063598,0.060723,-0.117742
6378137.065196,0.062345,-0.122649
6378137.066790,0.063973,-0.127655
6378137.068381,0.065604,-0.132762
6378137.069968,0.067240,-0.137969
6378137.071551,0.068881,-0.143276
6378137.073130,0.070526,-0.148683
6378137.074705,0.072175,-0.154190
6378137.076276,0.073828,-0.159797
6378137.077843,0.075486,-0.165504
6378137.079405,0.077149,-0.171311
6378137.080963,0.078815,-0.177218
6378137.082516,0.080487,-0.183225
6378137.084064,0.082162,-0.189333
6378137.085607,0.083842,-0.195540
6378137.087145,0.085527,-0.201847
6378137.088678,0.087216,-0.208255
6378137.090206,0.088909,-0.214762
6378137.091729,0.090607,-0.221369
6378137.093247,0.092310,-0.228077
6378137.094759,0.094017,-0.234884
6378137.096265,0.095729,-0.241792
6378137.097767,0.097446,-0.248799
6378137.099262,0.099167,-0.255906
6378137.100752,0.100893,-0.263114
6378137.102236,0.102624,-0.270421
6378137.103714,0.104359,-0.277828
6378137.105186,0.106100,-0.285336
6378137.106653,0.107845,-0.292943
6378137.108113,0.109596,-0.300650
6378137.109567,0.111351,-0.308457
6378137.111015,0.113111,-0.316364
6378137.112457,0.114877,-0.324371
6378137.113893,0.116647,-0.332478
6378137.115322,0.118423,-0.340685
6378137.116745,0.120203,-0.348992
6378137.118161,0.121989,-0.357399
6378137.119571,0.123780,-0.365905
6378137.120975,0.125577,-0.374512
6378137.122371,0.127378,-0.383218
6378137.123761,0.129185,-0.392025
6378137.125145,0.130998,-0.400931
6378137.126521,0.132816,-0.409937
6378137.127891,0.134639,-0.419043
6378137.129254,0.136467,-0.428249
6378137.130610,0.138302,-0.437555
6378137.131958,0.140141,-0.446960
6378137.133300,0.141987,-0.456466
6378137.134635,0.143838,-0.466071
6378137.135963,0.145694,-0.475776
6378137.137283,0.147556,-0.485581
6378137.138596,0.149424,-0.495486
6378137.139902,0.151298,-0.505491
6378137.141200,0.153178,-0.515595
6378137.142492,0.155063,-0.525800
6378137.143775,0.156954,-0.536104
6378137.145052,0.158851,-0.546508
6378137.146320,0.160754,-0.557011
6378137.147581,0.162663,-0.567615
6378137.148835,0.164578,-0.578318
6378137.150081,0.166499,-0.589122
6378137.151319,0.168425,-0.600024
6378137.152549,0.170358,-0.611027
6378137.153772,0.172297,-0.622130
6378137.154986,0.174243,-0.633332
6378137.156193,0.176194,-0.644634
6378137.157392,0.178151,-0.656036
6378137.158583,0.180115,-0.667537
6378137.159766,0.182085,-0.679139
6378137.160941,0.184061,-0.690840
6378137.162108,0.186044,-0.702640
6378137.163266,0.188032,-0.714541
6378137.164417,0.190028,-0.726541
6378137.165559,0.192029,-0.738641
6378137.166693,0.194037,-0.750841
6378137.167819,0.196051,-0.763140
6378137.168936,0.198072,-0.775539
6378137.170045,0.200100,-0.788038
6378137.171146,0.202133,-0.800637
6378137.172238,0.204174,-0.813335
6378137.173322,0.206221,-0.826133
6378137.174397,0.208274,-0.839030
6378137.175463,0.210334,-0.852028
6378137.176521,0.212401,-0.865125
6378137.177571,0.214474,-0.878321
6378137.178611,0.216554,-0.891617
6378137.179643,0.218641,-0.905013
6378137.180667,0.220735,-0.918509
6378137.181681,0.222835,-0.932104
6378137.182687,0.224942,-0.945799
6378137.183684,0.227056,-0.959593
6378137.184672,0.229176,-0.973488
6378137.185651,0.231304,-0.987481
6378137.186621,0.233438,-1.001575
6378137.187582,0.235579,-1.015768
6378137.188534,0.237728,-1.030060
6378137.189477,0.239883,-1.044453
6378137.190411,0.242045,-1.058944
6378137.191336,0.244214,-1.073536
6378137.192252,0.246390,-1.088227
6378137.193158,0.248573,-1.103018
6378137.194055,0.250763,-1.117908
6378137.194944,0.252960,-1.132898
6378137.195822,0.255164,-1.147987
6378137.196692,0.257375,-1.163176
6378137.197552,0.259594,-1.178464
6378137.198403,0.261819,-1.193853
6378137.199245,0.264052,-1.209340
6378137.200077,0.266292,-1.224927
6378137.200900,0.268539,-1.240614
6378137.201713,0.270793,-1.256400
6378137.202516,0.273054,-1.272286
6378137.203311,0.275323,-1.288272
6378137.204095,0.277599,-1.304357
6378137.204870,0.279882,-1.320541
6378137.205636,0.282173,-1.336825
6378137.206392,0.284470,-1.353208
6378137.207138,0.286776,-1.369691
6378137.207874,0.289088,-1.386274
6378137.208601,0.291408,-1.402956
6378137.209318,0.293735,-1.419738
6378137.210025,0.296070,-1.436619
6378137.210723,0.298412,-1.453599
6378137.211411,0.300762,-1.470679
6378137.212088,0.303118,-1.487859
6378137.212756,0.305483,-1.505138
6378137.213415,0.307855,-1.522516
6378137.214063,0.310234,-1.539994
6378137.214701,0.312621,-1.557571
6378137.215329,0.315015,-1.575248
6378137.215948,0.317417,-1.593025
6378137.216556,0.319827,-1.610901
6378137.217154,0.322244,-1.628876
6378137.217742,0.324668,-1.646951
6378137.218321,0.327101,-1.665125
6378137.218889,0.329540,-1.683398
6378137.219447,0.331988,-1.701771
6378137.219995,0.334443,-1.720244
6378137.220532,0.336906,-1.738816
6378137.221060,0.339376,-1.757487
6378137.221577,0.341854,-1.776258
6378137.222084,0.344340,-1.795128
6378137.222581,0.346833,-1.814098
6378137.223067,0.349335,-1.833167
6378137.223544,0.351843,-1.852335
6378137.224010,0.354360,-1.871603
6378137.224465,0.356885,-1.890970
6378137.224911,0.359417,-1.910437
6378137.225347,0.361955,-1.929979
6378137.225779,0.364497,-1.949520
6378137.226208,0.367042,-1.969061
6378137.226632,0.369590,-1.988602
6378137.227052,0.372140,-2.008143
6378137.227468,0.374694,-2.027683
6378137.227880,0.377250,-2.047223
6378137.228288,0.379809,-2.066763
6378137.228692,0.382372,-2.086302
6378137.229092,0.384937,-2.105841
6378137.229488,0.387505,-2.125380
6378137.229880,0.390075,-2.144919
6378137.230268,0.392649,-2.164457
6378137.230653,0.395225,-2.183995
6378137.231033,0.397804,-2.203533
6378137.231410,0.400386,-2.223070
6378137.231783,0.402971,-2.242607
6378137.232152,0.405558,-2.262144
6378137.232517,0.408148,-2.281681
6378137.232879,0.410741,-2.301217
6378137.233236,0.413337,-2.320753
6378137.233590,0.415935,-2.340289
6378137.233941,0.418536,-2.359824
6378137.234287,0.421139,-2.379359
6378137.234630,0.423745,-2.398894
6378137.234970,0.426354,-2.418428
6378137.235305,0.428965,-2.437963
6378137.235637,0.431579,-2.457496
6378137.235966,0.434195,-2.477030
6378137.236291,0.436814,-2.496564
6378137.236612,0.439436,-2.516097
6378137.236930,0.442060,-2.535629
6378137.237244,0.444687,-2.555162
6378137.237555,0.447316,-2.574694
6378137.237862,0.449947,-2.594226
6378137.238166,0.452581,-2.613758
6378137.238466,0.455218,-2.633289
6378137.238763,0.457857,-2.652820
6378137.239057,0.460498,-2.672351
6378137.239347,0.463142,-2.691882
6378137.239634,0.465788,-2.711412
6378137.239917,0.468437,-2.730942
6378137.240197,0.471088,-2.750472
6378137.240474,0.473741,-2.770002
6378137.240747,0.476397,-2.789531
6378137.241017,0.479055,-2.809060
6378137.241284,0.481715,-2.828588
6378137.241548,0.484378,-2.848117
6378137.241808,0.487043,-2.867645
6378137.242065,0.489710,-2.887173
6378137.242319,0.492380,-2.906700
6378137.242570,0.495051,-2.926228
6378137.242817,0.497725,-2.945755
6378137.243062,0.500402,-2.965282
6378137.243303,0.503080,-2.984808
6378137.243541,0.505761,-3.004334
6378137.243776,0.508444,-3.023860
6378137.244008,0.511129,-3.043386
6378137.244236,0.513816,-3.062912
6378137.244462,0.516506,-3.082437
6378137.244685,0.519197,-3.101962
6378137.244905,0.521891,-3.121486
6378137.245121,0.524587,-3.141011
6378137.245335,0.527285,-3.160535
6378137.245545,0.529985,-3.180059
6378137.245753,0.532687,-3.199582
6378137.245958,0.535392,-3.219106
6378137.246160,0.538098,-3.238629
6378137.246359,0.540806,-3.258152
6378137.246554,0.543517,-3.277675
6378137.246748,0.546229,-3.297197
6378137.246938,0.548944,-3.316719
6378137.247125,0.551660,-3.336241
6378137.247309,0.554379,-3.355762
6378137.247491,0.557099,-3.375284
6378137.247670,0.559822,-3.394805
6378137.247846,0.562546,-3.414326
6378137.248019,0.565273,-3.433846
6378137.248190,0.568001,-3.453367
6378137.248357,0.570732,-3.472887
6378137.248522,0.573464,-3.492407
6378137.248684,0.576198,-3.511926
6378137.248844,0.578934,-3.531446
6378137.249001,0.581672,-3.550965
6378137.249155,0.584412,-3.570484
6378137.249306,0.587154,-3.590002
6378137.249455,0.589897,-3.609521
6378137.249601,0.592643,-3.629039
6378137.249744,0.595390,-3.648557
6378137.249885,0.598139,-3.668075
6378137.250023,0.600890,-3.687592
6378137.250159,0.603643,-3.707109
6378137.250292,0.606397,-3.726626
6378137.250422,0.609154,-3.746143
6378137.250550,0.611912,-3.765660
6378137.250676,0.614672,-3.785176
6378137.250798,0.617434,-3.804692
6378137.250919,0.620197,-3.824208
6378137.251037,0.622962,-3.843723
6378137.251152,0.625729,-3.863239
6378137.251265,0.628498,-3.882754
6378137.251375,0.631268,-3.902269
6378137.251483,0.634040,-3.921783
6378137.251588,0.636814,-3.941298
6378137.251691,0.639590,-3.960812
6378137.251792,0.642367,-3.980326
6378137.251890,0.645146,-3.999839
6378137.251986,0.647926,-4.019353
6378137.252080,0.650709,-4.038866
6378137.252171,0.653492,-4.058379
6378137.252260,0.656278,-4.077892
6378137.252346,0.659065,-4.097405
6378137.252430,0.661854,-4.116917
6378137.252512,0.664644,-4.136429
6378137.252591,0.667436,-4.155941
6378137.252668,0.670229,-4.175453
6378137.252743,0.673024,-4.194965
6378137.252816,0.675821,-4.214476
6378137.252886,0.678619,-4.233987
6378137.252955,0.681419,-4.253498
6378137.253020,0.684220,-4.273009
6378137.253084,0.687023,-4.292519
6378137.253146,0.689827,-4.312029
6378137.253205,0.692633,-4.331539
6378137.253262,0.695441,-4.351049
6378137.253317,0.698250,-4.370559
6378137.253370,0.701060,-4.390068
6378137.253420,0.703872,-4.409577
6378137.253469,0.706686,-4.429086
6378137.253515,0.709500,-4.448595
6378137.253559,0.712317,-4.468104
6378137.253601,0.715135,-4.487612
6378137.253641,0.717954,-4.507120
6378137.253679,0.720775,-4.526628
6378137.253715,0.723597,-4.546136
6378137.253749,0.726420,-4.565643
6378137.253780,0.729245,-4.585151
6378137.253810,0.732072,-4.604658
6378137.253838,0.734899,-4.624165
6378137.253863,0.737729,-4.643672
6378137.253887,0.740559,-4.663178
6378137.253908,0.743391,-4.682684
6378137.253928,0.746225,-4.702191
6378137.253946,0.749059,-4.721696
6378137.253961,0.751895,-4.741202
6378137.253975,0.754733,-4.760708
6378137.253987,0.757572,-4.780213
6378137.253996,0.760412,-4.799718
6378137.254004,0.763253,-4.819223
6378137.254010,0.766096,-4.838728
6378137.254014,0.768940,-4.858233
6378137.254016,0.771785,-4.877737
6378137.254017,0.774632,-4.897241
6378137.254015,0.777480,-4.916745
6378137.254011,0.780329,-4.936249
6378137.254006,0.783180,-4.955753
6378137.253999,0.786032,-4.975256
6378137.253990,0.788885,-4.994759
6378137.253979,0.791739,-5.014263
6378137.253966,0.794595,-5.033765
6378137.253952,0.797451,-5.053268
6378137.253935,0.800310,-5.072771
6378137.253917,0.803169,-5.092273
6378137.253897,0.806029,-5.111775
6378137.253875,0.808891,-5.131277
6378137.253852,0.811754,-5.150779
6378137.253827,0.814618,-5.170281
6378137.253800,0.817484,-5.189782
6378137.253771,0.820350,-5.209283
6378137.253741,0.823218,-5.228785
6378137.253708,0.826087,-5.248285
6378137.253675,0.828957,-5.267786
6378137.253639,0.831828,-5.287287
6378137.253602,0.834701,-5.306787
6378137.253563,0.837574,-5.326287
6378137.253522,0.840449,-5.345787
6378137.253480,0.843325,-5.365287
6378137.253436,0.846202,-5.384787
6378137.253390,0.849080,-5.404287
6378137.253343,0.851959,-5.423786
6378137.253294,0.854840,-5.443285
6378137.253244,0.857721,-5.462784
6378137.253191,0.860604,-5.482283
6378137.253138,0.863488,-5.501782
6378137.253082,0.866372,-5.521280
6378137.253025,0.869258,-5.540779
6378137.252967,0.872145,-5.560277
6378137.252907,0.875033,-5.579775
6378137.252845,0.877923,-5.599273
6378137.252782,0.880813,-5.618770
6378137.252717,0.883704,-5.638268
6378137.252651,0.886596,-5.657765
6378137.252583,0.889490,-5.677263
6378137.252514,0.892384,-5.696760
6378137.252443,0.895279,-5.716256
6378137.252370,0.898176,-5.735753
6378137.252296,0.901073,-5.755250
6378137.252221,0.903972,-5.774746
6378137.252144,0.906871,-5.794243
6378137.252066,0.909772,-5.813739
6378137.251986,0.912674,-5.833235
6378137.251905,0.915576,-5.852730
6378137.251822,0.918480,-5.872226
6378137.251738,0.921384,-5.891722
6378137.251652,0.924290,-5.911217
6378137.251565,0.927196,-5.930712
6378137.251476,0.930104,-5.950207
6378137.251386,0.933012,-5.969702
6378137.251295,0.935921,-5.989197
6378137.251202,0.938832,-6.008691
6378137.251108,0.941743,-6.028186
6378137.251013,0.944655,-6.047680
6378137.250916,0.947568,-6.067174
6378137.250817,0.950482,-6.086668
6378137.250718,0.953397,-6.106162
6378137.250617,0.956313,-6.125656
6378137.250514,0.959230,-6.145149
6378137.250411,0.962148,-6.164643
6378137.250306,0.965067,-6.184136
6378137.250199,0.967986,-6.203629
6378137.250091,0.970907,-6.223122
6378137.249982,0.973828,-6.242615
6378137.249872,0.976751,-6.262108
6378137.249760,0.979674,-6.281600
6378137.249647,0.982598,-6.301093
6378137.249533,0.985523,-6.320585
6378137.249418,0.988449,-6.340077
6378137.249301,0.991375,-6.359569
6378137.249183,0.994303,-6.379061
6378137.249063,0.997231,-6.398553
6378137.248943,1.000161,-6.418044
6378137.248821,1.003091,-6.437536
6378137.248698,1.006022,-6.457027
6378137.248574,1.008954,-6.476518
6378137.248448,1.011886,-6.496009
6378137.248321,1.014820,-6.515500
6378137.248193,1.017754,-6.534991
6378137.248064,1.020689,-6.554482
6378137.247933,1.023625,-6.573972
6378137.247802,1.026562,-6.593463
6378137.247669,1.029499,-6.612953
6378137.247535,1.032438,-6.632443
6378137.247400,1.035377,-6.651933
6378137.247263,1.038317,-6.671423
6378137.247126,1.041258,-6.690913
6378137.246987,1.044199,-6.710403
6378137.246847,1.047141,-6.729892
6378137.246706,1.050085,-6.749381
6378137.246564,1.053028,-6.768871
6378137.246421,1.055973,-6.788360
6378137.246276,1.058919,-6.807849
6378137.246131,1.061865,-6.827338
6378137.245984,1.064812,-6.846826
6378137.245836,1.067759,-6.866315
6378137.245687,1.070708,-6.885804
6378137.245537,1.073657,-6.905292
6378137.245386,1.076607,-6.924780
6378137.245234,1.079558,-6.944268
6378137.245081,1.082509,-6.963756
6378137.244926,1.085461,-6.983244
6378137.244771,1.088414,-7.002732
6378137.244614,1.091368,-7.022220
6378137.244457,1.094322,-7.041707
6378137.244298,1.097277,-7.061195
6378137.244139,1.100233,-7.080682
6378137.243978,1.103189,-7.100169
6378137.243816,1.106146,-7.119657
6378137.243653,1.109104,-7.139143
6378137.243489,1.112063,-7.158630
6378137.243324,1.115022,-7.178117
6378137.243159,1.117982,-7.197604
6378137.242992,1.120943,-7.217090
6378137.242824,1.123904,-7.236577
6378137.242655,1.126866,-7.256063
6378137.242485,1.129829,-7.275549
6378137.242314,1.132792,-7.295035
6378137.242142,1.135756,-7.314521
6378137.241969,1.138720,-7.334007
6378137.241795,1.141686,-7.353493
6378137.241620,1.144652,-7.372978
6378137.241445,1.147618,-7.392464
6378137.241268,1.150586,-7.411949
6378137.241090,1.153554,-7.431435
6378137.240911,1.156522,-7.450920
6378137.240732,1.159491,-7.470405
6378137.240551,1.162461,-7.489890
6378137.240370,1.165432,-7.509375
6378137.240187,1.168403,-7.528860
6378137.240004,1.171375,-7.548344
6378137.239819,1.174347,-7.567829
6378137.239634,1.177320,-7.587313
6378137.239448,1.180293,-7.606798
6378137.239261,1.183268,-7.626282
6378137.239073,1.186242,-7.645766
6378137.238884,1.189218,-7.665250
6378137.238694,1.192194,-7.684734
6378137.238504,1.195170,-7.704218
6378137.238312,1.198148,-7.723702
6378137.238120,1.201125,-7.743186
6378137.237927,1.204104,-7.762669
6378137.237732,1.207083,-7.782153
6378137.237537,1.210062,-7.801636
6378137.237341,1.213043,-7.821119
6378137.237145,1.216023,-7.840603
6378137.236947,1.219005,-7.860086
6378137.236749,1.221986,-7.879569
6378137.236549,1.224969,-7.899052
6378137.236349,1.227952,-7.918534
6378137.236148,1.230936,-7.938017
6378137.235946,1.233920,-7.957500
6378137.235744,1.236904,-7.976982
6378137.235540,1.239890,-7.996465
6378137.235336,1.242875,-8.015947
6378137.235131,1.245862,-8.035429
6378137.234925,1.248849,-8.054911
6378137.234718,1.251836,-8.074393
6378137.234511,1.254824,-8.093875
6378137.234302,1.257812,-8.113357
6378137.234093,1.260802,-8.132839
6378137.233883,1.263791,-8.152321
6378137.233673,1.266781,-8.171802
6378137.233461,1.269772,-8.191284
6378137.233249,1.272763,-8.210765
6378137.233036,1.275755,-8.230246
6378137.232822,1.278747,-8.249728
6378137.232608,1.281739,-8.269209
6378137.232392,1.284733,-8.288690
6378137.232176,1.287726,-8.308171
6378137.231960,1.290721,-8.327652
6378137.231742,1.293715,-8.347133
6378137.231524,1.296710,-8.366613
6378137.231305,1.299706,-8.386094
6378137.231085,1.302702,-8.405575
6378137.230864,1.305699,-8.425055
6378137.230643,1.308696,-8.444535
6378137.230421,1.311694,-8.464016
6378137.230198,1.314692,-8.483496
6378137.229975,1.317691,-8.502976
6378137.229751,1.320690,-8.522456
6378137.229526,1.323690,-8.541936
6378137.229300,1.326690,-8.561416
6378137.229074,1.329690,-8.580896
6378137.228847,1.332691,-8.600376
6378137.228619,1.335693,-8.619855
6378137.228391,1.338695,-8.639335
6378137.228162,1.341697,-8.658814
6378137.227932,1.344700,-8.678294
6378137.227702,1.347703,-8.697773
6378137.227471,1.350707,-8.717252
6378137.227239,1.353711,-8.736732
6378137.227007,1.356716,-8.756211
6378137.226774,1.359721,-8.775690
6378137.226540,1.362727,-8.795169
6378137.226305,1.365733,-8.814648
6378137.226070,1.368739,-8.834126
6378137.225835,1.371746,-8.853605
6378137.225598,1.374753,-8.873084
6378137.225361,1.377761,-8.892562
6378137.225124,1.380769,-8.912041
6378137.224885,1.383778,-8.931519
6378137.224646,1.386787,-8.950998
6378137.224407,1.389796,-8.970476
6378137.224166,1.392806,-8.989954
6378137.223926,1.395817,-9.009432
6378137.223684,1.398827,-9.028910
6378137.223442,1.401838,-9.048388
6378137.223199,1.404850,-9.067866
6378137.222956,1.407862,-9.087344
6378137.222712,1.410874,-9.106822
6378137.222468,1.413887,-9.126300
6378137.222222,1.416900,-9.145777
6378137.221977,1.419914,-9.165255
6378137.221730,1.422928,-9.184732
6378137.221483,1.425942,-9.204210
6378137.221236,1.428957,-9.223687
6378137.220988,1.431972,-9.243164
6378137.220739,1.434988,-9.262642
6378137.220490,1.438004,-9.282119
6378137.220240,1.441020,-9.301596
6378137.219990,1.444037,-9.321073
6378137.219739,1.447054,-9.340550
6378137.219487,1.450072,-9.360027
6378137.219235,1.453089,-9.379503
6378137.218982,1.456108,-9.398980
6378137.218729,1.459126,-9.418457
6378137.218475,1.462145,-9.437934
6378137.218221,1.465165,-9.457410
6378137.217966,1.468184,-9.476887
6378137.217710,1.471205,-9.496363
6378137.217454,1.474225,-9.515839
6378137.217198,1.477246,-9.535316
6378137.216940,1.480267,-9.554792
6378137.216683,1.483289,-9.574268
6378137.216425,1.486311,-9.593744
6378137.216166,1.489333,-9.613220
6378137.215907,1.492355,-9.632696
6378137.215647,1.495378,-9.652172
6378137.215387,1.498402,-9.671648
6378137.215126,1.501425,-9.691124
6378137.214864,1.504449,-9.710600
6378137.214602,1.507474,-9.730075
6378137.214340,1.510499,-9.749551
6378137.214077,1.513524,-9.769026
6378137.213814,1.516549,-9.788502
6378137.213550,1.519575,-9.807977
6378137.213285,1.522601,-9.827453
6378137.213021,1.525627,-9.846928
6378137.212755,1.528654,-9.866403
6378137.212489,1.531681,-9.885879
6378137.212223,1.534708,-9.905354
6378137.211956,1.537736,-9.924829
6378137.211689,1.540764,-9.944304
6378137.211421,1.543793,-9.963779
6378137.211152,1.546821,-9.983254
6378137.210884,1.549850,-10.002729
6378137.210614,1.552880,-10.022204
6378137.210345,1.555909,-10.041678
6378137.210074,1.558939,-10.061153
6378137.209804,1.561969,-10.080628
6378137.209532,1.565000,-10.100102
6378137.209261,1.568031,-10.119577
6378137.208989,1.571062,-10.139051
6378137.208716,1.574094,-10.158526
6378137.208443,1.577126,-10.178000
6378137.208170,1.580158,-10.197474
6378137.207896,1.583190,-10.216949
6378137.207621,1.586223,-10.236423
6378137.207346,1.589256,-10.255897
6378137.207071,1.592289,-10.275371
6378137.206795,1.595323,-10.294845
6378137.206519,1.598357,-10.314319
6378137.206243,1.601391,-10.333793
6378137.205966,1.604425,-10.353267
6378137.205688,1.607460,-10.372741
6378137.205410,1.610495,-10.392215
6378137.205132,1.613531,-10.411688
6378137.204853,1.616566,-10.431162
6378137.204574,1.619602,-10.450636
6378137.204294,1.622638,-10.470109
6378137.204014,1.625675,-10.489583
6378137.203734,1.628712,-10.509056
6378137.203453,1.631749,-10.528530
6378137.203172,1.634786,-10.548003
6378137.202890,1.637824,-10.567477
6378137.202608,1.640861,-10.586950
6378137.202326,1.643900,-10.606423
6378137.202043,1.646938,-10.625896
6378137.201759,1.649977,-10.645370
6378137.201476,1.653016,-10.664843
6378137.201192,1.656055,-10.684316
6378137.200907,1.659094,-10.703789
6378137.200622,1.662134,-10.723262
6378137.200337,1.665174,-10.742735
6378137.200051,1.668214,-10.762208
6378137.199765,1.671255,-10.781680
6378137.199479,1.674296,-10.801153
6378137.199192,1.677337,-10.820626
6378137.198905,1.680378,-10.840099
6378137.198617,1.683419,-10.859571
6378137.198329,1.686461,-10.879044
6378137.198041,1.689503,-10.898516
6378137.197752,1.692546,-10.917989
6378137.197463,1.695588,-10.937461
6378137.197173,1.698631,-10.956934
6378137.196883,1.701674,-10.976406
6378137.196593,1.704717,-10.995879
6378137.196303,1.707761,-11.015351
6378137.196012,1.710804,-11.034823
6378137.195720,1.713848,-11.054295
6378137.195429,1.716893,-11.073767
6378137.195137,1.719937,-11.093240
6378137.194844,1.722982,-11.112712
6378137.194551,1.726027,-11.132184
6378137.194258,1.729072,-11.151656
6378137.193965,1.732117,-11.171128
6378137.193671,1.735163,-11.190600
6378137.193377,1.738209,-11.210071
6378137.193083,1.741255,-11.229543
6378137.192788,1.744301,-11.249015
6378137.192493,1.747348,-11.268487
6378137.192197,1.750395,-11.287959
6378137.191901,1.753442,-11.307430
6378137.191605,1.756489,-11.326902
6378137.191309,1.759536,-11.346373
6378137.191012,1.762584,-11.365845
6378137.190715,1.765632,-11.385317
6378137.190417,1.768680,-11.404788
6378137.190119,1.771729,-11.424259
6378137.189821,1.774777,-11.443731
6378137.189523,1.777826,-11.463202
6378137.189224,1.780875,-11.482673
6378137.188925,1.783924,-11.502145
6378137.188625,1.786973,-11.521616
6378137.188326,1.790023,-11.541087
6378137.188025,1.793073,-11.560558
6378137.187725,1.796123,-11.580030
6378137.187424,1.799173,-11.599501
6378137.187123,1.802224,-11.618972
6378137.186822,1.805274,-11.638443
6378137.186520,1.808325,-11.657914
6378137.186219,1.811376,-11.677385
6378137.185916,1.814427,-11.696856
6378137.185614,1.817479,-11.716326
6378137.185311,1.820531,-11.735797
6378137.185008,1.823582,-11.755268
6378137.184704,1.826634,-11.774739
6378137.184401,1.829687,-11.794210
6378137.184097,1.832739,-11.813680
6378137.183792,1.835792,-11.833151
6378137.183488,1.838845,-11.852621
6378137.183183,1.841898,-11.872092
6378137.182878,1.844951,-11.891563
6378137.182572,1.848004,-11.911033
6378137.182267,1.851058,-11.930504
6378137.181961,1.854112,-11.949974
6378137.181654,1.857166,-11.969444
6378137.181348,1.860220,-11.988915
6378137.181041,1.863274,-12.008385
6378137.180734,1.866329,-12.027856
6378137.180426,1.869383,-12.047326
6378137.180118,1.872438,-12.066796
6378137.179810,1.875493,-12.086266
6378137.179502,1.878549,-12.105736
6378137.179194,1.881604,-12.125207
6378137.178885,1.884660,-12.144677
6378137.178576,1.887716,-12.164147
6378137.178267,1.890772,-12.183617
6378137.177957,1.893828,-12.203087
6378137.177647,1.896884,-12.222557
6378137.177337,1.899941,-12.242027
6378137.177027,1.902997,-12.261497
6378137.176716,1.906054,-12.280967
6378137.176405,1.909111,-12.300437
6378137.176094,1.912168,-12.319906
6378137.175783,1.915226,-12.339376
6378137.175471,1.918283,-12.358846
6378137.175159,1.921341,-12.378316
6378137.174847,1.924399,-12.397785
6378137.174534,1.927457,-12.417255
6378137.174222,1.930515,-12.436725
6378137.173909,1.933573,-12.456194
6378137.173596,1.936632,-12.475664
6378137.173282,1.939691,-12.495134
6378137.172969,1.942749,-12.514603
6378137.172655,1.945808,-12.534073
6378137.172341,1.948868,-12.553542
6378137.172026,1.951927,-12.573012
6378137.171712,1.954986,-12.592481
6378137.171397,1.958046,-12.611950
6378137.171082,1.961106,-12.631420
6378137.170767,1.964166,-12.650889
6378137.170451,1.967226,-12.670358
6378137.170135,1.970286,-12.689828
6378137.169819,1.973347,-12.709297
6378137.169503,1.976407,-12.728766
6378137.169186,1.979468,-12.748235
6378137.168870,1.982529,-12.767704
6378137.168553,1.985590,-12.787174
6378137.168236,1.988651,-12.806643
6378137.167918,1.991712,-12.826112
6378137.167601,1.994774,-12.845581
6378137.167283,1.997835,-12.865050
6378137.166965,2.000897,-12.884519
6378137.166647,2.003959,-12.903988
6378137.166328,2.007021,-12.923457
6378137.166010,2.010083,-12.942926
6378137.165691,2.013146,-12.962395
6378137.165372,2.016208,-12.981864
6378137.165052,2.019271,-13.001332
6378137.164733,2.022333,-13.020801
6378137.164413,2.025396,-13.040270
6378137.164093,2.028459,-13.059739
6378137.163773,2.031523,-13.079208
6378137.163452,2.034586,-13.098676
6378137.163132,2.037649,-13.118145
6378137.162811,2.040713,-13.137614
6378137.162490,2.043777,-13.157082
6378137.162169,2.046840,-13.176551
6378137.161847,2.049904,-13.196020
6378137.161526,2.052969,-13.215488
6378137.161204,2.056033,-13.234957
6378137.160882,2.059097,-13.254425
6378137.160560,2.062162,-13.273894
6378137.160237,2.065226,-13.293362
6378137.159915,2.068291,-13.312831
6378137.159592,2.071356,-13.332299
6378137.159269,2.074421,-13.351767
6378137.158946,2.077486,-13.371236
6378137.158622,2.080552,-13.390704
6378137.158299,2.083617,-13.410173
6378137.157975,2.086683,-13.429641
6378137.157651,2.089748,-13.449109
6378137.157327,2.092814,-13.468577
6378137.157003,2.095880,-13.488046
6378137.156678,2.098946,-13.507514
6378137.156354,2.102012,-13.526982
6378137.156029,2.105079,-13.546450
6378137.155704,2.108145,-13.565918
6378137.155378,2.111212,-13.585387
6378137.155053,2.114278,-13.604855
6378137.154727,2.117345,-13.624323
6378137.154402,2.120412,-13.643791
6378137.154076,2.123479,-13.663259
6378137.153749,2.126546,-13.682727
6378137.153423,2.129613,-13.702195
6378137.153097,2.132681,-13.721663
6378137.152770,2.135748,-13.741131
6378137.152443,2.138816,-13.760599
6378137.152116,2.141884,-13.780067
6378137.151789,2.144951,-13.799535
6378137.151462,2.148019,-13.819003
6378137.151134,2.151087,-13.838470
6378137.150806,2.154156,-13.857938
6378137.150478,2.157224,-13.877406
6378137.150150,2.160292,-13.896874
6378137.149822,2.163361,-13.916342
6378137.149494,2.166429,-13.935809
6378137.149165,2.169498,-13.955277
6378137.148837,2.172567,-13.974745
6378137.148508,2.175636,-13.994213
6378137.148179,2.178705,-14.013680
6378137.147850,2.181774,-14.033148
6378137.147520,2.184843,-14.052616
6378137.147191,2.187913,-14.072083
6378137.146861,2.190982,-14.091551
6378137.146531,2.194052,-14.111018
6378137.146201,2.197121,-14.130486
6378137.145871,2.200191,-14.149953
6378137.145541,2.203261,-14.169421
6378137.145210,2.206331,-14.188888
6378137.144880,2.209401,-14.208356
6378137.144549,2.212471,-14.227823
6378137.144218,2.215542,-14.247291
6378137.143887,2.218612,-14.266758
6378137.143556,2.221683,-14.286226
6378137.143225,2.224753,-14.305693
6378137.142893,2.227824,-14.325160
6378137.142561,2.230895,-14.344628
6378137.142230,2.233965,-14.364095
6378137.141898,2.237036,-14.383562
6378137.141566,2.240108,-14.403030
6378137.141233,2.243179,-14.422497
6378137.140901,2.246250,-14.441964
6378137.140568,2.249321,-14.461432
6378137.140236,2.252393,-14.480899
6378137.139903,2.255464,-14.500366
6378137.139570,2.258536,-14.519833
6378137.139237,2.261608,-14.539300
6378137.138904,2.264680,-14.558768
6378137.138570,2.267752,-14.578235
6378137.138237,2.270824,-14.597702
6378137.137903,2.273896,-14.617169
6378137.137569,2.276968,-14.636636
6378137.137235,2.280040,-14.656103
6378137.136901,2.283113,-14.675570
6378137.136567,2.286185,-14.695037
6378137.136233,2.289258,-14.714504
6378137.135898,2.292330,-14.733971
6378137.135564,2.295403,-14.753438
6378137.135229,2.298476,-14.772905
6378137.134894,2.301549,-14.792372
6378137.134559,2.304622,-14.811839
6378137.134224,2.307695,-14.831306
6378137.133889,2.310768,-14.850773
6378137.133553,2.313841,-14.870240
6378137.133218,2.316915,-14.889707
6378137.132882,2.319988,-14.909174
6378137.132546,2.323062,-14.928641
6378137.132211,2.326135,-14.948107
6378137.131874,2.329209,-14.967574
6378137.131538,2.332283,-14.987041
6378137.131202,2.335357,-15.006508
6378137.130866,2.338431,-15.025975
6378137.130529,2.341505,-15.045441
6378137.130193,2.344579,-15.064908
6378137.129856,2.347653,-15.084375
6378137.129519,2.350727,-15.103842
6378137.129182,2.353801,-15.123308
6378137.128845,2.356876,-15.142775
6378137.128508,2.359950,-15.162242
6378137.128170,2.363025,-15.181708
6378137.127833,2.366099,-15.201175
6378137.127495,2.369174,-15.220642
6378137.127157,2.372249,-15.240108
6378137.126820,2.375324,-15.259575
6378137.126482,2.378399,-15.279041
6378137.126144,2.381474,-15.298508
6378137.125805,2.384549,-15.317975
6378137.125467,2.387624,-15.337441
6378137.125129,2.390699,-15.356908
6378137.124790,2.393775,-15.376374
6378137.124452,2.396850,-15.395841
6378137.124113,2.399926,-15.415307
6378137.123774,2.403001,-15.434774
6378137.123435,2.406077,-15.454240
6378137.123096,2.409153,-15.473707
6378137.122757,2.412228,-15.493173
6378137.122418,2.415304,-15.512640
6378137.122078,2.418380,-15.532106
6378137.121739,2.421456,-15.551572
6378137.121399,2.424532,-15.571039
6378137.121059,2.427608,-15.590505
6378137.120720,2.430684,-15.609971
6378137.120380,2.433761,-15.629438
6378137.120040,2.436837,-15.648904
6378137.119700,2.439913,-15.668370
6378137.119359,2.442990,-15.687837
6378137.119019,2.446066,-15.707303
6378137.118679,2.449143,-15.726769
6378137.118338,2.452220,-15.746236
6378137.117997,2.455296,-15.765702
6378137.117657,2.458373,-15.785168
6378137.117316,2.461450,-15.804634
6378137.116975,2.464527,-15.824101
6378137.116634,2.467604,-15.843567
6378137.116293,2.470681,-15.863033
6378137.115951,2.473758,-15.882499
6378137.115610,2.476835,-15.901965
6378137.115269,2.479913,-15.921432
6378137.114927,2.482990,-15.940898
6378137.114586,2.486067,-15.960364
6378137.114244,2.489145,-15.979830
6378137.113902,2.492222,-15.999296
6378137.113560,2.495300,-16.018762
6378137.113218,2.498378,-16.038228
6378137.112876,2.501455,-16.057694
6378137.112534,2.504533,-16.077160
6378137.112192,2.507611,-16.096627
6378137.111849,2.510689,-16.116093
6378137.111507,2.513767,-16.135559
6378137.111164,2.516845,-16.155025
6378137.110822,2.519923,-16.174491
6378137.110479,2.523001,-16.193957
6378137.110136,2.526079,-16.213423
6378137.109793,2.529157,-16.232889
6378137.109450,2.532236,-16.252355
6378137.109107,2.535314,-16.271821
6378137.108764,2.538392,-16.291287
6378137.108421,2.541471,-16.310753
6378137.108077,2.544550,-16.330218
6378137.107734,2.547628,-16.349684
6378137.107390,2.550707,-16.369150
6378137.107047,2.553785,-16.388616
6378137.106703,2.556864,-16.408082
6378137.106359,2.559943,-16.427548
6378137.106015,2.563022,-16.447014
6378137.105671,2.566101,-16.466480
6378137.105327,2.569180,-16.485946
6378137.104983,2.572259,-16.505411
6378137.104639,2.575338,-16.524877
6378137.104295,2.578417,-16.544343
6378137.103950,2.581496,-16.563809
6378137.103606,2.584576,-16.583275
6378137.103261,2.587655,-16.602740
6378137.102917,2.590734,-16.622206
6378137.102572,2.593814,-16.641672
6378137.102227,2.596893,-16.661138
6378137.101882,2.599973,-16.680603
6378137.101538,2.603052,-16.700069
6378137.101193,2.606132,-16.719535
6378137.100848,2.609212,-16.739001
6378137.100502,2.612291,-16.758466
6378137.100157,2.615371,-16.777932
6378137.099812,2.618451,-16.797398
6378137.099466,2.621531,-16.816863
6378137.099121,2.624611,-16.836329
6378137.098775,2.627691,-16.855795
6378137.098430,2.630771,-16.875260
6378137.098084,2.633851,-16.894726
6378137.097738,2.636931,-16.914192
6378137.097393,2.640011,-16.933657
6378137.097047,2.643091,-16.953123
6378137.096701,2.646172,-16.972589
6378137.096355,2.649252,-16.992054
6378137.096009,2.652332,-17.011520
6378137.095662,2.655413,-17.030985
6378137.095316,2.658493,-17.050451
6378137.094970,2.661574,-17.069916
6378137.094623,2.664654,-17.089382
6378137.094277,2.667735,-17.108848
6378137.093930,2.670815,-17.128313
6378137.093584,2.673896,-17.147779
6378137.093237,2.676977,-17.167244
6378137.092890,2.680058,-17.186710
6378137.092543,2.683139,-17.206175
6378137.092197,2.686219,-17.225641
6378137.091850,2.689300,-17.245106
6378137.091503,2.692381,-17.264572
6378137.091155,2.695462,-17.284037
6378137.090808,2.698543,-17.303503
6378137.090461,2.701624,-17.322968
6378137.090114,2.704706,-17.342434
6378137.089766,2.707787,-17.361899
6378137.089419,2.710868,-17.381364
6378137.089072,2.713949,-17.400830
6378137.088724,2.717031,-17.420295
6378137.088376,2.720112,-17.439761
6378137.088029,2.723193,-17.459226
6378137.087681,2.726275,-17.478691
6378137.087333,2.729356,-17.498157
6378137.086985,2.732438,-17.517622
6378137.086637,2.735519,-17.537088
6378137.086289,2.738601,-17.556553
6378137.085941,2.741683,-17.576018
6378137.085593,2.744764,-17.595484
6378137.085245,2.747846,-17.614949
6378137.084897,2.750928,-17.634414
6378137.084548,2.754010,-17.653880
6378137.084200,2.757091,-17.673345
6378137.083852,2.760173,-17.692810
6378137.083503,2.763255,-17.712276
6378137.083155,2.766337,-17.731741
6378137.082806,2.769419,-17.751206
6378137.082457,2.772501,-17.770671
6378137.082109,2.775583,-17.790137
6378137.081760,2.778666,-17.809602
6378137.081411,2.781748,-17.829067
6378137.081062,2.784830,-17.848533
6378137.080713,2.787912,-17.867998
6378137.080364,2.790994,-17.887463
6378137.080015,2.794077,-17.906928
6378137.079666,2.797159,-17.926393
6378137.079317,2.800242,-17.945859
6378137.078968,2.803324,-17.965324
6378137.078618,2.806406,-17.984789
6378137.078269,2.809489,-18.004254
6378137.077919,2.812571,-18.023719
6378137.077570,2.815654,-18.043185
6378137.077221,2.818737,-18.062650
6378137.076871,2.821819,-18.082115
6378137.076521,2.824902,-18.101580
6378137.076172,2.827985,-18.121045
6378137.075822,2.831067,-18.140510
6378137.075472,2.834150,-18.159976
6378137.075122,2.837233,-18.179441
6378137.074772,2.840316,-18.198906
6378137.074423,2.843399,-18.218371
6378137.074073,2.846482,-18.237836
6378137.073722,2.849565,-18.257301
6378137.073372,2.852648,-18.276766
6378137.073022,2.855731,-18.296231
6378137.072672,2.858814,-18.315697
6378137.072322,2.861897,-18.335162
6378137.071972,2.864980,-18.354627
6378137.071621,2.868063,-18.374092
6378137.071271,2.871146,-18.393557
6378137.070920,2.874230,-18.413022
6378137.070570,2.877313,-18.432487
6378137.070219,2.880396,-18.451952
6378137.069869,2.883479,-18.471417
6378137.069518,2.886563,-18.490882
6378137.069167,2.889646,-18.510347
6378137.068817,2.892730,-18.529812
6378137.068466,2.895813,-18.549277
6378137.068115,2.898896,-18.568742
6378137.067764,2.901980,-18.588207
6378137.067413,2.905064,-18.607672
6378137.067062,2.908147,-18.627137
6378137.066711,2.911231,-18.646602
6378137.066360,2.914314,-18.666067
6378137.066009,2.917398,-18.685532
6378137.065658,2.920482,-18.704997
6378137.065307,2.923565,-18.724462
6378137.064956,2.926649,-18.743927
6378137.064604,2.929733,-18.763392
6378137.064253,2.932817,-18.782857
6378137.063902,2.935901,-18.802322
6378137.063550,2.938985,-18.821787
6378137.063199,2.942068,-18.841252
6378137.062847,2.945152,-18.860717
6378137.062496,2.948236,-18.880182
6378137.062144,2.951320,-18.899647
6378137.061792,2.954404,-18.919112
6378137.061441,2.957488,-18.938576
6378137.061089,2.960572,-18.958041
6378137.060737,2.963657,-18.977506
6378137.060385,2.966741,-18.996971
6378137.060034,2.969825,-19.016436
6378137.059682,2.972909,-19.035901
6378137.059330,2.975993,-19.055366
6378137.058978,2.979077,-19.074831
6378137.058626,2.982162,-19.094296
6378137.058274,2.985246,-19.113760
6378137.057922,2.988330,-19.133225
6378137.057569,2.991415,-19.152690
6378137.057217,2.994499,-19.172155
6378137.056865,2.997583,-19.191620
6378137.056513,3.000668,-19.211085
6378137.056160,3.003752,-19.230549
6378137.055808,3.006837,-19.250014
6378137.055456,3.009921,-19.269479
6378137.055103,3.013006,-19.288944
6378137.054751,3.016090,-19.308409
6378137.054398,3.019175,-19.327874
6378137.054046,3.022260,-19.347338
6378137.053693,3.025344,-19.366803
6378137.053341,3.028429,-19.386268
6378137.052988,3.031514,-19.405733
6378137.052635,3.034598,-19.425198
6378137.052283,3.037683,-19.444662
6378137.051930,3.040768,-19.464127
6378137.051577,3.043853,-19.483592
6378137.051224,3.046937,-19.503057
6378137.050871,3.050022,-19.522521
6378137.050518,3.053107,-19.541986
6378137.050165,3.056192,-19.561451
6378137.049813,3.059277,-19.580916
6378137.049459,3.062362,-19.600380
6378137.049106,3.065447,-19.619845
6378137.048753,3.068532,-19.639310
6378137.048400,3.071617,-19.658775
6378137.048047,3.074702,-19.678239
6378137.047694,3.077787,-19.697704
6378137.047341,3.080872,-19.717169
6378137.046987,3.083957,-19.736634
6378137.046634,3.087042,-19.756098
6378137.046281,3.090127,-19.775563
6378137.045927,3.093212,-19.795028
6378137.045574,3.096297,-19.814492
6378137.045221,3.099383,-19.833957
6378137.044867,3.102468,-19.853422
6378137.044514,3.105553,-19.872886
6378137.044160,3.108638,-19.892351
6378137.043807,3.111724,-19.911816
6378137.043453,3.114809,-19.931281
6378137.043099,3.117894,-19.950745
6378137.042746,3.120980,-19.970210
6378137.042392,3.124065,-19.989675
6378137.042038,3.127150,-20.009139
6378137.041684,3.130236,-20.028604
6378137.041331,3.133321,-20.048068
6378137.040977,3.136407,-20.067533
6378137.040623,3.139492,-20.086998
6378137.040269,3.142578,-20.106462
6378137.039915,3.145663,-20.125927
6378137.039561,3.148749,-20.145392
6378137.039207,3.151834,-20.164856
6378137.038853,3.154920,-20.184321
6378137.038499,3.158006,-20.203786
6378137.038145,3.161091,-20.223250
6378137.037791,3.164177,-20.242715
6378137.037437,3.167263,-20.262179
6378137.037083,3.170348,-20.281644
6378137.036729,3.173434,-20.301109
6378137.036374,3.176520,-20.320573
6378137.036020,3.179605,-20.340038
6378137.035666,3.182691,-20.359502
6378137.035312,3.185777,-20.378967
6378137.034957,3.188863,-20.398432
6378137.034603,3.191949,-20.417896
6378137.034248,3.195034,-20.437361
6378137.033894,3.198120,-20.456825
6378137.033540,3.201206,-20.476290
6378137.033185,3.204292,-20.495754
6378137.032831,3.207378,-20.515219
6378137.032476,3.210464,-20.534684
6378137.032121,3.213550,-20.554148
6378137.031767,3.216636,-20.573613
6378137.031412,3.219722,-20.593077
6378137.031058,3.222808,-20.612542
6378137.030703,3.225894,-20.632006
6378137.030348,3.228980,-20.651471
6378137.029994,3.232066,-20.670935
6378137.029639,3.235152,-20.690400
6378137.029284,3.238238,-20.709864
6378137.028929,3.241324,-20.729329
6378137.028574,3.244410,-20.748794
6378137.028220,3.247496,-20.768258
6378137.027865,3.250583,-20.787723
6378137.027510,3.253669,-20.807187
6378137.027155,3.256755,-20.826652
6378137.026800,3.259841,-20.846116
6378137.026445,3.262927,-20.865581
6378137.026090,3.266014,-20.885045
6378137.025735,3.269100,-20.904510
6378137.025380,3.272186,-20.923974
6378137.025025,3.275272,-20.943439
6378137.024670,3.278359,-20.962903
6378137.024314,3.281445,-20.982368
6378137.023959,3.284531,-21.001832
6378137.023604,3.287618,-21.021297
6378137.023249,3.290704,-21.040761
6378137.022894,3.293791,-21.060225
6378137.022538,3.296877,-21.079690
6378137.022183,3.299963,-21.099154
6378137.021828,3.303050,-21.118619
6378137.021472,3.306136,-21.138083
6378137.021117,3.309223,-21.157548
6378137.020762,3.312309,-21.177012
6378137.020406,3.315396,-21.196477
6378137.020051,3.318482,-21.215941
6378137.019695,3.321569,-21.235406
6378137.019340,3.324655,-21.254870
6378137.018984,3.327742,-21.274334
6378137.018629,3.330829,-21.293799
6378137.018273,3.333915,-21.313263
6378137.017918,3.337002,-21.332728
6378137.017562,3.340088,-21.352192
6378137.017207,3.343175,-21.371657
6378137.016851,3.346262,-21.391121
6378137.016495,3.349348,-21.410586
6378137.016140,3.352435,-21.430050
6378137.015784,3.355522,-21.449514
6378137.015428,3.358608,-21.468979
6378137.015073,3.361695,-21.488443
6378137.014717,3.364782,-21.507908
6378137.014361,3.367869,-21.527372
6378137.014005,3.370955,-21.546836
6378137.013649,3.374042,-21.566301
6378137.013294,3.377129,-21.585765
6378137.012938,3.380216,-21.605230
6378137.012582,3.383303,-21.624694
6378137.012226,3.386389,-21.644158
6378137.011870,3.389476,-21.663623
6378137.011514,3.392563,-21.683087
6378137.011158,3.395650,-21.702552
6378137.010802,3.398737,-21.722016
6378137.010446,3.401824,-21.741480
6378137.010090,3.404911,-21.760945
6378137.009734,3.407998,-21.780409
6378137.009378,3.411085,-21.799873
6378137.009022,3.414172,-21.819338
6378137.008666,3.417258,-21.838802
6378137.008310,3.420345,-21.858267
6378137.007954,3.423432,-21.877731
6378137.007597,3.426519,-21.897195
6378137.007241,3.429606,-21.916660
6378137.006885,3.432693,-21.936124
6378137.006529,3.435781,-21.955588
6378137.006173,3.438868,-21.975053
6378137.005816,3.441955,-21.994517
6378137.005460,3.445042,-22.013981
6378137.005104,3.448129,-22.033446
6378137.004747,3.451216,-22.052910
6378137.004391,3.454303,-22.072374
6378137.004035,3.457390,-22.091839
6378137.003678,3.460477,-22.111303
6378137.003322,3.463564,-22.130767
6378137.002966,3.466652,-22.150232
6378137.002609,3.469739,-22.169696
6378137.002253,3.472826,-22.189160
6378137.001896,3.475913,-22.208625
6378137.001540,3.479000,-22.228089
6378137.001183,3.482088,-22.247553
6378137.000827,3.485175,-22.267018
6378137.000470,3.488262,-22.286482
6378137.000114,3.491349,-22.305946
6378136.999757,3.494437,-22.325411
6378136.999401,3.497524,-22.344875
6378136.999044,3.500611,-22.364339
6378136.998687,3.503699,-22.383804
6378136.998331,3.506786,-22.403268
6378136.997974,3.509873,-22.422732
6378136.997617,3.512961,-22.442196
6378136.997261,3.516048,-22.461661
6378136.996904,3.519135,-22.481125
6378136.996547,3.522223,-22.500589
6378136.996191,3.525310,-22.520054
6378136.995834,3.528397,-22.539518
6378136.995477,3.531485,-22.558982
6378136.995120,3.534572,-22.578446
6378136.994764,3.537660,-22.597911
6378136.994407,3.540747,-22.617375
6378136.994050,3.543834,-22.636839
6378136.993693,3.546922,-22.656304
6378136.993336,3.550009,-22.675768
6378136.992979,3.553097,-22.695232
6378136.992622,3.556184,-22.714696
6378136.992266,3.559272,-22.734161
6378136.991909,3.562359,-22.753625
6378136.991552,3.565447,-22.773089
6378136.991195,3.568534,-22.792553
6378136.990838,3.571622,-22.812018
6378136.990481,3.574709,-22.831482
6378136.990124,3.577797,-22.850946
6378136.989767,3.580885,-22.870410
6378136.989410,3.583972,-22.889875
6378136.989053,3.587060,-22.909339
6378136.988696,3.590147,-22.928803
6378136.988339,3.593235,-22.948267
6378136.987982,3.596323,-22.967732
6378136.987624,3.599410,-22.987196
6378136.987267,3.602498,-23.006660
6378136.986910,3.605585,-23.026124
6378136.986553,3.608673,-23.045589
6378136.986196,3.611761,-23.065053
6378136.985839,3.614848,-23.084517
6378136.985482,3.617936,-23.103981
6378136.985124,3.621024,-23.123446
6378136.984767,3.624112,-23.142910
6378136.984410,3.627199,-23.162374
6378136.984053,3.630287,-23.181838
6378136.983695,3.633375,-23.201303
6378136.983338,3.636462,-23.220767
6378136.982981,3.639550,-23.240231
6378136.982624,3.642638,-23.259695
6378136.982266,3.645726,-23.279159
6378136.981909,3.648813,-23.298624
6378136.981552,3.651901,-23.318088
6378136.981194,3.654989,-23.337552
6378136.980837,3.658077,-23.357016
6378136.980480,3.661165,-23.376481
6378136.980122,3.664252,-23.395945
6378136.979765,3.667340,-23.415409
6378136.979407,3.670428,-23.434873
6378136.979050,3.673516,-23.454337
6378136.978693,3.676604,-23.473802
6378136.978335,3.679692,-23.493266
6378136.977978,3.682779,-23.512730
6378136.977620,3.685867,-23.532194
6378136.977263,3.688955,-23.551658
6378136.976905,3.692043,-23.571123
6378136.976548,3.695131,-23.590587
6378136.976190,3.698219,-23.610051
6378136.975833,3.701307,-23.629515
6378136.975475,3.704395,-23.648979
6378136.975118,3.707483,-23.668444
6378136.974760,3.710571,-23.687908
6378136.974403,3.713658,-23.707372
6378136.974045,3.716746,-23.726836
6378136.973687,3.719834,-23.746300
6378136.973330,3.722922,-23.765764
6378136.972972,3.726010,-23.785229
6378136.972614,3.729098,-23.804693
6378136.972257,3.732186,-23.824157
6378136.971899,3.735274,-23.843621
6378136.971541,3.738362,-23.863085
6378136.971184,3.741450,-23.882550
6378136.970826,3.744538,-23.902014
6378136.970468,3.747626,-23.921478
6378136.970111,3.750714,-23.940942
6378136.969753,3.753802,-23.960406
6378136.969395,3.756890,-23.979870
6378136.969037,3.759978,-23.999335
6378136.968680,3.763067,-24.018799
6378136.968322,3.766155,-24.038263
6378136.967964,3.769243,-24.057727
6378136.967606,3.772331,-24.077191
6378136.967249,3.775419,-24.096655
6378136.966891,3.778507,-24.116119
6378136.966533,3.781595,-24.135584
6378136.966175,3.784683,-24.155048
6378136.965817,3.787771,-24.174512
6378136.965459,3.790859,-24.193976
6378136.965102,3.793948,-24.213440
6378136.964744,3.797036,-24.232904
6378136.964386,3.800124,-24.252369
6378136.964028,3.803212,-24.271833
6378136.963670,3.806300,-24.291297
6378136.963312,3.809388,-24.310761
6378136.962954,3.812476,-24.330225
6378136.962596,3.815565,-24.349689
6378136.962238,3.818653,-24.369153
6378136.961880,3.821741,-24.388618
6378136.961522,3.824829,-24.408082
6378136.961164,3.827917,-24.427546
6378136.960806,3.831006,-24.447010
6378136.960448,3.834094,-24.466474
6378136.960090,3.837182,-24.485938
6378136.959732,3.840270,-24.505402
6378136.959374,3.843358,-24.524866
6378136.959016,3.846447,-24.544331
6378136.958658,3.849535,-24.563795
6378136.958300,3.852623,-24.583259
6378136.957942,3.855711,-24.602723
6378136.957584,3.858800,-24.622187
6378136.957226,3.861888,-24.641651
6378136.956868,3.864976,-24.661115
6378136.956510,3.868065,-24.680579
6378136.956152,3.871153,-24.700044
6378136.955794,3.874241,-24.719508
6378136.955436,3.877329,-24.738972
6378136.955077,3.880418,-24.758436
6378136.954719,3.883506,-24.777900
6378136.954361,3.886594,-24.797364
6378136.954003,3.889683,-24.816828
6378136.953645,3.892771,-24.836292
6378136.953287,3.895859,-24.855757
6378136.952928,3.898948,-24.875221
6378136.952570,3.902036,-24.894685
6378136.952212,3.905124,-24.914149
6378136.951854,3.908213,-24.933613
6378136.951496,3.911301,-24.953077
6378136.951137,3.914390,-24.972541
6378136.950779,3.917478,-24.992005
6378136.950421,3.920566,-25.011469
6378136.950063,3.923655,-25.030934
6378136.949704,3.926743,-25.050398
6378136.949346,3.929831,-25.069862
6378136.948988,3.932920,-25.089326
6378136.948630,3.936008,-25.108790
6378136.948271,3.939097,-25.128254
6378136.947913,3.942185,-25.147718
6378136.947556,3.945277,-25.167182
6378136.947202,3.948377,-25.186645
6378136.946851,3.951486,-25.206107
6378136.946505,3.954609,-25.225568
6378136.946164,3.957747,-25.245027
6378136.945830,3.960903,-25.264485
6378136.945502,3.964079,-25.283941
6378136.945182,3.967276,-25.303395
6378136.944870,3.970497,-25.322846
6378136.944567,3.973742,-25.342296
6378136.944273,3.977013,-25.361742
6378136.943987,3.980312,-25.381186
6378136.943712,3.983638,-25.400627
6378136.943447,3.986995,-25.420065
6378136.943191,3.990381,-25.439500
6378136.942946,3.993798,-25.458931
6378136.942712,3.997248,-25.478359
6378136.942488,4.000729,-25.497784
6378136.942275,4.004244,-25.517205
6378136.942073,4.007792,-25.536622
6378136.941882,4.011374,-25.556035
6378136.941701,4.014991,-25.575445
6378136.941532,4.018642,-25.594851
6378136.941374,4.022329,-25.614252
6378136.941227,4.026051,-25.633649
6378136.941092,4.029809,-25.653042
6378136.940967,4.033604,-25.672431
6378136.940854,4.037434,-25.691815
6378136.940751,4.041301,-25.711194
6378136.940660,4.045206,-25.730569
6378136.940579,4.049147,-25.749940
6378136.940510,4.053125,-25.769305
6378136.940451,4.057140,-25.788666
6378136.940404,4.061193,-25.808022
6378136.940367,4.065284,-25.827372
6378136.940341,4.069412,-25.846718
6378136.940325,4.073578,-25.866059
6378136.940321,4.077782,-25.885394
6378136.940326,4.082024,-25.904724
6378136.940343,4.086304,-25.924049
6378136.940369,4.090622,-25.943368
6378136.940406,4.094979,-25.962682
6378136.940454,4.099374,-25.981990
6378136.940511,4.103807,-26.001292
6378136.940578,4.108279,-26.020589
6378136.940656,4.112789,-26.039880
6378136.940743,4.117337,-26.059166
6378136.940841,4.121925,-26.078445
6378136.940948,4.126551,-26.097718
6378136.941064,4.131215,-26.116986
6378136.941190,4.135919,-26.136247
6378136.941326,4.140661,-26.155502
6378136.941471,4.145442,-26.174751
6378136.941626,4.150262,-26.193993
6378136.941789,4.155120,-26.213230
6378136.941962,4.160018,-26.232459
6378136.942144,4.164955,-26.251683
6378136.942335,4.169930,-26.270899
6378136.942534,4.174944,-26.290109
6378136.942743,4.179998,-26.309313
6378136.942960,4.185090,-26.328510
6378136.943185,4.190222,-26.347699
6378136.943419,4.195393,-26.366882
6378136.943662,4.200602,-26.386058
6378136.943913,4.205851,-26.405227
6378136.944172,4.211139,-26.424389
6378136.944439,4.216467,-26.443544
6378136.944714,4.221833,-26.462692
6378136.944997,4.227239,-26.481832
6378136.945288,4.232684,-26.500965
6378136.945587,4.238168,-26.520091
6378136.945893,4.243691,-26.539209
6378136.946207,4.249254,-26.558320
6378136.946529,4.254855,-26.577423
6378136.946858,4.260497,-26.596519
6378136.947194,4.266177,-26.615607
6378136.947537,4.271897,-26.634687
6378136.947887,4.277656,-26.653759
6378136.948245,4.283455,-26.672824
6378136.948609,4.289293,-26.691880
6378136.948980,4.295170,-26.710928
6378136.949358,4.301087,-26.729969
6378136.949743,4.307043,-26.749001
6378136.950134,4.313039,-26.768025
6378136.950532,4.319074,-26.787041
6378136.950936,4.325149,-26.806048
6378136.951346,4.331263,-26.825047
6378136.951762,4.337416,-26.844038
6378136.952185,4.343609,-26.863020
6378136.952613,4.349842,-26.881993
6378136.953047,4.356114,-26.900958
6378136.953487,4.362425,-26.919914
6378136.953933,4.368776,-26.938862
6378136.954385,4.375167,-26.957800
6378136.954842,4.381597,-26.976730
6378136.955304,4.388067,-26.995651
6378136.955772,4.394576,-27.014563
6378136.956245,4.401125,-27.033465
6378136.956723,4.407713,-27.052359
6378136.957206,4.414341,-27.071243
6378136.957695,4.421009,-27.090118
6378136.958188,4.427716,-27.108984
6378136.958686,4.434463,-27.127841
6378136.959188,4.441250,-27.146688
6378136.959695,4.448076,-27.165525
6378136.960207,4.454941,-27.184353
6378136.960723,4.461847,-27.203171
6378136.961243,4.468792,-27.221980
6378136.961768,4.475776,-27.240778
6378136.962297,4.482801,-27.259567
6378136.962830,4.489865,-27.278347
6378136.963366,4.496968,-27.297116
6378136.963907,4.504112,-27.315875
6378136.964451,4.511294,-27.334624
6378136.965000,4.518517,-27.353363
6378136.965551,4.525779,-27.372092
6378136.966106,4.533081,-27.390810
6378136.966665,4.540423,-27.409519
6378136.967227,4.547804,-27.428217
6378136.967792,4.555225,-27.446904
6378136.968360,4.562686,-27.465581
6378136.968931,4.570186,-27.484247
6378136.969505,4.577727,-27.502903
6378136.970082,4.585306,-27.521548
6378136.970662,4.592926,-27.540183
6378136.971245,4.600585,-27.558806
6378136.971830,4.608284,-27.577419
6378136.972417,4.616022,-27.596021
6378136.973007,4.623801,-27.614612
6378136.973599,4.631619,-27.633192
6378136.974193,4.639476,-27.651760
6378136.974790,4.647374,-27.670318
6378136.975388,4.655311,-27.688864
6378136.975989,4.663287,-27.707399
6378136.976591,4.671304,-27.725923
6378136.977195,4.679360,-27.744435
6378136.977801,4.687456,-27.762936
6378136.978408,4.695591,-27.781425
6378136.979017,4.703766,-27.799903
6378136.979627,4.711981,-27.818369
6378136.980238,4.720236,-27.836823
6378136.980851,4.728530,-27.855266
6378136.981465,4.736864,-27.873696
6378136.982080,4.745237,-27.892115
6378136.982695,4.753651,-27.910522
6378136.983312,4.762103,-27.928917
6378136.983929,4.770596,-27.947300
6378136.984547,4.779128,-27.965670
6378136.985166,4.787700,-27.984029
6378136.985784,4.796311,-28.002375
6378136.986404,4.804962,-28.020709
6378136.987024,4.813653,-28.039030
6378136.987643,4.822383,-28.057339
6378136.988263,4.831153,-28.075636
6378136.988883,4.839963,-28.093920
6378136.989503,4.848812,-28.112191
6378136.990123,4.857701,-28.130450
6378136.990743,4.866629,-28.148696
6378136.991362,4.875597,-28.166929
6378136.991981,4.884604,-28.185149
6378136.992599,4.893651,-28.203356
6378136.993217,4.902738,-28.221551
6378136.993834,4.911864,-28.239732
6378136.994450,4.921029,-28.257900
6378136.995065,4.930235,-28.276055
6378136.995680,4.939479,-28.294197
6378136.996293,4.948764,-28.312326
6378136.996905,4.958087,-28.330441
6378136.997516,4.967450,-28.348543
6378136.998126,4.976853,-28.366631
6378136.998734,4.986295,-28.384706
6378136.999341,4.995777,-28.402768
6378136.999946,5.005298,-28.420815
6378137.000550,5.014858,-28.438849
6378137.001151,5.024458,-28.456869
6378137.001751,5.034097,-28.474876
6378137.002349,5.043776,-28.492868
6378137.002945,5.053494,-28.510847
6378137.003539,5.063252,-28.528812
6378137.004131,5.073048,-28.546762
6378137.004720,5.082884,-28.564699
6378137.005307,5.092760,-28.582621
6378137.005891,5.102675,-28.600529
6378137.006473,5.112629,-28.618423
6378137.007053,5.122622,-28.636302
6378137.007629,5.132655,-28.654167
6378137.008203,5.142727,-28.672018
6378137.008774,5.152838,-28.689854
6378137.009342,5.162989,-28.707675
6378137.009907,5.173178,-28.725482
6378137.010468,5.183407,-28.743274
6378137.011026,5.193675,-28.761051
6378137.011582,5.203982,-28.778814
6378137.012133,5.214329,-28.796562
6378137.012681,5.224714,-28.814294
6378137.013226,5.235139,-28.832012
6378137.013766,5.245603,-28.849715
6378137.014303,5.256105,-28.867402
6378137.014837,5.266647,-28.885075
6378137.015366,5.277228,-28.902732
6378137.015891,5.287848,-28.920374
6378137.016412,5.298507,-28.938000
6378137.016929,5.309205,-28.955612
6378137.017442,5.319942,-28.973207
6378137.017950,5.330718,-28.990787
6378137.018453,5.341533,-29.008352
6378137.018953,5.352387,-29.025901
6378137.019447,5.363280,-29.043434
6378137.019937,5.374212,-29.060952
6378137.020422,5.385182,-29.078453
6378137.020902,5.396192,-29.095939
6378137.021377,5.407240,-29.113409
6378137.021847,5.418327,-29.130863
6378137.022312,5.429452,-29.148301
6378137.022772,5.440617,-29.165723
6378137.023226,5.451820,-29.183128
6378137.023675,5.463062,-29.200518
6378137.024119,5.474343,-29.217891
6378137.024557,5.485663,-29.235248
6378137.024989,5.497021,-29.252588
6378137.025416,5.508417,-29.269912
6378137.025837,5.519853,-29.287220
6378137.026251,5.531326,-29.304511
6378137.026660,5.542839,-29.321785
6378137.027063,5.554390,-29.339043
6378137.027460,5.565979,-29.356284
6378137.027850,5.577608,-29.373508
6378137.028234,5.589274,-29.390715
6378137.028612,5.600979,-29.407906
6378137.028983,5.612722,-29.425079
6378137.029348,5.624504,-29.442236
6378137.029705,5.636324,-29.459375
6378137.030057,5.648183,-29.476497
6378137.030401,5.660080,-29.493603
6378137.030738,5.672015,-29.510690
6378137.031069,5.683988,-29.527761
6378137.031392,5.696000,-29.544814
6378137.031709,5.708050,-29.561850
6378137.032018,5.720138,-29.578868
6378137.032319,5.732264,-29.595869
6378137.032614,5.744428,-29.612852
6378137.032901,5.756631,-29.629818
6378137.033180,5.768871,-29.646766
6378137.033452,5.781150,-29.663696
6378137.033715,5.793467,-29.680608
6378137.033972,5.805821,-29.697503
6378137.034220,5.818214,-29.714379
6378137.034460,5.830645,-29.731238
6378137.034692,5.843113,-29.748078
6378137.034916,5.855620,-29.764901
6378137.035132,5.868164,-29.781705
6378137.035340,5.880746,-29.798491
6378137.035539,5.893366,-29.815259
6378137.035730,5.906024,-29.832009
6378137.035912,5.918719,-29.848740
6378137.036086,5.931452,-29.865453
6378137.036251,5.944223,-29.882147
6378137.036407,5.957032,-29.898823
6378137.036554,5.969878,-29.915480
6378137.036693,5.982762,-29.932119
6378137.036822,5.995683,-29.948739
6378137.036942,6.008642,-29.965340
6378137.037054,6.021638,-29.981922
6378137.037155,6.034672,-29.998485
6378137.037248,6.047743,-30.015030
6378137.037331,6.060852,-30.031556
6378137.037405,6.073998,-30.048062
6378137.037469,6.087181,-30.064550
6378137.037524,6.100402,-30.081018
6378137.037568,6.113660,-30.097467
6378137.037603,6.126955,-30.113897
6378137.037629,6.140287,-30.130308
6378137.037644,6.153657,-30.146699
6378137.037649,6.167064,-30.163071
6378137.037644,6.180508,-30.179423
6378137.037629,6.193988,-30.195756
6378137.037603,6.207506,-30.212069
6378137.037568,6.221061,-30.228363
6378137.037522,6.234653,-30.244637
6378137.037465,6.248282,-30.260891
6378137.037398,6.261948,-30.277125
6378137.037320,6.275651,-30.293340
6378137.037232,6.289390,-30.309534
6378137.037132,6.303166,-30.325709
6378137.037022,6.316979,-30.341864
6378137.036901,6.330829,-30.357998
6378137.036769,6.344716,-30.374113
6378137.036626,6.358639,-30.390207
6378137.036471,6.372598,-30.406281
6378137.036305,6.386595,-30.422335
6378137.036128,6.400627,-30.438369
6378137.035940,6.414697,-30.454382
6378137.035740,6.428803,-30.470375
6378137.035529,6.442945,-30.486347
6378137.035306,6.457124,-30.502299
6378137.035071,6.471338,-30.518230
6378137.034825,6.485590,-30.534140
6378137.034566,6.499877,-30.550030
6378137.034296,6.514201,-30.565899
6378137.034014,6.528561,-30.581747
6378137.033720,6.542957,-30.597574
6378137.033413,6.557390,-30.613380
6378137.033095,6.571858,-30.629166
6378137.032764,6.586363,-30.644930
6378137.032420,6.600903,-30.660674
6378137.032065,6.615479,-30.676396
6378137.031697,6.630092,-30.692097
6378137.031316,6.644740,-30.707776
6378137.030922,6.659424,-30.723435
6378137.030516,6.674144,-30.739072
6378137.030097,6.688900,-30.754688
6378137.029666,6.703691,-30.770282
6378137.029221,6.718518,-30.785855
6378137.028763,6.733381,-30.801406
6378137.028293,6.748279,-30.816936
6378137.027809,6.763213,-30.832444
6378137.027311,6.778182,-30.847930
6378137.026801,6.793187,-30.863394
6378137.026277,6.808227,-30.878837
6378137.025740,6.823303,-30.894258
6378137.025189,6.838414,-30.909657
6378137.024625,6.853560,-30.925034
6378137.024047,6.868742,-30.940389
6378137.023456,6.883959,-30.955722
6378137.022850,6.899211,-30.971032
6378137.022231,6.914498,-30.986321
6378137.021598,6.929820,-31.001587
6378137.020951,6.945177,-31.016831
6378137.020289,6.960570,-31.032053
6378137.019614,6.975997,-31.047252
6378137.018925,6.991459,-31.062429
6378137.018221,7.006956,-31.077584
6378137.017503,7.022488,-31.092716
6378137.016770,7.038055,-31.107825
6378137.016023,7.053656,-31.122912
6378137.015262,7.069292,-31.137976
6378137.014486,7.084963,-31.153017
6378137.013695,7.100668,-31.168036
6378137.012889,7.116408,-31.183031
6378137.012069,7.132182,-31.198004
6378137.011234,7.147991,-31.212954
6378137.010384,7.163835,-31.227881
6378137.009518,7.179712,-31.242785
6378137.008638,7.195624,-31.257665
6378137.007743,7.211571,-31.272523
6378137.006832,7.227551,-31.287357
6378137.005907,7.243566,-31.302168
6378137.004965,7.259615,-31.316956
6378137.004009,7.275698,-31.331721
6378137.003037,7.291814,-31.346462
6378137.002049,7.307965,-31.361180
6378137.001046,7.324150,-31.375874
6378137.000027,7.340369,-31.390545
6378136.998993,7.356622,-31.405192
6378136.997943,7.372908,-31.419815
6378136.996877,7.389229,-31.434415
6378136.995794,7.405583,-31.448991
6378136.994696,7.421970,-31.463543
6378136.993582,7.438392,-31.478071
6378136.992452,7.454846,-31.492576
6378136.991306,7.471335,-31.507056
6378136.990143,7.487857,-31.521513
6378136.988964,7.504412,-31.535946
6378136.987769,7.521000,-31.550354
6378136.986557,7.537622,-31.564738
6378136.985329,7.554278,-31.579098
6378136.984084,7.570966,-31.593434
6378136.982823,7.587688,-31.607746
6378136.981545,7.604442,-31.622033
6378136.980250,7.621230,-31.636296
6378136.978939,7.638051,-31.650535
6378136.977610,7.654905,-31.664749
6378136.976265,7.671792,-31.678938
6378136.974903,7.688711,-31.693103
6378136.973523,7.705664,-31.707243
6378136.972127,7.722649,-31.721359
6378136.970713,7.739667,-31.735450
6378136.969283,7.756717,-31.749516
6378136.967835,7.773800,-31.763557
6378136.966369,7.790916,-31.777574
6378136.964886,7.808064,-31.791565
6378136.963386,7.825245,-31.805532
6378136.961868,7.842458,-31.819474
6378136.960333,7.859704,-31.833390
6378136.958780,7.876981,-31.847282
6378136.957209,7.894291,-31.861148
6378136.955621,7.911634,-31.874989
6378136.954014,7.929008,-31.888805
6378136.952390,7.946414,-31.902596
6378136.950748,7.963853,-31.916361
6378136.949088,7.981323,-31.930101
6378136.947410,7.998826,-31.943815
6378136.945713,8.016360,-31.957504
6378136.943999,8.033926,-31.971168
6378136.942266,8.051524,-31.984806
6378136.940516,8.069154,-31.998418
6378136.938746,8.086815,-32.012004
6378136.936959,8.104508,-32.025565
6378136.935153,8.122232,-32.039100
6378136.933328,8.139988,-32.052610
6378136.931485,8.157776,-32.066093
6378136.929623,8.175595,-32.079551
6378136.927743,8.193445,-32.092982
6378136.925844,8.211326,-32.106388
6378136.923926,8.229239,-32.119768
6378136.921989,8.247183,-32.133121
6378136.920034,8.265158,-32.146448
6378136.918059,8.283164,-32.159750
6378136.916066,8.301201,-32.173025
6378136.914053,8.319269,-32.186273
6378136.912021,8.337368,-32.199496
6378136.909970,8.355497,-32.212692
6378136.907900,8.373658,-32.225862
6378136.905811,8.391849,-32.239005
6378136.903702,8.410071,-32.252121
6378136.901574,8.428324,-32.265212
6378136.899427,8.446607,-32.278275
6378136.897260,8.464920,-32.291312
6378136.895074,8.483264,-32.304322
6378136.892868,8.501639,-32.317306
6378136.890642,8.520044,-32.330263
6378136.888397,8.538479,-32.343193
6378136.886131,8.556944,-32.356096
6378136.883847,8.575440,-32.368972
6378136.881542,8.593965,-32.381821
6378136.879217,8.612521,-32.394644
6378136.876873,8.631106,-32.407439
6378136.874508,8.649722,-32.420207
6378136.872124,8.668368,-32.432948
6378136.869719,8.687043,-32.445662
6378136.867294,8.705748,-32.458349
6378136.864849,8.724483,-32.471008
6378136.862384,8.743247,-32.483640
6378136.859898,8.762041,-32.496245
6378136.857393,8.780864,-32.508823
6378136.854866,8.799717,-32.521373
6378136.852320,8.818600,-32.533895
6378136.849752,8.837512,-32.546390
6378136.847165,8.856453,-32.558858
6378136.844556,8.875423,-32.571297
6378136.841928,8.894422,-32.583709
6378136.839278,8.913451,-32.596094
6378136.836608,8.932509,-32.608451
6378136.833916,8.951595,-32.620780
6378136.831205,8.970711,-32.633081
6378136.828472,8.989856,-32.645354
6378136.825718,9.009029,-32.657599
6378136.822943,9.028231,-32.669817
6378136.820148,9.047462,-32.682006
6378136.817331,9.066721,-32.694168
6378136.814493,9.086009,-32.706301
6378136.811634,9.105326,-32.718406
6378136.808754,9.124671,-32.730483
6378136.805853,9.144044,-32.742532
6378136.802930,9.163446,-32.754553
6378136.799986,9.182876,-32.766545
6378136.797021,9.202335,-32.778509
6378136.794034,9.221821,-32.790444
6378136.791026,9.241336,-32.802351
6378136.787996,9.260878,-32.814230
6378136.784945,9.280449,-32.826080
6378136.781872,9.300047,-32.837902
6378136.778777,9.319674,-32.849695
6378136.775661,9.339328,-32.861459
6378136.772523,9.359010,-32.873195
6378136.769364,9.378720,-32.884902
6378136.766182,9.398457,-32.896580
6378136.762979,9.418222,-32.908230
6378136.759754,9.438014,-32.919851
6378136.756507,9.457834,-32.931442
6378136.753237,9.477681,-32.943005
6378136.749946,9.497555,-32.954539
6378136.746633,9.517457,-32.966044
6378136.743298,9.537386,-32.977520
6378136.739940,9.557342,-32.988967
6378136.736561,9.577325,-33.000384
6378136.733159,9.597335,-33.011773
6378136.729735,9.617372,-33.023132
6378136.726289,9.637436,-33.034462
6378136.722820,9.657527,-33.045763
6378136.719329,9.677645,-33.057035
6378136.715815,9.697789,-33.068277
6378136.712279,9.717960,-33.079489
6378136.708721,9.738157,-33.090673
6378136.705140,9.758381,-33.101826
6378136.701536,9.778631,-33.112951
6378136.697910,9.798908,-33.124045
6378136.694261,9.819211,-33.135111
6378136.690590,9.839540,-33.146146
6378136.686896,9.859896,-33.157152
6378136.683179,9.880278,-33.168128
6378136.679439,9.900685,-33.179074
6378136.675676,9.921119,-33.189991
6378136.671890,9.941579,-33.200877
6378136.668082,9.962064,-33.211734
6378136.664251,9.982576,-33.222561
6378136.660396,10.003113,-33.233358
6378136.656519,10.023676,-33.244125
6378136.652618,10.044264,-33.254862
6378136.648695,10.064878,-33.265568
6378136.644748,10.085517,-33.276245
6378136.640778,10.106182,-33.286892
6378136.636785,10.126873,-33.297508
6378136.632769,10.147588,-33.308094
6378136.628729,10.168329,-33.318650
6378136.624667,10.189095,-33.329175
6378136.620580,10.209887,-33.339671
6378136.616471,10.230703,-33.350135
6378136.612338,10.251544,-33.360570
6378136.608182,10.272410,-33.370974
6378136.604002,10.293301,-33.381347
6378136.599798,10.314217,-33.391690
6378136.595571,10.335158,-33.402003
6378136.591321,10.356123,-33.412284
6378136.587047,10.377113,-33.422536
6378136.582749,10.398127,-33.432756
6378136.578428,10.419166,-33.442946
6378136.574083,10.440229,-33.453105
6378136.569714,10.461317,-33.463233
6378136.565321,10.482429,-33.473330
6378136.560905,10.503565,-33.483397
6378136.556465,10.524725,-33.493432
6378136.552001,10.545910,-33.503437
6378136.547513,10.567118,-33.513411
6378136.543001,10.588351,-33.523353
6378136.538465,10.609607,-33.533265
6378136.533905,10.630887,-33.543146
6378136.529322,10.652191,-33.552995
6378136.524714,10.673518,-33.562813
6378136.520082,10.694870,-33.572600
6378136.515426,10.716245,-33.582356
6378136.510746,10.737643,-33.592081
6378136.506042,10.759065,-33.601774
6378136.501313,10.780510,-33.611436
6378136.496561,10.801978,-33.621067
6378136.491784,10.823470,-33.630666
6378136.486983,10.844985,-33.640233
6378136.482157,10.866523,-33.649770
6378136.477308,10.888084,-33.659274
6378136.472433,10.909668,-33.668748
6378136.467535,10.931275,-33.678189
6378136.462612,10.952905,-33.687599
6378136.457665,10.974558,-33.696978
6378136.452693,10.996233,-33.706324
6378136.447697,11.017931,-33.715639
6378136.442676,11.039652,-33.724922
6378136.437631,11.061395,-33.734174
6378136.432561,11.083161,-33.743393
6378136.427467,11.104949,-33.752581
6378136.422348,11.126760,-33.761737
6378136.417204,11.148592,-33.770860
6378136.412036,11.170447,-33.779952
6378136.406843,11.192324,-33.789012
6378136.401626,11.214224,-33.798040
6378136.396383,11.236145,-33.807036
6378136.391116,11.258088,-33.815999
6378136.385824,11.280053,-33.824931
6378136.380508,11.302040,-33.833830
6378136.375166,11.324048,-33.842698
6378136.369800,11.346078,-33.851532
6378136.364408,11.368130,-33.860335
6378136.358992,11.390204,-33.869105
6378136.353551,11.412299,-33.877843
6378136.348085,11.434415,-33.886549
6378136.342594,11.456553,-33.895222
6378136.337079,11.478712,-33.903863
6378136.331538,11.500892,-33.912472
6378136.325972,11.523093,-33.921047
6378136.320381,11.545316,-33.929591
6378136.314765,11.567559,-33.938102
6378136.309124,11.589824,-33.946580
6378136.303458,11.612109,-33.955025
6378136.297766,11.634415,-33.963438
6378136.292050,11.656742,-33.971818
6378136.286308,11.679090,-33.980166
6378136.280542,11.701458,-33.988481
6378136.274750,11.723847,-33.996762
6378136.268932,11.746257,-34.005012
6378136.263090,11.768686,-34.013228
6378136.257222,11.791137,-34.021411
6378136.251329,11.813607,-34.029562
6378136.245411,11.836098,-34.037679
6378136.239467,11.858609,-34.045764
6378136.233499,11.881140,-34.053815
6378136.227504,11.903691,-34.061833
6378136.221485,11.926262,-34.069819
6378136.215440,11.948853,-34.077771
6378136.209369,11.971464,-34.085690
6378136.203273,11.994095,-34.093576
6378136.197152,12.016745,-34.101429
6378136.191006,12.039415,-34.109249
6378136.184833,12.062104,-34.117035
6378136.178636,12.084814,-34.124788
6378136.172413,12.107542,-34.132508
6378136.166164,12.130290,-34.140194
6378136.159890,12.153057,-34.147847
6378136.153590,12.175844,-34.155467
6378136.147265,12.198650,-34.163053
6378136.140914,12.221474,-34.170605
6378136.134538,12.244318,-34.178124
6378136.128136,12.267181,-34.185610
6378136.121708,12.290063,-34.193062
6378136.115255,12.312964,-34.200481
6378136.108776,12.335883,-34.207866
6378136.102271,12.358821,-34.215217
6378136.095741,12.381778,-34.222534
6378136.089185,12.404754,-34.229818
6378136.082603,12.427748,-34.237068
6378136.075996,12.450760,-34.244285
6378136.069363,12.473791,-34.251467
6378136.062704,12.496841,-34.258616
6378136.056020,12.519908,-34.265731
6378136.049310,12.542994,-34.272812
6378136.042574,12.566098,-34.279859
6378136.035812,12.589220,-34.286872
6378136.029024,12.612360,-34.293851
6378136.022211,12.635518,-34.300797
6378136.015372,12.658693,-34.307708
6378136.008507,12.681887,-34.314585
6378136.001616,12.705098,-34.321428
6378135.994699,12.728328,-34.328237
6378135.987757,12.751574,-34.335012
6378135.980788,12.774838,-34.341753
6378135.973794,12.798120,-34.348459
6378135.966774,12.821419,-34.355132
6378135.959728,12.844736,-34.361770
6378135.952656,12.868070,-34.368374
6378135.945558,12.891421,-34.374943
6378135.938434,12.914789,-34.381478
6378135.931284,12.938174,-34.387979
6378135.924109,12.961577,-34.394446
6378135.916907,12.984996,-34.400878
6378135.909680,13.008432,-34.407275
6378135.902426,13.031886,-34.413639
6378135.895147,13.055355,-34.419967
6378135.887842,13.078842,-34.426262
6378135.880510,13.102345,-34.432521
6378135.873153,13.125865,-34.438747
6378135.865770,13.149401,-34.444937
6378135.858360,13.172954,-34.451093
6378135.850925,13.196523,-34.457214
6378135.843464,13.220109,-34.463301
6378135.835976,13.243711,-34.469353
6378135.828463,13.267329,-34.475370
6378135.820923,13.290963,-34.481353
6378135.813358,13.314613,-34.487300
6378135.805767,13.338279,-34.493213
6378135.798149,13.361961,-34.499092
6378135.790506,13.385660,-34.504935
6378135.782836,13.409373,-34.510743
6378135.775140,13.433103,-34.516517
6378135.767419,13.456848,-34.522256
6378135.759671,13.480609,-34.527959
6378135.751897,13.504386,-34.533628
6378135.744097,13.528177,-34.539262
6378135.736271,13.551985,-34.544860
6378135.728419,13.575808,-34.550424
6378135.720541,13.599646,-34.555953
6378135.712637,13.623499,-34.561446
6378135.704707,13.647367,-34.566905
6378135.696751,13.671251,-34.572328
6378135.688768,13.695149,-34.577716
6378135.680760,13.719063,-34.583069
6378135.672725,13.742992,-34.588387
6378135.664665,13.766935,-34.593670
6378135.656578,13.790893,-34.598917
6378135.648465,13.814866,-34.604129
6378135.640326,13.838853,-34.609306
6378135.632161,13.862856,-34.614447
6378135.623970,13.886872,-34.619553
6378135.615753,13.910903,-34.624624
6378135.607510,13.934949,-34.629659
6378135.599240,13.959009,-34.634659
6378135.590945,13.983083,-34.639624
6378135.582624,14.007172,-34.644553
6378135.574276,14.031274,-34.649446
6378135.565902,14.055391,-34.654304
6378135.557502,14.079522,-34.659127
6378135.549077,14.103666,-34.663914
6378135.540625,14.127825,-34.668665
6378135.532147,14.151998,-34.673381
6378135.523643,14.176184,-34.678061
6378135.515112,14.200384,-34.682706
6378135.506556,14.224597,-34.687315
6378135.497974,14.248825,-34.691888
6378135.489365,14.273066,-34.696426
6378135.480731,14.297320,-34.700928
6378135.472070,14.321588,-34.705394
6378135.463384,14.345869,-34.709824
6378135.454671,14.370163,-34.714219
6378135.445933,14.394470,-34.718577
6378135.437168,14.418791,-34.722900
6378135.428377,14.443125,-34.727187
6378135.419560,14.467472,-34.731439
6378135.410717,14.491832,-34.735654
6378135.401849,14.516205,-34.739833
6378135.392954,14.540590,-34.743977
6378135.384033,14.564989,-34.748085
6378135.375086,14.589400,-34.752156
6378135.366113,14.613824,-34.756192
6378135.357114,14.638260,-34.760191
6378135.348089,14.662709,-34.764155
6378135.339038,14.687171,-34.768083
6378135.329961,14.711645,-34.771974
6378135.320858,14.736131,-34.775829
6378135.311729,14.760630,-34.779649
6378135.302575,14.785140,-34.783432
6378135.293394,14.809663,-34.787179
6378135.284187,14.834199,-34.790890
6378135.274954,14.858746,-34.794565
6378135.265696,14.883305,-34.798203
6378135.256411,14.907876,-34.801805
6378135.247101,14.932460,-34.805371
6378135.237764,14.957055,-34.808901
6378135.228402,14.981661,-34.812395
6378135.219014,15.006280,-34.815852
6378135.209600,15.030910,-34.819273
6378135.200160,15.055551,-34.822658
6378135.190694,15.080205,-34.826006
6378135.181202,15.104869,-34.829318
6378135.171684,15.129545,-34.832593
6378135.162141,15.154233,-34.835832
6378135.152572,15.178931,-34.839035
6378135.142977,15.203641,-34.842201
6378135.133356,15.228362,-34.845331
6378135.123709,15.253095,-34.848424
6378135.114037,15.277838,-34.851481
6378135.104338,15.302592,-34.854502
6378135.094614,15.327358,-34.857485
6378135.084865,15.352134,-34.860433
6378135.075089,15.376921,-34.863344
6378135.065288,15.401718,-34.866218
6378135.055461,15.426527,-34.869055
6378135.045608,15.451346,-34.871856
6378135.035729,15.476175,-34.874621
6378135.025825,15.501015,-34.877348
6378135.015895,15.525866,-34.880039
6378135.005940,15.550727,-34.882694
6378134.995959,15.575599,-34.885312
6378134.985952,15.600480,-34.887893
6378134.975919,15.625372,-34.890437
6378134.965861,15.650274,-34.892945
6378134.955778,15.675187,-34.895415
6378134.945668,15.700109,-34.897849
6378134.935533,15.725041,-34.900247
6378134.925373,15.749983,-34.902607
6378134.915187,15.774936,-34.904931
6378134.904976,15.799898,-34.907218
6378134.894738,15.824870,-34.909468
6378134.884476,15.849851,-34.911681
6378134.874188,15.874842,-34.913857
6378134.863874,15.899843,-34.915997
6378134.853535,15.924853,-34.918099
6378134.843171,15.949873,-34.920165
6378134.832781,15.974903,-34.922194
6378134.822366,15.999941,-34.924185
6378134.811925,16.024989,-34.926140
6378134.801459,16.050047,-34.928058
6378134.790967,16.075113,-34.929939
6378134.780450,16.100189,-34.931783
6378134.769908,16.125274,-34.933590
6378134.759341,16.150368,-34.935360
6378134.748748,16.175471,-34.937092
6378134.738130,16.200582,-34.938788
6378134.727486,16.225703,-34.940447
6378134.716817,16.250833,-34.942068
6378134.706123,16.275971,-34.943653
6378134.695404,16.301118,-34.945200
6378134.684660,16.326274,-34.946711
6378134.673890,16.351438,-34.948184
6378134.663096,16.376611,-34.949620
6378134.652276,16.401793,-34.951019
6378134.641431,16.426982,-34.952381
6378134.630560,16.452181,-34.953705
6378134.619665,16.477387,-34.954992
6378134.608745,16.502602,-34.956243
6378134.597799,16.527825,-34.957456
6378134.586829,16.553057,-34.958631
6378134.575833,16.578296,-34.959770
6378134.564813,16.603544,-34.960871
6378134.553767,16.628799,-34.961935
6378134.542697,16.654063,-34.962962
6378134.531601,16.679334,-34.963951
6378134.520481,16.704614,-34.964903
6378134.509336,16.729901,-34.965818
6378134.498165,16.755196,-34.966696
6378134.486970,16.780498,-34.967536
6378134.475750,16.805809,-34.968339
6378134.464506,16.831127,-34.969104
6378134.453236,16.856452,-34.969832
6378134.441942,16.881785,-34.970523
6378134.430622,16.907125,-34.971176
6378134.419279,16.932473,-34.971792
6378134.407910,16.957828,-34.972371
6378134.396517,16.983190,-34.972912
6378134.385099,17.008560,-34.973416
6378134.373656,17.033937,-34.973882
6378134.362189,17.059321,-34.974311
6378134.350697,17.084712,-34.974702
6378134.339180,17.110110,-34.975056
6378134.327639,17.135515,-34.975373
6378134.316073,17.160927,-34.975652
6378134.304483,17.186346,-34.975894
6378134.292868,17.211772,-34.976098
6378134.281229,17.237204,-34.976264
6378134.269565,17.262644,-34.976393
6378134.257877,17.288089,-34.976485
6378134.246165,17.313542,-34.976539
6378134.234428,17.339001,-34.976555
6378134.222666,17.364467,-34.976534
6378134.210881,17.389939,-34.976475
6378134.199071,17.415418,-34.976379
6378134.187236,17.440903,-34.976245
6378134.175378,17.466394,-34.976074
6378134.163495,17.491892,-34.975865
6378134.151588,17.517395,-34.975618
6378134.139656,17.542905,-34.975334
6378134.127701,17.568422,-34.975012
6378134.115721,17.593944,-34.974653
6378134.103717,17.619472,-34.974256
6378134.091690,17.645007,-34.973821
6378134.079638,17.670547,-34.973349
6378134.067562,17.696093,-34.972839
6378134.055462,17.721645,-34.972291
6378134.043337,17.747203,-34.971706
6378134.031189,17.772767,-34.971083
6378134.019017,17.798336,-34.970422
6378134.006821,17.823911,-34.969724
6378133.994602,17.849491,-34.968988
6378133.982358,17.875078,-34.968214
6378133.970090,17.900669,-34.967403
6378133.957799,17.926266,-34.966554
6378133.945484,17.951869,-34.965667
6378133.933145,17.977477,-34.964742
6378133.920782,18.003090,-34.963780
6378133.908396,18.028709,-34.962780
6378133.895985,18.054333,-34.961742
6378133.883552,18.079962,-34.960667
6378133.871094,18.105596,-34.959553
6378133.858613,18.131235,-34.958402
6378133.846108,18.156880,-34.957214
6378133.833580,18.182529,-34.955987
6378133.821028,18.208184,-34.954723
6378133.808453,18.233843,-34.953421
6378133.795855,18.259507,-34.952081
6378133.783232,18.285176,-34.950703
6378133.770587,18.310850,-34.949288
6378133.757918,18.336528,-34.947835
6378133.745225,18.362212,-34.946344
6378133.732510,18.387900,-34.944815
6378133.719771,18.413592,-34.943248
6378133.707009,18.439289,-34.941644
6378133.694223,18.464991,-34.940001
6378133.681414,18.490697,-34.938321
6378133.668582,18.516408,-34.936604
6378133.655727,18.542123,-34.934848
6378133.642849,18.567842,-34.933054
6378133.629948,18.593566,-34.931223
6378133.617023,18.619294,-34.929354
6378133.604076,18.645026,-34.927447
6378133.591106,18.670762,-34.925502
6378133.578112,18.696503,-34.923519
6378133.565096,18.722247,-34.921499
6378133.552056,18.747996,-34.919440
6378133.538994,18.773749,-34.917344
6378133.525909,18.799506,-34.915210
6378133.512801,18.825266,-34.913038
6378133.499671,18.851031,-34.910828
6378133.486517,18.876799,-34.908580
6378133.473341,18.902571,-34.906295
6378133.460142,18.928347,-34.903972
6378133.446920,18.954127,-34.901610
6378133.433676,18.979910,-34.899211
6378133.420409,19.005697,-34.896774
6378133.407120,19.031488,-34.894299
6378133.393808,19.057282,-34.891787
6378133.380473,19.083080,-34.889236
6378133.367116,19.108881,-34.886648
6378133.353737,19.134686,-34.884021
6378133.340335,19.160494,-34.881357
6378133.326911,19.186305,-34.878655
6378133.313464,19.212120,-34.875915
6378133.299995,19.237938,-34.873137
6378133.286504,19.263760,-34.870321
6378133.272990,19.289584,-34.867468
6378133.259454,19.315412,-34.864576
6378133.245896,19.341243,-34.861647
6378133.232316,19.367077,-34.858680
6378133.218714,19.392914,-34.855674
6378133.205089,19.418754,-34.852631
6378133.191443,19.444597,-34.849550
6378133.177774,19.470443,-34.846432
6378133.164083,19.496292,-34.843275
6378133.150371,19.522144,-34.840081
6378133.136636,19.547998,-34.836848
6378133.122880,19.573856,-34.833578
6378133.109102,19.599716,-34.830270
6378133.095302,19.625579,-34.826924
6378133.081480,19.651445,-34.823540
6378133.067636,19.677313,-34.820118
6378133.053770,19.703184,-34.816658
6378133.039883,19.729057,-34.813161
6378133.025974,19.754933,-34.809626
6378133.012044,19.780812,-34.806052
6378132.998092,19.806693,-34.802441
6378132.984118,19.832576,-34.798792
6378132.970123,19.858462,-34.795105
6378132.956106,19.884351,-34.791381
6378132.942068,19.910241,-34.787618
6378132.928009,19.936134,-34.783818
6378132.913928,19.962029,-34.779980
6378132.899825,19.987927,-34.776104
6378132.885701,20.013826,-34.772190
6378132.871556,20.039728,-34.768238
6378132.857390,20.065632,-34.764248
6378132.843203,20.091538,-34.760221
6378132.828994,20.117446,-34.756156
6378132.814764,20.143356,-34.752052
6378132.800513,20.169268,-34.747912
6378132.786241,20.195182,-34.743733
6378132.771948,20.221098,-34.739516
6378132.757634,20.247016,-34.735262
6378132.743299,20.272936,-34.730970
6378132.728943,20.298857,-34.726640
6378132.714566,20.324781,-34.722272
6378132.700168,20.350706,-34.717866
6378132.685749,20.376633,-34.713423
6378132.671310,20.402561,-34.708942
6378132.656849,20.428492,-34.704423
6378132.642369,20.454424,-34.699866
6378132.627867,20.480357,-34.695271
6378132.613344,20.506292,-34.690639
6378132.598802,20.532229,-34.685969
6378132.584238,20.558167,-34.681261
6378132.569654,20.584107,-34.676515
6378132.555049,20.610048,-34.671732
6378132.540424,20.635991,-34.666911
6378132.525779,20.661935,-34.662052
6378132.511113,20.687880,-34.657155
6378132.496426,20.713827,-34.652221
6378132.481720,20.739775,-34.647249
6378132.466993,20.765724,-34.642239
6378132.452246,20.791675,-34.637192
6378132.437478,20.817626,-34.632107
6378132.422691,20.843579,-34.626984
6378132.407883,20.869533,-34.621823
6378132.393055,20.895489,-34.616625
6378132.378207,20.921445,-34.611389
6378132.363339,20.947403,-34.606115
6378132.348451,20.973361,-34.600804
6378132.333543,20.999321,-34.595455
6378132.318615,21.025281,-34.590068
6378132.303667,21.051243,-34.584644
6378132.288700,21.077205,-34.579182
6378132.273712,21.103169,-34.573683
6378132.258705,21.129133,-34.568146
6378132.243678,21.155098,-34.562571
6378132.228632,21.181064,-34.556958
6378132.213565,21.207031,-34.551308
6378132.198479,21.232999,-34.545621
6378132.183374,21.258967,-34.539896
6378132.168249,21.284936,-34.534133
6378132.153104,21.310906,-34.528332
6378132.137940,21.336876,-34.522495
6378132.122757,21.362847,-34.516619
6378132.107554,21.388819,-34.510706
6378132.092332,21.414792,-34.504756
6378132.077090,21.440765,-34.498767
6378132.061829,21.466738,-34.492742
6378132.046549,21.492712,-34.486679
6378132.031250,21.518687,-34.480578
6378132.015931,21.544662,-34.474440
6378132.000594,21.570637,-34.468264
6378131.985237,21.596613,-34.462051
6378131.969861,21.622590,-34.455801
6378131.954467,21.648566,-34.449513
6378131.939053,21.674544,-34.443187
6378131.923620,21.700521,-34.436825
6378131.908169,21.726499,-34.430424
6378131.892698,21.752477,-34.423987
6378131.877209,21.778455,-34.417511
6378131.861701,21.804434,-34.410999
6378131.846174,21.830413,-34.404449
6378131.830628,21.856392,-34.397862
6378131.815064,21.882371,-34.391237
6378131.799482,21.908351,-34.384575
6378131.783880,21.934331,-34.377876
6378131.768260,21.960310,-34.371139
6378131.752622,21.986290,-34.364365
6378131.736965,22.012270,-34.357554
6378131.721289,22.038250,-34.350705
6378131.705596,22.064230,-34.343819
6378131.689884,22.090210,-34.336896
6378131.674153,22.116190,-34.329936
6378131.658404,22.142170,-34.322938
6378131.642637,22.168150,-34.315903
6378131.626852,22.194130,-34.308831
6378131.611049,22.220110,-34.301722
6378131.595227,22.246090,-34.294575
6378131.579388,22.272070,-34.287391
6378131.563452,22.298147,-34.280204
6378131.547419,22.324322,-34.273014
6378131.531288,22.350594,-34.265825
6378131.515059,22.376964,-34.258637
6378131.498733,22.403431,-34.251452
6378131.482308,22.429997,-34.244271
6378131.465784,22.456660,-34.237096
6378131.449161,22.483421,-34.229928
6378131.432439,22.510279,-34.222767
6378131.415616,22.537235,-34.215614
6378131.398695,22.564289,-34.208471
6378131.381672,22.591441,-34.201338
6378131.364550,22.618690,-34.194215
6378131.347327,22.646037,-34.187104
6378131.330003,22.673481,-34.180004
6378131.312578,22.701022,-34.172916
6378131.295052,22.728662,-34.165841
6378131.277424,22.756398,-34.158779
6378131.259695,22.784232,-34.151731
6378131.241864,22.812163,-34.144696
6378131.223931,22.840191,-34.137675
6378131.205896,22.868316,-34.130669
6378131.187759,22.896538,-34.123677
6378131.169519,22.924857,-34.116699
6378131.151177,22.953273,-34.109736
6378131.132732,22.981786,-34.102789
6378131.114184,23.010395,-34.095857
6378131.095533,23.039101,-34.088939
6378131.076779,23.067904,-34.082038
6378131.057922,23.096803,-34.075152
6378131.038961,23.125798,-34.068281
6378131.019897,23.154890,-34.061427
6378131.000729,23.184078,-34.054588
6378130.981457,23.213362,-34.047764
6378130.962082,23.242742,-34.040957
6378130.942602,23.272218,-34.034166
6378130.923018,23.301790,-34.027391
6378130.903331,23.331458,-34.020632
6378130.883538,23.361222,-34.013888
6378130.863642,23.391081,-34.007161
6378130.843641,23.421036,-34.000451
6378130.823535,23.451087,-33.993756
6378130.803324,23.481232,-33.987077
6378130.783009,23.511474,-33.980415
6378130.762588,23.541810,-33.973769
6378130.742063,23.572242,-33.967138
6378130.721432,23.602769,-33.960525
6378130.700697,23.633391,-33.953927
6378130.679855,23.664107,-33.947346
6378130.658909,23.694919,-33.940780
6378130.637857,23.725826,-33.934231
6378130.616699,23.756827,-33.927698
6378130.595436,23.787923,-33.921182
6378130.574067,23.819114,-33.914681
6378130.552592,23.850399,-33.908197
6378130.531011,23.881778,-33.901729
6378130.509324,23.913252,-33.895277
6378130.487531,23.944820,-33.888841
6378130.465632,23.976483,-33.882422
6378130.443627,24.008240,-33.876018
6378130.421515,24.040091,-33.869631
6378130.399297,24.072035,-33.863259
6378130.376973,24.104074,-33.856904
6378130.354542,24.136207,-33.850565
6378130.332004,24.168434,-33.844242
6378130.309360,24.200754,-33.837935
6378130.286609,24.233168,-33.831645
6378130.263751,24.265676,-33.825370
6378130.240779,24.298234,-33.819106
6378130.217687,24.330787,-33.812846
6378130.194473,24.363336,-33.806591
6378130.171138,24.395881,-33.800339
6378130.147681,24.428421,-33.794092
6378130.124104,24.460956,-33.787848
6378130.100406,24.493487,-33.781609
6378130.076587,24.526012,-33.775373
6378130.052648,24.558533,-33.769141
6378130.028587,24.591048,-33.762913
6378130.004407,24.623558,-33.756689
6378129.980106,24.656063,-33.750468
6378129.955684,24.688562,-33.744250
6378129.931143,24.721056,-33.738037
6378129.906482,24.753545,-33.731826
6378129.881700,24.786027,-33.725619
6378129.856799,24.818504,-33.719415
6378129.831778,24.850975,-33.713215
6378129.806637,24.883441,-33.707017
6378129.781376,24.915900,-33.700823
6378129.755997,24.948353,-33.694632
6378129.730497,24.980800,-33.688444
6378129.704879,25.013241,-33.682259
6378129.679141,25.045676,-33.676077
6378129.653285,25.078104,-33.669898
6378129.627309,25.110526,-33.663722
6378129.601215,25.142942,-33.657548
6378129.575001,25.175351,-33.651377
6378129.548669,25.207753,-33.645209
6378129.522219,25.240149,-33.639044
6378129.495650,25.272538,-33.632881
6378129.468962,25.304920,-33.626720
6378129.442156,25.337296,-33.620562
6378129.415232,25.369665,-33.614407
6378129.388190,25.402026,-33.608254
6378129.361030,25.434381,-33.602103
6378129.333752,25.466729,-33.595954
6378129.306356,25.499070,-33.589808
6378129.278843,25.531403,-33.583664
6378129.251212,25.563730,-33.577522
6378129.223463,25.596049,-33.571383
6378129.195597,25.628361,-33.565245
6378129.167613,25.660666,-33.559109
6378129.139512,25.692963,-33.552976
6378129.111294,25.725252,-33.546844
6378129.082959,25.757535,-33.540714
6378129.054507,25.789810,-33.534586
6378129.025938,25.822077,-33.528460
6378128.997252,25.854336,-33.522336
6378128.968450,25.886588,-33.516213
6378128.939531,25.918833,-33.510093
6378128.910495,25.951069,-33.503973
6378128.881343,25.983298,-33.497856
6378128.852074,26.015519,-33.491740
6378128.822689,26.047732,-33.485625
6378128.793188,26.079937,-33.479512
6378128.763571,26.112134,-33.473401
6378128.733838,26.144324,-33.467291
6378128.703988,26.176505,-33.461182
6378128.674023,26.208678,-33.455075
6378128.643942,26.240843,-33.448969
6378128.613746,26.273000,-33.442864
6378128.583434,26.305149,-33.436761
6378128.553070,26.337284,-33.430653
6378128.522690,26.369402,-33.424536
6378128.492294,26.401503,-33.418412
6378128.461881,26.433588,-33.412280
6378128.431453,26.465656,-33.406141
6378128.401009,26.497708,-33.399993
6378128.370549,26.529743,-33.393838
6378128.340074,26.561761,-33.387675
6378128.309583,26.593764,-33.381504
6378128.279076,26.625750,-33.375326
6378128.248554,26.657720,-33.369140
6378128.218017,26.689674,-33.362946
6378128.187465,26.721612,-33.356746
6378128.156898,26.753534,-33.350537
6378128.126315,26.785440,-33.344321
6378128.095718,26.817331,-33.338098
6378128.065106,26.849206,-33.331868
6378128.034479,26.881065,-33.325630
6378128.003838,26.912909,-33.319385
6378127.973182,26.944738,-33.313133
6378127.942511,26.976551,-33.306873
6378127.911826,27.008349,-33.300607
6378127.881127,27.040131,-33.294333
6378127.850414,27.071899,-33.288053
6378127.819686,27.103651,-33.281765
6378127.788945,27.135389,-33.275470
6378127.758190,27.167112,-33.269169
6378127.727420,27.198820,-33.262860
6378127.696637,27.230513,-33.256545
6378127.665841,27.262191,-33.250223
6378127.635031,27.293855,-33.243894
6378127.604207,27.325505,-33.237558
6378127.573369,27.357139,-33.231216
6378127.542519,27.388760,-33.224867
6378127.511655,27.420366,-33.218511
6378127.480778,27.451958,-33.212149
6378127.449888,27.483536,-33.205780
6378127.418984,27.515100,-33.199404
6378127.388068,27.546650,-33.193022
6378127.357139,27.578186,-33.186634
6378127.326197,27.609708,-33.180239
6378127.295243,27.641216,-33.173838
6378127.264275,27.672711,-33.167431
6378127.233296,27.704192,-33.161017
6378127.202303,27.735659,-33.154597
6378127.171298,27.767113,-33.148170
6378127.140281,27.798553,-33.141738
6378127.109252,27.829980,-33.135299
6378127.078210,27.861393,-33.128854
6378127.047157,27.892794,-33.122403
6378127.016091,27.924181,-33.115946
6378126.985013,27.955555,-33.109483
6378126.953923,27.986916,-33.103014
6378126.922822,28.018264,-33.096539
6378126.891708,28.049599,-33.090058
6378126.860583,28.080921,-33.083571
6378126.829447,28.112231,-33.077078
6378126.798299,28.143528,-33.070580
6378126.767139,28.174812,-33.064075
6378126.735968,28.206083,-33.057565
6378126.704785,28.237342,-33.051049
6378126.673591,28.268589,-33.044527
6378126.642386,28.299823,-33.038000
6378126.611170,28.331045,-33.031467
6378126.579943,28.362254,-33.024928
6378126.548705,28.393452,-33.018384
6378126.517455,28.424637,-33.011834
6378126.486195,28.455810,-33.005279
6378126.454924,28.486971,-32.998718
6378126.423642,28.518120,-32.992152
6378126.392350,28.549257,-32.985580
6378126.361047,28.580382,-32.979003
6378126.329733,28.611496,-32.972420
6378126.298409,28.642598,-32.965832
6378126.267074,28.673688,-32.959239
6378126.235729,28.704767,-32.952640
6378126.204374,28.735834,-32.946037
6378126.173008,28.766889,-32.939428
6378126.141632,28.797933,-32.932813
6378126.110246,28.828966,-32.926194
6378126.078850,28.859987,-32.919569
6378126.047444,28.890998,-32.912940
6378126.016028,28.921997,-32.906305
6378125.984602,28.952985,-32.899665
6378125.953166,28.983961,-32.893020
6378125.921720,29.014927,-32.886370
6378125.890264,29.045882,-32.879715
6378125.858799,29.076826,-32.873055
6378125.827325,29.107759,-32.866391
6378125.795840,29.138681,-32.859721
6378125.764346,29.169592,-32.853046
6378125.732843,29.200493,-32.846367
6378125.701330,29.231383,-32.839683
6378125.669808,29.262263,-32.832994
6378125.638277,29.293132,-32.826300
6378125.606736,29.323991,-32.819601
6378125.575186,29.354839,-32.812898
6378125.543628,29.385677,-32.806190
6378125.512060,29.416504,-32.799477
6378125.480483,29.447321,-32.792760
6378125.448897,29.478128,-32.786038
6378125.417302,29.508925,-32.779312
6378125.385698,29.539712,-32.772581
6378125.354085,29.570489,-32.765845
6378125.322464,29.601255,-32.759105
6378125.290834,29.632012,-32.752360
6378125.259195,29.662759,-32.745611
6378125.227547,29.693496,-32.738858
6378125.195892,29.724223,-32.732100
6378125.164227,29.754941,-32.725337
6378125.132554,29.785648,-32.718571
6378125.100873,29.816346,-32.711800
6378125.069183,29.847035,-32.705024
6378125.037485,29.877714,-32.698244
6378125.005779,29.908384,-32.691460
6378124.974064,29.939044,-32.684672
6378124.942341,29.969694,-32.677880
6378124.910610,30.000336,-32.671083
6378124.878871,30.030968,-32.664282
6378124.847124,30.061590,-32.657477
6378124.815369,30.092204,-32.650668
6378124.783607,30.122808,-32.643855
6378124.751836,30.153403,-32.637038
6378124.720057,30.183990,-32.630216
6378124.688271,30.214567,-32.623391
6378124.656476,30.245135,-32.616561
6378124.624674,30.275694,-32.609728
6378124.592865,30.306245,-32.602890
6378124.561047,30.336786,-32.596049
6378124.529223,30.367319,-32.589203
6378124.497390,30.397843,-32.582354
6378124.465550,30.428358,-32.575501
6378124.433703,30.458865,-32.568643
6378124.401848,30.489363,-32.561782
6378124.369986,30.519852,-32.554918
6378124.338116,30.550333,-32.548049
6378124.306240,30.580806,-32.541177
6378124.274356,30.611270,-32.534300
6378124.242464,30.641726,-32.527420
6378124.210566,30.672173,-32.520537
6378124.178660,30.702612,-32.513649
6378124.146748,30.733043,-32.506758
6378124.114828,30.763465,-32.499863
6378124.082902,30.793880,-32.492965
6378124.050968,30.824286,-32.486063
6378124.019027,30.854684,-32.479157
6378123.987080,30.885074,-32.472248
6378123.955126,30.915456,-32.465335
6378123.923165,30.945830,-32.458419
6378123.891197,30.976196,-32.451499
6378123.859222,31.006555,-32.444575
6378123.827241,31.036905,-32.437649
6378123.795253,31.067248,-32.430718
6378123.763259,31.097583,-32.423784
6378123.731258,31.127910,-32.416847
6378123.699250,31.158229,-32.409906
6378123.667236,31.188541,-32.402962
6378123.635215,31.218845,-32.396014
6378123.603188,31.249142,-32.389063
6378123.571155,31.279431,-32.382109
6378123.539115,31.309713,-32.375152
6378123.507069,31.339987,-32.368191
6378123.475017,31.370254,-32.361226
6378123.442958,31.400513,-32.354259
6378123.410893,31.430765,-32.347288
6378123.378822,31.461010,-32.340314
6378123.346745,31.491248,-32.333337
6378123.314662,31.521478,-32.326357
6378123.282573,31.551701,-32.319373
6378123.250477,31.581917,-32.312386
6378123.218376,31.612126,-32.305396
6378123.186269,31.642328,-32.298403
6378123.154156,31.672523,-32.291407
6378123.122036,31.702710,-32.284408
6378123.089911,31.732891,-32.277405
6378123.057781,31.763065,-32.270400
6378123.025644,31.793232,-32.263391
6378122.993501,31.823392,-32.256380
6378122.961353,31.853546,-32.249365
6378122.929199,31.883692,-32.242348
6378122.897040,31.913832,-32.235327
6378122.864875,31.943965,-32.228303
6378122.832704,31.974091,-32.221277
6378122.800527,32.004211,-32.214247
6378122.768346,32.034324,-32.207215
6378122.736158,32.064431,-32.200180
6378122.703965,32.094531,-32.193142
6378122.671767,32.124624,-32.186100
6378122.639563,32.154711,-32.179057
6378122.607354,32.184792,-32.172010
6378122.575139,32.214866,-32.164960
6378122.542919,32.244934,-32.157908
6378122.510694,32.274995,-32.150852
6378122.478464,32.305051,-32.143794
6378122.446228,32.335100,-32.136734
6378122.413987,32.365142,-32.129670
6378122.381741,32.395179,-32.122604
6378122.349490,32.425209,-32.115535
6378122.317233,32.455233,-32.108463
6378122.284972,32.485251,-32.101388
6378122.252705,32.515263,-32.094311
6378122.220434,32.545269,-32.087232
6378122.188157,32.575269,-32.080149
6378122.155876,32.605263,-32.073064
6378122.123589,32.635250,-32.065976
6378122.091297,32.665232,-32.058886
6378122.059001,32.695209,-32.051793
6378122.026700,32.725179,-32.044697
6378121.994394,32.755143,-32.037599
6378121.962083,32.785102,-32.030499
6378121.929767,32.815055,-32.023396
6378121.897447,32.845002,-32.016290
6378121.865121,32.874943,-32.009182
6378121.832791,32.904879,-32.002071
6378121.800457,32.934809,-31.994958
6378121.768118,32.964733,-31.987842
6378121.735774,32.994652,-31.980724
6378121.703425,33.024565,-31.973603
6378121.671072,33.054473,-31.966480
6378121.638714,33.084375,-31.959355
6378121.606352,33.114272,-31.952227
6378121.573985,33.144163,-31.945096
6378121.541614,33.174049,-31.937964
6378121.509238,33.203929,-31.930829
6378121.476858,33.233804,-31.923691
6378121.444474,33.263674,-31.916551
6378121.412085,33.293538,-31.909409
6378121.379692,33.323397,-31.902265
6378121.347294,33.353251,-31.895118
6378121.314892,33.383100,-31.887969
6378121.282486,33.412943,-31.880818
6378121.250076,33.442782,-31.873664
6378121.217661,33.472615,-31.866509
6378121.185242,33.502443,-31.859350
6378121.152819,33.532266,-31.852190
6378121.120392,33.562083,-31.845028
6378121.087960,33.591896,-31.837863
6378121.055525,33.621704,-31.830696
6378121.023085,33.651507,-31.823527
6378120.990641,33.681305,-31.816355
6378120.958194,33.711097,-31.809182
6378120.925742,33.740885,-31.802006
6378120.893286,33.770668,-31.794829
6378120.860826,33.800447,-31.787649
6378120.828363,33.830220,-31.780467
6378120.795895,33.859989,-31.773283
6378120.763423,33.889752,-31.766096
6378120.730948,33.919511,-31.758908
6378120.698468,33.949266,-31.751718
6378120.665985,33.979015,-31.744525
6378120.633498,34.008760,-31.737331
6378120.601007,34.038500,-31.730134
6378120.568512,34.068236,-31.722936
6378120.536014,34.097967,-31.715735
6378120.503511,34.127693,-31.708532
6378120.471005,34.157415,-31.701328
6378120.438496,34.187132,-31.694121
6378120.405982,34.216845,-31.686913
6378120.373465,34.246553,-31.679702
6378120.340945,34.276257,-31.672490
6378120.308420,34.305957,-31.665275
6378120.275892,34.335652,-31.658059
6378120.243361,34.365342,-31.650840
6378120.210826,34.395028,-31.643620
6378120.178287,34.424710,-31.636398
6378120.145745,34.454387,-31.629174
6378120.113199,34.484061,-31.621948
6378120.080650,34.513729,-31.614721
6378120.048097,34.543394,-31.607491
6378120.015541,34.573054,-31.600259
6378119.982981,34.602710,-31.593026
6378119.950418,34.632362,-31.585791
6378119.917852,34.662010,-31.578554
6378119.885282,34.691654,-31.571315
6378119.852709,34.721293,-31.564075
6378119.820133,34.750928,-31.556832
6378119.787553,34.780560,-31.549588
6378119.754970,34.810187,-31.542342
6378119.722383,34.839810,-31.535094
6378119.689794,34.869429,-31.527845
6378119.657201,34.899044,-31.520594
6378119.624605,34.928655,-31.513341
6378119.592005,34.958262,-31.506086
6378119.559403,34.987866,-31.498830
6378119.526797,35.017465,-31.491572
6378119.494188,35.047060,-31.484312
6378119.461576,35.076652,-31.477050
6378119.428961,35.106239,-31.469787
6378119.396342,35.135823,-31.462522
6378119.363721,35.165403,-31.455256
6378119.331097,35.194979,-31.447987
6378119.298469,35.224552,-31.440718
6378119.265838,35.254120,-31.433446
6378119.233205,35.283685,-31.426173
6378119.200568,35.313246,-31.418898
6378119.167929,35.342804,-31.411622
6378119.135286,35.372357,-31.404344
6378119.102640,35.401907,-31.397065
6378119.069992,35.431454,-31.389783
6378119.037341,35.460997,-31.382501
6378119.004686,35.490536,-31.375216
6378118.972029,35.520072,-31.367931
6378118.939369,35.549604,-31.360643
6378118.906706,35.579132,-31.353354
6378118.874040,35.608657,-31.346064
6378118.841371,35.638178,-31.338772
6378118.808700,35.667696,-31.331478
6378118.776025,35.697211,-31.324183
6378118.743348,35.726722,-31.316887
6378118.710668,35.756229,-31.309589
6378118.677986,35.785734,-31.302289
6378118.645300,35.815234,-31.294988
6378118.612612,35.844732,-31.287686
6378118.579921,35.874226,-31.280382
6378118.547228,35.903716,-31.273076
6378118.514532,35.933203,-31.265769
6378118.481833,35.962687,-31.258461
6378118.449131,35.992168,-31.251151
6378118.416427,36.021645,-31.243840
6378118.383720,36.051119,-31.236528
6378118.351011,36.080590,-31.229214
6378118.318299,36.110058,-31.221898
6378118.285584,36.139522,-31.214582
6378118.252867,36.168984,-31.207263
6378118.220147,36.198442,-31.199944
6378118.187425,36.227896,-31.192623
6378118.154700,36.257348,-31.185301
6378118.121973,36.286797,-31.177977
6378118.089243,36.316242,-31.170652
6378118.056511,36.345685,-31.163326
6378118.023776,36.375124,-31.155998
6378117.991039,36.404560,-31.148669
6378117.958299,36.433993,-31.141339
6378117.925557,36.463423,-31.134007
6378117.892812,36.492850,-31.126674
6378117.860065,36.522274,-31.119340
6378117.827316,36.551696,-31.112004
6378117.794564,36.581114,-31.104667
6378117.761810,36.610529,-31.097329
6378117.729054,36.639941,-31.089990
6378117.696295,36.669350,-31.082649
6378117.663534,36.698757,-31.075307
6378117.630770,36.728160,-31.067964
6378117.598004,36.757561,-31.060620
6378117.565236,36.786959,-31.053274
6378117.532466,36.816353,-31.045927
6378117.499693,36.845746,-31.038579
6378117.466919,36.875135,-31.031229
6378117.434142,36.904521,-31.023879
6378117.401362,36.933905,-31.016527
6378117.368581,36.963286,-31.009174
6378117.335797,36.992664,-31.001820
6378117.303011,37.022039,-30.994464
6378117.270223,37.051412,-30.987108
6378117.237432,37.080782,-30.979750
6378117.204640,37.110149,-30.972391
6378117.171845,37.139513,-30.965031
6378117.139049,37.168875,-30.957670
6378117.106250,37.198234,-30.950307
6378117.073449,37.227591,-30.942944
6378117.040646,37.256945,-30.935579
6378117.007840,37.286296,-30.928213
6378116.975033,37.315644,-30.920846
6378116.942224,37.344991,-30.913478
6378116.909412,37.374334,-30.906109
6378116.876599,37.403675,-30.898739
6378116.843783,37.433013,-30.891367
6378116.810966,37.462349,-30.883995
6378116.778146,37.491682,-30.876621
6378116.745325,37.521013,-30.869247
6378116.712501,37.550341,-30.861871
6378116.679676,37.579667,-30.854494
6378116.646848,37.608990,-30.847116
6378116.614019,37.638311,-30.839737
6378116.581188,37.667630,-30.832357
6378116.548354,37.696946,-30.824976
6378116.515519,37.726259,-30.817594
6378116.482682,37.755570,-30.810211
6378116.449843,37.784879,-30.802827
6378116.417002,37.814185,-30.795441
6378116.384159,37.843489,-30.788055
6378116.351314,37.872791,-30.780668
6378116.318468,37.902090,-30.773280
6378116.285619,37.931387,-30.765890
6378116.252769,37.960681,-30.758500
6378116.219917,37.989974,-30.751109
6378116.187063,38.019264,-30.743716
6378116.154207,38.048551,-30.736323
6378116.121349,38.077837,-30.728929
6378116.088490,38.107120,-30.721533
6378116.055629,38.136401,-30.714137
6378116.022766,38.165680,-30.706740
6378115.989901,38.194956,-30.699342
6378115.957035,38.224230,-30.691943
6378115.924166,38.253502,-30.684543
6378115.891296,38.282772,-30.677142
6378115.858425,38.312040,-30.669740
6378115.825551,38.341305,-30.662337
6378115.792676,38.370568,-30.654933
6378115.759799,38.399829,-30.647528
6378115.726921,38.429089,-30.640123
6378115.694040,38.458345,-30.632716
6378115.661159,38.487600,-30.625309
6378115.628275,38.516853,-30.617900
6378115.595390,38.546103,-30.610491
6378115.562503,38.575352,-30.603081
6378115.529614,38.604598,-30.595670
6378115.496724,38.633843,-30.588258
6378115.463833,38.663085,-30.580845
6378115.430939,38.692325,-30.573431
6378115.398044,38.721564,-30.566016
6378115.365148,38.750800,-30.558601
6378115.332249,38.780034,-30.551184
6378115.299350,38.809266,-30.543767
6378115.266448,38.838496,-30.536349
6378115.233545,38.867725,-30.528930
6378115.200641,38.896951,-30.521510
6378115.167735,38.926175,-30.514090
6378115.134827,38.955398,-30.506668
6378115.101918,38.984618,-30.499246
6378115.069008,39.013837,-30.491823
6378115.036096,39.043053,-30.484399
6378115.003182,39.072268,-30.476974
6378114.970267,39.101481,-30.469549
6378114.937351,39.130692,-30.462122
6378114.904432,39.159901,-30.454695
6378114.871513,39.189108,-30.447267
6378114.838592,39.218314,-30.439838
6378114.805669,39.247517,-30.432409
6378114.772746,39.276719,-30.424978
6378114.739820,39.305919,-30.417547
6378114.706893,39.335117,-30.410115
6378114.673965,39.364313,-30.402682
6378114.641036,39.393507,-30.395249
6378114.608105,39.422700,-30.387815
6378114.575172,39.451891,-30.380380
6378114.542238,39.481080,-30.372944
6378114.509303,39.510267,-30.365507
6378114.476366,39.539453,-30.358070
6378114.443428,39.568637,-30.350632
6378114.410489,39.597819,-30.343193
6378114.377548,39.626999,-30.335754
6378114.344606,39.656178,-30.328313
6378114.311663,39.685355,-30.320872
6378114.278718,39.714530,-30.313430
6378114.245772,39.743704,-30.305988
6378114.212825,39.772876,-30.298545
6378114.179876,39.802046,-30.291101
6378114.146926,39.831214,-30.283656
6378114.113975,39.860381,-30.276211
6378114.081022,39.889547,-30.268765
6378114.048068,39.918710,-30.261318
6378114.015113,39.947872,-30.253871
6378113.982157,39.977033,-30.246422
6378113.949199,40.006191,-30.238974
6378113.916240,40.035349,-30.231524
6378113.883280,40.064504,-30.224074
6378113.850318,40.093658,-30.216623
6378113.817355,40.122811,-30.209171
6378113.784391,40.151962,-30.201719
6378113.751426,40.181111,-30.194266
6378113.718460,40.210259,-30.186813
6378113.685492,40.239405,-30.179358
6378113.652523,40.268549,-30.171903
6378113.619553,40.297693,-30.164448
6378113.586582,40.326834,-30.156992
6378113.553610,40.355974,-30.149535
6378113.520636,40.385113,-30.142077
6378113.487661,40.414250,-30.134619
6378113.454685,40.443386,-30.127160
6378113.421708,40.472520,-30.119701
6378113.388730,40.501653,-30.112241
6378113.355751,40.530784,-30.104780
6378113.322770,40.559914,-30.097319
6378113.289788,40.589042,-30.089857
6378113.256806,40.618169,-30.082394
6378113.223822,40.647294,-30.074931
6378113.190837,40.676418,-30.067467
6378113.157850,40.705541,-30.060003
6378113.124863,40.734662,-30.052538
6378113.091875,40.763782,-30.045072
6378113.058885,40.792900,-30.037606
6378113.025895,40.822017,-30.030139
6378112.992903,40.851133,-30.022672
6378112.959910,40.880247,-30.015204
6378112.926916,40.909360,-30.007735
6378112.893921,40.938471,-30.000266
6378112.860925,40.967581,-29.992796
6378112.827928,40.996690,-29.985326
6378112.794930,41.025798,-29.977855
6378112.761931,41.054904,-29.970384
6378112.728931,41.084009,-29.962911
6378112.695930,41.113112,-29.955439
6378112.662928,41.142214,-29.947966
6378112.629924,41.171315,-29.940492
6378112.596920,41.200415,-29.933018
6378112.563915,41.229513,-29.925543
6378112.530909,41.258610,-29.918067
6378112.497901,41.287706,-29.910591
6378112.464893,41.316800,-29.903115
6378112.431884,41.345893,-29.895638
6378112.398873,41.374985,-29.888160
6378112.365862,41.404076,-29.880682
6378112.332850,41.433166,-29.873204
6378112.299837,41.462254,-29.865724
6378112.266823,41.491341,-29.858245
6378112.233808,41.520426,-29.850764
6378112.200791,41.549511,-29.843284
6378112.167774,41.578594,-29.835802
6378112.134756,41.607676,-29.828321
6378112.101738,41.636757,-29.820838
6378112.068718,41.665837,-29.813355
6378112.035697,41.694916,-29.805872
6378112.002675,41.723993,-29.798388
6378111.969653,41.753069,-29.790904
6378111.936629,41.782144,-29.783419
6378111.903605,41.811218,-29.775934
6378111.870579,41.840291,-29.768448
6378111.837553,41.869362,-29.760962
6378111.804526,41.898432,-29.753475
6378111.771498,41.927502,-29.745987
6378111.738469,41.956570,-29.738500
6378111.705439,41.985637,-29.731011
6378111.672409,42.014703,-29.723523
6378111.639377,42.043767,-29.716033
6378111.606345,42.072831,-29.708544
6378111.573311,42.101894,-29.701053
6378111.540277,42.130955,-29.693563
6378111.507242,42.160016,-29.686072
6378111.474206,42.189075,-29.678580
6378111.441170,42.218133,-29.671088
6378111.408132,42.247190,-29.663596
6378111.375094,42.276246,-29.656103
6378111.342055,42.305301,-29.648609
6378111.309015,42.334355,-29.641115
6378111.275974,42.363408,-29.633621
6378111.242932,42.392460,-29.626126
6378111.209890,42.421511,-29.618631
6378111.176846,42.450560,-29.611135
6378111.143802,42.479609,-29.603639
6378111.110757,42.508657,-29.596143
6378111.077712,42.537704,-29.588646
6378111.044665,42.566749,-29.581148
6378111.011618,42.595794,-29.573650
6378110.978570,42.624838,-29.566152
6378110.945521,42.653880,-29.558653
6378110.912472,42.682922,-29.551154
6378110.879421,42.711963,-29.543655
6378110.846370,42.741002,-29.536155
6378110.813318,42.770041,-29.528654
6378110.780266,42.799079,-29.521153
6378110.747212,42.828115,-29.513652
6378110.714158,42.857151,-29.506150
6378110.681103,42.886186,-29.498648
6378110.648047,42.915220,-29.491146
6378110.614991,42.944253,-29.483643
6378110.581934,42.973285,-29.476140
6378110.548876,43.002316,-29.468636
6378110.515817,43.031346,-29.461132
6378110.482758,43.060376,-29.453628
6378110.449698,43.089404,-29.446123
6378110.416637,43.118431,-29.438617
6378110.383576,43.147458,-29.431112
6378110.350514,43.176483,-29.423606
6378110.317451,43.205508,-29.416099
6378110.284387,43.234532,-29.408593
6378110.251323,43.263555,-29.401085
6378110.218258,43.292577,-29.393578
6378110.185192,43.321598,-29.386070
6378110.152126,43.350618,-29.378561
6378110.119059,43.379637,-29.371053
6378110.085991,43.408656,-29.363544
6378110.052923,43.437673,-29.356034
6378110.019854,43.466690,-29.348524
6378109.986784,43.495706,-29.341014
6378109.953714,43.524721,-29.333504
6378109.920643,43.553735,-29.325993
6378109.887571,43.582749,-29.318481
6378109.854498,43.611761,-29.310970
6378109.821425,43.640773,-29.303458
6378109.788352,43.669784,-29.295945
6378109.755277,43.698794,-29.288433
6378109.722203,43.727803,-29.280920
6378109.689127,43.756811,-29.273406
6378109.656051,43.785819,-29.265893
6378109.622974,43.814826,-29.258378
6378109.589896,43.843832,-29.250864
6378109.556818,43.872837,-29.243349
6378109.523740,43.901841,-29.235834
6378109.490660,43.930845,-29.228319
6378109.457580,43.959847,-29.220803
6378109.424500,43.988849,-29.213287
6378109.391419,44.017851,-29.205770
6378109.358337,44.046851,-29.198253
6378109.325254,44.075851,-29.190736
6378109.292171,44.104850,-29.183219
6378109.259088,44.133848,-29.175701
6378109.226004,44.162845,-29.168183
6378109.192919,44.191842,-29.160664
6378109.159834,44.220838,-29.153146
6378109.126748,44.249833,-29.145627
6378109.093661,44.278827,-29.138107
6378109.060574,44.307821,-29.130588
6378109.027486,44.336814,-29.123068
6378108.994398,44.365806,-29.115547
6378108.961310,44.394797,-29.108027
6378108.928220,44.423788,-29.100506
6378108.895130,44.452778,-29.092984
6378108.862040,44.481767,-29.085463
6378108.828949,44.510756,-29.077941
6378108.795857,44.539744,-29.070419
6378108.762765,44.568731,-29.062896
6378108.729672,44.597718,-29.055373
6378108.696579,44.626703,-29.047850
6378108.663485,44.655688,-29.040327
6378108.630391,44.684673,-29.032803
6378108.597296,44.713656,-29.025279
6378108.564201,44.742639,-29.017755
6378108.531105,44.771622,-29.010230
6378108.498009,44.800603,-29.002706
6378108.464912,44.829584,-28.995180
6378108.431814,44.858565,-28.987655
6378108.398716,44.887544,-28.980129
6378108.365618,44.916523,-28.972603
6378108.332519,44.945502,-28.965077
6378108.299419,44.974479,-28.957550
6378108.266319,45.003456,-28.950024
6378108.233219,45.032433,-28.942497
6378108.200118,45.061408,-28.934969
6378108.167016,45.090383,-28.927441
6378108.133914,45.119358,-28.919914
6378108.100812,45.148332,-28.912385
6378108.067709,45.177305,-28.904857
6378108.034605,45.206277,-28.897328
6378108.001501,45.235249,-28.889799
6378107.968397,45.264221,-28.882270
6378107.935292,45.293191,-28.874740
6378107.902186,45.322161,-28.867210
6378107.869080,45.351131,-28.859680
6378107.835974,45.380100,-28.852150
6378107.802867,45.409068,-28.844619
6378107.769760,45.438036,-28.837089
6378107.736652,45.467003,-28.829558
6378107.703544,45.495969,-28.822026
6378107.670435,45.524935,-28.814495
6378107.637326,45.553900,-28.806963
6378107.604216,45.582865,-28.799431
6378107.571106,45.611829,-28.791898
6378107.537996,45.640793,-28.784366
6378107.504885,45.669755,-28.776833
6378107.471773,45.698718,-28.769300
6378107.438662,45.727680,-28.761766
6378107.405549,45.756641,-28.754233
6378107.372437,45.785601,-28.746699
6378107.339323,45.814562,-28.739165
6378107.306210,45.843521,-28.731631
6378107.273096,45.872480,-28.724096
6378107.239981,45.901438,-28.716561
6378107.206866,45.930396,-28.709026
6378107.173751,45.959354,-28.701491
6378107.140635,45.988310,-28.693955
6378107.107519,46.017267,-28.686420
6378107.074402,46.046222,-28.678884
6378107.041285,46.075178,-28.671348
6378107.008168,46.104132,-28.663811
6378106.975050,46.133086,-28.656275
6378106.941932,46.162040,-28.648738
6378106.908813,46.190993,-28.641201
6378106.875694,46.219945,-28.633663
6378106.842575,46.248897,-28.626126
6378106.809455,46.277849,-28.618588
6378106.776335,46.306800,-28.611050
6378106.743214,46.335750,-28.603512
6378106.710093,46.364700,-28.595973
6378106.676971,46.393650,-28.588435
6378106.643850,46.422599,-28.580896
6378106.610727,46.451547,-28.573357
6378106.577605,46.480495,-28.565818
6378106.544482,46.509442,-28.558278
6378106.511358,46.538389,-28.550738
6378106.478234,46.567336,-28.543198
6378106.445110,46.596282,-28.535658
6378106.411986,46.625227,-28.528118
6378106.378861,46.654172,-28.520578
6378106.345736,46.683117,-28.513037
6378106.312610,46.712061,-28.505496
6378106.279484,46.741004,-28.497955
6378106.246358,46.769947,-28.490413
6378106.213231,46.798890,-28.482872
6378106.180104,46.827832,-28.475330
6378106.146976,46.856774,-28.467788
6378106.113848,46.885715,-28.460246
6378106.080720,46.914656,-28.452704
6378106.047592,46.943596,-28.445161
6378106.014463,46.972536,-28.437618
6378105.981333,47.001475,-28.430076
6378105.948204,47.030414,-28.422532
6378105.915074,47.059353,-28.414989
6378105.881944,47.088291,-28.407446
6378105.848813,47.117229,-28.399902
6378105.815682,47.146166,-28.392358
6378105.782551,47.175102,-28.384814
6378105.749419,47.204039,-28.377270
6378105.716287,47.232975,-28.369725
6378105.683155,47.261910,-28.362181
6378105.650022,47.290845,-28.354636
6378105.616889,47.319780,-28.347091
6378105.583756,47.348714,-28.339546
6378105.550622,47.377647,-28.332000
6378105.517488,47.406581,-28.324455
6378105.484354,47.435514,-28.316909
6378105.451219,47.464446,-28.309363
6378105.418084,47.493378,-28.301817
6378105.384949,47.522310,-28.294271
6378105.351813,47.551241,-28.286725
6378105.318677,47.580172,-28.279178
6378105.285541,47.609102,-28.271631
6378105.252404,47.638032,-28.264084
6378105.219268,47.666962,-28.256537
6378105.186130,47.695891,-28.248990
6378105.152993,47.724820,-28.241442
6378105.119855,47.753748,-28.233895
6378105.086717,47.782676,-28.226347
6378105.053579,47.811604,-28.218799
6378105.020440,47.840531,-28.211251
6378104.987301,47.869458,-28.203703
6378104.954162,47.898384,-28.196154
6378104.921022,47.927310,-28.188606
6378104.887882,47.956236,-28.181057
6378104.854742,47.985161,-28.173508
6378104.821602,48.014086,-28.165959
6378104.788461,48.043011,-28.158410
6378104.755320,48.071935,-28.150860
6378104.722178,48.100859,-28.143311
6378104.689037,48.129782,-28.135761
6378104.655895,48.158705,-28.128211
6378104.622753,48.187628,-28.120661
6378104.589610,48.216550,-28.113111
6378104.556467,48.245472,-28.105560
6378104.523324,48.274394,-28.098010
6378104.490181,48.303315,-28.090459
6378104.457038,48.332236,-28.082908
6378104.423894,48.361157,-28.075357
6378104.390749,48.390077,-28.067806
6378104.357605,48.418997,-28.060255
6378104.324460,48.447916,-28.052704
6378104.291315,48.476836,-28.045152
6378104.258170,48.505754,-28.037600
6378104.225025,48.534673,-28.030048
6378104.191879,48.563591,-28.022496
6378104.158733,48.592509,-28.014944
6378104.125587,48.621426,-28.007392
6378104.092440,48.650343,-27.999840
6378104.059293,48.679260,-27.992287
6378104.026146,48.708177,-27.984734
6378103.992999,48.737093,-27.977181
6378103.959852,48.766009,-27.969628
6378103.926704,48.794924,-27.962075
6378103.893556,48.823839,-27.954522
6378103.860407,48.852754,-27.946969
6378103.827259,48.881669,-27.939415
6378103.794110,48.910583,-27.931861
6378103.760961,48.939497,-27.924307
6378103.727812,48.968410,-27.916753
6378103.694662,48.997323,-27.909199
6378103.661512,49.026236,-27.901645
6378103.628362,49.055149,-27.894091
6378103.595212,49.084061,-27.886536
6378103.562061,49.112973,-27.878982
6378103.528911,49.141885,-27.871427
6378103.495760,49.170796,-27.863872
6378103.462608,49.199707,-27.856317
6378103.429457,49.228618,-27.848762
6378103.396305,49.257528,-27.841207
6378103.363153,49.286439,-27.833651
6378103.330001,49.315348,-27.826096
6378103.296849,49.344258,-27.818540
6378103.263696,49.373167,-27.810984
6378103.230543,49.402076,-27.803428
6378103.197390,49.430985,-27.795872
6378103.164237,49.459893,-27.788316
6378103.131083,49.488802,-27.780760
6378103.097930,49.517709,-27.773203
6378103.064776,49.546617,-27.765647
6378103.031622,49.575524,-27.758090
6378102.998467,49.604431,-27.750533
6378102.965313,49.633338,-27.742976
6378102.932158,49.662244,-27.735419
6378102.899003,49.691150,-27.727862
6378102.865847,49.720056,-27.720305
6378102.832692,49.748962,-27.712748
6378102.799536,49.777867,-27.705190
6378102.766380,49.806772,-27.697633
6378102.733224,49.835677,-27.690075
6378102.700068,49.864581,-27.682517
6378102.666911,49.893486,-27.674959
6378102.633755,49.922390,-27.667401
6378102.600598,49.951293,-27.659843
6378102.567441,49.980197,-27.652285
6378102.534283,50.009100,-27.644726
6378102.501126,50.038003,-27.637168
6378102.467968,50.066905,-27.629609
6378102.434810,50.095808,-27.622050
6378102.401652,50.124710,-27.614492
6378102.368494,50.153612,-27.606933
6378102.335335,50.182513,-27.599374
6378102.302176,50.211415,-27.591814
6378102.269017,50.240316,-27.584255
6378102.235858,50.269217,-27.576696
6378102.202699,50.298117,-27.569136
6378102.169539,50.327018,-27.561577
6378102.136380,50.355918,-27.554017
6378102.103220,50.384818,-27.546457
6378102.070060,50.413717,-27.538897
6378102.036899,50.442617,-27.531337
6378102.003739,50.471516,-27.523777
6378101.970578,50.500415,-27.516217
6378101.937418,50.529314,-27.508657
6378101.904257,50.558212,-27.501096
6378101.871095,50.587110,-27.493536
6378101.837934,50.616008,-27.485975
6378101.804772,50.644906,-27.478414
6378101.771611,50.673803,-27.470854
6378101.738449,50.702701,-27.463293
6378101.705287,50.731598,-27.455732
6378101.672124,50.760495,-27.448170
6378101.638962,50.789391,-27.440609
6378101.605799,50.818288,-27.433048
6378101.572637,50.847184,-27.425487
6378101.539474,50.876080,-27.417925
6378101.506311,50.904975,-27.410363
6378101.473147,50.933871,-27.402802
6378101.439984,50.962766,-27.395240
6378101.406820,50.991661,-27.387678
6378101.373656,51.020556,-27.380116
6378101.340492,51.049450,-27.372554
6378101.307328,51.078345,-27.364992
6378101.274164,51.107239,-27.357430
6378101.240999,51.136133,-27.349867
6378101.207835,51.165027,-27.342305
6378101.174670,51.193920,-27.334742
6378101.141505,51.222813,-27.327180
6378101.108340,51.251706,-27.319617
6378101.075174,51.280599,-27.312054
6378101.042009,51.309492,-27.304492
6378101.008843,51.338385,-27.296929
6378100.975678,51.367277,-27.289366
6378100.942512,51.396169,-27.281802
6378100.909346,51.425061,-27.274239
6378100.876179,51.453952,-27.266676
6378100.843013,51.482844,-27.259112
6378100.809846,51.511735,-27.251549
6378100.776680,51.540626,-27.243985
6378100.743513,51.569517,-27.236422
6378100.710346,51.598408,-27.228858
6378100.677179,51.627298,-27.221294
6378100.644011,51.656189,-27.213730
6378100.610844,51.685079,-27.206166
6378100.577676,51.713968,-27.198602
6378100.544508,51.742858,-27.191038
6378100.511341,51.771748,-27.183474
6378100.478172,51.800637,-27.175910
6378100.445004,51.829526,-27.168345
6378100.411836,51.858415,-27.160781
6378100.378667,51.887304,-27.153216
6378100.345499,51.916192,-27.145652
6378100.312330,51.945081,-27.138087
6378100.279161,51.973969,-27.130522
6378100.245992,52.002857,-27.122957
6378100.212823,52.031745,-27.115392
6378100.179654,52.060633,-27.107827
6378100.146484,52.089520,-27.100262
6378100.113314,52.118407,-27.092697
6378100.080145,52.147295,-27.085132
6378100.046975,52.176181,-27.077566
6378100.013805,52.205068,-27.070001
6378099.980635,52.233955,-27.062436
6378099.947464,52.262841,-27.054870
6378099.914294,52.291728,-27.047304
6378099.881123,52.320614,-27.039739
6378099.847953,52.349500,-27.032173
6378099.814782,52.378385,-27.024607
6378099.781611,52.407271,-27.017041
6378099.748440,52.436156,-27.009475
6378099.715268,52.465042,-27.001909
6378099.682097,52.493927,-26.994343
6378099.648926,52.522811,-26.986777
6378099.615754,52.551696,-26.979211
6378099.582582,52.580581,-26.971644
6378099.549410,52.609465,-26.964078
6378099.516238,52.638349,-26.956511
6378099.483066,52.667234,-26.948945
6378099.449894,52.696117,-26.941378
6378099.416722,52.725001,-26.933812
6378099.383549,52.753885,-26.926245
6378099.350377,52.782768,-26.918678
6378099.317204,52.811652,-26.911111
6378099.284031,52.840535,-26.903544
6378099.250858,52.869418,-26.895977
6378099.217685,52.898300,-26.888410
6378099.184512,52.927183,-26.880843
6378099.151339,52.956066,-26.873276
6378099.118165,52.984948,-26.865709
6378099.084991,53.013830,-26.858141
6378099.051818,53.042712,-26.850574
6378099.018644,53.071594,-26.843006
6378098.985470,53.100476,-26.835439
6378098.952296,53.129358,-26.827871
6378098.919122,53.158239,-26.820304
6378098.885948,53.187120,-26.812736
6378098.852773,53.216002,-26.805168
6378098.819599,53.244883,-26.797600
6378098.786424,53.273763,-26.790032
6378098.753250,53.302644,-26.782464
6378098.720075,53.331525,-26.774896
6378098.686900,53.360405,-26.767328
6378098.653725,53.389286,-26.759760
6378098.620550,53.418166,-26.752192
6378098.587374,53.447046,-26.744624
6378098.554199,53.475926,-26.737055
6378098.521024,53.504805,-26.729487
6378098.487848,53.533685,-26.721918
6378098.454672,53.562564,-26.714350
6378098.421497,53.591444,-26.706781
6378098.388321,53.620323,-26.699213
6378098.355145,53.649202,-26.691644
6378098.321969,53.678081,-26.684075
6378098.288792,53.706960,-26.676506
6378098.255616,53.735838,-26.668938
6378098.222440,53.764717,-26.661369
6378098.189263,53.793595,-26.653800
6378098.156087,53.822474,-26.646231
6378098.122910,53.851352,-26.638662
6378098.089733,53.880230,-26.631092
6378098.056556,53.909108,-26.623523
6378098.023379,53.937985,-26.615954
6378097.990202,53.966863,-26.608385
6378097.957025,53.995741,-26.600815
6378097.923847,54.024618,-26.593246
6378097.890670,54.053495,-26.585676
6378097.857493,54.082372,-26.578107
6378097.824315,54.111249,-26.570537
6378097.791137,54.140126,-26.562968
6378097.757960,54.169003,-26.555398
6378097.724782,54.197880,-26.547828
6378097.691604,54.226756,-26.540259
6378097.658426,54.255632,-26.532689
6378097.625247,54.284509,-26.525119
6378097.592069,54.313385,-26.517549
6378097.558891,54.342261,-26.509979
6378097.525712,54.371137,-26.502409
6378097.492534,54.400013,-26.494839
6378097.459355,54.428888,-26.487269
6378097.426177,54.457764,-26.479699
6378097.392998,54.486639,-26.472128
6378097.359819,54.515515,-26.464558
6378097.326640,54.544390,-26.456988
6378097.293461,54.573265,-26.449417
6378097.260282,54.602140,-26.441847
6378097.227102,54.631015,-26.434276
6378097.193923,54.659889,-26.426706
6378097.160744,54.688764,-26.419135
6378097.127564,54.717639,-26.411565
6378097.094385,54.746513,-26.403994
6378097.061205,54.775387,-26.396423
6378097.028025,54.804262,-26.388853
6378096.994845,54.833136,-26.381282
6378096.961665,54.862010,-26.373711
6378096.928485,54.890883,-26.366140
6378096.895305,54.919757,-26.358569
6378096.862125,54.948631,-26.350998
6378096.828945,54.977504,-26.343427
6378096.795765,55.006378,-26.335856
6378096.762584,55.035251,-26.328285
6378096.729404,55.064124,-26.320714
6378096.696223,55.092998,-26.313143
6378096.663042,55.121871,-26.305571
6378096.629862,55.150744,-26.298000
6378096.596681,55.179616,-26.290429
6378096.563500,55.208489,-26.282857
6378096.530319,55.237362,-26.275286
6378096.497138,55.266234,-26.267714
6378096.463957,55.295107,-26.260143
6378096.430776,55.323979,-26.252571
6378096.397594,55.352851,-26.245000
6378096.364413,55.381723,-26.237428
6378096.331232,55.410595,-26.229856
6378096.298050,55.439467,-26.222285
6378096.264869,55.468339,-26.214713
6378096.231687,55.497211,-26.207141
6378096.198505,55.526083,-26.199569
6378096.165323,55.554954,-26.191997
6378096.132141,55.583826,-26.184425
6378096.098960,55.612697,-26.176853
6378096.065777,55.641568,-26.169281
6378096.032595,55.670439,-26.161709
6378095.999413,55.699310,-26.154137
6378095.966231,55.728181,-26.146565
6378095.933049,55.757052,-26.138993
6378095.899866,55.785923,-26.131421
6378095.866684,55.814794,-26.123848
6378095.833501,55.843664,-26.116276
6378095.800319,55.872535,-26.108704
6378095.767136,55.901405,-26.101131
6378095.733953,55.930276,-26.093559
6378095.700771,55.959146,-26.085987
6378095.667588,55.988016,-26.078414
6378095.634405,56.016886,-26.070842
6378095.601222,56.045756,-26.063269
6378095.568039,56.074626,-26.055697
6378095.534856,56.103496,-26.048124
6378095.501672,56.132366,-26.040551
6378095.468489,56.161235,-26.032979
6378095.435306,56.190105,-26.025406
6378095.402122,56.218974,-26.017833
6378095.368939,56.247844,-26.010260
6378095.335755,56.276713,-26.002687
6378095.302572,56.305582,-25.995114
6378095.269388,56.334452,-25.987542
6378095.236204,56.363321,-25.979969
6378095.203021,56.392190,-25.972396
6378095.169837,56.421058,-25.964823
6378095.136653,56.449927,-25.957250
6378095.103469,56.478796,-25.949676
6378095.070285,56.507665,-25.942103
6378095.037101,56.536533,-25.934530
6378095.003917,56.565402,-25.926957
6378094.970732,56.594270,-25.919384
6378094.937548,56.623139,-25.911811
6378094.904364,56.652007,-25.904237
6378094.871179,56.680875,-25.896664
6378094.837995,56.709743,-25.889091
6378094.804810,56.738611,-25.881517
6378094.771626,56.767479,-25.873944
6378094.738441,56.796347,-25.866370
6378094.705256,56.825215,-25.858797
6378094.672072,56.854082,-25.851223
6378094.638887,56.882950,-25.843650
6378094.605702,56.911818,-25.836076
6378094.572517,56.940685,-25.828503
6378094.539332,56.969553,-25.820929
6378094.506147,56.998420,-25.813355
6378094.472962,57.027287,-25.805781
6378094.439777,57.056155,-25.798208
6378094.406592,57.085022,-25.790634
6378094.373406,57.113889,-25.783060
6378094.340221,57.142756,-25.775486
6378094.307036,57.171623,-25.767912
6378094.273850,57.200489,-25.760339
6378094.240665,57.229356,-25.752765
6378094.207479,57.258223,-25.745191
6378094.174294,57.287090,-25.737617
6378094.141108,57.315956,-25.730043
6378094.107922,57.344823,-25.722469
6378094.074736,57.373689,-25.714895
6378094.041551,57.402556,-25.707321
6378094.008365,57.431422,-25.699746
6378093.975179,57.460288,-25.692172
6378093.941993,57.489154,-25.684598
6378093.908807,57.518020,-25.677024
6378093.875621,57.546886,-25.669450
6378093.842435,57.575752,-25.661875
6378093.809249,57.604618,-25.654301
6378093.776062,57.633484,-25.646727
6378093.742876,57.662350,-25.639152
6378093.709690,57.691216,-25.631578
6378093.676503,57.720081,-25.624004
6378093.643317,57.748947,-25.616429
6378093.610130,57.777812,-25.608855
6378093.576944,57.806678,-25.601280
6378093.543757,57.835543,-25.593706
6378093.510571,57.864408,-25.586131
6378093.477384,57.893274,-25.578557
6378093.444197,57.922139,-25.570982
6378093.411011,57.951004,-25.563407
6378093.377824,57.979869,-25.555833
6378093.344637,58.008734,-25.548258
6378093.311450,58.037599,-25.540683
6378093.278263,58.066464,-25.533109
6378093.245076,58.095329,-25.525534
6378093.211889,58.124194,-25.517959
6378093.178702,58.153058,-25.510384
6378093.145515,58.181923,-25.502809
6378093.112328,58.210788,-25.495235
6378093.079141,58.239652,-25.487660
6378093.045953,58.268517,-25.480085
6378093.012766,58.297381,-25.472510
6378092.979579,58.326245,-25.464935
6378092.946391,58.355110,-25.457360
6378092.913204,58.383974,-25.449785
6378092.880016,58.412838,-25.442210
6378092.846829,58.441702,-25.434635
6378092.813641,58.470566,-25.427060
6378092.780454,58.499430,-25.419485
6378092.747266,58.528294,-25.411910
6378092.714078,58.557158,-25.404334
6378092.680890,58.586022,-25.396759
6378092.647703,58.614886,-25.389184
6378092.614515,58.643750,-25.381609
6378092.581327,58.672613,-25.374034
6378092.548139,58.701477,-25.366458
6378092.514951,58.730341,-25.358883
6378092.481763,58.759204,-25.351308
6378092.448575,58.788068,-25.343732
6378092.415387,58.816931,-25.336157
6378092.382199,58.845794,-25.328582
6378092.349011,58.874658,-25.321006
6378092.315823,58.903521,-25.313431
6378092.282634,58.932384,-25.305855
6378092.249446,58.961247,-25.298280
6378092.216258,58.990111,-25.290704
6378092.183069,59.018974,-25.283129
6378092.149881,59.047837,-25.275553
6378092.116693,59.076700,-25.267978
6378092.083504,59.105562,-25.260402
6378092.050316,59.134425,-25.252827
6378092.017127,59.163288,-25.245251
6378091.983938,59.192151,-25.237675
6378091.950750,59.221014,-25.230100
6378091.917561,59.249876,-25.222524
6378091.884372,59.278739,-25.214948
6378091.851184,59.307602,-25.207373
6378091.817995,59.336464,-25.199797
6378091.784806,59.365327,-25.192221
6378091.751617,59.394189,-25.184645
6378091.718428,59.423051,-25.177070
6378091.685240,59.451914,-25.169494
6378091.652051,59.480776,-25.161918
6378091.618862,59.509638,-25.154342
6378091.585673,59.538500,-25.146766
6378091.552483,59.567363,-25.139190
6378091.519294,59.596225,-25.131614
6378091.486105,59.625087,-25.124038
6378091.452916,59.653949,-25.116463
6378091.419727,59.682811,-25.108887
6378091.386538,59.711673,-25.101311
6378091.353348,59.740535,-25.093735
6378091.320159,59.769396,-25.086159
6378091.286970,59.798258,-25.078582
6378091.253780,59.827120,-25.071006
6378091.220591,59.855982,-25.063430
6378091.187402,59.884843,-25.055854
6378091.154212,59.913705,-25.048278
6378091.121023,59.942566,-25.040702
6378091.087833,59.971428,-25.033126
6378091.054643,60.000290,-25.025550
6378091.021454,60.029151,-25.017973
6378090.988264,60.058012,-25.010397
6378090.955075,60.086874,-25.002821
6378090.921885,60.115735,-24.995245
6378090.888695,60.144596,-24.987668
6378090.855505,60.173458,-24.980092
6378090.822316,60.202319,-24.972516
6378090.789126,60.231180,-24.964940
6378090.755936,60.260041,-24.957363
6378090.722746,60.288902,-24.949787
6378090.689556,60.317763,-24.942210
6378090.656366,60.346624,-24.934634
6378090.623176,60.375485,-24.927058
6378090.589986,60.404346,-24.919481
6378090.556796,60.433207,-24.911905
6378090.523606,60.462068,-24.904328
6378090.490416,60.490929,-24.896752
6378090.457226,60.519789,-24.889175
6378090.424036,60.548650,-24.881599
6378090.390845,60.577511,-24.874022
6378090.357655,60.606371,-24.866446
6378090.324465,60.635232,-24.858869
6378090.291275,60.664093,-24.851293
6378090.258084,60.692953,-24.843716
6378090.224894,60.721814,-24.836139
6378090.191704,60.750674,-24.828563
6378090.158513,60.779535,-24.820986
6378090.125323,60.808395,-24.813410
6378090.092132,60.837255,-24.805833
6378090.058942,60.866116,-24.798256
6378090.025751,60.894976,-24.790680
6378089.992561,60.923836,-24.783103
6378089.959370,60.952696,-24.775526
6378089.926180,60.981556,-24.767949
6378089.892989,61.010417,-24.760373
6378089.859798,61.039277,-24.752796
6378089.826608,61.068137,-24.745219
6378089.793417,61.096997,-24.737642
6378089.760226,61.125857,-24.730065
6378089.727036,61.154717,-24.722489
6378089.693845,61.183577,-24.714912
6378089.660654,61.212437,-24.707335
6378089.627463,61.241296,-24.699758
6378089.594272,61.270156,-24.692181
6378089.561081,61.299016,-24.684604
6378089.527890,61.327876,-24.677027
6378089.494700,61.356736,-24.669450
6378089.461509,61.385595,-24.661873
6378089.428318,61.414455,-24.654296
6378089.395127,61.443315,-24.646719
6378089.361936,61.472174,-24.639143
6378089.328744,61.501034,-24.631566
6378089.295553,61.529893,-24.623988
6378089.262362,61.558753,-24.616411
6378089.229171,61.587612,-24.608834
6378089.195980,61.616472,-24.601257
6378089.162789,61.645331,-24.593680
6378089.129598,61.674190,-24.586103
6378089.096406,61.703050,-24.578526
6378089.063215,61.731909,-24.570949
6378089.030024,61.760768,-24.563372
6378088.996833,61.789628,-24.555795
6378088.963641,61.818487,-24.548218
6378088.930450,61.847346,-24.540640
6378088.897258,61.876205,-24.533063
6378088.864067,61.905064,-24.525486
6378088.830876,61.933923,-24.517909
6378088.797684,61.962782,-24.510332
6378088.764493,61.991642,-24.502754
6378088.731301,62.020501,-24.495177
6378088.698110,62.049360,-24.487600
6378088.664918,62.078218,-24.480023
6378088.631727,62.107077,-24.472445
6378088.598535,62.135936,-24.464868
6378088.565343,62.164795,-24.457291
6378088.532152,62.193654,-24.449714
6378088.498960,62.222513,-24.442136
6378088.465769,62.251372,-24.434559
6378088.432577,62.280230,-24.426982
6378088.399385,62.309089,-24.419404
6378088.366193,62.337948,-24.411827
6378088.333002,62.366806,-24.404249
6378088.299810,62.395665,-24.396672
6378088.266618,62.424524,-24.389095
6378088.233426,62.453382,-24.381517
6378088.200234,62.482241,-24.373940
6378088.167043,62.511099,-24.366362
6378088.133851,62.539958,-24.358785
6378088.100659,62.568816,-24.351207
6378088.067467,62.597675,-24.343630
6378088.034275,62.626533,-24.336052
6378088.001083,62.655392,-24.328475
6378087.967891,62.684250,-24.320897
6378087.934699,62.713108,-24.313320
6378087.901507,62.741967,-24.305742
6378087.868315,62.770825,-24.298165
6378087.835123,62.799683,-24.290587
6378087.801931,62.828542,-24.283010
6378087.768739,62.857400,-24.275432
6378087.735547,62.886258,-24.267855
6378087.702355,62.915116,-24.260277
6378087.669162,62.943974,-24.252699
6378087.635970,62.972832,-24.245122
6378087.602778,63.001690,-24.237544
6378087.569586,63.030549,-24.229967
6378087.536394,63.059407,-24.222389
6378087.503201,63.088265,-24.214811
6378087.470009,63.117123,-24.207234
6378087.436817,63.145981,-24.199656
6378087.403624,63.174839,-24.192078
6378087.370432,63.203696,-24.184500
6378087.337240,63.232554,-24.176923
6378087.304047,63.261412,-24.169345
6378087.270855,63.290270,-24.161767
6378087.237663,63.319128,-24.154190
6378087.204470,63.347986,-24.146612
6378087.171278,63.376844,-24.139034
6378087.138085,63.405701,-24.131456
6378087.104893,63.434559,-24.123879
6378087.071700,63.463417,-24.116301
6378087.038508,63.492274,-24.108723
6378087.005315,63.521132,-24.101145
6378086.972123,63.549990,-24.093567
6378086.938930,63.578847,-24.085990
6378086.905738,63.607705,-24.078412
6378086.872545,63.636563,-24.070834
6378086.839353,63.665420,-24.063256
6378086.806160,63.694278,-24.055678
6378086.772967,63.723135,-24.048100
6378086.739775,63.751993,-24.040522
6378086.706582,63.780850,-24.032944
6378086.673389,63.809708,-24.025367
6378086.640197,63.838565,-24.017789
6378086.607004,63.867423,-24.010211
6378086.573811,63.896280,-24.002633
6378086.540618,63.925137,-23.995055
6378086.507426,63.953995,-23.987477
6378086.474233,63.982852,-23.979899
6378086.441040,64.011709,-23.972321
6378086.407847,64.040567,-23.964743
6378086.374654,64.069424,-23.957165
6378086.341462,64.098281,-23.949587
6378086.308269,64.127138,-23.942009
6378086.275076,64.155996,-23.934431
6378086.241883,64.184853,-23.926853
6378086.208690,64.213710,-23.919275
6378086.175497,64.242567,-23.911697
6378086.142304,64.271424,-23.904119
6378086.109111,64.300281,-23.896541
6378086.075918,64.329139,-23.888963
6378086.042725,64.357996,-23.881385
6378086.009532,64.386853,-23.873807
6378085.976339,64.415710,-23.866229
6378085.943146,64.444567,-23.858651
6378085.909953,64.473424,-23.851073
6378085.876760,64.502281,-23.843494
6378085.843567,64.531138,-23.835916
6378085.810374,64.559995,-23.828338
6378085.777181,64.588852,-23.820760
6378085.743988,64.617708,-23.813182
6378085.710795,64.646565,-23.805604
6378085.677602,64.675422,-23.798026
6378085.644408,64.704279,-23.790447
6378085.611215,64.733136,-23.782869
6378085.578022,64.761993,-23.775291
6378085.544829,64.790850,-23.767713
6378085.511636,64.819706,-23.760135
6378085.478442,64.848563,-23.752557
6378085.445249,64.877420,-23.744978
6378085.412056,64.906277,-23.737400
6378085.378863,64.935133,-23.729822
6378085.345669,64.963990,-23.722244
6378085.312476,64.992847,-23.714666
6378085.279283,65.021703,-23.707087
6378085.246089,65.050560,-23.699509
6378085.212896,65.079417,-23.691931
6378085.179703,65.108273,-23.684353
6378085.146509,65.137130,-23.676774
6378085.113316,65.165986,-23.669196
6378085.080123,65.194843,-23.661618
6378085.046929,65.223699,-23.654039
6378085.013736,65.252556,-23.646461
6378084.980543,65.281413,-23.638883
6378084.947349,65.310269,-23.631305
6378084.914156,65.339126,-23.623726
6378084.880962,65.367982,-23.616148
6378084.847769,65.396838,-23.608570
6378084.814575,65.425695,-23.600991
6378084.781382,65.454551,-23.593413
6378084.748188,65.483408,-23.585835
6378084.714995,65.512264,-23.578256
6378084.681801,65.541120,-23.570678
6378084.648608,65.569977,-23.563099
6378084.615414,65.598833,-23.555521
6378084.582221,65.627689,-23.547943
6378084.549027,65.656546,-23.540364
6378084.515833,65.685402,-23.532786
6378084.482640,65.714258,-23.525207
6378084.449446,65.743115,-23.517629
6378084.416253,65.771971,-23.510051
6378084.383059,65.800827,-23.502472
6378084.349865,65.829683,-23.494894
6378084.316672,65.858540,-23.487315
6378084.283478,65.887396,-23.479737
6378084.250284,65.916252,-23.472159
6378084.217091,65.945108,-23.464580
6378084.183897,65.973964,-23.457002
6378084.150703,66.002820,-23.449423
6378084.117510,66.031676,-23.441845
6378084.084316,66.060533,-23.434266
6378084.051122,66.089389,-23.426688
6378084.017928,66.118245,-23.419109
6378083.984735,66.147101,-23.411531
6378083.951541,66.175957,-23.403952
6378083.918347,66.204813,-23.396374
6378083.885153,66.233669,-23.388795
6378083.851959,66.262525,-23.381217
6378083.818766,66.291381,-23.373638
6378083.785572,66.320237,-23.366060
6378083.752378,66.349093,-23.358481
6378083.719184,66.377949,-23.350903
6378083.685990,66.406805,-23.343324
6378083.652796,66.435661,-23.335745
6378083.619602,66.464517,-23.328167
6378083.586409,66.493373,-23.320588
6378083.553215,66.522228,-23.313010
6378083.520021,66.551084,-23.305431
6378083.486827,66.579940,-23.297853
6378083.453633,66.608796,-23.290274
6378083.420439,66.637652,-23.282695
6378083.387245,66.666508,-23.275117
6378083.354051,66.695364,-23.267538
6378083.320857,66.724219,-23.259960
6378083.287663,66.753075,-23.252381
6378083.254469,66.781931,-23.244802
6378083.221275,66.810787,-23.237224
6378083.188081,66.839642,-23.229645
6378083.154887,66.868498,-23.222067
6378083.121693,66.897354,-23.214488
6378083.088499,66.926210,-23.206909
6378083.055305,66.955065,-23.199331
6378083.022111,66.983921,-23.191752
6378082.988917,67.012776,-23.184169
6378082.955724,67.041630,-23.176579
6378082.922532,67.070481,-23.168977
6378082.889341,67.099331,-23.161361
6378082.856151,67.128178,-23.153728
6378082.822963,67.157021,-23.146077
6378082.789776,67.185861,-23.138403
6378082.756592,67.214697,-23.130707
6378082.723410,67.243530,-23.122986
6378082.690230,67.272358,-23.115238
6378082.657053,67.301182,-23.107462
6378082.623878,67.330001,-23.099657
6378082.590707,67.358816,-23.091823
6378082.557538,67.387626,-23.083957
6378082.524373,67.416431,-23.076060
6378082.491212,67.445232,-23.068129
6378082.458054,67.474028,-23.060166
6378082.424900,67.502820,-23.052169
6378082.391750,67.531607,-23.044138
6378082.358604,67.560389,-23.036072
6378082.325462,67.589167,-23.027971
6378082.292325,67.617940,-23.019835
6378082.259192,67.646709,-23.011663
6378082.226065,67.675473,-23.003456
6378082.192942,67.704233,-22.995212
6378082.159824,67.732989,-22.986932
6378082.126712,67.761741,-22.978617
6378082.093604,67.790489,-22.970264
6378082.060503,67.819234,-22.961876
6378082.027407,67.847974,-22.953451
6378081.994317,67.876711,-22.944990
6378081.961232,67.905445,-22.936492
6378081.928154,67.934175,-22.927958
6378081.895082,67.962902,-22.919387
6378081.862017,67.991626,-22.910781
6378081.828958,68.020347,-22.902138
6378081.795905,68.049065,-22.893458
6378081.762859,68.077780,-22.884743
6378081.729820,68.106493,-22.875992
6378081.696788,68.135204,-22.867205
6378081.663764,68.163912,-22.858382
6378081.630746,68.192618,-22.849523
6378081.597736,68.221323,-22.840628
6378081.564733,68.250025,-22.831699
6378081.531738,68.278726,-22.822734
6378081.498750,68.307425,-22.813733
6378081.465771,68.336123,-22.804698
6378081.432799,68.364820,-22.795628
6378081.399835,68.393515,-22.786522
6378081.366880,68.422210,-22.777383
6378081.333933,68.450903,-22.768208
6378081.300994,68.479596,-22.759000
6378081.268064,68.508289,-22.749757
6378081.235143,68.536981,-22.740480
6378081.202230,68.565673,-22.731170
6378081.169326,68.594365,-22.721825
6378081.136431,68.623057,-22.712447
6378081.103545,68.651749,-22.703036
6378081.070669,68.680442,-22.693591
6378081.037801,68.709135,-22.684113
6378081.004943,68.737828,-22.674603
6378080.972095,68.766523,-22.665059
6378080.939256,68.795218,-22.655483
6378080.906427,68.823915,-22.645875
6378080.873608,68.852612,-22.636234
6378080.840798,68.881311,-22.626561
6378080.807999,68.910012,-22.616857
6378080.775210,68.938714,-22.607120
6378080.742431,68.967419,-22.597352
6378080.709662,68.996125,-22.587553
6378080.676904,69.024833,-22.577722
6378080.644156,69.053543,-22.567861
6378080.611419,69.082256,-22.557968
6378080.578692,69.110971,-22.548045
6378080.545977,69.139689,-22.538091
6378080.513272,69.168410,-22.528107
6378080.480578,69.197134,-22.518093
6378080.447896,69.225861,-22.508048
6378080.415224,69.254591,-22.497974
6378080.382564,69.283325,-22.487871
6378080.349915,69.312062,-22.477738
6378080.317278,69.340803,-22.467575
6378080.284652,69.369547,-22.457384
6378080.252038,69.398296,-22.447163
6378080.219436,69.427049,-22.436914
6378080.186845,69.455806,-22.426636
6378080.154267,69.484567,-22.416330
6378080.121700,69.513333,-22.405996
6378080.089146,69.542104,-22.395633
6378080.056603,69.570879,-22.385243
6378080.024073,69.599660,-22.374825
6378079.991555,69.628445,-22.364380
6378079.959050,69.657236,-22.353907
6378079.926557,69.686032,-22.343408
6378079.894077,69.714834,-22.332881
6378079.861610,69.743641,-22.322328
6378079.829155,69.772454,-22.311748
6378079.796713,69.801273,-22.301142
6378079.764284,69.830098,-22.290510
6378079.731868,69.858930,-22.279851
6378079.699465,69.887767,-22.269167
6378079.667075,69.916612,-22.258457
6378079.634699,69.945463,-22.247722
6378079.602336,69.974320,-22.236962
6378079.569986,70.003185,-22.226176
6378079.537649,70.032057,-22.215366
6378079.505327,70.060935,-22.204531
6378079.473017,70.089822,-22.193671
6378079.440722,70.118715,-22.182788
6378079.408440,70.147616,-22.171880
6378079.376172,70.176525,-22.160948
6378079.343919,70.205442,-22.149993
6378079.311679,70.234367,-22.139014
6378079.279453,70.263300,-22.128011
6378079.247241,70.292241,-22.116986
6378079.215043,70.321191,-22.105937
6378079.182860,70.350149,-22.094866
6378079.150691,70.379116,-22.083772
6378079.118537,70.408092,-22.072656
6378079.086397,70.437076,-22.061518
6378079.054271,70.466070,-22.050357
6378079.022160,70.495073,-22.039175
6378078.990064,70.524085,-22.027972
6378078.957983,70.553107,-22.016747
6378078.925916,70.582138,-22.005500
6378078.893864,70.611179,-21.994233
6378078.861828,70.640230,-21.982945
6378078.829806,70.669291,-21.971636
6378078.797799,70.698363,-21.960307
6378078.765807,70.727444,-21.948957
6378078.733831,70.756536,-21.937588
6378078.701870,70.785638,-21.926199
6378078.669924,70.814751,-21.914790
6378078.637994,70.843875,-21.903361
6378078.606078,70.873009,-21.891914
6378078.574179,70.902155,-21.880447
6378078.542295,70.931312,-21.868961
6378078.510427,70.960480,-21.857457
6378078.478574,70.989660,-21.845935
6378078.446737,71.018851,-21.834394
6378078.414916,71.048054,-21.822835
6378078.383110,71.077268,-21.811258
6378078.351321,71.106495,-21.799663
6378078.319547,71.135734,-21.788052
6378078.287790,71.164984,-21.776422
6378078.256048,71.194247,-21.764776
6378078.224323,71.223523,-21.753113
6378078.192613,71.252811,-21.741434
6378078.160920,71.282112,-21.729737
6378078.129244,71.311425,-21.718025
6378078.097583,71.340752,-21.706297
6378078.065939,71.370091,-21.694552
6378078.034311,71.399444,-21.682792
6378078.002700,71.428810,-21.671017
6378077.971105,71.458189,-21.659227
6378077.939527,71.487582,-21.647421
6378077.907966,71.516988,-21.635601
6378077.876421,71.546409,-21.623766
6378077.844893,71.575843,-21.611916
6378077.813381,71.605291,-21.600052
6378077.781886,71.634753,-21.588175
6378077.750409,71.664230,-21.576283
6378077.718948,71.693721,-21.564378
6378077.687504,71.723226,-21.552460
6378077.656076,71.752746,-21.540528
6378077.624666,71.782281,-21.528584
6378077.593273,71.811830,-21.516626
6378077.561897,71.841395,-21.504656
6378077.530539,71.870974,-21.492674
6378077.499197,71.900569,-21.480680
6378077.467873,71.930179,-21.468673
6378077.436566,71.959804,-21.456655
6378077.405276,71.989445,-21.444625
6378077.374003,72.019102,-21.432584
6378077.342748,72.048774,-21.420532
6378077.311510,72.078462,-21.408469
6378077.280290,72.108166,-21.396396
6378077.249087,72.137887,-21.384311
6378077.217902,72.167623,-21.372217
6378077.186734,72.197376,-21.360112
6378077.155584,72.227145,-21.347998
6378077.124452,72.256930,-21.335874
6378077.093337,72.286733,-21.323740
6378077.062240,72.316552,-21.311598
6378077.031161,72.346387,-21.299446
6378077.000099,72.376240,-21.287285
6378076.969055,72.406110,-21.275116
6378076.938029,72.435997,-21.262938
6378076.907021,72.465901,-21.250753
6378076.876031,72.495823,-21.238559
6378076.845059,72.525762,-21.226357
6378076.814104,72.555719,-21.214148
6378076.783168,72.585693,-21.201932
6378076.752250,72.615686,-21.189708
6378076.721349,72.645696,-21.177478
6378076.690467,72.675724,-21.165240
6378076.659603,72.705770,-21.152997
6378076.628757,72.735835,-21.140747
6378076.597929,72.765917,-21.128491
6378076.567120,72.796019,-21.116229
6378076.536328,72.826138,-21.103961
6378076.505555,72.856277,-21.091688
6378076.474800,72.886434,-21.079410
6378076.444063,72.916609,-21.067127
6378076.413345,72.946804,-21.054839
6378076.382645,72.977018,-21.042546
6378076.351964,73.007251,-21.030249
6378076.321300,73.037503,-21.017948
6378076.290656,73.067774,-21.005643
6378076.260029,73.098065,-20.993334
6378076.229421,73.128375,-20.981022
6378076.198832,73.158705,-20.968706
6378076.168261,73.189055,-20.956387
6378076.137708,73.219424,-20.944066
6378076.107174,73.249813,-20.931741
6378076.076659,73.280222,-20.919415
6378076.046162,73.310651,-20.907086
6378076.015684,73.341101,-20.894755
6378075.985224,73.371570,-20.882422
6378075.954784,73.402060,-20.870088
6378075.924361,73.432571,-20.857752
6378075.893958,73.463101,-20.845415
6378075.863573,73.493653,-20.833077
6378075.833206,73.524225,-20.820739
6378075.802859,73.554818,-20.808400
6378075.772530,73.585431,-20.796060
6378075.742220,73.616066,-20.783721
6378075.711929,73.646722,-20.771382
6378075.681657,73.677399,-20.759043
6378075.651403,73.708097,-20.746704
6378075.621168,73.738816,-20.734367
6378075.590952,73.769557,-20.722030
6378075.560755,73.800319,-20.709694
6378075.530577,73.831103,-20.697361
6378075.500417,73.861908,-20.685028
6378075.470277,73.892735,-20.672698
6378075.440155,73.923584,-20.660369
6378075.410052,73.954455,-20.648043
6378075.379969,73.985347,-20.635720
6378075.349904,74.016262,-20.623399
6378075.319858,74.047199,-20.611081
6378075.289831,74.078158,-20.598766
6378075.259823,74.109139,-20.586455
6378075.229834,74.140143,-20.574147
6378075.199864,74.171169,-20.561843
6378075.169912,74.202218,-20.549543
6378075.139980,74.233289,-20.537247
6378075.110067,74.264382,-20.524956
6378075.080173,74.295499,-20.512670
6378075.050298,74.326638,-20.500388
6378075.020442,74.357800,-20.488111
6378074.990605,74.388986,-20.475840
6378074.960787,74.420194,-20.463574
6378074.930988,74.451425,-20.451315
6378074.901209,74.482679,-20.439061
6378074.871448,74.513957,-20.426813
6378074.841706,74.545258,-20.414572
6378074.811984,74.576582,-20.402337
6378074.782280,74.607930,-20.390109
6378074.752596,74.639301,-20.377888
6378074.722930,74.670696,-20.365675
6378074.693284,74.702115,-20.353469
6378074.663657,74.733557,-20.341271
6378074.634049,74.765023,-20.329080
6378074.604460,74.796513,-20.316898
6378074.574890,74.828027,-20.304724
6378074.545340,74.859564,-20.292559
6378074.515808,74.891126,-20.280403
6378074.486296,74.922712,-20.268255
6378074.456802,74.954322,-20.256117
6378074.427328,74.985956,-20.243988
6378074.397873,75.017615,-20.231869
6378074.368437,75.049298,-20.219760
6378074.339020,75.081005,-20.207661
6378074.309622,75.112737,-20.195573
6378074.280244,75.144493,-20.183495
6378074.250884,75.176274,-20.171427
6378074.221544,75.208080,-20.159371
6378074.192223,75.239910,-20.147326
6378074.162921,75.271765,-20.135292
6378074.133638,75.303645,-20.123270
6378074.104374,75.335550,-20.111259
6378074.075129,75.367479,-20.099261
6378074.045904,75.399434,-20.087275
6378074.016697,75.431414,-20.075302
6378073.987510,75.463419,-20.063341
6378073.958342,75.495448,-20.051393
6378073.929193,75.527504,-20.039459
6378073.900063,75.559584,-20.027537
6378073.870952,75.591690,-20.015630
6378073.841860,75.623821,-20.003736
6378073.812788,75.655977,-19.991856
6378073.783734,75.688159,-19.979990
6378073.754699,75.720366,-19.968139
6378073.725684,75.752599,-19.956303
6378073.696688,75.784857,-19.944481
6378073.667711,75.817142,-19.932675
6378073.638752,75.849451,-19.920883
6378073.609813,75.881787,-19.909108
6378073.580893,75.914148,-19.897348
6378073.551993,75.946535,-19.885604
6378073.523111,75.978948,-19.873876
6378073.494248,76.011387,-19.862165
6378073.465404,76.043852,-19.850470
6378073.436579,76.076343,-19.838792
6378073.407774,76.108859,-19.827131
6378073.378987,76.141402,-19.815488
6378073.350219,76.173971,-19.803861
6378073.321471,76.206566,-19.792253
6378073.292741,76.239188,-19.780662
6378073.264031,76.271835,-19.769090
6378073.235339,76.304509,-19.757536
6378073.206666,76.337209,-19.746001
6378073.178013,76.369935,-19.734484
6378073.149378,76.402688,-19.722986
6378073.120762,76.435467,-19.711507
6378073.092166,76.468273,-19.700048
6378073.063588,76.501105,-19.688609
6378073.035029,76.533963,-19.677189
6378073.006489,76.566849,-19.665789
6378072.977968,76.599760,-19.654410
6378072.949466,76.632698,-19.643051
6378072.920983,76.665663,-19.631713
6378072.892518,76.698655,-19.620396
6378072.864073,76.731673,-19.609100
6378072.835647,76.764718,-19.597825
6378072.807239,76.797790,-19.586572
6378072.778850,76.830888,-19.575340
6378072.750480,76.864013,-19.564131
6378072.722129,76.897166,-19.552944
6378072.693797,76.930344,-19.541779
6378072.665483,76.963550,-19.530636
6378072.637189,76.996783,-19.519517
6378072.608913,77.030043,-19.508421
6378072.580656,77.063329,-19.497348
6378072.552418,77.096643,-19.486298
6378072.524198,77.129983,-19.475272
6378072.495998,77.163351,-19.464270
6378072.467816,77.196745,-19.453292
6378072.439652,77.230167,-19.442338
6378072.411508,77.263615,-19.431409
6378072.383382,77.297091,-19.420505
6378072.355275,77.330594,-19.409626
6378072.327187,77.364124,-19.398771
6378072.299117,77.397681,-19.387942
6378072.271066,77.431265,-19.377139
6378072.243033,77.464877,-19.366362
6378072.215020,77.498515,-19.355610
6378072.187025,77.532181,-19.344885
6378072.159048,77.565874,-19.334186
6378072.131090,77.599594,-19.323514
6378072.103151,77.633342,-19.312869
6378072.075230,77.667117,-19.302250
6378072.047328,77.700919,-19.291659
6378072.019445,77.734748,-19.281096
6378071.991580,77.768604,-19.270560
6378071.963733,77.802488,-19.260052
6378071.935906,77.836399,-19.249572
6378071.908096,77.870338,-19.239120
6378071.880305,77.904304,-19.228697
6378071.852533,77.938297,-19.218303
6378071.824779,77.972317,-19.207937
6378071.797044,78.006365,-19.197601
6378071.769327,78.040440,-19.187294
6378071.741628,78.074542,-19.177017
6378071.713948,78.108672,-19.166769
6378071.686287,78.142829,-19.156552
6378071.658643,78.177014,-19.146364
6378071.631018,78.211226,-19.136207
6378071.603412,78.245465,-19.126081
6378071.575824,78.279731,-19.115985
6378071.548254,78.314025,-19.105920
6378071.520703,78.348346,-19.095887
6378071.493170,78.382695,-19.085884
6378071.465655,78.417071,-19.075914
6378071.438158,78.451474,-19.065975
6378071.410680,78.485905,-19.056069
6378071.383220,78.520363,-19.046194
6378071.355779,78.554848,-19.036352
6378071.328355,78.589361,-19.026543
6378071.300950,78.623901,-19.016766
6378071.273563,78.658468,-19.007023
6378071.246195,78.693063,-18.997312
6378071.218844,78.727684,-18.987636
6378071.191512,78.762334,-18.977992
6378071.164198,78.797010,-18.968383
6378071.136902,78.831714,-18.958808
6378071.109624,78.866445,-18.949267
6378071.082365,78.901203,-18.939760
6378071.055123,78.935989,-18.930288
6378071.027900,78.970802,-18.920851
6378071.000695,79.005642,-18.911449
6378070.973507,79.040509,-18.902083
6378070.946338,79.075403,-18.892751
6378070.919187,79.110325,-18.883456
6378070.892054,79.145274,-18.874196
6378070.864939,79.180250,-18.864972
6378070.837842,79.215253,-18.855785
6378070.810764,79.250283,-18.846634
6378070.783703,79.285340,-18.837519
6378070.756660,79.320425,-18.828442
6378070.729635,79.355536,-18.819401
6378070.702628,79.390675,-18.810398
6378070.675639,79.425840,-18.801432
6378070.648668,79.461033,-18.792504
6378070.621715,79.496252,-18.783614
6378070.594780,79.531499,-18.774762
6378070.567863,79.566772,-18.765948
6378070.540963,79.602073,-18.757172
6378070.514082,79.637400,-18.748435
6378070.487218,79.672754,-18.739737
6378070.460372,79.708135,-18.731078
6378070.433545,79.743543,-18.722458
6378070.406734,79.778978,-18.713877
6378070.379942,79.814439,-18.705336
6378070.353168,79.849927,-18.696835
6378070.326411,79.885442,-18.688374
6378070.299673,79.920984,-18.679953
6378070.272952,79.956552,-18.671572
6378070.246248,79.992147,-18.663232
6378070.219563,80.027768,-18.654933
6378070.192895,80.063416,-18.646674
6378070.166245,80.099091,-18.638457
6378070.139613,80.134792,-18.630281
6378070.112999,80.170520,-18.622146
6378070.086402,80.206274,-18.614054
6378070.059823,80.242055,-18.606003
6378070.033261,80.277861,-18.597994
6378070.006718,80.313695,-18.590027
6378069.980192,80.349554,-18.582103
6378069.953683,80.385440,-18.574222
6378069.927193,80.421352,-18.566383
6378069.900720,80.457291,-18.558588
6378069.874264,80.493255,-18.550835
6378069.847826,80.529246,-18.543127
6378069.821406,80.565262,-18.535461
6378069.795004,80.601305,-18.527840
6378069.768619,80.637374,-18.520262
6378069.742251,80.673469,-18.512729
6378069.715902,80.709590,-18.505239
6378069.689570,80.745736,-18.497795
6378069.663255,80.781909,-18.490395
6378069.636958,80.818107,-18.483040
6378069.610678,80.854331,-18.475730
6378069.584416,80.890581,-18.468465
6378069.558172,80.926856,-18.461246
6378069.531945,80.963157,-18.454072
6378069.505736,80.999484,-18.446945
6378069.479544,81.035837,-18.439863
6378069.453369,81.072214,-18.432827
6378069.427213,81.108618,-18.425838
6378069.401073,81.145046,-18.418895
6378069.374951,81.181500,-18.411999
6378069.348847,81.217980,-18.405150
6378069.322760,81.254484,-18.398347
6378069.296690,81.291014,-18.391593
6378069.270638,81.327569,-18.384885
6378069.244604,81.364149,-18.378225
6378069.218587,81.400754,-18.371613
6378069.192587,81.437385,-18.365049
6378069.166605,81.474040,-18.358533
6378069.140640,81.510720,-18.352066
6378069.114693,81.547425,-18.345646
6378069.088763,81.584155,-18.339276
6378069.062851,81.620909,-18.332954
6378069.036955,81.657688,-18.326682
6378069.011078,81.694492,-18.320458
6378068.985218,81.731321,-18.314284
6378068.959375,81.768174,-18.308160
6378068.933549,81.805051,-18.302085
6378068.907741,81.841953,-18.296060
6378068.881951,81.878879,-18.290085
6378068.856177,81.915830,-18.284161
6378068.830421,81.952805,-18.278286
6378068.804683,81.989803,-18.272463
6378068.778962,82.026827,-18.266690
6378068.753258,82.063874,-18.260968
6378068.727572,82.100945,-18.255297
6378068.701903,82.138040,-18.249678
6378068.676251,82.175159,-18.244110
6378068.650617,82.212302,-18.238593
6378068.625000,82.249468,-18.233129
6378068.599401,82.286659,-18.227716
6378068.573819,82.323873,-18.222355
6378068.548254,82.361110,-18.217047
6378068.522707,82.398371,-18.211791
6378068.497177,82.435655,-18.206587
6378068.471664,82.472963,-18.201437
6378068.446169,82.510294,-18.196339
6378068.420691,82.547649,-18.191295
6378068.395231,82.585026,-18.186303
6378068.369788,82.622427,-18.181366
6378068.344362,82.659850,-18.176481
6378068.318954,82.697297,-18.171651
6378068.293563,82.734767,-18.166874
6378068.268189,82.772259,-18.162152
6378068.242833,82.809774,-18.157484
6378068.217494,82.847312,-18.152870
6378068.192173,82.884872,-18.148311
6378068.166869,82.922455,-18.143806
6378068.141582,82.960061,-18.139357
6378068.116313,82.997688,-18.134962
6378068.091061,83.035339,-18.130623
6378068.065827,83.073011,-18.126339
6378068.040610,83.110706,-18.122111
6378068.015410,83.148422,-18.117938
6378067.990228,83.186161,-18.113821
6378067.965063,83.223922,-18.109760
6378067.939916,83.261704,-18.105755
6378067.914786,83.299509,-18.101807
6378067.889674,83.337335,-18.097915
6378067.864579,83.375183,-18.094080
6378067.839501,83.413052,-18.090301
6378067.814441,83.450943,-18.086580
6378067.789399,83.488855,-18.082915
6378067.764373,83.526789,-18.079308
6378067.739366,83.564744,-18.075758
6378067.714376,83.602720,-18.072266
6378067.689403,83.640717,-18.068831
6378067.664448,83.678735,-18.065454
6378067.639510,83.716774,-18.062136
6378067.614590,83.754834,-18.058875
6378067.589688,83.792915,-18.055673
6378067.564803,83.831017,-18.052529
6378067.539935,83.869139,-18.049443
6378067.515085,83.907281,-18.046417
6378067.490253,83.945445,-18.043449
6378067.465438,83.983628,-18.040541
6378067.440641,84.021832,-18.037691
6378067.415861,84.060056,-18.034901
6378067.391100,84.098300,-18.032170
6378067.366355,84.136564,-18.029499
6378067.341629,84.174848,-18.026888
6378067.316920,84.213152,-18.024337
6378067.292228,84.251475,-18.021845
6378067.267554,84.289819,-18.019414
6378067.242898,84.328182,-18.017044
6378067.218260,84.366564,-18.014733
6378067.193640,84.404966,-18.012484
6378067.169037,84.443387,-18.010295
6378067.144452,84.481827,-18.008167
6378067.119884,84.520287,-18.006100
6378067.095335,84.558765,-18.004094
6378067.070803,84.597263,-18.002149
6378067.046289,84.635780,-18.000266
6378067.021793,84.674315,-17.998445
6378066.997314,84.712869,-17.996685
6378066.972854,84.751441,-17.994988
6378066.948411,84.790032,-17.993352
6378066.923987,84.828642,-17.991778
6378066.899580,84.867270,-17.990267
6378066.875191,84.905916,-17.988818
6378066.850820,84.944580,-17.987431
6378066.826467,84.983262,-17.986107
6378066.802132,85.021962,-17.984847
6378066.777815,85.060680,-17.983649
6378066.753516,85.099416,-17.982514
6378066.729235,85.138170,-17.981442
6378066.704972,85.176941,-17.980433
6378066.680727,85.215729,-17.979489
6378066.656500,85.254535,-17.978607
6378066.632291,85.293358,-17.977790
6378066.608101,85.332199,-17.977036
6378066.583928,85.371056,-17.976346
6378066.559774,85.409931,-17.975720
6378066.535638,85.448822,-17.975159
6378066.511520,85.487730,-17.974662
6378066.487421,85.526655,-17.974229
6378066.463339,85.565596,-17.973861
6378066.439276,85.604554,-17.973558
6378066.415231,85.643529,-17.973320
6378066.391205,85.682519,-17.973146
6378066.367197,85.721526,-17.973038
6378066.343207,85.760549,-17.972995
6378066.319236,85.799588,-17.973017
6378066.295283,85.838643,-17.973105
6378066.271349,85.877713,-17.973258
6378066.247433,85.916800,-17.973477
6378066.223536,85.955902,-17.973762
6378066.199657,85.995019,-17.974113
6378066.175797,86.034152,-17.974530
6378066.151955,86.073300,-17.975013
6378066.128132,86.112463,-17.975563
6378066.104328,86.151641,-17.976178
6378066.080542,86.190835,-17.976861
6378066.056775,86.230043,-17.977610
6378066.033027,86.269266,-17.978425
6378066.009298,86.308503,-17.979308
6378065.985587,86.347755,-17.980258
6378065.961895,86.387022,-17.981275
6378065.938222,86.426302,-17.982358
6378065.914568,86.465598,-17.983510
6378065.890933,86.504907,-17.984729
6378065.867316,86.544230,-17.986015
6378065.843719,86.583567,-17.987369
6378065.820141,86.622918,-17.988790
6378065.796582,86.662283,-17.990280
6378065.773042,86.701661,-17.991838
6378065.749521,86.741053,-17.993463
6378065.726019,86.780458,-17.995157
6378065.702536,86.819876,-17.996920
6378065.679072,86.859307,-17.998750
6378065.655628,86.898752,-18.000649
6378065.632203,86.938209,-18.002617
6378065.608798,86.977680,-18.004654
6378065.585411,87.017163,-18.006759
6378065.562044,87.056658,-18.008933
6378065.538697,87.096166,-18.011177
6378065.515369,87.135687,-18.013489
6378065.492060,87.175220,-18.015871
6378065.468771,87.214765,-18.018322
6378065.445502,87.254322,-18.020842
6378065.422252,87.293891,-18.023432
6378065.399022,87.333471,-18.026092
6378065.375811,87.373064,-18.028821
6378065.352621,87.412668,-18.031621
6378065.329450,87.452283,-18.034490
6378065.306298,87.491910,-18.037429
6378065.283167,87.531549,-18.040438
6378065.260056,87.571198,-18.043518
6378065.236964,87.610858,-18.046668
6378065.213893,87.650530,-18.049888
6378065.190841,87.690212,-18.053179
6378065.167810,87.729905,-18.056540
6378065.144798,87.769608,-18.059972
6378065.121807,87.809322,-18.063475
6378065.098836,87.849046,-18.067049
6378065.075885,87.888781,-18.070694
6378065.052954,87.928525,-18.074409
6378065.030044,87.968280,-18.078196
6378065.007154,88.008045,-18.082054
6378064.984285,88.047819,-18.085984
6378064.961436,88.087603,-18.089984
6378064.938607,88.127396,-18.094057
6378064.915799,88.167199,-18.098200
6378064.893012,88.207012,-18.102416
6378064.870245,88.246833,-18.106703
6378064.847499,88.286664,-18.111062
6378064.824773,88.326503,-18.115493
6378064.802069,88.366352,-18.119996
6378064.779385,88.406209,-18.124571
6378064.756722,88.446074,-18.129218
6378064.734080,88.485949,-18.133938
6378064.711459,88.525831,-18.138730
6378064.688859,88.565722,-18.143594
6378064.666280,88.605621,-18.148530
6378064.643722,88.645528,-18.153540
6378064.621185,88.685443,-18.158621
6378064.598670,88.725366,-18.163776
6378064.576176,88.765296,-18.169003
6378064.553703,88.805234,-18.174303
6378064.531251,88.845180,-18.179676
6378064.508821,88.885133,-18.185122
6378064.486413,88.925093,-18.190641
6378064.464026,88.965060,-18.196234
6378064.441660,89.005034,-18.201899
6378064.419317,89.045014,-18.207638
6378064.396995,89.085002,-18.213450
6378064.374694,89.124996,-18.219336
6378064.352416,89.164997,-18.225295
6378064.330159,89.205004,-18.231328
6378064.307924,89.245017,-18.237434
6378064.285711,89.285036,-18.243614
6378064.263521,89.325062,-18.249868
6378064.241352,89.365093,-18.256196
6378064.219205,89.405130,-18.262597
6378064.197081,89.445173,-18.269073
6378064.174979,89.485221,-18.275623
6378064.152899,89.525275,-18.282246
6378064.130842,89.565333,-18.288944
6378064.108807,89.605397,-18.295716
6378064.086795,89.645466,-18.302563
6378064.064805,89.685540,-18.309484
6378064.042837,89.725619,-18.316479
6378064.020893,89.765703,-18.323549
6378063.998971,89.805791,-18.330693
6378063.977072,89.845883,-18.337912
6378063.955196,89.885980,-18.345205
6378063.933342,89.926081,-18.352573
6378063.911512,89.966186,-18.360016
6378063.889705,90.006295,-18.367534
6378063.867921,90.046408,-18.375127
6378063.846160,90.086524,-18.382794
6378063.824422,90.126644,-18.390537
6378063.802708,90.166768,-18.398355
6378063.781017,90.206894,-18.406247
6378063.759349,90.247024,-18.414215
6378063.737705,90.287158,-18.422258
6378063.716084,90.327294,-18.430376
6378063.694487,90.367433,-18.438570
6378063.672914,90.407574,-18.446839
6378063.651365,90.447719,-18.455183
6378063.629839,90.487865,-18.463603
6378063.608337,90.528015,-18.472099
6378063.586859,90.568166,-18.480669
6378063.565406,90.608320,-18.489316
6378063.543976,90.648475,-18.498038
6378063.522570,90.688632,-18.506836
6378063.501189,90.728791,-18.515709
6378063.479832,90.768952,-18.524658
6378063.458499,90.809114,-18.533683
6378063.437191,90.849278,-18.542784
6378063.415908,90.889443,-18.551961
6378063.394649,90.929609,-18.561214
6378063.373414,90.969776,-18.570543
6378063.352205,91.009944,-18.579947
6378063.331020,91.050112,-18.589428
6378063.309860,91.090282,-18.598985
6378063.288725,91.130452,-18.608618
6378063.267615,91.170622,-18.618327
6378063.246530,91.210792,-18.628112
6378063.225470,91.250963,-18.637974
6378063.204435,91.291134,-18.647912
6378063.183426,91.331304,-18.657926
6378063.162442,91.371475,-18.668016
6378063.141484,91.411645,-18.678183
6378063.120551,91.451814,-18.688427
6378063.099644,91.491983,-18.698746
6378063.078762,91.532151,-18.709142
6378063.057907,91.572319,-18.719615
6378063.037077,91.612485,-18.730164
6378063.016273,91.652651,-18.740790
6378062.995495,91.692815,-18.751492
6378062.974743,91.732978,-18.762271
6378062.954017,91.773139,-18.773127
6378062.933317,91.813299,-18.784059
6378062.912644,91.853458,-18.795068
6378062.891997,91.893614,-18.806154
6378062.871377,91.933769,-18.817316
6378062.850783,91.973921,-18.828556
6378062.830216,92.014071,-18.839872
6378062.809675,92.054219,-18.851264
6378062.789162,92.094365,-18.862734
6378062.768675,92.134508,-18.874280
6378062.748215,92.174648,-18.885904
6378062.727782,92.214786,-18.897604
6378062.707376,92.254920,-18.909381
6378062.686998,92.295052,-18.921235
6378062.666646,92.335181,-18.933166
6378062.646323,92.375306,-18.945174
6378062.626026,92.415428,-18.957259
6378062.605757,92.455546,-18.969421
6378062.585516,92.495661,-18.981660
6378062.565302,92.535771,-18.993976
6378062.545116,92.575878,-19.006369
6378062.524958,92.615981,-19.018839
6378062.504828,92.656080,-19.031386
6378062.484726,92.696175,-19.044010
6378062.464653,92.736265,-19.056712
6378062.444607,92.776351,-19.069490
6378062.424590,92.816432,-19.082346
6378062.404601,92.856509,-19.095278
6378062.384640,92.896581,-19.108288
6378062.364708,92.936647,-19.121375
6378062.344805,92.976709,-19.134539
6378062.324930,93.016765,-19.147780
6378062.305085,93.056816,-19.161098
6378062.285268,93.096862,-19.174494
6378062.265480,93.136902,-19.187966
6378062.245721,93.176936,-19.201516
6378062.225992,93.216965,-19.215143
6378062.206291,93.256988,-19.228847
6378062.186620,93.297004,-19.242628
6378062.166979,93.337015,-19.256487
6378062.147367,93.377019,-19.270422
6378062.127785,93.417016,-19.284435
6378062.108232,93.457008,-19.298525
6378062.088709,93.496992,-19.312692
6378062.069216,93.536970,-19.326936
6378062.049753,93.576941,-19.341258
6378062.030321,93.616905,-19.355656
6378062.010918,93.656862,-19.370132
6378061.991546,93.696811,-19.384685
6378061.972204,93.736754,-19.399315
6378061.952892,93.776688,-19.414022
6378061.933611,93.816616,-19.428806
6378061.914361,93.856535,-19.443668
6378061.895141,93.896447,-19.458606
6378061.875952,93.936350,-19.473622
6378061.856795,93.976246,-19.488714
6378061.837668,94.016134,-19.503884
6378061.818572,94.056013,-19.519131
6378061.799508,94.095883,-19.534455
6378061.780475,94.135746,-19.549856
6378061.761473,94.175599,-19.565333
6378061.742503,94.215444,-19.580888
6378061.723564,94.255280,-19.596520
6378061.704657,94.295107,-19.612229
6378061.685782,94.334925,-19.628015
6378061.666939,94.374734,-19.643878
6378061.648128,94.414533,-19.659818
6378061.629349,94.454323,-19.675835
6378061.610602,94.494103,-19.691928
6378061.591887,94.533874,-19.708099
6378061.573205,94.573635,-19.724346
6378061.554555,94.613386,-19.740670
6378061.535938,94.653127,-19.757071
6378061.517354,94.692857,-19.773549
6378061.498802,94.732578,-19.790104
6378061.480284,94.772288,-19.806735
6378061.461798,94.811988,-19.823443
6378061.443345,94.851677,-19.840228
6378061.424926,94.891355,-19.857089
6378061.406539,94.931022,-19.874027
6378061.388187,94.970679,-19.891042
6378061.369867,95.010325,-19.908133
6378061.351582,95.049959,-19.925301
6378061.333330,95.089582,-19.942546
6378061.315112,95.129194,-19.959866
6378061.296927,95.168794,-19.977264
6378061.278777,95.208383,-19.994738
6378061.260661,95.247960,-20.012288
6378061.242579,95.287525,-20.029915
6378061.224531,95.327078,-20.047618
6378061.206518,95.366619,-20.065397
6378061.188540,95.406148,-20.083253
6378061.170596,95.445665,-20.101185
6378061.152686,95.485169,-20.119193
6378061.134812,95.524661,-20.137277
6378061.116973,95.564140,-20.155438
6378061.099168,95.603606,-20.173674
6378061.081399,95.643060,-20.191987
6378061.063665,95.682501,-20.210375
6378061.045966,95.721929,-20.228840
6378061.028303,95.761343,-20.247381
6378061.010676,95.800744,-20.265997
6378060.993084,95.840132,-20.284690
6378060.975528,95.879507,-20.303458
6378060.958008,95.918868,-20.322302
6378060.940524,95.958215,-20.341222
6378060.923076,95.997548,-20.360217
6378060.905664,96.036868,-20.379289
6378060.888288,96.076173,-20.398435
6378060.870950,96.115465,-20.417658
6378060.853647,96.154742,-20.436956
6378060.836381,96.194005,-20.456329
6378060.819152,96.233253,-20.475778
6378060.801960,96.272487,-20.495302
6378060.784805,96.311707,-20.514901
6378060.767687,96.350911,-20.534576
6378060.750606,96.390101,-20.554326
6378060.733563,96.429276,-20.574151
6378060.716557,96.468435,-20.594052
6378060.699588,96.507580,-20.614027
6378060.682657,96.546709,-20.634078
6378060.665764,96.585823,-20.654203
6378060.648909,96.624921,-20.674404
6378060.632092,96.664004,-20.694679
6378060.615312,96.703071,-20.715029
6378060.598571,96.742123,-20.735454
6378060.581869,96.781158,-20.755953
6378060.565205,96.820178,-20.776527
6378060.548579,96.859181,-20.797176
6378060.531992,96.898169,-20.817899
6378060.515443,96.937140,-20.838697
6378060.498934,96.976094,-20.859569
6378060.482464,97.015032,-20.880516
6378060.466032,97.053954,-20.901537
6378060.449640,97.092859,-20.922632
6378060.433287,97.131747,-20.943801
6378060.416974,97.170618,-20.965044
6378060.400700,97.209472,-20.986361
6378060.384466,97.248310,-21.007753
6378060.368272,97.287130,-21.029218
6378060.352117,97.325932,-21.050757
6378060.336003,97.364718,-21.072370
6378060.319928,97.403486,-21.094056
6378060.303894,97.442236,-21.115817
6378060.287900,97.480969,-21.137650
6378060.271947,97.519684,-21.159558
6378060.256034,97.558381,-21.181539
6378060.240162,97.597060,-21.203593
6378060.224331,97.635721,-21.225720
6378060.208541,97.674364,-21.247921
6378060.192791,97.712988,-21.270195
6378060.177083,97.751595,-21.292542
6378060.161416,97.790183,-21.314961
6378060.145791,97.828752,-21.337454
6378060.130207,97.867303,-21.360020
6378060.114664,97.905835,-21.382659
6378060.099164,97.944349,-21.405370
6378060.083705,97.982843,-21.428154
6378060.068288,98.021318,-21.451010
6378060.052913,98.059775,-21.473939
6378060.037581,98.098212,-21.496941
6378060.022290,98.136630,-21.520015
6378060.007042,98.175029,-21.543161
6378059.991837,98.213408,-21.566379
6378059.976674,98.251768,-21.589669
6378059.961555,98.290108,-21.613031
6378059.946478,98.328428,-21.636466
6378059.931444,98.366729,-21.659972
6378059.916453,98.405009,-21.683550
6378059.901505,98.443270,-21.707199
6378059.886601,98.481511,-21.730920
6378059.871740,98.519731,-21.754713
6378059.856923,98.557931,-21.778577
6378059.842149,98.596111,-21.802513
6378059.827420,98.634271,-21.826520
6378059.812734,98.672410,-21.850598
6378059.798092,98.710529,-21.874747
6378059.783495,98.748626,-21.898967
6378059.768942,98.786703,-21.923258
6378059.754433,98.824760,-21.947620
6378059.739969,98.862795,-21.972052
6378059.725549,98.900809,-21.996556
6378059.711174,98.938802,-22.021129
6378059.696845,98.976774,-22.045774
6378059.682560,99.014725,-22.070488
6378059.668320,99.052655,-22.095273
6378059.654125,99.090563,-22.120128
6378059.639976,99.128449,-22.145054
6378059.625873,99.166314,-22.170049
6378059.611815,99.204157,-22.195114
6378059.597802,99.241979,-22.220249
6378059.583836,99.279778,-22.245454
6378059.569915,99.317556,-22.270728
6378059.556041,99.355312,-22.296072
6378059.542213,99.393046,-22.321485
6378059.528431,99.430757,-22.346968
6378059.514695,99.468447,-22.372520
6378059.501006,99.506114,-22.398141
6378059.487364,99.543758,-22.423831
6378059.473769,99.581380,-22.449590
6378059.460220,99.618980,-22.475418
6378059.446719,99.656557,-22.501315
6378059.433264,99.694111,-22.527280
6378059.419857,99.731643,-22.553314
6378059.406498,99.769151,-22.579416
6378059.393185,99.806637,-22.605586
6378059.379921,99.844100,-22.631825
6378059.366704,99.881539,-22.658132
6378059.353535,99.918956,-22.684507
6378059.340414,99.956349,-22.710950
6378059.327341,99.993719,-22.737460
6378059.314317,100.031066,-22.764038
6378059.301340,100.068389,-22.790684
6378059.288413,100.105689,-22.817398
6378059.275533,100.142965,-22.844178
6378059.262703,100.180217,-22.871026
6378059.249921,100.217446,-22.897941
6378059.237189,100.254650,-22.924924
6378059.224505,100.291831,-22.951973
6378059.211870,100.328988,-22.979089
6378059.199285,100.366121,-23.006271
6378059.186749,100.403230,-23.033520
6378059.174263,100.440315,-23.060836
6378059.161827,100.477376,-23.088218
6378059.149440,100.514412,-23.115667
6378059.137103,100.551424,-23.143181
6378059.124816,100.588411,-23.170761
6378059.112579,100.625374,-23.198408
6378059.100393,100.662313,-23.226120
6378059.088257,100.699226,-23.253898
6378059.076171,100.736115,-23.281741
6378059.064136,100.772980,-23.309650
6378059.052152,100.809819,-23.337625
6378059.040219,100.846634,-23.365664
6378059.028336,100.883423,-23.393768
6378059.016505,100.920188,-23.421938
6378059.004725,100.956927,-23.450172
6378058.992996,100.993642,-23.478471
6378058.981319,101.030331,-23.506835
6378058.969693,101.066995,-23.535263
6378058.958119,101.103633,-23.563756
6378058.946597,101.140246,-23.592312
6378058.935127,101.176834,-23.620933
6378058.923708,101.213396,-23.649618
6378058.912342,101.249932,-23.678367
6378058.901029,101.286443,-23.707179
6378058.889767,101.322929,-23.736056
6378058.878558,101.359388,-23.764995
6378058.867402,101.395822,-23.793998
6378058.856299,101.432229,-23.823064
6378058.845248,101.468611,-23.852194
6378058.834251,101.504967,-23.881386
6378058.823306,101.541296,-23.910641
6378058.812415,101.577600,-23.939959
6378058.801577,101.613877,-23.969339
6378058.790793,101.650129,-23.998782
6378058.780062,101.686354,-24.028288
6378058.769385,101.722552,-24.057855
6378058.758761,101.758724,-24.087485
6378058.748192,101.794870,-24.117176
6378058.737677,101.830989,-24.146930
6378058.727216,101.867082,-24.176745
6378058.716809,101.903148,-24.206621
6378058.706456,101.939187,-24.236559
6378058.696159,101.975200,-24.266558
6378058.685915,102.011186,-24.296619
6378058.675727,102.047145,-24.326740
6378058.665593,102.083077,-24.356923
6378058.655515,102.118982,-24.387166
6378058.645491,102.154861,-24.417469
6378058.635523,102.190712,-24.447833
6378058.625610,102.226536,-24.478258
6378058.615753,102.262333,-24.508742
6378058.605951,102.298103,-24.539287
6378058.596205,102.333846,-24.569892
6378058.586515,102.369561,-24.600556
6378058.576912,102.405375,-24.631151
6378058.567395,102.441289,-24.661676
6378058.557963,102.477304,-24.692128
6378058.548615,102.513419,-24.722505
6378058.539332,102.549622,-24.752804
6378058.530110,102.585909,-24.783021
6378058.520942,102.622275,-24.813154
6378058.511823,102.658719,-24.843199
6378058.502748,102.695237,-24.873156
6378058.493713,102.731828,-24.903021
6378058.484712,102.768489,-24.932793
6378058.475741,102.805219,-24.962469
6378058.466798,102.842016,-24.992047
6378058.457878,102.878878,-25.021527
6378058.448978,102.915805,-25.050907
6378058.440095,102.952796,-25.080184
6378058.431226,102.989849,-25.109358
6378058.422368,103.026963,-25.138427
6378058.413518,103.064139,-25.167390
6378058.404673,103.101374,-25.196247
6378058.395832,103.138670,-25.224995
6378058.386992,103.176024,-25.253634
6378058.378151,103.213437,-25.282163
6378058.369305,103.250909,-25.310581
6378058.360454,103.288439,-25.338887
6378058.351596,103.326026,-25.367080
6378058.342727,103.363671,-25.395160
6378058.333846,103.401372,-25.423124
6378058.324952,103.439131,-25.450974
6378058.316041,103.476947,-25.478707
6378058.307114,103.514820,-25.506324
6378058.298166,103.552749,-25.533823
6378058.289198,103.590735,-25.561204
6378058.280206,103.628777,-25.588465
6378058.271190,103.666875,-25.615607
6378058.262146,103.705030,-25.642629
6378058.253075,103.743241,-25.669529
6378058.243973,103.781507,-25.696308
6378058.234840,103.819830,-25.722965
6378058.225673,103.858209,-25.749499
6378058.216473,103.896643,-25.775910
6378058.207237,103.935133,-25.802197
6378058.197965,103.973679,-25.828360
6378058.188655,104.012280,-25.854399
6378058.179307,104.050937,-25.880313
6378058.169921,104.089649,-25.906103
6378058.160495,104.128417,-25.931767
6378058.151028,104.167240,-25.957306
6378058.141521,104.206119,-25.982719
6378058.131942,104.245066,-26.008095
6378058.122290,104.284082,-26.033436
6378058.112564,104.323167,-26.058742
6378058.102764,104.362322,-26.084014
6378058.092888,104.401545,-26.109251
6378058.082938,104.440837,-26.134453
6378058.072913,104.480198,-26.159621
6378058.062812,104.519628,-26.184755
6378058.052634,104.559127,-26.209855
6378058.042381,104.598694,-26.234920
6378058.032052,104.638330,-26.259951
6378058.021645,104.678035,-26.284947
6378058.011162,104.717808,-26.309910
6378058.000602,104.757649,-26.334839
6378057.989965,104.797560,-26.359733
6378057.979251,104.837538,-26.384594
6378057.968460,104.877585,-26.409420
6378057.957591,104.917700,-26.434212
6378057.946645,104.957883,-26.458971
6378057.935621,104.998135,-26.483696
6378057.924520,105.038454,-26.508386
6378057.913341,105.078842,-26.533043
6378057.902084,105.119298,-26.557666
6378057.890749,105.159821,-26.582255
6378057.879337,105.200413,-26.606810
6378057.867846,105.241072,-26.631332
6378057.856278,105.281800,-26.655819
6378057.844632,105.322595,-26.680273
6378057.832907,105.363457,-26.704693
6378057.821105,105.404388,-26.729080
6378057.809225,105.445386,-26.753432
6378057.797267,105.486451,-26.777751
6378057.785231,105.527584,-26.802037
6378057.773117,105.568785,-26.826288
6378057.760924,105.610053,-26.850506
6378057.748654,105.651388,-26.874690
6378057.736306,105.692791,-26.898841
6378057.723879,105.734260,-26.922958
6378057.711375,105.775797,-26.947042
6378057.698792,105.817402,-26.971091
6378057.686132,105.859073,-26.995108
6378057.673393,105.900812,-27.019090
6378057.660577,105.942617,-27.043039
6378057.647682,105.984490,-27.066955
6378057.634710,106.026429,-27.090837
6378057.621659,106.068436,-27.114686
6378057.608530,106.110509,-27.138501
6378057.595324,106.152649,-27.162282
6378057.582039,106.194856,-27.186030
6378057.568677,106.237130,-27.209745
6378057.555236,106.279470,-27.233426
6378057.541718,106.321877,-27.257074
6378057.528121,106.364351,-27.280688
6378057.514447,106.406891,-27.304269
6378057.500695,106.449498,-27.327816
6378057.486865,106.492171,-27.351330
6378057.472957,106.534911,-27.374811
6378057.458971,106.577718,-27.398258
6378057.444908,106.620590,-27.421672
6378057.430766,106.663529,-27.445053
6378057.416547,106.706535,-27.468400
6378057.402250,106.749606,-27.491714
6378057.387875,106.792744,-27.514994
6378057.373422,106.835948,-27.538241
6378057.358892,106.879218,-27.561455
6378057.344284,106.922555,-27.584636
6378057.329598,106.965957,-27.607783
6378057.314835,107.009426,-27.630897
6378057.299994,107.052961,-27.653978
6378057.285075,107.096561,-27.677026
6378057.270078,107.140228,-27.700040
6378057.255004,107.183960,-27.723021
6378057.239853,107.227759,-27.745969
6378057.224623,107.271623,-27.768884
6378057.209316,107.315553,-27.791765
6378057.193932,107.359549,-27.814614
6378057.178470,107.403611,-27.837429
6378057.162931,107.447738,-27.860211
6378057.147314,107.491932,-27.882960
6378057.131619,107.536191,-27.905675
6378057.115847,107.580515,-27.928358
6378057.099998,107.624905,-27.951007
6378057.084071,107.669361,-27.973623
6378057.068067,107.713882,-27.996206
6378057.051985,107.758469,-28.018756
6378057.035827,107.803122,-28.041273
6378057.019590,107.847840,-28.063757
6378057.003277,107.892623,-28.086208
6378056.986886,107.937472,-28.108626
6378056.970417,107.982386,-28.131010
6378056.953872,108.027365,-28.153362
6378056.937249,108.072410,-28.175681
6378056.920549,108.117520,-28.197966
6378056.903772,108.162696,-28.220219
6378056.886918,108.207937,-28.242438
6378056.869986,108.253243,-28.264625
6378056.852977,108.298614,-28.286778
6378056.835892,108.344050,-28.308899
6378056.818729,108.389552,-28.330986
6378056.801488,108.435118,-28.353041
6378056.784171,108.480750,-28.375063
6378056.766777,108.526447,-28.397051
6378056.749306,108.572209,-28.419007
6378056.731758,108.618036,-28.440930
6378056.714132,108.663928,-28.462820
6378056.696430,108.709885,-28.484677
6378056.678651,108.755907,-28.506501
6378056.660795,108.801994,-28.528292
6378056.642862,108.848145,-28.550050
6378056.624852,108.894362,-28.571775
6378056.606765,108.940644,-28.593468
6378056.588601,108.986990,-28.615127
6378056.570360,109.033401,-28.636754
6378056.552043,109.079878,-28.658348
6378056.533649,109.126419,-28.679909
6378056.515178,109.173024,-28.701437
6378056.496630,109.219695,-28.722932
6378056.478006,109.266430,-28.744395
6378056.459305,109.313230,-28.765825
6378056.440527,109.360094,-28.787222
6378056.421672,109.407024,-28.808586
6378056.402741,109.454017,-28.829917
6378056.383733,109.501076,-28.851215
6378056.364649,109.548199,-28.872481
6378056.345487,109.595387,-28.893714
6378056.326250,109.642639,-28.914914
6378056.306936,109.689956,-28.936082
6378056.287545,109.737338,-28.957216
6378056.268078,109.784784,-28.978318
6378056.248534,109.832294,-28.999387
6378056.228914,109.879869,-29.020424
6378056.209217,109.927509,-29.041427
6378056.189444,109.975213,-29.062398
6378056.169594,110.022981,-29.083337
6378056.149668,110.070814,-29.104242
6378056.129666,110.118711,-29.125115
6378056.109587,110.166672,-29.145955
6378056.089432,110.214698,-29.166763
6378056.069201,110.262789,-29.187538
6378056.048893,110.310943,-29.208280
6378056.028509,110.359162,-29.228989
6378056.008049,110.407446,-29.249666
6378055.987513,110.455793,-29.270310
6378055.966900,110.504205,-29.290922
6378055.946212,110.552681,-29.311501
6378055.925447,110.601222,-29.332047
6378055.904606,110.649826,-29.352560
6378055.883688,110.698495,-29.373041
6378055.862695,110.747228,-29.393490
6378055.841626,110.796025,-29.413905
6378055.820480,110.844887,-29.434289
6378055.799259,110.893812,-29.454639
6378055.777961,110.942802,-29.474957
6378055.756588,110.991856,-29.495242
6378055.735138,111.040974,-29.515495
6378055.713613,111.090156,-29.535715
6378055.692011,111.139403,-29.555903
6378055.670334,111.188713,-29.576058
6378055.648580,111.238087,-29.596181
6378055.626751,111.287526,-29.616271
6378055.604846,111.337028,-29.636328
6378055.582865,111.386595,-29.656353
6378055.560809,111.436226,-29.676345
6378055.538676,111.485920,-29.696305
6378055.516468,111.535679,-29.716232
6378055.494184,111.585502,-29.736127
6378055.471824,111.635388,-29.755989
6378055.449388,111.685339,-29.775819
6378055.426877,111.735353,-29.795616
6378055.404290,111.785432,-29.815381
6378055.381628,111.835575,-29.835113
6378055.358889,111.885781,-29.854813
6378055.336076,111.936051,-29.874480
6378055.313186,111.986386,-29.894115
6378055.290221,112.036784,-29.913717
6378055.267181,112.087246,-29.933287
6378055.244064,112.137772,-29.952825
6378055.220873,112.188362,-29.972329
6378055.197606,112.239015,-29.991802
6378055.174263,112.289733,-30.011242
6378055.150845,112.340514,-30.030650
6378055.127351,112.391360,-30.050025
6378055.103782,112.442269,-30.069367
6378055.080138,112.493242,-30.088678
6378055.056422,112.544275,-30.107957
6378055.032696,112.595303,-30.127236
6378055.008961,112.646328,-30.146515
6378054.985217,112.697349,-30.165794
6378054.961463,112.748365,-30.185071
6378054.937701,112.799377,-30.204349
6378054.913929,112.850385,-30.223626
6378054.890147,112.901389,-30.242903
6378054.866357,112.952389,-30.262179
6378054.842558,113.003384,-30.281455
6378054.818750,113.054376,-30.300731
6378054.794932,113.105364,-30.320006
6378054.771106,113.156347,-30.339281
6378054.747271,113.207327,-30.358555
6378054.723428,113.258302,-30.377829
6378054.699575,113.309274,-30.397103
6378054.675714,113.360242,-30.416376
6378054.651844,113.411206,-30.435649
6378054.627966,113.462166,-30.454922
6378054.604079,113.513122,-30.474194
6378054.580183,113.564074,-30.493466
6378054.556279,113.615022,-30.512737
6378054.532366,113.665967,-30.532008
6378054.508445,113.716908,-30.551279
6378054.484516,113.767845,-30.570550
6378054.460579,113.818778,-30.589820
6378054.436633,113.869707,-30.609089
6378054.412679,113.920633,-30.628359
6378054.388717,113.971555,-30.647628
6378054.364747,114.022473,-30.666896
6378054.340768,114.073388,-30.686164
6378054.316782,114.124299,-30.705432
6378054.292787,114.175206,-30.724700
6378054.268785,114.226110,-30.743967
6378054.244775,114.277010,-30.763234
6378054.220757,114.327907,-30.782501
6378054.196731,114.378800,-30.801767
6378054.172697,114.429689,-30.821033
6378054.148655,114.480575,-30.840299
6378054.124606,114.531458,-30.859564
6378054.100549,114.582336,-30.878829
6378054.076485,114.633212,-30.898094
6378054.052413,114.684084,-30.917358
6378054.028333,114.734952,-30.936622
6378054.004246,114.785817,-30.955886
6378053.980152,114.836679,-30.975149
6378053.956050,114.887537,-30.994412
6378053.931940,114.938392,-31.013675
6378053.907824,114.989243,-31.032938
6378053.883700,115.040092,-31.052200
6378053.859568,115.090936,-31.071462
6378053.835430,115.141778,-31.090723
6378053.811284,115.192616,-31.109984
6378053.787131,115.243451,-31.129245
6378053.762971,115.294283,-31.148506
6378053.738804,115.345111,-31.167766
6378053.714630,115.395936,-31.187026
6378053.690449,115.446758,-31.206286
6378053.666261,115.497577,-31.225546
6378053.642066,115.548392,-31.244805
6378053.617864,115.599205,-31.264064
6378053.593656,115.650014,-31.283323
6378053.569440,115.700820,-31.302581
6378053.545218,115.751623,-31.321839
6378053.520989,115.802423,-31.341097
6378053.496753,115.853219,-31.360354
6378053.472511,115.904013,-31.379612
6378053.448262,115.954804,-31.398869
6378053.424006,116.005591,-31.418125
6378053.399744,116.056376,-31.437382
6378053.375475,116.107157,-31.456638
6378053.351200,116.157936,-31.475894
6378053.326918,116.208711,-31.495150
6378053.302630,116.259484,-31.514405
6378053.278336,116.310253,-31.533660
6378053.254035,116.361020,-31.552915
6378053.229728,116.411783,-31.572170
6378053.205414,116.462544,-31.591424
6378053.181094,116.513302,-31.610678
6378053.156768,116.564057,-31.629932
6378053.132436,116.614809,-31.649185
6378053.108098,116.665558,-31.668439
6378053.083753,116.716305,-31.687692
6378053.059403,116.767048,-31.706945
6378053.035046,116.817789,-31.726197
6378053.010683,116.868527,-31.745450
6378052.986315,116.919262,-31.764702
6378052.961940,116.969995,-31.783954
6378052.937560,117.020724,-31.803205
6378052.913173,117.071451,-31.822457
6378052.888781,117.122175,-31.841708
6378052.864383,117.172897,-31.860959
6378052.839979,117.223615,-31.880209
6378052.815569,117.274331,-31.899460
6378052.791153,117.325045,-31.918710
6378052.766732,117.375755,-31.937960
6378052.742305,117.426463,-31.957210
6378052.717872,117.477169,-31.976459
6378052.693434,117.527871,-31.995709
6378052.668990,117.578572,-32.014958
6378052.644541,117.629269,-32.034207
6378052.620086,117.679964,-32.053455
6378052.595626,117.730656,-32.072704
6378052.571160,117.781346,-32.091952
6378052.546688,117.832034,-32.111200
6378052.522212,117.882718,-32.130448
6378052.497729,117.933400,-32.149695
6378052.473242,117.984080,-32.168942
6378052.448749,118.034757,-32.188190
6378052.424251,118.085432,-32.207437
6378052.399747,118.136104,-32.226683
6378052.375238,118.186774,-32.245930
6378052.350725,118.237441,-32.265176
6378052.326205,118.288106,-32.284422
6378052.301681,118.338769,-32.303668
6378052.277152,118.389429,-32.322914
6378052.252617,118.440086,-32.342159
6378052.228077,118.490742,-32.361404
6378052.203533,118.541395,-32.380649
6378052.178983,118.592045,-32.399894
6378052.154428,118.642693,-32.419139
6378052.129868,118.693339,-32.438383
6378052.105303,118.743983,-32.457628
6378052.080734,118.794624,-32.476872
6378052.056159,118.845263,-32.496115
6378052.031580,118.895899,-32.515359
6378052.006995,118.946533,-32.534603
6378051.982406,118.997166,-32.553846
6378051.957812,119.047795,-32.573089
6378051.933214,119.098423,-32.592332
6378051.908610,119.149048,-32.611575
6378051.884002,119.199671,-32.630817
6378051.859389,119.250292,-32.650060
6378051.834772,119.300911,-32.669302
6378051.810150,119.351527,-32.688544
6378051.785523,119.402141,-32.707786
6378051.760891,119.452753,-32.727027
6378051.736255,119.503363,-32.746269
6378051.711615,119.553971,-32.765510
6378051.686970,119.604577,-32.784751
6378051.662320,119.655180,-32.803992
6378051.637666,119.705782,-32.823233
6378051.613008,119.756381,-32.842473
6378051.588345,119.806978,-32.861714
6378051.563677,119.857573,-32.880954
6378051.539005,119.908166,-32.900194
6378051.514329,119.958757,-32.919434
6378051.489649,120.009346,-32.938674
6378051.464964,120.059933,-32.957913
6378051.440275,120.110518,-32.977153
6378051.415582,120.161101,-32.996392
6378051.390884,120.211682,-33.015631
6378051.366182,120.262260,-33.034870
6378051.341476,120.312837,-33.054108
6378051.316766,120.363412,-33.073347
6378051.292052,120.413985,-33.092585
6378051.267333,120.464556,-33.111824
6378051.242611,120.515125,-33.131062
6378051.217884,120.565692,-33.150300
6378051.193153,120.616257,-33.169537
6378051.168418,120.666820,-33.188775
6378051.143679,120.717381,-33.208012
6378051.118936,120.767941,-33.227250
6378051.094190,120.818498,-33.246487
6378051.069439,120.869054,-33.265724
6378051.044684,120.919607,-33.284961
6378051.019925,120.970159,-33.304197
6378050.995163,121.020709,-33.323434
6378050.970396,121.071257,-33.342670
6378050.945626,121.121804,-33.361907
6378050.920852,121.172348,-33.381143
6378050.896074,121.222891,-33.400379
6378050.871292,121.273432,-33.419614
6378050.846506,121.323971,-33.438850
6378050.821717,121.374508,-33.458086
6378050.796924,121.425043,-33.477321
6378050.772127,121.475577,-33.496556
6378050.747326,121.526109,-33.515791
6378050.722522,121.576639,-33.535026
6378050.697714,121.627168,-33.554261
6378050.672903,121.677694,-33.573496
6378050.648088,121.728219,-33.592730
6378050.623269,121.778743,-33.611964
6378050.598446,121.829264,-33.631199
6378050.573621,121.879784,-33.650433
6378050.548791,121.930302,-33.669667
6378050.523958,121.980819,-33.688901
6378050.499122,122.031333,-33.708134
6378050.474282,122.081847,-33.727368
6378050.449438,122.132358,-33.746601
6378050.424591,122.182868,-33.765835
6378050.399741,122.233376,-33.785068
6378050.374887,122.283883,-33.804301
6378050.350030,122.334387,-33.823534
6378050.325169,122.384891,-33.842766
6378050.300305,122.435392,-33.861999
6378050.275438,122.485893,-33.881232
6378050.250567,122.536391,-33.900464
6378050.225693,122.586888,-33.919696
6378050.200816,122.637383,-33.938928
6378050.175936,122.687877,-33.958160
6378050.151052,122.738369,-33.977392
6378050.126165,122.788860,-33.996624
6378050.101275,122.839349,-34.015856
6378050.076381,122.889837,-34.035087
6378050.051485,122.940323,-34.054319
6378050.026585,122.990807,-34.073550
6378050.001682,123.041290,-34.092781
6378049.976776,123.091772,-34.112012
6378049.951866,123.142252,-34.131243
6378049.926954,123.192730,-34.150474
6378049.902039,123.243207,-34.169705
6378049.877120,123.293683,-34.188935
6378049.852199,123.344157,-34.208166
6378049.827274,123.394630,-34.227396
6378049.802346,123.445101,-34.246626
6378049.777416,123.495571,-34.265856
6378049.752482,123.546039,-34.285086
6378049.727545,123.596506,-34.304316
6378049.702606,123.646971,-34.323546
6378049.677663,123.697435,-34.342776
6378049.652718,123.747898,-34.362005
6378049.627769,123.798359,-34.381235
6378049.602818,123.848819,-34.400464
6378049.577864,123.899277,-34.419693
6378049.552907,123.949735,-34.438922
6378049.527947,124.000190,-34.458151
6378049.502984,124.050645,-34.477380
6378049.478018,124.101098,-34.496609
6378049.453050,124.151549,-34.515838
6378049.428079,124.201999,-34.535066
6378049.403105,124.252448,-34.554295
6378049.378128,124.302896,-34.573523
6378049.353148,124.353342,-34.592752
6378049.328166,124.403787,-34.611980
6378049.303181,124.454231,-34.631208
6378049.278193,124.504673,-34.650436
6378049.253203,124.555114,-34.669664
6378049.228210,124.605554,-34.688892
6378049.203214,124.655993,-34.708119
6378049.178216,124.706430,-34.727347
6378049.153215,124.756866,-34.746574
6378049.128211,124.807300,-34.765802
6378049.103205,124.857734,-34.785029
6378049.078196,124.908166,-34.804256
6378049.053185,124.958597,-34.823483
6378049.028171,125.009027,-34.842710
6378049.003154,125.059455,-34.861937
6378048.978135,125.109882,-34.881164
6378048.953113,125.160308,-34.900391
6378048.928089,125.210733,-34.919617
6378048.903062,125.261157,-34.938844
6378048.878033,125.311579,-34.958070
6378048.853002,125.362000,-34.977296
6378048.827968,125.412420,-34.996523
6378048.802931,125.462839,-35.015749
6378048.777892,125.513257,-35.034975
6378048.752851,125.563673,-35.054201
6378048.727807,125.614088,-35.073427
6378048.702761,125.664503,-35.092653
6378048.677712,125.714916,-35.111878
6378048.652661,125.765327,-35.131104
6378048.627608,125.815738,-35.150329
6378048.602552,125.866148,-35.169555
6378048.577494,125.916556,-35.188780
6378048.552433,125.966964,-35.208006
6378048.527371,126.017370,-35.227231
6378048.502306,126.067775,-35.246456
6378048.477239,126.118179,-35.265681
6378048.452169,126.168582,-35.284906
6378048.427097,126.218984,-35.304131
6378048.402023,126.269384,-35.323355
6378048.376947,126.319784,-35.342580
6378048.351868,126.370182,-35.361805
6378048.326788,126.420580,-35.381029
6378048.301705,126.470976,-35.400254
6378048.276619,126.521372,-35.419478
6378048.251532,126.571766,-35.438702
6378048.226443,126.622159,-35.457926
6378048.201351,126.672551,-35.477150
6378048.176257,126.722943,-35.496374
6378048.151161,126.773333,-35.515598
6378048.126063,126.823722,-35.534822
6378048.100963,126.874110,-35.554046
6378048.075861,126.924497,-35.573270
6378048.050756,126.974883,-35.592493
6378048.025650,127.025268,-35.611717
6378048.000541,127.075652,-35.630941
6378047.975431,127.126035,-35.650164
6378047.950318,127.176417,-35.669387
6378047.925203,127.226798,-35.688611
6378047.900087,127.277178,-35.707834
6378047.874968,127.327557,-35.727057
6378047.849847,127.377935,-35.746280
6378047.824725,127.428313,-35.765503
6378047.799600,127.478689,-35.784726
6378047.774473,127.529064,-35.803949
6378047.749345,127.579438,-35.823171
6378047.724214,127.629812,-35.842394
6378047.699082,127.680184,-35.861617
6378047.673947,127.730556,-35.880839
6378047.648811,127.780926,-35.900062
6378047.623672,127.831296,-35.919284
6378047.598532,127.881664,-35.938506
6378047.573390,127.932032,-35.957729
6378047.548246,127.982399,-35.976951
6378047.523100,128.032765,-35.996173
6378047.497953,128.083130,-36.015395
6378047.472803,128.133494,-36.034617
6378047.447652,128.183857,-36.053839
6378047.422498,128.234220,-36.073061
6378047.397343,128.284581,-36.092282
6378047.372186,128.334942,-36.111504
6378047.347028,128.385301,-36.130726
6378047.321867,128.435660,-36.149947
6378047.296705,128.486018,-36.169169
6378047.271541,128.536375,-36.188390
6378047.246375,128.586732,-36.207612
6378047.221208,128.637087,-36.226833
6378047.196038,128.687442,-36.246054
6378047.170867,128.737795,-36.265275
6378047.145694,128.788148,-36.284497
6378047.120520,128.838500,-36.303718
6378047.095344,128.888851,-36.322939
6378047.070166,128.939202,-36.342160
6378047.044986,128.989551,-36.361380
6378047.019805,129.039900,-36.380601
6378046.994622,129.090248,-36.399822
6378046.969437,129.140595,-36.419043
6378046.944251,129.190941,-36.438263
6378046.919063,129.241287,-36.457484
6378046.893874,129.291631,-36.476704
6378046.868682,129.341975,-36.495925
6378046.843490,129.392318,-36.515145
6378046.818295,129.442661,-36.534366
6378046.793099,129.493002,-36.553586
6378046.767901,129.543343,-36.572806
6378046.742702,129.593683,-36.592026
6378046.717501,129.644022,-36.611246
6378046.692299,129.694361,-36.630467
6378046.667095,129.744698,-36.649687
6378046.641889,129.795035,-36.668906
6378046.616682,129.845372,-36.688126
6378046.591474,129.895707,-36.707346
6378046.566264,129.946042,-36.726566
6378046.541052,129.996376,-36.745786
6378046.515839,130.046709,-36.765005
6378046.490624,130.097041,-36.784225
6378046.465408,130.147373,-36.803444
6378046.440190,130.197704,-36.822664
6378046.414971,130.248034,-36.841883
6378046.389750,130.298364,-36.861103
6378046.364528,130.348693,-36.880322
6378046.339305,130.399021,-36.899541
6378046.314080,130.449348,-36.918761
6378046.288853,130.499675,-36.937980
6378046.263625,130.550001,-36.957199
6378046.238396,130.600326,-36.976418
6378046.213165,130.650651,-36.995637
6378046.187933,130.700975,-37.014856
6378046.162699,130.751298,-37.034075
6378046.137464,130.801621,-37.053294
6378046.112228,130.851943,-37.072513
6378046.086990,130.902264,-37.091731
6378046.061751,130.952584,-37.110950
6378046.036511,131.002904,-37.130169
6378046.011269,131.053224,-37.149387
6378045.986025,131.103542,-37.168606
6378045.960781,131.153860,-37.187824
6378045.935535,131.204177,-37.207043
6378045.910288,131.254494,-37.226261
6378045.885039,131.304810,-37.245480
6378045.859789,131.355125,-37.264698
6378045.834538,131.405440,-37.283916
6378045.809285,131.455754,-37.303135
6378045.784031,131.506067,-37.322353
6378045.758776,131.556380,-37.341571
6378045.733520,131.606692,-37.360789
6378045.708262,131.657003,-37.380007
6378045.683003,131.707314,-37.399225
6378045.657743,131.757625,-37.418443
6378045.632481,131.807934,-37.437661
6378045.607219,131.858243,-37.456879
6378045.581955,131.908552,-37.476097
6378045.556689,131.958859,-37.495314
6378045.531423,132.009167,-37.514532
6378045.506155,132.059473,-37.533750
6378045.480886,132.109779,-37.552967
6378045.455616,132.160085,-37.572185
6378045.430345,132.210390,-37.591402
6378045.405072,132.260694,-37.610620
6378045.379799,132.310997,-37.629837
6378045.354524,132.361301,-37.649055
6378045.329248,132.411603,-37.668272
6378045.303970,132.461905,-37.687490
6378045.278692,132.512206,-37.706707
6378045.253412,132.562507,-37.725924
6378045.228131,132.612807,-37.745141
6378045.202849,132.663107,-37.764359
6378045.177566,132.713406,-37.783576
6378045.152282,132.763705,-37.802793
6378045.126997,132.814003,-37.822010
6378045.101710,132.864300,-37.841227
6378045.076423,132.914597,-37.860444
6378045.051134,132.964893,-37.879661
6378045.025844,133.015189,-37.898878
6378045.000553,133.065484,-37.918094
6378044.975261,133.115779,-37.937311
6378044.949968,133.166073,-37.956528
6378044.924674,133.216367,-37.975745
6378044.899378,133.266660,-37.994961
6378044.874082,133.316952,-38.014178
6378044.848784,133.367244,-38.033395
6378044.823486,133.417536,-38.052611
6378044.798186,133.467827,-38.071828
6378044.772886,133.518118,-38.091044
6378044.747584,133.568408,-38.110261
6378044.722281,133.618697,-38.129477
6378044.696978,133.668986,-38.148694
6378044.671673,133.719275,-38.167910
6378044.646367,133.769562,-38.187126
6378044.621060,133.819850,-38.206343
6378044.595752,133.870137,-38.225559
6378044.570443,133.920423,-38.244775
6378044.545134,133.970709,-38.263991
6378044.519823,134.020995,-38.283207
6378044.494511,134.071280,-38.302423
6378044.469198,134.121564,-38.321639
6378044.443884,134.171848,-38.340855
6378044.418569,134.222132,-38.360071
6378044.393254,134.272415,-38.379287
6378044.367937,134.322698,-38.398503
6378044.342619,134.372980,-38.417719
6378044.317300,134.423262,-38.436935
6378044.291981,134.473543,-38.456151
6378044.266660,134.523824,-38.475367
6378044.241339,134.574104,-38.494582
6378044.216016,134.624384,-38.513798
6378044.190693,134.674663,-38.533014
6378044.165368,134.724942,-38.552229
6378044.140043,134.775220,-38.571445
6378044.114717,134.825498,-38.590661
6378044.089390,134.875776,-38.609876
6378044.064062,134.926053,-38.629092
6378044.038733,134.976330,-38.648307
6378044.013403,135.026606,-38.667523
6378043.988073,135.076882,-38.686738
6378043.962741,135.127157,-38.705954
6378043.937409,135.177432,-38.725169
6378043.912075,135.227707,-38.744384
6378043.886741,135.277981,-38.763600
6378043.861406,135.328254,-38.782815
6378043.836070,135.378527,-38.802030
6378043.810733,135.428800,-38.821245
6378043.785396,135.479073,-38.840460
6378043.760057,135.529344,-38.859676
6378043.734718,135.579616,-38.878891
6378043.709377,135.629887,-38.898106
6378043.684036,135.680158,-38.917321
6378043.658694,135.730428,-38.936536
6378043.633352,135.780698,-38.955751
6378043.608008,135.830968,-38.974966
6378043.582664,135.881237,-38.994181
6378043.557319,135.931505,-39.013396
6378043.531973,135.981774,-39.032610
6378043.506626,136.032041,-39.051825
6378043.481278,136.082309,-39.071040
6378043.455930,136.132576,-39.090255
6378043.430581,136.182843,-39.109470
6378043.405230,136.233109,-39.128684
6378043.379880,136.283375,-39.147899
6378043.354528,136.333640,-39.167114
6378043.329176,136.383906,-39.186328
6378043.303823,136.434170,-39.205543
6378043.278469,136.484435,-39.224758
6378043.253114,136.534699,-39.243972
6378043.227759,136.584962,-39.263187
6378043.202402,136.635226,-39.282401
6378043.177045,136.685489,-39.301616
6378043.151688,136.735751,-39.320830
6378043.126329,136.786013,-39.340045
6378043.100970,136.836275,-39.359259
6378043.075610,136.886537,-39.378473
6378043.050249,136.936798,-39.397688
6378043.024888,136.987058,-39.416902
6378042.999526,137.037319,-39.436116
6378042.974163,137.087579,-39.455331
6378042.948799,137.137838,-39.474545
6378042.923435,137.188098,-39.493759
6378042.898070,137.238357,-39.512973
6378042.872704,137.288615,-39.532188
6378042.847338,137.338873,-39.551402
6378042.821971,137.389131,-39.570616
6378042.796603,137.439389,-39.589830
6378042.771234,137.489646,-39.609044
6378042.745865,137.539903,-39.628258
6378042.720495,137.590160,-39.647472
6378042.695125,137.640416,-39.666686
6378042.669753,137.690672,-39.685900
6378042.644381,137.740927,-39.705114
6378042.619009,137.791182,-39.724328
6378042.593636,137.841437,-39.743542
6378042.568262,137.891692,-39.762756
6378042.542887,137.941946,-39.781970
6378042.517512,137.992200,-39.801183
6378042.492136,138.042454,-39.820397
6378042.466759,138.092707,-39.839611
6378042.441382,138.142960,-39.858825
6378042.416004,138.193212,-39.878039
6378042.390626,138.243465,-39.897252
6378042.365246,138.293717,-39.916466
6378042.339867,138.343968,-39.935680
6378042.314486,138.394220,-39.954893
6378042.289105,138.444471,-39.974107
6378042.263723,138.494722,-39.993321
6378042.238341,138.544972,-40.012534
6378042.212958,138.595222,-40.031748
6378042.187575,138.645472,-40.050961
6378042.162191,138.695722,-40.070175
6378042.136806,138.745971,-40.089388
6378042.111420,138.796220,-40.108602
6378042.086034,138.846468,-40.127815
6378042.060648,138.896717,-40.147029
6378042.035261,138.946965,-40.166242
6378042.009873,138.997213,-40.185455
6378041.984485,139.047460,-40.204669
6378041.959096,139.097707,-40.223882
6378041.933706,139.147954,-40.243095
6378041.908316,139.198201,-40.262309
6378041.882925,139.248447,-40.281522
6378041.857534,139.298693,-40.300735
6378041.832142,139.348939,-40.319949
6378041.806750,139.399185,-40.339162
6378041.781357,139.449430,-40.358375
6378041.755964,139.499675,-40.377588
6378041.730569,139.549919,-40.396801
6378041.705175,139.600164,-40.416014
6378041.679780,139.650408,-40.435228
6378041.654384,139.700652,-40.454441
6378041.628988,139.750895,-40.473654
6378041.603591,139.801139,-40.492867
6378041.578193,139.851382,-40.512080
6378041.552795,139.901624,-40.531293
6378041.527397,139.951867,-40.550506
6378041.501998,140.002109,-40.569719
6378041.476599,140.052351,-40.588932
6378041.451198,140.102593,-40.608145
6378041.425798,140.152834,-40.627358
6378041.400397,140.203076,-40.646571
6378041.374995,140.253317,-40.665784
6378041.349593,140.303557,-40.684997
6378041.324190,140.353798,-40.704209
6378041.298787,140.404038,-40.723422
6378041.273384,140.454278,-40.742635
6378041.247979,140.504518,-40.761848
6378041.222575,140.554757,-40.781061
6378041.197170,140.604996,-40.800273
6378041.171764,140.655235,-40.819486
6378041.146358,140.705474,-40.838699
6378041.120951,140.755712,-40.857912
6378041.095544,140.805951,-40.877124
6378041.070136,140.856189,-40.896337
6378041.044728,140.906426,-40.915550
6378041.019320,140.956664,-40.934762
6378040.993910,141.006901,-40.953975
6378040.968501,141.057138,-40.973188
6378040.943091,141.107375,-40.992400
6378040.917680,141.157612,-41.011613
6378040.892269,141.207848,-41.030825
6378040.866858,141.258084,-41.050038
6378040.841446,141.308320,-41.069250
6378040.816034,141.358556,-41.088463
6378040.790621,141.408791,-41.107676
6378040.765207,141.459026,-41.126888
6378040.739794,141.509261,-41.146100
6378040.714379,141.559496,-41.165313
6378040.688965,141.609730,-41.184525
6378040.663550,141.659965,-41.203738
6378040.638134,141.710199,-41.222950
6378040.612718,141.760433,-41.242163
6378040.587302,141.810666,-41.261375
6378040.561885,141.860900,-41.280587
6378040.536467,141.911133,-41.299800
6378040.511050,141.961366,-41.319012
6378040.485632,142.011599,-41.338224
6378040.460213,142.061831,-41.357437
6378040.434794,142.112064,-41.376649
6378040.409374,142.162296,-41.395861
6378040.383955,142.212528,-41.415073
6378040.358534,142.262760,-41.434286
6378040.333113,142.312991,-41.453498
6378040.307692,142.363223,-41.472710
6378040.282271,142.413454,-41.491922
6378040.256849,142.463685,-41.511134
6378040.231426,142.513915,-41.530347
6378040.206004,142.564146,-41.549559
6378040.180580,142.614376,-41.568771
6378040.155157,142.664606,-41.587983
6378040.129733,142.714836,-41.607195
6378040.104308,142.765066,-41.626407
6378040.078884,142.815296,-41.645619
6378040.053458,142.865525,-41.664831
6378040.028033,142.915754,-41.684043
6378040.002607,142.965983,-41.703255
6378039.977180,143.016212,-41.722468
6378039.951754,143.066440,-41.741680
6378039.926327,143.116669,-41.760892
6378039.900899,143.166897,-41.780104
6378039.875471,143.217125,-41.799315
6378039.850043,143.267353,-41.818527
6378039.824614,143.317580,-41.837739
6378039.799185,143.367808,-41.856951
6378039.773756,143.418035,-41.876163
6378039.748326,143.468262,-41.895375
6378039.722896,143.518489,-41.914587
6378039.697465,143.568716,-41.933799
6378039.672034,143.618942,-41.953011
6378039.646603,143.669169,-41.972223
6378039.621171,143.719395,-41.991434
6378039.595739,143.769621,-42.010646
6378039.570307,143.819847,-42.029858
6378039.544874,143.870072,-42.049070
6378039.519441,143.920298,-42.068282
6378039.494008,143.970523,-42.087493
6378039.468574,144.020748,-42.106705
6378039.443140,144.070973,-42.125917
6378039.417706,144.121198,-42.145129
6378039.392271,144.171423,-42.164340
6378039.366836,144.221647,-42.183552
6378039.341400,144.271871,-42.202764
6378039.315965,144.322096,-42.221976
6378039.290528,144.372319,-42.241187
6378039.265092,144.422543,-42.260399
6378039.239655,144.472767,-42.279611
6378039.214218,144.522990,-42.298822
6378039.188781,144.573214,-42.318034
6378039.163343,144.623437,-42.337246
6378039.137905,144.673660,-42.356457
6378039.112466,144.723883,-42.375669
6378039.087027,144.774105,-42.394880
6378039.061588,144.824328,-42.414092
6378039.036149,144.874550,-42.433303
6378039.010709,144.924772,-42.452515
6378038.985269,144.974994,-42.471727
6378038.959829,145.025216,-42.490938
6378038.934388,145.075438,-42.510150
6378038.908947,145.125659,-42.529361
6378038.883506,145.175881,-42.548573
6378038.858064,145.226102,-42.567784
6378038.832622,145.276323,-42.586996
6378038.807180,145.326544,-42.606207
6378038.781737,145.376765,-42.625419
6378038.756295,145.426985,-42.644630
6378038.730851,145.477206,-42.663841
6378038.705408,145.527426,-42.683053
6378038.679964,145.577647,-42.702264
6378038.654520,145.627867,-42.721476
6378038.629076,145.678087,-42.740687
6378038.603631,145.728306,-42.759898
6378038.578186,145.778526,-42.779110
6378038.552741,145.828745,-42.798321
6378038.527296,145.878965,-42.817532
6378038.501850,145.929184,-42.836744
6378038.476404,145.979403,-42.855955
6378038.450957,146.029622,-42.875166
6378038.425511,146.079841,-42.894378
6378038.400064,146.130059,-42.913589
6378038.374617,146.180278,-42.932800
6378038.349169,146.230496,-42.952012
6378038.323722,146.280714,-42.971223
6378038.298274,146.330933,-42.990434
6378038.272825,146.381151,-43.009645
6378038.247377,146.431368,-43.028857
6378038.221928,146.481586,-43.048068
6378038.196479,146.531804,-43.067279
6378038.171029,146.582021,-43.086490
6378038.145580,146.632238,-43.105702
6378038.120130,146.682455,-43.124913
6378038.094680,146.732673,-43.144124
6378038.069229,146.782889,-43.163335
6378038.043779,146.833106,-43.182546
6378038.018328,146.883323,-43.201758
6378037.992876,146.933539,-43.220969
6378037.967425,146.983756,-43.240180
6378037.941973,147.033972,-43.259391
6378037.916521,147.084188,-43.278602
6378037.891069,147.134404,-43.297813
6378037.865617,147.184620,-43.317024
6378037.840164,147.234836,-43.336235
6378037.814711,147.285052,-43.355446
6378037.789258,147.335267,-43.374658
6378037.763804,147.385482,-43.393869
6378037.738351,147.435698,-43.413080
6378037.712897,147.485913,-43.432291
6378037.687442,147.536128,-43.451502
6378037.661988,147.586343,-43.470713
6378037.636533,147.636558,-43.489924
6378037.611078,147.686772,-43.509135
6378037.585623,147.736987,-43.528346
6378037.560168,147.787201,-43.547557
6378037.534712,147.837416,-43.566768
6378037.509256,147.887630,-43.585979
6378037.483800,147.937844,-43.605190
6378037.458344,147.988058,-43.624401
6378037.432887,148.038272,-43.643612
6378037.407431,148.088486,-43.662823
6378037.381974,148.138699,-43.682034
6378037.356516,148.188913,-43.701245
6378037.331059,148.239126,-43.720456
6378037.305601,148.289340,-43.739666
6378037.280143,148.339553,-43.758877
6378037.254685,148.389766,-43.778088
6378037.229227,148.439979,-43.797299
6378037.203768,148.490192,-43.816510
6378037.178309,148.540405,-43.835721
6378037.152850,148.590617,-43.854932
6378037.127391,148.640830,-43.874143
6378037.101932,148.691042,-43.893354
6378037.076472,148.741255,-43.912564
6378037.051012,148.791467,-43.931775
6378037.025552,148.841679,-43.950986
6378037.000092,148.891891,-43.970197
6378036.974631,148.942103,-43.989408
6378036.949171,148.992315,-44.008619
6378036.923710,149.042527,-44.027829
6378036.898249,149.092738,-44.047040
6378036.872787,149.142950,-44.066251
6378036.847326,149.193161,-44.085462
6378036.821864,149.243373,-44.104673
6378036.796402,149.293584,-44.123883
6378036.770940,149.343795,-44.143094
6378036.745478,149.394006,-44.162305
6378036.720015,149.444217,-44.181516
6378036.694553,149.494428,-44.200726
6378036.669090,149.544639,-44.219937
6378036.643627,149.594849,-44.239148
6378036.618163,149.645060,-44.258359
6378036.592700,149.695270,-44.277569
6378036.567236,149.745481,-44.296780
6378036.541772,149.795691,-44.315991
6378036.516308,149.845901,-44.335201
6378036.490844,149.896111,-44.354412
6378036.465379,149.946321,-44.373623
6378036.439915,149.996531,-44.392834
6378036.414450,150.046741,-44.412044
6378036.388985,150.096951,-44.431255
6378036.363520,150.147160,-44.450466
6378036.338054,150.197370,-44.469676
6378036.312589,150.247579,-44.488887
6378036.287123,150.297788,-44.508097
6378036.261657,150.347998,-44.527308
6378036.236191,150.398207,-44.546519
6378036.210725,150.448416,-44.565729
6378036.185258,150.498625,-44.584940
6378036.159792,150.548834,-44.604151
6378036.134325,150.599043,-44.623361
6378036.108858,150.649251,-44.642572
6378036.083391,150.699460,-44.661782
6378036.057924,150.749669,-44.680993
6378036.032456,150.799877,-44.700204
6378036.006988,150.850086,-44.719414
6378035.981521,150.900294,-44.738625
6378035.956053,150.950502,-44.757835
6378035.930584,151.000710,-44.777046
6378035.905116,151.050918,-44.796256
6378035.879648,151.101126,-44.815467
6378035.854179,151.151334,-44.834677
6378035.828710,151.201542,-44.853888
6378035.803241,151.251750,-44.873098
6378035.777772,151.301957,-44.892309
6378035.752302,151.352165,-44.911520
6378035.726833,151.402372,-44.930730
6378035.701363,151.452580,-44.949941
6378035.675894,151.502787,-44.969151
6378035.650424,151.552994,-44.988362
6378035.624953,151.603202,-45.007572
6378035.599483,151.653409,-45.026782
6378035.574013,151.703616,-45.045993
6378035.548542,151.753823,-45.065203
6378035.523071,151.804030,-45.084414
6378035.497600,151.854236,-45.103624
6378035.472129,151.904443,-45.122835
6378035.446658,151.954650,-45.142045
6378035.421187,152.004856,-45.161256
6378035.395715,152.055063,-45.180466
6378035.370244,152.105269,-45.199677
6378035.344772,152.155476,-45.218887
6378035.319300,152.205682,-45.238097
6378035.293828,152.255888,-45.257308
6378035.268355,152.306094,-45.276518
6378035.242883,152.356300,-45.295729
6378035.217410,152.406506,-45.314939
6378035.191938,152.456712,-45.334149
6378035.166465,152.506918,-45.353360
6378035.140992,152.557124,-45.372570
6378035.115519,152.607329,-45.391781
6378035.090046,152.657535,-45.410991
6378035.064572,152.707741,-45.430201
6378035.039099,152.757946,-45.449412
6378035.013625,152.808152,-45.468622
6378034.988151,152.858357,-45.487832
6378034.962677,152.908562,-45.507043
6378034.937203,152.958767,-45.526253
6378034.911729,153.008973,-45.545464
6378034.886254,153.059178,-45.564674
6378034.860780,153.109383,-45.583884
6378034.835305,153.159588,-45.603095
6378034.809831,153.209792,-45.622305
6378034.784356,153.259997,-45.641515
6378034.758881,153.310202,-45.660725
6378034.733405,153.360407,-45.679936
6378034.707930,153.410611,-45.699146
6378034.682455,153.460816,-45.718356
6378034.656979,153.511020,-45.737567
6378034.631503,153.561225,-45.756777
6378034.606028,153.611429,-45.775987
6378034.580552,153.661634,-45.795198
6378034.555076,153.711838,-45.814408
6378034.529599,153.762042,-45.833618
6378034.504123,153.812246,-45.852828
6378034.478647,153.862450,-45.872039
6378034.453170,153.912654,-45.891249
6378034.427693,153.962858,-45.910459
6378034.402216,154.013062,-45.929669
6378034.376740,154.063266,-45.948880
6378034.351262,154.113469,-45.968090
6378034.325785,154.163673,-45.987300
6378034.300308,154.213877,-46.006510
6378034.274831,154.264080,-46.025721
6378034.249353,154.314284,-46.044931
6378034.223875,154.364487,-46.064141
6378034.198398,154.414691,-46.083351
6378034.172920,154.464894,-46.102562
6378034.147442,154.515097,-46.121772
6378034.121964,154.565301,-46.140982
6378034.096485,154.615504,-46.160192
6378034.071007,154.665707,-46.179402
6378034.045528,154.715910,-46.198613
6378034.020050,154.766113,-46.217823
6378033.994571,154.816316,-46.237033
6378033.969092,154.866519,-46.256243
6378033.943613,154.916722,-46.275453
6378033.918134,154.966924,-46.294663
6378033.892655,155.017127,-46.313874
6378033.867176,155.067330,-46.333084
6378033.841697,155.117532,-46.352294
6378033.816217,155.167735,-46.371504
6378033.790738,155.217937,-46.390714
6378033.765258,155.268140,-46.409924
6378033.739778,155.318342,-46.429135
6378033.714298,155.368545,-46.448345
6378033.688818,155.418747,-46.467555
6378033.663338,155.468949,-46.486765
6378033.637858,155.519151,-46.505975
6378033.612377,155.569354,-46.525185
6378033.586897,155.619556,-46.544395
6378033.561416,155.669758,-46.563606
6378033.535936,155.719960,-46.582816
6378033.510455,155.770162,-46.602026
6378033.484974,155.820364,-46.621236
6378033.459493,155.870565,-46.640446
6378033.434012,155.920767,-46.659656
6378033.408531,155.970969,-46.678866
6378033.383050,156.021171,-46.698076
6378033.357569,156.071372,-46.717286
6378033.332087,156.121574,-46.736496
6378033.306606,156.171775,-46.755707
6378033.281124,156.221977,-46.774917
6378033.255642,156.272178,-46.794127
6378033.230160,156.322380,-46.813337
6378033.204678,156.372581,-46.832547
6378033.179196,156.422782,-46.851757
6378033.153714,156.472984,-46.870967
6378033.128232,156.523185,-46.890177
6378033.102750,156.573386,-46.909387
6378033.077267,156.623587,-46.928597
6378033.051785,156.673788,-46.947807
6378033.026302,156.723989,-46.967017
6378033.000820,156.774190,-46.986227
6378032.975337,156.824391,-47.005437
6378032.949854,156.874592,-47.024647
6378032.924371,156.924793,-47.043857
6378032.898888,156.974994,-47.063068
6378032.873405,157.025194,-47.082278
6378032.847922,157.075395,-47.101488
6378032.822438,157.125596,-47.120698
6378032.796955,157.175796,-47.139908
6378032.771472,157.225997,-47.159118
6378032.745988,157.276198,-47.178328
6378032.720504,157.326398,-47.197538
6378032.695021,157.376599,-47.216748
6378032.669537,157.426799,-47.235958
6378032.644053,157.476999,-47.255168
6378032.618569,157.527200,-47.274378
6378032.593085,157.577400,-47.293588
6378032.567601,157.627600,-47.312798
6378032.542116,157.677800,-47.332008
6378032.516632,157.728001,-47.351218
6378032.491148,157.778201,-47.370428
6378032.465663,157.828401,-47.389638
6378032.440179,157.878601,-47.408848
6378032.414694,157.928801,-47.428058
6378032.389209,157.979001,-47.447268
6378032.363724,158.029201,-47.466478
6378032.338239,158.079401,-47.485688
6378032.312754,158.129600,-47.504897
6378032.287269,158.179800,-47.524107
6378032.261784,158.230000,-47.543317
6378032.236299,158.280200,-47.562527
6378032.210814,158.330399,-47.581737
6378032.185328,158.380599,-47.600947
6378032.159843,158.430799,-47.620157
6378032.134357,158.480998,-47.639367
6378032.108872,158.531198,-47.658577
6378032.083386,158.581397,-47.677787
6378032.057900,158.631597,-47.696997
6378032.032415,158.681796,-47.716207
6378032.006929,158.731995,-47.735417
6378031.981443,158.782195,-47.754627
6378031.955957,158.832394,-47.773837
6378031.930470,158.882593,-47.793047
6378031.904984,158.932793,-47.812257
6378031.879498,158.982992,-47.831467
6378031.854012,159.033191,-47.850676
6378031.828525,159.083390,-47.869886
6378031.803039,159.133589,-47.889096
6378031.777552,159.183788,-47.908306
6378031.752065,159.233987,-47.927516
6378031.726579,159.284186,-47.946726
6378031.701092,159.334385,-47.965936
6378031.675605,159.384584,-47.985146
6378031.650118,159.434783,-48.004356
6378031.624631,159.484982,-48.023566
6378031.599144,159.535181,-48.042776
6378031.573657,159.585380,-48.061985
6378031.548170,159.635578,-48.081195
6378031.522683,159.685777,-48.100405
6378031.497195,159.735976,-48.119615
6378031.471708,159.786174,-48.138825
6378031.446220,159.836373,-48.158035
6378031.420733,159.886572,-48.177245
6378031.395245,159.936770,-48.196455
6378031.369758,159.986969,-48.215664
6378031.344270,160.037167,-48.234874
6378031.318782,160.087366,-48.254084
6378031.293294,160.137564,-48.273294
6378031.267806,160.187762,-48.292504
6378031.242318,160.237961,-48.311714
6378031.216830,160.288159,-48.330924
6378031.191342,160.338357,-48.350134
6378031.165854,160.388556,-48.369343
6378031.140366,160.438754,-48.388553
6378031.114878,160.488952,-48.407763
6378031.089389,160.539150,-48.426973
6378031.063901,160.589348,-48.446183
6378031.038412,160.639546,-48.465393
6378031.012924,160.689745,-48.484602
6378030.987435,160.739943,-48.503812
6378030.961947,160.790141,-48.523022
6378030.936458,160.840339,-48.542232
6378030.910969,160.890537,-48.561442
6378030.885480,160.940735,-48.580652
6378030.859991,160.990932,-48.599861
6378030.834502,161.041130,-48.619071
6378030.809013,161.091328,-48.638281
6378030.783524,161.141526,-48.657491
6378030.758035,161.191724,-48.676701
6378030.732546,161.241922,-48.695911
6378030.707057,161.292119,-48.715120
6378030.681567,161.342317,-48.734330
6378030.656078,161.392515,-48.753540
6378030.630589,161.442712,-48.772750
6378030.605099,161.492910,-48.791960
6378030.579610,161.543107,-48.811169
6378030.554120,161.593305,-48.830379
6378030.528630,161.643503,-48.849589
6378030.503141,161.693700,-48.868799
6378030.477651,161.743898,-48.888009
6378030.452161,161.794095,-48.907218
6378030.426671,161.844292,-48.926428
6378030.401181,161.894490,-48.945638
6378030.375691,161.944687,-48.964848
6378030.350201,161.994885,-48.984058
6378030.324711,162.045082,-49.003267
6378030.299221,162.095279,-49.022477
6378030.273731,162.145476,-49.041687
6378030.248241,162.195674,-49.060897
6378030.222750,162.245871,-49.080107
6378030.197260,162.296068,-49.099316
6378030.171770,162.346265,-49.118526
6378030.146279,162.396462,-49.137736
6378030.120789,162.446660,-49.156946
6378030.095298,162.496857,-49.176155
6378030.069808,162.547054,-49.195365
6378030.044317,162.597251,-49.214575
6378030.018826,162.647448,-49.233785
6378029.993336,162.697645,-49.252995
6378029.967845,162.747842,-49.272204
6378029.942354,162.798039,-49.291414
6378029.916863,162.848236,-49.310624
6378029.891372,162.898433,-49.329834
6378029.865881,162.948629,-49.349043
6378029.840390,162.998826,-49.368253
6378029.814899,163.049023,-49.387463
6378029.789408,163.099220,-49.406673
6378029.763917,163.149417,-49.425882
6378029.738426,163.199613,-49.445092
6378029.712934,163.249810,-49.464302
6378029.687443,163.300007,-49.483512
6378029.661952,163.350204,-49.502721
6378029.636460,163.400400,-49.521931
6378029.610969,163.450597,-49.541141
6378029.585477,163.500794,-49.560351
6378029.559986,163.550990,-49.579560
6378029.534494,163.601187,-49.598770
6378029.509003,163.651383,-49.617980
6378029.483511,163.701580,-49.637190
6378029.458019,163.751776,-49.656399
6378029.432527,163.801973,-49.675609
6378029.407036,163.852169,-49.694819
6378029.381544,163.902366,-49.714028
6378029.356052,163.952562,-49.733238
6378029.330560,164.002759,-49.752448
6378029.305068,164.052955,-49.771658
6378029.279576,164.103151,-49.790867
6378029.254084,164.153348,-49.810077
6378029.228592,164.203544,-49.829287
6378029.203100,164.253740,-49.848497
6378029.177607,164.303937,-49.867706
6378029.152115,164.354133,-49.886916
6378029.126623,164.404329,-49.906126
6378029.101131,164.454525,-49.925335
6378029.075638,164.504721,-49.944545
6378029.050146,164.554918,-49.963755
6378029.024654,164.605114,-49.982964
6378028.999161,164.655310,-50.002174
6378028.973669,164.705506,-50.021384
6378028.948176,164.755702,-50.040594
6378028.922683,164.805898,-50.059803
6378028.897191,164.856094,-50.079013
6378028.871698,164.906290,-50.098223
6378028.846205,164.956486,-50.117432
6378028.820713,165.006682,-50.136642
6378028.795220,165.056878,-50.155852
6378028.769727,165.107074,-50.175061
6378028.744234,165.157270,-50.194271
6378028.718741,165.207466,-50.213481
6378028.693248,165.257662,-50.232691
6378028.667755,165.307858,-50.251900
6378028.642262,165.358054,-50.271110
6378028.616769,165.408250,-50.290320
6378028.591276,165.458446,-50.309529
6378028.565783,165.508641,-50.328739
6378028.540290,165.558837,-50.347949
6378028.514797,165.609033,-50.367158
6378028.489303,165.659229,-50.386368
6378028.463810,165.709424,-50.405578
6378028.438317,165.759620,-50.424787
6378028.412824,165.809816,-50.443997
6378028.387330,165.860012,-50.463207
6378028.361837,165.910207,-50.482416
6378028.336343,165.960403,-50.501626
6378028.310850,166.010599,-50.520836
6378028.285356,166.060794,-50.540045
6378028.259863,166.110990,-50.559255
6378028.234369,166.161185,-50.578465
6378028.208876,166.211381,-50.597674
6378028.183382,166.261576,-50.616884
6378028.157888,166.311772,-50.636094
6378028.132394,166.361968,-50.655303
6378028.106901,166.412163,-50.674513
6378028.081407,166.462359,-50.693723
6378028.055913,166.512554,-50.712932
6378028.030419,166.562749,-50.732142
6378028.004925,166.612945,-50.751352
6378027.979431,166.663140,-50.770561
6378027.953937,166.713336,-50.789771
6378027.928443,166.763531,-50.808981
6378027.902949,166.813726,-50.828190
6378027.877455,166.863922,-50.847400
6378027.851961,166.914117,-50.866610
6378027.826467,166.964312,-50.885819
6378027.800973,167.014508,-50.905029
6378027.775479,167.064703,-50.924239
6378027.749985,167.114898,-50.943448
6378027.724494,167.165093,-50.962668
6378027.699011,167.215285,-50.981908
6378027.673538,167.265475,-51.001177
6378027.648079,167.315662,-51.020482
6378027.622635,167.365845,-51.039829
6378027.597209,167.416023,-51.059226
6378027.571803,167.466197,-51.078677
6378027.546420,167.516365,-51.098188
6378027.521060,167.566527,-51.117763
6378027.495726,167.616683,-51.137406
6378027.470419,167.666833,-51.157120
6378027.445140,167.716975,-51.176909
6378027.419890,167.767110,-51.196775
6378027.394671,167.817238,-51.216721
6378027.369484,167.867359,-51.236750
6378027.344330,167.917471,-51.256863
6378027.319209,167.967575,-51.277062
6378027.294123,168.017671,-51.297348
6378027.269072,168.067758,-51.317724
6378027.244057,168.117837,-51.338189
6378027.219078,168.167907,-51.358746
6378027.194138,168.217968,-51.379395
6378027.169235,168.268020,-51.400138
6378027.144370,168.318063,-51.420974
6378027.119545,168.368097,-51.441904
6378027.094759,168.418121,-51.462930
6378027.070013,168.468136,-51.484050
6378027.045308,168.518142,-51.505267
6378027.020644,168.568138,-51.526580
6378026.996021,168.618124,-51.547989
6378026.971440,168.668101,-51.569495
6378026.946902,168.718068,-51.591098
6378026.922406,168.768025,-51.612798
6378026.897952,168.817972,-51.634595
6378026.873542,168.867910,-51.656488
6378026.849176,168.917837,-51.678480
6378026.824854,168.967755,-51.700568
6378026.800576,169.017662,-51.722753
6378026.776343,169.067560,-51.745036
6378026.752154,169.117448,-51.767415
6378026.728011,169.167325,-51.789892
6378026.703914,169.217192,-51.812466
6378026.679862,169.267050,-51.835136
6378026.655856,169.316897,-51.857903
6378026.631897,169.366734,-51.880766
6378026.607984,169.416561,-51.903726
6378026.584118,169.466378,-51.926782
6378026.560299,169.516184,-51.949934
6378026.536528,169.565980,-51.973182
6378026.512805,169.615767,-51.996525
6378026.489129,169.665543,-52.019964
6378026.465502,169.715309,-52.043499
6378026.441924,169.765064,-52.067128
6378026.418394,169.814810,-52.090852
6378026.394913,169.864545,-52.114671
6378026.371481,169.914270,-52.138585
6378026.348099,169.963985,-52.162593
6378026.324766,170.013690,-52.186695
6378026.301484,170.063384,-52.210890
6378026.278251,170.113069,-52.235179
6378026.255069,170.162743,-52.259562
6378026.231938,170.212407,-52.284037
6378026.208858,170.262061,-52.308606
6378026.185829,170.311705,-52.333267
6378026.162852,170.361339,-52.358020
6378026.139926,170.410962,-52.382866
6378026.117052,170.460576,-52.407804
6378026.094230,170.510179,-52.432833
6378026.071461,170.559773,-52.457953
6378026.048744,170.609356,-52.483165
6378026.026080,170.658930,-52.508467
6378026.003469,170.708493,-52.533861
6378025.980911,170.758047,-52.559344
6378025.958407,170.807591,-52.584918
6378025.935957,170.857124,-52.610581
6378025.913561,170.906648,-52.636335
6378025.891218,170.956162,-52.662177
6378025.868931,171.005667,-52.688109
6378025.846698,171.055161,-52.714129
6378025.824520,171.104646,-52.740238
6378025.802397,171.154121,-52.766435
6378025.780329,171.203586,-52.792720
6378025.758317,171.253041,-52.819093
6378025.736361,171.302487,-52.845553
6378025.714461,171.351924,-52.872101
6378025.692617,171.401351,-52.898735
6378025.670830,171.450768,-52.925456
6378025.649099,171.500176,-52.952264
6378025.627426,171.549574,-52.979157
6378025.605809,171.598963,-53.006137
6378025.584250,171.648342,-53.033202
6378025.562748,171.697712,-53.060352
6378025.541304,171.747073,-53.087587
6378025.519919,171.796425,-53.114907
6378025.498591,171.845768,-53.142311
6378025.477322,171.895101,-53.169800
6378025.456112,171.944425,-53.197372
6378025.434960,171.993740,-53.225028
6378025.413868,172.043047,-53.252767
6378025.392835,172.092344,-53.280589
6378025.371861,172.141632,-53.308494
6378025.350948,172.190912,-53.336481
6378025.330094,172.240182,-53.364551
6378025.309300,172.289444,-53.392702
6378025.288567,172.338697,-53.420935
6378025.267895,172.387942,-53.449249
6378025.247283,172.437178,-53.477644
6378025.226732,172.486405,-53.506120
6378025.206243,172.535624,-53.534676
6378025.185815,172.584835,-53.563312
6378025.165449,172.634037,-53.592028
6378025.145144,172.683231,-53.620824
6378025.124902,172.732416,-53.649699
6378025.104722,172.781594,-53.678652
6378025.084605,172.830763,-53.707684
6378025.064550,172.879925,-53.736795
6378025.044558,172.929078,-53.765984
6378025.024629,172.978223,-53.795250
6378025.004764,173.027361,-53.824594
6378024.984962,173.076491,-53.854014
6378024.965223,173.125613,-53.883512
6378024.945549,173.174727,-53.913086
6378024.925939,173.223834,-53.942736
6378024.906393,173.272934,-53.972462
6378024.886911,173.322026,-54.002264
6378024.867495,173.371110,-54.032141
6378024.848143,173.420188,-54.062093
6378024.828856,173.469258,-54.092119
6378024.809635,173.518321,-54.122220
6378024.790479,173.567377,-54.152395
6378024.771389,173.616426,-54.182644
6378024.752365,173.665468,-54.212966
6378024.733407,173.714503,-54.243361
6378024.714515,173.763531,-54.273829
6378024.695689,173.812553,-54.304369
6378024.676931,173.861569,-54.334982
6378024.658239,173.910577,-54.365666
6378024.639614,173.959580,-54.396422
6378024.621056,174.008576,-54.427249
6378024.602566,174.057565,-54.458147
6378024.584143,174.106549,-54.489115
6378024.565789,174.155527,-54.520154
6378024.547502,174.204498,-54.551263
6378024.529283,174.253464,-54.582441
6378024.511133,174.302424,-54.613688
6378024.493051,174.351378,-54.645005
6378024.475038,174.400326,-54.676390
6378024.457094,174.449269,-54.707843
6378024.439219,174.498207,-54.739364
6378024.421413,174.547139,-54.770953
6378024.403677,174.596066,-54.802609
6378024.386010,174.644988,-54.834332
6378024.368413,174.693904,-54.866122
6378024.350886,174.742816,-54.897978
6378024.333429,174.791723,-54.929901
6378024.316043,174.840625,-54.961888
6378024.298726,174.889522,-54.993942
6378024.281481,174.938415,-55.026060
6378024.264307,174.987303,-55.058243
6378024.247203,175.036187,-55.090490
6378024.230171,175.085067,-55.122801
6378024.213210,175.133942,-55.155176
6378024.196320,175.182814,-55.187614
6378024.179502,175.231681,-55.220115
6378024.162756,175.280545,-55.252679
6378024.146082,175.329404,-55.285305
6378024.129481,175.378260,-55.317994
6378024.112951,175.427113,-55.350743
6378024.096494,175.475962,-55.383555
6378024.080110,175.524808,-55.416427
6378024.063799,175.573650,-55.449359
6378024.047560,175.622490,-55.482352
6378024.031395,175.671326,-55.515405
6378024.015303,175.720160,-55.548518
6378023.999285,175.768990,-55.581690
6378023.983340,175.817818,-55.614920
6378023.967469,175.866644,-55.648210
6378023.951672,175.915467,-55.681557
6378023.935949,175.964288,-55.714962
6378023.920300,176.013106,-55.748425
6378023.904726,176.061923,-55.781945
6378023.889226,176.110737,-55.815522
6378023.873801,176.159549,-55.849156
6378023.858451,176.208360,-55.882845
6378023.843176,176.257169,-55.916591
6378023.827976,176.305977,-55.950391
6378023.812851,176.354783,-55.984247
6378023.797801,176.403588,-56.018158
6378023.782828,176.452392,-56.052123
6378023.767930,176.501195,-56.086142
6378023.753107,176.549997,-56.120214
6378023.738361,176.598798,-56.154340
6378023.723691,176.647598,-56.188519
6378023.709098,176.696398,-56.222751
6378023.694580,176.745197,-56.257034
6378023.680140,176.793996,-56.291370
6378023.665775,176.842795,-56.325757
6378023.651488,176.891594,-56.360196
6378023.637278,176.940393,-56.394685
6378023.623145,176.989192,-56.429224
6378023.609089,177.037992,-56.463814
6378023.595111,177.086792,-56.498454
6378023.581210,177.135592,-56.533143
6378023.567386,177.184394,-56.567881
6378023.553641,177.233196,-56.602667
6378023.539973,177.281999,-56.637502
6378023.526383,177.330803,-56.672385
6378023.512871,177.379609,-56.707315
6378023.499438,177.428416,-56.742293
6378023.486083,177.477224,-56.777317
6378023.472807,177.526034,-56.812388
6378023.459609,177.574846,-56.847505
6378023.446490,177.623660,-56.882668
6378023.433449,177.672476,-56.917876
6378023.420488,177.721294,-56.953130
6378023.407606,177.770114,-56.988427
6378023.394803,177.818937,-57.023770
6378023.382079,177.867763,-57.059156
6378023.369435,177.916591,-57.094585
6378023.356870,177.965422,-57.130058
6378023.344385,178.014256,-57.165574
6378023.331980,178.063093,-57.201132
6378023.319655,178.111933,-57.236732
6378023.307409,178.160777,-57.272374
6378023.295244,178.209625,-57.308057
6378023.283159,178.258476,-57.343781
6378023.271154,178.307331,-57.379545
6378023.259230,178.356190,-57.415350
6378023.247386,178.405053,-57.451195
6378023.235623,178.453921,-57.487079
6378023.223940,178.502793,-57.523002
6378023.212338,178.551669,-57.558964
6378023.200818,178.600551,-57.594964
6378023.189378,178.649437,-57.631002
6378023.178019,178.698328,-57.667078
6378023.166741,178.747224,-57.703191
6378023.155545,178.796125,-57.739341
6378023.144430,178.845032,-57.775527
6378023.133397,178.893945,-57.811749
6378023.122445,178.942863,-57.848007
6378023.111575,178.991787,-57.884300
6378023.100786,179.040717,-57.920629
6378023.090079,179.089654,-57.956991
6378023.079455,179.138596,-57.993388
6378023.068912,179.187546,-58.029819
6378023.058451,179.236501,-58.066283
6378023.048072,179.285464,-58.102780
6378023.037776,179.334433,-58.139310
6378023.027562,179.383410,-58.175872
6378023.017430,179.432394,-58.212466
6378023.007381,179.481385,-58.249091
6378022.997415,179.530384,-58.285748
6378022.987530,179.579390,-58.322435
6378022.977729,179.628404,-58.359153
6378022.968010,179.677426,-58.395900
6378022.958375,179.726457,-58.432677
6378022.948822,179.775495,-58.469484
6378022.939352,179.824542,-58.506319
6378022.929965,179.873598,-58.543182
6378022.920661,179.922662,-58.580074
6378022.911441,179.971736,-58.616993
6378022.902303,180.020818,-58.653940
6378022.893249,180.069909,-58.690913
6378022.884279,180.119010,-58.727913
6378022.875391,180.168121,-58.764939
6378022.866588,180.217241,-58.801990
6378022.857867,180.266371,-58.839067
6378022.849231,180.315511,-58.876169
6378022.840678,180.364661,-58.913295
6378022.832208,180.413821,-58.950446
6378022.823823,180.462992,-58.987620
6378022.815521,180.512174,-59.024818
6378022.807303,180.561366,-59.062039
6378022.799169,180.610569,-59.099282
6378022.791119,180.659783,-59.136547
6378022.783153,180.709009,-59.173835
6378022.775271,180.758246,-59.211143
6378022.767473,180.807494,-59.248473
6378022.759759,180.856754,-59.285823
6378022.752130,180.906026,-59.323194
6378022.744584,180.955311,-59.360584
6378022.737123,181.004607,-59.397994
6378022.729746,181.053916,-59.435423
6378022.722454,181.103237,-59.472870
6378022.715246,181.152571,-59.510336
6378022.708122,181.201917,-59.547820
6378022.701083,181.251277,-59.585321
6378022.694128,181.300650,-59.622839
6378022.687258,181.350036,-59.660374
6378022.680472,181.399435,-59.697925
6378022.673771,181.448849,-59.735492
6378022.667154,181.498276,-59.773075
6378022.660622,181.547717,-59.810672
6378022.654175,181.597172,-59.848285
6378022.647812,181.646641,-59.885911
6378022.641534,181.696125,-59.923552
6378022.635341,181.745623,-59.961206
6378022.629232,181.795136,-59.998873
6378022.623209,181.844664,-60.036553
6378022.617270,181.894207,-60.074246
6378022.611415,181.943766,-60.111950
6378022.605646,181.993340,-60.149666
6378022.599961,182.042929,-60.187393
6378022.594362,182.092534,-60.225130
6378022.588847,182.142155,-60.262878
6378022.583417,182.191792,-60.300636
6378022.578071,182.241445,-60.338403
6378022.572811,182.291115,-60.376180
6378022.567636,182.340801,-60.413965
6378022.562545,182.390503,-60.451759
6378022.557539,182.440223,-60.489561
6378022.552618,182.489960,-60.527370
6378022.547782,182.539713,-60.565186
6378022.543031,182.589484,-60.603009
6378022.538365,182.639273,-60.640838
6378022.533784,182.689079,-60.678674
6378022.529287,182.738903,-60.716514
6378022.524876,182.788746,-60.754360
6378022.520549,182.838606,-60.792211
6378022.516307,182.888484,-60.830066
6378022.512150,182.938381,-60.867925
6378022.508078,182.988297,-60.905788
6378022.504091,183.038231,-60.943653
6378022.500189,183.088185,-60.981522
6378022.496371,183.138157,-61.019392
6378022.492638,183.188149,-61.057265
6378022.488990,183.238160,-61.095139
6378022.485427,183.288191,-61.133014
6378022.481948,183.338241,-61.170890
6378022.478555,183.388311,-61.208767
6378022.475245,183.438402,-61.246643
6378022.472021,183.488513,-61.284519
6378022.468881,183.538644,-61.322394
6378022.465826,183.588795,-61.360267
6378022.462856,183.638968,-61.398139
6378022.459970,183.689161,-61.436009
6378022.457168,183.739375,-61.473876
6378022.454452,183.789610,-61.511741
6378022.451819,183.839867,-61.549602
6378022.449271,183.890145,-61.587459
6378022.446808,183.940445,-61.625312
6378022.444429,183.990767,-61.663161
6378022.442134,184.041111,-61.701005
6378022.439924,184.091477,-61.738844
6378022.437798,184.141865,-61.776677
6378022.435756,184.192276,-61.814503
6378022.433798,184.242709,-61.852324
6378022.431925,184.293165,-61.890137
6378022.430136,184.343644,-61.927943
6378022.428430,184.394146,-61.965741
6378022.426809,184.444672,-62.003531
6378022.425272,184.495220,-62.041313
6378022.423819,184.545793,-62.079085
6378022.422450,184.596389,-62.116849
6378022.421164,184.647008,-62.154602
6378022.419962,184.697652,-62.192346
6378022.418844,184.748320,-62.230079
6378022.417810,184.799013,-62.267800
6378022.416859,184.849730,-62.305511
6378022.415992,184.900472,-62.343210
6378022.415209,184.951238,-62.380896
6378022.414509,185.002029,-62.418570
6378022.413892,185.052846,-62.456232
6378022.413359,185.103688,-62.493879
6378022.412908,185.154555,-62.531513
6378022.412542,185.205447,-62.569133
6378022.412258,185.256366,-62.606738
6378022.412057,185.307310,-62.644328
6378022.411940,185.358281,-62.681903
6378022.411905,185.409277,-62.719462
6378022.411953,185.460300,-62.757005
6378022.412084,185.511350,-62.794531
6378022.412298,185.562426,-62.832041
6378022.412594,185.613529,-62.869532
6378022.412973,185.664658,-62.907006
6378022.413435,185.715815,-62.944462
6378022.413979,185.766999,-62.981900
6378022.414605,185.818211,-63.019318
6378022.415313,185.869450,-63.056717
6378022.416104,185.920717,-63.094096
6378022.416977,185.972011,-63.131455
6378022.417932,186.023334,-63.168793
6378022.418969,186.074685,-63.206110
6378022.420088,186.126064,-63.243406
6378022.421288,186.177471,-63.280680
6378022.422570,186.228907,-63.317932
6378022.423934,186.280372,-63.355161
6378022.425379,186.331865,-63.392367
6378022.426906,186.383388,-63.429550
6378022.428514,186.434939,-63.466709
6378022.430203,186.486521,-63.503843
6378022.431974,186.538131,-63.540953
6378022.433825,186.589771,-63.578039
6378022.435758,186.641441,-63.615098
6378022.437771,186.693140,-63.652132
6378022.439865,186.744870,-63.689140
6378022.442040,186.796630,-63.726121
6378022.444295,186.848420,-63.763075
6378022.446631,186.900241,-63.800001
6378022.449047,186.952092,-63.836900
6378022.451543,187.003974,-63.873771
6378022.454120,187.055886,-63.910613
6378022.456776,187.107830,-63.947426
6378022.459513,187.159805,-63.984209
6378022.462329,187.211811,-64.020963
6378022.465225,187.263848,-64.057686
6378022.468200,187.315917,-64.094379
6378022.471255,187.368018,-64.131041
6378022.474389,187.420151,-64.167672
6378022.477603,187.472315,-64.204271
6378022.480896,187.524512,-64.240837
6378022.484268,187.576740,-64.277371
6378022.487718,187.629001,-64.313872
6378022.491248,187.681295,-64.350340
6378022.494856,187.733621,-64.386774
6378022.498542,187.785980,-64.423174
6378022.502307,187.838372,-64.459539
6378022.506151,187.890797,-64.495869
6378022.510072,187.943255,-64.532164
6378022.514072,187.995746,-64.568423
6378022.518149,188.048271,-64.604646
6378022.522304,188.100829,-64.640832
6378022.526537,188.153421,-64.676982
6378022.530848,188.206046,-64.713094
6378022.535235,188.258706,-64.749169
6378022.539700,188.311400,-64.785205
6378022.544243,188.364127,-64.821203
6378022.548862,188.416889,-64.857162
6378022.553558,188.469686,-64.893082
6378022.558330,188.522517,-64.928962
6378022.563180,188.575382,-64.964802
6378022.568106,188.628283,-65.000601
6378022.573108,188.681218,-65.036360
6378022.578186,188.734188,-65.072077
6378022.583340,188.787194,-65.107753
6378022.588570,188.840234,-65.143387
6378022.593876,188.893310,-65.178978
6378022.599258,188.946422,-65.214527
6378022.604715,188.999569,-65.250032
6378022.610247,189.052752,-65.285494
6378022.615854,189.105971,-65.320912
6378022.621536,189.159226,-65.356286
6378022.627294,189.212516,-65.391614
6378022.633126,189.265843,-65.426898
6378022.639032,189.319207,-65.462136
6378022.645013,189.372606,-65.497328
6378022.651068,189.426043,-65.532474
6378022.657197,189.479515,-65.567574
6378022.663400,189.533025,-65.602626
6378022.669677,189.586572,-65.637631
6378022.676027,189.640155,-65.672588
6378022.682451,189.693776,-65.707496
6378022.688948,189.747433,-65.742356
6378022.695519,189.801128,-65.777168
6378022.702162,189.854861,-65.811929
6378022.708878,189.908631,-65.846642
6378022.715667,189.962438,-65.881303
6378022.722528,190.016284,-65.915915
6378022.729461,190.070167,-65.950475
6378022.736467,190.124088,-65.984985
6378022.743545,190.178047,-66.019442
6378022.750694,190.232044,-66.053848
6378022.757915,190.286079,-66.088201
6378022.765208,190.340153,-66.122501
6378022.772571,190.394265,-66.156749
6378022.780006,190.448416,-66.190942
6378022.787512,190.502605,-66.225082
6378022.795089,190.556833,-66.259167
6378022.802736,190.611100,-66.293198
6378022.810454,190.665406,-66.327174
6378022.818242,190.719751,-66.361094
6378022.826099,190.774134,-66.394958
6378022.834027,190.828557,-66.428767
6378022.842025,190.883020,-66.462518
6378022.850092,190.937521,-66.496213
6378022.858228,190.992062,-66.529850
6378022.866434,191.046643,-66.563430
6378022.874708,191.101263,-66.596951
6378022.883052,191.155923,-66.630415
6378022.891463,191.210623,-66.663819
6378022.899944,191.265363,-66.697164
6378022.908492,191.320142,-66.730450
6378022.917109,191.374962,-66.763675
6378022.925793,191.429822,-66.796841
6378022.934545,191.484722,-66.829946
6378022.943365,191.539663,-66.862989
6378022.952252,191.594644,-66.895971
6378022.961206,191.649665,-66.928892
6378022.970227,191.704727,-66.961750
6378022.979314,191.759829,-66.994546
6378022.988468,191.814972,-67.027279
6378022.997688,191.870156,-67.059949
6378023.006975,191.925381,-67.092555
6378023.016327,191.980647,-67.125097
6378023.025745,192.035954,-67.157575
6378023.035229,192.091301,-67.189988
6378023.044778,192.146690,-67.222336
6378023.054392,192.202121,-67.254618
6378023.064071,192.257592,-67.286835
6378023.073815,192.313105,-67.318986
6378023.083623,192.368659,-67.351070
6378023.093495,192.424255,-67.383087
6378023.103432,192.479892,-67.415037
6378023.113432,192.535571,-67.446919
6378023.123497,192.591292,-67.478734
6378023.133624,192.647054,-67.510480
6378023.143815,192.702858,-67.542157
6378023.154069,192.758704,-67.573765
6378023.164386,192.814592,-67.605304
6378023.174766,192.870522,-67.636773
6378023.185208,192.926495,-67.668172
6378023.195712,192.982509,-67.699501
6378023.206278,193.038565,-67.730759
6378023.216906,193.094664,-67.761945
6378023.227596,193.150804,-67.793060
6378023.238347,193.206988,-67.824103
6378023.249159,193.263213,-67.855074
6378023.260032,193.319481,-67.885972
6378023.270966,193.375792,-67.916798
6378023.281960,193.432145,-67.947550
6378023.293015,193.488540,-67.978228
6378023.304130,193.544979,-68.008833
6378023.315304,193.601460,-68.039363
6378023.326539,193.657983,-68.069818
6378023.337832,193.714550,-68.100198
6378023.349185,193.771159,-68.130503
6378023.360597,193.827811,-68.160732
6378023.372068,193.884506,-68.190885
6378023.383597,193.941244,-68.220962
6378023.395184,193.998025,-68.250962
6378023.406830,194.054849,-68.280885
6378023.418533,194.111716,-68.310730
6378023.430294,194.168626,-68.340497
6378023.442113,194.225580,-68.370187
6378023.453988,194.282576,-68.399798
6378023.465921,194.339616,-68.429330
6378023.477910,194.396699,-68.458782
6378023.489956,194.453825,-68.488156
6378023.502058,194.510994,-68.517449
6378023.514216,194.568207,-68.546663
6378023.526430,194.625464,-68.575795
6378023.538700,194.682763,-68.604847
6378023.551024,194.740106,-68.633818
6378023.563404,194.797493,-68.662707
6378023.575839,194.854922,-68.691514
6378023.588329,194.912396,-68.720239
6378023.600873,194.969913,-68.748882
6378023.613471,195.027473,-68.777441
6378023.626123,195.085077,-68.805918
6378023.638829,195.142725,-68.834311
6378023.651588,195.200416,-68.862620
6378023.664400,195.258151,-68.890845
6378023.677266,195.315929,-68.918985
6378023.690184,195.373751,-68.947040
6378023.703155,195.431617,-68.975010
6378023.716178,195.489526,-69.002895
6378023.729253,195.547479,-69.030694
6378023.742380,195.605476,-69.058407
6378023.755559,195.663516,-69.086033
6378023.768789,195.721600,-69.113572
6378023.782070,195.779728,-69.141025
6378023.795402,195.837900,-69.168389
6378023.808784,195.896115,-69.195666
6378023.822217,195.954374,-69.222855
6378023.835700,196.012677,-69.249956
6378023.849233,196.071024,-69.276967
6378023.862815,196.129414,-69.303890
6378023.876447,196.187848,-69.330723
6378023.890128,196.246326,-69.357467
6378023.903858,196.304847,-69.384120
6378023.917636,196.363412,-69.410683
6378023.931463,196.422021,-69.437156
6378023.945339,196.480674,-69.463538
6378023.959262,196.539371,-69.489828
6378023.973232,196.598111,-69.516026
6378023.987251,196.656895,-69.542133
6378024.001316,196.715722,-69.568148
6378024.015428,196.774593,-69.594070
6378024.029587,196.833508,-69.619899
6378024.043793,196.892467,-69.645635
6378024.058045,196.951469,-69.671277
6378024.072342,197.010515,-69.696826
6378024.086686,197.069604,-69.722281
6378024.101074,197.128737,-69.747641
6378024.115508,197.187914,-69.772907
6378024.129987,197.247134,-69.798077
6378024.144511,197.306398,-69.823152
6378024.159079,197.365705,-69.848132
6378024.173691,197.425056,-69.873016
6378024.188347,197.484450,-69.897803
6378024.203047,197.543888,-69.922494
6378024.217790,197.603369,-69.947089
6378024.232577,197.662893,-69.971586
6378024.247406,197.722461,-69.995986
6378024.262278,197.782072,-70.020288
6378024.277192,197.841727,-70.044492
6378024.292149,197.901425,-70.068597
6378024.307148,197.961166,-70.092605
6378024.322188,198.020950,-70.116513
6378024.337269,198.080777,-70.140322
6378024.352392,198.140648,-70.164031
6378024.367556,198.200561,-70.187641
6378024.382760,198.260518,-70.211151
6378024.398005,198.320518,-70.234561
6378024.413290,198.380560,-70.257869
6378024.428614,198.440646,-70.281077
6378024.443979,198.500774,-70.304184
6378024.459382,198.560946,-70.327189
6378024.474825,198.621160,-70.350093
6378024.490307,198.681417,-70.372894
6378024.505827,198.741716,-70.395593
6378024.521385,198.802058,-70.418189
6378024.536982,198.862443,-70.440683
6378024.552616,198.922871,-70.463073
6378024.568288,198.983340,-70.485360
6378024.583998,199.043853,-70.507543
6378024.599744,199.104408,-70.529622
6378024.615527,199.165005,-70.551596
6378024.631347,199.225644,-70.573466
6378024.647203,199.286326,-70.595231
6378024.663095,199.347049,-70.616891
6378024.679023,199.407815,-70.638446
6378024.694986,199.468623,-70.659895
6378024.710984,199.529473,-70.681238
6378024.727018,199.590365,-70.702475
6378024.743086,199.651299,-70.723605
6378024.759189,199.712274,-70.744628
6378024.775325,199.773291,-70.765545
6378024.791496,199.834350,-70.786354
6378024.807701,199.895451,-70.807055
6378024.823939,199.956593,-70.827649
6378024.840210,200.017776,-70.848134
6378024.856514,200.079001,-70.868511
6378024.872850,200.140267,-70.888780
6378024.889219,200.201574,-70.908939
6378024.905620,200.262923,-70.928990
6378024.922054,200.324312,-70.948931
6378024.938518,200.385743,-70.968762
6378024.955014,200.447214,-70.988484
6378024.971541,200.508727,-71.008095
6378024.988099,200.570280,-71.027595
6378025.004688,200.631873,-71.046985
6378025.021307,200.693508,-71.066264
6378025.037956,200.755182,-71.085432
6378025.054634,200.816898,-71.104488
6378025.071342,200.878653,-71.123433
6378025.088080,200.940449,-71.142265
6378025.104847,201.002285,-71.160986
6378025.121642,201.064161,-71.179594
6378025.138466,201.126077,-71.198089
6378025.155318,201.188033,-71.216471
6378025.172198,201.250028,-71.234740
6378025.189106,201.312063,-71.252895
6378025.206041,201.374138,-71.270937
6378025.223003,201.436253,-71.288865
6378025.239993,201.498406,-71.306678
6378025.257009,201.560599,-71.324377
6378025.274051,201.622832,-71.341961
6378025.291120,201.685103,-71.359431
6378025.308215,201.747413,-71.376785
6378025.325335,201.809762,-71.394024
6378025.342481,201.872150,-71.411147
6378025.359652,201.934577,-71.428155
6378025.376847,201.997042,-71.445046
6378025.394068,202.059546,-71.461821
6378025.411313,202.122088,-71.478479
6378025.428582,202.184668,-71.495020
6378025.445874,202.247287,-71.511445
6378025.463191,202.309943,-71.527752
6378025.480530,202.372637,-71.543941
6378025.497893,202.435369,-71.560013
6378025.515279,202.498139,-71.575967
6378025.532687,202.560946,-71.591803
6378025.550118,202.623791,-71.607520
6378025.567570,202.686673,-71.623119
6378025.585045,202.749592,-71.638599
6378025.602541,202.812549,-71.653959
6378025.620058,202.875542,-71.669201
6378025.637596,202.938572,-71.684323
6378025.655155,203.001639,-71.699325
6378025.672735,203.064742,-71.714207
6378025.690335,203.127882,-71.728969
6378025.707955,203.191058,-71.743610
6378025.725595,203.254270,-71.758131
6378025.743254,203.317518,-71.772532
6378025.760933,203.380803,-71.786811
6378025.778630,203.444123,-71.800968
6378025.796347,203.507478,-71.815005
6378025.814082,203.570870,-71.828919
6378025.831835,203.634296,-71.842712
6378025.849606,203.697758,-71.856383
6378025.867395,203.761255,-71.869931
6378025.885201,203.824787,-71.883357
6378025.903025,203.888354,-71.896660
6378025.920866,203.951955,-71.909841
6378025.938724,204.015591,-71.922898
6378025.956598,204.079262,-71.935832
6378025.974488,204.142967,-71.948642
6378025.992394,204.206705,-71.961328
6378026.010316,204.270478,-71.973891
6378026.028254,204.334285,-71.986330
6378026.046207,204.398125,-71.998644
6378026.064175,204.461999,-72.010833
6378026.082157,204.525906,-72.022898
6378026.100155,204.589847,-72.034838
6378026.118166,204.653820,-72.046653
6378026.136192,204.717827,-72.058343
6378026.154231,204.781866,-72.069907
6378026.172284,204.845938,-72.081346
6378026.190350,204.910042,-72.092659
6378026.208430,204.974178,-72.103845
6378026.226522,205.038347,-72.114906
6378026.244626,205.102548,-72.125840
6378026.262743,205.166780,-72.136647
6378026.280873,205.231044,-72.147328
6378026.299014,205.295340,-72.157881
6378026.317166,205.359667,-72.168308
6378026.335330,205.424025,-72.178607
6378026.353505,205.488414,-72.188779
6378026.371691,205.552834,-72.198823
6378026.389888,205.617285,-72.208739
6378026.408095,205.681766,-72.218527
6378026.426312,205.746277,-72.228187
6378026.444539,205.810819,-72.237718
6378026.462776,205.875390,-72.247121
6378026.481022,205.939992,-72.256395
6378026.499278,206.004623,-72.265541
6378026.517542,206.069283,-72.274557
6378026.535816,206.133973,-72.283444
6378026.554097,206.198692,-72.292201
6378026.572387,206.263440,-72.300829
6378026.590686,206.328216,-72.309328
6378026.608992,206.393021,-72.317696
6378026.627305,206.457855,-72.325934
6378026.645626,206.522716,-72.334042
6378026.663954,206.587606,-72.342020
6378026.682289,206.652524,-72.349867
6378026.700630,206.717469,-72.357584
6378026.718978,206.782442,-72.365169
6378026.737333,206.847442,-72.372624
6378026.755693,206.912469,-72.379947
6378026.774059,206.977523,-72.387139
6378026.792430,207.042604,-72.394200
6378026.810807,207.107711,-72.401129
6378026.829189,207.172845,-72.407926
6378026.847575,207.238004,-72.414591
6378026.865966,207.303190,-72.421125
6378026.884362,207.368402,-72.427525
6378026.902762,207.433639,-72.433794
6378026.921166,207.498901,-72.439930
6378026.939573,207.564189,-72.445933
6378026.957984,207.629501,-72.451804
6378026.976398,207.694839,-72.457542
6378026.994815,207.760201,-72.463146
6378027.013235,207.825587,-72.468617
6378027.031658,207.890998,-72.473955
6378027.050083,207.956432,-72.479160
6378027.068511,208.021891,-72.484230
6378027.086940,208.087373,-72.489167
6378027.105371,208.152878,-72.493970
6378027.123803,208.218406,-72.498639
6378027.142237,208.283958,-72.503174
6378027.160672,208.349532,-72.507575
6378027.179108,208.415129,-72.511841
6378027.197545,208.480748,-72.515972
6378027.215982,208.546389,-72.519969
6378027.234419,208.612052,-72.523831
6378027.252856,208.677737,-72.527558
6378027.271293,208.743444,-72.531150
6378027.289730,208.809171,-72.534607
6378027.308166,208.874920,-72.537928
6378027.326601,208.940689,-72.541114
6378027.345036,209.006480,-72.544164
6378027.363469,209.072290,-72.547079
6378027.381901,209.138121,-72.549858
6378027.400331,209.203972,-72.552501
6378027.418759,209.269843,-72.555008
6378027.437185,209.335733,-72.557379
6378027.455609,209.401642,-72.559613
6378027.474031,209.467571,-72.561712
6378027.492450,209.533519,-72.563673
6378027.510866,209.599485,-72.565498
6378027.529279,209.665469,-72.567187
6378027.547689,209.731472,-72.568738
6378027.566095,209.797493,-72.570153
6378027.584498,209.863532,-72.571431
6378027.602897,209.929588,-72.572571
6378027.621292,209.995662,-72.573574
6378027.639683,210.061752,-72.574440
6378027.658069,210.127860,-72.575169
6378027.676451,210.193984,-72.575760
6378027.694828,210.260124,-72.576213
6378027.713200,210.326281,-72.576529
6378027.731567,210.392454,-72.576706
6378027.749928,210.458642,-72.576746
6378027.768284,210.524846,-72.576648
6378027.786634,210.591065,-72.576412
6378027.804978,210.657299,-72.576037
6378027.823317,210.723548,-72.575525
6378027.841648,210.789812,-72.574873
6378027.859974,210.856090,-72.574084
6378027.878293,210.922382,-72.573156
6378027.896604,210.988687,-72.572089
6378027.914909,211.055007,-72.570883
6378027.933207,211.121339,-72.569539
6378027.951497,211.187685,-72.568055
6378027.969780,211.254044,-72.566433
6378027.988055,211.320415,-72.564672
6378028.006322,211.386799,-72.562771
6378028.024581,211.453194,-72.560732
6378028.042831,211.519602,-72.558553
6378028.061074,211.586022,-72.556234
6378028.079307,211.652453,-72.553776
6378028.097532,211.718895,-72.551179
6378028.115748,211.785348,-72.548442
6378028.133954,211.851811,-72.545566
6378028.152152,211.918285,-72.542549
6378028.170340,211.984770,-72.539393
6378028.188518,212.051264,-72.536097
6378028.206686,212.117768,-72.532661
6378028.224845,212.184281,-72.529085
6378028.242993,212.250804,-72.525369
6378028.261131,212.317335,-72.521513
6378028.279259,212.383876,-72.517516
6378028.297376,212.450424,-72.513380
6378028.315482,212.516981,-72.509103
6378028.333577,212.583546,-72.504685
6378028.351662,212.650119,-72.500128
6378028.369734,212.716699,-72.495429
6378028.387796,212.783286,-72.490590
6378028.405846,212.849880,-72.485611
6378028.423884,212.916481,-72.480491
6378028.441910,212.983088,-72.475230
6378028.459924,213.049701,-72.469828
6378028.477926,213.116321,-72.464286
6378028.495916,213.182946,-72.458603
6378028.513893,213.249576,-72.452778
6378028.531858,213.316211,-72.446813
6378028.549809,213.382852,-72.440707
6378028.567748,213.449497,-72.434460
6378028.585674,213.516146,-72.428072
6378028.603586,213.582800,-72.421542
6378028.621485,213.649457,-72.414871
6378028.639371,213.716118,-72.408060
6378028.657243,213.782782,-72.401106
6378028.675101,213.849449,-72.394012
6378028.692945,213.916119,-72.386776
6378028.710775,213.982792,-72.379399
6378028.728591,214.049466,-72.371881
6378028.746393,214.116143,-72.364221
6378028.764180,214.182822,-72.356419
6378028.781952,214.249502,-72.348476
6378028.799710,214.316183,-72.340392
6378028.817453,214.382865,-72.332166
6378028.835181,214.449548,-72.323798
6378028.852893,214.516231,-72.315289
6378028.870591,214.582915,-72.306638
6378028.888273,214.649598,-72.297846
6378028.905939,214.716281,-72.288912
6378028.923590,214.782963,-72.279836
6378028.941225,214.849645,-72.270618
6378028.958844,214.916325,-72.261259
6378028.976447,214.983003,-72.251757
6378028.994034,215.049680,-72.242115
6378029.011605,215.116355,-72.232330
6378029.029159,215.183028,-72.222403
6378029.046696,215.249698,-72.212335
6378029.064218,215.316365,-72.202125
6378029.081722,215.383030,-72.191773
6378029.099209,215.449691,-72.181279
6378029.116680,215.516348,-72.170643
6378029.134133,215.583001,-72.159865
6378029.151570,215.649651,-72.148945
6378029.168989,215.716295,-72.137884
6378029.186390,215.782935,-72.126680
6378029.203774,215.849571,-72.115335
6378029.221140,215.916200,-72.103848
6378029.238489,215.982825,-72.092219
6378029.255820,216.049443,-72.080448
6378029.273133,216.116056,-72.068535
6378029.290428,216.182662,-72.056480
6378029.307704,216.249261,-72.044283
6378029.324963,216.315854,-72.031944
6378029.342203,216.382439,-72.019463
6378029.359424,216.449017,-72.006841
6378029.376627,216.515587,-71.994076
6378029.393812,216.582149,-71.981170
6378029.410977,216.648703,-71.968122
6378029.428124,216.715249,-71.954932
6378029.445252,216.781785,-71.941600
6378029.462361,216.848313,-71.928126
6378029.479451,216.914831,-71.914510
6378029.496521,216.981339,-71.900753
6378029.513573,217.047837,-71.886854
6378029.530605,217.114326,-71.872813
6378029.547617,217.180803,-71.858630
6378029.564610,217.247270,-71.844305
6378029.581584,217.313726,-71.829839
6378029.598537,217.380171,-71.815231
6378029.615471,217.446604,-71.800482
6378029.632385,217.513025,-71.785590
6378029.649279,217.579434,-71.770557
6378029.666154,217.645831,-71.755383
6378029.683008,217.712214,-71.740067
6378029.699841,217.778585,-71.724609
6378029.716655,217.844943,-71.709010
6378029.733448,217.911287,-71.693269
6378029.750221,217.977617,-71.677387
6378029.766974,218.043933,-71.661363
6378029.783706,218.110235,-71.645198
6378029.800417,218.176522,-71.628892
6378029.817108,218.242794,-71.612444
6378029.833778,218.309051,-71.595855
6378029.850427,218.375292,-71.579125
6378029.867055,218.441518,-71.562253
6378029.883663,218.507727,-71.545241
6378029.900249,218.573920,-71.528087
6378029.916814,218.640097,-71.510792
6378029.933359,218.706257,-71.493356
6378029.949882,218.772399,-71.475779
6378029.966384,218.838524,-71.458061
6378029.982865,218.904631,-71.440202
6378029.999324,218.970721,-71.422203
6378030.015762,219.036792,-71.404062
6378030.032179,219.102844,-71.385781
6378030.048574,219.168878,-71.367359
6378030.064948,219.234892,-71.348796
6378030.081300,219.300887,-71.330093
6378030.097630,219.366863,-71.311249
6378030.113939,219.432818,-71.292264
6378030.130227,219.498753,-71.273139
6378030.146492,219.564668,-71.253874
6378030.162736,219.630562,-71.234468
6378030.178958,219.696434,-71.214922
6378030.195158,219.762286,-71.195236
6378030.211336,219.828115,-71.175410
6378030.227492,219.893923,-71.155443
6378030.243626,219.959709,-71.135337
6378030.259738,220.025472,-71.115090
6378030.275828,220.091212,-71.094704
6378030.291897,220.156930,-71.074178
6378030.307943,220.222624,-71.053512
6378030.323967,220.288294,-71.032706
6378030.339968,220.353941,-71.011761
6378030.355948,220.419563,-70.990676
6378030.371905,220.485162,-70.969451
6378030.387840,220.550735,-70.948088
6378030.403753,220.616283,-70.926584
6378030.419644,220.681806,-70.904942
6378030.435512,220.747304,-70.883160
6378030.451358,220.812776,-70.861239
6378030.467182,220.878222,-70.839179
6378030.482983,220.943641,-70.816981
6378030.498762,221.009034,-70.794643
6378030.514519,221.074400,-70.772166
6378030.530253,221.139738,-70.749551
6378030.545965,221.205050,-70.726797
6378030.561654,221.270333,-70.703905
6378030.577321,221.335589,-70.680874
6378030.592966,221.400816,-70.657704
6378030.608588,221.466014,-70.634396
6378030.624187,221.531184,-70.610951
6378030.639765,221.596325,-70.587366
6378030.655319,221.661436,-70.563644
6378030.670851,221.726518,-70.539784
6378030.686361,221.791570,-70.515786
6378030.701849,221.856591,-70.491651
6378030.717313,221.921583,-70.467377
6378030.732756,221.986543,-70.442967
6378030.748176,222.051472,-70.418418
6378030.763573,222.116371,-70.393732
6378030.778948,222.181237,-70.368909
6378030.794301,222.246072,-70.343949
6378030.809631,222.310875,-70.318852
6378030.824939,222.375645,-70.293617
6378030.840224,222.440383,-70.268246
6378030.855487,222.505087,-70.242738
6378030.870728,222.569759,-70.217093
6378030.885946,222.634397,-70.191312
6378030.901142,222.699002,-70.165394
6378030.916315,222.763572,-70.139340
6378030.931467,222.828108,-70.113150
6378030.946595,222.892610,-70.086823
6378030.961702,222.957077,-70.060361
6378030.976786,223.021509,-70.033762
6378030.991849,223.085906,-70.007028
6378031.006888,223.150267,-69.980158
6378031.021906,223.214592,-69.953152
6378031.036902,223.278881,-69.926011
6378031.051875,223.343134,-69.898735
6378031.066826,223.407350,-69.871323
6378031.081756,223.471529,-69.843776
6378031.096663,223.535671,-69.816094
6378031.111548,223.599776,-69.788277
6378031.126411,223.663843,-69.760326
6378031.141252,223.727872,-69.732240
6378031.156072,223.791863,-69.704019
6378031.170869,223.855815,-69.675664
6378031.185645,223.919729,-69.647175
6378031.200399,223.983604,-69.618551
6378031.215106,224.047573,-69.589776
6378031.229764,224.111637,-69.560856
6378031.244374,224.175798,-69.531797
6378031.258932,224.240056,-69.502603
6378031.273439,224.304415,-69.473281
6378031.287892,224.368874,-69.443835
6378031.302290,224.433437,-69.414272
6378031.316633,224.498104,-69.384595
6378031.330920,224.562876,-69.354810
6378031.345149,224.627756,-69.324920
6378031.359320,224.692745,-69.294932
6378031.373432,224.757844,-69.264847
6378031.387486,224.823056,-69.234672
6378031.401481,224.888380,-69.204410
6378031.415416,224.953819,-69.174064
6378031.429293,225.019374,-69.143639
6378031.443109,225.085046,-69.113137
6378031.456866,225.150836,-69.082561
6378031.470564,225.216746,-69.051914
6378031.484201,225.282774,-69.021198
6378031.497779,225.348924,-68.990415
6378031.511297,225.415195,-68.959568
6378031.524754,225.481588,-68.928657
6378031.538152,225.548103,-68.897685
6378031.551489,225.614741,-68.866652
6378031.564756,225.681485,-68.835554
6378031.577923,225.748286,-68.804371
6378031.590990,225.815142,-68.773105
6378031.603956,225.882053,-68.741755
6378031.616820,225.949018,-68.710322
6378031.629583,226.016035,-68.678807
6378031.642243,226.083104,-68.647210
6378031.654800,226.150224,-68.615531
6378031.667254,226.217395,-68.583771
6378031.679605,226.284616,-68.551929
6378031.691852,226.351886,-68.520008
6378031.703996,226.419205,-68.488006
6378031.716035,226.486572,-68.455924
6378031.727970,226.553986,-68.423762
6378031.739801,226.621449,-68.391521
6378031.751528,226.688958,-68.359200
6378031.763151,226.756514,-68.326800
6378031.774669,226.824117,-68.294322
6378031.786083,226.891765,-68.261765
6378031.797392,226.959459,-68.229129
6378031.808598,227.027199,-68.196415
6378031.819699,227.094984,-68.163623
6378031.830695,227.162814,-68.130753
6378031.841588,227.230689,-68.097805
6378031.852377,227.298609,-68.064779
6378031.863061,227.366572,-68.031676
6378031.873642,227.434580,-67.998496
6378031.884119,227.502632,-67.965238
6378031.894492,227.570728,-67.931903
6378031.904762,227.638868,-67.898491
6378031.914928,227.707051,-67.865002
6378031.924991,227.775278,-67.831436
6378031.934950,227.843547,-67.797794
6378031.944807,227.911860,-67.764075
6378031.954560,227.980216,-67.730280
6378031.964210,228.048615,-67.696408
6378031.973758,228.117056,-67.662461
6378031.983203,228.185540,-67.628437
6378031.992545,228.254066,-67.594337
6378032.001785,228.322635,-67.560161
6378032.010922,228.391246,-67.525909
6378032.019958,228.459899,-67.491582
6378032.028891,228.528594,-67.457179
6378032.037723,228.597331,-67.422700
6378032.046453,228.666110,-67.388146
6378032.055081,228.734931,-67.353516
6378032.063608,228.803793,-67.318812
6378032.072034,228.872696,-67.284032
6378032.080358,228.941642,-67.249177
6378032.088581,229.010628,-67.214247
6378032.096703,229.079656,-67.179242
6378032.104725,229.148725,-67.144162
6378032.112645,229.217835,-67.109007
6378032.120466,229.286986,-67.073778
6378032.128185,229.356177,-67.038474
6378032.135805,229.425410,-67.003096
6378032.143324,229.494683,-66.967643
6378032.150744,229.563997,-66.932116
6378032.158064,229.633352,-66.896514
6378032.165283,229.702747,-66.860839
6378032.172404,229.772183,-66.825089
6378032.179424,229.841658,-66.789265
6378032.186346,229.911175,-66.753367
6378032.193168,229.980731,-66.717396
6378032.199891,230.050327,-66.681350
6378032.206515,230.119964,-66.645231
6378032.213041,230.189640,-66.609038
6378032.219467,230.259356,-66.572772
6378032.225795,230.329113,-66.536432
6378032.232025,230.398908,-66.500019
6378032.238156,230.468744,-66.463533
6378032.244190,230.538619,-66.426973
6378032.250125,230.608534,-66.390340
6378032.255962,230.678488,-66.353634
6378032.261701,230.748482,-66.316855
6378032.267343,230.818515,-66.280003
6378032.272887,230.888588,-66.243078
6378032.278334,230.958699,-66.206080
6378032.283683,231.028850,-66.169009
6378032.288935,231.099040,-66.131866
6378032.294090,231.169269,-66.094650
6378032.299149,231.239537,-66.057362
6378032.304110,231.309844,-66.020001
6378032.308974,231.380190,-65.982568
6378032.313742,231.450574,-65.945063
6378032.318414,231.520998,-65.907485
6378032.322989,231.591460,-65.869835
6378032.327468,231.661960,-65.832113
6378032.331851,231.732500,-65.794320
6378032.336137,231.803078,-65.756454
6378032.340328,231.873694,-65.718516
6378032.344423,231.944349,-65.680506
6378032.348423,232.015042,-65.642425
6378032.352327,232.085774,-65.604272
6378032.356135,232.156544,-65.566048
6378032.359848,232.227352,-65.527751
6378032.363466,232.298199,-65.489384
6378032.366989,232.369083,-65.450945
6378032.370416,232.440006,-65.412435
6378032.373749,232.510967,-65.373853
6378032.376987,232.581965,-65.335200
6378032.380131,232.653002,-65.296477
6378032.383180,232.724077,-65.257682
6378032.386134,232.795189,-65.218816
6378032.388994,232.866339,-65.179879
6378032.391760,232.937528,-65.140871
6378032.394432,233.008753,-65.101793
6378032.397009,233.080017,-65.062644
6378032.399493,233.151318,-65.023424
6378032.401883,233.222657,-64.984133
6378032.404179,233.294034,-64.944773
6378032.406382,233.365448,-64.905341
6378032.408491,233.436899,-64.865839
6378032.410507,233.508388,-64.826267
6378032.412429,233.579915,-64.786625
6378032.414258,233.651478,-64.746912
6378032.415994,233.723080,-64.707130
6378032.417638,233.794718,-64.667277
6378032.419188,233.866394,-64.627354
6378032.420645,233.938107,-64.587361
6378032.422010,234.009857,-64.547299
6378032.423282,234.081645,-64.507166
6378032.424462,234.153469,-64.466964
6378032.425549,234.225331,-64.426692
6378032.426544,234.297230,-64.386350
6378032.427447,234.369166,-64.345939
6378032.428257,234.441138,-64.305459
6378032.428976,234.513148,-64.264909
6378032.429602,234.585195,-64.224289
6378032.430137,234.657279,-64.183601
6378032.430580,234.729399,-64.142843
6378032.430932,234.801557,-64.102015
6378032.431192,234.873751,-64.061119
6378032.431360,234.945982,-64.020154
6378032.431437,235.018250,-63.979119
6378032.431423,235.090555,-63.938016
6378032.431317,235.162896,-63.896843
6378032.431121,235.235274,-63.855602
6378032.430833,235.307689,-63.814292
6378032.430455,235.380140,-63.772914
6378032.429986,235.452628,-63.731466
6378032.429426,235.525153,-63.689951
6378032.428775,235.597714,-63.648366
6378032.428034,235.670312,-63.606713
6378032.427202,235.742946,-63.564992
6378032.426280,235.815617,-63.523202
6378032.425268,235.888324,-63.481344
6378032.424165,235.961068,-63.439418
6378032.422973,236.033848,-63.397423
6378032.421690,236.106665,-63.355361
6378032.420317,236.179518,-63.313230
6378032.418855,236.252407,-63.271031
6378032.417302,236.325333,-63.228765
6378032.415660,236.398295,-63.186430
6378032.413929,236.471293,-63.144028
6378032.412107,236.544327,-63.101558
6378032.410197,236.617398,-63.059020
6378032.408197,236.690505,-63.016414
6378032.406107,236.763649,-62.973741
6378032.403929,236.836828,-62.931000
6378032.401661,236.910044,-62.888191
6378032.399304,236.983296,-62.845316
6378032.396858,237.056584,-62.802372
6378032.394324,237.129908,-62.759362
6378032.391700,237.203269,-62.716284
6378032.389023,237.276643,-62.673161
6378032.386330,237.350004,-62.630018
6378032.383622,237.423354,-62.586855
6378032.380900,237.496691,-62.543672
6378032.378162,237.570016,-62.500470
6378032.375411,237.643329,-62.457248
6378032.372644,237.716630,-62.414007
6378032.369863,237.789919,-62.370746
6378032.367068,237.863196,-62.327466
6378032.364259,237.936461,-62.284168
6378032.361435,238.009715,-62.240850
6378032.358597,238.082957,-62.197513
6378032.355745,238.156187,-62.154157
6378032.352880,238.229405,-62.110783
6378032.350000,238.302612,-62.067390
6378032.347106,238.375808,-62.023979
6378032.344199,238.448992,-61.980550
6378032.341278,238.522164,-61.937102
6378032.338344,238.595326,-61.893636
6378032.335396,238.668476,-61.850151
6378032.332435,238.741615,-61.806649
6378032.329460,238.814742,-61.763129
6378032.326472,238.887859,-61.719591
6378032.323471,238.960964,-61.676036
6378032.320457,239.034059,-61.632463
6378032.317430,239.107142,-61.588872
6378032.314390,239.180215,-61.545265
6378032.311337,239.253276,-61.501639
6378032.308272,239.326327,-61.457997
6378032.305194,239.399367,-61.414337
6378032.302103,239.472397,-61.370661
6378032.298999,239.545416,-61.326968
6378032.295883,239.618424,-61.283257
6378032.292755,239.691422,-61.239530
6378032.289614,239.764409,-61.195787
6378032.286461,239.837385,-61.152027
6378032.283296,239.910352,-61.108250
6378032.280119,239.983308,-61.064457
6378032.276929,240.056253,-61.020648
6378032.273728,240.129189,-60.976823
6378032.270515,240.202114,-60.932981
6378032.267290,240.275029,-60.889124
6378032.264053,240.347934,-60.845250
6378032.260804,240.420829,-60.801361
6378032.257544,240.493714,-60.757456
6378032.254272,240.566589,-60.713535
6378032.250989,240.639454,-60.669599
6378032.247694,240.712309,-60.625647
6378032.244388,240.785155,-60.581680
6378032.241071,240.857990,-60.537698
6378032.237742,240.930816,-60.493700
6378032.234403,241.003633,-60.449687
6378032.231052,241.076439,-60.405660
6378032.227690,241.149236,-60.361617
6378032.224317,241.222024,-60.317559
6378032.220933,241.294802,-60.273486
6378032.217539,241.367571,-60.229399
6378032.214133,241.440330,-60.185297
6378032.210717,241.513080,-60.141181
6378032.207290,241.585821,-60.097050
6378032.203853,241.658552,-60.052904
6378032.200405,241.731274,-60.008744
6378032.196946,241.803987,-59.964570
6378032.193478,241.876691,-59.920382
6378032.189998,241.949386,-59.876180
6378032.186509,242.022072,-59.831964
6378032.183009,242.094749,-59.787733
6378032.179499,242.167416,-59.743489
6378032.175979,242.240075,-59.699231
6378032.172449,242.312726,-59.654959
6378032.168909,242.385367,-59.610674
6378032.165359,242.458000,-59.566375
6378032.161799,242.530623,-59.522063
6378032.158229,242.603239,-59.477737
6378032.154650,242.675845,-59.433398
6378032.151060,242.748443,-59.389045
6378032.147461,242.821033,-59.344680
6378032.143853,242.893614,-59.300301
6378032.140235,242.966186,-59.255909
6378032.136607,243.038750,-59.211504
6378032.132970,243.111306,-59.167086
6378032.129324,243.183853,-59.122656
6378032.125668,243.256392,-59.078212
6378032.122003,243.328923,-59.033756
6378032.118328,243.401445,-58.989287
6378032.114645,243.473960,-58.944806
6378032.110952,243.546466,-58.900312
6378032.107251,243.618964,-58.855806
6378032.103540,243.691454,-58.811287
6378032.099820,243.763936,-58.766756
6378032.096092,243.836410,-58.722213
6378032.092354,243.908876,-58.677658
6378032.088608,243.981335,-58.633090
6378032.084853,244.053785,-58.588511
6378032.081089,244.126228,-58.543919
6378032.077317,244.198662,-58.499316
6378032.073536,244.271089,-58.454701
6378032.069746,244.343509,-58.410074
6378032.065948,244.415920,-58.365435
6378032.062141,244.488324,-58.320785
6378032.058326,244.560721,-58.276123
6378032.054503,244.633110,-58.231449
6378032.050671,244.705491,-58.186764
6378032.046831,244.777865,-58.142068
6378032.042983,244.850232,-58.097360
6378032.039127,244.922591,-58.052641
6378032.035262,244.994942,-58.007911
6378032.031389,245.067287,-57.963170
6378032.027509,245.139624,-57.918418
6378032.023620,245.211954,-57.873654
6378032.019723,245.284276,-57.828880
6378032.015819,245.356592,-57.784095
6378032.011906,245.428900,-57.739298
6378032.007986,245.501201,-57.694492
6378032.004058,245.573495,-57.649674
6378032.000122,245.645782,-57.604845
6378031.996179,245.718063,-57.560007
6378031.992228,245.790336,-57.515157
6378031.988269,245.862602,-57.470297
6378031.984303,245.934861,-57.425427
6378031.980329,246.007113,-57.380546
6378031.976348,246.079359,-57.335654
6378031.972359,246.151598,-57.290753
6378031.968363,246.223830,-57.245841
6378031.964360,246.296055,-57.200919
6378031.960349,246.368274,-57.155987
6378031.956331,246.440485,-57.111045
6378031.952306,246.512691,-57.066093
6378031.948273,246.584889,-57.021131
6378031.944234,246.657082,-56.976159
6378031.940187,246.729267,-56.931178
6378031.936133,246.801446,-56.886186
6378031.932073,246.873619,-56.841185
6378031.928005,246.945785,-56.796174
6378031.923930,247.017945,-56.751153
6378031.919849,247.090098,-56.706123
6378031.915760,247.162245,-56.661084
6378031.911665,247.234386,-56.616034
6378031.907563,247.306521,-56.570976
6378031.903454,247.378649,-56.525908
6378031.899338,247.450771,-56.480831
6378031.895216,247.522887,-56.435744
6378031.891087,247.594997,-56.390648
6378031.886952,247.667100,-56.345543
6378031.882810,247.739198,-56.300429
6378031.878661,247.811289,-56.255306
6378031.874506,247.883375,-56.210174
6378031.870345,247.955454,-56.165033
6378031.866177,248.027528,-56.119883
6378031.862003,248.099595,-56.074724
6378031.857822,248.171657,-56.029556
6378031.853635,248.243713,-55.984380
6378031.849442,248.315763,-55.939194
6378031.845242,248.387807,-55.894000
6378031.841037,248.459845,-55.848798
6378031.836825,248.531878,-55.803587
6378031.832607,248.603905,-55.758367
6378031.828383,248.675926,-55.713139
6378031.824153,248.747942,-55.667902
6378031.819917,248.819951,-55.622657
6378031.815674,248.891956,-55.577403
6378031.811426,248.963954,-55.532141
6378031.807172,249.035947,-55.486871
6378031.802912,249.107935,-55.441593
6378031.798646,249.179917,-55.396306
6378031.794375,249.251894,-55.351012
6378031.790097,249.323865,-55.305709
6378031.785814,249.395831,-55.260398
6378031.781525,249.467791,-55.215079
6378031.777230,249.539746,-55.169752
6378031.772930,249.611696,-55.124418
6378031.768624,249.683640,-55.079075
6378031.764312,249.755579,-55.033725
6378031.759995,249.827513,-54.988366
6378031.755672,249.899442,-54.943000
6378031.751344,249.971365,-54.897627
6378031.747010,250.043284,-54.852245
6378031.742671,250.115197,-54.806856
6378031.738326,250.187105,-54.761460
6378031.733976,250.259008,-54.716055
6378031.729621,250.330906,-54.670644
6378031.725260,250.402798,-54.625225
6378031.720894,250.474686,-54.579798
6378031.716523,250.546569,-54.534364
6378031.712146,250.618447,-54.488923
6378031.707765,250.690320,-54.443474
6378031.703378,250.762188,-54.398018
6378031.698985,250.834051,-54.352555
6378031.694588,250.905909,-54.307085
6378031.690186,250.977762,-54.261607
6378031.685778,251.049611,-54.216122
6378031.681366,251.121454,-54.170631
6378031.676948,251.193293,-54.125132
6378031.672526,251.265128,-54.079626
6378031.668098,251.336957,-54.034114
6378031.663666,251.408782,-53.988594
6378031.659228,251.480602,-53.943067
6378031.654786,251.552418,-53.897534
6378031.650339,251.624229,-53.851994
6378031.645887,251.696035,-53.806447
6378031.641431,251.767837,-53.760893
6378031.636969,251.839634,-53.715333
6378031.632503,251.911426,-53.669766
6378031.628032,251.983215,-53.624192
6378031.623556,252.054998,-53.578611
6378031.619076,252.126777,-53.533025
6378031.614591,252.198552,-53.487431
6378031.610101,252.270322,-53.441831
6378031.605607,252.342088,-53.396225
6378031.601108,252.413850,-53.350612
6378031.596605,252.485607,-53.304993
6378031.592097,252.557360,-53.259367
6378031.587585,252.629109,-53.213735
6378031.583068,252.700853,-53.168097
6378031.578547,252.772593,-53.122453
6378031.574021,252.844329,-53.076802
6378031.569491,252.916060,-53.031145
6378031.564957,252.987788,-52.985482
6378031.560418,253.059511,-52.939813
6378031.555875,253.131230,-52.894138
6378031.551328,253.202945,-52.848456
6378031.546776,253.274656,-52.802769
6378031.542220,253.346363,-52.757076
6378031.537660,253.418065,-52.711377
6378031.533096,253.489764,-52.665671
6378031.528527,253.561459,-52.619960
6378031.523955,253.633149,-52.574243
6378031.519378,253.704836,-52.528521
6378031.514797,253.776518,-52.482792
6378031.510212,253.848197,-52.437058
6378031.505623,253.919872,-52.391318
6378031.501030,253.991543,-52.345572
6378031.496432,254.063210,-52.299820
6378031.491831,254.134873,-52.254063
6378031.487226,254.206532,-52.208300
6378031.482617,254.278188,-52.162532
6378031.478004,254.349839,-52.116758
6378031.473387,254.421487,-52.070979
6378031.468766,254.493131,-52.025194
6378031.464141,254.564772,-51.979403
6378031.459513,254.636408,-51.933608
6378031.454880,254.708041,-51.887806
6378031.450244,254.779670,-51.842000
6378031.445604,254.851296,-51.796188
6378031.440960,254.922918,-51.750370
6378031.436313,254.994536,-51.704548
6378031.431662,255.066151,-51.658720
6378031.427007,255.137762,-51.612887
6378031.422348,255.209369,-51.567048
6378031.417686,255.280973,-51.521205
6378031.413020,255.352574,-51.475356
6378031.408350,255.424171,-51.429502
6378031.403677,255.495764,-51.383643
6378031.399000,255.567354,-51.337779
6378031.394320,255.638940,-51.291910
6378031.389636,255.710523,-51.246036
6378031.384949,255.782103,-51.200157
6378031.380258,255.853679,-51.154273
6378031.375563,255.925252,-51.108384
6378031.370865,255.996821,-51.062490
6378031.366164,256.068387,-51.016592
6378031.361459,256.139950,-50.970688
6378031.356751,256.211509,-50.924779
6378031.352040,256.283065,-50.878866
6378031.347325,256.354618,-50.832948
6378031.342606,256.426167,-50.787025
6378031.337885,256.497713,-50.741098
6378031.333160,256.569256,-50.695165
6378031.328431,256.640796,-50.649228
6378031.323700,256.712332,-50.603287
6378031.318965,256.783866,-50.557341
6378031.314227,256.855396,-50.511390
6378031.309486,256.926923,-50.465434
6378031.304741,256.998447,-50.419474
6378031.299993,257.069967,-50.373510
6378031.295242,257.141485,-50.327541
6378031.290488,257.212999,-50.281567
6378031.285731,257.284511,-50.235589
6378031.280971,257.356019,-50.189606
6378031.276207,257.427524,-50.143620
6378031.271441,257.499027,-50.097628
6378031.266671,257.570526,-50.051633
6378031.261898,257.642022,-50.005633
6378031.257123,257.713515,-49.959628
6378031.252344,257.785006,-49.913620
6378031.247562,257.856493,-49.867607
6378031.242777,257.927977,-49.821590
6378031.237990,257.999459,-49.775568
6378031.233199,258.070937,-49.729543
6378031.228405,258.142413,-49.683513
6378031.223609,258.213886,-49.637479
6378031.218809,258.285356,-49.591441
6378031.214007,258.356823,-49.545399
6378031.209201,258.428287,-49.499352
6378031.204393,258.499749,-49.453302
6378031.199582,258.571207,-49.407248
6378031.194768,258.642663,-49.361189
6378031.189952,258.714116,-49.315127
6378031.185132,258.785566,-49.269060
6378031.180310,258.857014,-49.222990
6378031.175485,258.928459,-49.176915
6378031.170657,258.999901,-49.130837
6378031.165827,259.071340,-49.084755
6378031.160993,259.142777,-49.038669
6378031.156157,259.214211,-48.992579
6378031.151319,259.285642,-48.946485
6378031.146477,259.357071,-48.900387
6378031.141633,259.428497,-48.854286
6378031.136787,259.499920,-48.808180
6378031.131937,259.571341,-48.762071
6378031.127085,259.642759,-48.715959
6378031.122231,259.714175,-48.669842
6378031.117373,259.785588,-48.623722
6378031.112514,259.856999,-48.577598
6378031.107651,259.928407,-48.531471
6378031.102786,259.999812,-48.485339
6378031.097919,260.071215,-48.439205
6378031.093049,260.142615,-48.393066
6378031.088176,260.214013,-48.346924
6378031.083301,260.285409,-48.300779
6378031.078424,260.356802,-48.254630
6378031.073544,260.428192,-48.208477
6378031.068662,260.499580,-48.162321
6378031.063777,260.570966,-48.116161
6378031.058889,260.642349,-48.069998
6378031.054000,260.713730,-48.023831
6378031.049107,260.785109,-47.977661
6378031.044213,260.856485,-47.931488
6378031.039316,260.927858,-47.885311
6378031.034417,260.999230,-47.839131
6378031.029515,261.070599,-47.792947
6378031.024611,261.141966,-47.746760
6378031.019704,261.213330,-47.700570
6378031.014796,261.284692,-47.654376
6378031.009885,261.356052,-47.608180
6378031.004972,261.427409,-47.561979
6378031.000056,261.498765,-47.515776
6378030.995138,261.570118,-47.469569
6378030.990218,261.641468,-47.423359
6378030.985296,261.712817,-47.377146
6378030.980371,261.784163,-47.330930
6378030.975444,261.855507,-47.284711
6378030.970515,261.926849,-47.238488
6378030.965584,261.998189,-47.192262
6378030.960651,262.069526,-47.146033
6378030.955715,262.140862,-47.099801
6378030.950777,262.212195,-47.053566
6378030.945837,262.283526,-47.007328
6378030.940895,262.354855,-46.961087
6378030.935951,262.426182,-46.914843
6378030.931005,262.497506,-46.868595
6378030.926057,262.568829,-46.822345
6378030.921106,262.640150,-46.776092
6378030.916154,262.711468,-46.729835
6378030.911199,262.782784,-46.683576
6378030.906242,262.854099,-46.637314
6378030.901284,262.925411,-46.591049
6378030.896323,262.996721,-46.544781
6378030.891360,263.068029,-46.498510
6378030.886395,263.139336,-46.452236
6378030.881428,263.210640,-46.405959
6378030.876459,263.281942,-46.359680
6378030.871489,263.353242,-46.313398
6378030.866516,263.424541,-46.267112
6378030.861541,263.495837,-46.220824
6378030.856564,263.567131,-46.174534
6378030.851586,263.638424,-46.128240
6378030.846605,263.709714,-46.081944
6378030.841623,263.781003,-46.035645
6378030.836638,263.852289,-45.989343
6378030.831652,263.923574,-45.943038
6378030.826664,263.994857,-45.896731
6378030.821674,264.066138,-45.850421
6378030.816682,264.137417,-45.804108
6378030.811688,264.208694,-45.757793
6378030.806692,264.279970,-45.711475
6378030.801695,264.351243,-45.665154
6378030.796695,264.422515,-45.618831
6378030.791694,264.493785,-45.572505
6378030.786691,264.565053,-45.526177
6378030.781686,264.636319,-45.479846
6378030.776680,264.707584,-45.433513
6378030.771671,264.778846,-45.387176
6378030.766661,264.850107,-45.340838
6378030.761649,264.921366,-45.294497
6378030.756636,264.992624,-45.248153
6378030.751620,265.063879,-45.201807
6378030.746603,265.135133,-45.155458
6378030.741585,265.206386,-45.109107
6378030.736564,265.277636,-45.062753
6378030.731542,265.348885,-45.016397
6378030.726518,265.420132,-44.970039
6378030.721492,265.491377,-44.923678
6378030.716465,265.562621,-44.877315
6378030.711436,265.633863,-44.830949
6378030.706405,265.705103,-44.784581
6378030.701373,265.776342,-44.738210
6378030.696339,265.847579,-44.691838
6378030.691303,265.918814,-44.645462
6378030.686266,265.990048,-44.599085
6378030.681227,266.061280,-44.552705
6378030.676187,266.132510,-44.506323
6378030.671145,266.203739,-44.459938
6378030.666101,266.274967,-44.413552
6378030.661056,266.346192,-44.367163
6378030.656009,266.417416,-44.320772
6378030.650960,266.488639,-44.274378
6378030.645911,266.559860,-44.227982
6378030.640859,266.631079,-44.181584
6378030.635806,266.702297,-44.135184
6378030.630751,266.773514,-44.088782
6378030.625695,266.844728,-44.042377
6378030.620638,266.915942,-43.995971
6378030.615579,266.987153,-43.949562
6378030.610518,267.058363,-43.903151
6378030.605456,267.129572,-43.856737
6378030.600392,267.200779,-43.810322
6378030.595327,267.271985,-43.763905
6378030.590261,267.343189,-43.717485
6378030.585193,267.414392,-43.671064
6378030.580123,267.485594,-43.624640
6378030.575052,267.556793,-43.578214
6378030.569980,267.627992,-43.531786
6378030.564906,267.699189,-43.485356
6378030.559831,267.770384,-43.438924
6378030.554754,267.841578,-43.392490
6378030.549676,267.912771,-43.346054
6378030.544597,267.983962,-43.299616
6378030.539516,268.055152,-43.253176
6378030.534434,268.126341,-43.206734
6378030.529350,268.197528,-43.160290
6378030.524266,268.268714,-43.113844
6378030.519179,268.339898,-43.067396
6378030.514092,268.411081,-43.020946
6378030.509003,268.482262,-42.974494
6378030.503912,268.553443,-42.928041
6378030.498821,268.624622,-42.881585
6378030.493728,268.695799,-42.835127
6378030.488633,268.766975,-42.788668
6378030.483538,268.838150,-42.742207
6378030.478441,268.909324,-42.695743
6378030.473342,268.980496,-42.649278
6378030.468243,269.051667,-42.602811
6378030.463142,269.122837,-42.556342
6378030.458040,269.194005,-42.509872
6378030.452937,269.265172,-42.463399
6378030.447832,269.336338,-42.416925
6378030.442726,269.407503,-42.370449
6378030.437619,269.478666,-42.323971
6378030.432510,269.549828,-42.277491
6378030.427401,269.620989,-42.231010
6378030.422290,269.692148,-42.184527
6378030.417178,269.763306,-42.138042
6378030.412065,269.834463,-42.091555
6378030.406950,269.905619,-42.045066
6378030.401834,269.976774,-41.998576
6378030.396717,270.047927,-41.952084
6378030.391599,270.119079,-41.905590
6378030.386480,270.190230,-41.859095
6378030.381359,270.261380,-41.812598
6378030.376238,270.332529,-41.766099
6378030.371115,270.403676,-41.719599
6378030.365991,270.474823,-41.673097
6378030.360866,270.545968,-41.626593
6378030.355740,270.617112,-41.580087
6378030.350612,270.688254,-41.533580
6378030.345483,270.759396,-41.487072
6378030.340354,270.830536,-41.440561
6378030.335223,270.901676,-41.394049
6378030.330091,270.972814,-41.347536
6378030.324958,271.043951,-41.301021
6378030.319824,271.115087,-41.254504
6378030.314689,271.186222,-41.207985
6378030.309552,271.257355,-41.161466
6378030.304415,271.328488,-41.114944
6378030.299276,271.399619,-41.068421
6378030.294137,271.470750,-41.021896
6378030.288996,271.541879,-40.975370
6378030.283854,271.613007,-40.928843
6378030.278711,271.684135,-40.882313
6378030.273567,271.755261,-40.835783
6378030.268423,271.826386,-40.789250
6378030.263277,271.897510,-40.742717
6378030.258130,271.968633,-40.696181
6378030.252982,272.039755,-40.649645
6378030.247832,272.110875,-40.603106
6378030.242682,272.181995,-40.556567
6378030.237531,272.253114,-40.510026
6378030.232379,272.324232,-40.463483
6378030.227226,272.395348,-40.416939
6378030.222072,272.466464,-40.370393
6378030.216917,272.537579,-40.323847
6378030.211761,272.608692,-40.277298
6378030.206604,272.679805,-40.230748
6378030.201446,272.750917,-40.184197
6378030.196287,272.822028,-40.137645
6378030.191127,272.893137,-40.091091
6378030.185966,272.964246,-40.044535
6378030.180804,273.035354,-39.997979
6378030.175641,273.106461,-39.951420
6378030.170477,273.177566,-39.904861
6378030.165312,273.248671,-39.858300
6378030.160146,273.319775,-39.811738
6378030.154980,273.390878,-39.765174
6378030.149812,273.461980,-39.718610
6378030.144644,273.533081,-39.672043
6378030.139474,273.604181,-39.625476
6378030.134304,273.675281,-39.578907
6378030.129133,273.746379,-39.532337
6378030.123961,273.817476,-39.485765
6378030.118788,273.888573,-39.439193
6378030.113614,273.959668,-39.392618
6378030.108439,274.030763,-39.346043
6378030.103263,274.101857,-39.299467
6378030.098087,274.172950,-39.252889
6378030.092909,274.244042,-39.206310
6378030.087731,274.315133,-39.159729
6378030.082552,274.386223,-39.113147
6378030.077371,274.457312,-39.066565
6378030.072191,274.528401,-39.019980
6378030.067009,274.599488,-38.973395
6378030.061826,274.670575,-38.926809
6378030.056643,274.741661,-38.880221
6378030.051458,274.812746,-38.833632
6378030.046273,274.883830,-38.787042
6378030.041087,274.954913,-38.740450
6378030.035901,275.025996,-38.693858
6378030.030713,275.097077,-38.647264
6378030.025524,275.168158,-38.600669
6378030.020335,275.239238,-38.554073
6378030.015145,275.310317,-38.507475
6378030.009954,275.381396,-38.460877
6378030.004763,275.452473,-38.414277
6378029.999570,275.523550,-38.367677
6378029.994377,275.594626,-38.321075
6378029.989183,275.665701,-38.274472
6378029.983988,275.736775,-38.227867
6378029.978792,275.807849,-38.181262
6378029.973596,275.878921,-38.134656
6378029.968399,275.949993,-38.088048
6378029.963201,276.021064,-38.041440
6378029.958002,276.092135,-37.994830
6378029.952803,276.163204,-37.948219
6378029.947603,276.234273,-37.901607
6378029.942402,276.305341,-37.854994
6378029.937200,276.376409,-37.808380
6378029.931998,276.447475,-37.761765
6378029.926795,276.518541,-37.715149
6378029.921591,276.589606,-37.668531
6378029.916386,276.660670,-37.621913
6378029.911181,276.731734,-37.575294
6378029.905975,276.802797,-37.528673
6378029.900768,276.873859,-37.482052
6378029.895560,276.944920,-37.435429
6378029.890352,277.015981,-37.388806
6378029.885143,277.087041,-37.342181
6378029.879934,277.158100,-37.295556
6378029.874723,277.229158,-37.248929
6378029.869512,277.300216,-37.202302
6378029.864300,277.371273,-37.155673
6378029.859088,277.442329,-37.109043
6378029.853875,277.513385,-37.062413
6378029.848661,277.584440,-37.015781
6378029.843447,277.655494,-36.969149
6378029.838232,277.726548,-36.922515
6378029.833016,277.797601,-36.875881
6378029.827799,277.868653,-36.829245
6378029.822582,277.939705,-36.782609
6378029.817364,278.010755,-36.735972
6378029.812146,278.081806,-36.689333
6378029.806927,278.152855,-36.642694
6378029.801707,278.223904,-36.596054
6378029.796487,278.294952,-36.549413
6378029.791265,278.366000,-36.502771
6378029.786044,278.437047,-36.456128
6378029.780821,278.508093,-36.409484
6378029.775598,278.579138,-36.362839
6378029.770375,278.650183,-36.316194
6378029.765151,278.721228,-36.269547
6378029.759926,278.792271,-36.222899
6378029.754700,278.863314,-36.176251
6378029.749474,278.934357,-36.129602
6378029.744248,279.005398,-36.082952
6378029.739020,279.076440,-36.036300
6378029.733792,279.147480,-35.989649
6378029.728564,279.218520,-35.942996
6378029.723335,279.289559,-35.896342
6378029.718105,279.360598,-35.849687
6378029.712875,279.431636,-35.803032
6378029.707644,279.502673,-35.756376
6378029.702412,279.573710,-35.709719
6378029.697180,279.644747,-35.663061
6378029.691948,279.715782,-35.616402
6378029.686714,279.786817,-35.569742
6378029.681481,279.857852,-35.523082
6378029.676246,279.928886,-35.476421
6378029.671011,279.999919,-35.429758
6378029.665776,280.070952,-35.383096
6378029.660540,280.141984,-35.336432
6378029.655303,280.213016,-35.289767
6378029.650066,280.284047,-35.243102
6378029.644828,280.355077,-35.196436
6378029.639590,280.426107,-35.149769
6378029.634351,280.497136,-35.103101
6378029.629112,280.568165,-35.056432
6378029.623872,280.639193,-35.009763
6378029.618631,280.710221,-34.963093
6378029.613390,280.781248,-34.916422
6378029.608149,280.852275,-34.869750
6378029.602906,280.923301,-34.823078
6378029.597664,280.994326,-34.776405
6378029.592421,281.065351,-34.729731
6378029.587177,281.136375,-34.683056
6378029.581933,281.207399,-34.636381
6378029.576688,281.278423,-34.589705
6378029.571443,281.349445,-34.543028
6378029.566197,281.420468,-34.496350
6378029.560951,281.491490,-34.449671
6378029.555704,281.562511,-34.402992
6378029.550457,281.633532,-34.356312
6378029.545209,281.704552,-34.309632
6378029.539961,281.775571,-34.262950
6378029.534712,281.846591,-34.216268
6378029.529463,281.917609,-34.169586
6378029.524213,281.988628,-34.122902
6378029.518963,282.059645,-34.076218
6378029.513712,282.130662,-34.029533
6378029.508461,282.201679,-33.982848
6378029.503209,282.272695,-33.936161
6378029.497957,282.343711,-33.889474
6378029.492705,282.414726,-33.842787
6378029.487452,282.485741,-33.796098
6378029.482198,282.556755,-33.749409
6378029.476944,282.627769,-33.702720
6378029.471689,282.698782,-33.656029
6378029.466434,282.769795,-33.609338
6378029.461179,282.840808,-33.562646
6378029.455923,282.911819,-33.515954
6378029.450667,282.982831,-33.469261
6378029.445410,283.053842,-33.422567
6378029.440153,283.124852,-33.375873
6378029.434895,283.195862,-33.329178
6378029.429637,283.266872,-33.282482
6378029.424378,283.337881,-33.235786
6378029.419119,283.408890,-33.189089
6378029.413860,283.479898,-33.142392
6378029.408600,283.550906,-33.095693
6378029.403340,283.621913,-33.048995
6378029.398079,283.692920,-33.002295
6378029.392818,283.763926,-32.955595
6378029.387556,283.834932,-32.908894
6378029.382294,283.905938,-32.862193
6378029.377032,283.976943,-32.815491
6378029.371769,284.047948,-32.768789
6378029.366505,284.118952,-32.722086
6378029.361242,284.189956,-32.675382
6378029.355977,284.260959,-32.628677
6378029.350713,284.331962,-32.581973
6378029.345448,284.402965,-32.535267
6378029.340182,284.473967,-32.488561
6378029.334917,284.544969,-32.441854
6378029.329651,284.615970,-32.395147
6378029.324384,284.686971,-32.348439
6378029.319117,284.757971,-32.301731
6378029.313850,284.828972,-32.255022
6378029.308582,284.899971,-32.208312
6378029.303314,284.970971,-32.161602
6378029.298045,285.041969,-32.114891
6378029.292776,285.112968,-32.068180
6378029.287507,285.183966,-32.021468
6378029.282237,285.254964,-31.974756
6378029.276967,285.325961,-31.928043
6378029.271696,285.396958,-31.881329
6378029.266426,285.467954,-31.834615
6378029.261154,285.538951,-31.787901
6378029.255883,285.609946,-31.741185
6378029.250611,285.680942,-31.694470
6378029.245338,285.751937,-31.647754
6378029.240066,285.822931,-31.601037
6378029.234792,285.893925,-31.554319
6378029.229519,285.964919,-31.507602
6378029.224245,286.035913,-31.460883
6378029.218971,286.106906,-31.414164
6378029.213696,286.177899,-31.367445
6378029.208422,286.248891,-31.320725
6378029.203146,286.319883,-31.274005
6378029.197871,286.390875,-31.227284
6378029.192595,286.461866,-31.180562
6378029.187318,286.532857,-31.133840
6378029.182042,286.603847,-31.087118
6378029.176765,286.674838,-31.040395
6378029.171487,286.745827,-30.993672
6378029.166210,286.816817,-30.946948
6378029.160932,286.887806,-30.900223
6378029.155653,286.958795,-30.853498
6378029.150374,287.029783,-30.806773
6378029.145095,287.100772,-30.760047
6378029.139816,287.171759,-30.713321
6378029.134536,287.242747,-30.666594
6378029.129256,287.313734,-30.619866
6378029.123976,287.384721,-30.573139
6378029.118695,287.455707,-30.526410
6378029.113414,287.526693,-30.479682
6378029.108133,287.597679,-30.432952
6378029.102851,287.668664,-30.386223
6378029.097569,287.739649,-30.339493
6378029.092287,287.810634,-30.292762
6378029.087004,287.881619,-30.246031
6378029.081721,287.952603,-30.199299
6378029.076438,288.023586,-30.152567
6378029.071154,288.094570,-30.105835
6378029.065870,288.165553,-30.059102
6378029.060586,288.236536,-30.012369
6378029.055302,288.307518,-29.965635
6378029.050017,288.378501,-29.918901
6378029.044732,288.449483,-29.872166
6378029.039446,288.520464,-29.825431
6378029.034161,288.591445,-29.778695
6378029.028875,288.662426,-29.731959
6378029.023588,288.733407,-29.685223
6378029.018302,288.804387,-29.638486
6378029.013015,288.875368,-29.591749
6378029.007728,288.946347,-29.545011
6378029.002440,289.017327,-29.498273
6378028.997153,289.088306,-29.451535
6378028.991864,289.159285,-29.404796
6378028.986576,289.230263,-29.358056
6378028.981288,289.301242,-29.311317
6378028.975999,289.372220,-29.264577
6378028.970709,289.443197,-29.217836
6378028.965420,289.514175,-29.171095
6378028.960130,289.585152,-29.124354
6378028.954840,289.656129,-29.077612
6378028.949550,289.727105,-29.030870
6378028.944259,289.798082,-28.984127
6378028.938968,289.869058,-28.937384
6378028.933677,289.940033,-28.890641
6378028.928386,290.011009,-28.843897
6378028.923094,290.081984,-28.797153
6378028.917802,290.152959,-28.750408
6378028.912510,290.223933,-28.703663
6378028.907218,290.294908,-28.656918
6378028.901925,290.365882,-28.610172
6378028.896632,290.436856,-28.563426
6378028.891339,290.507829,-28.516680
6378028.886045,290.578802,-28.469933
6378028.880752,290.649775,-28.423186
6378028.875457,290.720748,-28.376438
6378028.870163,290.791721,-28.329690
6378028.864869,290.862693,-28.282942
6378028.859574,290.933665,-28.236193
6378028.854279,291.004636,-28.189444
6378028.848984,291.075608,-28.142695
6378028.843688,291.146579,-28.095945
6378028.838392,291.217550,-28.049195
6378028.833096,291.288521,-28.002445
6378028.827800,291.359491,-27.955694
6378028.822504,291.430461,-27.908943
6378028.817207,291.501431,-27.862191
6378028.811910,291.572401,-27.815439
6378028.806613,291.643370,-27.768687
6378028.801315,291.714340,-27.721935
6378028.796017,291.785308,-27.675182
6378028.790719,291.856277,-27.628428
6378028.785421,291.927246,-27.581675
6378028.780123,291.998214,-27.534921
6378028.774824,292.069182,-27.488167
6378028.769525,292.140150,-27.441412
6378028.764226,292.211117,-27.394657
6378028.758927,292.282084,-27.347902
6378028.753627,292.353051,-27.301146
6378028.748328,292.424018,-27.254390
6378028.743028,292.494985,-27.207634
6378028.737727,292.565951,-27.160878
6378028.732427,292.636917,-27.114121
6378028.727126,292.707883,-27.067364
6378028.721825,292.778849,-27.020606
6378028.716524,292.849814,-26.973848
6378028.711223,292.920779,-26.927090
6378028.705921,292.991744,-26.880332
6378028.700620,293.062709,-26.833573
6378028.695318,293.133674,-26.786814
6378028.690016,293.204638,-26.740054
6378028.684713,293.275602,-26.693295
6378028.679411,293.346566,-26.646535
6378028.674108,293.417530,-26.599774
6378028.668805,293.488493,-26.553014
6378028.663501,293.559457,-26.506253
6378028.658198,293.630420,-26.459492
6378028.652894,293.701382,-26.412730
6378028.647590,293.772345,-26.365968
6378028.642286,293.843307,-26.319206
6378028.636982,293.914270,-26.272444
6378028.631678,293.985232,-26.225681
6378028.626373,294.056193,-26.178918
6378028.621068,294.127155,-26.132155
6378028.615763,294.198116,-26.085391
6378028.610458,294.269078,-26.038628
6378028.605152,294.340039,-25.991863
6378028.599847,294.410999,-25.945099
6378028.594541,294.481960,-25.898334
6378028.589235,294.552920,-25.851569
6378028.583929,294.623880,-25.804804
6378028.578622,294.694840,-25.758039
6378028.573316,294.765800,-25.711273
6378028.568009,294.836760,-25.664507
6378028.562702,294.907719,-25.617740
6378028.557395,294.978678,-25.570974
6378028.552087,295.049637,-25.524207
6378028.546780,295.120596,-25.477440
6378028.541472,295.191555,-25.430672
6378028.536164,295.262513,-25.383905
6378028.530856,295.333472,-25.337137
6378028.525548,295.404430,-25.290369
6378028.520240,295.475388,-25.243600
6378028.514931,295.546345,-25.196831
6378028.509622,295.617303,-25.150062
6378028.504313,295.688260,-25.103293
6378028.499004,295.759217,-25.056524
6378028.493695,295.830174,-25.009754
6378028.488385,295.901131,-24.962984
6378028.483076,295.972088,-24.916214
6378028.477766,296.043044,-24.869443
6378028.472456,296.114000,-24.822673
6378028.467145,296.184957,-24.775902
6378028.461835,296.255912,-24.729130
6378028.456525,296.326868,-24.682359
6378028.451214,296.397824,-24.635587
6378028.445903,296.468779,-24.588815
6378028.440592,296.539734,-24.542043
6378028.435281,296.610689,-24.495270
6378028.429969,296.681644,-24.448498
6378028.424658,296.752599,-24.401725
6378028.419346,296.823554,-24.354952
6378028.414034,296.894508,-24.308178
6378028.408722,296.965462,-24.261405
6378028.403410,297.036416,-24.214631
6378028.398098,297.107370,-24.167857
6378028.392785,297.178324,-24.121082
6378028.387473,297.249277,-24.074308
6378028.382160,297.320231,-24.027533
6378028.376847,297.391184,-23.980758
6378028.371534,297.462137,-23.933983
6378028.366221,297.533090,-23.887207
6378028.360907,297.604043,-23.840432
6378028.355594,297.674995,-23.793656
6378028.350280,297.745948,-23.746880
6378028.344966,297.816900,-23.700103
6378028.339652,297.887852,-23.653327
6378028.334338,297.958804,-23.606550
6378028.329023,298.029756,-23.559773
6378028.323709,298.100708,-23.512996
6378028.318394,298.171659,-23.466218
6378028.313080,298.242611,-23.419441
6378028.307765,298.313562,-23.372663
6378028.302450,298.384513,-23.325885
6378028.297134,298.455464,-23.279107
6378028.291819,298.526415,-23.232328
6378028.286504,298.597365,-23.185550
6378028.281188,298.668316,-23.138771
6378028.275872,298.739266,-23.091992
6378028.270556,298.810216,-23.045212
6378028.265240,298.881166,-22.998433
6378028.259924,298.952116,-22.951653
6378028.254608,299.023066,-22.904873
6378028.249291,299.094016,-22.858093
6378028.243975,299.164965,-22.811313
6378028.238658,299.235914,-22.764532
6378028.233341,299.306864,-22.717752
6378028.228024,299.377813,-22.670971
6378028.222707,299.448762,-22.624190
6378028.217390,299.519710,-22.577408
6378028.212072,299.590659,-22.530627
6378028.206755,299.661608,-22.483845
6378028.201437,299.732556,-22.437063
6378028.196119,299.803504,-22.390281
6378028.190801,299.874452,-22.343499
6378028.185483,299.945400,-22.296717
6378028.180165,300.016348,-22.249934
6378028.174847,300.087296,-22.203151
6378028.169528,300.158243,-22.156369
6378028.164210,300.229191,-22.109585
6378028.158891,300.300138,-22.062802
6378028.153572,300.371085,-22.016019
6378028.148253,300.442032,-21.969235
6378028.142934,300.512979,-21.922451
6378028.137615,300.583926,-21.875667
6378028.132296,300.654873,-21.828883
6378028.126976,300.725819,-21.782098
6378028.121657,300.796766,-21.735314
6378028.116337,300.867712,-21.688529
6378028.111017,300.938658,-21.641744
6378028.105697,301.009604,-21.594959
6378028.100377,301.080550,-21.548174
6378028.095057,301.151496,-21.501388
6378028.089737,301.222442,-21.454603
6378028.084416,301.293387,-21.407817
6378028.079096,301.364333,-21.361031
6378028.073775,301.435278,-21.314245
6378028.068454,301.506223,-21.267459
6378028.063134,301.577169,-21.220672
6378028.057813,301.648114,-21.173886
6378028.052492,301.719058,-21.127099
6378028.047170,301.790003,-21.080312
6378028.041849,301.860948,-21.033525
6378028.036528,301.931892,-20.986737
6378028.031206,302.002837,-20.939950
6378028.025884,302.073781,-20.893162
6378028.020563,302.144725,-20.846375
6378028.015241,302.215669,-20.799587
6378028.009919,302.286613,-20.752799
6378028.004597,302.357557,-20.706011
6378027.999275,302.428501,-20.659222
6378027.993952,302.499444,-20.612434
6378027.988630,302.570388,-20.565645
6378027.983308,302.641331,-20.518856
6378027.977985,302.712275,-20.472067
6378027.972662,302.783218,-20.425278
6378027.967339,302.854161,-20.378489
6378027.962016,302.925104,-20.331699
6378027.956693,302.996047,-20.284910
6378027.951370,303.066990,-20.238120
6378027.946047,303.137932,-20.191330
6378027.940724,303.208875,-20.144540
6378027.935400,303.279817,-20.097750
6378027.930077,303.350760,-20.050960
6378027.924753,303.421702,-20.004169
6378027.919430,303.492644,-19.957378
6378027.914106,303.563586,-19.910588
6378027.908782,303.634528,-19.863797
6378027.903458,303.705470,-19.817006
6378027.898134,303.776411,-19.770215
6378027.892809,303.847353,-19.723423
6378027.887485,303.918295,-19.676632
6378027.882161,303.989236,-19.629840
6378027.876836,304.060177,-19.583049
6378027.871512,304.131119,-19.536257
6378027.866187,304.202060,-19.489465
6378027.860862,304.273001,-19.442673
6378027.855537,304.343942,-19.395880
6378027.850212,304.414883,-19.349088
6378027.844887,304.485823,-19.302295
6378027.839562,304.556764,-19.255503
6378027.834237,304.627705,-19.208710
6378027.828912,304.698645,-19.161917
6378027.823586,304.769586,-19.115124
6378027.818261,304.840526,-19.068331
6378027.812935,304.911466,-19.021537
6378027.807609,304.982406,-18.974744
6378027.802284,305.053346,-18.927950
6378027.796958,305.124286,-18.881156
6378027.791632,305.195226,-18.834363
6378027.786306,305.266166,-18.787569
6378027.780980,305.337105,-18.740775
6378027.775653,305.408045,-18.693980
6378027.770327,305.478984,-18.647186
6378027.765001,305.549924,-18.600392
6378027.759674,305.620863,-18.553597
6378027.754348,305.691802,-18.506802
6378027.749021,305.762742,-18.460007
6378027.743694,305.833681,-18.413212
6378027.738368,305.904620,-18.366417
6378027.733041,305.975558,-18.319622
6378027.727714,306.046497,-18.272827
6378027.722387,306.117436,-18.226031
6378027.717060,306.188375,-18.179236
6378027.711732,306.259313,-18.132440
6378027.706405,306.330252,-18.085644
6378027.701078,306.401190,-18.038849
6378027.695750,306.472128,-17.992053
6378027.690423,306.543066,-17.945256
6378027.685095,306.614005,-17.898460
6378027.679767,306.684943,-17.851664
6378027.674440,306.755881,-17.804867
6378027.669112,306.826819,-17.758071
6378027.663784,306.897756,-17.711274
6378027.658456,306.968694,-17.664477
6378027.653128,307.039632,-17.617680
6378027.647800,307.110569,-17.570883
6378027.642471,307.181507,-17.524086
6378027.637143,307.252444,-17.477289
6378027.631815,307.323382,-17.430492
6378027.626486,307.394319,-17.383694
6378027.621158,307.465256,-17.336897
6378027.615829,307.536193,-17.290099
6378027.610501,307.607130,-17.243301
6378027.605172,307.678067,-17.196503
6378027.599843,307.749004,-17.149705
6378027.594514,307.819941,-17.102907
6378027.589185,307.890878,-17.056109
6378027.583856,307.961814,-17.009311
6378027.578527,308.032751,-16.962512
6378027.573198,308.103687,-16.915714
6378027.567869,308.174624,-16.868915
6378027.562539,308.245560,-16.822116
6378027.557210,308.316497,-16.775318
6378027.551881,308.387433,-16.728519
6378027.546551,308.458369,-16.681720
6378027.541221,308.529305,-16.634921
6378027.535892,308.600241,-16.588121
6378027.530562,308.671177,-16.541322
6378027.525232,308.742113,-16.494523
6378027.519902,308.813049,-16.447723
6378027.514573,308.883984,-16.400924
6378027.509243,308.954920,-16.354124
6378027.503912,309.025856,-16.307324
6378027.498582,309.096791,-16.260524
6378027.493252,309.167727,-16.213724
6378027.487922,309.238662,-16.166924
6378027.482592,309.309598,-16.120124
6378027.477261,309.380533,-16.073324
6378027.471931,309.451468,-16.026524
6378027.466600,309.522403,-15.979723
6378027.461270,309.593338,-15.932923
6378027.455939,309.664273,-15.886122
6378027.450608,309.735208,-15.839321
6378027.445278,309.806143,-15.792520
6378027.439947,309.877078,-15.745720
6378027.434616,309.948013,-15.698919
6378027.429285,310.018947,-15.652117
6378027.423954,310.089882,-15.605316
6378027.418623,310.160817,-15.558515
6378027.413292,310.231751,-15.511714
6378027.407961,310.302686,-15.464912
6378027.402630,310.373620,-15.418111
6378027.397298,310.444554,-15.371309
6378027.391967,310.515489,-15.324508
6378027.386635,310.586423,-15.277706
6378027.381304,310.657357,-15.230904
6378027.375972,310.728291,-15.184102
6378027.370641,310.799225,-15.137300
6378027.365309,310.870159,-15.090498
6378027.359978,310.941093,-15.043696
6378027.354646,311.012027,-14.996893
6378027.349314,311.082961,-14.950091
6378027.343982,311.153894,-14.903289
6378027.338650,311.224828,-14.856486
6378027.333318,311.295762,-14.809684
6378027.327986,311.366695,-14.762881
6378027.322654,311.437629,-14.716078
6378027.317322,311.508562,-14.669275
6378027.311990,311.579496,-14.622472
6378027.306657,311.650429,-14.575670
6378027.301325,311.721362,-14.528866
6378027.295993,311.792295,-14.482063
6378027.290660,311.863229,-14.435260
6378027.285328,311.934162,-14.388457
6378027.279995,312.005095,-14.341653
6378027.274663,312.076028,-14.294850
6378027.269330,312.146961,-14.248046
6378027.263998,312.217894,-14.201243
6378027.258665,312.288826,-14.154439
6378027.253332,312.359759,-14.107635
6378027.247999,312.430692,-14.060832
6378027.242666,312.501625,-14.014028
6378027.237333,312.572557,-13.967224
6378027.232000,312.643490,-13.920420
6378027.226667,312.714422,-13.873616
6378027.221334,312.785355,-13.826811
6378027.216001,312.856287,-13.780007
6378027.210668,312.927220,-13.733203
6378027.205335,312.998152,-13.686398
6378027.200001,313.069084,-13.639594
6378027.194668,313.140017,-13.592789
6378027.189335,313.210949,-13.545985
6378027.184001,313.281881,-13.499180
6378027.178668,313.352813,-13.452375
6378027.173334,313.423745,-13.405571
6378027.168001,313.494677,-13.358766
6378027.162667,313.565609,-13.311961
6378027.157334,313.636541,-13.265156
6378027.152000,313.707473,-13.218351
6378027.146666,313.778404,-13.171546
6378027.141332,313.849336,-13.124740
6378027.135998,313.920268,-13.077935
6378027.130665,313.991200,-13.031130
6378027.125331,314.062131,-12.984324
6378027.119997,314.133063,-12.937519
6378027.114663,314.203994,-12.890713
6378027.109329,314.274926,-12.843908
6378027.103994,314.345857,-12.797102
6378027.098660,314.416788,-12.750296
6378027.093326,314.487720,-12.703490
6378027.087992,314.558651,-12.656685
6378027.082658,314.629582,-12.609879
6378027.077323,314.700514,-12.563073
6378027.071989,314.771445,-12.516267
6378027.066654,314.842376,-12.469460
6378027.061320,314.913307,-12.422654
6378027.055985,314.984238,-12.375848
6378027.050651,315.055169,-12.329042
6378027.045316,315.126100,-12.282235
6378027.039982,315.197031,-12.235429
6378027.034647,315.267961,-12.188622
6378027.029312,315.338892,-12.141816
6378027.023978,315.409823,-12.095009
6378027.018643,315.480754,-12.048203
6378027.013308,315.551684,-12.001396
6378027.007973,315.622615,-11.954589
6378027.002638,315.693546,-11.907782
6378026.997303,315.764476,-11.860975
6378026.991968,315.835407,-11.814168
6378026.986633,315.906337,-11.767361
6378026.981298,315.977268,-11.720554
6378026.975963,316.048198,-11.673747
6378026.970628,316.119128,-11.626940
6378026.965293,316.190059,-11.580133
6378026.959957,316.260989,-11.533326
6378026.954622,316.331919,-11.486518
6378026.949287,316.402849,-11.439711
6378026.943952,316.473780,-11.392903
6378026.938616,316.544710,-11.346096
6378026.933281,316.615640,-11.299288
6378026.927945,316.686570,-11.252481
6378026.922610,316.757500,-11.205673
6378026.917274,316.828430,-11.158865
6378026.911939,316.899360,-11.112057
6378026.906603,316.970290,-11.065250
6378026.901268,317.041219,-11.018442
6378026.895932,317.112149,-10.971634
6378026.890596,317.183079,-10.924826
6378026.885260,317.254009,-10.878018
6378026.879925,317.324938,-10.831210
6378026.874589,317.395868,-10.784402
6378026.869253,317.466798,-10.737593
6378026.863917,317.537727,-10.690785
6378026.858581,317.608657,-10.643977
6378026.853245,317.679586,-10.597168
6378026.847909,317.750516,-10.550360
6378026.842573,317.821445,-10.503552
6378026.837237,317.892375,-10.456743
6378026.831901,317.963304,-10.409935
6378026.826565,318.034233,-10.363126
6378026.821229,318.105163,-10.316317
6378026.815893,318.176092,-10.269509
6378026.810556,318.247021,-10.222700
6378026.805220,318.317950,-10.175891
6378026.799884,318.388880,-10.129082
6378026.794547,318.459809,-10.082273
6378026.789211,318.530738,-10.035464
6378026.783875,318.601667,-9.988655
6378026.778538,318.672596,-9.941846
6378026.773202,318.743525,-9.895037
6378026.767865,318.814454,-9.848228
6378026.762529,318.885383,-9.801419
6378026.757192,318.956312,-9.754610
6378026.751856,319.027241,-9.707801
6378026.746519,319.098170,-9.660991
6378026.741183,319.169098,-9.614182
6378026.735846,319.240027,-9.567373
6378026.730509,319.310956,-9.520563
6378026.725172,319.381885,-9.473754
6378026.719836,319.452813,-9.426944
6378026.714499,319.523742,-9.380135
6378026.709162,319.594671,-9.333325
6378026.703825,319.665599,-9.286515
6378026.698488,319.736528,-9.239706
6378026.693151,319.807456,-9.192896
6378026.687814,319.878385,-9.146086
6378026.682478,319.949313,-9.099276
6378026.677141,320.020242,-9.052466
6378026.671803,320.091170,-9.005657
6378026.666466,320.162098,-8.958847
6378026.661129,320.233027,-8.912037
6378026.655792,320.303955,-8.865227
6378026.650455,320.374883,-8.818417
6378026.645118,320.445812,-8.771606
6378026.639781,320.516740,-8.724796
6378026.634444,320.587668,-8.677986
6378026.629106,320.658596,-8.631176
6378026.623769,320.729524,-8.584366
6378026.618432,320.800453,-8.537555
6378026.613094,320.871381,-8.490745
6378026.607757,320.942309,-8.443935
6378026.602420,321.013237,-8.397124
6378026.597082,321.084165,-8.350314
6378026.591745,321.155093,-8.303503
6378026.586407,321.226021,-8.256693
6378026.581070,321.296949,-8.209882
6378026.575732,321.367877,-8.163071
6378026.570395,321.438804,-8.116261
6378026.565057,321.509732,-8.069450
6378026.559720,321.580660,-8.022639
6378026.554382,321.651588,-7.975828
6378026.549044,321.722516,-7.929018
6378026.543707,321.793443,-7.882207
6378026.538369,321.864371,-7.835396
6378026.533031,321.935299,-7.788585
6378026.527693,322.006226,-7.741774
6378026.522356,322.077154,-7.694963
6378026.517018,322.148082,-7.648152
6378026.511680,322.219009,-7.601341
6378026.506342,322.289937,-7.554530
6378026.501004,322.360864,-7.507719
6378026.495666,322.431792,-7.460908
6378026.490328,322.502719,-7.414096
6378026.484990,322.573647,-7.367285
6378026.479653,322.644574,-7.320474
6378026.474315,322.715502,-7.273663
6378026.468977,322.786429,-7.226851
6378026.463638,322.857356,-7.180040
6378026.458300,322.928284,-7.133228
6378026.452962,322.999211,-7.086417
6378026.447624,323.070138,-7.039605
6378026.442286,323.141066,-6.992794
6378026.436948,323.211993,-6.945982
6378026.431610,323.282920,-6.899171
6378026.426272,323.353847,-6.852359
6378026.420933,323.424774,-6.805548
6378026.415595,323.495702,-6.758736
6378026.410257,323.566629,-6.711924
6378026.404918,323.637556,-6.665112
6378026.399580,323.708483,-6.618301
6378026.394242,323.779410,-6.571489
6378026.388903,323.850337,-6.524677
6378026.383565,323.921264,-6.477865
6378026.378227,323.992191,-6.431053
6378026.372888,324.063118,-6.384241
6378026.367550,324.134045,-6.337429
6378026.362211,324.204972,-6.290617
6378026.356873,324.275899,-6.243805
6378026.351534,324.346826,-6.196993
6378026.346196,324.417752,-6.150181
6378026.340857,324.488679,-6.103369
6378026.335519,324.559606,-6.056557
6378026.330180,324.630533,-6.009745
6378026.324841,324.701460,-5.962932
6378026.319503,324.772386,-5.916120
6378026.314164,324.843313,-5.869308
6378026.308826,324.914240,-5.822496
6378026.303487,324.985166,-5.775683
6378026.298148,325.056093,-5.728871
6378026.292809,325.127020,-5.682059
6378026.287471,325.197946,-5.635246
6378026.282132,325.268873,-5.588434
6378026.276793,325.339800,-5.541621
6378026.271454,325.410726,-5.494809
6378026.266115,325.481653,-5.447996
6378026.260777,325.552579,-5.401184
6378026.255438,325.623506,-5.354371
6378026.250099,325.694432,-5.307558
6378026.244760,325.765359,-5.260746
6378026.239421,325.836285,-5.213933
6378026.234082,325.907212,-5.167121
6378026.228743,325.978138,-5.120308
6378026.223404,326.049064,-5.073495
6378026.218065,326.119991,-5.026682
6378026.212726,326.190917,-4.979869
6378026.207387,326.261843,-4.933057
6378026.202048,326.332770,-4.886244
6378026.196709,326.403696,-4.839431
6378026.191370,326.474622,-4.792618
6378026.186031,326.545549,-4.745805
6378026.180692,326.616475,-4.698992
6378026.175352,326.687401,-4.652179
6378026.170013,326.758327,-4.605366
6378026.164674,326.829253,-4.558553
6378026.159335,326.900180,-4.511740
6378026.153996,326.971106,-4.464927
6378026.148656,327.042032,-4.418114
6378026.143317,327.112958,-4.371301
6378026.137978,327.183884,-4.324488
6378026.132639,327.254810,-4.277674
6378026.127299,327.325736,-4.230861
6378026.121960,327.396662,-4.184048
6378026.116621,327.467588,-4.137235
6378026.111281,327.538514,-4.090421
6378026.105942,327.609440,-4.043608
6378026.100603,327.680366,-3.996795
6378026.095263,327.751292,-3.949981
6378026.089924,327.822218,-3.903168
6378026.084584,327.893144,-3.856355
6378026.079245,327.964070,-3.809541
6378026.073905,328.034996,-3.762728
6378026.068566,328.105922,-3.715914
6378026.063226,328.176848,-3.669101
6378026.057887,328.247773,-3.622287
6378026.052547,328.318699,-3.575474
6378026.047208,328.389625,-3.528660
6378026.041868,328.460551,-3.481847
6378026.036529,328.531477,-3.435033
6378026.031189,328.602402,-3.388219
6378026.025849,328.673328,-3.341406
6378026.020510,328.744254,-3.294592
6378026.015170,328.815180,-3.247778
6378026.009831,328.886105,-3.200965
6378026.004491,328.957031,-3.154151
6378025.999151,329.027957,-3.107337
6378025.993811,329.098882,-3.060523
6378025.988472,329.169808,-3.013710
6378025.983132,329.240733,-2.966896
6378025.977792,329.311659,-2.920082
6378025.972453,329.382585,-2.873268
6378025.967113,329.453510,-2.826454
6378025.961773,329.524436,-2.779640
6378025.956433,329.595361,-2.732826
6378025.951093,329.666287,-2.686012
6378025.945754,329.737212,-2.639198
6378025.940414,329.808138,-2.592384
6378025.935074,329.879063,-2.545570
6378025.929734,329.949989,-2.498756
6378025.924394,330.020914,-2.451942
6378025.919054,330.091840,-2.405128
6378025.913714,330.162765,-2.358314
6378025.908374,330.233691,-2.311500
6378025.903034,330.304616,-2.264686
6378025.897694,330.375541,-2.217872
6378025.892354,330.446467,-2.171058
6378025.887015,330.517392,-2.124243
6378025.881675,330.588318,-2.077429
6378025.876335,330.659243,-2.030615
6378025.870995,330.730168,-1.983801
6378025.865654,330.801093,-1.936986
6378025.860314,330.872019,-1.890172
6378025.854974,330.942944,-1.843358
6378025.849634,331.013869,-1.796544
6378025.844294,331.084795,-1.749729
6378025.838954,331.155720,-1.702915
6378025.833614,331.226645,-1.656100
6378025.828274,331.297570,-1.609286
6378025.822934,331.368495,-1.562472
6378025.817594,331.439421,-1.515657
6378025.812253,331.510346,-1.468843
6378025.806915,331.581264,-1.422016
6378025.801579,331.652168,-1.375166
6378025.796248,331.723052,-1.328283
6378025.790922,331.793912,-1.281358
6378025.785602,331.864741,-1.234382
6378025.780289,331.935537,-1.187350
6378025.774985,332.006294,-1.140253
6378025.769689,332.077010,-1.093087
6378025.764403,332.147681,-1.045846
6378025.759127,332.218304,-0.998526
6378025.753862,332.288876,-0.951122
6378025.748607,332.359396,-0.903630
6378025.743365,332.429861,-0.856048
6378025.738134,332.500268,-0.808372
6378025.732916,332.570617,-0.760599
6378025.727711,332.640906,-0.712727
6378025.722519,332.711132,-0.664754
6378025.717340,332.781295,-0.616678
6378025.712175,332.851393,-0.568497
6378025.707024,332.921425,-0.520210
6378025.701887,332.991391,-0.471815
6378025.696764,333.061288,-0.423311
6378025.691655,333.131117,-0.374697
6378025.686561,333.200876,-0.325972
6378025.681482,333.270565,-0.277135
6378025.676418,333.340183,-0.228186
6378025.671369,333.409728,-0.179123
6378025.666335,333.479202,-0.129946
6378025.661316,333.548602,-0.080655
6378025.656312,333.617929,-0.031249
6378025.651325,333.687182,0.018272
6378025.646352,333.756360,0.067908
6378025.641396,333.825463,0.117661
6378025.636455,333.894491,0.167529
6378025.631530,333.963443,0.217514
6378025.626620,334.032319,0.267615
6378025.621727,334.101118,0.317833
6378025.616850,334.169841,0.368167
6378025.611989,334.238486,0.418619
6378025.607144,334.307053,0.469187
6378025.602315,334.375543,0.519872
6378025.597503,334.443955,0.570674
6378025.592706,334.512288,0.621593
6378025.587927,334.580542,0.672629
6378025.583163,334.648718,0.723782
6378025.578416,334.716814,0.775052
6378025.573686,334.784831,0.826439
6378025.568972,334.852768,0.877942
6378025.564275,334.920625,0.929562
6378025.559595,334.988402,0.981299
6378025.554931,335.056098,1.033153
6378025.550284,335.123714,1.085123
6378025.545654,335.191249,1.137209
6378025.541040,335.258702,1.189412
6378025.536444,335.326075,1.241731
6378025.531864,335.393365,1.294166
6378025.527302,335.460574,1.346717
6378025.522757,335.527702,1.399384
6378025.518228,335.594746,1.452167
6378025.513717,335.661709,1.505065
6378025.509223,335.728589,1.558079
6378025.504746,335.795386,1.611209
6378025.500286,335.862101,1.664454
6378025.495844,335.928732,1.717814
6378025.491419,335.995279,1.771289
6378025.487012,336.061743,1.824879
6378025.482622,336.128124,1.878583
6378025.478249,336.194420,1.932402
6378025.473894,336.260633,1.986336
6378025.469556,336.326761,2.040384
6378025.465236,336.392804,2.094547
6378025.460934,336.458763,2.148823
6378025.456650,336.524637,2.203214
6378025.452383,336.590426,2.257718
6378025.448134,336.656129,2.312336
6378025.443903,336.721747,2.367067
6378025.439689,336.787280,2.421912
6378025.435494,336.852726,2.476870
6378025.431317,336.918087,2.531941
6378025.427157,336.983361,2.587125
6378025.423016,337.048549,2.642422
6378025.418893,337.113651,2.697831
6378025.414788,337.178666,2.753353
6378025.410702,337.243594,2.808988
6378025.406633,337.308435,2.864734
6378025.402583,337.373188,2.920593
6378025.398551,337.437854,2.976563
6378025.394538,337.502433,3.032645
6378025.390543,337.566924,3.088839
6378025.386567,337.631326,3.145144
6378025.382609,337.695641,3.201560
6378025.378670,337.759867,3.258087
6378025.374750,337.824005,3.314726
6378025.370848,337.888054,3.371475
6378025.366965,337.952014,3.428335
6378025.363101,338.015885,3.485305
6378025.359256,338.079667,3.542386
6378025.355430,338.143360,3.599577
6378025.351622,338.206963,3.656877
6378025.347834,338.270476,3.714288
6378025.344065,338.333899,3.771809
6378025.340315,338.397233,3.829439
6378025.336584,338.460476,3.887178
6378025.332872,338.523628,3.945026
6378025.329180,338.586690,4.002984
6378025.325507,338.649662,4.061051
6378025.321853,338.712542,4.119226
6378025.318219,338.775331,4.177510
6378025.314605,338.838029,4.235902
6378025.311010,338.900636,4.294403
6378025.307434,338.963151,4.353011
6378025.303878,339.025574,4.411728
6378025.300342,339.087905,4.470552
6378025.296826,339.150144,4.529484
6378025.293330,339.212291,4.588524
6378025.289853,339.274346,4.647670
6378025.286397,339.336308,4.706924
6378025.282961,339.398177,4.766285
6378025.279544,339.459953,4.825753
6378025.276148,339.521636,4.885327
6378025.272772,339.583226,4.945007
6378025.269416,339.644722,5.004794
6378025.266081,339.706125,5.064687
6378025.262766,339.767434,5.124686
6378025.259471,339.828649,5.184791
6378025.256197,339.889770,5.245001
6378025.252943,339.950797,5.305317
6378025.249710,340.011729,5.365738
6378025.246498,340.072567,5.426265
6378025.243306,340.133310,5.486896
6378025.240135,340.193958,5.547632
6378025.236985,340.254512,5.608472
6378025.233856,340.314970,5.669417
6378025.230748,340.375332,5.730467
6378025.227661,340.435599,5.791620
6378025.224595,340.495771,5.852877
6378025.221550,340.555847,5.914238
6378025.218526,340.615826,5.975703
6378025.215524,340.675710,6.037271
6378025.212543,340.735497,6.098942
6378025.209583,340.795188,6.160716
6378025.206645,340.854782,6.222593
6378025.203729,340.914280,6.284573
6378025.200834,340.973680,6.346656
6378025.197961,341.032984,6.408840
6378025.195109,341.092190,6.471127
6378025.192279,341.151299,6.533516
6378025.189471,341.210310,6.596007
6378025.186685,341.269224,6.658600
6378025.183921,341.328040,6.721294
6378025.181179,341.386758,6.784089
6378025.178459,341.445377,6.846985
6378025.175762,341.503899,6.909982
6378025.173086,341.562322,6.973081
6378025.170433,341.620646,7.036279
6378025.167802,341.678872,7.099578
6378025.165194,341.736999,7.162978
6378025.162608,341.795027,7.226477
6378025.160045,341.852956,7.290076
6378025.157505,341.910785,7.353775
6378025.154987,341.968515,7.417574
6378025.152492,342.026146,7.481472
6378025.150020,342.083676,7.545469
6378025.147571,342.141107,7.609565
6378025.145144,342.198438,7.673760
6378025.142741,342.255668,7.738053
6378025.140361,342.312798,7.802445
6378025.138005,342.369828,7.866935
6378025.135671,342.426757,7.931523
6378025.133361,342.483586,7.996209
6378025.131074,342.540313,8.060993
6378025.128811,342.596940,8.125874
6378025.126571,342.653465,8.190853
6378025.124355,342.709889,8.255928
6378025.122163,342.766212,8.321101
6378025.119994,342.822432,8.386371
6378025.117849,342.878552,8.451737
6378025.115728,342.934569,8.517199
6378025.113632,342.990484,8.582758
6378025.111559,343.046298,8.648413
6378025.109510,343.102009,8.714163
6378025.107486,343.157617,8.780010
6378025.105486,343.213123,8.845952
6378025.103510,343.268526,8.911989
6378025.101558,343.323827,8.978121
6378025.099631,343.379025,9.044348
6378025.097729,343.434119,9.110670
6378025.095851,343.489110,9.177086
6378025.093998,343.543998,9.243597
6378025.092170,343.598783,9.310202
6378025.090367,343.653463,9.376901
6378025.088589,343.708040,9.443693
6378025.086835,343.762514,9.510580
6378025.085107,343.816883,9.577559
6378025.083404,343.871148,9.644632
6378025.081726,343.925309,9.711798
6378025.080074,343.979365,9.779057
6378025.078447,344.033317,9.846408
6378025.076845,344.087164,9.913852
6378025.075269,344.140907,9.981388
6378025.073719,344.194544,10.049016
6378025.072194,344.248077,10.116736
6378025.070696,344.301504,10.184548
6378025.069223,344.354826,10.252451
6378025.067775,344.408043,10.320446
6378025.066354,344.461154,10.388531
6378025.064960,344.514160,10.456708
6378025.063591,344.567059,10.524975
6378025.062248,344.619853,10.593333
6378025.060932,344.672541,10.661781
6378025.059642,344.725123,10.730319
6378025.058379,344.777598,10.798947
6378025.057143,344.829967,10.867665
6378025.055933,344.882230,10.936472
6378025.054749,344.934386,11.005369
6378025.053593,344.986435,11.074355
6378025.052464,345.038377,11.143430
6378025.051361,345.090213,11.212594
6378025.050285,345.141941,11.281846
6378025.049237,345.193562,11.351186
6378025.048216,345.245076,11.420615
6378025.047222,345.296482,11.490132
6378025.046256,345.347781,11.559736
6378025.045317,345.398972,11.629428
6378025.044406,345.450055,11.699208
6378025.043522,345.501031,11.769074
6378025.042666,345.551898,11.839028
6378025.041837,345.602657,11.909068
6378025.041037,345.653308,11.979195
6378025.040265,345.703851,12.049408
6378025.039520,345.754285,12.119707
6378025.038804,345.804611,12.190093
6378025.038116,345.854828,12.260564
6378025.037456,345.904936,12.331121
6378025.036825,345.954935,12.401763
6378025.036222,346.004825,12.472490
6378025.035648,346.054606,12.543302
6378025.035102,346.104278,12.614199
6378025.034585,346.153841,12.685181
6378025.034097,346.203294,12.756247
6378025.033638,346.252638,12.827397
6378025.033208,346.301871,12.898631
6378025.032807,346.350996,12.969949
6378025.032435,346.400010,13.041350
6378025.032092,346.448914,13.112835
6378025.031778,346.497709,13.184403
6378025.031494,346.546393,13.256053
6378025.031240,346.594967,13.327787
6378025.031015,346.643430,13.399603
6378025.030819,346.691783,13.471501
6378025.030654,346.740026,13.543482
6378025.030518,346.788157,13.615544
6378025.030412,346.836178,13.687688
6378025.030337,346.884088,13.759914
6378025.030291,346.931888,13.832221
6378025.030275,346.979576,13.904609
6378025.030290,347.027153,13.977078
6378025.030335,347.074618,14.049627
6378025.030411,347.121972,14.122257
6378025.030517,347.169215,14.194967
6378025.030654,347.216347,14.267758
6378025.030822,347.263366,14.340628
6378025.031020,347.310274,14.413578
6378025.031249,347.357070,14.486607
6378025.031510,347.403754,14.559716
6378025.031801,347.450326,14.632903
6378025.032123,347.496786,14.706169
6378025.032477,347.543134,14.779514
6378025.032862,347.589370,14.852938
6378025.033279,347.635493,14.926439
6378025.033727,347.681504,15.000018
6378025.034207,347.727402,15.073676
6378025.034718,347.773187,15.147410
6378025.035262,347.818860,15.221222
6378025.035837,347.864420,15.295112
6378025.036444,347.909867,15.369078
6378025.037083,347.955201,15.443121
6378025.037754,348.000422,15.517240
6378025.038458,348.045529,15.591436
6378025.039194,348.090524,15.665707
6378025.039963,348.135405,15.740055
6378025.040764,348.180173,15.814478
6378025.041597,348.224827,15.888977
6378025.042464,348.269367,15.963551
6378025.043363,348.313794,16.038200
6378025.044295,348.358108,16.112924
6378025.045260,348.402307,16.187722
6378025.046258,348.446392,16.262595
6378025.047290,348.490364,16.337541
6378025.048354,348.534221,16.412562
6378025.049453,348.577965,16.487657
6378025.050584,348.621594,16.562825
6378025.051749,348.665108,16.638066
6378025.052948,348.708509,16.713381
6378025.054181,348.751794,16.788768
6378025.055447,348.794966,16.864228
6378025.056747,348.838022,16.939761
6378025.058082,348.880964,17.015366
6378025.059450,348.923792,17.091043
6378025.060853,348.966504,17.166791
6378025.062290,349.009102,17.242611
6378025.063761,349.051584,17.318503
6378025.065267,349.093952,17.394466
6378025.066808,349.136204,17.470500
6378025.068383,349.178341,17.546604
6378025.069993,349.220363,17.622779
6378025.071638,349.262270,17.699024
6378025.073318,349.304061,17.775340
6378025.075033,349.345737,17.851725
6378025.076784,349.387297,17.928180
6378025.078569,349.428741,18.004704
6378025.080390,349.470070,18.081298
6378025.082246,349.511284,18.157960
6378025.084138,349.552381,18.234692
6378025.086066,349.593362,18.311492
6378025.088030,349.634228,18.388360
6378025.090029,349.674978,18.465296
6378025.092064,349.715611,18.542301
6378025.094135,349.756128,18.619373
6378025.096243,349.796530,18.696512
6378025.098386,349.836815,18.773719
6378025.100567,349.876983,18.850993
6378025.102783,349.917035,18.928334
6378025.105036,349.956971,19.005741
6378025.107326,349.996791,19.083215
6378025.109652,350.036493,19.160755
6378025.112015,350.076080,19.238360
6378025.114416,350.115549,19.316032
6378025.116853,350.154902,19.393769
6378025.119327,350.194138,19.471571
6378025.121839,350.233257,19.549439
6378025.124388,350.272260,19.627371
6378025.126974,350.311145,19.705368
6378025.129598,350.349913,19.783429
6378025.132260,350.388565,19.861555
6378025.134959,350.427099,19.939744
6378025.137696,350.465516,20.017997
6378025.140472,350.503816,20.096314
6378025.143285,350.541999,20.174694
6378025.146136,350.580064,20.253137
6378025.149025,350.618012,20.331643
6378025.151953,350.655842,20.410212
6378025.154919,350.693555,20.488843
6378025.157924,350.731151,20.567536
6378025.160968,350.768629,20.646292
6378025.164050,350.805989,20.725109
6378025.167171,350.843232,20.803987
6378025.170331,350.880357,20.882927
6378025.173530,350.917365,20.961928
6378025.176768,350.954254,21.040990
6378025.180045,350.991026,21.120113
6378025.183362,351.027680,21.199296
6378025.186718,351.064216,21.278539
6378025.190114,351.100634,21.357842
6378025.193549,351.136934,21.437205
6378025.197024,351.173116,21.516627
6378025.200539,351.209179,21.596109
6378025.204094,351.245125,21.675650
6378025.207689,351.280953,21.755250
6378025.211324,351.316662,21.834908
6378025.214999,351.352253,21.914625
6378025.218715,351.387726,21.994400
6378025.222471,351.423081,22.074233
6378025.226267,351.458317,22.154124
6378025.230105,351.493435,22.234072
6378025.233983,351.528434,22.314078
6378025.237902,351.563315,22.394141
6378025.241862,351.598077,22.474260
6378025.245863,351.632721,22.554436
6378025.249905,351.667247,22.634669
6378025.253989,351.701653,22.714958
6378025.258113,351.735942,22.795302
6378025.262280,351.770111,22.875703
6378025.266488,351.804162,22.956159
6378025.270737,351.838094,23.036670
6378025.275029,351.871907,23.117237
6378025.279362,351.905602,23.197858
6378025.283737,351.939178,23.278534
6378025.288155,351.972634,23.359264
6378025.292614,352.005973,23.440048
6378025.297116,352.039192,23.520887
6378025.301661,352.072292,23.601779
6378025.306247,352.105273,23.682724
6378025.310877,352.138136,23.763723
6378025.315549,352.170879,23.844775
6378025.320264,352.203503,23.925880
6378025.325022,352.236009,24.007037
6378025.329823,352.268395,24.088247
6378025.334667,352.300662,24.169508
6378025.339555,352.332810,24.250822
6378025.344485,352.364839,24.332188
6378025.349460,352.396749,24.413604
6378025.354477,352.428540,24.495073
6378025.359539,352.460211,24.576592
6378025.364644,352.491764,24.658162
6378025.369793,352.523197,24.739782
6378025.374986,352.554511,24.821453
6378025.380223,352.585705,24.903174
6378025.385504,352.616781,24.984944
6378025.390830,352.647737,25.066765
6378025.396200,352.678574,25.148635
6378025.401614,352.709291,25.230554
6378025.407074,352.739889,25.312522
6378025.412577,352.770368,25.394539
6378025.418126,352.800727,25.476604
6378025.423719,352.830967,25.558718
6378025.429358,352.861088,25.640879
6378025.435042,352.891090,25.723089
6378025.440771,352.920971,25.805346
6378025.446545,352.950734,25.887650
6378025.452364,352.980377,25.970002
6378025.458230,353.009901,26.052401
6378025.464141,353.039305,26.134846
6378025.470097,353.068590,26.217338
6378025.476100,353.097755,26.299876
6378025.482148,353.126801,26.382460
6378025.488243,353.155728,26.465090
6378025.494384,353.184535,26.547766
6378025.500571,353.213223,26.630486
6378025.506804,353.241791,26.713252
6378025.513084,353.270239,26.796063
6378025.519410,353.298569,26.878919
6378025.525784,353.326778,26.961819
6378025.532204,353.354868,27.044763
6378025.538671,353.382839,27.127751
6378025.545185,353.410691,27.210783
6378025.551746,353.438422,27.293859
6378025.558354,353.466035,27.376977
6378025.565010,353.493528,27.460139
6378025.571713,353.520901,27.543344
6378025.578464,353.548155,27.626591
6378025.585262,353.575289,27.709881
6378025.592108,353.602304,27.793213
6378025.599002,353.629200,27.876587
6378025.605944,353.655976,27.960002
6378025.612934,353.682633,28.043460
6378025.619972,353.709170,28.126958
6378025.627059,353.735588,28.210497
6378025.634194,353.761886,28.294077
6378025.641377,353.788065,28.377698
6378025.648609,353.814125,28.461359
6378025.655890,353.840065,28.545060
6378025.663220,353.865886,28.628802
6378025.670598,353.891587,28.712582
6378025.678026,353.917169,28.796403
6378025.685503,353.942632,28.880262
6378025.693029,353.967975,28.964160
6378025.700604,353.993199,29.048098
6378025.708229,354.018304,29.132073
6378025.715903,354.043289,29.216087
6378025.723627,354.068155,29.300139
6378025.731401,354.092902,29.384229
6378025.739225,354.117530,29.468357
6378025.747098,354.142038,29.552522
6378025.755022,354.166427,29.636724
6378025.762996,354.190697,29.720963
6378025.771021,354.214848,29.805239
6378025.779095,354.238880,29.889551
6378025.787221,354.262792,29.973900
6378025.795396,354.286586,30.058284
6378025.803623,354.310260,30.142705
6378025.811901,354.333815,30.227161
6378025.820229,354.357251,30.311652
6378025.828608,354.380568,30.396178
6378025.837039,354.403766,30.480740
6378025.845521,354.426845,30.565336
6378025.854054,354.449805,30.649966
6378025.862639,354.472646,30.734631
6378025.871275,354.495369,30.819329
6378025.879963,354.517972,30.904062
6378025.888703,354.540456,30.988828
6378025.897495,354.562822,31.073627
6378025.906339,354.585069,31.158459
6378025.915234,354.607197,31.243324
6378025.924182,354.629206,31.328222
6378025.933183,354.651097,31.413153
6378025.942236,354.672869,31.498115
6378025.951341,354.694522,31.583109
6378025.960499,354.716056,31.668135
6378025.969710,354.737472,31.753193
6378025.978973,354.758770,31.838282
6378025.988290,354.779949,31.923402
6378025.997660,354.801009,32.008552
6378026.007082,354.821951,32.093733
6378026.016558,354.842774,32.178945
6378026.026088,354.863480,32.264187
6378026.035671,354.884066,32.349459
6378026.045307,354.904535,32.434760
6378026.054998,354.924885,32.520091
6378026.064742,354.945117,32.605451
6378026.074540,354.965230,32.690840
6378026.084392,354.985226,32.776258
6378026.094298,355.005103,32.861704
6378026.104258,355.024862,32.947179
6378026.114273,355.044504,33.032682
6378026.124342,355.064027,33.118212
6378026.134466,355.083432,33.203771
6378026.144644,355.102719,33.289356
6378026.154877,355.121889,33.374969
6378026.165165,355.140940,33.460609
6378026.175508,355.159874,33.546276
6378026.185906,355.178690,33.631969
6378026.196359,355.197389,33.717689
6378026.206867,355.215969,33.803434
6378026.217431,355.234432,33.889206
6378026.228050,355.252778,33.975003
6378026.238725,355.271006,34.060825
6378026.249456,355.289116,34.146673
6378026.260242,355.307110,34.232545
6378026.271084,355.324985,34.318443
6378026.281983,355.342744,34.404365
6378026.292937,355.360385,34.490311
6378026.303948,355.377909,34.576281
6378026.315015,355.395316,34.662275
6378026.326138,355.412605,34.748292
6378026.337318,355.429778,34.834333
6378026.348555,355.446833,34.920397
6378026.359848,355.463772,35.006484
6378026.371198,355.480594,35.092594
6378026.382605,355.497299,35.178726
6378026.394069,355.513887,35.264881
6378026.405591,355.530358,35.351057
6378026.417169,355.546713,35.437255
6378026.428805,355.562951,35.523475
6378026.440499,355.579072,35.609716
6378026.452250,355.595077,35.695979
6378026.464058,355.610966,35.782262
6378026.475925,355.626738,35.868566
6378026.487849,355.642394,35.954891
6378026.499832,355.657933,36.041235
6378026.511872,355.673357,36.127600
6378026.523971,355.688664,36.213985
6378026.536128,355.703855,36.300389
6378026.548343,355.718930,36.386812
6378026.560617,355.733890,36.473255
6378026.572949,355.748733,36.559716
6378026.585340,355.763460,36.646196
6378026.597790,355.778072,36.732695
6378026.610299,355.792568,36.819212
6378026.622867,355.806949,36.905747
6378026.635494,355.821214,36.992300
6378026.648181,355.835363,37.078870
6378026.660926,355.849397,37.165457
6378026.673731,355.863316,37.252062
6378026.686596,355.877119,37.338684
6378026.699520,355.890807,37.425322
6378026.712504,355.904380,37.511977
6378026.725548,355.917838,37.598648
6378026.738652,355.931181,37.685336
6378026.751815,355.944409,37.772038
6378026.765039,355.957522,37.858757
6378026.778323,355.970521,37.945491
6378026.791668,355.983404,38.032240
6378026.805073,355.996173,38.119004
6378026.818538,356.008828,38.205783
6378026.832065,356.021368,38.292576
6378026.845652,356.033793,38.379383
6378026.859299,356.046105,38.466205
6378026.873008,356.058302,38.553040
6378026.886778,356.070385,38.639889
6378026.900609,356.082353,38.726752
6378026.914501,356.094208,38.813627
6378026.928455,356.105949,38.900516
6378026.942470,356.117576,38.987417
6378026.956546,356.129089,39.074331
6378026.970685,356.140489,39.161257
6378026.984885,356.151775,39.248195
6378026.999146,356.162947,39.335145
6378027.013470,356.174006,39.422106
6378027.027856,356.184952,39.509079
6378027.042304,356.195784,39.596064
6378027.056815,356.206503,39.683059
6378027.071387,356.217109,39.770065
6378027.086022,356.227602,39.857081
6378027.100720,356.237982,39.944108
6378027.115480,356.248249,40.031145
6378027.130304,356.258404,40.118192
6378027.145190,356.268446,40.205249
6378027.160139,356.278375,40.292315
6378027.175151,356.288192,40.379390
6378027.190226,356.297896,40.466474
6378027.205364,356.307488,40.553568
6378027.220566,356.316968,40.640669
6378027.235831,356.326335,40.727779
6378027.251160,356.335591,40.814898
6378027.266552,356.344734,40.902024
6378027.282008,356.353766,40.989158
6378027.297528,356.362686,41.076300
6378027.313112,356.371495,41.163449
6378027.328760,356.380191,41.250605
6378027.344472,356.388777,41.337767
6378027.360248,356.397251,41.424937
6378027.376089,356.405613,41.512113
6378027.391994,356.413865,41.599295
6378027.407964,356.422005,41.686483
6378027.423998,356.430034,41.773677
6378027.440097,356.437953,41.860877
6378027.456261,356.445760,41.948082
6378027.472489,356.453457,42.035292
6378027.488783,356.461044,42.122507
6378027.505142,356.468519,42.209727
6378027.521566,356.475885,42.296952
6378027.538055,356.483140,42.384180
6378027.554610,356.490285,42.471413
6378027.571230,356.497320,42.558650
6378027.587915,356.504245,42.645891
6378027.604667,356.511059,42.733134
6378027.621484,356.517765,42.820382
6378027.638367,356.524360,42.907632
6378027.655316,356.530846,42.994885
6378027.672331,356.537223,43.082141
6378027.689412,356.543490,43.169399
6378027.706559,356.549647,43.256659
6378027.723773,356.555696,43.343921
6378027.741053,356.561636,43.431185
6378027.758400,356.567467,43.518451
6378027.775813,356.573188,43.605718
6378027.793293,356.578802,43.692986
6378027.810840,356.584306,43.780255
6378027.828454,356.589702,43.867525
6378027.846135,356.594990,43.954796
6378027.863883,356.600169,44.042066
6378027.881698,356.605241,44.129337
6378027.899580,356.610204,44.216608
6378027.917530,356.615059,44.303878
6378027.935547,356.619807,44.391148
6378027.953632,356.624446,44.478417
6378027.971784,356.628979,44.565685
6378027.990004,356.633403,44.652953
6378028.008292,356.637721,44.740218
6378028.026648,356.641931,44.827482
6378028.045071,356.646034,44.914745
6378028.063563,356.650030,45.002005
6378028.082124,356.653919,45.089264
6378028.100752,356.657701,45.176520
6378028.119449,356.661377,45.263773
6378028.138214,356.664946,45.351023
6378028.157048,356.668408,45.438271
6378028.175950,356.671765,45.525515
6378028.194921,356.675015,45.612756
6378028.213961,356.678159,45.699994
6378028.233070,356.681197,45.787227
6378028.252248,356.684130,45.874457
6378028.271495,356.686957,45.961682
6378028.290812,356.689678,46.048903
6378028.310197,356.692294,46.136119
6378028.329652,356.694804,46.223330
6378028.349176,356.697209,46.310537
6378028.368770,356.699509,46.397738
6378028.388434,356.701704,46.484933
6378028.408167,356.703795,46.572123
6378028.427970,356.705781,46.659307
6378028.447843,356.707662,46.746485
6378028.467786,356.709438,46.833657
6378028.487799,356.711111,46.920823
6378028.507882,356.712679,47.007981
6378028.528035,356.714143,47.095133
6378028.548259,356.715504,47.182278
6378028.568553,356.716760,47.269416
6378028.588918,356.717913,47.356546
6378028.609353,356.718962,47.443668
6378028.629859,356.719908,47.530783
6378028.650436,356.720751,47.617889
6378028.671083,356.721490,47.704987
6378028.691802,356.722127,47.792077
6378028.712591,356.722660,47.879158
6378028.733452,356.723091,47.966231
6378028.754384,356.723420,48.053294
6378028.775387,356.723646,48.140348
6378028.796461,356.723769,48.227392
6378028.817607,356.723791,48.314427
6378028.838825,356.723710,48.401452
6378028.860114,356.723527,48.488467
6378028.881474,356.723243,48.575472
6378028.902907,356.722857,48.662466
6378028.924411,356.722369,48.749450
6378028.945988,356.721781,48.836423
6378028.967636,356.721091,48.923385
6378028.989357,356.720299,49.010335
6378029.011149,356.719407,49.097274
6378029.033014,356.718414,49.184202
6378029.054952,356.717321,49.271118
6378029.076961,356.716127,49.358021
6378029.099044,356.714832,49.444913
6378029.121199,356.713438,49.531792
6378029.143426,356.711943,49.618659
6378029.165727,356.710348,49.705513
6378029.188100,356.708654,49.792353
6378029.210546,356.706860,49.879181
6378029.233066,356.704966,49.965995
6378029.255658,356.702973,50.052796
6378029.278324,356.700881,50.139583
6378029.301062,356.698690,50.226356
6378029.323874,356.696399,50.313115
6378029.346760,356.694010,50.399860
6378029.369719,356.691523,50.486590
6378029.392752,356.688937,50.573306
6378029.415858,356.686252,50.660006
6378029.439038,356.683469,50.746692
6378029.462292,356.680589,50.833362
6378029.485620,356.677610,50.920017
6378029.509021,356.674534,51.006656
6378029.532497,356.671360,51.093279
6378029.556047,356.668089,51.179886
6378029.579671,356.664720,51.266477
6378029.603370,356.661255,51.353052
6378029.627142,356.657692,51.439610
6378029.650990,356.654032,51.526151
6378029.674911,356.650276,51.612675
6378029.698908,356.646424,51.699183
6378029.722979,356.642475,51.785672
6378029.747124,356.638429,51.872145
6378029.771345,356.634288,51.958599
6378029.795640,356.630051,52.045036
6378029.820011,356.625718,52.131455
6378029.844456,356.621290,52.217855
6378029.868977,356.616766,52.304237
6378029.893572,356.612147,52.390600
6378029.918243,356.607432,52.476944
6378029.942990,356.602623,52.563270
6378029.967812,356.597719,52.649576
6378029.992709,356.592720,52.735863
6378030.017682,356.587627,52.822130
6378030.042730,356.582440,52.908377
6378030.067855,356.577158,52.994605
6378030.093055,356.571783,53.080813
6378030.118330,356.566314,53.167000
6378030.143682,356.560751,53.253166
6378030.169110,356.555094,53.339313
6378030.194614,356.549344,53.425438
6378030.220194,356.543501,53.511542
6378030.245850,356.537565,53.597625
6378030.271583,356.531536,53.683687
6378030.297392,356.525415,53.769727
6378030.323277,356.519201,53.855745
6378030.349239,356.512894,53.941742
6378030.375277,356.506496,54.027716
6378030.401392,356.500005,54.113668
6378030.427584,356.493423,54.199598
6378030.453852,356.486749,54.285505
6378030.480198,356.479983,54.371389
6378030.506620,356.473126,54.457250
6378030.533119,356.466178,54.543088
6378030.559696,356.459139,54.628903
6378030.586349,356.452009,54.714694
6378030.613080,356.444788,54.800461
6378030.639888,356.437477,54.886205
6378030.666773,356.430075,54.971925
6378030.693736,356.422583,55.057620
6378030.720776,356.415002,55.143291
6378030.747894,356.407330,55.228937
6378030.775089,356.399569,55.314559
6378030.802362,356.391718,55.400156
6378030.829712,356.383778,55.485727
6378030.857141,356.375749,55.571274
6378030.884647,356.367631,55.656795
6378030.912231,356.359425,55.742290
6378030.939893,356.351129,55.827760
6378030.967634,356.342745,55.913203
6378030.995452,356.334273,55.998621
6378031.023349,356.325713,56.084012
6378031.051324,356.317065,56.169377
6378031.079377,356.308329,56.254715
6378031.107508,356.299506,56.340026
6378031.135718,356.290595,56.425310
6378031.164007,356.281597,56.510568
6378031.192374,356.272512,56.595797
6378031.220819,356.263340,56.681000
6378031.249344,356.254082,56.766174
6378031.277947,356.244737,56.851321
6378031.306629,356.235306,56.936440
6378031.335389,356.225788,57.021531
6378031.364229,356.216185,57.106593
6378031.393148,356.206496,57.191627
6378031.422146,356.196721,57.276633
6378031.451222,356.186861,57.361609
6378031.480379,356.176916,57.446556
6378031.509614,356.166886,57.531475
6378031.538928,356.156771,57.616364
6378031.568322,356.146571,57.701223
6378031.597796,356.136286,57.786053
6378031.627349,356.125918,57.870853
6378031.656981,356.115465,57.955623
6378031.686693,356.104928,58.040363
6378031.716485,356.094308,58.125072
6378031.746356,356.083604,58.209752
6378031.776307,356.072817,58.294400
6378031.806338,356.061946,58.379018
6378031.836449,356.050992,58.463605
6378031.866639,356.039956,58.548160
6378031.896910,356.028837,58.632685
6378031.927261,356.017635,58.717177
6378031.957692,356.006352,58.801639
6378031.988203,355.994986,58.886068
6378032.018794,355.983538,58.970466
6378032.049466,355.972009,59.054832
6378032.080217,355.960398,59.139165
6378032.111050,355.948705,59.223466
6378032.141962,355.936932,59.307734
6378032.172955,355.925078,59.391970
6378032.204029,355.913143,59.476173
6378032.235183,355.901127,59.560342
6378032.266418,355.889031,59.644479
6378032.297734,355.876855,59.728582
6378032.329130,355.864599,59.812652
6378032.360607,355.852263,59.896688
6378032.392165,355.839847,59.980690
6378032.423804,355.827352,60.064659
6378032.455524,355.814778,60.148593
6378032.487325,355.802125,60.232493
6378032.519207,355.789393,60.316359
6378032.551170,355.776582,60.400190
6378032.583214,355.763693,60.483986
6378032.615340,355.750726,60.567747
6378032.647546,355.737680,60.651474
6378032.679834,355.724557,60.735165
6378032.712204,355.711356,60.818821
6378032.744654,355.698078,60.902441
6378032.777187,355.684722,60.986026
6378032.809800,355.671289,61.069574
6378032.842496,355.657780,61.153087
6378032.875272,355.644193,61.236564
6378032.908131,355.630531,61.320005
6378032.941071,355.616791,61.403409
6378032.974093,355.602976,61.486777
6378033.007197,355.589085,61.570108
6378033.040382,355.575119,61.653402
6378033.073650,355.561076,61.736659
6378033.106999,355.546959,61.819880
6378033.140430,355.532766,61.903062
6378033.173944,355.518499,61.986208
6378033.207539,355.504157,62.069316
6378033.241216,355.489740,62.152386
6378033.274976,355.475249,62.235418
6378033.308818,355.460684,62.318412
6378033.342742,355.446045,62.401368
6378033.376748,355.431333,62.484286
6378033.410837,355.416547,62.567166
6378033.445008,355.401688,62.650007
6378033.479261,355.386755,62.732809
6378033.513597,355.371750,62.815572
6378033.548015,355.356672,62.898296
6378033.582516,355.341522,62.980981
6378033.617100,355.326299,63.063627
6378033.651766,355.311004,63.146234
6378033.686514,355.295638,63.228801
6378033.721346,355.280200,63.311328
6378033.756260,355.264690,63.393815
6378033.791257,355.249109,63.476262
6378033.826336,355.233457,63.558670
6378033.861499,355.217734,63.641037
6378033.896744,355.201941,63.723363
6378033.932073,355.186077,63.805649
6378033.967484,355.170143,63.887894
6378034.002978,355.154139,63.970099
6378034.038556,355.138066,64.052262
6378034.074216,355.121922,64.134385
6378034.109960,355.105710,64.216466
6378034.145786,355.089428,64.298506
6378034.181696,355.073077,64.380505
6378034.217689,355.056657,64.462461
6378034.253765,355.040169,64.544376
6378034.289925,355.023613,64.626250
6378034.326168,355.006988,64.708081
6378034.362494,354.990296,64.789870
6378034.398904,354.973535,64.871616
6378034.435397,354.956708,64.953321
6378034.471974,354.939813,65.034982
6378034.508634,354.922851,65.116601
6378034.545377,354.905822,65.198177
6378034.582204,354.888726,65.279711
6378034.619115,354.871564,65.361201
6378034.656110,354.854336,65.442648
6378034.693188,354.837042,65.524051
6378034.730349,354.819682,65.605412
6378034.767595,354.802256,65.686728
6378034.804924,354.784765,65.768001
6378034.842337,354.767209,65.849230
6378034.879834,354.749588,65.930415
6378034.917414,354.731902,66.011556
6378034.955079,354.714151,66.092653
6378034.992827,354.696337,66.173705
6378035.030660,354.678458,66.254713
6378035.068576,354.660515,66.335676
6378035.106576,354.642509,66.416594
6378035.144660,354.624439,66.497468
6378035.182829,354.606306,66.578297
6378035.221081,354.588110,66.659080
6378035.259417,354.569851,66.739819
6378035.297838,354.551530,66.820512
6378035.336343,354.533146,66.901159
6378035.374932,354.514700,66.981761
6378035.413605,354.496192,67.062317
6378035.452362,354.477623,67.142828
6378035.491204,354.458991,67.223292
6378035.530130,354.440299,67.303711
6378035.569140,354.421545,67.384083
6378035.608234,354.402731,67.464409
6378035.647413,354.383856,67.544688
6378035.686676,354.364921,67.624921
6378035.726024,354.345925,67.705107
6378035.765456,354.326869,67.785246
6378035.804972,354.307754,67.865339
6378035.844573,354.288579,67.945384
6378035.884259,354.269345,68.025383
6378035.924029,354.250052,68.105334
6378035.963883,354.230699,68.185238
6378036.003822,354.211289,68.265094
6378036.043846,354.191819,68.344902
6378036.083954,354.172292,68.424663
6378036.124147,354.152706,68.504376
6378036.164424,354.133063,68.584042
6378036.204786,354.113362,68.663659
6378036.245233,354.093604,68.743228
6378036.285764,354.073788,68.822748
6378036.326380,354.053916,68.902221
6378036.367081,354.033987,68.981644
6378036.407866,354.014001,69.061019
6378036.448737,353.993960,69.140346
6378036.489692,353.973862,69.219623
6378036.530732,353.953709,69.298852
6378036.571856,353.933500,69.378032
6378036.613066,353.913235,69.457162
6378036.654360,353.892916,69.536243
6378036.695739,353.872541,69.615275
6378036.737203,353.852112,69.694257
6378036.778752,353.831629,69.773190
6378036.820386,353.811091,69.852073
6378036.862105,353.790499,69.930906
6378036.903909,353.769853,70.009690
6378036.945797,353.749154,70.088423
6378036.987771,353.728402,70.167106
6378037.029829,353.707596,70.245739
6378037.071973,353.686738,70.324322
6378037.114201,353.665826,70.402854
6378037.156515,353.644863,70.481336
6378037.198913,353.623847,70.559767
6378037.241397,353.602779,70.638147
6378037.283965,353.581660,70.716476
6378037.326619,353.560488,70.794755
6378037.369358,353.539266,70.872982
6378037.412181,353.517992,70.951159
6378037.455090,353.496668,71.029284
6378037.498084,353.475293,71.107358
6378037.541163,353.453868,71.185380
6378037.584327,353.432392,71.263351
6378037.627576,353.410867,71.341270
6378037.670911,353.389291,71.419137
6378037.714330,353.367666,71.496953
6378037.757835,353.345992,71.574716
6378037.801424,353.324269,71.652428
6378037.845099,353.302497,71.730087
6378037.888859,353.280677,71.807695
6378037.932704,353.258808,71.885250
6378037.976635,353.236891,71.962752
6378038.020650,353.214926,72.040202
6378038.064751,353.192913,72.117600
6378038.108936,353.170853,72.194944
6378038.153207,353.148746,72.272236
6378038.197564,353.126591,72.349475
6378038.242005,353.104390,72.426662
6378038.286532,353.082143,72.503795
6378038.331143,353.059849,72.580875
6378038.375840,353.037509,72.657901
6378038.420622,353.015123,72.734875
6378038.465490,352.992691,72.811794
6378038.510442,352.970214,72.888661
6378038.555480,352.947692,72.965474
6378038.600603,352.925125,73.042233
6378038.645811,352.902513,73.118938
6378038.691104,352.879857,73.195590
6378038.736483,352.857157,73.272187
6378038.781947,352.834412,73.348731
6378038.827496,352.811624,73.425220
6378038.873130,352.788792,73.501655
6378038.918849,352.765917,73.578036
6378038.964654,352.742999,73.654363
6378039.010543,352.720037,73.730635
6378039.056518,352.697034,73.806852
6378039.102578,352.673987,73.883015
6378039.148724,352.650899,73.959123
6378039.194954,352.627769,74.035176
6378039.241270,352.604597,74.111175
6378039.287671,352.581383,74.187118
6378039.334157,352.558128,74.263007
6378039.380728,352.534833,74.338840
6378039.427384,352.511496,74.414618
6378039.474125,352.488119,74.490341
6378039.520952,352.464701,74.566009
6378039.567864,352.441244,74.641621
6378039.614861,352.417746,74.717177
6378039.661943,352.394209,74.792678
6378039.709110,352.370633,74.868123
6378039.756362,352.347017,74.943513
6378039.803699,352.323362,75.018847
6378039.851122,352.299669,75.094124
6378039.898629,352.275937,75.169346
6378039.946222,352.252167,75.244512
6378039.993899,352.228359,75.319621
6378040.041662,352.204513,75.394675
6378040.089590,352.180525,75.469700
6378040.137680,352.156398,75.544701
6378040.185931,352.132134,75.619681
6378040.234342,352.107735,75.694644
6378040.282909,352.083203,75.769593
6378040.331633,352.058540,75.844531
6378040.380512,352.033747,75.919459
6378040.429544,352.008826,75.994380
6378040.478728,351.983779,76.069296
6378040.528064,351.958606,76.144209
6378040.577551,351.933310,76.219120
6378040.627187,351.907890,76.294031
6378040.676972,351.882348,76.368943
6378040.726905,351.856684,76.443857
6378040.776953,351.830900,76.518773
6378040.827087,351.804997,76.593691
6378040.877302,351.778974,76.668611
6378040.927593,351.752832,76.743534
6378040.977958,351.726573,76.818461
6378041.028393,351.700196,76.893392
6378041.078895,351.673701,76.968328
6378041.129462,351.647090,77.043269
6378041.180092,351.620363,77.118216
6378041.230781,351.593520,77.193169
6378041.281529,351.566560,77.268128
6378041.332334,351.539486,77.343094
6378041.383194,351.512296,77.418066
6378041.434107,351.484992,77.493046
6378041.485073,351.457573,77.568033
6378041.536090,351.430040,77.643028
6378041.587157,351.402392,77.718031
6378041.638273,351.374631,77.793042
6378041.689438,351.346756,77.868062
6378041.740650,351.318767,77.943089
6378041.791909,351.290665,78.018125
6378041.843214,351.262450,78.093170
6378041.894565,351.234122,78.168224
6378041.945961,351.205682,78.243287
6378041.997402,351.177128,78.318358
6378042.048887,351.148462,78.393439
6378042.100415,351.119684,78.468529
6378042.151987,351.090794,78.543629
6378042.203602,351.061791,78.618738
6378042.255260,351.032677,78.693856
6378042.306960,351.003451,78.768984
6378042.358702,350.974114,78.844122
6378042.410486,350.944664,78.919269
6378042.462312,350.915104,78.994426
6378042.514179,350.885432,79.069593
6378042.566088,350.855649,79.144770
6378042.618037,350.825756,79.219957
6378042.670028,350.795751,79.295154
6378042.722059,350.765636,79.370361
6378042.774131,350.735410,79.445578
6378042.826243,350.705073,79.520805
6378042.878396,350.674626,79.596043
6378042.930589,350.644069,79.671291
6378042.982822,350.613402,79.746549
6378043.035095,350.582624,79.821817
6378043.087407,350.551737,79.897096
6378043.139760,350.520739,79.972386
6378043.192152,350.489633,80.047686
6378043.244583,350.458416,80.122996
6378043.297054,350.427090,80.198317
6378043.349565,350.395654,80.273649
6378043.402114,350.364109,80.348991
6378043.454703,350.332455,80.424345
6378043.507331,350.300692,80.499709
6378043.559998,350.268820,80.575084
6378043.612704,350.236839,80.650469
6378043.665449,350.204749,80.725866
6378043.718232,350.172550,80.801273
6378043.771054,350.140243,80.876692
6378043.823915,350.107827,80.952122
6378043.876815,350.075303,81.027562
6378043.929752,350.042671,81.103014
6378043.982729,350.009930,81.178477
6378044.035743,349.977081,81.253951
6378044.088796,349.944124,81.329437
6378044.141887,349.911059,81.404934
6378044.195016,349.877886,81.480442
6378044.248184,349.844606,81.555961
6378044.301389,349.811218,81.631492
6378044.354632,349.777722,81.707035
6378044.407913,349.744119,81.782589
6378044.461232,349.710408,81.858154
6378044.514588,349.676590,81.933731
6378044.567982,349.642665,82.009320
6378044.621414,349.608632,82.084921
6378044.674883,349.574493,82.160533
6378044.728390,349.540246,82.236157
6378044.781934,349.505893,82.311793
6378044.835516,349.471433,82.387440
6378044.889135,349.436866,82.463100
6378044.942791,349.402192,82.538772
6378044.996484,349.367412,82.614455
6378045.050214,349.332526,82.690151
6378045.103981,349.297533,82.765858
6378045.157785,349.262433,82.841578
6378045.211626,349.227228,82.917310
6378045.265504,349.191916,82.993055
6378045.319418,349.156498,83.068811
6378045.373370,349.120975,83.144580
6378045.427358,349.085345,83.220361
6378045.481382,349.049609,83.296155
6378045.535443,349.013768,83.371961
6378045.589540,348.977821,83.447780
6378045.643674,348.941769,83.523611
6378045.697844,348.905610,83.599455
6378045.752050,348.869347,83.675311
6378045.806293,348.832978,83.751180
6378045.860571,348.796504,83.827062
6378045.914886,348.759924,83.902957
6378045.969237,348.723239,83.978864
6378046.023623,348.686450,84.054785
6378046.078046,348.649555,84.130718
6378046.132504,348.612555,84.206664
6378046.186998,348.575450,84.282624
6378046.241527,348.538241,84.358596
6378046.296093,348.500927,84.434581
6378046.350693,348.463508,84.510580
6378046.405330,348.425984,84.586592
6378046.460002,348.388356,84.662617
6378046.514709,348.350624,84.738655
6378046.569451,348.312787,84.814707
6378046.624229,348.274846,84.890772
6378046.679041,348.236800,84.966851
6378046.733889,348.198651,85.042943
6378046.788772,348.160397,85.119049
6378046.843690,348.122039,85.195168
6378046.898643,348.083577,85.271301
6378046.953631,348.045011,85.347447
6378047.008654,348.006342,85.423608
6378047.063711,347.967568,85.499782
6378047.118803,347.928691,85.575970
6378047.173930,347.889710,85.652172
6378047.229091,347.850625,85.728387
6378047.284287,347.811437,85.804617
6378047.339517,347.772146,85.880861
6378047.394781,347.732751,85.957119
6378047.450080,347.693252,86.033390
6378047.505413,347.653651,86.109677
6378047.560781,347.613946,86.185977
6378047.616182,347.574137,86.262291
6378047.671618,347.534226,86.338620
6378047.727087,347.494212,86.414964
6378047.782591,347.454094,86.491321
6378047.838128,347.413874,86.567693
6378047.893699,347.373551,86.644080
6378047.949304,347.333124,86.720481
6378048.004943,347.292595,86.796897
6378048.060615,347.251964,86.873327
6378048.116321,347.211229,86.949773
6378048.172061,347.170392,87.026232
6378048.227834,347.129453,87.102707
6378048.283640,347.088411,87.179197
6378048.339480,347.047266,87.255701
6378048.395353,347.006019,87.332221
6378048.451259,346.964670,87.408755
6378048.507199,346.923218,87.485304
6378048.563171,346.881665,87.561869
6378048.619177,346.840008,87.638449
6378048.675215,346.798250,87.715043
6378048.731287,346.756390,87.791653
6378048.787391,346.714428,87.868279
6378048.843529,346.672363,87.944920
6378048.899699,346.630197,88.021576
6378048.955901,346.587929,88.098247
6378049.012137,346.545559,88.174934
6378049.068405,346.503087,88.251637
6378049.124705,346.460514,88.328355
6378049.181038,346.417839,88.405089
6378049.237404,346.375062,88.481838
6378049.293802,346.332183,88.558603
6378049.350232,346.289204,88.635384
6378049.406694,346.246122,88.712181
6378049.463188,346.202939,88.788993
6378049.519715,346.159655,88.865822
6378049.576274,346.116269,88.942666
6378049.632864,346.072782,89.019527
6378049.689487,346.029194,89.096403
6378049.746142,345.985505,89.173296
6378049.802828,345.941714,89.250205
6378049.859546,345.897823,89.327130
6378049.916296,345.853830,89.404071
6378049.973072,345.809797,89.481002
6378050.029873,345.765755,89.557911
6378050.086697,345.721704,89.634796
6378050.143544,345.677643,89.711659
6378050.200415,345.633574,89.788499
6378050.257309,345.589495,89.865317
6378050.314226,345.545407,89.942112
6378050.371167,345.501310,90.018885
6378050.428130,345.457205,90.095637
6378050.485117,345.413090,90.172366
6378050.542125,345.368967,90.249073
6378050.599157,345.324835,90.325758
6378050.656211,345.280694,90.402421
6378050.713287,345.236545,90.479063
6378050.770386,345.192387,90.555684
6378050.827507,345.148221,90.632283
6378050.884649,345.104047,90.708861
6378050.941814,345.059864,90.785418
6378050.999000,345.015672,90.861954
6378051.056208,344.971473,90.938468
6378051.113438,344.927265,91.014962
6378051.170689,344.883050,91.091436
6378051.227961,344.838826,91.167888
6378051.285254,344.794594,91.244320
6378051.342569,344.750355,91.320732
6378051.399904,344.706107,91.397124
6378051.457261,344.661852,91.473495
6378051.514638,344.617588,91.549846
6378051.572036,344.573317,91.626177
6378051.629454,344.529039,91.702488
6378051.686893,344.484753,91.778780
6378051.744352,344.440459,91.855051
6378051.801831,344.396158,91.931303
6378051.859330,344.351849,92.007536
6378051.916850,344.307533,92.083749
6378051.974389,344.263210,92.159943
6378052.031948,344.218879,92.236118
6378052.089527,344.174541,92.312274
6378052.147126,344.130196,92.388410
6378052.204743,344.085844,92.464528
6378052.262381,344.041484,92.540627
6378052.320037,343.997118,92.616707
6378052.377713,343.952744,92.692769
6378052.435408,343.908364,92.768812
6378052.493122,343.863977,92.844837
6378052.550854,343.819583,92.920843
6378052.608606,343.775182,92.996831
6378052.666376,343.730774,93.072801
6378052.724165,343.686360,93.148753
6378052.781972,343.641939,93.224687
6378052.839797,343.597511,93.300603
6378052.897641,343.553077,93.376501
6378052.955503,343.508636,93.452382
6378053.013383,343.464189,93.528245
6378053.071282,343.419735,93.604090
6378053.129198,343.375275,93.679918
6378053.187131,343.330809,93.755729
6378053.245083,343.286336,93.831522
6378053.303052,343.241857,93.907298
6378053.361039,343.197372,93.983058
6378053.419043,343.152880,94.058800
6378053.477065,343.108383,94.134525
6378053.535104,343.063879,94.210234
6378053.593160,343.019370,94.285926
6378053.651233,342.974854,94.361601
6378053.709323,342.930332,94.437259
6378053.767430,342.885805,94.512902
6378053.825553,342.841271,94.588527
6378053.883694,342.796732,94.664137
6378053.941851,342.752187,94.739730
6378054.000025,342.707636,94.815307
6378054.058215,342.663080,94.890869
6378054.116421,342.618517,94.966414
6378054.174644,342.573949,95.041943
6378054.232883,342.529376,95.117456
6378054.291138,342.484797,95.192954
6378054.349409,342.440212,95.268436
6378054.407696,342.395622,95.343903
6378054.465999,342.351026,95.419354
6378054.524318,342.306425,95.494789
6378054.582652,342.261819,95.570210
6378054.641002,342.217207,95.645615
6378054.699367,342.172590,95.721005
6378054.757748,342.127968,95.796380
6378054.816145,342.083340,95.871739
6378054.874556,342.038707,95.947084
6378054.932983,341.994069,96.022414
6378054.991425,341.949426,96.097730
6378055.049882,341.904778,96.173030
6378055.108354,341.860125,96.248316
6378055.166841,341.815466,96.323587
6378055.225342,341.770803,96.398844
6378055.283859,341.726135,96.474087
6378055.342390,341.681461,96.549315
6378055.400935,341.636783,96.624529
6378055.459496,341.592100,96.699729
6378055.518070,341.547412,96.774914
6378055.576659,341.502719,96.850086
6378055.635262,341.458022,96.925243
6378055.693879,341.413320,97.000387
6378055.752511,341.368613,97.075517
6378055.811156,341.323901,97.150633
6378055.869816,341.279185,97.225735
6378055.928489,341.234464,97.300824
6378055.987177,341.189738,97.375900
6378056.045877,341.145008,97.450961
6378056.104592,341.100274,97.526010
6378056.163320,341.055535,97.601045
6378056.222062,341.010791,97.676067
6378056.280817,340.966043,97.751075
6378056.339586,340.921291,97.826071
6378056.398368,340.876534,97.901053
6378056.457163,340.831773,97.976023
6378056.515972,340.787007,98.050979
6378056.574793,340.742238,98.125923
6378056.633628,340.697464,98.200854
6378056.692475,340.652685,98.275772
6378056.751336,340.607903,98.350677
6378056.810209,340.563116,98.425570
6378056.869095,340.518325,98.500451
6378056.927994,340.473530,98.575319
6378056.986905,340.428731,98.650174
6378057.045829,340.383928,98.725017
6378057.104766,340.339121,98.799848
6378057.163715,340.294310,98.874667
6378057.222676,340.249495,98.949473
6378057.281650,340.204675,99.024268
6378057.340636,340.159852,99.099050
6378057.399634,340.115025,99.173821
6378057.458644,340.070194,99.248579
6378057.517666,340.025359,99.323326
6378057.576700,339.980521,99.398061
6378057.635746,339.935678,99.472784
6378057.694804,339.890832,99.547496
6378057.753874,339.845982,99.622196
6378057.812956,339.801128,99.696884
6378057.872049,339.756270,99.771561
6378057.931154,339.711409,99.846227
6378057.990270,339.666544,99.920881
6378058.049398,339.621676,99.995524
6378058.108537,339.576803,100.070155
6378058.167688,339.531928,100.144776
6378058.226850,339.487048,100.219385
6378058.286023,339.442165,100.293983
6378058.345208,339.397279,100.368571
6378058.404403,339.352389,100.443147
6378058.463610,339.307495,100.517712
6378058.522828,339.262598,100.592267
6378058.582056,339.217698,100.666811
6378058.641296,339.172794,100.741344
6378058.700546,339.127887,100.815866
6378058.759808,339.082976,100.890378
6378058.819079,339.038062,100.964879
6378058.878362,338.993145,101.039370
6378058.937655,338.948224,101.113850
6378058.996959,338.903300,101.188320
6378059.056273,338.858373,101.262780
6378059.115598,338.813443,101.337229
6378059.174933,338.768509,101.411668
6378059.234279,338.723572,101.486097
6378059.293634,338.678632,101.560515
6378059.353000,338.633689,101.634924
6378059.412376,338.588742,101.709322
6378059.471763,338.543793,101.783711
6378059.531159,338.498840,101.858090
6378059.590565,338.453884,101.932458
6378059.649982,338.408925,102.006817
6378059.709408,338.363963,102.081167
6378059.768844,338.318998,102.155506
6378059.828290,338.274030,102.229836
6378059.887746,338.229059,102.304156
6378059.947211,338.184086,102.378467
6378060.006686,338.139109,102.452768
6378060.066171,338.094129,102.527059
6378060.125665,338.049146,102.601342
6378060.185169,338.004160,102.675614
6378060.244682,337.959172,102.749878
6378060.304205,337.914180,102.824132
6378060.363737,337.869186,102.898377
6378060.423278,337.824189,102.972613
6378060.482828,337.779189,103.046840
6378060.542388,337.734186,103.121057
6378060.601957,337.689181,103.195266
6378060.661535,337.644172,103.269466
6378060.721122,337.599161,103.343656
6378060.780718,337.554148,103.417838
6378060.840323,337.509131,103.492011
6378060.899937,337.464112,103.566175
6378060.959560,337.419090,103.640330
6378061.019191,337.374066,103.714477
6378061.078832,337.329039,103.788615
6378061.138481,337.284009,103.862744
6378061.198139,337.238976,103.936865
6378061.257805,337.193941,104.010977
6378061.317480,337.148904,104.085081
6378061.377164,337.103864,104.159176
6378061.436856,337.058821,104.233263
6378061.496557,337.013776,104.307341
6378061.556266,336.968728,104.381411
6378061.615983,336.923678,104.455473
6378061.675709,336.878625,104.529527
6378061.735443,336.833570,104.603573
6378061.795185,336.788512,104.677610
6378061.854936,336.743452,104.751639
6378061.914694,336.698390,104.825660
6378061.974461,336.653325,104.899673
6378062.034236,336.608258,104.973679
6378062.094018,336.563188,105.047676
6378062.153809,336.518116,105.121665
6378062.213608,336.473041,105.195647
6378062.273415,336.427965,105.269620
6378062.333229,336.382886,105.343586
6378062.393052,336.337804,105.417545
6378062.452882,336.292720,105.491495
6378062.512719,336.247634,105.565438
6378062.572565,336.202546,105.639373
6378062.632418,336.157456,105.713301
6378062.692279,336.112363,105.787221
6378062.752147,336.067268,105.861134
6378062.812023,336.022171,105.935039
6378062.871907,335.977072,106.008937
6378062.931798,335.931970,106.082827
6378062.991696,335.886866,106.156710
6378063.051602,335.841760,106.230586
6378063.111515,335.796652,106.304454
6378063.171435,335.751542,106.378316
6378063.231362,335.706430,106.452170
6378063.291297,335.661315,106.526017
6378063.351239,335.616199,106.599856
6378063.411188,335.571080,106.673689
6378063.471144,335.525960,106.747515
6378063.531108,335.480837,106.821334
6378063.591078,335.435712,106.895145
6378063.651055,335.390586,106.968950
6378063.711040,335.345457,107.042748
6378063.771031,335.300326,107.116539
6378063.831029,335.255193,107.190323
6378063.891034,335.210058,107.264101
6378063.951046,335.164922,107.337872
6378064.011064,335.119783,107.411636
6378064.071090,335.074642,107.485393
6378064.131122,335.029500,107.559144
6378064.191160,334.984355,107.632888
6378064.251206,334.939209,107.706625
6378064.311258,334.894060,107.780356
6378064.371316,334.848910,107.854080
6378064.431381,334.803758,107.927798
6378064.491453,334.758604,108.001510
6378064.551531,334.713448,108.075215
6378064.611615,334.668290,108.148914
6378064.671706,334.623131,108.222606
6378064.731803,334.577969,108.296292
6378064.791907,334.532806,108.369972
6378064.852016,334.487641,108.443646
6378064.912132,334.442475,108.517313
6378064.972255,334.397306,108.590974
6378065.032383,334.352136,108.664629
6378065.092518,334.306964,108.738278
6378065.152659,334.261790,108.811921
6378065.212806,334.216614,108.885558
6378065.272959,334.171437,108.959188
6378065.333118,334.126258,109.032813
6378065.393283,334.081077,109.106432
6378065.453454,334.035895,109.180045
6378065.513631,333.990711,109.253652
6378065.573813,333.945525,109.327253
6378065.634002,333.900338,109.400848
6378065.694197,333.855149,109.474438
6378065.754397,333.809958,109.548022
6378065.814603,333.764765,109.621600
6378065.874815,333.719571,109.695172
6378065.935033,333.674376,109.768738
6378065.995256,333.629179,109.842299
6378066.055485,333.583980,109.915855
6378066.115720,333.538779,109.989404
6378066.175960,333.493577,110.062949
6378066.236206,333.448374,110.136487
6378066.296458,333.403169,110.210020
6378066.356714,333.357962,110.283548
6378066.416977,333.312754,110.357070
6378066.477245,333.267544,110.430587
6378066.537518,333.222333,110.504098
6378066.597797,333.177120,110.577604
6378066.658081,333.131905,110.651105
6378066.718370,333.086690,110.724600
6378066.778665,333.041472,110.798091
6378066.838965,332.996253,110.871575
6378066.899270,332.951033,110.945055
6378066.959581,332.905811,111.018529
6378067.019897,332.860588,111.091999
6378067.080218,332.815364,111.165463
6378067.140544,332.770137,111.238922
6378067.200875,332.724910,111.312376
6378067.261211,332.679681,111.385824
6378067.321553,332.634451,111.459268
6378067.381899,332.589219,111.532707
6378067.442250,332.543986,111.606141
6378067.502607,332.498751,111.679570
6378067.562968,332.453515,111.752994
6378067.623335,332.408278,111.826413
6378067.683706,332.363039,111.899827
6378067.744082,332.317799,111.973236
6378067.804463,332.272558,112.046640
6378067.864849,332.227315,112.120040
6378067.925240,332.182071,112.193435
6378067.985635,332.136826,112.266825
6378068.046035,332.091579,112.340210
6378068.106440,332.046331,112.413591
6378068.166850,332.001082,112.486967
6378068.227264,331.955831,112.560338
6378068.287683,331.910579,112.633705
6378068.348107,331.865326,112.707067
6378068.408535,331.820072,112.780424
6378068.468968,331.774816,112.853777
6378068.529406,331.729559,112.927126
6378068.589847,331.684301,113.000469
6378068.650294,331.639041,113.073809
6378068.710745,331.593781,113.147144
6378068.771200,331.548519,113.220474
6378068.831660,331.503256,113.293800
6378068.892125,331.457991,113.367122
6378068.952593,331.412726,113.440439
6378069.013066,331.367459,113.513752
6378069.073544,331.322191,113.587060
6378069.134026,331.276922,113.660365
6378069.194512,331.231652,113.733665
6378069.255002,331.186380,113.806960
6378069.315497,331.141107,113.880252
6378069.375996,331.095834,113.953539
6378069.436499,331.050559,114.026822
6378069.497006,331.005282,114.100101
6378069.557517,330.960005,114.173376
6378069.618033,330.914727,114.246647
6378069.678553,330.869447,114.319913
6378069.739077,330.824167,114.393176
6378069.799604,330.778885,114.466434
6378069.860136,330.733602,114.539688
6378069.920672,330.688318,114.612939
6378069.981213,330.643033,114.686185
6378070.041757,330.597747,114.759427
6378070.102305,330.552460,114.832666
6378070.162857,330.507171,114.905900
6378070.223413,330.461882,114.979130
6378070.283972,330.416591,115.052357
6378070.344536,330.371300,115.125580
6378070.405104,330.326007,115.198799
6378070.465675,330.280714,115.272014
6378070.526251,330.235419,115.345225
6378070.586830,330.190123,115.418432
6378070.647413,330.144827,115.491636
6378070.707999,330.099529,115.564836
6378070.768590,330.054230,115.638032
6378070.829184,330.008930,115.711224
6378070.889782,329.963630,115.784413
6378070.950384,329.918328,115.857598
6378071.010989,329.873025,115.930779
6378071.071598,329.827721,116.003957
6378071.132211,329.782417,116.077131
6378071.192827,329.737111,116.150302
6378071.253447,329.691804,116.223469
6378071.314070,329.646496,116.296632
6378071.374697,329.601188,116.369792
6378071.435327,329.555878,116.442948
6378071.495961,329.510568,116.516101
6378071.556599,329.465256,116.589250
6378071.617240,329.419944,116.662396
6378071.677884,329.374631,116.735538
6378071.738532,329.329316,116.808677
6378071.799184,329.284001,116.881813
6378071.859839,329.238685,116.954945
6378071.920497,329.193368,117.028074
6378071.981158,329.148050,117.101199
6378072.041823,329.102731,117.174321
6378072.102492,329.057412,117.247440
6378072.163163,329.012091,117.320555
6378072.223838,328.966769,117.393667
6378072.284516,328.921447,117.466776
6378072.345198,328.876124,117.539881
6378072.405883,328.830800,117.612984
6378072.466571,328.785475,117.686083
6378072.527262,328.740149,117.759179
6378072.587956,328.694822,117.832271
6378072.648654,328.649495,117.905361
6378072.709355,328.604166,117.978447
6378072.770059,328.558837,118.051530
6378072.830766,328.513507,118.124610
6378072.891476,328.468176,118.197687
6378072.952189,328.422844,118.270761
6378073.012906,328.377511,118.343832
6378073.073625,328.332178,118.416899
6378073.134348,328.286844,118.489964
6378073.195073,328.241509,118.563026
6378073.255802,328.196173,118.636084
6378073.316533,328.150836,118.709140
6378073.377268,328.105499,118.782192
6378073.438005,328.060161,118.855242
6378073.498746,328.014822,118.928289
6378073.559490,327.969482,119.001332
6378073.620236,327.924141,119.074373
6378073.680985,327.878800,119.147411
6378073.741738,327.833458,119.220446
6378073.802493,327.788115,119.293478
6378073.863251,327.742771,119.366508
6378073.924011,327.697427,119.439534
6378073.984775,327.652082,119.512558
6378074.045542,327.606736,119.585578
6378074.106311,327.561389,119.658596
6378074.167083,327.516042,119.731612
6378074.227858,327.470694,119.804624
6378074.288636,327.425345,119.877634
6378074.349416,327.379995,119.950641
6378074.410199,327.334645,120.023645
6378074.470985,327.289294,120.096646
6378074.531774,327.243942,120.169645
6378074.592565,327.198590,120.242641
6378074.653359,327.153236,120.315635
6378074.714156,327.107883,120.388625
6378074.774955,327.062528,120.461613
6378074.835757,327.017173,120.534599
6378074.896561,326.971817,120.607582
6378074.957369,326.926460,120.680562
6378075.018178,326.881103,120.753540
6378075.078991,326.835745,120.826515
6378075.139806,326.790386,120.899487
6378075.200623,326.745027,120.972457
6378075.261443,326.699667,121.045425
6378075.322266,326.654306,121.118390
6378075.383091,326.608945,121.191352
6378075.443918,326.563583,121.264312
6378075.504748,326.518220,121.337270
6378075.565581,326.472857,121.410225
6378075.626416,326.427493,121.483177
6378075.687253,326.382128,121.556127
6378075.748093,326.336763,121.629075
6378075.808936,326.291397,121.702020
6378075.869780,326.246030,121.774963
6378075.930627,326.200663,121.847903
6378075.991477,326.155295,121.920841
6378076.052329,326.109927,121.993777
6378076.113183,326.064558,122.066710
6378076.174040,326.019188,122.139641
6378076.234899,325.973818,122.212570
6378076.295760,325.928447,122.285496
6378076.356623,325.883076,122.358420
6378076.417489,325.837704,122.431342
6378076.478357,325.792331,122.504261
6378076.539228,325.746958,122.577179
6378076.600101,325.701584,122.650093
6378076.660976,325.656209,122.723006
6378076.721853,325.610834,122.795917
6378076.782732,325.565459,122.868825
6378076.843614,325.520082,122.941731
6378076.904498,325.474706,123.014635
6378076.965384,325.429328,123.087536
6378077.026272,325.383950,123.160436
6378077.087162,325.338572,123.233333
6378077.148055,325.293193,123.306228
6378077.208950,325.247813,123.379121
6378077.269846,325.202433,123.452012
6378077.330745,325.157052,123.524900
6378077.391646,325.111671,123.597787
6378077.452550,325.066289,123.670671
6378077.513455,325.020907,123.743554
6378077.574362,324.975524,123.816434
6378077.635272,324.930141,123.889312
6378077.696183,324.884757,123.962189
6378077.757097,324.839372,124.035063
6378077.818012,324.793987,124.107935
6378077.878930,324.748601,124.180805
6378077.939850,324.703215,124.253673
6378078.000771,324.657829,124.326539
6378078.061695,324.612441,124.399403
6378078.122620,324.567054,124.472265
6378078.183548,324.521666,124.545126
6378078.244478,324.476277,124.617984
6378078.305409,324.430888,124.690840
6378078.366343,324.385498,124.763694
6378078.427278,324.340108,124.836547
6378078.488215,324.294717,124.909397
6378078.549154,324.249326,124.982246
6378078.610096,324.203934,125.055092
6378078.671039,324.158542,125.127937
6378078.731984,324.113149,125.200780
6378078.792930,324.067756,125.273621
6378078.853879,324.022363,125.346460
6378078.914829,323.976969,125.419297
6378078.975782,323.931574,125.492133
6378079.036736,323.886179,125.564966
6378079.097692,323.840783,125.637798
6378079.158650,323.795387,125.710628
6378079.219609,323.749991,125.783456
6378079.280571,323.704594,125.856283
6378079.341534,323.659197,125.929107
6378079.402499,323.613799,126.001930
6378079.463466,323.568400,126.074751
6378079.524434,323.523002,126.147570
6378079.585404,323.477602,126.220388
6378079.646376,323.432203,126.293204
6378079.707350,323.386803,126.366018
6378079.768326,323.341402,126.438830
6378079.829303,323.296001,126.511641
6378079.890282,323.250599,126.584450
6378079.951262,323.205198,126.657257
6378080.012244,323.159795,126.730063
6378080.073228,323.114393,126.802866
6378080.134214,323.068989,126.875669
6378080.195201,323.023586,126.948469
6378080.256190,322.978182,127.021268
6378080.317181,322.932777,127.094065
6378080.378173,322.887372,127.166861
6378080.439167,322.841967,127.239655
6378080.500162,322.796561,127.312448
6378080.561159,322.751155,127.385238
6378080.622158,322.705749,127.458028
6378080.683158,322.660342,127.530815
6378080.744160,322.614934,127.603601
6378080.805163,322.569526,127.676386
6378080.866168,322.524118,127.749169
6378080.927174,322.478710,127.821950
6378080.988183,322.433301,127.894730
6378081.049192,322.387891,127.967508
6378081.110203,322.342482,128.040285
6378081.171216,322.297071,128.113060
6378081.232230,322.251661,128.185834
6378081.293246,322.206250,128.258606
6378081.354263,322.160839,128.331377
6378081.415282,322.115427,128.404146
6378081.476302,322.070015,128.476914
6378081.537323,322.024602,128.549680
6378081.598346,321.979190,128.622445
6378081.659371,321.933776,128.695208
6378081.720397,321.888363,128.767970
6378081.781425,321.842949,128.840730
6378081.842453,321.797534,128.913489
6378081.903484,321.752120,128.986247
6378081.964516,321.706705,129.059003
6378082.025549,321.661289,129.131757
6378082.086583,321.615873,129.204511
6378082.147619,321.570457,129.277263
6378082.208657,321.525041,129.350013
6378082.269696,321.479624,129.422762
6378082.330736,321.434207,129.495510
6378082.391777,321.388789,129.568256
6378082.452820,321.343371,129.641001
6378082.513864,321.297953,129.713745
6378082.574910,321.252534,129.786487
6378082.635957,321.207115,129.859228
6378082.697005,321.161696,129.931968
6378082.758055,321.116276,130.004706
6378082.819106,321.070856,130.077443
6378082.880158,321.025436,130.150179
6378082.941212,320.980015,130.222913
6378083.002267,320.934594,130.295646
6378083.063323,320.889173,130.368378
6378083.124380,320.843752,130.441108
6378083.185439,320.798330,130.513837
6378083.246499,320.752907,130.586565
6378083.307560,320.707485,130.659292
6378083.368623,320.662062,130.732017
6378083.429687,320.616638,130.804741
6378083.490752,320.571215,130.877464
6378083.551818,320.525791,130.950186
6378083.612885,320.480367,131.022906
6378083.673954,320.434942,131.095625
6378083.735024,320.389517,131.168343
6378083.796095,320.344092,131.241060
6378083.857168,320.298667,131.313775
6378083.918241,320.253241,131.386490
6378083.979316,320.207815,131.459203
6378084.040392,320.162388,131.531915
6378084.101469,320.116962,131.604626
6378084.162548,320.071535,131.677335
6378084.223627,320.026108,131.750043
6378084.284708,319.980680,131.822751
6378084.345790,319.935252,131.895457
6378084.406873,319.889824,131.968162
6378084.467957,319.844395,132.040865
6378084.529042,319.798967,132.113568
6378084.590129,319.753538,132.186270
6378084.651216,319.708108,132.258970
6378084.712305,319.662679,132.331669
6378084.773395,319.617249,132.404367
6378084.834486,319.571819,132.477064
6378084.895578,319.526388,132.549760
6378084.956671,319.480957,132.622455
6378085.017765,319.435526,132.695149
6378085.078860,319.390095,132.767841
6378085.139957,319.344663,132.840533
6378085.201054,319.299232,132.913223
6378085.262153,319.253800,132.985913
6378085.323253,319.208367,133.058601
6378085.384353,319.162934,133.131288
6378085.445455,319.117502,133.203974
6378085.506558,319.072068,133.276660
6378085.567662,319.026635,133.349344
6378085.628766,318.981201,133.422027
6378085.689872,318.935767,133.494709
6378085.750979,318.890333,133.567390
6378085.812087,318.844898,133.640070
6378085.873196,318.799464,133.712749
6378085.934306,318.754029,133.785427
6378085.995417,318.708593,133.858104
6378086.056529,318.663158,133.930780
6378086.117642,318.617722,134.003455
6378086.178756,318.572286,134.076128
6378086.239871,318.526850,134.148801
6378086.300987,318.481413,134.221473
6378086.362104,318.435976,134.294145
6378086.423222,318.390539,134.366815
6378086.484341,318.345102,134.439484
6378086.545460,318.299664,134.512152
6378086.606581,318.254227,134.584819
6378086.667703,318.208789,134.657485
6378086.728826,318.163350,134.730150
6378086.789949,318.117912,134.802815
6378086.851074,318.072473,134.875478
6378086.912199,318.027034,134.948141
6378086.973326,317.981595,135.020802
6378087.034453,317.936156,135.093463
6378087.095581,317.890716,135.166123
6378087.156710,317.845276,135.238781
6378087.217840,317.799836,135.311439
6378087.278971,317.754396,135.384096
6378087.340103,317.708955,135.456752
6378087.401236,317.663514,135.529408
6378087.462369,317.618073,135.602062
6378087.523504,317.572632,135.674715
6378087.584639,317.527191,135.747368
6378087.645775,317.481749,135.820020
6378087.706913,317.436307,135.892671
6378087.768051,317.390865,135.965321
6378087.829189,317.345422,136.037970
6378087.890329,317.299980,136.110618
6378087.951470,317.254537,136.183265
6378088.012611,317.209094,136.255912
6378088.073753,317.163651,136.328558
6378088.134896,317.118207,136.401202
6378088.196040,317.072764,136.473846
6378088.257185,317.027320,136.546490
6378088.318331,316.981876,136.619132
6378088.379477,316.936432,136.691774
6378088.440624,316.890987,136.764414
6378088.501772,316.845543,136.837054
6378088.562921,316.800098,136.909694
6378088.624070,316.754653,136.982332
6378088.685221,316.709207,137.054969
6378088.746372,316.663762,137.127606
6378088.807524,316.618316,137.200242
6378088.868677,316.572870,137.272877
6378088.929830,316.527424,137.345512
6378088.990985,316.481978,137.418145
6378089.052140,316.436532,137.490778
6378089.113296,316.391085,137.563410
6378089.174452,316.345638,137.636041
6378089.235610,316.300191,137.708672
6378089.296768,316.254744,137.781302
6378089.357927,316.209296,137.853931
6378089.419087,316.163849,137.926559
6378089.480247,316.118401,137.999187
6378089.541408,316.072953,138.071813
6378089.602570,316.027505,138.144440
6378089.663733,315.982057,138.217065
6378089.724896,315.936608,138.289689
6378089.786060,315.891159,138.362313
6378089.847225,315.845710,138.434936
6378089.908390,315.800261,138.507559
6378089.969557,315.754812,138.580181
6378090.030724,315.709363,138.652802
6378090.091891,315.663913,138.725422
6378090.153060,315.618463,138.798041
6378090.214229,315.573013,138.870660
6378090.275398,315.527563,138.943279
6378090.336569,315.482113,139.015896
6378090.397740,315.436662,139.088513
6378090.458912,315.391211,139.161129
6378090.520084,315.345761,139.233744
6378090.581257,315.300310,139.306359
6378090.642431,315.254858,139.378973
6378090.703606,315.209407,139.451587
6378090.764781,315.163956,139.524199
6378090.825957,315.118504,139.596812
6378090.887133,315.073052,139.669423
6378090.948311,315.027600,139.742034
6378091.009488,314.982148,139.814644
6378091.070667,314.936695,139.887253
6378091.131846,314.891243,139.959862
6378091.193026,314.845790,140.032470
6378091.254206,314.800337,140.105078
6378091.315387,314.754884,140.177685
6378091.376569,314.709431,140.250291
6378091.437751,314.663978,140.322897
6378091.498934,314.618525,140.395502
6378091.560118,314.573071,140.468106
6378091.621302,314.527617,140.540710
6378091.682487,314.482163,140.613313
6378091.743672,314.436709,140.685916
6378091.804858,314.391255,140.758518
6378091.866045,314.345800,140.831119
6378091.927232,314.300346,140.903720
6378091.988420,314.254891,140.976320
6378092.049608,314.209436,141.048919
6378092.110797,314.163981,141.121518
6378092.171987,314.118526,141.194116
6378092.233177,314.073071,141.266714
6378092.294368,314.027615,141.339311
6378092.355559,313.982160,141.411908
6378092.416751,313.936704,141.484504
6378092.477944,313.891248,141.557099
6378092.539137,313.845792,141.629694
6378092.600330,313.800336,141.702288
6378092.661525,313.754880,141.774882
6378092.722719,313.709423,141.847475
6378092.783915,313.663967,141.920068
6378092.845111,313.618510,141.992660
6378092.906307,313.573053,142.065251
6378092.967504,313.527596,142.137842
6378093.028702,313.482139,142.210433
6378093.089900,313.436682,142.283023
6378093.151098,313.391224,142.355612
6378093.212298,313.345767,142.428201
6378093.273497,313.300309,142.500789
6378093.334698,313.254851,142.573376
6378093.395899,313.209393,142.645964
6378093.457100,313.163935,142.718550
6378093.518302,313.118477,142.791136
6378093.579504,313.073018,142.863722
6378093.640707,313.027560,142.936307
6378093.701910,312.982101,143.008891
6378093.763114,312.936643,143.081475
6378093.824319,312.891184,143.154059
6378093.885524,312.845725,143.226642
6378093.946729,312.800266,143.299224
6378094.007935,312.754806,143.371806
6378094.069142,312.709347,143.444388
6378094.130349,312.663887,143.516969
6378094.191556,312.618428,143.589549
6378094.252764,312.572968,143.662129
6378094.313973,312.527508,143.734709
6378094.375182,312.482048,143.807288
6378094.436391,312.436588,143.879866
6378094.497601,312.391128,143.952444
6378094.558811,312.345667,144.025022
6378094.620022,312.300207,144.097599
6378094.681234,312.254746,144.170175
6378094.742445,312.209285,144.242751
6378094.803658,312.163825,144.315327
6378094.864870,312.118364,144.387902
6378094.926084,312.072903,144.460477
6378094.987297,312.027441,144.533051
6378095.048512,311.981980,144.605625
6378095.109726,311.936519,144.678198
6378095.170941,311.891057,144.750771
6378095.232157,311.845595,144.823343
6378095.293373,311.800134,144.895915
6378095.354589,311.754672,144.968487
6378095.415806,311.709210,145.041058
6378095.477023,311.663748,145.113628
6378095.538241,311.618285,145.186199
6378095.599459,311.572823,145.258768
6378095.660678,311.527361,145.331338
6378095.721897,311.481898,145.403906
6378095.783117,311.436435,145.476475
6378095.844337,311.390973,145.549043
6378095.905557,311.345510,145.621610
6378095.966778,311.300047,145.694177
6378096.027999,311.254584,145.766744
6378096.089221,311.209121,145.839310
6378096.150443,311.163657,145.911876
6378096.211665,311.118194,145.984442
6378096.272888,311.072730,146.057007
6378096.334112,311.027267,146.129571
6378096.395335,310.981803,146.202136
6378096.456559,310.936339,146.274699
6378096.517784,310.890875,146.347263
6378096.579009,310.845411,146.419826
6378096.640234,310.799947,146.492388
6378096.701460,310.754483,146.564950
6378096.762686,310.709019,146.637512
6378096.823913,310.663554,146.710074
6378096.885140,310.618090,146.782635
6378096.946367,310.572625,146.855195
6378097.007595,310.527160,146.927755
6378097.068823,310.481696,147.000315
6378097.130051,310.436231,147.072875
6378097.191280,310.390766,147.145434
6378097.252510,310.345301,147.217992
6378097.313739,310.299835,147.290551
6378097.374969,310.254370,147.363108
6378097.436200,310.208905,147.435666
6378097.497430,310.163439,147.508223
6378097.558662,310.117974,147.580780
6378097.619893,310.072508,147.653336
6378097.681125,310.027042,147.725892
6378097.742357,309.981576,147.798448
6378097.803590,309.936110,147.871003
6378097.864823,309.890644,147.943558
6378097.926056,309.845178,148.016113
6378097.987290,309.799712,148.088667
6378098.048524,309.754246,148.161221
6378098.109758,309.708779,148.233774
6378098.170993,309.663313,148.306328
6378098.232228,309.617846,148.378880
6378098.293464,309.572380,148.451433
6378098.354699,309.526913,148.523985
6378098.415936,309.481446,148.596537
6378098.477172,309.435979,148.669088
6378098.538409,309.390512,148.741639
6378098.599646,309.345045,148.814190
6378098.660884,309.299578,148.886740
6378098.722122,309.254111,148.959290
6378098.783360,309.208644,149.031840
6378098.844598,309.163176,149.104390
6378098.905837,309.117709,149.176939
6378098.967076,309.072241,149.249487
6378099.028316,309.026773,149.322036
6378099.089556,308.981306,149.394584
6378099.150796,308.935838,149.467132
6378099.212036,308.890370,149.539679
6378099.273277,308.844902,149.612226
6378099.334518,308.799434,149.684773
6378099.395760,308.753966,149.757319
6378099.457001,308.708498,149.829866
6378099.518244,308.663029,149.902411
6378099.579486,308.617561,149.974957
6378099.640729,308.572092,150.047502
6378099.701972,308.526624,150.120047
6378099.763215,308.481155,150.192592
6378099.824459,308.435687,150.265136
6378099.885702,308.390218,150.337680
6378099.946947,308.344749,150.410224
6378100.008191,308.299280,150.482767
6378100.069436,308.253811,150.555310
6378100.130681,308.208342,150.627853
6378100.191927,308.162873,150.700395
6378100.253172,308.117404,150.772938
6378100.314418,308.071934,150.845479
6378100.375665,308.026465,150.918021
6378100.436911,307.980996,150.990562
6378100.498158,307.935526,151.063103
6378100.559405,307.890057,151.135644
6378100.620653,307.844587,151.208185
6378100.681901,307.799117,151.280725
6378100.743149,307.753647,151.353265
6378100.804397,307.708178,151.425804
6378100.865645,307.662708,151.498344
6378100.926894,307.617238,151.570883
6378100.988144,307.571768,151.643421
6378101.049393,307.526297,151.715960
6378101.110643,307.480827,151.788498
6378101.171893,307.435357,151.861036
6378101.233143,307.389887,151.933574
6378101.294393,307.344416,152.006111
6378101.355644,307.298946,152.078648
6378101.416895,307.253475,152.151185
6378101.478146,307.208005,152.223722
6378101.539398,307.162534,152.296258
6378101.600650,307.117063,152.368794
6378101.661902,307.071592,152.441330
6378101.723154,307.026122,152.513866
6378101.784407,306.980651,152.586401
6378101.845660,306.935180,152.658936
6378101.906913,306.889709,152.731471
6378101.968166,306.844237,152.804005
6378102.029420,306.798766,152.876539
6378102.090674,306.753295,152.949073
6378102.151928,306.707824,153.021607
6378102.213182,306.662352,153.094141
6378102.274437,306.616881,153.166674
6378102.335692,306.571409,153.239207
6378102.396947,306.525938,153.311740
6378102.458202,306.480466,153.384272
6378102.519458,306.434995,153.456805
6378102.580714,306.389523,153.529337
6378102.641970,306.344051,153.601868
6378102.703226,306.298579,153.674400
6378102.764483,306.253107,153.746931
6378102.825740,306.207635,153.819462
6378102.886997,306.162163,153.891993
6378102.948254,306.116691,153.964524
6378103.009512,306.071219,154.037054
6378103.070769,306.025747,154.109584
6378103.132027,305.980275,154.182114
6378103.193286,305.934802,154.254644
6378103.254544,305.889330,154.327174
6378103.315803,305.843857,154.399703
6378103.377062,305.798385,154.472232
6378103.438321,305.752912,154.544761
6378103.499580,305.707440,154.617289
6378103.560840,305.661967,154.689817
6378103.622099,305.616494,154.762346
6378103.683359,305.571022,154.834874
6378103.744620,305.525549,154.907401
6378103.805880,305.480076,154.979929
6378103.867141,305.434603,155.052456
6378103.928402,305.389130,155.124983
6378103.989663,305.343657,155.197510
6378104.050924,305.298184,155.270036
6378104.112185,305.252711,155.342563
6378104.173447,305.207238,155.415089
6378104.234709,305.161764,155.487615
6378104.295971,305.116291,155.560141
6378104.357234,305.070818,155.632666
6378104.418496,305.025344,155.705192
6378104.479759,304.979871,155.777717
6378104.541022,304.934397,155.850242
6378104.602285,304.888924,155.922766
6378104.663548,304.843450,155.995291
6378104.724812,304.797976,156.067815
6378104.786076,304.752503,156.140339
6378104.847340,304.707029,156.212863
6378104.908604,304.661555,156.285387
6378104.969868,304.616081,156.357911
6378105.031133,304.570607,156.430434
6378105.092397,304.525133,156.502957
6378105.153662,304.479659,156.575480
6378105.214928,304.434185,156.648003
6378105.276193,304.388711,156.720525
6378105.337458,304.343237,156.793048
6378105.398724,304.297763,156.865570
6378105.459990,304.252289,156.938092
6378105.521256,304.206814,157.010614
6378105.582522,304.161340,157.083135
6378105.643789,304.115866,157.155657
6378105.705055,304.070391,157.228178
6378105.766322,304.024917,157.300699
6378105.827589,303.979442,157.373220
6378105.888856,303.933968,157.445741
6378105.950124,303.888493,157.518261
6378106.011391,303.843019,157.590782
6378106.072659,303.797544,157.663302
6378106.133927,303.752069,157.735822
6378106.195195,303.706594,157.808342
6378106.256463,303.661120,157.880861
6378106.317732,303.615645,157.953381
6378106.379000,303.570170,158.025900
6378106.440269,303.524695,158.098419
6378106.501538,303.479220,158.170938
6378106.562807,303.433745,158.243457
6378106.624077,303.388270,158.315975
6378106.685346,303.342795,158.388494
6378106.746616,303.297319,158.461012
6378106.807885,303.251844,158.533530
6378106.869155,303.206369,158.606048
6378106.930426,303.160894,158.678566
6378106.991696,303.115418,158.751084
6378107.052966,303.069943,158.823601
6378107.114237,303.024467,158.896118
6378107.175508,302.978992,158.968635
6378107.236779,302.933517,159.041152
6378107.298050,302.888041,159.113669
6378107.359321,302.842565,159.186186
6378107.420593,302.797090,159.258702
6378107.481864,302.751614,159.331218
6378107.543136,302.706138,159.403735
6378107.604408,302.660663,159.476251
6378107.665680,302.615187,159.548766
6378107.726952,302.569711,159.621282
6378107.788225,302.524235,159.693798
6378107.849497,302.478759,159.766313
6378107.910770,302.433283,159.838828
6378107.972043,302.387807,159.911343
6378108.033316,302.342331,159.983858
6378108.094589,302.296855,160.056373
6378108.155862,302.251379,160.128887
6378108.217135,302.205903,160.201402
6378108.278409,302.160427,160.273916
6378108.339683,302.114951,160.346430
6378108.400957,302.069475,160.418944
6378108.462231,302.023998,160.491458
6378108.523505,301.978522,160.563972
6378108.584779,301.933046,160.636486
6378108.646054,301.887569,160.708999
6378108.707328,301.842093,160.781512
6378108.768603,301.796617,160.854025
6378108.829878,301.751140,160.926538
6378108.891153,301.705664,160.999051
6378108.952428,301.660187,161.071564
6378109.013703,301.614711,161.144077
6378109.074979,301.569234,161.216589
6378109.136254,301.523757,161.289101
6378109.197530,301.478281,161.361614
6378109.258806,301.432804,161.434126
6378109.320082,301.387327,161.506637
6378109.381358,301.341850,161.579149
6378109.442634,301.296374,161.651661
6378109.503911,301.250897,161.724172
6378109.565187,301.205420,161.796684
6378109.626464,301.159943,161.869195
6378109.687741,301.114466,161.941706
6378109.749017,301.068989,162.014217
6378109.810295,301.023512,162.086728
6378109.871572,300.978035,162.159239
6378109.932849,300.932558,162.231749
6378109.994126,300.887081,162.304260
6378110.055404,300.841604,162.376770
6378110.116682,300.796126,162.449280
6378110.177959,300.750649,162.521790
6378110.239237,300.705172,162.594300
6378110.300515,300.659695,162.666810
6378110.361794,300.614217,162.739320
6378110.423072,300.568740,162.811829
6378110.484350,300.523263,162.884339
6378110.545629,300.477785,162.956848
6378110.606908,300.432308,163.029357
6378110.668186,300.386830,163.101866
6378110.729465,300.341353,163.174375
6378110.790744,300.295876,163.246884
6378110.852024,300.250398,163.319393
6378110.913303,300.204920,163.391902
6378110.974582,300.159443,163.464410
6378111.035862,300.113965,163.536918
6378111.097141,300.068488,163.609427
6378111.158421,300.023010,163.681935
6378111.219701,299.977532,163.754443
6378111.280981,299.932054,163.826951
6378111.342261,299.886577,163.899459
6378111.403541,299.841099,163.971966
6378111.464821,299.795621,164.044474
6378111.526102,299.750143,164.116981
6378111.587382,299.704665,164.189489
6378111.648663,299.659187,164.261996
6378111.709944,299.613709,164.334503
6378111.771225,299.568232,164.407010
6378111.832506,299.522754,164.479517
6378111.893787,299.477276,164.552024
6378111.955068,299.431797,164.624531
6378112.016349,299.386319,164.697037
6378112.077631,299.340841,164.769544
6378112.138912,299.295363,164.842050
6378112.200194,299.249885,164.914556
6378112.261475,299.204407,164.987063
6378112.322757,299.158929,165.059569
6378112.384039,299.113450,165.132075
6378112.445321,299.067972,165.204580
6378112.506603,299.022494,165.277086
6378112.567885,298.977016,165.349592
6378112.629168,298.931537,165.422097
6378112.690450,298.886059,165.494603
6378112.751733,298.840581,165.567108
6378112.813015,298.795102,165.639613
6378112.874298,298.749624,165.712119
6378112.935581,298.704145,165.784624
6378112.996864,298.658667,165.857128
6378113.058147,298.613188,165.929633
6378113.119430,298.567710,166.002138
6378113.180713,298.522231,166.074643
6378113.241997,298.476753,166.147147
6378113.303280,298.431274,166.219652
6378113.364564,298.385795,166.292156
6378113.425847,298.340317,166.364660
6378113.487131,298.294838,166.437165
6378113.548415,298.249359,166.509669
6378113.609699,298.203881,166.582173
6378113.670983,298.158402,166.654677
6378113.732267,298.112923,166.727180
6378113.793551,298.067444,166.799684
6378113.854835,298.021966,166.872188
6378113.916119,297.976487,166.944691
6378113.977404,297.931008,167.017195
6378114.038688,297.885529,167.089698
6378114.099973,297.840050,167.162201
6378114.161258,297.794571,167.234704
6378114.222543,297.749092,167.307207
6378114.283828,297.703613,167.379710
6378114.345112,297.658134,167.452213
6378114.406398,297.612655,167.524716
6378114.467683,297.567176,167.597219
6378114.528968,297.521697,167.669722
6378114.590253,297.476218,167.742224
6378114.651539,297.430739,167.814727
6378114.712824,297.385260,167.887229
6378114.774110,297.339781,167.959731
6378114.835395,297.294302,168.032233
6378114.896681,297.248823,168.104736
6378114.957967,297.203343,168.177238
6378115.019253,297.157864,168.249740
6378115.080539,297.112385,168.322241
6378115.141825,297.066906,168.394743
6378115.203111,297.021426,168.467245
6378115.264397,296.975947,168.539747
6378115.325684,296.930468,168.612248
6378115.386970,296.884989,168.684750
6378115.448257,296.839509,168.757251
6378115.509543,296.794030,168.829752
6378115.570830,296.748550,168.902253
6378115.632117,296.703071,168.974755
6378115.693403,296.657592,169.047256
6378115.754690,296.612112,169.119757
6378115.815977,296.566633,169.192258
6378115.877264,296.521153,169.264758
6378115.938551,296.475674,169.337259
6378115.999839,296.430194,169.409760
6378116.061126,296.384715,169.482261
6378116.122413,296.339235,169.554761
6378116.183701,296.293755,169.627262
6378116.244988,296.248276,169.699762
6378116.306276,296.202796,169.772262
6378116.367563,296.157316,169.844762
6378116.428851,296.111837,169.917263
6378116.490139,296.066357,169.989763
6378116.551427,296.020877,170.062263
6378116.612715,295.975398,170.134763
6378116.674003,295.929918,170.207263
6378116.735291,295.884438,170.279762
6378116.796579,295.838958,170.352262
6378116.857867,295.793479,170.424762
6378116.919155,295.747999,170.497261
6378116.980444,295.702519,170.569761
6378117.041732,295.657039,170.642260
6378117.103021,295.611559,170.714760
6378117.164309,295.566079,170.787259
6378117.225598,295.520600,170.859758
6378117.286887,295.475120,170.932257
6378117.348175,295.429640,171.004757
6378117.409464,295.384160,171.077256
6378117.470753,295.338680,171.149755
6378117.532042,295.293200,171.222253
6378117.593331,295.247720,171.294752
6378117.654620,295.202240,171.367251
6378117.715909,295.156760,171.439750
6378117.777199,295.111280,171.512248
6378117.838488,295.065800,171.584747
6378117.899777,295.020320,171.657245
6378117.961067,294.974840,171.729744
6378118.022356,294.929360,171.802242
6378118.083646,294.883879,171.874741
6378118.144935,294.838399,171.947239
6378118.206225,294.792919,172.019737
6378118.267515,294.747439,172.092235
6378118.328805,294.701959,172.164733
6378118.390094,294.656479,172.237231
6378118.451384,294.610998,172.309729
6378118.512674,294.565518,172.382227
6378118.573964,294.520038,172.454725
6378118.635255,294.474558,172.527223
6378118.696545,294.429077,172.599720
6378118.757835,294.383597,172.672218
6378118.819125,294.338117,172.744716
6378118.880416,294.292636,172.817213
6378118.941706,294.247156,172.889711
6378119.002997,294.201676,172.962208
6378119.064287,294.156195,173.034705
6378119.125578,294.110715,173.107203
6378119.186868,294.065235,173.179700
6378119.248159,294.019754,173.252197
6378119.309450,293.974274,173.324694
6378119.370741,293.928793,173.397191
6378119.432032,293.883313,173.469688
6378119.493322,293.837832,173.542185
6378119.554613,293.792352,173.614682
6378119.615904,293.746872,173.687179
6378119.677196,293.701391,173.759675
6378119.738487,293.655910,173.832172
6378119.799778,293.610430,173.904669
6378119.861069,293.564949,173.977165
6378119.922361,293.519469,174.049662
6378119.983652,293.473988,174.122158
6378120.044943,293.428508,174.194655
6378120.106235,293.383027,174.267151
6378120.167526,293.337546,174.339648
6378120.228818,293.292066,174.412144
6378120.290110,293.246585,174.484640
6378120.351401,293.201105,174.557136
6378120.412693,293.155624,174.629632
6378120.473985,293.110143,174.702129
6378120.535277,293.064663,174.774625
6378120.596569,293.019182,174.847120
6378120.657861,292.973701,174.919616
6378120.719153,292.928220,174.992112
6378120.780445,292.882740,175.064608
6378120.841737,292.837259,175.137104
6378120.903029,292.791778,175.209600
6378120.964321,292.746297,175.282095
6378121.025613,292.700817,175.354591
6378121.086906,292.655336,175.427086
6378121.148198,292.609855,175.499582
6378121.209490,292.564374,175.572077
6378121.270783,292.518893,175.644573
6378121.332075,292.473412,175.717068
6378121.393368,292.427932,175.789564
6378121.454661,292.382451,175.862059
6378121.515953,292.336970,175.934554
6378121.577246,292.291489,176.007049
6378121.638539,292.246008,176.079544
6378121.699831,292.200527,176.152039
6378121.761124,292.155046,176.224534
6378121.822417,292.109565,176.297029
6378121.883710,292.064084,176.369524
6378121.945003,292.018603,176.442019
6378122.006296,291.973122,176.514514
6378122.067589,291.927641,176.587009
6378122.128882,291.882160,176.659504
6378122.190175,291.836679,176.731998
6378122.251469,291.791198,176.804493
6378122.312762,291.745717,176.876988
6378122.374055,291.700236,176.949482
6378122.435348,291.654755,177.021977
6378122.496642,291.609274,177.094471
6378122.557935,291.563793,177.166966
6378122.619229,291.518312,177.239460
6378122.680522,291.472831,177.311955
6378122.741816,291.427350,177.384449
6378122.803109,291.381869,177.456943
6378122.864403,291.336387,177.529437
6378122.925697,291.290906,177.601932
6378122.986990,291.245425,177.674426
6378123.048284,291.199944,177.746920
6378123.109578,291.154463,177.819414
6378123.170872,291.108982,177.891908
6378123.232166,291.063500,177.964402
6378123.293460,291.018019,178.036896
6378123.354753,290.972538,178.109390
6378123.416048,290.927057,178.181884
6378123.477342,290.881576,178.254378
6378123.538636,290.836094,178.326871
6378123.599930,290.790613,178.399365
6378123.661224,290.745132,178.471859
6378123.722518,290.699651,178.544352
6378123.783812,290.654169,178.616846
6378123.845107,290.608688,178.689340
6378123.906401,290.563207,178.761833
6378123.967695,290.517725,178.834327
6378124.028990,290.472244,178.906820
6378124.090284,290.426763,178.979314
6378124.151579,290.381281,179.051807
6378124.212873,290.335800,179.124300
6378124.274168,290.290319,179.196794
6378124.335462,290.244837,179.269287
6378124.396757,290.199356,179.341780
6378124.458051,290.153875,179.414274
6378124.519346,290.108393,179.486767
6378124.580641,290.062912,179.559260
6378124.641936,290.017430,179.631753
6378124.703230,289.971949,179.704246
6378124.764525,289.926468,179.776739
6378124.825820,289.880986,179.849232
6378124.887115,289.835505,179.921725
6378124.948410,289.790023,179.994218
6378125.009705,289.744542,180.066711
6378125.071000,289.699060,180.139204
6378125.132295,289.653579,180.211696
6378125.193590,289.608097,180.284189
6378125.254885,289.562616,180.356682
6378125.316180,289.517134,180.429175
6378125.377476,289.471653,180.501667
6378125.438771,289.426171,180.574160
6378125.500066,289.380690,180.646653
6378125.561361,289.335208,180.719145
6378125.622657,289.289727,180.791638
6378125.683952,289.244245,180.864130
6378125.745247,289.198764,180.936623
6378125.806543,289.153282,181.009115
6378125.867838,289.107800,181.081608
6378125.929134,289.062319,181.154100
6378125.990429,289.016837,181.226592
6378126.051725,288.971356,181.299085
6378126.113020,288.925874,181.371577
6378126.174316,288.880392,181.444069
6378126.235612,288.834911,181.516561
6378126.296907,288.789429,181.589054
6378126.358203,288.743947,181.661546
6378126.419499,288.698466,181.734038
6378126.480795,288.652984,181.806530
6378126.542090,288.607502,181.879022
6378126.603386,288.562021,181.951514
6378126.664682,288.516539,182.024006
6378126.725978,288.471057,182.096498
6378126.787274,288.425576,182.168990
6378126.848570,288.380094,182.241482
6378126.909866,288.334612,182.313974
6378126.971162,288.289131,182.386466
6378127.032458,288.243649,182.458958
6378127.093754,288.198167,182.531449
6378127.155050,288.152685,182.603941
6378127.216346,288.107204,182.676433
6378127.277642,288.061722,182.748925
6378127.338939,288.016240,182.821416
6378127.400235,287.970758,182.893908
6378127.461531,287.925277,182.966400
6378127.522827,287.879795,183.038891
6378127.584124,287.834313,183.111383
6378127.645420,287.788831,183.183874
6378127.706716,287.743349,183.256366
6378127.768013,287.697868,183.328857
6378127.829309,287.652386,183.401349
6378127.890617,287.606912,183.473835
6378127.951948,287.561452,183.546312
6378128.013311,287.516013,183.618776
6378128.074714,287.470600,183.691222
6378128.136166,287.425219,183.763648
6378128.197673,287.379873,183.836051
6378128.259241,287.334568,183.908427
6378128.320877,287.289307,183.980776
6378128.382585,287.244092,184.053093
6378128.444369,287.198928,184.125379
6378128.506234,287.153817,184.197630
6378128.568183,287.108762,184.269846
6378128.630219,287.063765,184.342024
6378128.692346,287.018828,184.414165
6378128.754565,286.973954,184.486266
6378128.816880,286.929143,184.558327
6378128.879291,286.884398,184.630346
6378128.941802,286.839719,184.702323
6378129.004413,286.795109,184.774258
6378129.067126,286.750569,184.846149
6378129.129942,286.706100,184.917996
6378129.192862,286.661702,184.989798
6378129.255888,286.617378,185.061556
6378129.319019,286.573127,185.133268
6378129.382258,286.528951,185.204935
6378129.445604,286.484851,185.276555
6378129.509058,286.440827,185.348129
6378129.572621,286.396880,185.419657
6378129.636292,286.353010,185.491137
6378129.700073,286.309219,185.562571
6378129.763964,286.265506,185.633958
6378129.827964,286.221873,185.705297
6378129.892074,286.178320,185.776589
6378129.956295,286.134847,185.847833
6378130.020626,286.091455,185.919030
6378130.085068,286.048145,185.990178
6378130.149619,286.004916,186.061279
6378130.214282,285.961769,186.132333
6378130.279055,285.918705,186.203338
6378130.343938,285.875723,186.274295
6378130.408932,285.832825,186.345204
6378130.474037,285.790011,186.416066
6378130.539251,285.747281,186.486879
6378130.604576,285.704634,186.557644
6378130.670012,285.662073,186.628361
6378130.735557,285.619597,186.699031
6378130.801212,285.577206,186.769652
6378130.866977,285.534900,186.840225
6378130.932852,285.492680,186.910750
6378130.998836,285.450547,186.981227
6378131.064929,285.408500,187.051657
6378131.131132,285.366540,187.122038
6378131.197444,285.324667,187.192371
6378131.263864,285.282881,187.262657
6378131.330394,285.241182,187.332895
6378131.397032,285.199572,187.403084
6378131.463778,285.158050,187.473226
6378131.530632,285.116616,187.543321
6378131.597594,285.075270,187.613367
6378131.664664,285.034014,187.683366
6378131.731842,284.992847,187.753318
6378131.799127,284.951769,187.823222
6378131.866519,284.910781,187.893078
6378131.934018,284.869883,187.962887
6378132.001624,284.829075,188.032648
6378132.069337,284.788357,188.102362
6378132.137156,284.747730,188.172028
6378132.205081,284.707194,188.241648
6378132.273111,284.666749,188.311220
6378132.341248,284.626396,188.380744
6378132.409490,284.586134,188.450222
6378132.477837,284.545964,188.519653
6378132.546290,284.505886,188.589036
6378132.614847,284.465900,188.658373
6378132.683509,284.426007,188.727662
6378132.752276,284.386207,188.796905
6378132.821146,284.346500,188.866100
6378132.890121,284.306886,188.935249
6378132.959199,284.267366,189.004352
6378133.028381,284.227940,189.073407
6378133.097666,284.188607,189.142416
6378133.167054,284.149369,189.211378
6378133.236545,284.110225,189.280294
6378133.306139,284.071176,189.349163
6378133.375835,284.032222,189.417986
6378133.445633,283.993363,189.486763
6378133.515534,283.954600,189.555493
6378133.585536,283.915932,189.624177
6378133.655639,283.877360,189.692815
6378133.725844,283.838884,189.761407
6378133.796150,283.800504,189.829953
6378133.866557,283.762221,189.898452
6378133.937064,283.724035,189.966906
6378134.007672,283.685945,190.035314
6378134.078380,283.647953,190.103676
6378134.149188,283.610058,190.171992
6378134.220095,283.572261,190.240262
6378134.291102,283.534562,190.308487
6378134.362208,283.496961,190.376667
6378134.433414,283.459458,190.444800
6378134.504717,283.422054,190.512889
6378134.576120,283.384748,190.580932
6378134.647621,283.347541,190.648929
6378134.719219,283.310434,190.716881
6378134.790916,283.273426,190.784788
6378134.862710,283.236518,190.852650
6378134.934602,283.199709,190.920467
6378135.006590,283.163001,190.988239
6378135.078676,283.126393,191.055966
6378135.150858,283.089885,191.123648
6378135.223137,283.053478,191.191285
6378135.295511,283.017172,191.258877
6378135.367982,282.980967,191.326425
6378135.440549,282.944864,191.393928
6378135.513210,282.908862,191.461386
6378135.585968,282.872962,191.528800
6378135.658820,282.837164,191.596169
6378135.731767,282.801468,191.663494
6378135.804808,282.765875,191.730775
6378135.877943,282.730384,191.798012
6378135.951173,282.694996,191.865204
6378136.024497,282.659711,191.932352
6378136.097914,282.624530,191.999457
6378136.171424,282.589451,192.066517
6378136.245027,282.554477,192.133533
6378136.318723,282.519606,192.200506
6378136.392512,282.484840,192.267434
6378136.466393,282.450178,192.334319
6378136.540366,282.415620,192.401161
6378136.614431,282.381167,192.467959
6378136.688588,282.346819,192.534713
6378136.762836,282.312576,192.601424
6378136.837175,282.278438,192.668092
6378136.911605,282.244406,192.734716
6378136.986126,282.210480,192.801297
6378137.060737,282.176660,192.867835
6378137.135438,282.142945,192.934330
6378137.210229,282.109337,193.000782
6378137.285110,282.075836,193.067191
6378137.360080,282.042441,193.133557
6378137.435139,282.009154,193.199881
6378137.510288,281.975973,193.266162
6378137.585524,281.942900,193.332400
6378137.660850,281.909934,193.398595
6378137.736263,281.877076,193.464748
6378137.811764,281.844326,193.530859
6378137.887353,281.811684,193.596928
6378137.963030,281.779150,193.662954
6378138.038793,281.746725,193.728938
6378138.114644,281.714408,193.794880
6378138.190581,281.682201,193.860779
6378138.266605,281.650102,193.926637
6378138.342714,281.618113,193.992453
6378138.418910,281.586233,194.058227
6378138.495191,281.554463,194.123960
6378138.571558,281.522803,194.189651
6378138.648010,281.491252,194.255300
6378138.724547,281.459812,194.320908
6378138.801168,281.428483,194.386474
6378138.877874,281.397264,194.451999
6378138.954664,281.366155,194.517483
6378139.031538,281.335158,194.582926
6378139.108495,281.304272,194.648327
6378139.185536,281.273497,194.713688
6378139.262660,281.242834,194.779007
6378139.339867,281.212283,194.844286
6378139.417156,281.181843,194.909524
6378139.494528,281.151515,194.974721
6378139.571982,281.121300,195.039878
6378139.649518,281.091197,195.104994
6378139.727135,281.061207,195.170070
6378139.804834,281.031330,195.235105
6378139.882613,281.001565,195.300100
6378139.960474,280.971914,195.365055
6378140.038415,280.942376,195.429969
6378140.116437,280.912952,195.494844
6378140.194538,280.883641,195.559678
6378140.272719,280.854444,195.624473
6378140.350980,280.825362,195.689228
6378140.429320,280.796393,195.753943
6378140.507739,280.767539,195.818619
6378140.586237,280.738799,195.883255
6378140.664813,280.710175,195.947851
6378140.743468,280.681665,196.012409
6378140.822200,280.653270,196.076927
6378140.901010,280.624991,196.141405
6378140.979898,280.596827,196.205845
6378141.058863,280.568778,196.270245
6378141.137905,280.540846,196.334607
6378141.217023,280.513029,196.398929
6378141.296218,280.485328,196.463213
6378141.375489,280.457744,196.527459
6378141.454835,280.430276,196.591665
6378141.534258,280.402925,196.655833
6378141.613755,280.375691,196.719963
6378141.693328,280.348574,196.784054
6378141.772976,280.321573,196.848107
6378141.852698,280.294690,196.912122
6378141.932494,280.267925,196.976099
6378142.012365,280.241277,197.040037
6378142.092309,280.214747,197.103938
6378142.172327,280.188335,197.167801
6378142.252417,280.162041,197.231627
6378142.332581,280.135865,197.295414
6378142.412818,280.109807,197.359164
6378142.493127,280.083869,197.422877
6378142.573508,280.058049,197.486552
6378142.653961,280.032348,197.550190
6378142.734486,280.006766,197.613791
6378142.815081,279.981303,197.677355
6378142.895749,279.955959,197.740881
6378142.976486,279.930735,197.804371
6378143.057295,279.905631,197.867824
6378143.138174,279.880647,197.931240
6378143.219122,279.855782,197.994620
6378143.300141,279.831038,198.057963
6378143.381229,279.806414,198.121269
6378143.462386,279.781911,198.184540
6378143.543612,279.757528,198.247773
6378143.624907,279.733266,198.310971
6378143.706270,279.709124,198.374133
6378143.787701,279.685104,198.437258
6378143.869200,279.661205,198.500348
6378143.950767,279.637428,198.563402
6378144.032401,279.613772,198.626420
6378144.114102,279.590237,198.689403
6378144.195870,279.566825,198.752350
6378144.277704,279.543534,198.815262
6378144.359604,279.520365,198.878138
6378144.441571,279.497319,198.940979
6378144.523603,279.474395,199.003785
6378144.605701,279.451593,199.066556
6378144.687863,279.428915,199.129292
6378144.770091,279.406359,199.191993
6378144.852383,279.383925,199.254659
6378144.934739,279.361615,199.317291
6378145.017160,279.339429,199.379888
6378145.099644,279.317365,199.442451
6378145.182192,279.295425,199.504979
6378145.264803,279.273609,199.567473
6378145.347477,279.251917,199.629933
6378145.430213,279.230348,199.692359
6378145.513012,279.208904,199.754751
6378145.595873,279.187583,199.817109
6378145.678796,279.166387,199.879433
6378145.761781,279.145316,199.941723
6378145.844826,279.124369,200.003980
6378145.927933,279.103547,200.066204
6378146.011101,279.082849,200.128394
6378146.094329,279.062277,200.190551
6378146.177617,279.041830,200.252674
6378146.260965,279.021508,200.314765
6378146.344372,279.001311,200.376822
6378146.427839,278.981240,200.438847
6378146.511365,278.961294,200.500839
6378146.594950,278.941475,200.562798
6378146.678594,278.921781,200.624725
6378146.762295,278.902213,200.686619
6378146.846055,278.882771,200.748481
6378146.929872,278.863456,200.810311
6378147.013747,278.844267,200.872108
6378147.097679,278.825204,200.933873
6378147.181667,278.806268,200.995607
6378147.265713,278.787459,201.057308
6378147.349814,278.768777,201.118978
6378147.433972,278.750221,201.180616
6378147.518185,278.731793,201.242223
6378147.602454,278.713492,201.303798
6378147.686778,278.695319,201.365342
6378147.771156,278.677273,201.426854
6378147.855590,278.659354,201.488336
6378147.940077,278.641563,201.549786
6378148.024619,278.623900,201.611206
6378148.109215,278.606365,201.672595
6378148.193864,278.588958,201.733953
6378148.278566,278.571680,201.795280
6378148.363321,278.554529,201.856577
6378148.448129,278.537507,201.917844
6378148.532989,278.520613,201.979080
6378148.617901,278.503848,202.040286
6378148.702865,278.487212,202.101462
6378148.787880,278.470705,202.162608
6378148.872947,278.454326,202.223724
6378148.958065,278.438077,202.284811
6378149.043233,278.421957,202.345868
6378149.128452,278.405966,202.406895
6378149.213720,278.390104,202.467893
6378149.299039,278.374372,202.528861
6378149.384407,278.358770,202.589801
6378149.469825,278.343297,202.650711
6378149.555291,278.327954,202.711592
6378149.640806,278.312741,202.772445
6378149.726369,278.297658,202.833268
6378149.811981,278.282705,202.894063
6378149.897640,278.267882,202.954830
6378149.983347,278.253189,203.015568
6378150.069102,278.238627,203.076277
6378150.154903,278.224196,203.136959
6378150.240751,278.209895,203.197612
6378150.326645,278.195725,203.258237
6378150.412585,278.181685,203.318835
6378150.498571,278.167777,203.379404
6378150.584603,278.153999,203.439946
6378150.670680,278.140353,203.500460
6378150.756802,278.126837,203.560947
6378150.842969,278.113453,203.621407
6378150.929180,278.100201,203.681839
6378151.015435,278.087080,203.742245
6378151.101735,278.074090,203.802623
6378151.188077,278.061232,203.862974
6378151.274463,278.048506,203.923299
6378151.360892,278.035911,203.983597
6378151.447364,278.023449,204.043868
6378151.533878,278.011118,204.104113
6378151.620434,277.998920,204.164332
6378151.707032,277.986854,204.224524
6378151.793671,277.974920,204.284691
6378151.880352,277.963118,204.344831
6378151.967074,277.951449,204.404946
6378152.053836,277.939913,204.465034
6378152.140639,277.928508,204.525098
6378152.227482,277.917237,204.585135
6378152.314365,277.906099,204.645147
6378152.401287,277.895093,204.705134
6378152.488249,277.884220,204.765096
6378152.575250,277.873480,204.825033
6378152.662289,277.862873,204.884944
6378152.749366,277.852400,204.944831
6378152.836482,277.842059,205.004693
6378152.923636,277.831852,205.064531
6378153.010827,277.821779,205.124344
6378153.098055,277.811839,205.184133
6378153.185320,277.802032,205.243897
6378153.272622,277.792359,205.303638
6378153.359961,277.782820,205.363354
6378153.447335,277.773414,205.423046
6378153.534745,277.764143,205.482715
6378153.622191,277.755005,205.542360
6378153.709672,277.746001,205.601981
6378153.797188,277.737131,205.661579
6378153.884738,277.728396,205.721154
6378153.972323,277.719794,205.780706
6378154.059942,277.711327,205.840234
6378154.147594,277.702994,205.899740
6378154.235281,277.694796,205.959222
6378154.323000,277.686732,206.018682
6378154.410752,277.678802,206.078119
6378154.498537,277.671007,206.137534
6378154.586354,277.663347,206.196927
6378154.674204,277.655822,206.256297
6378154.762085,277.648431,206.315645
6378154.849997,277.641175,206.374971
6378154.937941,277.634054,206.434276
6378155.025915,277.627068,206.493558
6378155.113921,277.620217,206.552819
6378155.201956,277.613501,206.612058
6378155.290021,277.606920,206.671276
6378155.378117,277.600474,206.730473
6378155.466241,277.594164,206.789648
6378155.554395,277.587989,206.848803
6378155.642578,277.581949,206.907936
6378155.730789,277.576045,206.967049
6378155.819028,277.570276,207.026141
6378155.907296,277.564643,207.085213
6378155.995591,277.559145,207.144264
6378156.083914,277.553783,207.203294
6378156.172263,277.548556,207.262305
6378156.260640,277.543465,207.321296
6378156.349043,277.538511,207.380266
6378156.437472,277.533691,207.439217
6378156.525927,277.529008,207.498148
6378156.614408,277.524461,207.557060
6378156.702915,277.520049,207.615952
6378156.791446,277.515774,207.674824
6378156.880002,277.511635,207.733678
6378156.968583,277.507632,207.792512
6378157.057188,277.503764,207.851328
6378157.145817,277.500034,207.910125
6378157.234469,277.496439,207.968903
6378157.323145,277.492981,208.027662
6378157.411844,277.489659,208.086403
6378157.500566,277.486473,208.145126
6378157.589310,277.483424,208.203830
6378157.678076,277.480511,208.262516
6378157.766864,277.477734,208.321185
6378157.855674,277.475094,208.379835
6378157.944505,277.472591,208.438468
6378158.033357,277.470224,208.497083
6378158.122230,277.467994,208.555681
6378158.211124,277.465901,208.614261
6378158.300037,277.463944,208.672825
6378158.388971,277.462124,208.731371
6378158.477924,277.460441,208.789900
6378158.566896,277.458894,208.848412
6378158.655887,277.457484,208.906908
6378158.744897,277.456212,208.965387
6378158.833925,277.455076,209.023850
6378158.922972,277.454077,209.082296
6378159.012036,277.453214,209.140726
6378159.101118,277.452489,209.199140
6378159.190217,277.451901,209.257539
6378159.279333,277.451450,209.315921
6378159.368466,277.451136,209.374288
6378159.457615,277.450959,209.432639
6378159.546780,277.450919,209.490974
6378159.635961,277.451016,209.549295
6378159.725158,277.451250,209.607600
6378159.814369,277.451621,209.665890
6378159.903596,277.452130,209.724165
6378159.992837,277.452776,209.782426
6378160.082093,277.453559,209.840671
6378160.171363,277.454479,209.898903
6378160.260646,277.455537,209.957119
6378160.349943,277.456731,210.015322
6378160.439254,277.458063,210.073510
6378160.528577,277.459533,210.131685
6378160.617912,277.461139,210.189845
6378160.707261,277.462883,210.247992
6378160.796621,277.464765,210.306125
6378160.885992,277.466784,210.364245
6378160.975376,277.468940,210.422351
6378161.064770,277.471233,210.480444
6378161.154176,277.473664,210.538524
6378161.243592,277.476232,210.596590
6378161.333018,277.478938,210.654645
6378161.422454,277.481781,210.712686
6378161.511900,277.484762,210.770715
6378161.601355,277.487880,210.828731
6378161.690820,277.491135,210.886735
6378161.780293,277.494528,210.944726
6378161.869775,277.498059,211.002706
6378161.959266,277.501727,211.060674
6378162.048764,277.505532,211.118630
6378162.138270,277.509475,211.176574
6378162.227783,277.513555,211.234507
6378162.317304,277.517773,211.292428
6378162.406831,277.522128,211.350338
6378162.496365,277.526621,211.408237
6378162.585905,277.531251,211.466125
6378162.675451,277.536019,211.524002
6378162.765003,277.540924,211.581868
6378162.854560,277.545966,211.639724
6378162.944123,277.551146,211.697569
6378163.033690,277.556464,211.755403
6378163.123262,277.561919,211.813228
6378163.212838,277.567511,211.871042
6378163.302417,277.573241,211.928847
6378163.392001,277.579109,211.986641
6378163.481588,277.585114,212.044426
6378163.571178,277.591256,212.102202
6378163.660771,277.597535,212.159968
6378163.750366,277.603953,212.217724
6378163.839964,277.610507,212.275472
6378163.929563,277.617199,212.333210
6378164.019165,277.624028,212.390940
6378164.108767,277.630995,212.448661
6378164.198371,277.638099,212.506373
6378164.287975,277.645340,212.564077
6378164.377580,277.652719,212.621772
6378164.467186,277.660235,212.679459
6378164.556791,277.667888,212.737138
6378164.646396,277.675678,212.794809
6378164.736000,277.683606,212.852472
6378164.825603,277.691671,212.910128
6378164.915205,277.699873,212.967776
6378165.004806,277.708213,213.025416
6378165.094405,277.716689,213.083050
6378165.184002,277.725303,213.140676
6378165.273596,277.734054,213.198295
6378165.363188,277.742942,213.255907
6378165.452777,277.751967,213.313512
6378165.542363,277.761129,213.371111
6378165.631945,277.770428,213.428704
6378165.721523,277.779865,213.486290
6378165.811098,277.789438,213.543869
6378165.900668,277.799148,213.601443
6378165.990233,277.808995,213.659011
6378166.079794,277.818979,213.716573
6378166.169349,277.829100,213.774129
6378166.258899,277.839358,213.831680
6378166.348443,277.849753,213.889225
6378166.437981,277.860284,213.946766
6378166.527513,277.870952,214.004301
6378166.617039,277.881757,214.061831
6378166.706557,277.892699,214.119356
6378166.796068,277.903777,214.176876
6378166.885572,277.914992,214.234392
6378166.975068,277.926343,214.291904
6378167.064556,277.937831,214.349411
6378167.154035,277.949456,214.406914
6378167.243506,277.961217,214.464413
6378167.332969,277.973114,214.521908
6378167.422422,277.985148,214.579399
6378167.511865,277.997319,214.636887
6378167.601299,278.009625,214.694371
6378167.690723,278.022068,214.751851
6378167.780137,278.034647,214.809329
6378167.869540,278.047362,214.866804
6378167.958932,278.060214,214.924275
6378168.048314,278.073202,214.981744
6378168.137683,278.086325,215.039210
6378168.227042,278.099585,215.096674
6378168.316388,278.112981,215.154135
6378168.405722,278.126512,215.211594
6378168.495043,278.140180,215.269050
6378168.584352,278.153983,215.326505
6378168.673647,278.167922,215.383958
6378168.762929,278.181997,215.441410
6378168.852198,278.196207,215.498859
6378168.941453,278.210554,215.556308
6378169.030693,278.225035,215.613754
6378169.119919,278.239653,215.671200
6378169.209130,278.254406,215.728645
6378169.298327,278.269294,215.786089
6378169.387508,278.284317,215.843532
6378169.476673,278.299476,215.900975
6378169.565823,278.314771,215.958417
6378169.654956,278.330200,216.015859
6378169.744073,278.345764,216.073300
6378169.833173,278.361464,216.130742
6378169.922256,278.377299,216.188184
6378170.011323,278.393268,216.245626
6378170.100371,278.409373,216.303068
6378170.189402,278.425613,216.360511
6378170.278414,278.441987,216.417954
6378170.367409,278.458496,216.475398
6378170.456385,278.475139,216.532843
6378170.545341,278.491918,216.590289
6378170.634279,278.508830,216.647737
6378170.723197,278.525878,216.705186
6378170.812096,278.543059,216.762636
6378170.900974,278.560376,216.820088
6378170.989832,278.577826,216.877541
6378171.078670,278.595410,216.934996
6378171.167487,278.613129,216.992454
6378171.256282,278.630982,217.049914
6378171.345057,278.648969,217.107376
6378171.433810,278.667089,217.164840
6378171.522540,278.685344,217.222307
6378171.611249,278.703732,217.279777
6378171.699935,278.722254,217.337249
6378171.788599,278.740910,217.394725
6378171.877239,278.759700,217.452204
6378171.965856,278.778622,217.509686
6378172.054450,278.797679,217.567171
6378172.143020,278.816868,217.624660
6378172.231565,278.836191,217.682153
6378172.320087,278.855647,217.739649
6378172.408583,278.875237,217.797150
6378172.497055,278.894959,217.854654
6378172.585502,278.914814,217.912163
6378172.673923,278.934802,217.969677
6378172.762318,278.954923,218.027195
6378172.850688,278.975177,218.084717
6378172.939031,278.995563,218.142244
6378173.027348,279.016082,218.199777
6378173.115638,279.036733,218.257314
6378173.203901,279.057517,218.314857
6378173.292136,279.078433,218.372405
6378173.380344,279.099481,218.429958
6378173.468524,279.120661,218.487518
6378173.556676,279.141974,218.545083
6378173.644800,279.163418,218.602654
6378173.732895,279.184994,218.660231
6378173.820961,279.206702,218.717814
6378173.908997,279.228542,218.775403
6378173.997005,279.250514,218.832999
6378174.084982,279.272616,218.890602
6378174.172930,279.294851,218.948212
6378174.260847,279.317216,219.005828
6378174.348734,279.339713,219.063452
6378174.436590,279.362341,219.121082
6378174.524415,279.385100,219.178720
6378174.612208,279.407990,219.236366
6378174.699970,279.431011,219.294019
6378174.787701,279.454163,219.351680
6378174.875399,279.477445,219.409349
6378174.963064,279.500858,219.467026
6378175.050697,279.524401,219.524711
6378175.138298,279.548075,219.582404
6378175.225865,279.571879,219.640106
6378175.313398,279.595813,219.697816
6378175.400898,279.619877,219.755535
6378175.488364,279.644071,219.813263
6378175.575796,279.668395,219.871000
6378175.663193,279.692849,219.928747
6378175.750555,279.717433,219.986502
6378175.837883,279.742146,220.044267
6378175.925175,279.766988,220.102042
6378176.012432,279.791960,220.159826
6378176.099653,279.817061,220.217620
6378176.186838,279.842291,220.275424
6378176.273986,279.867651,220.333238
6378176.361099,279.893139,220.391063
6378176.448174,279.918756,220.448898
6378176.535212,279.944501,220.506743
6378176.622213,279.970376,220.564600
6378176.709176,279.996378,220.622467
6378176.796102,280.022509,220.680345
6378176.882989,280.048769,220.738234
6378176.969838,280.075156,220.796135
6378177.056649,280.101672,220.854046
6378177.143420,280.128315,220.911970
6378177.230153,280.155087,220.969905
6378177.316846,280.181986,221.027852
6378177.403499,280.209012,221.085811
6378177.490113,280.236166,221.143782
6378177.576686,280.263447,221.201765
6378177.663219,280.290856,221.259761
6378177.749711,280.318392,221.317769
6378177.836163,280.346054,221.375790
6378177.922573,280.373844,221.433824
6378178.008942,280.401760,221.491870
6378178.095269,280.429803,221.549930
6378178.181555,280.457972,221.608003
6378178.267798,280.486268,221.666089
6378178.353999,280.514690,221.724189
6378178.440157,280.543238,221.782303
6378178.526272,280.571912,221.840430
6378178.612344,280.600712,221.898571
6378178.698372,280.629637,221.956726
6378178.784357,280.658689,222.014896
6378178.870298,280.687865,222.073080
6378178.956195,280.717168,222.131278
6378179.042047,280.746595,222.189491
6378179.127855,280.776148,222.247719
6378179.213618,280.805825,222.305962
6378179.299336,280.835627,222.364219
6378179.385008,280.865554,222.422492
6378179.470635,280.895606,222.480780
6378179.556215,280.925782,222.539084
6378179.641750,280.956083,222.597403
6378179.727238,280.986507,222.655739
6378179.812679,281.017056,222.714090
6378179.898074,281.047729,222.772457
6378179.983422,281.078525,222.830840
6378180.068722,281.109445,222.889239
6378180.153974,281.140489,222.947655
6378180.239179,281.171655,223.006088
6378180.324335,281.202946,223.064537
6378180.409444,281.234359,223.123003
6378180.494503,281.265895,223.181486
6378180.579514,281.297554,223.239987
6378180.664476,281.329336,223.298504
6378180.749388,281.361240,223.357039
6378180.834251,281.393267,223.415592
6378180.919064,281.425416,223.474162
6378181.003827,281.457687,223.532750
6378181.088540,281.490080,223.591356
6378181.173202,281.522594,223.649981
6378181.257813,281.555231,223.708623
6378181.342374,281.587989,223.767284
6378181.426883,281.620868,223.825964
6378181.511340,281.653869,223.884662
6378181.595746,281.686991,223.943379
6378181.680100,281.720233,224.002115
6378181.764402,281.753597,224.060870
6378181.848652,281.787081,224.119644
6378181.932848,281.820685,224.178438
6378182.016992,281.854410,224.237251
6378182.101083,281.888255,224.296084
6378182.185120,281.922221,224.354936
6378182.269104,281.956306,224.413809
6378182.353034,281.990510,224.472701
6378182.436909,282.024835,224.531614
6378182.520731,282.059279,224.590548
6378182.604498,282.093842,224.649501
6378182.688210,282.128524,224.708476
6378182.771867,282.163325,224.767471
6378182.855469,282.198245,224.826487
6378182.939015,282.233283,224.885524
6378183.022506,282.268441,224.944582
6378183.105941,282.303716,225.003661
6378183.189320,282.339110,225.062762
6378183.272642,282.374621,225.121885
6378183.355907,282.410251,225.181029
6378183.439116,282.445998,225.240195
6378183.522268,282.481862,225.299384
6378183.605362,282.517844,225.358594
6378183.688399,282.553944,225.417827
6378183.771378,282.590160,225.477082
6378183.854299,282.626493,225.536359
6378183.937162,282.662943,225.595660
6378184.019966,282.699509,225.654983
6378184.102712,282.736192,225.714329
6378184.185398,282.772991,225.773698
6378184.268026,282.809906,225.833091
6378184.350594,282.846937,225.892506
6378184.433103,282.884084,225.951946
6378184.515552,282.921346,226.011409
6378184.597941,282.958724,226.070896
6378184.680269,282.996216,226.130407
6378184.762538,283.033824,226.189941
6378184.844745,283.071547,226.249500
6378184.926892,283.109384,226.309084
6378185.008977,283.147336,226.368692
6378185.091001,283.185402,226.428324
6378185.172963,283.223583,226.487982
6378185.254864,283.261877,226.547664
6378185.336703,283.300285,226.607371
6378185.418479,283.338807,226.667103
6378185.500193,283.377443,226.726861
6378185.581844,283.416191,226.786644
6378185.663433,283.455053,226.846453
6378185.744958,283.494028,226.906287
6378185.826420,283.533115,226.966148
6378185.907818,283.572315,227.026034
6378185.989153,283.611628,227.085946
6378186.070423,283.651052,227.145885
6378186.151630,283.690589,227.205850
6378186.232772,283.730238,227.265841
6378186.313849,283.769998,227.325860
6378186.394861,283.809870,227.385905
6378186.475809,283.849853,227.445977
6378186.556691,283.889947,227.506076
6378186.637508,283.930152,227.566202
6378186.718259,283.970468,227.626355
6378186.798944,284.010895,227.686536
6378186.879563,284.051432,227.746745
6378186.960116,284.092079,227.806982
6378187.040602,284.132836,227.867246
6378187.121021,284.173703,227.927538
6378187.201374,284.214680,227.987859
6378187.281659,284.255766,228.048207
6378187.361877,284.296962,228.108584
6378187.442027,284.338266,228.168990
6378187.522110,284.379679,228.229425
6378187.602124,284.421202,228.289888
6378187.682070,284.462832,228.350380
6378187.761948,284.504571,228.410901
6378187.841758,284.546418,228.471452
6378187.921498,284.588373,228.532032
6378188.001170,284.630436,228.592641
6378188.080772,284.672606,228.653280
6378188.160304,284.714884,228.713949
6378188.239768,284.757269,228.774647
6378188.319161,284.799760,228.835376
6378188.398484,284.842359,228.896135
6378188.477737,284.885064,228.956924
6378188.556919,284.927875,229.017743
6378188.636031,284.970793,229.078594
6378188.715072,285.013817,229.139474
6378188.794042,285.056946,229.200386
6378188.872941,285.100181,229.261329
6378188.951768,285.143521,229.322302
6378189.030524,285.186967,229.383307
6378189.109207,285.230517,229.444343
6378189.187819,285.274173,229.505411
6378189.266359,285.317933,229.566511
6378189.344825,285.361797,229.627642
6378189.423220,285.405765,229.688805
6378189.501541,285.449838,229.750000
6378189.579790,285.494014,229.811227
6378189.657965,285.538293,229.872486
6378189.736067,285.582676,229.933778
6378189.814095,285.627163,229.995103
6378189.892049,285.671752,230.056460
6378189.969930,285.716444,230.117850
6378190.047736,285.761238,230.179273
6378190.125468,285.806135,230.240728
6378190.203125,285.851134,230.302218
6378190.280707,285.896234,230.363740
6378190.358215,285.941437,230.425296
6378190.435647,285.986741,230.486885
6378190.513004,286.032146,230.548509
6378190.590286,286.077652,230.610166
6378190.667491,286.123259,230.671857
6378190.744621,286.168967,230.733582
6378190.821675,286.214775,230.795341
6378190.898652,286.260683,230.857135
6378190.975553,286.306692,230.918963
6378191.052378,286.352800,230.980826
6378191.129125,286.399007,231.042724
6378191.205796,286.445314,231.104657
6378191.282389,286.491721,231.166624
6378191.358905,286.538226,231.228627
6378191.435343,286.584829,231.290665
6378191.511704,286.631532,231.352738
6378191.587986,286.678332,231.414847
6378191.664191,286.725231,231.476992
6378191.740317,286.772227,231.539172
6378191.816365,286.819322,231.601389
6378191.892334,286.866513,231.663641
6378191.968224,286.913802,231.725930
6378192.044035,286.961187,231.788255
6378192.119767,287.008670,231.850616
6378192.195419,287.056248,231.913014
6378192.270992,287.103924,231.975448
6378192.346485,287.151695,232.037920
6378192.421899,287.199562,232.100428
6378192.497232,287.247525,232.162973
6378192.572485,287.295583,232.225556
6378192.647657,287.343736,232.288176
6378192.722749,287.391984,232.350833
6378192.797760,287.440327,232.413528
6378192.872690,287.488764,232.476261
6378192.947539,287.537296,232.539031
6378193.022307,287.585922,232.601840
6378193.096993,287.634641,232.664686
6378193.171598,287.683455,232.727571
6378193.246120,287.732361,232.790494
6378193.320561,287.781361,232.853456
6378193.394919,287.830453,232.916456
6378193.469196,287.879638,232.979495
6378193.543389,287.928916,233.042572
6378193.617500,287.978286,233.105689
6378193.691528,288.027748,233.168845
6378193.765474,288.077301,233.232040
6378193.839336,288.126947,233.295274
6378193.913114,288.176683,233.358548
6378193.986809,288.226510,233.421861
6378194.060421,288.276429,233.485214
6378194.133948,288.326437,233.548607
6378194.207392,288.376537,233.612040
6378194.280751,288.426726,233.675512
6378194.354026,288.477005,233.739026
6378194.427217,288.527374,233.802579
6378194.500323,288.577832,233.866173
6378194.573344,288.628380,233.929807
6378194.646280,288.679016,233.993482
6378194.719131,288.729741,234.057198
6378194.791897,288.780555,234.120955
6378194.864577,288.831456,234.184753
6378194.937172,288.882446,234.248593
6378195.009681,288.933523,234.312473
6378195.082103,288.984688,234.376395
6378195.154440,289.035941,234.440358
6378195.226691,289.087280,234.504364
6378195.298855,289.138706,234.568411
6378195.370933,289.190218,234.632499
6378195.442924,289.241817,234.696630
6378195.514828,289.293502,234.760803
6378195.586645,289.345273,234.825019
6378195.658375,289.397129,234.889277
6378195.730017,289.449071,234.953577
6378195.801572,289.501097,235.017920
6378195.873040,289.553209,235.082305
6378195.944419,289.605405,235.146734
6378196.015711,289.657685,235.211206
6378196.086915,289.710050,235.275720
6378196.158030,289.762498,235.340278
6378196.229057,289.815030,235.404880
6378196.299996,289.867646,235.469524
6378196.370846,289.920344,235.534213
6378196.441607,289.973125,235.598945
6378196.512279,290.025989,235.663721
6378196.582862,290.078936,235.728541
6378196.653356,290.131964,235.793405
6378196.723760,290.185074,235.858313
6378196.794075,290.238266,235.923266
6378196.864300,290.291540,235.988263
6378196.934435,290.344894,236.053304
6378197.004481,290.398329,236.118390
6378197.074436,290.451845,236.183521
6378197.144301,290.505441,236.248697
6378197.214076,290.559117,236.313918
6378197.283760,290.612874,236.379184
6378197.353353,290.666709,236.444495
6378197.422855,290.720624,236.509852
6378197.492267,290.774619,236.575254
6378197.561588,290.828692,236.640702
6378197.630817,290.882843,236.706195
6378197.699955,290.937073,236.771734
6378197.769001,290.991381,236.837320
6378197.837956,291.045767,236.902951
6378197.906819,291.100230,236.968628
6378197.975590,291.154771,237.034352
6378198.044269,291.209389,237.100122
6378198.112856,291.264083,237.165939
6378198.181351,291.318854,237.231802
6378198.249753,291.373701,237.297713
6378198.318063,291.428625,237.363669
6378198.386280,291.483624,237.429673
6378198.454404,291.538698,237.495724
6378198.522435,291.593848,237.561823
6378198.590373,291.649073,237.627968
6378198.658218,291.704372,237.694161
6378198.725969,291.759746,237.760402
6378198.793627,291.815194,237.826690
6378198.861192,291.870716,237.893026
6378198.928663,291.926312,237.959410
6378198.996039,291.981981,238.025842
6378199.063322,292.037723,238.092322
6378199.130511,292.093538,238.158850
6378199.197606,292.149426,238.225427
6378199.264606,292.205386,238.292052
6378199.331512,292.261418,238.358725
6378199.398323,292.317521,238.425448
6378199.465040,292.373697,238.492219
6378199.531662,292.429944,238.559039
6378199.598188,292.486261,238.625907
6378199.664620,292.542650,238.692826
6378199.730957,292.599109,238.759793
6378199.797198,292.655638,238.826809
6378199.863344,292.712237,238.893875
6378199.929394,292.768906,238.960991
6378199.995348,292.825644,239.028156
6378200.061207,292.882451,239.095371
6378200.126970,292.939328,239.162636
6378200.192637,292.996272,239.229951
6378200.258208,293.053285,239.297316
6378200.323683,293.110367,239.364731
6378200.389061,293.167516,239.432197
6378200.454343,293.224732,239.499713
6378200.519528,293.282016,239.567279
6378200.584617,293.339367,239.634896
6378200.649609,293.396784,239.702564
6378200.714504,293.454268,239.770283
6378200.779302,293.511818,239.838052
6378200.844003,293.569434,239.905873
6378200.908606,293.627116,239.973745
6378200.973112,293.684863,240.041668
6378201.037521,293.742675,240.109642
6378201.101833,293.800551,240.177668
6378201.166046,293.858493,240.245746
6378201.230162,293.916498,240.313875
6378201.294180,293.974568,240.382057
6378201.358101,294.032701,240.450290
6378201.421923,294.090898,240.518575
6378201.485647,294.149158,240.586912
6378201.549272,294.207480,240.655301
6378201.612800,294.265865,240.723743
6378201.676229,294.324313,240.792237
6378201.739559,294.382823,240.860784
6378201.802790,294.441394,240.929383
6378201.865923,294.500027,240.998035
6378201.928957,294.558721,241.066740
6378201.991892,294.617476,241.135498
6378202.054728,294.676292,241.204309
6378202.117465,294.735168,241.273173
6378202.180103,294.794104,241.342090
6378202.242641,294.853100,241.411061
6378202.305080,294.912155,241.480085
6378202.367419,294.971270,241.549163
6378202.429659,295.030443,241.618294
6378202.491799,295.089676,241.687479
6378202.553839,295.148967,241.756718
6378202.615779,295.208315,241.826011
6378202.677620,295.267722,241.895358
6378202.739360,295.327186,241.964759
6378202.801000,295.386708,242.034215
6378202.862540,295.446287,242.103724
6378202.923979,295.505922,242.173289
6378202.985318,295.565613,242.242908
6378203.046557,295.625361,242.312581
6378203.107695,295.685165,242.382309
6378203.168732,295.745024,242.452092
6378203.229668,295.804939,242.521930
6378203.290504,295.864908,242.591824
6378203.351239,295.924933,242.661772
6378203.411872,295.985011,242.731775
6378203.472405,296.045144,242.801834
6378203.532836,296.105331,242.871949
6378203.593166,296.165571,242.942118
6378203.653395,296.225865,243.012344
6378203.713522,296.286212,243.082625
6378203.773548,296.346611,243.152962
6378203.833472,296.407063,243.223355
6378203.893295,296.467567,243.293804
6378203.953016,296.528123,243.364309
6378204.012635,296.588730,243.434871
6378204.072152,296.649389,243.505488
6378204.131567,296.710098,243.576163
6378204.190880,296.770859,243.646893
6378204.250091,296.831669,243.717680
6378204.309200,296.892530,243.788524
6378204.368206,296.953441,243.859425
6378204.427110,297.014401,243.930382
6378204.485912,297.075411,244.001397
6378204.544611,297.136469,244.072468
6378204.603208,297.197576,244.143597
6378204.661702,297.258732,244.214783
6378204.720094,297.319936,244.286026
6378204.778382,297.381187,244.357327
6378204.836568,297.442486,244.428685
6378204.894651,297.503832,244.500101
6378204.952631,297.565225,244.571575
6378205.010508,297.626665,244.643106
6378205.068282,297.688151,244.714695
6378205.125953,297.749683,244.786342
6378205.183520,297.811261,244.858048
6378205.240984,297.872885,244.929811
6378205.298345,297.934553,245.001633
6378205.355603,297.996267,245.073513
6378205.412757,298.058025,245.145451
6378205.469807,298.119827,245.217448
6378205.526754,298.181673,245.289504
6378205.583598,298.243563,245.361618
6378205.640337,298.305496,245.433791
6378205.696973,298.367473,245.506023
6378205.753505,298.429492,245.578314
6378205.809933,298.491554,245.650664
6378205.866257,298.553658,245.723073
6378205.922477,298.615804,245.795542
6378205.978593,298.677992,245.868069
6378206.034605,298.740221,245.940656
6378206.090513,298.802491,246.013303
6378206.146317,298.864801,246.086009
