gyro_x (deg/s),gyro_y (deg/s),gyro_z (deg/s)
0.273543,0.324667,0.055188
0.466901,0.562095,0.108943
0.784163,0.934562,0.155396
0.970959,1.158242,0.156723
1.077677,1.441920,0.253523
1.322594,1.689826,0.230055
1.424345,1.960441,0.228656
1.469420,2.187740,0.219508
1.657233,2.370059,0.283740
1.737692,2.436325,0.217155
1.834308,2.620686,0.295228
1.942290,2.731616,0.307021
2.016803,2.809464,0.319021
2.110976,3.043004,0.441520
2.083829,3.005312,0.311209
2.168971,3.071792,0.391540
2.197443,3.239981,0.258446
2.220065,3.268233,0.355508
2.219640,3.400025,0.354643
2.320420,3.339855,0.386170
2.320792,3.455791,0.380931
2.329058,3.444256,0.334242
2.317738,3.513604,0.341310
2.386779,3.523705,0.337492
2.382862,3.528658,0.348623
2.360683,3.539596,0.342606
2.388434,3.618594,0.366258
2.351507,3.626393,0.354318
2.369080,3.574834,0.460129
2.397453,3.655453,0.265992
2.490153,3.603088,0.370979
2.380765,3.630783,0.348902
2.317122,3.523633,0.329494
2.412569,3.511863,0.401080
2.365322,3.587478,0.352556
2.359633,3.605785,0.353719
2.301036,3.547148,0.389110
2.403206,3.509030,0.366167
2.300443,3.591522,0.368913
2.408455,3.514814,0.344539
2.385545,3.542476,0.283564
2.374879,3.535169,0.412676
2.307490,3.504883,0.377408
2.343338,3.438758,0.312594
2.339100,3.511286,0.310830
2.322797,3.523600,0.360228
2.266469,3.454371,0.302404
2.300896,3.402172,0.321872
2.253818,3.479240,0.347914
2.339592,3.400044,0.368138
2.260702,3.265601,0.340114
2.303618,3.378015,0.377625
2.202257,3.401950,0.335357
2.195291,3.320067,0.355582
2.291069,3.306663,0.282466
2.305741,3.366425,0.264079
2.232152,3.385022,0.338191
2.213832,3.344640,0.294000
2.219610,3.271677,0.229594
2.162601,3.269521,0.322816
2.101223,3.236068,0.299417
2.205673,3.171063,0.257593
2.052667,3.188977,0.214537
2.174617,3.152685,0.270139
2.085461,3.227707,0.303067
2.128228,3.138510,0.314909
2.030419,3.169670,0.223099
2.099996,3.150265,0.367685
2.048658,3.040794,0.324218
1.979589,3.067766,0.283730
2.032680,3.110330,0.258076
1.994622,3.062106,0.216252
2.048450,3.089292,0.311925
2.029464,3.038944,0.277757
1.976521,3.113924,0.224969
2.014800,2.980331,0.338520
2.000716,3.047872,0.229226
1.943752,2.951018,0.279916
1.912057,2.971667,0.284435
2.012052,2.903380,0.252928
2.024511,2.954479,0.275286
1.931685,2.889193,0.279328
1.810723,2.911977,0.187085
1.903158,2.825521,0.230580
1.975812,2.863359,0.305194
1.816133,2.836600,0.176525
1.945656,2.865045,0.224797
1.878179,2.798481,0.183027
1.850849,2.834504,0.232151
1.864332,2.767741,0.172480
1.833786,2.817215,0.229009
1.779356,2.714254,0.294630
1.777860,2.675919,0.212825
1.795929,2.839982,0.218936
1.793742,2.770502,0.141471
1.762238,2.730204,0.213949
1.760560,2.690846,0.209464
1.717666,2.784357,0.226874
1.728919,2.653837,0.209330
1.696618,2.669490,0.250626
1.733820,2.655917,0.191569
1.731803,2.613120,0.166819
1.717738,2.622941,0.227830
1.695319,2.573522,0.205018
1.776337,2.630268,0.284006
1.660934,2.605771,0.223794
1.690799,2.569533,0.196512
1.678944,2.501599,0.216035
1.708263,2.519848,0.098580
1.694270,2.556909,0.184394
1.582776,2.437061,0.194159
1.665028,2.487075,0.209610
1.623245,2.566959,0.176023
1.616501,2.573014,0.229416
1.571262,2.470033,0.195648
1.688804,2.467326,0.151307
1.613729,2.476051,0.192990
1.602852,2.423047,0.251800
1.579929,2.399179,0.204709
1.540049,2.454573,0.186412
1.614286,2.373089,0.170464
1.517751,2.352602,0.176089
1.502516,2.386205,0.256909
1.534771,2.316446,0.196858
1.505780,2.293832,0.186940
1.589891,2.309774,0.176609
1.478198,2.359082,0.185028
1.578749,2.351969,0.186616
1.479008,2.223860,0.143273
1.523916,2.274705,0.210868
1.519739,2.215726,0.115707
1.477754,2.229770,0.199483
1.447143,2.195309,0.154850
1.471480,2.246482,0.120032
1.446233,2.224071,0.089081
1.425519,2.251240,0.137339
1.414426,2.191680,0.143733
1.397161,2.154897,0.149201
1.392030,2.150238,0.129246
1.372695,2.135763,0.103382
1.451675,2.084007,0.113703
1.375384,2.183471,0.172128
1.348475,2.101349,0.148798
1.321889,2.061500,0.130194
1.448831,2.087324,0.205720
1.416804,2.081102,0.191881
1.409706,2.179089,0.159380
1.379315,2.014640,0.190307
1.274346,2.086945,0.147529
1.284989,2.087162,0.107706
1.365249,2.102363,0.134287
1.285430,2.004987,0.091922
1.356979,2.015089,0.132612
1.328649,1.998172,0.110928
1.290460,2.038355,0.102747
1.278697,1.971589,0.113999
1.359337,1.949523,0.098658
1.275276,1.974488,0.121618
1.251490,2.025862,0.142281
1.290983,1.922455,0.083885
1.324038,1.988379,0.115696
1.213232,1.902611,0.069062
1.195946,1.919060,0.102134
1.222982,1.906991,0.127583
1.244783,1.927466,0.121650
1.220675,1.864438,0.147881
1.270544,1.884371,0.093128
1.201331,1.808488,0.201631
1.140987,1.796351,0.114520
1.222958,1.845715,0.195287
1.187472,1.841979,0.110003
1.175717,1.801211,0.027041
1.253481,1.869435,0.092164
1.198636,1.836257,0.056604
1.133644,1.732254,0.113139
1.198697,1.752144,0.110665
1.233078,1.673598,0.133470
1.230192,1.784795,0.095643
1.157202,1.806914,0.068021
1.217355,1.760265,0.098139
1.107406,1.823919,0.105127
1.066385,1.761398,0.116022
1.113141,1.807850,0.078244
1.150809,1.705740,0.142626
1.117499,1.658009,0.011956
1.109406,1.604097,0.065787
1.141521,1.691116,0.155191
1.057169,1.744146,0.068921
1.048621,1.677171,0.087460
1.063510,1.597006,0.042008
1.197187,1.664355,0.176178
1.053705,1.624303,0.158361
1.038174,1.648812,0.106464
1.094831,1.600889,0.007422
1.072276,1.650789,0.121895
1.081673,1.609090,0.060172
1.022743,1.556739,0.096946
1.005673,1.615058,0.118771
1.051397,1.579996,0.044586
0.996942,1.612063,0.038025
1.077163,1.527175,0.092194
1.042291,1.588049,0.102189
0.988467,1.619120,0.065190
0.942400,1.557094,0.094774
0.979221,1.548305,-0.001437
0.981021,1.469183,0.077508
0.945821,1.502968,0.005149
1.037289,1.550048,0.099713
0.980195,1.524604,0.087421
0.947700,1.539738,0.143654
0.889136,1.565057,0.011519
0.914427,1.474899,0.118526
0.970528,1.456025,0.157199
0.950972,1.472617,0.046008
0.918398,1.415127,0.115514
0.872955,1.508683,0.091657
1.014420,1.418052,0.077960
0.932483,1.474602,0.084162
0.920643,1.452180,0.123874
0.873282,1.409171,0.072900
0.842885,1.323965,0.042928
0.933463,1.445524,0.070131
0.820115,1.373802,0.092470
0.934351,1.331001,0.129990
0.906781,1.439186,0.088986
0.891660,1.401604,0.084288
0.849116,1.338726,0.143471
0.860467,1.425892,0.119917
0.808267,1.347413,0.079134
0.908627,1.355959,0.073880
0.820554,1.345796,0.104011
0.874690,1.309661,0.058062
0.853739,1.282749,0.036712
0.886027,1.402649,0.075271
0.865283,1.342101,0.087563
0.733805,1.330755,0.074119
0.889749,1.270331,0.053631
0.915237,1.256232,0.028500
0.833488,1.218029,0.081351
0.850645,1.384020,0.004128
0.816625,1.217453,0.048549
0.769605,1.239976,0.062224
0.879771,1.269193,0.042557
0.816653,1.222641,0.067996
0.845377,1.297866,0.099560
0.685229,1.222994,0.018894
0.797830,1.217399,0.044204
0.819925,1.206079,0.083563
0.828667,1.174272,0.081811
0.787451,1.161905,0.039064
0.843884,1.259644,0.072281
0.788041,1.199707,0.022328
0.763440,1.162141,0.071946
0.788811,1.202125,0.149565
0.749929,1.149667,0.067194
0.739685,1.093190,0.126280
0.766671,1.129684,0.075654
0.737657,1.182863,-0.037637
0.760087,1.146070,0.083214
0.778729,1.197104,0.083364
0.750117,1.067878,0.083146
0.709552,1.111721,0.017900
0.664018,1.111152,0.080451
0.726508,1.131986,0.021394
0.683400,1.150000,0.011028
0.794070,1.120803,0.002055
0.737102,1.099502,0.060986
0.784615,1.101627,0.124435
0.705661,1.111628,0.018978
0.798447,1.027627,0.079253
0.694375,1.066694,-0.013763
0.700222,1.075017,0.063459
0.619190,1.140234,0.055238
0.648044,1.132559,0.081578
0.741498,1.074564,0.004155
0.720455,1.050971,0.048860
0.673546,1.123371,0.121252
0.671247,0.945048,0.037044
0.681045,1.044880,0.029868
0.710657,0.989288,0.065301
0.679199,1.018081,0.030847
0.645088,1.046187,-0.034167
0.657975,0.998454,0.014610
0.681695,1.047451,0.073376
0.673878,1.035555,0.024127
0.656301,1.024799,0.044827
0.658252,0.940395,0.035076
0.686976,0.943983,-0.000244
0.672858,0.988806,0.073224
0.661041,0.995777,0.074266
0.614122,0.963006,0.070652
0.641676,0.957296,-0.021693
0.562819,0.917723,0.154610
0.671398,0.960038,0.079676
0.577061,0.973218,-0.071784
0.604533,0.944609,-0.036573
0.496740,0.981853,0.016851
0.591385,0.940622,-0.001010
0.628878,0.972410,0.023890
0.577346,0.886016,0.014747
0.531961,0.922704,0.040995
0.555979,0.910879,-0.000164
0.617380,0.936411,0.002703
0.647791,0.924831,0.085294
0.481083,0.869362,0.090264
0.522493,0.909221,0.112331
0.543672,0.844212,0.111899
0.611977,0.886062,0.034120
0.645117,0.906754,0.031346
0.531863,0.848195,0.023571
0.588699,0.923254,0.003570
0.610904,0.869637,0.000854
0.516370,0.858741,0.072402
0.674604,0.810871,0.062497
0.489956,0.869439,0.008758
0.592804,0.949385,0.000764
0.526686,0.824320,0.011354
0.458266,0.891426,0.017779
0.660639,0.901881,0.034368
0.618144,0.807592,0.035557
0.573321,0.874637,0.020484
0.484378,0.799501,0.030588
0.575458,0.826364,0.000280
0.595512,0.773673,-0.009263
0.514850,0.781641,0.018864
0.540004,0.820291,0.104780
0.521099,0.875715,0.110606
0.540007,0.906430,-0.003856
0.525845,0.820197,0.080884
0.586675,0.713382,-0.056504
0.556797,0.737205,0.033537
0.467828,0.852240,0.013605
0.580012,0.763893,-0.014683
0.505712,0.804046,-0.015010
0.437517,0.727610,0.011656
0.494860,0.797419,-0.031809
0.404213,0.738301,0.001525
0.449964,0.816228,0.040330
0.455392,0.725625,0.061986
0.487133,0.851141,0.008324
0.458846,0.747086,0.033805
0.451536,0.679320,0.098005
0.469356,0.780526,-0.036396
0.492273,0.800889,-0.024404
0.513939,0.719451,0.033253
0.480222,0.695566,-0.004760
0.464092,0.730018,0.075584
0.524628,0.763828,0.004416
0.403147,0.677160,0.044285
0.449060,0.758108,-0.017386
0.482915,0.632720,0.097996
0.439530,0.743579,0.095511
0.463582,0.669518,-0.110104
0.421159,0.680769,-0.033231
0.456575,0.749943,0.068564
0.530879,0.639930,-0.006639
0.472856,0.736204,0.101646
0.392570,0.648455,-0.013002
0.463938,0.696281,0.025033
0.484885,0.672025,-0.005568
0.444908,0.689890,-0.010054
0.445671,0.689431,0.027276
0.438458,0.708473,0.072579
0.439288,0.672444,0.067501
0.447013,0.726226,0.000146
0.494268,0.664536,0.008981
0.411669,0.744730,0.005667
0.429568,0.646875,0.005092
0.380189,0.589513,0.019080
0.400804,0.664714,0.039370
0.390262,0.561911,0.093489
0.369465,0.582729,0.007209
0.402624,0.622839,0.063801
0.401568,0.550080,0.042176
0.414683,0.676616,0.026914
0.372981,0.694372,0.009941
0.415795,0.617756,0.032307
0.407687,0.614833,0.023711
0.420329,0.655353,0.037239
0.352718,0.523321,-0.021011
0.380930,0.545034,0.023715
0.375639,0.707729,-0.028152
0.378874,0.540621,0.020226
0.380603,0.562696,0.059994
0.397670,0.552560,0.079157
0.338960,0.573661,-0.015955
0.385524,0.615479,0.021665
0.331799,0.523642,-0.001234
0.339988,0.550353,0.048632
0.362293,0.587925,0.060991
0.350658,0.588918,-0.013860
0.416942,0.578788,-0.018392
0.357569,0.524289,-0.002908
0.408275,0.530261,0.042061
0.398881,0.543974,0.003386
0.325654,0.648312,-0.016723
0.311230,0.631189,0.044260
0.370540,0.579514,0.045686
0.385300,0.528256,0.020248
0.434336,0.553569,0.015283
0.319402,0.550649,-0.007724
0.393778,0.599300,-0.026078
0.386024,0.540229,0.025820
0.354868,0.535234,-0.059799
0.407250,0.481706,-0.029412
0.332786,0.447142,0.042902
0.338117,0.533565,-0.039723
0.313882,0.540811,0.042611
0.303734,0.465220,-0.003695
0.280418,0.572065,-0.008961
0.370189,0.497088,0.029745
0.288059,0.546082,-0.001281
0.335070,0.560673,0.055982
0.282249,0.526991,0.060729
0.338988,0.523425,0.043039
0.313692,0.449871,0.069955
0.389054,0.522756,0.061297
0.419661,0.491943,0.004847
0.309768,0.448429,0.063923
0.277990,0.531647,-0.027333
0.285599,0.432566,-0.064358
0.322081,0.437623,0.059261
0.386734,0.599934,0.046993
0.351600,0.465727,0.046050
0.347562,0.475935,0.047807
0.362840,0.417375,0.027508
0.328956,0.451972,-0.019167
0.309006,0.461056,-0.072939
0.323552,0.494818,0.019585
0.347061,0.496221,0.100737
0.206861,0.485880,0.002866
0.285465,0.470080,0.002618
0.264594,0.516459,0.091955
0.320939,0.373600,0.008823
0.345427,0.465221,-0.000791
0.193105,0.434031,0.037652
0.244048,0.408226,0.068232
0.260175,0.491180,0.001661
0.376673,0.524368,0.012483
0.303152,0.443514,0.018636
0.271799,0.519016,0.099589
0.209890,0.531735,0.035809
0.313347,0.385258,0.019688
0.290010,0.456861,-0.046358
0.178515,0.365195,0.030392
0.281415,0.414019,0.034308
0.242822,0.383409,0.019455
0.327470,0.327994,0.033901
0.281797,0.445904,0.020429
0.267277,0.392942,-0.026997
0.146865,0.387568,-0.030886
0.251407,0.459723,0.000382
0.270902,0.402300,-0.014081
0.293592,0.443901,0.025013
0.268609,0.398610,0.062032
0.226284,0.414412,-0.058915
0.321781,0.347022,-0.024517
0.229179,0.354605,-0.042920
0.297519,0.337579,-0.009609
0.300180,0.438780,0.031974
0.322134,0.401073,0.001860
0.284281,0.421530,0.038811
0.171541,0.376714,-0.031096
0.222454,0.433164,-0.050569
0.327675,0.354652,0.014568
0.152415,0.448796,0.007500
0.295879,0.411616,-0.028221
0.282148,0.391924,0.022633
0.216726,0.409200,-0.026857
0.304340,0.300695,-0.026801
0.321003,0.385621,-0.024156
0.243413,0.324614,0.040611
0.233358,0.361335,0.069514
0.277813,0.366600,-0.047028
0.281006,0.395286,-0.047617
0.309326,0.391639,0.000849
0.284300,0.420522,0.045574
0.227067,0.318508,0.000902
0.259741,0.395776,-0.079504
0.280978,0.385313,0.000361
0.302708,0.394907,-0.019415
0.289062,0.351969,0.052521
0.211152,0.294588,0.029537
0.237492,0.358487,-0.014810
0.141201,0.353636,-0.022647
0.215097,0.313598,0.058051
0.264254,0.398772,0.023215
0.292625,0.246100,0.047153
0.182208,0.427232,-0.047647
0.217131,0.325969,-0.025328
0.156815,0.311425,0.050661
0.282793,0.319187,-0.009592
0.273553,0.283776,-0.070313
0.246426,0.385804,-0.035728
0.226839,0.354061,0.023641
0.192931,0.280938,-0.047024
0.276024,0.429654,0.005424
0.159565,0.328561,-0.005685
0.230226,0.357749,0.050549
0.192887,0.315273,-0.093791
0.271015,0.364588,0.060430
0.219050,0.290586,-0.051697
0.201993,0.330871,0.078913
0.210371,0.317700,0.048734
0.158049,0.249093,-0.064795
0.213351,0.216869,-0.019104
0.138231,0.379963,0.059111
0.186648,0.293182,0.020347
0.257745,0.329162,0.030644
0.177508,0.302524,0.030529
0.242948,0.328422,-0.007229
0.199797,0.292827,-0.031473
0.083241,0.306841,0.014224
0.204981,0.355020,0.007861
0.151591,0.341831,0.007039
0.239519,0.240679,-0.041259
0.179654,0.294588,0.006754
0.173903,0.309190,-0.049725
0.200279,0.222117,-0.039298
0.136761,0.154665,0.007904
0.138536,0.353789,0.011489
0.164640,0.397565,-0.037502
0.214619,0.269803,0.057071
0.189086,0.238024,0.027798
0.132270,0.255530,0.009705
0.162301,0.257848,-0.058535
0.083414,0.232209,0.002082
0.197683,0.306941,0.074137
0.188262,0.297502,-0.026377
0.129332,0.256704,0.004262
0.164954,0.273109,-0.027579
0.166266,0.206625,-0.022002
0.115951,0.218349,-0.052086
0.181375,0.313451,-0.029368
0.128544,0.225724,0.003260
0.126029,0.265352,0.078696
0.216227,0.257408,-0.114978
0.211540,0.350662,-0.006086
0.225955,0.268775,0.021588
0.199260,0.229559,-0.015014
0.192408,0.235110,0.033325
0.157874,0.208231,-0.012986
0.124792,0.195066,0.009468
0.178037,0.159992,-0.020075
0.173326,0.260164,0.025416
0.157665,0.238893,-0.043616
0.160534,0.289406,0.016945
0.153103,0.299187,-0.005126
0.162135,0.238078,0.020443
0.166399,0.218137,0.013677
0.135823,0.259442,0.033268
0.113611,0.224752,-0.025358
0.211489,0.195647,-0.096251
0.158164,0.309765,0.016765
0.159683,0.260453,0.011626
0.229612,0.252163,-0.001656
0.206326,0.264836,0.057347
0.182893,0.259521,0.115985
0.137855,0.229246,-0.044683
0.087375,0.271514,0.015040
0.157491,0.206848,0.023801
0.159436,0.208678,0.023379
0.087076,0.249915,0.001327
0.190486,0.262174,-0.003245
0.098618,0.220246,0.007384
0.136181,0.243923,-0.109734
0.246058,0.187569,-0.004334
0.129938,0.227634,-0.016113
0.173735,0.152231,-0.009561
0.210961,0.247943,0.021253
0.139415,0.280208,-0.004894
0.117356,0.182214,0.012956
0.151999,0.241756,-0.001973
0.223662,0.239095,-0.028104
0.245717,0.227393,0.010447
0.172009,0.209790,0.007821
0.069806,0.099985,0.038095
0.083289,0.259596,0.002627
0.126769,0.222447,-0.043022
0.076478,0.275014,-0.050570
0.173176,0.091283,-0.020288
0.087691,0.182756,0.003437
0.153861,0.209214,-0.005276
0.124501,0.218595,-0.013154
0.107875,0.179177,0.058000
0.117766,0.190559,-0.026650
0.055288,0.206639,0.002042
0.209140,0.222123,0.018477
0.139752,0.236488,0.028845
0.078054,0.154557,0.006134
0.210451,0.212043,0.015696
0.165922,0.265989,-0.111351
0.102494,0.221895,-0.071398
0.075264,0.213800,0.038627
0.158455,0.190787,0.085657
0.145143,0.197198,0.025064
0.031364,0.247814,-0.028168
0.147521,0.213223,0.018174
0.148216,0.233800,-0.012445
0.144984,0.132276,0.000654
0.034445,0.192075,-0.000000
0.103181,0.119422,-0.048124
0.150388,0.118581,-0.087627
0.107833,0.202824,-0.016546
0.253553,0.223964,-0.000289
0.087753,0.210957,0.040061
0.153162,0.185763,0.068828
0.134467,0.199646,0.001947
0.187060,0.208164,0.053624
0.161313,0.152910,0.008961
0.128166,0.238924,0.053754
0.135517,0.202283,0.046168
0.193122,0.199016,-0.021950
0.135269,0.143949,0.072965
0.152311,0.155750,0.057820
0.144014,0.184860,-0.038683
0.137463,0.136198,-0.010109
0.065543,0.115788,-0.024188
0.025560,0.240763,0.034187
0.066544,0.168370,0.045620
0.137507,0.201859,0.055527
0.066453,0.156308,-0.030317
0.102469,0.139497,-0.015844
0.110786,0.219313,-0.047201
0.142235,0.150443,0.054453
0.124326,0.154443,0.042534
0.133580,0.192138,-0.043086
0.147120,0.144924,-0.027881
0.091908,0.174763,0.040453
0.063668,0.227731,0.062652
0.074764,0.223889,0.107831
0.069049,0.241874,0.012855
0.072980,0.205155,0.065192
0.048572,0.168318,0.038854
0.046196,0.183546,-0.018746
0.112299,0.109630,-0.046132
0.058117,0.092552,0.023060
0.099233,0.141475,0.026092
0.154962,0.120235,-0.018044
0.083125,0.166992,0.060918
0.155480,0.141472,-0.015703
0.112201,0.171618,0.052781
0.036464,0.175221,-0.033921
0.072099,0.157650,0.022902
0.034653,0.152941,-0.091941
0.066820,0.134799,-0.017291
0.109295,0.174303,-0.067947
0.125658,0.159928,0.004202
0.140413,0.215841,0.021777
0.112354,0.141466,0.088380
0.051525,0.175253,0.029373
0.100443,0.140702,-0.006910
0.107955,0.106231,-0.040448
0.088919,0.150851,0.008296
0.044566,0.146483,-0.000982
0.093879,0.157802,0.036412
0.120193,0.132995,0.024032
0.074796,0.111017,-0.032060
0.092339,0.125013,0.021774
0.055665,0.213874,0.033425
0.077260,0.131539,-0.049267
0.090242,0.078410,-0.014529
0.123562,0.174600,-0.035016
0.094159,0.143625,-0.034044
0.098583,0.187533,-0.013909
0.084355,0.185378,0.010793
0.037759,0.251448,-0.064141
0.177568,0.139347,0.016398
0.089144,0.193433,0.038047
0.119578,0.109751,-0.040510
0.097319,0.129179,0.046255
0.003282,0.075500,-0.013849
0.100388,0.140514,0.015050
0.090842,0.167007,-0.029762
0.159086,0.111120,-0.044656
-0.002932,0.156982,0.034385
0.073619,0.125052,0.027896
0.092061,0.094233,0.004464
0.087979,0.082771,-0.004477
0.028462,0.077277,0.042577
0.045339,0.096948,0.037690
0.126270,0.117542,0.040566
0.077221,0.143420,-0.021855
0.057966,0.108073,-0.050225
0.090414,0.197651,-0.015026
0.120396,0.184941,-0.042640
0.145053,0.192709,0.052157
0.116467,0.146756,-0.033753
0.156325,0.095981,0.003773
0.023802,0.137808,0.022446
0.112889,0.016163,-0.002881
0.004275,0.145861,-0.047956
0.051054,0.123489,-0.040652
0.099223,0.086576,0.027306
0.092403,0.128569,0.016105
0.157044,0.120354,-0.049097
0.065806,0.090533,0.040472
0.071963,0.150186,-0.029031
0.039236,0.110024,0.021998
0.075724,0.098555,0.015624
0.103734,0.171902,0.050502
0.071129,0.094081,0.034910
0.083105,0.093988,0.021551
0.033437,0.085766,0.017270
0.114911,0.187642,0.012679
0.059568,0.128386,0.101051
0.069984,0.107715,-0.030554
0.057314,0.053376,0.049514
0.079376,0.119013,0.083064
0.005534,0.157539,-0.017038
0.113248,0.134896,0.021709
0.118925,0.104089,0.044327
0.084510,0.037110,-0.038280
0.002388,0.120514,-0.004583
0.083663,0.103851,-0.026994
0.030915,0.104164,-0.038359
0.112823,0.113413,-0.027259
0.041345,0.123876,0.015600
0.070789,0.087485,0.014931
0.090947,0.057308,-0.027727
0.046369,0.069697,0.059784
0.025890,0.131208,0.015299
0.058382,0.070997,-0.008246
0.054405,0.128379,-0.043021
0.060454,0.050124,0.024776
0.013744,0.051253,-0.038721
0.080377,0.130877,-0.018270
0.036996,0.095738,-0.013429
-0.003163,0.085975,-0.053349
-0.039226,0.059025,0.061141
0.068645,0.065658,0.012551
0.083190,0.059230,0.016647
0.079228,0.066668,0.051211
0.080063,0.134985,0.016156
0.018963,0.074108,-0.040113
0.020619,0.114852,-0.015160
0.112569,0.125051,0.035898
0.106558,0.023204,-0.069789
0.091676,0.104467,-0.006310
0.109013,0.146618,0.035356
0.073882,0.110930,-0.042312
0.094692,0.110836,-0.043066
0.126500,0.116700,-0.044956
0.105303,0.023478,-0.026994
0.026765,0.143529,0.010855
0.053129,0.027367,0.001722
0.084857,0.136097,0.112100
0.085219,0.046819,-0.053649
0.000624,0.064236,0.002555
0.073313,0.085763,0.007945
-0.025207,0.152191,0.005101
0.050189,0.078990,0.019310
0.054108,0.102501,0.007694
0.067739,0.081614,0.068403
0.062943,0.183939,0.007847
0.040268,0.139151,-0.006388
0.069878,0.054749,0.053807
0.066556,0.166656,-0.029992
0.082500,0.101637,-0.004150
0.112805,0.068064,-0.045394
-0.011902,0.108067,-0.019777
0.026858,0.102078,-0.027969
0.113120,0.066608,-0.021661
0.076731,0.113818,-0.003739
0.013155,0.163979,-0.013775
0.042169,0.193492,0.017175
0.094353,0.075867,-0.010034
0.056507,0.076128,-0.021361
0.067440,0.021956,0.081858
0.001843,0.112501,0.031875
0.007892,0.051211,-0.016446
0.006349,0.002378,0.012502
0.103080,0.053858,0.000602
0.044228,0.091337,0.027285
0.069987,0.078660,0.001183
0.055939,0.091439,0.040411
0.032234,0.096997,0.032045
0.028139,0.051215,0.049050
0.086922,0.116481,0.126551
0.007255,0.040248,0.042482
0.094242,0.040884,-0.000308
0.034006,0.078704,0.028037
0.006940,0.122431,0.039958
0.080802,0.062963,0.039431
0.081920,0.108192,0.038024
-0.038410,0.102825,0.032563
0.105628,0.137617,0.008062
-0.009714,0.060047,-0.017677
-0.011001,0.070295,-0.045882
0.042242,0.084946,-0.033658
0.057661,0.060649,-0.026454
0.062955,0.095572,-0.029280
-0.035229,0.016282,-0.039003
-0.006494,0.144276,0.003635
0.044486,0.099380,-0.009110
0.035275,0.087698,0.014433
0.116974,0.041609,0.016818
-0.013780,0.124745,0.009797
-0.005374,0.076459,-0.003566
0.133046,0.056217,0.030156
-0.019660,0.089815,-0.046162
0.006192,0.106401,-0.037760
0.019168,0.072592,0.025576
0.067982,0.145474,0.017608
0.031994,0.087628,0.032913
0.038691,0.082878,0.076127
0.039768,0.117929,-0.028706
0.083531,0.090910,0.047930
0.124311,0.020703,0.015475
0.021550,0.028441,-0.006986
0.054561,0.063994,-0.087391
0.072825,0.132220,0.001614
0.022763,0.066051,0.034995
0.101352,0.065869,0.033894
0.019652,0.117943,-0.002753
0.056331,-0.028502,-0.047795
0.024385,0.026291,0.030616
0.009182,0.051052,-0.026909
0.125181,-0.003840,0.023012
0.025937,0.015205,0.082660
0.045420,0.052999,-0.082007
-0.031576,0.052296,-0.007377
0.042095,0.038968,0.000229
0.030873,0.032477,-0.079001
0.052364,0.049518,0.097215
-0.028647,-0.004303,-0.017237
0.037386,0.014168,-0.068846
0.026525,0.057980,-0.019718
0.043618,0.056010,-0.042411
0.106369,-0.019409,0.045515
0.006276,0.067037,0.053978
0.000674,-0.004285,-0.007996
0.006150,0.090903,-0.017926
-0.005366,0.099452,0.007148
0.005870,-0.007367,0.068481
0.074187,0.048946,0.073384
0.076236,-0.007427,0.123551
0.076924,0.052649,-0.012138
-0.035045,0.006728,-0.020674
0.038705,0.057862,-0.026089
0.020544,0.023192,-0.089556
0.047201,0.111004,0.042008
0.032798,-0.030793,-0.086910
0.050750,0.096581,0.051784
0.137036,0.035496,0.000531
0.012610,0.012899,0.035474
0.014007,0.115308,0.049764
0.009635,0.113393,-0.017126
0.065049,0.039428,0.012942
-0.001464,0.060027,0.004247
0.045866,0.016010,0.056903
0.034341,0.025857,0.033259
0.095167,0.030829,0.005431
0.102376,0.026140,-0.008489
0.035229,0.184352,-0.001436
0.000608,0.127835,0.007171
0.068185,0.132990,-0.053149
0.091744,0.089038,-0.014072
0.073330,0.001429,0.004766
0.033604,0.100356,-0.089082
-0.013612,0.026454,-0.004692
-0.027772,0.001810,-0.075399
-0.001344,0.072842,0.008811
-0.039777,0.056970,-0.020808
0.025511,0.032230,0.034428
0.010705,0.026008,0.035675
-0.017384,-0.006460,0.046946
0.014216,-0.011532,0.029548
-0.003847,0.036924,0.008651
0.088579,0.056505,0.020609
0.115977,0.016895,-0.065017
0.049363,0.014935,0.066531
-0.027038,0.090090,-0.052348
0.056181,0.095667,-0.000684
-0.014866,0.049257,0.026256
0.015700,-0.017486,-0.017386
-0.046884,0.143855,0.090489
0.067072,0.014087,-0.011505
0.025999,0.011598,0.015566
0.069645,0.044610,0.012551
-0.024740,-0.004516,-0.010273
0.094347,0.079053,0.017587
0.001229,0.013251,-0.023006
-0.005619,0.019740,-0.032926
0.041906,0.081299,0.030971
0.088740,-0.009585,-0.000384
-0.029105,0.061968,0.006719
0.003023,0.011722,-0.017125
0.106950,0.078581,0.021872
-0.004537,0.018674,0.028344
-0.027790,0.044103,-0.038679
-0.057731,0.115536,0.024842
0.110141,0.109819,0.012524
0.016372,0.072082,-0.014054
0.023716,0.057824,0.058681
0.004542,0.019239,-0.018802
0.060950,0.045946,-0.021668
-0.036217,0.020932,0.042621
0.039033,0.043103,0.063670
-0.019449,0.020156,0.002668
-0.001989,0.087099,-0.037303
-0.047213,0.114509,0.002082
0.058749,-0.003275,0.023062
0.009793,0.061619,0.039648
0.002033,0.041203,-0.009786
0.056814,0.025758,-0.048432
0.074237,0.051087,0.022569
0.050981,0.054787,0.014907
-0.018131,0.062148,0.014207
0.071790,0.004253,-0.008049
-0.031840,0.125399,0.017372
-0.018906,0.032443,0.022406
0.078767,0.040747,-0.034970
0.005803,0.084967,0.013661
-0.091954,-0.014658,0.067857
0.023304,0.069671,-0.021336
0.019247,-0.016718,-0.017285
0.058869,0.033212,-0.051671
0.013801,0.048095,0.003953
0.023047,0.054235,0.020969
0.002219,-0.000447,-0.042652
0.047040,0.044816,0.077367
0.054584,0.020221,0.031734
0.088344,0.045611,-0.027823
0.046843,-0.005378,-0.013468
-0.032986,0.028267,0.058487
0.061817,0.069792,-0.000812
0.016957,0.015178,-0.003726
0.061852,0.069974,0.027998
0.031794,0.009443,0.013249
0.078375,0.026985,0.014383
-0.028267,-0.000998,0.011023
0.042839,-0.009004,-0.004494
-0.002753,0.008944,-0.050832
0.115371,-0.010155,0.006865
-0.009120,0.081363,-0.037129
0.039670,0.039688,0.043018
-0.032159,0.037018,0.038825
0.017745,0.003792,0.027089
0.074391,0.030263,0.014592
0.019950,0.020879,-0.013707
0.035524,0.046924,0.050422
-0.030820,0.089525,0.028761
0.033003,0.037707,0.004977
0.045470,0.020639,-0.001332
-0.014640,0.096853,0.002040
0.022001,0.004592,-0.022150
0.075590,0.037513,0.055731
0.046052,0.072579,0.005966
-0.021366,0.077824,-0.019618
-0.017049,0.105679,-0.051986
0.021251,0.039429,-0.024053
0.096610,0.024959,-0.004345
-0.002225,0.075847,0.010526
-0.023817,0.046998,0.002375
0.003217,0.074824,0.033082
0.012877,0.069347,-0.039098
-0.015841,-0.002655,0.039764
-0.032942,-0.030771,0.034506
0.054664,0.025407,0.020588
0.026014,0.000842,-0.024031
-0.003163,0.010249,0.018934
-0.021175,0.003185,-0.001723
0.016495,0.038427,-0.052040
0.074324,0.072717,0.024145
0.051080,0.090722,0.036665
-0.022056,0.024257,0.035967
0.024151,0.058532,-0.063480
0.095382,0.127298,0.014465
0.028493,0.124549,0.019602
-0.034933,0.072460,-0.021465
-0.046791,0.053541,-0.012337
0.030259,0.073024,0.075792
0.023723,0.023675,0.006052
-0.006896,-0.028584,-0.009599
0.000232,0.027075,-0.005131
-0.059993,0.034492,-0.018376
-0.018494,0.029711,0.000554
-0.004330,-0.011691,0.019084
0.016635,-0.004629,0.027888
-0.013290,0.067791,-0.006944
-0.032410,0.053594,0.021779
0.065168,0.036084,-0.025003
0.031047,-0.000309,0.019134
-0.034078,0.006082,-0.043154
0.032937,-0.014867,0.049632
0.008103,0.022174,0.056307
0.034429,-0.028404,0.049076
0.085063,0.020637,-0.026846
0.046035,0.091558,0.082470
-0.008189,-0.027103,0.018924
-0.009744,0.125396,-0.038135
0.006039,-0.002650,0.055572
0.027066,0.008105,0.058154
-0.005705,0.027889,0.020975
-0.060514,0.002105,-0.059258
0.011407,0.018221,0.076802
-0.002694,0.049515,0.041029
0.052016,0.028430,0.036866
0.074953,-0.014763,-0.037842
0.028646,0.028225,-0.059376
-0.009061,0.022800,-0.001162
0.009063,-0.040814,0.067641
-0.087209,0.012456,-0.040070
0.012960,0.013159,-0.069366
0.061264,-0.032688,0.047491
0.090364,0.005554,0.015466
0.024928,0.030816,-0.028246
-0.010565,-0.000127,0.038089
0.076284,0.072885,-0.016475
0.027076,0.057151,0.036965
-0.009955,0.019212,-0.062754
-0.057293,0.081182,0.003611
0.003708,0.032118,-0.001818
0.065085,0.109471,-0.047965
-0.040289,0.097848,-0.076395
-0.075665,0.001173,0.009807
0.021724,0.093193,-0.027713
0.022145,0.030161,0.002091
0.044964,-0.039904,0.003816
0.023267,-0.023354,0.014456
0.013205,0.078362,-0.068904
0.027441,0.007546,-0.038797
0.058114,0.020343,0.011066
0.015354,0.001822,0.035480
-0.017235,0.028160,-0.007204
0.047629,0.064740,0.067252
-0.019403,0.013515,-0.021561
0.012063,-0.018877,0.010563
0.004107,0.091266,-0.003804
-0.026689,0.011865,-0.063924
0.032775,0.023071,0.036237
0.017191,0.049796,0.032969
0.006074,-0.008923,0.042213
0.018160,0.076280,0.012292
0.003643,0.020361,-0.053111
-0.017319,0.062809,-0.057206
0.053463,0.016876,-0.055925
0.010308,-0.023432,0.024226
0.020416,0.046782,0.005129
-0.044692,0.101140,-0.057527
0.060372,0.018431,-0.009515
-0.003699,0.012051,-0.019906
0.040430,-0.007439,-0.004021
0.052835,0.022540,0.015275
0.027839,0.033398,-0.007600
-0.032255,-0.007798,-0.024336
-0.047430,-0.024697,0.050190
-0.021623,0.067218,-0.022120
0.063396,-0.068182,-0.028872
-0.014190,-0.027811,-0.015419
0.057581,0.032514,-0.030127
0.118075,0.054068,-0.024203
-0.048251,-0.015670,0.008338
0.007262,0.036211,0.046614
0.012515,-0.042813,-0.142670
-0.075996,0.047115,0.077743
0.005799,0.021563,-0.002662
-0.009303,0.057254,-0.035315
0.019100,-0.006454,0.042983
-0.006358,-0.005952,-0.009425
-0.021245,0.027478,-0.008924
0.006670,-0.013018,0.009718
-0.019483,0.103737,-0.039807
0.017148,0.018035,0.055929
0.005682,0.004248,0.037429
0.066793,0.033529,-0.056372
0.006090,-0.034556,-0.028248
0.086528,-0.046923,-0.005562
0.038964,0.095580,0.125545
-0.000544,-0.017191,-0.042952
0.061620,0.068910,-0.051043
-0.000399,0.041140,-0.009730
0.012290,-0.048189,0.070745
-0.005348,-0.031175,-0.047727
0.063736,-0.038466,0.002925
-0.032320,0.056102,0.060634
-0.009873,0.014956,0.005474
0.009133,0.062293,0.034888
0.035664,0.044273,0.043460
0.102946,-0.034586,-0.059418
0.041394,-0.011221,0.038800
-0.037377,-0.026797,-0.012862
-0.052741,-0.031672,-0.061899
-0.008567,0.012818,-0.005976
-0.002024,0.034006,0.094570
0.000063,-0.055857,0.075136
0.005795,0.054894,0.010700
0.021681,0.007870,-0.074296
0.115331,-0.002019,-0.023698
-0.060227,0.032186,-0.030757
0.079661,-0.025022,-0.007708
0.043059,0.023404,-0.023450
0.024494,0.072059,0.091688
-0.010591,0.010176,-0.137056
-0.003563,-0.052327,0.027258
-0.034593,0.016346,-0.005193
-0.038494,-0.001152,0.008169
-0.015866,-0.015064,-0.005356
-0.027110,0.061461,-0.109241
0.090747,0.065547,-0.106023
-0.067798,0.041183,0.063672
-0.005849,0.002619,0.010711
0.015198,-0.027039,-0.082909
0.015429,0.024392,0.008993
-0.033848,0.021913,0.090210
0.043827,0.023833,-0.094949
-0.021671,0.085470,-0.039682
-0.016465,-0.031510,0.072341
0.001788,0.017836,-0.009401
-0.093605,-0.031272,0.015041
0.068814,0.046287,-0.055116
0.060400,0.062432,0.016300
0.006371,0.029254,-0.011442
0.006894,0.033909,0.012561
0.003603,0.013885,-0.025259
0.015640,0.047755,-0.013048
-0.013438,-0.035288,0.068896
0.135548,-0.028875,0.012508
-0.058852,0.007687,-0.023995
0.000730,0.058565,0.018446
0.108304,0.007862,-0.038524
-0.012387,-0.080456,0.042279
0.033400,0.006054,0.072405
-0.011714,0.053927,-0.048152
-0.062215,0.019758,0.010650
-0.049968,-0.032767,0.031787
-0.059030,0.020960,-0.031566
-0.026959,0.065738,-0.013929
0.023909,-0.014505,-0.018281
0.027719,-0.087965,-0.001563
0.012898,-0.023004,0.035050
0.046927,0.022004,0.031865
0.005027,0.051270,-0.072171
-0.061719,-0.024927,0.007409
0.002526,0.013958,0.002231
-0.058856,0.028699,-0.046919
-0.038965,0.030450,-0.040162
0.090422,-0.004018,0.059447
0.013012,0.026151,-0.034849
-0.002291,0.065082,-0.040022
-0.026913,-0.020476,0.009271
-0.022730,0.098151,0.017711
0.046333,0.026589,0.052359
-0.007970,-0.034815,-0.060043
-0.020928,-0.032727,-0.062145
-0.055743,0.042286,-0.038893
0.025663,-0.039231,0.063782
0.022287,0.053895,0.015793
-0.022252,0.054620,-0.048958
0.033485,0.024976,-0.004534
-0.010306,0.054216,-0.080068
-0.037557,-0.014825,-0.031590
-0.047213,-0.077205,-0.007680
0.006940,0.024480,0.054288
0.001908,0.066785,-0.033582
0.037015,0.020822,-0.012172
0.013738,0.074266,-0.010206
-0.026216,0.037697,-0.033745
-0.039531,0.006650,-0.027436
0.062417,-0.055529,0.087941
0.041016,0.071067,-0.018899
0.003664,0.024574,0.017353
-0.031105,0.044088,0.014157
-0.048161,-0.037454,0.040854
-0.055005,0.009047,0.055128
0.044891,0.061587,-0.072739
-0.009761,-0.017354,-0.079255
0.001051,-0.027281,0.056125
-0.044185,0.025959,-0.005536
-0.010081,0.016617,0.065685
0.079955,-0.008204,-0.020738
-0.027664,0.038432,0.009253
0.001850,-0.010128,0.095354
-0.007330,0.004013,0.046635
-0.010250,0.070997,-0.015782
-0.033679,0.020132,0.057442
-0.034417,-0.032801,-0.037687
-0.016633,0.022093,0.040055
0.015536,-0.027068,0.020456
0.066004,-0.000649,0.035144
0.032951,0.081244,0.017306
-0.030186,0.032440,-0.005624
0.025163,0.074975,0.036562
0.021857,-0.025904,-0.019949
0.041548,-0.041055,0.028408
-0.003896,-0.064463,-0.033326
0.021487,0.130456,0.088083
0.036552,0.053135,-0.009153
-0.000259,0.079986,-0.021673
0.007481,0.027037,-0.001828
0.011927,-0.005823,-0.039314
0.024221,-0.009361,0.031696
-0.009728,-0.023742,0.041135
0.073903,-0.024416,0.070001
-0.020373,-0.057954,0.008579
-0.042489,-0.063304,0.072712
-0.013471,-0.008441,-0.013171
0.009666,0.052070,-0.024248
-0.078764,-0.062857,0.001342
0.056448,0.028023,0.016353
-0.050095,-0.069830,-0.011607
0.042892,-0.070156,-0.059671
-0.034401,0.042484,0.029175
-0.018320,-0.002854,-0.003876
0.001111,0.000281,0.006446
0.040139,0.030818,0.073245
0.002437,0.008534,0.004805
0.066727,0.026641,0.005957
0.047151,-0.056789,0.061918
0.020039,-0.055128,0.044434
-0.020542,-0.034115,0.012989
0.072647,0.008277,0.024004
0.029028,0.020091,0.089687
-0.002813,0.067611,0.027150
-0.003855,-0.011466,0.051016
-0.057597,-0.043903,-0.072482
-0.080881,0.066916,-0.010579
-0.049726,0.071356,-0.010431
-0.012455,-0.077071,-0.043532
-0.004163,-0.005346,-0.012025
-0.034481,-0.036775,-0.040364
-0.051583,0.092138,-0.024522
0.030182,0.004806,-0.056845
-0.044611,-0.008079,0.055664
-0.002971,0.085405,-0.094199
0.023650,-0.025611,-0.007274
-0.011519,0.020593,0.034234
-0.020008,-0.061646,0.007854
0.012843,-0.099475,-0.002961
0.028285,0.043367,0.071107
0.016405,0.000651,-0.031241
-0.059056,0.086857,0.024331
-0.018856,0.053965,0.030429
0.092315,-0.009358,0.049836
0.043811,0.036856,-0.029523
0.033384,0.049704,-0.047379
0.042577,0.043932,-0.032491
0.021568,-0.019828,-0.013359
0.017725,-0.003246,-0.037019
-0.014279,0.063593,0.029905
0.041564,0.038633,-0.005729
-0.011925,0.009712,0.050631
0.037987,0.020862,0.004897
0.030137,0.066534,-0.044409
0.007210,-0.039794,-0.012199
0.047669,-0.029070,-0.103401
0.019684,0.028168,-0.014845
0.003766,0.022754,0.092672
0.003121,-0.126342,-0.065706
-0.009474,0.058925,-0.027188
0.007779,-0.042725,-0.053825
0.007842,0.000524,-0.034143
-0.013712,0.036233,0.004552
-0.000992,-0.035694,-0.026455
-0.067473,0.044870,-0.011607
0.002399,0.011257,-0.014335
0.040988,-0.018466,0.006811
0.049148,0.018822,0.070883
-0.104737,-0.014476,0.043131
0.029545,0.007016,0.023910
0.031186,-0.033870,0.023280
0.007731,0.045178,-0.030939
-0.087359,-0.025620,-0.091951
-0.044436,-0.022220,-0.042128
0.037207,-0.010516,0.041731
0.077466,-0.021952,0.018247
0.086898,-0.021797,-0.042186
0.011279,0.019517,-0.056137
0.089383,0.067264,0.000645
0.021526,0.001545,-0.038714
-0.045762,-0.031615,-0.060577
0.071928,0.070640,-0.009765
-0.044436,0.044662,-0.012029
-0.035984,-0.007607,-0.055150
0.013417,0.042360,0.007849
-0.026633,-0.062466,-0.089988
-0.002075,0.029204,-0.008221
-0.040487,0.071957,-0.049053
0.049751,0.045253,0.004283
-0.004893,0.106237,-0.027634
0.019572,-0.015105,-0.025451
0.031005,0.020965,0.056280
0.039485,0.008918,0.033593
0.022678,-0.056655,-0.050001
0.047750,-0.003578,0.021485
-0.047711,0.045992,0.047670
0.007144,0.012673,0.034456
0.014849,0.015335,-0.019680
0.091560,-0.000461,0.023355
0.020338,0.022449,0.034411
0.087262,-0.008382,0.049127
-0.043752,0.063279,0.007504
0.029656,0.017257,0.002401
0.053851,0.014260,-0.000121
0.061650,-0.000469,0.014722
0.043554,0.020601,0.071027
-0.070991,-0.005626,-0.055285
-0.027411,0.022811,0.053284
0.035101,0.029089,0.008528
0.071998,-0.020953,0.017458
-0.090566,0.042376,-0.058242
-0.060066,0.029103,0.027594
-0.038292,0.032398,0.029476
0.038686,-0.021455,0.008713
0.054392,-0.035654,0.032362
-0.035665,0.002877,0.015865
-0.047809,0.060178,-0.017702
0.082628,-0.012769,-0.008859
-0.055083,0.003870,0.006423
0.051615,-0.056107,-0.019883
0.007913,-0.038109,0.060168
-0.018636,-0.022121,0.029932
-0.014887,-0.040432,-0.008348
0.014565,-0.048895,-0.038367
0.089753,-0.005372,-0.027837
0.036645,0.023026,-0.030508
-0.035610,-0.004319,0.028728
-0.053371,0.016591,0.025224
-0.028695,0.050825,0.002141
0.043590,-0.002104,-0.033774
0.037954,0.056687,0.037440
0.028591,0.073654,-0.089487
0.035538,-0.057160,-0.041473
-0.000600,-0.006011,0.000419
-0.005217,-0.016936,-0.013793
0.003926,0.054614,-0.028846
0.008206,-0.086502,0.062239
-0.006215,-0.005580,-0.041693
-0.016141,-0.072313,-0.019238
0.031941,0.023848,0.024573
-0.041721,-0.020299,-0.022355
0.039921,-0.025917,0.022347
-0.013392,-0.005541,-0.029022
0.052407,-0.082241,-0.024054
-0.018906,-0.001706,-0.024988
0.018698,0.028191,0.054486
0.059601,-0.017332,0.004334
0.013425,0.002098,0.052941
0.089059,-0.036886,0.004232
-0.001579,0.026754,0.056867
0.024001,-0.037770,0.020821
-0.065786,-0.055690,-0.010231
-0.019685,0.007921,-0.017629
-0.008768,-0.070847,-0.005298
0.076941,-0.013579,0.017772
-0.003052,-0.008735,-0.018000
0.021083,-0.021125,0.083239
-0.013243,0.055105,0.017979
0.014145,-0.006235,-0.043069
-0.007134,0.014118,0.038056
-0.024744,0.027942,0.032404
0.015630,-0.001310,-0.021954
0.040924,-0.004594,0.027310
0.051251,0.051789,0.007543
-0.057582,-0.040626,-0.037372
-0.089495,0.028084,-0.019131
0.028357,0.022155,-0.062821
-0.036420,0.005081,0.009441
0.072989,0.119735,-0.018914
0.071750,0.029652,-0.057838
0.007586,-0.002489,0.030126
-0.014820,-0.010128,-0.042370
-0.058014,-0.024155,0.011665
-0.001244,-0.021247,-0.035401
-0.039347,0.061427,0.046656
-0.015131,0.004452,0.006586
0.018922,-0.031790,-0.021384
-0.050420,-0.048739,-0.032622
-0.054422,0.051542,0.002505
0.002376,-0.013236,-0.012571
0.004766,-0.009586,-0.006791
-0.018104,-0.056970,-0.036464
-0.019334,0.076098,0.093871
-0.022539,-0.015037,-0.098646
0.022178,-0.007670,0.022286
0.096770,-0.007454,-0.064939
-0.041277,0.030072,0.026138
-0.065329,-0.091939,0.060688
0.014317,-0.004134,0.015424
-0.020084,-0.036559,0.041538
-0.032042,0.039721,0.016132
-0.001537,-0.071261,0.011451
0.003517,0.016168,-0.038736
-0.021958,-0.028501,0.112535
0.003667,0.039027,-0.005048
0.018837,0.002002,0.025823
-0.015758,-0.009249,0.014988
-0.018137,0.023116,0.034091
-0.018850,-0.037577,-0.036003
-0.099314,0.020335,-0.000873
0.005583,-0.000175,-0.024408
0.009447,0.009730,-0.062416
-0.021307,0.062875,-0.023760
-0.019144,0.056679,0.009772
-0.034263,0.031819,-0.012053
-0.005342,-0.090710,-0.021565
0.040742,-0.028606,0.004096
-0.015911,0.033790,-0.016669
0.004843,-0.003589,0.021527
-0.049816,0.011611,0.020506
0.002192,0.022814,0.093995
-0.013647,0.012614,-0.006027
0.072490,0.037538,-0.084605
-0.001267,0.047425,-0.017529
0.057811,-0.004807,-0.041420
0.024701,0.067798,-0.005464
-0.011541,-0.066306,-0.023843
-0.038103,0.011529,0.036248
0.024380,0.018571,-0.019416
-0.013866,0.031428,0.049204
0.010132,0.062398,0.019183
0.019351,0.000457,-0.022409
0.041243,-0.001572,0.019795
-0.057200,-0.030271,-0.008824
-0.013759,-0.024113,0.021581
0.002390,-0.054830,0.044434
0.038159,-0.052226,0.031099
0.039542,0.021248,0.041478
-0.002967,0.061295,-0.045786
-0.036871,0.020946,-0.017067
0.064195,0.011497,0.025225
-0.035785,0.054421,0.023777
-0.000259,0.039035,0.006321
0.043293,-0.013246,0.071256
0.929843,0.791918,0.999218
1.866530,1.546867,1.823334
2.644661,2.161977,2.555231
3.220127,2.745497,3.221014
3.994413,3.312035,3.765803
4.621728,3.783444,4.425396
5.085650,4.256159,4.902744
5.476861,4.627797,5.288596
5.938997,4.986012,5.613359
6.332852,5.356557,6.000965
6.595706,5.635350,6.342769
6.928266,5.850150,6.593450
7.151191,6.159652,6.857355
7.476518,6.380886,7.138811
7.608187,6.556695,7.352424
7.811492,6.688224,7.491810
8.019122,6.963242,7.644430
8.114485,7.049977,7.685189
8.320087,7.171507,7.876099
8.355562,7.422929,7.921418
8.527949,7.450525,8.093015
8.608782,7.537660,8.198512
8.702749,7.620631,8.196391
8.779421,7.655287,8.227693
8.800589,7.726941,8.373979
8.760608,7.858765,8.460407
8.872366,8.003818,8.444309
8.946661,8.054208,8.529833
9.028893,8.119270,8.514868
9.032937,8.079903,8.564205
9.092285,8.204376,8.466328
9.056254,8.240447,8.535468
9.179143,8.249032,8.696153
9.135515,8.264772,8.611534
9.144695,8.340300,8.621662
9.087509,8.443852,8.586653
9.223713,8.478846,8.555600
9.078476,8.439239,8.592120
9.131497,8.571094,8.657669
9.111820,8.613929,8.611188
9.152558,8.516213,8.549675
9.142995,8.606083,8.510643
9.155386,8.595267,8.576512
9.224851,8.634010,8.525214
9.115359,8.644165,8.586169
9.176755,8.732118,8.574757
9.111749,8.756508,8.570061
9.178370,8.759627,8.466361
9.091595,8.753547,8.617454
9.124277,8.741895,8.498169
9.133453,8.695322,8.485853
9.107676,8.787114,8.488732
9.166156,8.711888,8.421044
9.044553,8.891443,8.418077
9.087904,8.817952,8.438438
9.016078,8.895457,8.425362
9.031652,8.902445,8.408807
9.038177,8.923925,8.440279
8.987791,8.932690,8.327492
9.021029,9.021572,8.363117
9.041365,9.018261,8.331789
9.003260,8.948550,8.222432
8.965529,8.972639,8.278320
8.973684,8.974345,8.280984
8.961449,9.001185,8.242368
9.010197,9.030214,8.231931
8.993497,9.049768,8.187406
8.872510,9.152091,8.285041
8.997368,9.027700,8.190453
8.877197,9.108775,8.141308
8.921298,9.143345,8.096838
8.949624,9.071201,8.085130
8.883902,9.208721,8.024529
8.942606,9.238220,8.085677
8.767001,9.191781,8.054402
8.881906,9.151094,7.954409
8.831910,9.250476,7.919147
8.857323,9.195420,7.934765
8.831211,9.309192,7.955579
8.731494,9.270663,7.895324
8.764522,9.234125,7.956418
8.846742,9.356589,7.969828
8.769943,9.262499,7.833179
8.807548,9.270058,7.839444
8.787936,9.303895,7.814364
8.692750,9.323810,7.781461
8.740056,9.389776,7.816865
8.705480,9.352890,7.777359
8.684192,9.433710,7.822077
8.725949,9.408132,7.647612
8.616532,9.392519,7.665315
8.682339,9.448037,7.683480
8.637208,9.463103,7.646952
8.686797,9.463777,7.640432
8.582898,9.469830,7.648054
8.577751,9.483407,7.580942
8.550200,9.539470,7.649919
8.684773,9.549098,7.583286
8.628828,9.592082,7.448732
8.589790,9.558202,7.471758
8.537314,9.525162,7.462028
8.511420,9.528294,7.395272
8.483378,9.593882,7.469714
8.528644,9.568898,7.422261
8.541824,9.675992,7.496566
8.503934,9.596053,7.275944
8.474479,9.617288,7.395191
8.532875,9.618755,7.386855
8.452558,9.723741,7.355968
8.498347,9.683322,7.225606
8.433999,9.627096,7.285189
8.374548,9.746531,7.122365
8.377310,9.725567,7.243909
8.338207,9.682179,7.177257
8.417116,9.817680,7.156469
8.327307,9.733021,7.196667
8.445960,9.745678,7.149561
8.316438,9.770795,7.108994
8.380795,9.860937,7.074470
8.285878,9.820778,7.039146
8.383897,9.862569,7.073558
8.303587,9.888928,7.105339
8.277952,9.913819,7.067998
8.302705,9.856879,6.924690
8.248516,9.820666,6.955053
8.260301,9.954684,7.050805
8.140014,9.853255,6.916281
8.194069,9.945226,6.872661
8.192735,9.952038,6.952088
8.158146,9.874836,6.836763
8.204319,9.937740,6.816261
8.176687,9.914882,6.792058
8.184756,9.951675,6.780085
8.087484,9.959981,6.709732
8.100198,9.994243,6.718913
8.142213,10.024080,6.599814
8.100531,10.008178,6.722917
8.183966,10.074784,6.710099
8.022014,10.117756,6.665131
8.089491,10.040173,6.579813
7.972702,10.037935,6.516367
8.052454,10.008011,6.646573
7.989072,10.083764,6.516876
8.078798,10.139791,6.493755
7.980376,10.097332,6.556970
8.038754,10.156421,6.489019
8.086232,10.095796,6.401388
7.973094,10.230065,6.399194
7.992217,10.133405,6.390342
7.957844,10.198071,6.387258
7.914705,10.177728,6.357082
7.855950,10.203974,6.329135
7.953939,10.210304,6.423660
7.995010,10.175375,6.278806
7.895802,10.221730,6.254439
7.860197,10.236439,6.277143
7.864700,10.315439,6.261246
7.847833,10.251619,6.192752
7.828183,10.182794,6.194208
7.827941,10.293667,6.232609
7.777236,10.335388,6.162058
7.824039,10.265073,6.125574
7.808055,10.249871,6.095655
7.771853,10.354536,6.088565
7.770367,10.270221,6.074557
7.698411,10.347116,5.942777
7.831138,10.386311,5.952160
7.733461,10.353854,5.898814
7.747605,10.370798,5.926382
7.714553,10.409265,5.905628
7.677985,10.440924,5.863041
7.646731,10.441694,5.917781
7.716669,10.386347,5.839587
7.685181,10.448823,5.806472
7.654496,10.460866,5.818028
7.682456,10.426634,5.817683
7.634565,10.499601,5.720628
7.672177,10.409952,5.741477
7.531713,10.502972,5.707437
7.584138,10.412865,5.620179
7.589970,10.501410,5.643996
7.601335,10.468455,5.651112
7.535035,10.519323,5.587422
7.546106,10.432893,5.596990
7.564612,10.544292,5.561746
7.561185,10.489829,5.578509
7.486124,10.515464,5.597071
7.454107,10.439941,5.536252
7.496905,10.615690,5.472111
7.398537,10.584002,5.488649
7.511314,10.631451,5.461136
7.451963,10.628620,5.348661
7.402775,10.533617,5.303211
7.342645,10.577935,5.331525
7.361664,10.652722,5.318362
7.404307,10.548359,5.250473
7.338217,10.657018,5.207052
7.308380,10.572670,5.264340
7.325752,10.648584,5.197879
7.302557,10.670953,5.144399
7.346543,10.695578,5.166795
7.330300,10.715181,5.133454
7.318503,10.601493,5.111875
7.243513,10.673113,5.035200
7.254311,10.667490,5.093258
7.304980,10.689032,5.020777
7.290023,10.750885,4.989903
7.221150,10.701651,4.942892
7.265045,10.717542,4.883205
7.224730,10.715306,4.962323
7.167689,10.820275,4.920764
7.250336,10.734223,4.871263
7.166743,10.716404,4.862624
7.200637,10.821701,4.891207
7.187153,10.815084,4.826015
7.127984,10.732812,4.728807
7.142280,10.782250,4.783099
7.155322,10.743922,4.770975
7.135745,10.726378,4.623157
7.100850,10.842834,4.718881
7.070601,10.771008,4.676924
7.056348,10.806486,4.587854
7.089328,10.822460,4.631793
7.082282,10.765981,4.618258
7.007812,10.790304,4.549728
7.055737,10.821197,4.563995
7.011782,10.856633,4.490853
7.014847,10.843384,4.407131
6.972205,10.824442,4.487023
7.073823,10.844034,4.428926
7.052026,10.900390,4.430850
6.995818,10.896064,4.276544
6.995853,10.896662,4.320000
6.937616,10.883061,4.411215
6.920236,10.933998,4.203910
6.938875,10.893874,4.261834
6.919683,10.935774,4.242043
6.883580,10.872700,4.255857
6.867465,10.852299,4.195833
6.820721,10.884301,4.153103
6.916343,10.944413,4.154656
6.866586,10.921475,4.062072
6.814257,10.930765,4.043572
6.867264,10.979876,4.051309
6.865936,10.894316,4.050648
6.782257,10.979705,4.021486
6.780225,10.930500,3.978954
6.762221,11.024869,4.010597
6.838705,10.933001,3.950405
6.791482,11.005679,3.873862
6.738016,11.036292,3.957460
6.780386,10.942065,3.862008
6.723132,11.013529,3.808781
6.651120,11.028119,3.850939
6.708191,10.963670,3.755075
6.628031,10.951188,3.740782
6.675966,11.008098,3.696385
6.741499,10.993575,3.650910
6.704585,11.074353,3.597509
6.663837,10.971771,3.653630
6.693323,10.914151,3.727234
6.585344,11.071497,3.666098
6.665825,11.031712,3.535809
6.572122,10.979148,3.511630
6.642641,11.007618,3.522182
6.587519,10.969613,3.503363
6.519834,11.082401,3.462938
6.520296,11.060981,3.481204
6.453297,11.017327,3.416892
6.549051,10.989805,3.408658
6.555480,11.045944,3.335133
6.563409,11.047234,3.348674
6.531080,11.026781,3.326751
6.515602,11.075294,3.325302
6.495913,11.013878,3.259231
6.462756,10.937914,3.195415
6.494564,11.073331,3.286527
6.534820,11.014861,3.170405
6.446857,11.043240,3.146549
6.469327,11.102021,3.099148
6.442194,11.099509,3.100528
6.343106,11.046702,3.105804
6.351546,11.161843,3.004419
6.461250,11.035011,3.075837
6.306953,11.073370,3.016380
6.359148,11.075849,2.951256
6.316679,11.132013,2.956703
6.299541,11.047558,2.865974
6.348073,11.062295,2.897856
6.306118,11.159124,2.868415
6.289253,11.136412,2.797247
6.312763,11.130807,2.828360
6.323931,11.052351,2.807000
6.244301,11.171674,2.730740
6.264570,11.069581,2.762976
6.212581,11.047109,2.741770
6.257441,11.034735,2.684166
6.279826,11.108883,2.660120
6.252878,11.157313,2.576762
6.251217,11.043208,2.605456
6.207967,11.105708,2.577534
6.202231,11.127566,2.614087
6.164280,11.074727,2.550173
6.140726,11.110885,2.448150
6.111809,11.061485,2.469897
6.134707,11.146851,2.456800
6.107139,11.124402,2.413831
6.172891,11.092628,2.458878
6.132199,11.115831,2.381446
6.065920,11.138537,2.287078
6.060580,11.111073,2.302433
6.099825,11.092293,2.295799
6.087026,11.086279,2.275319
6.053146,11.163080,2.147296
6.152449,11.122124,2.213242
5.981205,11.121758,2.174463
6.046728,11.116912,2.101249
6.018812,11.092557,2.120977
5.967952,11.075124,2.116457
5.904206,11.101901,2.079492
6.033290,11.170123,2.121986
6.047177,11.101558,1.946915
5.981243,11.060683,2.025213
5.977047,11.146745,1.950265
5.867476,11.174910,1.936657
5.862849,11.167971,1.997980
5.985976,11.153144,1.824610
5.878065,11.113394,1.867367
5.835729,10.982074,1.868527
5.816710,11.081740,1.848515
5.862864,11.113357,1.803225
5.882833,11.094536,1.799391
5.852695,11.133590,1.809151
5.874478,11.164558,1.788745
5.824650,11.104227,1.709064
5.774085,11.164088,1.663721
5.771650,11.154217,1.664628
5.773940,11.084876,1.578134
5.748353,11.078068,1.614457
5.735452,11.141982,1.633738
5.725971,11.089231,1.456749
5.761580,11.078261,1.471549
5.729707,11.044754,1.402602
5.767115,11.109042,1.423596
5.721298,11.116559,1.459130
5.764007,11.132748,1.406149
5.627405,11.094624,1.374627
5.701141,11.079080,1.328250
5.613548,11.011912,1.365510
5.600940,11.145003,1.278626
5.718236,11.014527,1.214954
5.565998,11.103763,1.178710
5.654355,11.104105,1.165509
5.577430,11.087635,1.199555
5.626223,11.013216,1.199327
5.505662,11.070873,1.104357
5.574437,11.100361,1.148092
5.558912,11.140975,0.998770
5.522799,11.061399,1.053150
5.579471,11.120579,1.037631
5.496344,11.084209,0.995326
5.477713,11.064777,0.963986
5.493683,11.068312,0.927002
5.477619,11.096554,0.890696
5.419299,11.028031,0.883635
5.475837,11.102372,0.799021
5.443629,11.022993,0.780950
5.481402,11.080222,0.712420
5.443482,11.106598,0.731807
5.501054,10.969180,0.829169
5.425073,10.994917,0.739999
5.409992,11.027317,0.644517
5.337900,11.051494,0.680702
5.320287,11.007639,0.571134
5.392749,10.987682,0.533118
5.343823,10.967604,0.652855
5.387452,10.985534,0.594149
5.333457,11.044392,0.551932
5.378894,11.009114,0.527625
5.352302,10.940899,0.485671
5.360088,10.923819,0.439017
5.292942,10.936674,0.463202
5.345380,10.922302,0.404148
5.282508,10.990858,0.285009
5.330067,10.913574,0.408774
5.349705,10.966561,0.339644
5.246375,11.039099,0.262265
5.288047,10.990113,0.338376
5.293091,10.957435,0.245021
5.223373,10.959019,0.216972
5.215275,10.941533,0.151387
5.160912,10.843063,0.135555
5.117537,10.924139,0.168557
5.177830,10.929102,0.179967
5.228768,10.883728,0.045782
5.214695,10.900142,0.084587
5.165416,10.910274,0.050188
5.093245,10.930645,0.032286
5.229990,10.935864,-0.040763
5.049181,10.865740,-0.068750
5.143714,10.833477,-0.091882
5.122115,10.885939,-0.028227
5.125094,10.843996,-0.109057
5.035942,10.796392,-0.089262
5.130109,10.796655,-0.159283
5.049952,10.838577,-0.187993
5.047474,10.832959,-0.223368
5.048101,10.828247,-0.311316
5.019130,10.871851,-0.282513
4.924494,10.727092,-0.316022
5.039034,10.814325,-0.307736
5.004271,10.790597,-0.376947
5.023517,10.806885,-0.284191
4.999261,10.803504,-0.358773
4.949292,10.750533,-0.327731
4.975693,10.884801,-0.530480
4.959038,10.842039,-0.530688
4.896980,10.828139,-0.489416
4.881247,10.813823,-0.594211
4.884953,10.758301,-0.550407
4.923544,10.749383,-0.613670
4.897526,10.722526,-0.625767
4.923277,10.700110,-0.566386
4.875656,10.707138,-0.650633
4.826486,10.713077,-0.609952
4.839791,10.712763,-0.726391
4.839805,10.710862,-0.703960
4.792218,10.706812,-0.731347
4.878568,10.652766,-0.790754
4.840034,10.699972,-0.812382
4.823029,10.617719,-0.877191
4.794347,10.667737,-0.806761
4.763298,10.712111,-0.939187
4.770975,10.573156,-0.977437
4.863267,10.597647,-0.858496
4.759834,10.635355,-0.950507
4.748969,10.527024,-0.983916
4.691581,10.546545,-1.001229
4.758605,10.690556,-1.064487
4.735032,10.664038,-1.024676
4.683700,10.548732,-1.073721
4.645852,10.687322,-1.109472
4.696568,10.585462,-1.080267
4.630340,10.620283,-1.205370
4.659494,10.525153,-1.182030
4.691436,10.601769,-1.262618
4.635012,10.509104,-1.290816
4.653758,10.582740,-1.234793
4.621512,10.602800,-1.240449
4.627440,10.577502,-1.288932
4.605434,10.487014,-1.321886
4.535955,10.511541,-1.353425
4.545568,10.511410,-1.369603
4.523661,10.494060,-1.380145
4.474480,10.406079,-1.429715
4.563328,10.415384,-1.463398
4.553993,10.522059,-1.525295
4.548841,10.438129,-1.507575
4.544305,10.400337,-1.561380
4.560044,10.426813,-1.532123
4.560214,10.435313,-1.570618
4.532368,10.403282,-1.602748
4.449260,10.465201,-1.693031
4.467396,10.382068,-1.682610
4.447040,10.379829,-1.687182
4.451025,10.278161,-1.704657
4.454641,10.398411,-1.732565
4.489018,10.401578,-1.771174
4.413970,10.370933,-1.875519
4.432457,10.378098,-1.843456
4.443660,10.313620,-1.821140
4.381099,10.280550,-1.817172
4.440367,10.270487,-1.869654
4.415531,10.295002,-2.008960
4.361527,10.249615,-1.912263
4.387862,10.294689,-2.020275
4.347838,10.244048,-1.977696
4.316504,10.237934,-1.918248
4.407130,10.260271,-2.037931
4.320146,10.151377,-2.024500
4.393595,10.301806,-2.132915
4.262844,10.190767,-2.197119
4.277389,10.198790,-2.117029
4.347558,10.204571,-2.077789
4.344849,10.167174,-2.172425
4.274415,10.122377,-2.163455
4.241549,10.064592,-2.171288
4.271400,10.090281,-2.291605
4.220968,10.106771,-2.338929
4.223672,10.119966,-2.313844
4.211706,10.102376,-2.234313
4.190932,9.992652,-2.346409
4.235190,10.017590,-2.416005
4.241425,10.057309,-2.452061
4.141593,10.007071,-2.430927
4.193706,9.954632,-2.450977
4.152552,9.943122,-2.452123
4.155398,9.963438,-2.496715
4.215620,9.969652,-2.579493
4.162221,9.974864,-2.593324
4.102717,9.995120,-2.538727
4.104169,9.985965,-2.616402
4.069470,9.919759,-2.590343
4.080051,9.927833,-2.577961
4.107179,9.943723,-2.638863
3.993294,9.832212,-2.597295
4.108272,9.913634,-2.694432
4.065527,9.830203,-2.701315
4.100377,9.874890,-2.756095
4.049103,9.842724,-2.765321
4.091855,9.789603,-2.832236
4.106866,9.868258,-2.837075
4.033726,9.853652,-2.846746
4.050750,9.740876,-2.843420
4.033419,9.799471,-2.918984
3.988912,9.759203,-2.885314
4.078838,9.787503,-2.967917
3.994070,9.690532,-2.953411
4.011326,9.725335,-2.998245
4.011425,9.631663,-2.980550
3.970039,9.684994,-2.980842
3.944318,9.722750,-3.084278
4.042053,9.681682,-3.075361
4.009410,9.663854,-3.126511
3.910543,9.702135,-3.127455
3.898804,9.671118,-3.119021
3.863753,9.604936,-3.231229
3.905095,9.561073,-3.188614
3.911023,9.612219,-3.194412
3.813011,9.544404,-3.191801
3.817584,9.542259,-3.284058
3.929466,9.604517,-3.250577
3.805511,9.608012,-3.173664
3.854196,9.526147,-3.312551
3.927845,9.464627,-3.372177
3.773428,9.552447,-3.314627
3.890357,9.484001,-3.388750
3.793212,9.485971,-3.413995
3.771988,9.399666,-3.460627
3.789983,9.403480,-3.495408
3.880745,9.412392,-3.480996
3.732391,9.449581,-3.483291
3.810494,9.440035,-3.531025
3.681833,9.318138,-3.552339
3.744503,9.371118,-3.538978
3.769724,9.362626,-3.616499
3.742138,9.315045,-3.612769
3.726604,9.266828,-3.652909
3.687936,9.203704,-3.684226
3.776137,9.241738,-3.721484
3.691205,9.244049,-3.692926
3.711577,9.278371,-3.744405
3.694760,9.257906,-3.717861
3.663073,9.211926,-3.756192
3.658512,9.179060,-3.744196
3.606180,9.180131,-3.809548
3.591372,9.194669,-3.811049
3.627975,9.104132,-3.924189
3.629056,9.157483,-3.804192
3.664360,9.153425,-3.942382
3.565468,9.091550,-3.908812
3.570709,9.023304,-3.889349
3.628376,9.064711,-3.973616
3.541444,9.039344,-4.003139
3.569184,9.072444,-4.017134
3.565508,9.061117,-4.067943
3.471203,9.003417,-4.043803
3.534725,9.084586,-4.012917
3.528892,8.905804,-4.041385
3.487948,8.982091,-4.152955
3.539495,9.003615,-4.113462
3.618371,8.902692,-4.162535
3.522190,8.840263,-4.087079
3.520848,8.860290,-4.167185
3.457135,8.863983,-4.248892
3.411314,8.810230,-4.126290
3.472586,8.889964,-4.230615
3.410340,8.883291,-4.296791
3.476878,8.808926,-4.247840
3.394728,8.825998,-4.352294
3.459907,8.679959,-4.257606
3.497402,8.811664,-4.352666
3.470859,8.659745,-4.397712
3.447767,8.704958,-4.389200
3.375104,8.697111,-4.366889
3.413822,8.724289,-4.368943
3.357679,8.598607,-4.477234
3.430008,8.663041,-4.442298
3.328895,8.740128,-4.476249
3.389360,8.537985,-4.519577
3.316728,8.651167,-4.575826
3.389197,8.561271,-4.551845
3.305498,8.612845,-4.571869
3.299858,8.516344,-4.656157
3.264968,8.539526,-4.570796
3.342371,8.509995,-4.598865
3.321496,8.506265,-4.671162
3.310702,8.528111,-4.723734
3.305464,8.440560,-4.683619
3.256816,8.412938,-4.715906
3.296160,8.420072,-4.695485
3.344761,8.383374,-4.760958
3.312474,8.355943,-4.709756
3.182849,8.430658,-4.769138
3.240698,8.331785,-4.801807
3.289501,8.305011,-4.826650
3.256741,8.235114,-4.890410
3.213806,8.247565,-4.896217
3.229977,8.314610,-4.916484
3.200472,8.267420,-4.981828
3.128530,8.201317,-4.886177
3.218773,8.185526,-4.939899
3.172924,8.138580,-4.993643
3.223281,8.129835,-4.969252
3.069300,8.171603,-5.006030
3.174066,8.164046,-5.014864
3.147391,8.112275,-4.970466
3.107884,8.128350,-5.060709
3.138701,8.082783,-5.153880
3.043768,8.043570,-5.088122
3.128009,8.047359,-5.049311
3.143742,8.019595,-5.239378
3.138552,7.972965,-5.125998
3.052120,7.913494,-5.164485
3.052060,7.961364,-5.235478
3.012212,7.865664,-5.155684
2.984807,7.883213,-5.154022
3.104283,7.894075,-5.213054
3.113800,7.849590,-5.294151
3.140770,7.878437,-5.240206
3.058723,7.757155,-5.257709
3.019616,7.815916,-5.273291
2.933148,7.740065,-5.392193
3.061820,7.707843,-5.372124
3.049359,7.800045,-5.277259
3.021654,7.737728,-5.340719
3.009276,7.741982,-5.497097
2.968860,7.754912,-5.425361
2.977947,7.700139,-5.445694
2.983030,7.666778,-5.403059
2.988225,7.641900,-5.452287
2.889058,7.576881,-5.519122
3.048587,7.555176,-5.444986
2.930565,7.563145,-5.503243
2.955135,7.502360,-5.526591
2.921993,7.513221,-5.552664
2.909299,7.513571,-5.552861
2.961354,7.477758,-5.611766
2.951875,7.504704,-5.640315
2.912603,7.483676,-5.575839
2.892530,7.409237,-5.639162
2.907685,7.480127,-5.697216
2.870118,7.376919,-5.668661
2.826051,7.381047,-5.745702
2.854105,7.308020,-5.661403
2.881847,7.308449,-5.714340
2.871179,7.257440,-5.745503
2.951283,7.208179,-5.666800
2.852422,7.225336,-5.703136
2.818899,7.253577,-5.759675
2.812019,7.209294,-5.770347
2.704352,7.218032,-5.874337
2.863168,7.174702,-5.763088
2.808047,7.146509,-5.911344
2.785164,7.102337,-5.867512
2.803310,7.080151,-5.880711
2.780410,7.142519,-5.921485
2.727912,7.027197,-5.950994
2.775853,6.955269,-6.013784
2.736969,7.174137,-5.898695
2.794657,6.957308,-5.976127
2.799835,6.979889,-5.957933
2.780645,6.912005,-5.983916
2.716864,6.966499,-6.042301
2.721775,6.858811,-5.992916
2.673175,6.879399,-6.097998
2.714432,6.914281,-6.080540
2.728855,6.834564,-6.050060
2.684812,6.760809,-6.062815
2.683219,6.769643,-6.112936
2.626967,6.784816,-6.101653
2.656196,6.712795,-6.123970
2.666770,6.656588,-6.129441
2.622019,6.761291,-6.110230
2.626070,6.667003,-6.152118
2.601705,6.583872,-6.199401
2.624735,6.639557,-6.273234
2.582682,6.637845,-6.187675
2.589674,6.660206,-6.180829
2.646313,6.628997,-6.302061
2.551609,6.538338,-6.243363
2.621963,6.569989,-6.267582
2.583679,6.487176,-6.238876
2.509629,6.452033,-6.302606
2.547631,6.512281,-6.332807
2.647811,6.423475,-6.302344
2.518413,6.444204,-6.293350
2.558435,6.411168,-6.364831
2.614020,6.390671,-6.360934
2.584693,6.391258,-6.404545
2.598563,6.291520,-6.394143
2.478417,6.307602,-6.398005
2.477616,6.242703,-6.455607
2.515046,6.242632,-6.447583
2.478960,6.245724,-6.426570
2.480060,6.100172,-6.423193
2.425727,6.258796,-6.436186
2.527247,6.208517,-6.496951
2.462781,6.125172,-6.522340
2.486227,6.103906,-6.473116
2.486548,6.132319,-6.599362
2.479766,6.062671,-6.540919
2.444165,6.028303,-6.617464
2.458288,6.031069,-6.529908
2.489837,6.015171,-6.573019
2.416076,5.990483,-6.568992
2.545084,5.846269,-6.598981
2.465925,5.965803,-6.635749
2.431143,5.884161,-6.679164
2.454420,5.861225,-6.564909
2.461214,5.870713,-6.673136
2.327209,5.871186,-6.737163
2.487805,5.786287,-6.726583
2.384821,5.721776,-6.684783
2.360525,5.793613,-6.703420
2.366418,5.722463,-6.750037
2.333772,5.736912,-6.754743
2.448417,5.605569,-6.787706
2.295494,5.699124,-6.635976
2.387315,5.537861,-6.757707
2.345231,5.571634,-6.810744
2.367437,5.537032,-6.843660
2.340088,5.601483,-6.791226
2.259782,5.548772,-6.815307
2.294931,5.536740,-6.858281
2.259598,5.465229,-6.904832
2.334711,5.467605,-6.770241
2.240168,5.506526,-6.852590
2.267047,5.406107,-6.851178
2.300302,5.376062,-6.821708
2.159807,5.357839,-6.948710
2.304658,5.345632,-6.907461
2.261721,5.325444,-6.918132
2.281586,5.335860,-6.881495
2.273126,5.285589,-6.945185
2.261245,5.285038,-6.887488
2.148579,5.192036,-6.842774
2.221394,5.199986,-7.017941
2.253189,5.216435,-7.018600
2.284021,5.160381,-7.011766
2.205806,5.144594,-6.966612
2.184068,5.141048,-6.979595
2.213252,5.133507,-6.994847
2.220163,4.979825,-7.041631
2.238932,4.969449,-7.078286
2.143883,4.971822,-7.122831
2.203559,4.979620,-7.090165
2.133737,4.949204,-7.007182
2.093957,4.911184,-7.048422
2.189753,4.898822,-7.067275
2.211279,4.853137,-7.125208
2.117529,4.803401,-7.051499
2.219974,4.818394,-7.131371
2.111989,4.825851,-7.140474
2.165345,4.753029,-7.203044
2.118353,4.762980,-7.157504
2.179238,4.734113,-7.177155
2.118656,4.689664,-7.105003
2.213994,4.680200,-7.184451
1.995838,4.573682,-7.142664
2.131007,4.689060,-7.192762
2.056281,4.619359,-7.174463
2.090370,4.568138,-7.204824
1.962448,4.525862,-7.190543
2.119073,4.486803,-7.247999
2.119597,4.504367,-7.251936
2.058880,4.534461,-7.271694
2.053584,4.458005,-7.267093
2.018500,4.387662,-7.226289
2.022737,4.457485,-7.273876
2.054911,4.365334,-7.267309
2.027364,4.398573,-7.349489
2.096950,4.349018,-7.286382
2.027520,4.297805,-7.268836
1.997515,4.244858,-7.379971
1.979028,4.240319,-7.302014
1.945855,4.097550,-7.327300
1.969670,4.164724,-7.361466
2.040703,4.117406,-7.358771
1.915784,4.135128,-7.267983
1.958058,4.072316,-7.407817
1.970632,4.128107,-7.386669
1.956123,4.123427,-7.440100
1.956781,4.033827,-7.402317
1.953897,4.041244,-7.374028
2.016372,3.986869,-7.418705
1.901519,3.959866,-7.336714
1.897402,3.916291,-7.478092
1.992897,3.892461,-7.391744
1.864614,3.872748,-7.536238
1.961137,3.829043,-7.440125
1.997091,3.878908,-7.462841
1.861721,3.757177,-7.428541
1.929085,3.788560,-7.422099
1.948542,3.747759,-7.431001
1.896534,3.692180,-7.426868
1.883080,3.658589,-7.479043
1.881519,3.776845,-7.477792
1.868405,3.632428,-7.509820
1.874982,3.528267,-7.513627
1.866951,3.581526,-7.515395
1.820170,3.599066,-7.519870
1.905107,3.533751,-7.534363
1.891026,3.579150,-7.460399
1.763949,3.491275,-7.529884
1.820558,3.409846,-7.504373
1.864242,3.404986,-7.578969
1.863751,3.345010,-7.503509
1.864682,3.310090,-7.553370
1.823538,3.397476,-7.527015
1.774194,3.352920,-7.599593
1.780718,3.331585,-7.553551
1.742328,3.335185,-7.553606
1.865356,3.272669,-7.599184
1.773993,3.277895,-7.599699
1.795421,3.200813,-7.539297
1.733138,3.151714,-7.649167
1.795636,3.130517,-7.634265
1.773661,3.127951,-7.608115
1.784415,3.077244,-7.567508
1.793895,3.130343,-7.590436
1.772725,3.025048,-7.599038
1.740312,3.040743,-7.593251
1.773487,2.962608,-7.641928
1.763852,2.967203,-7.618021
1.778995,2.912349,-7.650812
1.708436,2.880219,-7.702162
1.698919,2.883145,-7.683775
1.728325,2.852939,-7.633285
1.740364,2.760779,-7.654685
1.736493,2.772403,-7.620472
1.740388,2.763074,-7.634788
1.697764,2.801928,-7.693481
1.729790,2.677638,-7.745887
1.666082,2.689616,-7.722207
1.695926,2.658968,-7.691056
1.744528,2.679504,-7.668739
1.690387,2.537264,-7.678449
1.660169,2.555942,-7.741409
1.633180,2.576276,-7.683971
1.664051,2.541280,-7.666690
1.670753,2.546977,-7.731528
1.660600,2.578626,-7.714753
1.769295,2.519781,-7.745924
1.726394,2.337731,-7.706689
1.701485,2.434049,-7.713922
1.575542,2.377662,-7.757658
1.657125,2.324018,-7.673863
1.626392,2.334814,-7.745929
1.573768,2.268183,-7.746410
1.639114,2.133736,-7.711888
1.630509,2.202471,-7.646281
1.566794,2.266058,-7.752408
1.529905,2.191868,-7.717474
1.678405,2.172645,-7.683364
1.636768,2.178889,-7.823194
1.598754,2.094360,-7.670142
1.550959,2.110803,-7.790213
1.571735,2.111630,-7.711498
1.620543,2.033740,-7.732898
1.644057,1.987751,-7.692458
1.608858,1.980636,-7.691455
1.594079,1.925613,-7.789685
1.508970,1.890521,-7.819581
1.559463,1.941174,-7.717461
1.571604,1.883840,-7.822527
1.519555,1.922482,-7.714411
1.531399,1.774651,-7.729483
1.634955,1.860541,-7.755206
1.588364,1.811970,-7.687471
1.517054,1.734749,-7.719097
1.527353,1.718465,-7.669727
1.477024,1.693689,-7.760479
1.568931,1.711696,-7.815717
1.481937,1.620665,-7.766374
1.562857,1.562412,-7.798210
1.538491,1.588889,-7.762214
1.462748,1.511858,-7.802158
1.505355,1.520491,-7.785198
1.555597,1.486211,-7.765600
1.525694,1.473124,-7.729271
1.587260,1.461995,-7.810169
1.462466,1.492864,-7.774430
1.531365,1.337638,-7.729244
1.425885,1.384765,-7.773851
1.486630,1.356664,-7.743176
1.445514,1.314367,-7.701432
1.376943,1.344531,-7.788986
1.470833,1.285816,-7.787084
1.451248,1.275372,-7.800034
1.490278,1.232192,-7.710366
1.357066,1.129737,-7.722422
1.476066,1.149740,-7.826357
1.531468,1.163872,-7.733770
1.457158,1.080978,-7.778147
1.503198,0.990077,-7.719415
1.431543,0.968502,-7.745408
1.466734,0.973682,-7.788768
1.409775,0.937806,-7.784082
1.424159,0.979749,-7.755641
1.507347,0.896775,-7.739551
1.448875,0.942043,-7.723404
1.438003,0.899266,-7.727893
1.432480,0.846372,-7.695733
1.402788,0.843726,-7.760920
1.400310,0.819413,-7.802581
1.390720,0.732217,-7.647246
1.381323,0.702259,-7.733361
1.442478,0.789923,-7.754455
1.448935,0.604881,-7.777252
1.369970,0.675029,-7.764703
1.416720,0.580228,-7.711327
1.360497,0.608036,-7.713631
1.435931,0.577686,-7.826694
1.342082,0.613765,-7.714904
1.405657,0.477795,-7.670496
1.447092,0.454548,-7.707332
1.372377,0.532767,-7.687715
1.372807,0.475443,-7.690492
1.423753,0.393158,-7.654595
1.373222,0.374723,-7.724176
1.408470,0.332775,-7.682361
1.312140,0.389600,-7.655283
1.346452,0.272399,-7.622195
1.381980,0.274925,-7.694988
1.408642,0.303078,-7.609611
1.332132,0.234788,-7.667741
1.304125,0.259794,-7.707521
1.282308,0.206828,-7.727837
1.318894,0.120192,-7.648438
1.197930,0.056810,-7.708475
1.309961,0.112970,-7.622469
1.353312,-0.044121,-7.741715
1.259116,0.054213,-7.727209
1.282042,0.058028,-7.581528
1.318179,-0.005824,-7.604095
1.302543,-0.041763,-7.635384
1.235829,-0.095911,-7.587828
1.293244,-0.032185,-7.693328
1.292605,-0.123005,-7.601503
1.315181,-0.146354,-7.647156
1.254493,-0.144658,-7.574683
1.299783,-0.171553,-7.646481
1.248316,-0.159260,-7.638709
1.332749,-0.356060,-7.591145
1.356316,-0.189143,-7.514182
1.271920,-0.296323,-7.567592
1.242572,-0.280636,-7.577619
1.210621,-0.289698,-7.500306
1.208887,-0.405541,-7.592755
1.296226,-0.354069,-7.591049
1.240574,-0.437175,-7.520277
1.273403,-0.394912,-7.625078
1.275423,-0.478526,-7.561764
1.200725,-0.466426,-7.584879
1.207667,-0.609171,-7.516864
1.253150,-0.611868,-7.519601
1.186203,-0.536960,-7.501928
1.198327,-0.620873,-7.570926
1.201842,-0.646502,-7.569425
1.216011,-0.672454,-7.508680
1.248420,-0.709816,-7.504008
1.227292,-0.692817,-7.628314
1.180971,-0.703245,-7.498119
1.219535,-0.734038,-7.463206
1.212253,-0.734398,-7.475808
1.276701,-0.816575,-7.465538
1.187981,-0.876370,-7.548825
1.209654,-0.906285,-7.502714
1.251574,-0.906182,-7.447288
1.207919,-0.916294,-7.366746
1.284467,-0.993863,-7.476647
1.251576,-1.000940,-7.495369
1.159784,-1.005529,-7.433758
1.178744,-0.978650,-7.406636
1.225211,-0.986582,-7.487456
1.254710,-1.020352,-7.381123
1.207773,-1.035199,-7.472775
1.200440,-1.091707,-7.392920
1.177404,-1.133466,-7.370012
1.147095,-1.133288,-7.392771
1.159521,-1.188958,-7.393169
1.206940,-1.150716,-7.394714
1.166538,-1.242293,-7.288133
1.155805,-1.292999,-7.413061
1.222428,-1.317531,-7.330638
1.213004,-1.349480,-7.356265
1.135769,-1.315149,-7.298804
1.171383,-1.347715,-7.393916
1.105598,-1.455612,-7.310453
1.143590,-1.275344,-6.984907
1.145798,-1.308415,-6.701355
1.113322,-1.243988,-6.476293
1.146731,-1.159434,-6.197549
1.025003,-1.201580,-5.892132
0.998572,-1.095423,-5.508095
0.907089,-0.940537,-5.344945
0.814984,-0.879308,-5.064302
0.774147,-0.872059,-4.841477
0.577102,-0.786692,-4.613971
0.459599,-0.662555,-4.384228
0.384152,-0.660404,-4.139728
0.277631,-0.627973,-4.013503
0.255379,-0.514230,-3.931361
0.044520,-0.551347,-3.719206
0.020281,-0.512063,-3.643184
-0.034262,-0.386878,-3.555909
-0.021909,-0.452553,-3.411659
-0.113512,-0.381260,-3.243191
-0.202163,-0.347487,-3.210646
-0.318945,-0.398725,-3.141164
-0.271642,-0.317125,-2.970682
-0.269656,-0.363619,-2.986603
-0.419739,-0.331008,-2.832219
-0.349115,-0.323838,-2.860455
-0.321691,-0.386040,-2.761283
-0.452959,-0.248003,-2.740649
-0.415329,-0.264334,-2.790964
-0.428328,-0.216016,-2.621051
-0.498547,-0.261877,-2.760846
-0.444567,-0.238860,-2.562282
-0.432745,-0.295901,-2.563865
-0.469397,-0.256952,-2.442839
-0.511676,-0.291915,-2.576174
-0.513419,-0.247750,-2.488367
-0.489773,-0.254603,-2.397282
-0.473285,-0.193837,-2.337363
-0.516869,-0.275361,-2.384498
-0.478402,-0.201312,-2.338644
-0.553634,-0.328660,-2.358714
-0.469355,-0.245617,-2.320028
-0.497266,-0.191403,-2.358600
-0.555354,-0.183467,-2.368634
-0.486727,-0.195425,-2.233182
-0.543993,-0.282266,-2.275130
-0.568339,-0.252954,-2.238271
-0.521342,-0.195549,-2.170513
-0.579078,-0.251728,-2.112880
-0.505085,-0.254181,-2.052928
-0.610582,-0.205699,-2.061337
-0.542311,-0.218154,-2.184161
-0.584035,-0.265964,-2.114801
-0.514438,-0.265707,-2.115904
-0.532454,-0.266331,-2.119860
-0.567309,-0.307081,-2.093048
-0.525490,-0.232013,-2.200038
-0.588123,-0.235071,-2.061441
-0.532980,-0.258269,-2.004152
-0.516058,-0.286649,-2.073509
-0.519945,-0.271429,-1.951369
-0.543256,-0.249006,-1.989066
-0.574754,-0.335156,-1.995022
-0.482040,-0.258865,-1.854048
-0.511098,-0.246288,-1.964138
-0.501463,-0.219713,-1.991276
-0.593653,-0.176738,-1.961349
-0.589720,-0.223668,-1.939065
-0.569767,-0.240151,-1.932248
-0.569540,-0.301062,-1.941239
-0.508765,-0.225228,-1.943894
-0.512122,-0.350916,-1.853033
-0.497605,-0.357844,-1.855437
-0.492748,-0.263021,-1.923295
-0.476318,-0.229396,-1.879158
-0.548726,-0.211593,-1.830639
-0.457797,-0.302173,-1.853750
-0.492208,-0.264194,-1.886256
-0.507279,-0.363992,-1.830656
-0.515204,-0.218741,-1.829629
-0.516376,-0.219510,-1.790135
-0.436930,-0.286004,-1.725063
-0.432176,-0.309904,-1.772326
-0.571343,-0.268847,-1.667104
-0.489094,-0.264720,-1.668735
-0.587808,-0.286054,-1.751386
-0.434201,-0.261170,-1.620701
-0.397321,-0.288972,-1.667326
-0.412910,-0.261144,-1.652454
-0.480233,-0.286140,-1.652834
-0.421054,-0.287633,-1.687540
-0.441094,-0.323539,-1.611689
-0.525751,-0.271280,-1.579885
-0.520704,-0.284314,-1.654981
-0.405563,-0.269963,-1.641648
-0.427167,-0.238387,-1.591223
-0.464292,-0.194360,-1.636540
-0.503988,-0.207198,-1.610552
-0.506728,-0.271429,-1.622305
-0.396135,-0.346999,-1.582237
-0.506618,-0.218605,-1.518494
-0.491884,-0.259629,-1.603639
-0.510357,-0.230339,-1.537363
-0.408970,-0.327715,-1.522705
-0.485993,-0.270786,-1.507045
-0.393474,-0.231463,-1.520237
-0.454596,-0.270726,-1.616209
-0.489644,-0.261414,-1.549610
-0.436528,-0.308414,-1.526603
-0.482190,-0.290767,-1.459532
-0.410971,-0.264802,-1.470750
-0.372847,-0.306098,-1.494536
-0.412497,-0.276891,-1.498199
-0.479710,-0.210950,-1.488062
-0.461936,-0.294763,-1.444373
-0.406232,-0.346433,-1.398389
-0.393035,-0.296009,-1.409835
-0.440494,-0.276941,-1.428115
-0.450223,-0.267598,-1.394523
-0.424176,-0.287643,-1.435973
-0.436569,-0.255232,-1.369523
-0.440087,-0.243908,-1.508073
-0.417266,-0.283134,-1.445684
-0.374224,-0.239795,-1.345147
-0.402232,-0.244513,-1.323014
-0.430954,-0.220867,-1.416731
-0.378274,-0.231083,-1.395290
-0.371555,-0.312210,-1.310404
-0.375855,-0.281365,-1.381181
-0.448099,-0.267098,-1.422622
-0.427774,-0.254560,-1.341592
-0.390968,-0.289330,-1.324586
-0.347632,-0.268252,-1.325652
-0.448035,-0.274614,-1.356790
-0.387432,-0.264275,-1.350217
-0.408662,-0.261653,-1.276114
-0.380581,-0.242656,-1.286684
-0.394697,-0.205828,-1.344509
-0.376044,-0.250170,-1.342756
-0.400830,-0.222223,-1.225307
-0.360980,-0.229598,-1.287848
-0.425018,-0.286059,-1.245737
-0.308248,-0.239958,-1.225907
-0.372303,-0.263320,-1.229981
-0.332852,-0.307177,-1.285292
-0.376024,-0.321317,-1.226427
-0.388865,-0.288126,-1.260864
-0.322931,-0.253940,-1.187407
-0.370969,-0.195743,-1.255850
-0.347877,-0.304893,-1.164943
-0.409509,-0.258345,-1.199194
-0.405260,-0.258497,-1.193105
-0.332752,-0.256669,-1.218694
-0.284363,-0.229473,-1.147922
-0.421940,-0.232440,-1.187055
-0.314812,-0.243728,-1.136752
-0.386663,-0.256929,-1.080955
-0.328959,-0.257787,-1.078803
-0.422673,-0.248367,-1.066648
-0.302120,-0.332631,-1.108576
-0.285085,-0.300308,-1.048235
-0.347733,-0.214815,-1.189121
-0.339312,-0.261417,-1.162379
-0.299591,-0.265186,-1.042585
-0.280475,-0.319441,-1.143786
-0.308842,-0.259857,-1.041629
-0.274024,-0.259906,-1.119990
-0.330770,-0.282914,-1.009844
-0.299383,-0.327311,-1.182846
-0.319595,-0.285816,-1.071462
-0.224334,-0.259214,-1.106436
-0.341032,-0.245426,-1.062022
-0.220415,-0.249731,-0.986373
-0.300916,-0.328563,-1.059757
-0.411566,-0.339508,-1.029438
-0.296476,-0.246272,-1.010283
-0.337756,-0.302876,-0.992496
-0.273809,-0.254806,-1.007860
-0.341005,-0.321407,-0.941249
-0.281562,-0.204186,-1.074254
-0.313085,-0.186707,-0.993827
-0.250792,-0.297671,-1.020590
-0.358477,-0.408155,-0.975214
-0.295773,-0.198882,-1.027863
-0.246443,-0.284055,-1.037504
-0.296042,-0.254353,-0.978142
-0.280212,-0.248500,-0.982021
-0.285075,-0.232242,-1.033661
-0.232818,-0.264847,-0.907712
-0.296149,-0.289483,-1.011115
-0.332419,-0.269423,-0.997108
-0.290065,-0.292813,-0.993370
-0.279270,-0.255732,-0.970226
-0.331142,-0.234619,-0.932269
-0.219745,-0.276798,-0.970028
-0.225437,-0.277409,-0.913661
-0.302830,-0.246145,-0.940142
-0.292167,-0.219572,-0.878187
-0.233183,-0.275410,-0.891899
-0.320972,-0.336100,-0.930054
-0.302540,-0.288453,-0.805199
-0.244266,-0.232301,-0.906516
-0.272770,-0.240266,-0.782308
-0.289926,-0.271166,-0.901445
-0.195476,-0.308612,-0.884324
-0.211687,-0.200348,-0.890667
-0.280283,-0.205449,-0.847329
-0.257798,-0.242017,-0.897964
-0.225257,-0.242658,-0.801234
-0.292386,-0.316293,-0.836092
-0.259184,-0.199931,-0.788094
-0.212006,-0.321828,-0.808940
-0.282261,-0.204579,-0.827150
-0.170384,-0.232129,-0.838183
-0.273049,-0.248512,-0.876980
-0.241615,-0.209924,-0.768081
-0.211219,-0.221478,-0.822704
-0.292423,-0.223650,-0.769830
-0.240542,-0.201672,-0.918863
-0.211128,-0.306856,-0.829122
-0.158717,-0.278519,-0.801940
-0.231492,-0.242777,-0.795352
-0.281930,-0.200675,-0.782790
-0.261235,-0.219942,-0.760319
-0.215299,-0.249108,-0.742354
-0.280200,-0.262018,-0.799872
-0.257303,-0.243428,-0.782979
-0.266160,-0.234990,-0.782974
-0.230375,-0.251755,-0.799904
-0.282705,-0.237127,-0.746824
-0.241930,-0.247643,-0.737632
-0.176291,-0.204077,-0.748041
-0.227845,-0.260463,-0.732895
-0.199586,-0.269937,-0.727358
-0.278834,-0.170145,-0.804813
-0.298816,-0.222979,-0.754513
-0.238433,-0.197813,-0.730623
-0.239720,-0.214813,-0.780867
-0.285191,-0.301276,-0.752299
-0.258140,-0.320383,-0.734696
-0.162645,-0.175961,-0.735397
-0.227023,-0.210015,-0.706857
-0.228545,-0.168923,-0.678957
-0.261815,-0.256860,-0.704316
-0.253604,-0.200313,-0.737843
-0.184835,-0.249040,-0.678891
-0.221427,-0.251879,-0.666287
-0.139033,-0.189435,-0.732603
-0.190391,-0.236992,-0.729533
-0.206363,-0.165781,-0.615645
-0.225655,-0.204486,-0.703641
-0.231392,-0.219811,-0.686272
-0.157270,-0.199621,-0.677853
-0.238323,-0.208645,-0.715543
-0.199086,-0.152183,-0.655993
-0.203441,-0.116586,-0.649823
-0.261335,-0.205411,-0.566256
-0.234041,-0.203459,-0.672355
-0.307261,-0.133513,-0.658096
-0.185377,-0.323113,-0.635103
-0.321698,-0.227026,-0.591772
-0.271238,-0.170476,-0.617530
-0.165223,-0.121207,-0.698815
-0.141933,-0.192510,-0.636578
-0.196939,-0.224193,-0.562080
-0.191056,-0.213435,-0.631516
-0.263769,-0.188361,-0.626111
-0.176452,-0.192771,-0.549404
-0.117152,-0.232466,-0.587979
-0.193647,-0.142655,-0.566634
-0.181266,-0.213954,-0.638751
-0.145134,-0.215371,-0.586898
-0.100229,-0.230797,-0.581724
-0.162884,-0.165261,-0.505299
-0.210133,-0.179928,-0.696237
-0.169805,-0.166933,-0.508222
-0.248007,-0.223314,-0.588276
-0.207689,-0.149098,-0.645922
-0.173650,-0.269292,-0.553850
-0.162510,-0.161053,-0.537674
-0.166131,-0.207785,-0.571091
-0.213504,-0.169763,-0.582643
-0.135668,-0.214466,-0.611104
-0.209808,-0.169830,-0.525551
-0.165746,-0.124990,-0.593422
-0.111362,-0.159535,-0.621326
-0.200544,-0.250155,-0.611912
-0.180662,-0.122319,-0.575156
-0.186532,-0.154950,-0.532816
-0.130268,-0.115673,-0.538203
-0.117823,-0.260304,-0.547570
-0.151498,-0.170788,-0.509663
-0.116568,-0.161089,-0.543021
-0.227989,-0.125989,-0.586673
-0.164402,-0.183754,-0.445470
-0.133050,-0.173467,-0.594722
-0.157279,-0.153583,-0.556838
-0.157143,-0.263729,-0.585070
-0.147072,-0.194950,-0.478714
-0.122846,-0.223449,-0.479042
-0.121352,-0.144182,-0.626920
-0.131345,-0.208198,-0.503688
-0.206419,-0.148083,-0.494214
-0.152312,-0.157613,-0.521710
-0.124482,-0.115416,-0.500984
-0.167794,-0.174836,-0.469056
-0.121602,-0.183660,-0.516713
-0.198186,-0.175062,-0.436284
-0.165938,-0.191735,-0.440524
-0.154500,-0.183276,-0.509434
-0.242032,-0.123610,-0.469027
-0.148788,-0.146445,-0.461443
-0.093710,-0.183108,-0.431692
-0.201289,-0.256209,-0.507730
-0.225686,-0.235493,-0.471699
-0.070569,-0.110550,-0.422224
-0.142724,-0.151725,-0.466370
-0.099360,-0.174408,-0.488365
-0.125162,-0.077826,-0.527433
-0.160539,-0.176935,-0.473238
-0.135044,-0.195447,-0.482302
-0.121154,-0.207765,-0.480317
-0.137422,-0.095216,-0.480254
-0.203693,-0.177712,-0.473016
-0.137337,-0.207241,-0.387509
-0.161426,-0.099443,-0.484278
-0.165177,-0.133735,-0.428833
-0.182345,-0.200527,-0.471515
-0.139965,-0.218356,-0.442545
-0.164973,-0.156760,-0.411926
-0.178889,-0.157443,-0.405090
-0.111489,-0.132019,-0.387657
-0.176375,-0.132893,-0.427978
-0.109516,-0.091233,-0.376434
-0.108705,-0.140164,-0.432921
-0.118528,-0.131669,-0.393130
-0.198426,-0.131379,-0.435027
-0.197141,-0.174571,-0.447244
-0.103688,-0.179464,-0.442497
-0.023980,-0.142776,-0.420050
-0.128733,-0.137774,-0.420076
-0.184676,-0.138301,-0.413360
-0.106319,-0.074010,-0.424109
-0.140818,-0.136812,-0.309417
-0.125628,-0.146966,-0.350653
-0.076941,-0.123014,-0.425162
-0.214833,-0.108592,-0.388740
-0.131359,-0.168280,-0.331475
-0.147820,-0.188141,-0.415659
-0.148022,-0.122146,-0.358097
-0.121248,-0.109546,-0.351992
-0.098396,-0.173401,-0.325910
-0.162968,-0.188889,-0.382395
-0.109812,-0.182734,-0.353396
-0.051546,-0.095206,-0.446077
-0.170507,-0.074176,-0.410886
-0.145660,-0.057814,-0.345987
-0.150161,-0.042596,-0.366134
-0.188316,-0.138832,-0.368494
-0.126931,-0.101614,-0.301562
-0.112470,-0.115947,-0.379759
-0.190321,-0.140005,-0.308819
-0.107161,-0.164604,-0.386980
-0.174708,-0.138707,-0.392555
-0.024255,-0.078777,-0.395781
-0.166874,-0.130966,-0.366847
-0.090486,-0.224043,-0.296383
-0.067371,-0.076242,-0.347829
-0.103644,-0.160954,-0.351715
-0.110557,-0.142564,-0.310249
-0.090539,-0.095452,-0.437482
-0.142541,-0.182825,-0.290004
-0.110725,-0.170100,-0.311489
-0.077042,-0.142268,-0.375612
0.005061,-0.126239,-0.392739
-0.088703,-0.166128,-0.401185
-0.074881,-0.118845,-0.299819
-0.129299,-0.081162,-0.374921
-0.133279,-0.126505,-0.356165
-0.116898,-0.125453,-0.323689
-0.100061,-0.120704,-0.349646
-0.100290,-0.101634,-0.356195
-0.121213,-0.088463,-0.350606
-0.054117,-0.160618,-0.308329
-0.137359,-0.136872,-0.241413
-0.086547,-0.170144,-0.351328
-0.035256,-0.192714,-0.333307
-0.030069,-0.053962,-0.342169
-0.033612,-0.159166,-0.241417
-0.091119,-0.132135,-0.346666
-0.110181,-0.067923,-0.248766
-0.118552,-0.105508,-0.269462
-0.114611,-0.174359,-0.274360
-0.200644,-0.121900,-0.296443
-0.102927,-0.106919,-0.313288
-0.065162,-0.139415,-0.341953
-0.113303,-0.135409,-0.307140
-0.121775,-0.070316,-0.309814
-0.109100,-0.098985,-0.296221
-0.091166,-0.119743,-0.319733
-0.052475,-0.074164,-0.279898
-0.093005,-0.116769,-0.327759
-0.051382,-0.011964,-0.255818
-0.097615,-0.050637,-0.269842
-0.080386,-0.118807,-0.305841
-0.146314,-0.090307,-0.289956
-0.101211,-0.088494,-0.235905
-0.095952,-0.021774,-0.349209
-0.110187,-0.097395,-0.317780
-0.116028,-0.100392,-0.286687
-0.079379,-0.211260,-0.250309
-0.048345,-0.077514,-0.247536
-0.124203,-0.054173,-0.266933
-0.001316,-0.063567,-0.216456
-0.049523,-0.086498,-0.300221
-0.080105,-0.120826,-0.255796
-0.098739,-0.058071,-0.335465
-0.120651,-0.168563,-0.333158
-0.099645,0.012719,-0.271548
-0.099666,-0.098224,-0.324925
-0.051492,-0.018464,-0.258998
-0.097996,-0.127890,-0.236620
-0.096423,-0.186578,-0.288392
-0.081985,-0.123171,-0.243350
-0.076516,-0.175736,-0.356327
-0.080976,-0.116713,-0.363136
-0.113199,-0.116525,-0.300030
-0.062328,-0.148578,-0.176510
-0.102512,-0.122356,-0.244680
-0.067187,-0.114243,-0.181868
-0.174938,-0.152470,-0.272154
-0.034331,-0.089840,-0.192786
-0.147495,-0.053900,-0.221071
-0.146216,-0.027413,-0.204251
-0.130530,-0.190409,-0.214963
-0.085542,-0.080244,-0.161654
-0.095005,-0.131793,-0.226734
-0.055988,-0.184781,-0.176378
-0.090621,-0.157421,-0.254467
-0.100290,-0.122126,-0.197808
-0.093570,-0.099803,-0.205917
-0.100257,-0.064431,-0.202080
-0.138541,-0.154785,-0.263740
-0.074557,-0.076302,-0.251863
-0.086490,-0.111164,-0.244412
-0.083257,-0.130945,-0.221668
-0.084703,-0.138245,-0.160582
-0.082783,-0.171154,-0.213557
-0.136283,-0.052137,-0.315227
-0.112930,-0.127591,-0.255366
-0.075538,-0.171195,-0.260073
-0.066148,-0.044318,-0.211737
-0.058846,-0.003022,-0.264226
-0.120885,-0.064144,-0.207607
-0.101209,-0.110011,-0.169157
-0.018840,-0.169728,-0.183369
-0.109840,-0.076778,-0.196067
-0.085299,-0.096250,-0.209170
-0.030777,-0.105138,-0.239343
-0.078281,-0.093483,-0.261273
-0.055286,-0.106635,-0.203520
-0.029367,-0.096405,-0.191690
-0.135801,-0.092344,-0.275240
-0.047582,-0.072627,-0.308852
-0.034901,-0.167209,-0.150419
-0.076773,0.001972,-0.166722
-0.025002,-0.068122,-0.248663
0.011209,-0.054445,-0.271538
-0.066497,-0.074966,-0.177213
-0.107905,-0.132928,-0.204031
-0.139298,-0.104030,-0.274004
-0.047001,-0.018827,-0.188906
-0.036119,-0.075268,-0.252385
-0.065725,-0.139439,-0.128376
-0.125593,-0.088990,-0.177978
-0.056568,-0.032760,-0.279372
-0.159702,-0.124044,-0.192211
-0.009921,-0.106543,-0.193927
-0.101721,-0.087188,-0.107081
-0.034982,-0.090991,-0.167678
-0.061370,-0.089989,-0.295370
-0.002753,0.047521,-0.173755
-0.045735,-0.071321,-0.192821
-0.073995,-0.066895,-0.103803
-0.015747,-0.093582,-0.168977
-0.084949,-0.111363,-0.228642
-0.030947,-0.117001,-0.225297
-0.053306,-0.081145,-0.184618
-0.038531,-0.051989,-0.206060
-0.018402,-0.119449,-0.230091
-0.038468,-0.039170,-0.145395
-0.065359,0.042536,-0.128509
-0.017876,-0.060686,-0.178393
-0.061109,-0.117163,-0.239234
-0.050546,-0.145029,-0.142627
-0.028737,-0.018851,-0.229318
-0.060589,-0.082194,-0.164177
-0.131920,-0.076312,-0.175426
-0.072070,-0.011170,-0.143432
-0.079203,-0.143652,-0.211713
-0.075260,-0.097304,-0.147492
-0.031908,-0.006762,-0.180216
-0.108877,0.008608,-0.121705
-0.062388,-0.122954,-0.114113
-0.129563,-0.092630,-0.141964
-0.065557,-0.052292,-0.169626
-0.113790,-0.053780,-0.151217
-0.060120,-0.123690,-0.142891
-0.043963,-0.028663,-0.119126
-0.035330,-0.020920,-0.132809
-0.030857,-0.094073,-0.102134
-0.079746,-0.136942,-0.192566
-0.021010,-0.051124,-0.162176
0.002507,-0.095488,-0.182633
-0.058603,-0.090353,-0.147514
0.008960,-0.047320,-0.193442
-0.041049,-0.032133,-0.138680
-0.017031,-0.082741,-0.130148
-0.066748,-0.003769,-0.177499
-0.118854,-0.099423,-0.190676
-0.068696,-0.112864,-0.175325
-0.115145,-0.141001,-0.136613
-0.009391,-0.065522,-0.220678
-0.151186,-0.056379,-0.173243
0.037724,-0.107395,-0.173472
-0.042964,-0.057181,-0.091647
-0.066304,-0.074823,-0.191380
-0.050795,0.001093,-0.125333
-0.042639,-0.127889,-0.126734
-0.046537,-0.060021,-0.193797
-0.058203,-0.085845,-0.241249
-0.058870,-0.082807,-0.199223
-0.014695,0.006741,-0.142284
-0.089768,-0.074882,-0.129617
-0.017401,-0.078357,-0.152735
-0.061840,-0.075919,-0.158536
-0.043450,-0.094965,-0.138189
0.001714,-0.109659,-0.140516
-0.083977,-0.050736,-0.177616
-0.031519,-0.131485,-0.129607
-0.050456,-0.037246,-0.099643
-0.063061,-0.104065,-0.163840
-0.060402,-0.040059,-0.192585
-0.052952,0.022652,-0.184131
0.038794,-0.088464,-0.127367
-0.037758,-0.129683,-0.100239
-0.044039,-0.061434,-0.107283
-0.034970,-0.006730,-0.079117
-0.041568,-0.155869,-0.221051
-0.067997,-0.081210,-0.044098
-0.097111,-0.078481,-0.090093
-0.032559,-0.122569,-0.160329
-0.089645,-0.065474,-0.133609
-0.024388,-0.046143,-0.197017
-0.037477,-0.084890,-0.070358
-0.109328,-0.024876,-0.085068
0.008352,-0.120809,-0.064635
-0.118952,-0.029006,-0.101107
0.066106,-0.015876,-0.177680
-0.024378,-0.082501,-0.121582
-0.016908,-0.026623,-0.155439
-0.092253,0.004742,-0.035654
-0.041143,-0.026958,-0.164662
-0.011615,-0.155433,-0.120362
-0.016635,-0.066264,-0.118353
-0.063259,-0.028551,-0.162836
0.002502,-0.094932,-0.188291
-0.024895,-0.088945,-0.143843
-0.120842,-0.001282,-0.149785
-0.013190,-0.027422,-0.180304
-0.114760,0.042135,-0.155552
0.003601,0.007038,-0.112715
-0.008523,-0.019934,-0.065962
-0.093119,-0.026411,-0.141861
-0.029553,-0.071895,-0.048806
-0.113852,-0.155816,-0.094672
-0.032904,-0.003955,-0.118017
-0.034097,-0.035648,-0.147502
-0.071498,-0.108877,-0.123413
-0.019076,-0.035306,-0.117307
-0.124990,-0.148949,-0.049919
-0.051155,0.011796,-0.095510
-0.103547,-0.093745,-0.062681
0.018996,-0.138638,-0.115653
0.016784,-0.059734,-0.061188
0.012607,-0.062153,-0.046364
-0.043923,-0.016195,-0.125279
-0.109479,-0.038715,-0.142863
-0.074819,0.031243,-0.122290
-0.033436,-0.046949,-0.108050
-0.075154,-0.078466,-0.081245
-0.077283,0.025188,-0.169574
-0.147751,-0.031159,-0.166545
-0.040030,0.022789,-0.124891
0.014022,-0.011026,-0.193581
-0.006804,-0.089371,-0.165666
-0.036306,-0.037081,-0.102383
-0.052405,-0.110102,-0.168400
-0.026254,-0.099556,-0.077664
-0.009664,-0.019387,-0.062922
-0.027687,-0.100949,-0.078863
-0.022484,-0.004864,-0.092471
-0.025081,-0.086841,-0.040235
-0.034544,0.011020,-0.136762
-0.062142,-0.039687,-0.126347
-0.026997,-0.135248,-0.101265
-0.092160,-0.012612,-0.069490
-0.068210,-0.055777,-0.054864
-0.115761,-0.098100,-0.094780
-0.083940,-0.029888,-0.153831
-0.016457,-0.040364,-0.120702
-0.009248,-0.016819,-0.101414
-0.089168,0.004300,-0.102731
-0.013890,0.026160,-0.063309
-0.003852,-0.042711,-0.103435
-0.060066,-0.083901,-0.119725
-0.003272,-0.028029,-0.145152
0.058668,-0.063234,-0.119851
-0.086469,-0.068555,-0.106885
-0.029589,0.001972,-0.015752
-0.019220,-0.072371,-0.052154
-0.061506,-0.039481,-0.121555
-0.038807,-0.057647,-0.139555
-0.032019,-0.014953,-0.014470
-0.007438,-0.064654,-0.029436
0.047440,-0.049227,-0.099256
0.022115,-0.039809,-0.119799
0.000660,0.020593,-0.097089
-0.003575,-0.054961,-0.049651
-0.062390,-0.001222,-0.057394
-0.053565,-0.043912,-0.090869
-0.039924,-0.024831,-0.125366
-0.066738,-0.045199,-0.124194
-0.016458,-0.077840,-0.117012
-0.063115,-0.025322,-0.124225
-0.043207,0.032888,-0.097741
0.031224,0.009324,-0.045344
-0.029621,-0.058099,-0.081960
0.021533,0.023906,0.026668
-0.072959,-0.051866,-0.103211
-0.027950,-0.049629,0.020733
-0.007392,-0.075982,-0.024882
-0.047869,0.039027,-0.090194
-0.025525,-0.015635,-0.012959
0.005205,-0.028601,-0.074753
-0.031178,-0.007153,-0.156821
-0.007675,-0.078267,-0.074865
-0.040128,-0.054107,-0.125785
0.055162,-0.045625,0.004928
0.039783,0.025270,-0.134721
-0.059003,0.005808,-0.130888
-0.014819,-0.022022,-0.046375
0.023601,-0.005228,-0.066955
-0.064937,-0.049164,-0.051539
-0.020030,-0.009925,-0.137021
-0.014679,-0.041951,-0.108957
-0.035981,-0.042259,-0.003210
0.026035,-0.011918,0.001248
-0.066044,-0.073776,-0.088044
-0.021021,0.020420,-0.085930
-0.002652,-0.053300,-0.043043
-0.084559,-0.043226,-0.111091
-0.117038,-0.070898,-0.044867
0.003495,-0.082908,-0.172413
-0.018842,-0.053729,-0.088337
-0.025880,0.007194,-0.111059
0.004943,-0.021057,-0.045651
-0.075382,-0.067372,-0.111225
0.057262,-0.118788,-0.044937
-0.043009,-0.021186,-0.125767
0.048969,0.015308,-0.059173
-0.015487,-0.012252,-0.095379
0.028274,-0.035533,-0.074951
-0.036500,-0.034277,-0.042054
0.049247,-0.037479,-0.054496
-0.080195,-0.048004,-0.131979
-0.059280,-0.065377,-0.034119
0.024383,-0.003078,-0.087930
0.043046,-0.090798,-0.116846
0.037666,-0.037067,-0.000702
0.001758,-0.081131,-0.052076
-0.025891,0.013408,-0.031528
-0.026529,-0.003884,-0.042631
0.052190,-0.064340,0.010035
-0.041527,-0.033586,-0.130486
-0.042319,0.030539,0.032416
-0.020139,-0.086792,-0.056251
0.045445,-0.040720,-0.056769
-0.013771,-0.028626,-0.035457
-0.021111,-0.051511,-0.096668
0.004427,0.021098,-0.122035
-0.017492,-0.112089,-0.040226
0.029387,-0.039263,-0.095409
-0.058325,-0.003265,-0.099174
-0.063798,-0.012960,-0.063679
-0.049975,-0.098966,-0.090669
-0.025435,-0.081717,-0.054724
-0.012613,-0.040939,-0.003042
-0.046603,-0.078048,-0.053009
0.031175,-0.029330,-0.043282
-0.014496,-0.034727,-0.087021
-0.074177,-0.034524,-0.022065
-0.083958,-0.045665,-0.056324
-0.016278,-0.006054,-0.021210
0.022558,0.046064,0.042135
-0.049845,-0.062879,-0.044061
0.011564,-0.019457,-0.110085
0.001968,0.038814,-0.116033
-0.060502,-0.083679,-0.071471
-0.042406,-0.095981,-0.082654
-0.046119,-0.038009,-0.119219
-0.010366,-0.047661,-0.098772
-0.006629,-0.020806,-0.026924
-0.047935,-0.036126,0.040107
-0.009776,-0.002390,-0.100783
-0.004626,-0.097236,-0.000490
-0.050568,0.000478,-0.048311
-0.011811,-0.029934,-0.047685
0.028340,-0.029208,-0.057085
0.001594,0.048877,-0.082681
-0.037635,0.000105,-0.080762
-0.093840,0.025557,0.015243
0.011561,-0.011755,-0.158656
-0.045301,-0.002399,-0.033672
-0.001157,-0.005362,-0.102757
-0.125677,-0.066094,-0.105893
-0.033795,-0.011172,0.003626
-0.036337,0.011332,-0.100040
0.042762,0.019655,-0.027296
-0.093344,0.029359,-0.034597
0.023527,0.026767,-0.076156
-0.007115,0.005986,-0.003395
0.065533,0.004134,-0.020763
-0.061856,0.039428,-0.054958
-0.056515,0.009945,-0.068468
0.019081,-0.106771,-0.086766
-0.013592,-0.060701,-0.138431
-0.065086,0.036616,-0.061236
0.001929,0.015660,-0.089581
0.000771,-0.078547,-0.125005
-0.019119,-0.057276,-0.028892
-0.031934,-0.018376,-0.034996
-0.057320,-0.020653,-0.097774
-0.009458,0.007579,0.006425
-0.056831,-0.019281,-0.109320
0.023600,-0.027693,-0.077687
0.013926,0.004322,0.003012
0.011067,-0.031287,-0.011900
0.025442,0.017008,-0.000668
0.012999,-0.017407,-0.030110
-0.059179,0.010605,-0.100205
0.076261,0.054901,-0.036103
-0.082007,-0.037491,-0.012743
-0.021712,-0.009314,-0.061160
-0.007322,0.015941,-0.011747
-0.026194,-0.054848,-0.075097
-0.144689,0.001442,-0.007934
-0.086155,-0.050694,-0.004287
-0.039013,0.003267,-0.016480
0.002922,0.010901,-0.042720
0.055271,-0.030458,-0.037896
-0.025391,0.008523,0.006031
-0.020576,-0.036274,-0.097497
-0.041135,0.025438,-0.030318
0.006579,0.045820,-0.014139
-0.066393,-0.019876,-0.065949
-0.052795,0.046721,-0.014281
-0.071033,0.031579,-0.019584
-0.013288,-0.016219,-0.064226
0.007326,0.008292,-0.029443
-0.053688,-0.017604,0.026460
-0.003472,0.010027,-0.057900
0.062086,-0.045122,-0.030863
0.002282,-0.032973,-0.017943
-0.073434,0.048077,-0.082479
-0.032173,0.026234,-0.033884
0.038806,-0.029968,-0.049267
-0.018795,-0.000712,-0.109122
-0.059693,-0.007398,-0.061159
-0.022317,-0.044219,-0.111989
-0.011354,0.059604,-0.033120
-0.023942,0.065322,0.000595
-0.015970,-0.059244,-0.019670
-0.042737,-0.029095,-0.027445
-0.062618,0.003117,-0.045986
-0.010334,-0.050976,0.013730
-0.071965,-0.028410,0.012091
-0.029616,-0.005275,-0.046972
0.058535,-0.022388,0.020535
0.008345,-0.027716,0.047979
0.075943,-0.060661,-0.050302
-0.081399,-0.000378,-0.068830
-0.055689,-0.055094,-0.149768
-0.027250,-0.039189,-0.094886
-0.014311,-0.026813,-0.017693
-0.081751,-0.005877,-0.019626
-0.011180,0.025841,-0.109043
-0.080843,0.068235,0.040297
-0.066197,-0.062569,0.039979
-0.037382,-0.060485,-0.007881
0.012237,0.001560,-0.093929
-0.038589,-0.029614,-0.081512
0.018930,-0.068999,-0.008602
-0.037382,-0.013572,-0.007802
0.043204,0.017640,0.034760
-0.007577,0.012250,-0.022977
-0.038567,-0.145786,-0.078818
0.039914,0.031527,-0.110744
-0.030585,-0.005040,-0.047961
-0.019610,-0.022696,-0.045316
0.010228,-0.048868,-0.052962
-0.025338,0.028564,-0.046679
-0.029744,-0.040350,-0.052128
-0.020411,-0.085260,-0.064526
-0.012384,0.068859,-0.045829
0.057605,-0.030219,-0.011247
0.002700,0.072422,-0.067743
0.010818,0.027442,-0.073778
0.002864,-0.044207,0.041598
-0.078416,-0.015887,-0.092730
-0.023730,0.051623,-0.084168
0.009739,0.027866,-0.034047
-0.011194,-0.041680,-0.017571
-0.003832,-0.076975,-0.115951
0.008186,-0.044278,-0.040007
0.000836,-0.011747,0.020440
0.008328,-0.104940,-0.071368
-0.004958,-0.089188,0.038480
-0.020999,-0.047171,-0.011288
0.041104,0.001582,-0.069392
-0.038629,0.047222,-0.020195
0.077656,-0.032001,-0.034024
0.019037,-0.013636,-0.101715
-0.047579,0.002600,-0.021370
0.046708,-0.057172,-0.006979
0.119037,-0.091705,-0.089695
-0.075393,-0.037175,-0.020722
-0.088096,-0.052595,0.072239
-0.040268,-0.025029,-0.019382
-0.013462,-0.034401,-0.083768
-0.043054,-0.011908,-0.069614
0.001289,-0.057647,-0.067568
0.009571,-0.059303,0.011064
-0.068475,0.012515,-0.069776
-0.054957,0.003430,-0.045302
-0.062263,0.000601,0.018412
-0.044042,0.020053,0.000045
-0.063427,-0.004316,0.052658
0.062272,-0.031583,-0.079677
0.016365,-0.003278,-0.016001
-0.050258,-0.053326,-0.016990
-0.033139,-0.035446,-0.036030
-0.101219,-0.032739,-0.064553
-0.000815,-0.019869,0.009761
-0.010239,-0.004422,-0.066889
0.048079,-0.036820,-0.000663
0.017711,-0.079420,0.035362
-0.052943,-0.079377,-0.057533
-0.021950,-0.040151,-0.078014
0.006391,0.022520,-0.032243
-0.039169,-0.044647,0.042981
-0.049253,-0.056325,0.009619
0.037460,0.009424,-0.038541
-0.007045,0.039418,-0.060261
0.023370,-0.026677,-0.032280
0.022851,-0.011668,-0.029000
-0.003830,0.022871,0.003523
-0.035825,-0.019366,-0.007599
-0.026014,0.009853,0.057768
-0.057745,-0.104899,0.015217
0.017356,0.028804,-0.040706
-0.048433,-0.079081,-0.069628
-0.100510,0.038809,-0.064617
-0.031445,-0.039079,-0.103930
-0.022962,-0.009467,-0.016575
0.009650,-0.027013,-0.116463
-0.054706,0.037340,-0.088150
-0.012799,-0.033947,-0.007659
0.027785,-0.029689,0.017502
0.013092,-0.049569,-0.017608
0.020634,0.008962,0.026915
-0.035950,0.072671,-0.034497
-0.017373,-0.009644,-0.001167
0.012478,-0.023897,-0.029400
-0.040092,-0.003524,0.011362
-0.033516,-0.056669,0.035245
-0.020912,0.055995,-0.028498
0.029937,-0.035491,-0.041937
-0.003827,0.033836,-0.142266
-0.051429,0.024854,-0.014805
-0.028196,0.021593,-0.068431
-0.023220,0.034866,0.037243
0.133663,-0.013867,-0.108564
-0.029202,-0.035571,0.007855
0.013344,-0.012143,0.017311
-0.003405,0.005975,-0.017268
-0.073564,-0.005260,0.044909
-0.053124,-0.096078,-0.090692
-0.003342,0.006202,-0.058641
-0.001745,0.020219,-0.026984
0.016944,-0.035756,-0.058285
-0.040533,-0.036795,-0.100431
-0.024110,-0.011503,-0.026943
-0.052772,-0.018931,-0.000862
0.016301,-0.040927,-0.055628
-0.050258,0.063315,0.026878
0.065039,-0.000453,0.035347
-0.013133,0.021036,-0.005592
0.008505,0.020905,-0.022564
-0.053894,-0.024143,0.051015
-0.079674,0.021974,0.045727
0.008278,-0.020333,0.001390
-0.040291,0.028736,-0.059795
0.011469,-0.019895,-0.018775
-0.036793,-0.006669,-0.029531
0.037053,-0.058123,0.013367
0.058229,0.030446,0.007732
-0.059403,-0.074341,0.013298
-0.029255,0.001603,-0.031403
-0.065222,-0.042560,-0.052033
0.038957,-0.054175,0.018089
0.026009,0.000117,0.028582
-0.012687,-0.054539,0.038867
0.056300,-0.032288,0.020106
0.001303,0.043328,-0.006315
-0.038142,-0.051596,-0.014110
-0.041486,-0.034004,-0.081443
0.073148,-0.017436,0.019461
-0.031645,-0.006189,0.083017
0.075151,-0.055394,0.050294
-0.048862,-0.007221,0.013177
-0.062748,0.005605,0.007328
0.019306,0.039655,-0.081828
-0.044139,0.027471,-0.062101
-0.035550,-0.023763,-0.007284
0.041106,-0.002526,-0.058902
-0.021998,-0.011065,0.026406
-0.047652,-0.030662,-0.008762
-0.038251,-0.019477,-0.020208
-0.056430,0.041702,0.014750
0.012325,-0.031776,0.015554
0.042883,-0.011740,-0.011459
-0.002259,0.016343,0.009812
-0.018463,-0.004849,-0.007257
-0.096705,0.004784,-0.065938
-0.052234,-0.021166,-0.037534
-0.083868,-0.022395,-0.042321
-0.076908,-0.049627,-0.060847
0.014526,-0.019896,0.021733
0.056915,0.062913,-0.074358
-0.034109,0.048166,0.016005
-0.035368,-0.029979,0.024033
0.019063,-0.006827,-0.000999
-0.032427,-0.091344,0.055020
-0.024039,0.015462,-0.025012
0.060494,0.051134,-0.052456
0.004809,-0.026805,0.056499
0.039112,0.012104,-0.024009
-0.032643,0.003195,-0.049022
0.056641,-0.045396,-0.020884
0.018998,0.049125,-0.042569
-0.049745,0.014206,-0.119884
-0.075918,0.010421,-0.017981
0.003887,0.035317,0.014109
0.017016,0.031212,0.001791
-0.023531,-0.019849,-0.022919
-0.016291,-0.017502,-0.005901
-0.009171,-0.011667,-0.021869
-0.024625,-0.013123,-0.027914
-0.012267,0.018961,-0.095622
0.028478,-0.000573,-0.056796
-0.037124,-0.004053,0.065475
-0.070326,-0.030565,0.004173
-0.040025,0.002278,0.017019
-0.026236,-0.024451,0.040223
-0.015314,-0.054830,-0.011578
-0.021500,-0.039060,-0.030190
-0.042782,0.035609,0.043393
-0.009178,0.004936,0.036657
-0.001238,0.048845,-0.025957
0.055619,0.100397,-0.135539
-0.013688,-0.025857,-0.081476
-0.005270,-0.068723,0.034383
-0.008491,-0.056842,0.032567
-0.013821,0.015282,-0.044014
-0.027747,0.001983,-0.048388
0.003557,0.046868,0.010943
-0.019250,0.020309,-0.013155
-0.023276,0.017750,-0.050797
0.030856,-0.025307,0.003223
0.028485,0.013884,0.005953
-0.096745,0.044747,-0.034637
0.005975,0.056181,-0.013464
0.038279,0.031829,-0.027372
0.025149,0.032806,-0.002553
-0.065840,0.007232,-0.069139
-0.019532,-0.022192,-0.060867
-0.009813,-0.076858,0.003888
0.027468,-0.050606,0.003073
-0.006025,0.038034,0.002901
-0.061903,0.056311,0.034074
-0.061113,-0.019094,0.022359
-0.063446,-0.046367,0.036174
-0.028794,0.046877,0.039319
-0.030944,0.033632,-0.062585
-0.056685,0.024068,-0.058695
0.031070,-0.005355,0.047954
-0.020137,-0.000966,-0.014157
-0.014354,0.028931,0.016377
-0.012386,-0.081690,-0.020475
-0.002625,0.047159,-0.053528
0.070016,0.017644,-0.018860
0.041430,-0.034146,-0.093688
0.059429,-0.054022,-0.038758
0.035093,-0.039501,-0.041883
0.018471,-0.044706,0.052317
0.007684,-0.029708,0.006752
-0.016517,-0.016886,0.035689
-0.038101,-0.035914,-0.042949
0.010942,-0.016519,0.031839
0.021326,-0.065375,0.007759
-0.058286,-0.125978,0.000982
-0.098843,-0.021651,-0.016623
-0.022766,-0.069806,-0.004206
-0.056992,-0.026991,0.028403
-0.011627,-0.101068,-0.073803
-0.006967,0.093246,0.050872
0.015206,-0.049939,-0.007946
-0.065938,0.108190,-0.042561
0.084109,0.072877,0.013577
0.080735,-0.003934,0.050570
0.035068,-0.027045,0.000557
0.034633,-0.059567,0.085488
-0.027470,0.073403,0.001502
0.045331,-0.005611,0.004591
0.055456,-0.052025,-0.072373
0.009973,0.018431,-0.035200
-0.113310,-0.033597,0.015487
-0.024961,-0.035874,-0.027393
0.007731,0.064769,0.006485
-0.064067,-0.017058,0.024782
0.013010,-0.034375,0.042367
0.036346,-0.034279,-0.035345
0.050086,-0.047481,-0.111322
0.013536,0.000859,-0.007053
-0.057956,-0.016914,0.029127
-0.058924,0.001163,0.025651
0.028582,-0.008514,-0.049867
0.045788,-0.012004,-0.007442
-0.066099,-0.006719,-0.006594
-0.034784,-0.006511,-0.019747
-0.015092,-0.013099,0.006913
-0.097365,0.050036,-0.001936
-0.058709,0.042532,-0.052506
-0.020544,-0.003143,-0.029335
0.059213,0.005885,0.020210
0.014256,0.021419,-0.050823
-0.046522,-0.008325,-0.029431
-0.044880,-0.065899,0.001998
0.014689,0.039585,-0.022113
-0.022356,-0.010596,-0.028863
-0.041305,-0.010629,0.067344
0.032936,-0.073436,-0.010024
-0.034417,-0.038521,-0.059401
0.029746,0.100936,-0.032410
-0.003456,-0.033746,0.000417
-0.026037,0.070329,-0.025638
-0.067008,-0.001530,-0.040562
-0.014052,-0.004934,0.045023
0.041012,0.012515,-0.025312
0.013214,-0.014378,0.005493
0.033911,0.036175,-0.030602
0.006577,-0.021231,-0.065398
-0.011982,0.082787,-0.047939
0.101032,-0.010022,-0.032525
-0.042991,-0.010219,-0.012335
0.065121,-0.117049,0.108453
-0.041576,0.032019,-0.022568
0.038168,-0.045023,0.055437
0.062123,-0.005847,0.018313
-0.003891,-0.056312,-0.007415
0.018860,0.018429,0.029097
-0.013173,-0.059053,-0.034593
-0.010955,-0.024258,-0.030997
-0.031503,0.045843,0.011171
0.014277,0.018638,-0.001569
0.002106,0.008886,0.029356
-0.108742,-0.018452,-0.022528
0.013597,-0.040860,0.081866
0.004736,-0.015849,-0.002944
0.044699,0.022623,0.086098
-0.001714,-0.009904,0.077645
0.021502,-0.032564,0.010939
0.025877,0.037333,-0.111502
-0.007825,-0.032208,0.026539
0.012832,-0.062329,-0.051556
0.005519,-0.021494,0.046039
-0.032968,-0.067728,0.005019
-0.012624,0.004361,-0.018604
-0.018623,-0.013083,0.000539
-0.008575,-0.086955,-0.060277
-0.003802,0.047748,0.137646
0.064789,0.053034,-0.024268
-0.014387,0.077421,0.061072
0.006010,0.019182,-0.018467
0.009012,0.039752,-0.012378
-0.021930,-0.025727,0.012340
-0.019875,-0.039548,0.019896
0.067066,0.076792,0.062472
0.018357,-0.041767,-0.032871
0.008943,0.006830,-0.017873
-0.049662,-0.048832,-0.036716
0.091837,0.062311,-0.011624
-0.022288,-0.007970,0.016433
-0.067107,-0.021457,0.081190
0.024969,0.052275,-0.006209
0.035941,0.044985,-0.035013
0.020189,-0.039463,-0.014770
0.027380,-0.017457,0.011592
0.001140,-0.031141,0.005860
0.041240,0.033370,0.018217
0.065970,-0.044587,0.067394
-0.036155,-0.008357,-0.067082
0.035268,0.042668,-0.029219
0.053315,0.040067,0.012352
-0.007925,-0.021866,-0.035387
-0.014538,0.022499,0.055456
0.020482,-0.012321,-0.001392
0.016897,0.025582,-0.007443
-0.016778,0.082013,-0.020049
0.011002,-0.005505,-0.052454
-0.061256,0.037987,-0.092590
-0.074712,-0.016198,-0.082542
-0.122525,0.046238,0.031506
-0.053593,0.066878,-0.041392
-0.074857,0.054096,-0.071052
-0.018375,0.022578,0.023493
-0.067256,0.009324,0.072476
-0.031124,0.002665,0.030380
-0.023437,0.031322,-0.054197
0.070161,-0.049000,-0.006050
-0.003817,0.006014,-0.016413
0.016497,-0.043515,-0.021891
-0.027349,-0.007157,-0.034463
-0.003994,0.030589,-0.010090
-0.044646,-0.055541,0.095332
0.037435,0.046390,-0.009480
-0.020611,-0.077277,-0.019203
0.025918,-0.005899,-0.009043
0.000597,-0.001918,-0.025797
0.048297,0.042033,0.056599
-0.020514,0.014888,-0.079401
-0.053563,-0.054664,-0.035644
0.071813,-0.034875,0.029922
-0.050446,-0.014394,-0.009138
0.019609,-0.016513,0.015693
-0.053258,-0.082187,-0.058270
0.086672,-0.048047,-0.064535
-0.024217,0.085990,-0.061738
-0.057517,-0.000832,-0.069777
-0.017587,-0.025534,-0.102996
-0.061879,-0.019868,0.034003
0.004743,-0.005396,0.101392
-0.004254,0.053545,-0.098353
0.016178,-0.007444,-0.011781
-0.070118,0.104001,0.015551
-0.025647,0.080897,-0.021480
-0.040729,-0.016387,-0.100899
0.059711,0.030325,-0.072437
0.012476,-0.011849,-0.067517
-0.033382,0.077213,-0.024898
0.001625,0.023217,0.057232
-0.007297,0.018466,-0.027262
0.043191,-0.116872,-0.011389
-0.032755,-0.051237,0.027149
-0.014325,-0.002919,-0.034640
0.046296,-0.011494,0.034052
-0.020040,0.016186,0.013603
0.034849,0.076482,0.044776
0.086235,0.014492,-0.017065
0.011750,0.022506,-0.026246
0.016248,0.036924,-0.023228
0.031794,-0.000015,-0.056531
0.021477,-0.017495,0.024954
0.024043,-0.016404,-0.091819
0.023993,0.063976,0.022966
0.016499,0.008899,0.013863
-0.037685,0.044441,-0.067134
0.000615,-0.011964,0.063325
0.034678,-0.026460,0.046289
-0.106611,-0.097216,0.074592
0.056566,-0.062618,0.076066
-0.020030,-0.035062,0.007511
-0.014874,-0.036678,0.081201
-0.010910,0.067919,-0.006836
-0.009160,-0.033655,-0.041239
0.042072,-0.004207,0.048089
-0.004104,-0.026396,-0.079773
0.073782,-0.096639,0.017051
-0.037376,-0.055604,0.069130
0.047999,-0.004407,0.010196
-0.010704,0.033723,-0.005674
-0.024643,0.007537,0.002884
-0.077316,0.078702,0.014626
0.059074,0.033207,0.008621
0.000998,-0.025838,-0.033636
0.010796,-0.007990,-0.048796
-0.031110,0.022994,0.044663
0.070919,-0.022421,-0.014265
-0.061661,-0.021023,0.006764
0.065574,0.003097,-0.008564
0.047725,0.043827,-0.069212
0.008610,0.012594,0.022307
0.052259,-0.026940,0.049476
0.036284,-0.073169,-0.033775
-0.046603,-0.073158,0.025432
0.014112,-0.025142,-0.033698
0.011734,-0.053165,-0.047582
-0.035972,-0.013181,-0.117228
-0.080800,0.008207,0.015941
0.020703,-0.050166,0.019006
0.010370,-0.011562,-0.003180
-0.117753,-0.013538,0.023549
0.040257,0.033396,0.004715
0.070579,0.013862,-0.073473
0.059036,-0.014126,0.022491
-0.029143,-0.039185,-0.010172
0.008001,-0.093648,0.072799
-0.044990,0.091493,0.055598
-0.018684,-0.012999,0.053637
-0.039529,0.083889,0.023437
-0.105198,-0.030239,-0.057670
0.041658,0.021618,-0.050963
0.004886,0.031221,0.007790
-0.008358,0.007803,-0.035331
-0.051624,0.008684,-0.019657
0.002065,0.003920,0.002428
0.086782,0.025516,-0.075608
-0.008728,-0.020979,-0.025549
-0.002392,0.031950,0.013306
0.017337,0.036714,0.028874
0.049839,0.092647,-0.039279
0.011227,-0.014128,-0.053350
0.022518,-0.063713,-0.023736
-0.014873,0.011295,0.054625
-0.040725,-0.055132,-0.054057
-0.066843,-0.075274,-0.004187
-0.042599,-0.090604,-0.059660
-0.039913,-0.081473,-0.018122
-0.024093,0.062078,0.055586
0.017914,-0.011937,0.040560
-0.017225,0.038288,-0.038775
-0.028961,0.009132,0.066935
-0.050934,-0.077729,0.061168
-0.028117,0.006537,-0.041111
-0.012819,-0.032067,-0.067560
-0.007192,0.042789,-0.001914
0.019801,0.000945,-0.071925
-0.096184,0.040911,-0.016014
0.015633,-0.003902,0.031001
0.045477,-0.053816,0.004378
-0.008686,-0.073630,0.010168
0.046806,0.037731,0.018218
0.083146,0.050652,-0.023706
-0.028232,0.025178,-0.051888
-0.090390,-0.022391,0.045483
-0.046388,-0.083935,-0.038531
-0.010025,-0.093193,-0.030210
-0.036621,0.052838,0.047658
0.015950,-0.141716,0.036463
0.040655,0.035581,-0.018595
-0.087753,0.055713,-0.092608
-0.081832,-0.021888,-0.048807
0.079123,-0.069308,-0.024551
0.018196,0.070717,0.093972
-0.027960,0.072522,-0.024690
-0.048246,0.040349,0.029957
-0.027472,-0.027329,-0.017111
-0.040686,-0.034105,0.014000
0.059692,0.031889,-0.082341
0.033444,-0.024315,0.004945
-0.007286,0.013960,-0.055847
-0.030280,-0.042454,-0.007006
-0.004017,0.003371,-0.025949
-0.076861,0.014483,-0.030100
0.034483,-0.027699,0.021965
0.045174,0.014269,0.060038
-0.045628,0.031768,0.059085
-0.011048,-0.029552,0.100169
-0.040045,-0.018677,-0.004067
0.046107,0.049886,0.029385
0.064693,-0.059379,0.000379
0.079293,0.034882,-0.034845
0.001553,-0.043733,0.045986
0.055246,0.031801,0.035011
-0.089429,-0.040315,-0.054603
0.015965,0.029305,0.021023
-0.035259,0.027826,0.007745
-0.018986,0.023740,-0.050152
0.013311,0.046620,-0.006654
0.056653,-0.016382,0.011427
-0.016256,0.025241,0.054475
0.091387,-0.023284,0.000691
0.061516,-0.109616,-0.008717
0.022341,0.034956,-0.059388
-0.068211,0.002116,-0.040527
0.035256,0.075627,0.056551
0.006939,0.008065,0.023150
0.001764,-0.003376,0.061022
-0.024490,-0.016278,-0.012651
0.010585,0.010136,-0.054563
0.000720,0.025855,0.002096
0.011560,0.020576,-0.021274
-0.025358,-0.004628,-0.003202
-0.009865,-0.042426,0.019190
0.102301,-0.073668,-0.104380
0.000258,0.004880,0.012120
-0.005035,-0.059822,-0.028308
0.010216,0.002345,-0.004088
0.057291,0.002313,-0.037636
-0.002642,-0.077150,-0.038083
-0.029231,-0.049892,0.026413
-0.031203,0.040947,0.009817
-0.091784,-0.006924,0.017330
0.003358,0.013376,-0.009913
0.059334,0.020590,-0.011582
0.034375,0.015568,0.038469
-0.053288,-0.051065,-0.030894
0.003839,0.081944,-0.038141
-0.018738,0.051639,0.027533
0.019919,-0.071929,0.008374
-0.045635,0.058057,-0.017228
0.020669,-0.107015,-0.046721
-0.052582,0.011072,-0.084047
0.002211,-0.018410,-0.005429
0.031390,0.052900,0.076447
0.008067,-0.022314,-0.015053
0.000642,0.023138,-0.034830
-0.017962,-0.046327,0.007430
0.002145,-0.015751,-0.030997
-0.019788,0.004554,-0.013527
-0.019633,-0.029776,-0.017450
0.014304,0.015368,-0.022869
0.039672,0.026743,-0.004876
0.000347,0.094467,0.027464
0.104547,0.046444,-0.005007
0.005758,0.024695,-0.009532
-0.016056,0.019072,-0.002221
-0.019850,0.037090,-0.024486
-0.060158,0.053847,-0.011560
0.016013,0.051690,0.013676
-0.003401,-0.019186,-0.041884
0.009301,-0.075890,0.006146
0.062613,0.031306,-0.034611
-0.049924,-0.006038,-0.068987
0.019247,-0.006687,0.018154
0.080038,-0.020394,0.052722
0.057055,-0.002112,-0.010590
0.020862,-0.054954,0.041048
0.038478,0.027730,0.017606
-0.024174,0.017656,0.028838
0.024514,0.041540,0.003013
0.003476,-0.010995,0.038412
-0.021140,0.038999,0.005657
0.033947,0.033344,-0.008251
-0.026600,0.010339,0.026217
-0.007701,-0.035643,-0.002437
-0.023269,0.002060,-0.080391
-0.011324,0.037578,-0.094648
0.073447,-0.008754,-0.050919
0.029782,0.027830,-0.022730
-0.016492,0.051608,0.035668
-0.006450,0.048712,-0.003900
0.016796,-0.039584,-0.088531
-0.009697,-0.048813,-0.013288
-0.022004,0.062718,-0.084636
-0.044546,-0.029815,0.012401
-0.101748,-0.002698,0.012440
0.015566,-0.013355,-0.000590
0.053957,0.020129,-0.042817
0.013744,-0.002450,0.003097
0.047178,0.019552,-0.041731
0.079598,-0.015232,-0.133903
0.044359,-0.035256,0.021236
-0.000088,0.016884,-0.066413
-0.064327,-0.004925,0.054342
-0.004203,0.040236,0.065237
-0.074545,0.012924,0.012679
0.020431,-0.030273,0.003231
0.036309,0.006899,-0.170547
-0.051470,-0.022491,-0.000418
-0.040262,-0.017192,-0.126363
-0.002401,0.030818,-0.019407
0.009149,0.054629,0.019730
0.034556,-0.015069,-0.109632
-0.046352,0.005154,-0.034657
-0.055209,-0.007726,-0.038119
0.001178,0.060275,-0.042132
-0.019551,-0.023825,0.014181
0.009228,-0.021687,0.021496
0.008713,-0.010864,0.069170
0.006768,-0.033401,0.028025
0.029143,-0.048319,-0.053166
0.048956,-0.011006,-0.015318
-0.036862,-0.002802,0.017774
0.072882,0.001284,0.027643
0.039940,-0.015764,-0.036586
-0.011856,-0.042121,-0.005831
0.032736,-0.002767,0.001560
0.002621,0.019438,0.018258
0.021379,0.017101,-0.069212
0.047544,-0.005361,-0.051151
0.027061,0.005331,-0.062711
-0.018894,0.019178,0.049818
0.071808,0.057852,-0.056459
0.031155,-0.030303,-0.061470
0.040955,0.024325,-0.061557
-0.070751,-0.031124,0.074482
0.007723,-0.029772,-0.017813
0.089973,-0.006902,-0.016977
0.010917,-0.010519,0.029083
0.002537,-0.019890,-0.022807
-0.005199,-0.048189,-0.033526
-0.086400,-0.008689,-0.030826
0.054485,-0.016156,-0.013500
-0.014136,-0.051320,0.006163
-0.046401,0.036583,-0.037993
0.064175,-0.029723,0.032882
0.022482,-0.115367,0.046239
0.019501,-0.050395,-0.027984
0.024110,-0.033085,-0.027669
0.026199,0.015600,0.048595
-0.006134,-0.031885,-0.085021
0.030841,-0.041678,0.031812
0.002288,0.058455,0.041283
-0.000997,-0.086500,0.042241
0.005436,-0.001200,0.007226
0.060767,-0.052195,0.001393
0.005830,-0.022983,0.028006
0.011765,0.027192,-0.001658
-0.046179,0.062041,0.042187
-0.003089,0.033984,0.025705
-0.035949,-0.048723,0.018284
0.053346,0.028463,-0.055474
-0.045903,0.013089,-0.000444
-0.015284,-0.062127,0.049397
-0.010291,-0.004310,-0.000671
-0.029069,0.000577,-0.048602
0.046086,-0.021071,0.027114
0.002356,0.000392,-0.017719
0.055235,0.033348,0.032458
0.018887,0.034289,-0.021531
0.030483,-0.010243,0.004773
0.021651,0.018912,-0.050154
0.045152,-0.056755,-0.004093
-0.021254,0.023037,-0.009525
-0.014895,-0.026093,-0.049990
-0.012141,0.004149,0.014028
-0.026682,0.050902,0.028455
-0.012080,-0.009035,0.016518
0.069709,-0.062178,-0.014777
0.004687,0.047428,-0.002645
-0.096180,-0.020546,-0.019225
-0.003960,0.007825,0.006990
0.047852,0.009015,0.009969
0.027905,0.008432,0.026818
-0.073691,-0.038727,0.024267
-0.046935,-0.031903,-0.027083
0.077901,0.000303,-0.032145
-0.022397,-0.011201,-0.019019
0.016917,0.002373,0.051949
-0.041043,-0.036352,0.066043
0.019582,-0.078572,-0.071713
-0.017923,0.025357,0.089340
-0.013827,0.045863,0.005700
0.003443,0.038497,0.004936
0.079055,0.001280,0.046512
-0.043265,-0.024029,-0.052337
0.028418,-0.003569,-0.028660
0.060923,-0.090324,0.001992
0.068787,-0.017380,0.045846
0.011179,0.027049,-0.013237
0.051222,-0.002837,0.004638
-0.033955,0.029867,-0.014188
-0.011968,0.000214,-0.022881
0.031475,0.012592,-0.003692
0.063470,0.065418,-0.008353
-0.006095,0.026004,0.000897
0.052458,0.016293,-0.025971
-0.099163,-0.014684,-0.055326
0.034731,0.030685,0.050679
0.070844,-0.013227,-0.075506
0.016456,-0.075057,-0.015106
0.005909,0.008145,-0.041289
0.089673,-0.043579,-0.015817
-0.017477,-0.048773,0.069367
-0.017736,0.035062,0.016905
0.036991,-0.034949,-0.019005
0.037224,0.018749,-0.022030
0.019579,0.032592,-0.007976
0.003812,-0.023637,-0.094089
0.017728,-0.081900,-0.027074
0.048264,-0.085512,-0.063032
0.022619,-0.114646,0.092728
0.006250,0.018562,-0.060945
0.020602,0.001759,0.027356
-0.006197,-0.001572,0.057486
0.033204,-0.034146,0.051260
0.108419,0.103546,-0.043514
0.010905,-0.017281,0.008497
-0.057962,-0.097575,-0.053723
-0.005500,0.012815,0.042120
-0.041646,-0.028607,-0.035084
-0.004707,-0.039106,-0.076533
0.017349,0.039262,-0.081998
-0.025044,-0.017617,-0.041289
0.020576,-0.092000,0.009447
-0.013760,-0.049744,-0.051764
-0.043460,-0.030645,0.003274
0.019299,0.045076,-0.026605
-0.000939,0.043802,0.018708
-0.021724,-0.032539,-0.040667
0.018001,-0.062466,-0.014405
0.030119,-0.002788,-0.024591
-0.008483,-0.006911,0.027952
-0.033169,-0.040871,0.035823
0.068283,0.035419,-0.090692
0.012493,0.012036,0.070895
0.006390,-0.030180,-0.049338
-0.027799,-0.039438,-0.013958
-0.041274,-0.005486,0.000155
-0.077367,-0.038560,0.008809
-0.003189,-0.091101,0.072884
-0.269359,-0.523133,-0.827452
-0.650842,-0.981093,-1.490235
-0.951336,-1.400809,-2.156799
-1.176703,-1.755777,-2.678613
-1.496565,-2.026682,-3.192602
-1.604592,-2.278972,-3.673707
-1.826714,-2.604970,-4.017928
-2.072632,-2.855726,-4.529746
-2.180134,-3.105212,-4.806726
-2.380433,-3.121924,-5.132041
-2.429477,-3.473409,-5.327355
-2.597411,-3.570596,-5.512497
-2.694097,-3.731854,-5.784190
-2.786485,-3.899645,-5.969748
-2.878122,-4.009402,-6.156557
-2.866409,-4.152720,-6.322032
-2.901556,-4.223175,-6.501957
-3.072874,-4.431730,-6.633491
-3.168040,-4.464087,-6.673930
-3.057787,-4.563781,-6.695721
-3.254886,-4.634289,-6.883416
-3.286809,-4.728066,-6.942917
-3.237682,-4.704177,-7.014817
-3.310067,-4.767361,-7.101849
-3.238827,-4.937504,-7.138993
-3.375948,-4.914189,-7.111533
-3.361391,-5.006075,-7.194277
-3.405662,-4.957093,-7.211350
-3.486372,-5.102546,-7.258420
-3.401588,-5.084127,-7.262859
-3.526965,-5.185495,-7.228135
-3.470803,-5.275193,-7.273701
-3.566186,-5.357856,-7.321960
-3.455251,-5.229332,-7.344577
-3.517148,-5.324417,-7.332694
-3.509359,-5.335933,-7.333368
-3.544965,-5.446233,-7.298472
-3.501758,-5.414263,-7.352246
-3.482623,-5.402743,-7.357770
-3.560915,-5.507926,-7.373318
-3.586926,-5.476893,-7.296009
-3.598285,-5.461848,-7.267098
-3.590552,-5.536393,-7.363630
-3.623594,-5.507904,-7.432068
-3.613499,-5.584020,-7.267263
-3.555049,-5.631314,-7.272558
-3.517184,-5.631943,-7.276721
-3.539831,-5.705840,-7.254276
-3.577306,-5.636796,-7.182867
-3.559861,-5.711346,-7.223545
-3.571642,-5.722521,-7.201233
-3.570184,-5.732510,-7.264730
-3.591166,-5.725539,-7.192633
-3.636010,-5.837686,-7.207148
-3.568155,-5.828163,-7.198115
-3.599047,-5.893760,-7.071145
-3.571162,-5.798251,-7.171874
-3.610769,-5.921630,-7.170550
-3.662014,-5.943694,-7.091946
-3.575002,-5.910720,-7.150520
-3.664726,-5.963918,-7.053502
-3.575503,-5.887548,-7.124620
-3.626429,-5.957083,-7.031219
-3.646275,-5.951842,-7.027074
-3.560167,-5.988910,-7.009288
-3.551402,-6.027472,-7.085455
-3.550765,-6.055731,-6.970829
-3.564628,-6.013988,-7.030024
-3.534884,-6.081712,-6.969468
-3.650172,-6.131237,-6.957259
-3.605796,-6.181572,-6.959346
-3.588393,-6.161538,-7.046381
-3.644034,-6.232126,-6.912698
-3.554117,-6.184431,-6.904777
-3.621550,-6.249143,-6.836364
-3.599886,-6.274863,-6.859291
-3.577085,-6.231204,-6.905406
-3.578415,-6.155576,-6.819438
-3.583281,-6.275594,-6.812496
-3.594553,-6.307016,-6.801288
-3.598071,-6.309532,-6.789583
-3.534530,-6.273622,-6.659537
-3.595903,-6.334176,-6.773174
-3.579811,-6.360667,-6.728548
-3.554769,-6.284568,-6.662579
-3.678524,-6.324745,-6.703068
-3.607414,-6.378988,-6.673075
-3.643850,-6.468290,-6.688244
-3.657898,-6.513604,-6.681675
-3.619557,-6.549165,-6.639488
-3.565913,-6.476937,-6.534065
-3.588237,-6.460747,-6.626009
-3.632510,-6.581885,-6.633028
-3.622243,-6.574057,-6.581067
-3.566146,-6.542344,-6.527537
-3.591549,-6.671093,-6.557116
-3.569395,-6.627747,-6.479529
-3.567363,-6.594929,-6.500038
-3.539559,-6.681929,-6.486259
-3.625487,-6.558019,-6.509092
-3.617428,-6.664665,-6.399889
-3.526393,-6.725101,-6.428434
-3.599842,-6.777540,-6.343413
-3.558569,-6.742271,-6.450849
-3.577213,-6.750998,-6.344095
-3.625569,-6.686342,-6.390169
-3.576045,-6.748352,-6.396627
-3.596991,-6.852249,-6.378458
-3.579008,-6.804344,-6.322193
-3.534103,-6.824401,-6.277478
-3.653604,-6.882866,-6.239296
-3.538342,-6.926517,-6.202111
-3.537385,-6.808689,-6.188760
-3.598934,-6.905418,-6.271360
-3.590255,-6.951439,-6.202139
-3.598259,-6.968041,-6.216717
-3.557745,-7.048700,-6.143973
-3.561352,-6.959988,-6.139309
-3.555217,-7.027311,-6.140412
-3.512310,-6.947748,-6.159846
-3.639433,-7.043540,-6.050307
-3.573921,-7.059181,-6.052428
-3.520310,-6.990811,-5.997620
-3.499195,-7.082846,-6.112990
-3.521290,-7.205041,-6.016116
-3.587031,-7.106933,-6.008027
-3.568473,-7.129074,-6.051601
-3.524264,-7.130798,-5.957457
-3.489278,-7.160595,-5.960392
-3.523450,-7.137750,-5.862480
-3.554547,-7.284507,-5.846842
-3.568936,-7.175063,-5.875669
-3.603273,-7.180691,-5.824795
-3.586150,-7.297771,-5.858122
-3.532462,-7.142579,-5.811007
-3.593469,-7.301994,-5.850731
-3.518703,-7.259066,-5.854828
-3.590153,-7.350201,-5.778405
-3.592406,-7.257688,-5.791306
-3.533557,-7.337509,-5.756543
-3.489089,-7.349601,-5.738873
-3.510339,-7.344653,-5.782036
-3.560802,-7.397661,-5.599139
-3.544964,-7.406964,-5.723302
-3.487416,-7.350893,-5.670444
-3.586474,-7.509392,-5.613854
-3.543697,-7.412394,-5.693091
-3.525995,-7.478273,-5.600955
-3.518694,-7.489568,-5.593895
-3.451453,-7.489269,-5.584329
-3.531272,-7.517521,-5.507710
-3.593657,-7.518202,-5.524115
-3.486295,-7.551023,-5.555867
-3.485021,-7.517975,-5.500933
-3.564414,-7.561390,-5.480733
-3.506469,-7.578157,-5.466065
-3.459180,-7.616331,-5.409300
-3.502675,-7.665919,-5.364809
-3.524368,-7.677795,-5.430361
-3.513858,-7.739804,-5.388836
-3.489160,-7.708051,-5.349151
-3.565341,-7.714227,-5.376502
-3.527831,-7.672614,-5.300819
-3.489054,-7.707986,-5.350608
-3.508418,-7.789008,-5.302722
-3.500618,-7.767666,-5.241073
-3.461822,-7.806024,-5.176243
-3.442654,-7.789742,-5.232316
-3.487540,-7.767435,-5.236546
-3.509373,-7.855086,-5.238765
-3.516106,-7.815270,-5.192708
-3.450794,-7.922557,-5.045477
-3.496481,-7.915141,-5.134839
-3.531025,-7.935492,-5.172463
-3.518401,-7.980404,-5.097781
-3.411467,-7.863385,-5.059164
-3.502261,-7.900823,-5.098929
-3.489812,-7.961655,-5.030027
-3.456380,-7.991034,-5.037863
-3.472984,-8.036814,-5.042110
-3.455324,-7.991877,-4.981207
-3.436428,-7.945470,-4.972958
-3.426545,-8.045270,-4.974002
-3.393777,-8.000525,-4.898227
-3.493995,-8.082581,-4.993304
-3.447945,-8.040194,-4.846571
-3.454186,-8.112257,-4.886038
-3.403776,-8.072260,-4.797868
-3.480205,-8.183471,-4.847825
-3.445714,-8.093173,-4.745863
-3.404889,-8.183395,-4.737119
-3.420418,-8.156113,-4.796562
-3.340587,-8.198991,-4.795706
-3.410567,-8.229089,-4.743770
-3.434326,-8.155783,-4.677110
-3.397044,-8.207977,-4.680638
-3.324567,-8.244748,-4.633709
-3.484378,-8.325777,-4.659439
-3.399281,-8.194587,-4.644417
-3.376498,-8.235909,-4.702160
-3.380552,-8.339057,-4.645114
-3.336569,-8.330180,-4.579718
-3.381342,-8.393645,-4.572516
-3.342851,-8.331327,-4.581668
-3.324779,-8.371705,-4.502935
-3.407901,-8.397995,-4.521099
-3.297161,-8.308325,-4.503872
-3.344159,-8.384272,-4.439950
-3.371360,-8.352237,-4.485032
-3.294578,-8.454531,-4.449413
-3.275535,-8.415590,-4.384848
-3.363675,-8.405683,-4.435701
-3.355245,-8.512035,-4.340744
-3.338387,-8.527053,-4.348108
-3.359973,-8.496702,-4.393894
-3.284744,-8.470033,-4.342422
-3.293501,-8.530338,-4.230059
-3.345876,-8.525432,-4.256189
-3.296368,-8.445715,-4.198108
-3.241073,-8.547905,-4.309424
-3.283857,-8.588372,-4.233304
-3.323847,-8.527528,-4.147658
-3.270071,-8.649326,-4.153987
-3.333358,-8.615936,-4.072126
-3.348656,-8.604407,-4.096660
-3.333795,-8.623856,-4.107060
-3.331431,-8.633984,-4.070815
-3.255182,-8.731328,-4.034544
-3.243775,-8.705232,-4.046084
-3.243924,-8.659854,-4.014324
-3.243580,-8.687740,-4.016116
-3.225914,-8.781439,-4.072656
-3.293407,-8.732642,-3.931314
-3.305069,-8.682891,-3.937153
-3.355550,-8.745086,-3.974692
-3.288418,-8.778656,-3.919797
-3.201288,-8.777039,-3.894328
-3.321148,-8.749825,-3.864529
-3.250012,-8.813654,-3.798173
-3.203264,-8.863914,-3.762128
-3.284498,-8.858185,-3.810562
-3.232583,-8.898973,-3.733411
-3.187330,-8.894458,-3.787322
-3.258292,-8.857921,-3.682606
-3.271195,-8.953273,-3.728693
-3.254132,-8.964514,-3.730744
-3.210058,-8.972012,-3.634382
-3.235148,-8.902808,-3.626852
-3.175547,-8.950532,-3.668784
-3.156575,-8.963632,-3.679334
-3.182742,-9.027813,-3.556122
-3.184633,-8.958856,-3.579014
-3.132034,-9.022156,-3.598811
-3.201673,-9.008874,-3.515245
-3.204903,-9.022126,-3.582083
-3.117341,-9.045187,-3.486268
-3.161641,-9.142256,-3.456500
-3.157394,-9.104678,-3.520567
-3.171271,-9.084736,-3.480869
-3.140993,-9.180210,-3.400810
-3.146524,-9.084643,-3.426682
-3.138685,-9.153548,-3.448318
-3.101844,-9.151005,-3.372441
-3.155772,-9.116725,-3.321001
-3.166196,-9.102960,-3.320350
-3.067737,-9.143050,-3.330045
-3.096273,-9.184317,-3.339246
-3.104473,-9.158275,-3.259997
-3.137746,-9.224827,-3.228390
-3.105374,-9.202066,-3.167558
-3.045723,-9.248166,-3.150922
-3.121845,-9.226495,-3.134564
-3.076175,-9.253790,-3.182250
-3.098147,-9.283038,-3.129908
-3.032313,-9.218480,-3.099343
-3.035372,-9.265443,-3.093502
-3.122676,-9.339689,-3.075641
-3.075185,-9.256441,-3.101334
-3.086480,-9.252851,-3.029602
-3.030041,-9.378397,-3.014029
-2.979556,-9.424366,-2.955026
-3.059305,-9.306679,-2.911060
-2.980060,-9.306947,-2.880274
-2.998730,-9.411331,-2.930906
-3.022219,-9.380258,-2.943125
-3.091941,-9.442119,-2.810517
-3.019287,-9.368364,-2.853135
-2.987865,-9.370144,-2.759025
-2.978265,-9.463258,-2.846001
-3.036163,-9.455625,-2.807899
-2.978291,-9.486207,-2.729959
-2.989912,-9.488512,-2.781834
-2.940247,-9.406772,-2.759701
-2.956682,-9.454928,-2.695635
-2.969110,-9.482284,-2.637169
-2.945007,-9.419290,-2.698166
-2.849451,-9.479383,-2.710358
-2.971827,-9.561213,-2.632877
-2.998696,-9.578125,-2.566218
-3.003323,-9.581492,-2.601577
-2.945065,-9.635830,-2.489073
-2.888670,-9.566486,-2.559593
-2.984830,-9.580898,-2.475183
-2.890431,-9.629429,-2.500974
-2.909086,-9.600429,-2.477263
-2.916515,-9.562496,-2.455742
-2.901536,-9.614573,-2.417625
-2.845669,-9.641720,-2.438908
-2.835037,-9.642637,-2.411484
-2.892120,-9.674559,-2.389883
-2.969584,-9.730448,-2.262550
-2.856555,-9.649437,-2.281121
-2.830975,-9.688919,-2.345558
-2.776241,-9.692295,-2.346293
-2.808723,-9.741311,-2.218898
-2.855414,-9.632865,-2.201764
-2.814811,-9.771807,-2.204870
-2.914795,-9.777026,-2.227882
-2.872697,-9.789544,-2.176727
-2.796464,-9.768456,-2.134979
-2.838017,-9.806167,-2.152998
-2.831762,-9.802288,-2.036597
-2.797286,-9.815814,-2.100012
-2.791658,-9.813426,-2.118540
-2.867205,-9.826508,-1.985480
-2.855113,-9.777010,-2.014348
-2.826450,-9.888426,-2.018565
-2.807207,-9.811182,-1.931980
-2.773594,-9.912613,-1.968078
-2.847079,-9.944879,-1.932056
-2.691484,-9.875778,-1.929494
-2.710672,-9.895004,-1.927513
-2.791596,-9.905533,-1.871213
-2.710430,-9.919936,-1.800416
-2.704038,-9.895037,-1.758955
-2.689233,-9.957206,-1.808176
-2.684156,-9.943700,-1.779488
-2.708937,-9.917031,-1.677677
-2.677715,-9.957684,-1.745293
-2.692113,-10.000261,-1.734843
-2.742793,-9.928871,-1.737123
-2.729445,-9.967158,-1.788225
-2.689167,-9.932616,-1.635449
-2.642374,-10.025044,-1.639138
-2.722192,-10.014188,-1.580218
-2.680633,-10.032210,-1.543867
-2.668630,-9.989724,-1.497634
-2.639209,-9.988623,-1.574654
-2.626817,-10.045530,-1.564895
-2.653608,-10.017023,-1.535397
-2.607708,-10.047471,-1.530420
-2.663382,-10.097356,-1.439396
-2.609502,-10.095221,-1.467610
-2.528783,-10.163785,-1.452595
-2.589370,-10.114773,-1.407323
-2.609667,-10.048337,-1.438214
-2.545094,-10.083888,-1.355892
-2.608924,-10.083486,-1.242547
-2.514155,-10.202271,-1.309134
-2.622923,-10.155036,-1.313028
-2.573890,-10.242255,-1.288212
-2.588054,-10.181999,-1.167575
-2.491597,-10.062195,-1.243750
-2.522780,-10.211615,-1.192194
-2.451379,-10.184598,-1.265104
-2.475022,-10.183287,-1.186115
-2.453342,-10.155524,-1.187581
-2.564222,-10.201612,-0.986244
-2.556788,-10.198916,-0.959733
-2.528081,-10.197640,-1.163047
-2.500881,-10.236340,-1.046651
-2.462560,-10.233895,-1.089711
-2.412044,-10.208395,-0.933314
-2.469284,-10.179597,-0.938202
-2.504443,-10.283384,-0.994478
-2.510260,-10.235931,-0.934926
-2.366319,-10.331938,-0.843942
-2.435218,-10.344617,-0.866265
-2.477914,-10.324243,-0.902781
-2.360099,-10.297277,-0.816785
-2.492852,-10.240982,-0.865153
-2.359355,-10.325371,-0.807438
-2.408432,-10.309532,-0.805363
-2.328967,-10.375289,-0.786097
-2.399160,-10.370803,-0.709602
-2.338517,-10.375331,-0.795744
-2.387603,-10.393060,-0.610697
-2.422213,-10.383244,-0.710710
-2.354083,-10.396202,-0.603989
-2.333538,-10.387307,-0.669213
-2.323623,-10.344292,-0.620821
-2.314080,-10.445169,-0.576485
-2.323412,-10.382175,-0.521377
-2.331146,-10.397797,-0.535929
-2.265284,-10.366755,-0.508384
-2.294112,-10.471751,-0.482951
-2.224839,-10.442498,-0.479982
-2.258277,-10.409294,-0.383883
-2.241573,-10.406690,-0.476977
-2.271841,-10.338292,-0.448837
-2.314174,-10.402273,-0.421385
-2.227617,-10.475227,-0.405181
-2.208709,-10.440897,-0.355182
-2.268613,-10.423205,-0.353730
-2.205883,-10.526742,-0.273086
-2.323219,-10.404303,-0.251887
-2.147546,-10.504718,-0.245332
-2.248981,-10.518112,-0.233062
-2.128448,-10.408122,-0.218078
-2.230711,-10.447905,-0.148163
-2.275500,-10.536147,-0.244110
-2.181817,-10.488152,-0.199852
-2.161024,-10.529741,-0.183160
-2.092625,-10.592992,-0.173959
-2.179480,-10.485955,-0.111016
-2.143081,-10.556298,-0.048216
-2.168960,-10.506562,0.026905
-2.117713,-10.497386,-0.031043
-2.054257,-10.543009,0.082924
-2.120987,-10.563907,0.030222
-2.059170,-10.574253,-0.005839
-2.099313,-10.552190,0.033715
-2.082381,-10.579195,0.133227
-2.001563,-10.635341,0.096939
-2.025639,-10.613330,0.143864
-2.003447,-10.654272,0.139069
-1.995726,-10.587061,0.124625
-2.022250,-10.577889,0.202941
-1.921779,-10.636404,0.250922
-1.956490,-10.674493,0.238336
-2.002382,-10.622520,0.286317
-2.103075,-10.664228,0.277255
-1.997796,-10.633976,0.274734
-1.984745,-10.682096,0.320326
-1.948540,-10.671553,0.409714
-1.997612,-10.678629,0.364138
-1.997852,-10.622225,0.391664
-1.953256,-10.696705,0.439965
-1.920627,-10.728631,0.548940
-1.923257,-10.677049,0.545415
-1.933266,-10.653796,0.483332
-2.008900,-10.738758,0.542392
-1.915530,-10.725518,0.562333
-1.894509,-10.681351,0.608562
-1.853704,-10.721140,0.620262
-1.898996,-10.704062,0.606763
-1.840049,-10.707198,0.631388
-1.908531,-10.739069,0.631788
-1.813044,-10.788207,0.627156
-1.836356,-10.790061,0.637139
-1.815208,-10.657674,0.676531
-1.815501,-10.774116,0.680982
-1.852116,-10.713514,0.754246
-1.783274,-10.766288,0.737475
-1.816493,-10.770749,0.780152
-1.816299,-10.705086,0.831561
-1.839048,-10.751886,0.868984
-1.755936,-10.765141,0.817643
-1.753867,-10.762097,0.934527
-1.698821,-10.762200,0.938439
-1.724646,-10.841349,0.908141
-1.760108,-10.809056,0.919868
-1.693279,-10.784692,1.024257
-1.696228,-10.836548,0.981618
-1.714109,-10.798755,1.018659
-1.682754,-10.823219,1.031118
-1.722627,-10.805935,1.081075
-1.683105,-10.803275,1.032798
-1.774370,-10.944428,1.057277
-1.691360,-10.845628,1.127661
-1.672908,-10.804039,1.146174
-1.726452,-10.855049,1.097103
-1.642974,-10.865711,1.148031
-1.595846,-10.851641,1.235670
-1.543513,-10.836733,1.235820
-1.622691,-10.838746,1.261542
-1.601011,-10.881884,1.274487
-1.604917,-10.823465,1.286610
-1.589737,-10.870822,1.353528
-1.496529,-10.895338,1.348923
-1.569545,-10.854050,1.394673
-1.543544,-10.887815,1.434855
-1.549866,-10.912925,1.362803
-1.533060,-10.868362,1.433513
-1.532411,-10.993780,1.450345
-1.446605,-10.870943,1.531641
-1.446342,-10.916379,1.433505
-1.508048,-10.887331,1.484604
-1.517555,-10.876948,1.528933
-1.458781,-10.975707,1.519216
-1.439562,-10.931048,1.518812
-1.400199,-10.900241,1.584753
-1.392127,-10.989169,1.611703
-1.456318,-10.981273,1.616373
-1.439967,-10.930072,1.719437
-1.425922,-10.943421,1.672045
-1.417432,-10.898132,1.712676
-1.376634,-10.958044,1.758918
-1.361590,-10.902524,1.791903
-1.341861,-10.916767,1.740970
-1.368665,-10.940634,1.822535
-1.388172,-10.973680,1.861609
-1.329943,-10.925778,1.855262
-1.254145,-10.920078,1.859711
-1.289246,-11.000101,1.921307
-1.333741,-10.912982,1.886226
-1.238217,-10.942196,1.856446
-1.231964,-10.976695,1.983666
-1.226775,-10.962174,1.970770
-1.299498,-10.962050,1.998211
-1.279947,-11.031955,2.053534
-1.237118,-10.965998,2.062423
-1.205284,-10.996411,2.044324
-1.182248,-10.997701,2.072354
-1.269076,-11.010671,2.067551
-1.221289,-10.986341,2.154664
-1.269349,-11.031511,2.208709
-1.217709,-10.984856,2.267802
-1.170792,-10.977384,2.199851
-1.169860,-11.015105,2.141647
-1.206735,-10.954212,2.209886
-1.157764,-10.986698,2.240382
-1.132577,-11.052008,2.330007
-1.109144,-11.069843,2.291712
-1.019361,-10.972642,2.285333
-1.143750,-11.012382,2.313596
-1.052677,-11.034916,2.397726
-1.084445,-11.011523,2.295289
-1.074346,-11.041390,2.348086
-1.081585,-10.999973,2.420702
-1.073804,-10.992556,2.396029
-1.039632,-11.021845,2.487698
-1.040752,-11.035692,2.517623
-0.993207,-10.998277,2.442171
-1.047360,-11.034988,2.502546
-1.004489,-11.058774,2.578891
-1.050441,-11.005122,2.498038
-1.016371,-11.056544,2.650484
-1.037306,-11.078322,2.570724
-1.045444,-11.025110,2.596217
-0.988041,-11.081582,2.666426
-0.935671,-11.002446,2.686926
-0.906232,-11.018502,2.691660
-0.872905,-11.004121,2.758951
-0.860617,-11.031269,2.731239
-0.930736,-11.002039,2.791653
-0.823722,-10.935318,2.707768
-0.906143,-11.107310,2.838511
-0.857674,-11.033159,2.872912
-0.804747,-11.078347,2.848865
-0.902899,-11.012757,2.905436
-0.822552,-11.059372,2.984748
-0.760536,-11.147784,2.949645
-0.815822,-11.050904,2.927977
-0.804742,-11.085249,2.951932
-0.741019,-11.044227,2.954157
-0.794084,-10.992329,3.017919
-0.861405,-11.052046,3.065741
-0.713054,-11.010558,3.029721
-0.697125,-11.022812,3.036447
-0.693613,-11.046726,3.011122
-0.650144,-11.014854,3.063953
-0.733178,-11.010580,3.123439
-0.688845,-11.158693,3.144512
-0.725274,-11.067144,3.053527
-0.693860,-11.084372,3.177747
-0.622756,-11.062213,3.184393
-0.692495,-10.967004,3.172625
-0.592856,-10.982934,3.244726
-0.676226,-11.045019,3.314193
-0.641282,-11.033069,3.279450
-0.598817,-11.020367,3.291356
-0.568422,-11.054288,3.319981
-0.636247,-11.087904,3.368447
-0.574640,-11.049693,3.326870
-0.599915,-11.112698,3.422032
-0.627055,-10.987423,3.413294
-0.580457,-11.014828,3.387376
-0.516269,-11.088897,3.480001
-0.592103,-11.070088,3.502523
-0.505465,-11.044117,3.520101
-0.493833,-11.019176,3.559411
-0.511177,-11.064674,3.560129
-0.532750,-11.090338,3.511633
-0.417516,-11.042488,3.626609
-0.460623,-11.029294,3.624174
-0.510649,-10.987365,3.668144
-0.408375,-11.061798,3.561668
-0.432214,-10.989960,3.682074
-0.462453,-11.014839,3.775788
-0.336593,-11.014663,3.710982
-0.368740,-11.080308,3.759001
-0.371809,-11.030937,3.772993
-0.315688,-11.001547,3.797633
-0.372012,-11.029905,3.853188
-0.330257,-11.075772,3.837274
-0.285988,-10.995432,3.841547
-0.360393,-11.024903,3.895635
-0.266404,-11.011803,3.842531
-0.294103,-11.049717,3.887711
-0.249084,-11.052232,3.980272
-0.306484,-10.991618,4.018459
-0.301619,-11.057320,3.994508
-0.314530,-11.032266,4.018828
-0.141511,-11.026056,4.033890
-0.133033,-11.049811,4.045654
-0.200192,-11.055724,4.050063
-0.175435,-11.105889,4.039560
-0.194044,-10.903364,4.046383
-0.181404,-11.074711,4.080938
-0.148727,-11.155487,4.155475
-0.179218,-11.010193,4.116820
-0.175259,-11.057500,4.260890
-0.144286,-11.082917,4.154756
-0.133973,-10.991776,4.272216
-0.168089,-11.034657,4.228070
-0.074710,-11.037274,4.212396
-0.081442,-11.042556,4.273928
-0.100414,-11.047383,4.293833
-0.115050,-11.028921,4.253923
-0.102358,-10.988593,4.315552
-0.002157,-11.061412,4.373205
0.023025,-10.977387,4.353353
-0.011835,-11.031431,4.391955
0.025119,-11.095738,4.438096
-0.070734,-11.010527,4.438591
0.055671,-11.007654,4.468046
0.013904,-11.048965,4.460836
0.078105,-11.055522,4.458086
0.075513,-11.080115,4.455912
0.127526,-10.940390,4.562261
0.108975,-10.969307,4.507653
0.149063,-10.963618,4.580629
0.064749,-10.996253,4.621029
0.117590,-10.974676,4.648715
0.157673,-10.981120,4.610860
0.147283,-10.985066,4.667984
0.080457,-10.929985,4.743449
0.197140,-11.034569,4.682660
0.305495,-10.916259,4.683445
0.219802,-11.049163,4.658059
0.260836,-10.969512,4.747276
0.231444,-10.949804,4.730391
0.238161,-10.937104,4.761103
0.205990,-10.920859,4.826284
0.298806,-10.870624,4.835841
0.248584,-10.956102,4.823233
0.280698,-10.936931,4.798342
0.321006,-11.021970,4.902172
0.288372,-10.912158,4.941437
0.267621,-11.038156,4.893083
0.319942,-10.912641,4.973444
0.307744,-10.926270,5.055368
0.415908,-10.848394,4.937728
0.383187,-10.956803,5.046911
0.357217,-10.942655,5.068776
0.387605,-10.916270,4.998486
0.451014,-10.996368,5.111519
0.429729,-10.964071,5.063713
0.466005,-10.995465,5.110492
0.445833,-10.856380,5.135234
0.442244,-10.933099,5.106094
0.495538,-10.942693,5.173025
0.443659,-10.890651,5.185954
0.484849,-10.944581,5.228003
0.537218,-10.909933,5.224624
0.498864,-10.920275,5.211910
0.601744,-10.929527,5.256793
0.501966,-10.929351,5.340272
0.543864,-10.922492,5.299758
0.492762,-10.867839,5.348754
0.602374,-10.836610,5.329009
0.579484,-10.889396,5.299709
0.594683,-10.868971,5.340284
0.583445,-10.881356,5.362852
0.573450,-10.857285,5.452845
0.707764,-10.836486,5.471431
0.649903,-10.856071,5.526785
0.668659,-10.894441,5.523979
0.709655,-10.812472,5.484386
0.704256,-10.807189,5.538914
0.607763,-10.817840,5.500634
0.753509,-10.864411,5.529607
0.667969,-10.822077,5.556997
0.718820,-10.957170,5.539361
0.731175,-10.848067,5.621648
0.788597,-10.800661,5.643446
0.700213,-10.887501,5.562637
0.818164,-10.834082,5.662801
0.780186,-10.811490,5.660207
0.738230,-10.796748,5.745183
0.773764,-10.785931,5.759269
0.804777,-10.783679,5.739710
0.878563,-10.788190,5.740672
0.839563,-10.811606,5.801004
0.839747,-10.792582,5.868186
0.869583,-10.797452,5.790316
0.920891,-10.745332,5.924759
0.921034,-10.812815,5.806506
0.870518,-10.767585,5.897817
0.882669,-10.762909,5.865404
0.963238,-10.742474,5.862219
0.957896,-10.762869,5.939464
1.040534,-10.730665,5.912252
0.977187,-10.739205,5.927989
0.945895,-10.788639,6.080237
1.020636,-10.782426,5.995928
1.009331,-10.742686,6.064035
1.026075,-10.729586,6.005515
1.034406,-10.727419,6.084353
1.102481,-10.709879,6.066944
0.995604,-10.755609,6.061328
1.053044,-10.742519,6.081578
1.123424,-10.718599,6.106710
1.178042,-10.714076,6.155588
1.130763,-10.637087,6.193786
1.195888,-10.712223,6.232645
1.246326,-10.715861,6.241861
1.177896,-10.644649,6.205499
1.242359,-10.734933,6.300231
1.218635,-10.760336,6.294025
1.209649,-10.737410,6.260089
1.216834,-10.633285,6.326415
1.189523,-10.613638,6.270867
1.286968,-10.695175,6.369477
1.292554,-10.666480,6.396000
1.237005,-10.698962,6.372045
1.240907,-10.608244,6.343766
1.306964,-10.614438,6.369008
1.319767,-10.595901,6.391435
1.480395,-10.614858,6.442677
1.394989,-10.689382,6.522434
1.376077,-10.603127,6.479928
1.400470,-10.697260,6.565473
1.410264,-10.578183,6.566490
1.477745,-10.637630,6.550644
1.440968,-10.657175,6.548729
1.405726,-10.606951,6.558551
1.440647,-10.546156,6.556732
1.424029,-10.661639,6.583457
1.482309,-10.552844,6.596420
1.442465,-10.561242,6.619292
1.476938,-10.533259,6.635085
1.494296,-10.555048,6.609801
1.529147,-10.536099,6.699651
1.566080,-10.535043,6.809461
1.570238,-10.513988,6.658869
1.614246,-10.566837,6.650191
1.538970,-10.493704,6.811803
1.616042,-10.528013,6.767177
1.616158,-10.526011,6.790037
1.599592,-10.543070,6.823211
1.734614,-10.498467,6.792551
1.706212,-10.555089,6.877326
1.714438,-10.486995,6.939284
1.713048,-10.528413,6.855583
1.673888,-10.487255,6.894765
1.685491,-10.496525,6.984767
1.675226,-10.506906,6.999654
1.720218,-10.388098,6.974646
1.715641,-10.458145,7.041703
1.830860,-10.443144,6.970281
1.826668,-10.432863,7.039822
1.866604,-10.458198,6.981818
1.748565,-10.531897,7.103684
1.788277,-10.394148,7.099005
1.817887,-10.443096,7.112753
1.835910,-10.488778,7.091798
1.824432,-10.438718,7.091174
1.891738,-10.382562,7.123379
1.891841,-10.480751,7.175678
1.926103,-10.412763,7.098161
1.952975,-10.347030,7.216337
1.919375,-10.428304,7.176078
1.860197,-10.373714,7.230552
1.933723,-10.462950,7.172779
2.001096,-10.362319,7.227493
2.076326,-10.354827,7.181992
1.997861,-10.345580,7.289569
2.072157,-10.287994,7.355032
2.051310,-10.390088,7.270387
2.066578,-10.440650,7.290875
2.031642,-10.351476,7.381301
2.048386,-10.300595,7.354146
2.071791,-10.342638,7.358920
2.145627,-10.310957,7.323774
2.086188,-10.301428,7.389447
2.088819,-10.279327,7.350047
2.123720,-10.279650,7.349894
2.206623,-10.272994,7.427127
2.121145,-10.251574,7.570174
2.215266,-10.251474,7.457355
2.175710,-10.248450,7.520719
2.176211,-10.228584,7.538876
2.272240,-10.230251,7.583958
2.140927,-10.238391,7.570045
2.301264,-10.196407,7.632171
2.303794,-10.152524,7.586377
2.259648,-10.128669,7.631087
2.245424,-10.136434,7.590073
2.220767,-10.181222,7.565219
2.355714,-10.163869,7.685541
2.401587,-10.167950,7.640640
2.392543,-10.168981,7.666976
2.379422,-10.187198,7.739698
2.424546,-10.116249,7.677659
2.396895,-10.075158,7.686943
2.439535,-10.136951,7.708348
2.469310,-10.100767,7.742561
2.527060,-10.181157,7.754919
2.402584,-10.041752,7.789538
2.360651,-10.213125,7.713031
2.496843,-10.014692,7.741228
2.516785,-10.158465,7.842161
2.438296,-10.190875,7.917810
2.527349,-10.072047,7.883707
2.555178,-10.168297,7.882916
2.513672,-10.114467,7.894921
2.547290,-10.084804,7.872920
2.622983,-10.085911,7.838652
2.552330,-10.075863,7.956667
2.561468,-10.051173,8.014060
2.639583,-10.065729,7.959113
2.563237,-9.998337,7.990178
2.742760,-9.992878,7.934925
2.626197,-9.968154,8.087373
2.681452,-10.014449,7.965710
2.714217,-10.045304,8.055433
2.749432,-9.985166,8.110242
2.680791,-9.996756,8.119007
2.696685,-9.992410,8.053487
2.771148,-10.027375,8.107824
2.793446,-9.962664,8.116094
2.803953,-9.949992,8.072846
2.733929,-9.953659,8.217335
2.818043,-9.935997,8.138045
2.826679,-9.921638,8.219808
2.870102,-9.902981,8.226866
2.818202,-9.879054,8.225518
2.948907,-9.873651,8.196267
2.889379,-9.838006,8.300808
2.859876,-9.905862,8.202367
2.907638,-9.855756,8.294777
2.941434,-9.844871,8.275483
2.934634,-9.837413,8.286285
2.972686,-9.857803,8.275460
2.950326,-9.895869,8.321775
2.974891,-9.888837,8.420667
3.045600,-9.763341,8.455135
2.978229,-9.779998,8.473303
3.096620,-9.882394,8.355062
3.077449,-9.821844,8.397046
3.082337,-9.765270,8.427976
3.086415,-9.797075,8.486131
3.054285,-9.728287,8.418483
3.117544,-9.790652,8.433681
3.109718,-9.796545,8.461844
3.118685,-9.715991,8.505412
3.153665,-9.736819,8.523493
3.168859,-9.728141,8.576895
3.094161,-9.737040,8.508119
3.105054,-9.814870,8.573574
3.200392,-9.673859,8.581102
3.207781,-9.647107,8.615446
3.217063,-9.649864,8.586970
3.285894,-9.691629,8.540900
3.310072,-9.710402,8.607819
3.208233,-9.674671,8.563445
3.282533,-9.655242,8.596233
3.322898,-9.657099,8.641792
3.304661,-9.579326,8.616287
3.282758,-9.649469,8.659066
3.350433,-9.687323,8.711223
3.348856,-9.617027,8.777270
3.391069,-9.570276,8.764308
3.387174,-9.610624,8.801692
3.354864,-9.616968,8.703204
3.446591,-9.597856,8.810011
3.424163,-9.596188,8.745699
3.426371,-9.533119,8.791188
3.422573,-9.545176,8.829918
3.415230,-9.596630,8.812984
3.520465,-9.530594,8.831842
3.539524,-9.600933,8.900247
3.470053,-9.507424,8.849773
3.524423,-9.501172,8.797541
3.537806,-9.477587,8.907601
3.539291,-9.485790,8.891610
3.596948,-9.485795,8.906900
3.642565,-9.459674,8.896341
3.553577,-9.474138,8.917255
3.586734,-9.504390,8.956959
3.653929,-9.405943,8.942541
3.660818,-9.436281,8.954010
3.717167,-9.490160,9.027537
3.735453,-9.403434,9.004908
3.743359,-9.464171,9.002992
3.775428,-9.356203,9.108658
3.733521,-9.454196,9.088966
3.724466,-9.338943,9.003577
3.779692,-9.368834,9.006573
3.781595,-9.421191,9.144823
3.851794,-9.373007,9.107458
3.808386,-9.406095,9.223022
3.887536,-9.394180,9.088797
3.770821,-9.320048,9.032318
3.842222,-9.295975,9.191989
3.869558,-9.360157,9.201670
3.924951,-9.310828,9.189108
3.951747,-9.214919,9.243290
3.896424,-9.335557,9.252584
3.972317,-9.351237,9.289113
3.960346,-9.313232,9.202796
3.988780,-9.300647,9.196657
4.009079,-9.285198,9.222197
4.041648,-9.268210,9.242223
4.032507,-9.205129,9.256015
3.970573,-9.325055,9.335635
3.942748,-9.170728,9.359347
4.065692,-9.188547,9.359454
4.133252,-9.233286,9.308529
4.101078,-9.183254,9.331111
4.152917,-9.100889,9.343708
4.114740,-9.056646,9.352819
4.167723,-9.180620,9.389243
4.087503,-9.149241,9.398938
4.134220,-9.139644,9.428626
4.227415,-9.155956,9.380821
4.190813,-9.087629,9.361702
4.219653,-9.092554,9.520283
4.128872,-9.161047,9.504852
4.205466,-9.070213,9.460060
4.254874,-9.123293,9.562255
4.292871,-9.085768,9.528057
4.308056,-9.036189,9.487414
4.264483,-8.998998,9.551489
4.379526,-9.043701,9.572169
4.229573,-9.097929,9.499705
4.297099,-9.047676,9.543994
4.329701,-9.051649,9.613388
4.352635,-8.987365,9.542157
4.360756,-8.923821,9.503428
4.467625,-8.958194,9.576622
4.452999,-8.956315,9.516802
4.420921,-8.980472,9.650157
4.577487,-8.926490,9.682555
4.444410,-8.935095,9.628537
4.445216,-8.925383,9.663141
4.459767,-8.905429,9.658392
4.454229,-8.902802,9.645985
4.506944,-8.939896,9.671651
4.528309,-8.892986,9.711700
4.545812,-8.963041,9.672206
4.515874,-8.850817,9.725092
4.557013,-8.866338,9.724409
4.578847,-8.794822,9.714306
4.586016,-8.864511,9.719989
4.595785,-8.757043,9.705135
4.628973,-8.806370,9.711820
4.661854,-8.811038,9.810521
4.737362,-8.769368,9.783526
4.639803,-8.706862,9.769591
4.646027,-8.833128,9.804569
4.649398,-8.760368,9.900817
4.717367,-8.780043,9.855465
4.735550,-8.746051,9.867005
4.737645,-8.761129,9.887783
4.740805,-8.701193,9.946161
4.785742,-8.731095,9.926758
4.870697,-8.773214,9.883293
4.822498,-8.570610,9.858116
4.859757,-8.696479,9.926840
4.881512,-8.694728,9.932702
4.918561,-8.653551,9.959934
4.880361,-8.658711,9.903379
4.899342,-8.622870,9.958651
4.931963,-8.684559,9.981363
4.848413,-8.673381,9.997499
5.005499,-8.659823,10.018503
5.043023,-8.587869,10.039968
4.954104,-8.549345,10.014401
4.947271,-8.659186,10.054963
5.012985,-8.582253,10.014097
5.021423,-8.585807,9.960746
4.998454,-8.555352,10.092401
4.972020,-8.546016,10.015467
5.013943,-8.561341,10.092974
5.008118,-8.489070,10.081513
5.115953,-8.506590,10.119129
5.077126,-8.504209,10.044716
5.145535,-8.465367,10.086444
5.102218,-8.531098,10.037705
5.073645,-8.461174,10.126654
5.149165,-8.452048,10.144802
5.257124,-8.403002,10.141338
5.149919,-8.427680,10.112406
5.238473,-8.445815,10.078930
5.282645,-8.444222,10.247235
5.259001,-8.382871,10.143897
5.240140,-8.430791,10.213367
5.000118,-8.107307,9.905505
4.714396,-7.918896,9.493072
4.468102,-7.522257,9.265520
4.269375,-7.336974,8.936903
3.944611,-6.999695,8.723717
3.763698,-6.871829,8.367091
3.623855,-6.549536,8.110291
3.421806,-6.293235,7.729328
3.258412,-5.992574,7.512829
3.102834,-5.734612,7.128854
3.007988,-5.560931,6.851807
2.898758,-5.249553,6.484726
2.851364,-4.942011,6.126844
2.599011,-4.673696,5.889829
2.724040,-4.365686,5.515422
2.567000,-4.244161,5.266238
2.392518,-3.863790,4.999623
2.399420,-3.677104,4.680084
2.294051,-3.411163,4.343045
2.279548,-3.049390,4.008798
2.229662,-2.909535,3.768635
2.252225,-2.625784,3.507144
2.126319,-2.385692,3.174656
2.141580,-2.054899,2.948167
2.024855,-1.859476,2.762387
2.082685,-1.530939,2.579800
1.995591,-1.266537,2.403476
1.992915,-0.976588,2.254134
1.965994,-0.689832,2.082210
1.913561,-0.549939,1.934904
1.929697,-0.211067,1.717929
1.854744,0.046706,1.654783
1.948416,0.251912,1.612038
1.802287,0.399001,1.501700
1.722945,0.665041,1.385602
1.746597,0.839151,1.374035
1.815110,0.859211,1.228025
1.761535,1.005501,1.153672
1.698581,1.139362,1.155105
1.672865,1.237339,1.109719
1.719473,1.329592,0.962824
1.761059,1.527263,1.014121
1.746077,1.434042,0.914192
1.684768,1.598344,0.963368
1.697724,1.710296,0.867582
1.674267,1.705258,0.853301
1.707023,1.780312,0.829941
1.737559,1.795701,0.715260
1.651158,1.761069,0.760063
1.580165,1.864877,0.684041
1.592584,1.764005,0.755443
1.596239,1.930551,0.728526
1.583868,1.865725,0.751507
1.550049,1.967613,0.612520
1.539942,1.932698,0.626052
1.541371,1.944695,0.645538
1.503072,1.891874,0.530487
1.474272,1.949932,0.668488
1.499751,1.954600,0.583737
1.538147,1.956187,0.561283
1.474979,1.963069,0.553976
1.449341,1.976124,0.597166
1.500062,1.874187,0.662801
1.473522,1.926423,0.548616
1.550826,1.933604,0.598584
1.440963,1.927885,0.549637
1.426793,1.916593,0.501483
1.487655,1.988981,0.524344
1.435988,1.924069,0.590145
1.362384,1.927126,0.458067
1.473813,1.928685,0.557067
1.439295,1.914652,0.509666
1.401569,1.959610,0.488750
1.385655,1.895595,0.499268
1.422651,1.920153,0.461091
1.442496,1.926529,0.446438
1.358420,1.898397,0.554308
1.357231,2.006317,0.502997
1.317289,1.924194,0.446598
1.309905,1.879744,0.445239
1.380487,1.840085,0.474748
1.280245,1.867683,0.500882
1.363984,1.854297,0.478680
1.312194,1.786775,0.414501
1.278203,1.815107,0.513651
1.338975,1.887160,0.526617
1.281592,1.873862,0.480744
1.257996,1.827720,0.442734
1.313080,1.795855,0.431170
1.282239,1.870565,0.456228
1.257368,1.697548,0.461411
1.336945,1.759043,0.431077
1.280826,1.763474,0.472654
1.241928,1.749801,0.444306
1.234179,1.738712,0.453619
1.146574,1.721902,0.389127
1.242619,1.704876,0.406665
1.292556,1.640017,0.426195
1.178099,1.676608,0.439272
1.228081,1.678121,0.369318
1.217791,1.678900,0.393044
1.143258,1.766168,0.432181
1.236707,1.743003,0.400538
1.223775,1.640266,0.450902
1.154438,1.715537,0.423317
1.182836,1.618003,0.435725
1.209822,1.689234,0.440058
1.148977,1.625306,0.356951
1.153477,1.583224,0.399149
1.226797,1.586136,0.383200
1.197588,1.563249,0.344402
1.126605,1.599777,0.472753
1.173527,1.551098,0.419749
1.182409,1.650608,0.338262
1.077659,1.571567,0.323099
1.092454,1.511407,0.381109
1.130044,1.567731,0.347946
1.073052,1.561213,0.352797
1.121096,1.479085,0.387956
1.089898,1.532931,0.415919
1.120555,1.543094,0.303308
1.069258,1.527711,0.434117
1.094181,1.488638,0.333039
1.053677,1.522692,0.328544
1.057457,1.532031,0.327910
1.112832,1.448016,0.388584
1.003322,1.472038,0.380205
1.024603,1.477981,0.330918
1.007337,1.476648,0.376922
1.097753,1.441637,0.347025
1.105531,1.476444,0.368395
1.024109,1.411902,0.355097
1.048568,1.432159,0.341627
1.043821,1.484117,0.364728
0.943952,1.414194,0.252103
0.975994,1.462082,0.334839
1.064317,1.469757,0.370657
0.949944,1.353691,0.340320
0.995439,1.388789,0.323749
0.961008,1.335684,0.314199
0.966516,1.282431,0.419760
1.029195,1.391924,0.280030
0.975791,1.384779,0.299373
0.942351,1.377518,0.322630
0.907681,1.336383,0.347293
0.951933,1.343246,0.468340
0.946111,1.305939,0.371198
0.878907,1.271436,0.400387
0.969282,1.321269,0.305316
0.882202,1.279212,0.337390
0.924621,1.237418,0.241523
0.871502,1.346209,0.325685
0.946419,1.272634,0.317023
0.852108,1.337048,0.312677
0.996422,1.337699,0.274284
0.972543,1.217251,0.246126
0.879989,1.275525,0.290269
0.857768,1.273154,0.245226
0.921361,1.285894,0.319489
0.821261,1.269273,0.235489
0.916237,1.227787,0.344017
0.790914,1.264179,0.211312
0.911472,1.232310,0.253596
0.804132,1.230758,0.355741
0.832965,1.250860,0.279203
0.833659,1.197338,0.340542
0.878517,1.183824,0.256436
0.886566,1.231777,0.204986
0.881930,1.186101,0.233894
0.829993,1.104978,0.302051
0.869547,1.153781,0.217652
0.810052,1.175079,0.251169
0.792005,1.219753,0.239072
0.867055,1.188950,0.279264
0.810753,1.143611,0.262204
0.850422,1.118206,0.255436
0.772386,1.118013,0.257192
0.736571,1.180566,0.261090
0.796434,1.022585,0.270586
0.790222,1.178993,0.235914
0.738376,1.074695,0.266792
0.776348,1.010925,0.281275
0.806367,1.132403,0.199546
0.854094,1.157535,0.244103
0.818972,1.044874,0.251975
0.692523,1.088746,0.181611
0.716865,1.095629,0.192865
0.747199,1.071424,0.286273
0.738527,1.064031,0.238889
0.740004,1.062020,0.255619
0.648536,1.062296,0.276247
0.767328,1.047359,0.145045
0.731489,1.036446,0.214276
0.672468,1.086646,0.267017
0.731549,1.056708,0.222572
0.772598,0.959825,0.178945
0.700549,1.017603,0.178098
0.731014,1.093308,0.222001
0.720730,1.001340,0.207003
0.717286,1.056001,0.180103
0.714079,0.956035,0.223926
0.697490,0.922263,0.241409
0.734927,0.946402,0.208050
0.621565,0.974015,0.187593
0.747602,0.883648,0.260015
0.733018,0.954098,0.227611
0.722776,1.024702,0.223058
0.678978,0.915857,0.188905
0.703294,1.033496,0.235460
0.752223,0.956171,0.157049
0.690234,0.905120,0.256579
0.684221,1.027423,0.211020
0.704845,0.932381,0.189944
0.615037,0.949924,0.259502
0.734180,0.945810,0.184995
0.688334,1.017795,0.196963
0.582266,0.872822,0.263367
0.681881,0.928310,0.157173
0.676570,0.962770,0.132631
0.585815,0.886843,0.246099
0.702346,0.874990,0.195845
0.661160,0.917714,0.230494
0.586628,0.896200,0.145383
0.672276,0.854954,0.248358
0.585081,0.900883,0.190422
0.628882,0.788174,0.164489
0.622694,0.870539,0.217227
0.595393,0.884472,0.249554
0.547735,0.921971,0.165018
0.551576,0.820830,0.252577
0.538920,0.851635,0.170009
0.576408,0.866014,0.208176
0.586329,0.866014,0.192188
0.615912,0.891020,0.293810
0.537178,0.797194,0.243473
0.528939,0.771787,0.249212
0.580407,0.933150,0.083624
0.616165,0.727118,0.189419
0.557696,0.807360,0.164609
0.664270,0.870935,0.151244
0.513433,0.737137,0.191830
0.565705,0.864694,0.138446
0.586754,0.815894,0.168779
0.588339,0.725631,0.140257
0.484999,0.870333,0.163843
0.581332,0.772532,0.190528
0.587328,0.725904,0.224471
0.555871,0.777897,0.121957
0.531537,0.792668,0.183850
0.588592,0.748224,0.171176
0.501808,0.777584,0.188637
0.575320,0.787286,0.125549
0.519135,0.775120,0.126434
0.501571,0.758692,0.171581
0.521484,0.769288,0.210420
0.534061,0.714876,0.169636
0.457179,0.746723,0.135867
0.574319,0.695604,0.127495
0.596037,0.786130,0.203034
0.539501,0.755412,0.184149
0.476335,0.767311,0.141636
0.517862,0.765130,0.136187
0.478157,0.717053,0.158560
0.529782,0.750450,0.199530
0.563611,0.590067,0.124721
0.438709,0.721566,0.127809
0.503352,0.755175,0.148775
0.517204,0.641565,0.123350
0.447004,0.726533,0.142612
0.509622,0.665096,0.224462
0.527668,0.682784,0.123353
0.481501,0.721934,0.155534
0.496654,0.654004,0.100266
0.513066,0.743564,0.051828
0.384677,0.677412,0.116985
0.421407,0.689046,0.068368
0.489366,0.692901,0.131438
0.528261,0.729158,0.144511
0.431152,0.714924,0.189606
0.537739,0.690208,0.162411
0.451958,0.646729,0.061490
0.400768,0.626354,0.117554
0.464322,0.616647,0.142667
0.479461,0.602125,0.241240
0.431392,0.682156,0.132536
0.456724,0.642111,0.173231
0.408823,0.683914,0.076660
0.425828,0.559281,0.198933
0.453937,0.646180,0.146821
0.408283,0.643115,0.155991
0.436354,0.564361,0.168360
0.393601,0.548520,0.165271
0.400773,0.624484,0.084694
0.327140,0.598485,0.139744
0.440544,0.585704,0.119028
0.414647,0.541030,0.163491
0.429710,0.564615,0.048205
0.374353,0.554392,0.129225
0.481496,0.578108,0.152163
0.434406,0.588560,0.120999
0.382432,0.649482,0.130033
0.443109,0.545039,0.173434
0.343170,0.602813,0.067299
0.437255,0.551836,0.123063
0.452271,0.686164,0.046874
0.385407,0.542561,0.139863
0.421865,0.634446,0.106835
0.331411,0.588945,0.101849
0.443740,0.552683,0.088307
0.396472,0.618036,0.126263
0.394613,0.594842,0.107998
0.445589,0.593855,0.112268
0.406436,0.562787,0.122628
0.408075,0.554226,0.065443
0.384201,0.561952,0.060168
0.401240,0.555025,0.081406
0.326044,0.534954,0.107132
0.313310,0.563060,0.125655
0.416034,0.559941,0.145824
0.392369,0.493171,0.067666
0.346450,0.589463,0.138206
0.370998,0.511998,0.072975
0.400119,0.450593,0.149675
0.382244,0.627113,0.108562
0.331316,0.539229,0.092990
0.366492,0.546862,0.115039
0.324106,0.531441,0.081808
0.362614,0.515211,0.067134
0.363180,0.558261,0.127585
0.379898,0.479360,0.055671
0.342703,0.602956,0.115412
0.350088,0.498627,0.115665
0.368392,0.489582,0.108348
0.328057,0.494077,0.098856
0.361872,0.531165,0.043472
0.270707,0.528573,0.155671
0.343637,0.464639,0.141078
0.334934,0.451557,0.132077
0.348099,0.477327,0.116473
0.371811,0.489761,0.101517
0.306765,0.489517,0.112919
0.278463,0.514023,0.041963
0.281935,0.484936,0.145494
0.327255,0.420220,0.100321
0.258215,0.461853,0.110356
0.372079,0.482786,0.101609
0.329517,0.410918,0.147883
0.270121,0.458827,0.085834
0.316947,0.452385,0.072682
0.367441,0.418311,0.184431
0.357609,0.454014,0.140138
0.281798,0.461510,0.071243
0.355734,0.455417,0.014685
0.323943,0.458477,0.112023
0.293758,0.455093,0.114152
0.300536,0.415659,0.084421
0.343049,0.430183,0.120937
0.371859,0.490840,0.088709
0.363171,0.330129,0.116008
0.282874,0.401786,0.092661
0.301541,0.428371,0.075982
0.348682,0.413165,0.095128
0.226513,0.529097,0.096863
0.243827,0.440942,0.129966
0.291770,0.425220,0.113417
0.364352,0.469136,0.089125
0.310905,0.446027,0.153218
0.213383,0.390097,0.083800
0.293591,0.409670,0.042226
0.305140,0.500684,0.102492
0.304266,0.378332,0.044029
0.320652,0.329597,0.092977
0.348810,0.446993,0.137569
0.251236,0.394464,0.019088
0.341983,0.477168,0.076110
0.278999,0.403378,0.061788
0.265617,0.387435,0.076518
0.292024,0.400821,0.129327
0.259546,0.314782,0.017758
0.291847,0.349402,0.067843
0.238970,0.426735,0.022258
0.310979,0.458653,0.072447
0.274270,0.377336,0.090223
0.261319,0.434661,0.059794
0.218089,0.344989,0.056456
0.317083,0.450219,0.074339
0.236238,0.388830,0.032666
0.199897,0.384947,0.100553
0.290960,0.390090,0.201719
0.245663,0.332438,0.074677
0.337637,0.425755,0.115842
0.252851,0.494248,0.116692
0.223243,0.333262,0.042573
0.277409,0.410105,0.157777
0.317493,0.342584,0.038908
0.297164,0.381035,0.151024
0.163211,0.328957,0.131680
0.185973,0.447638,0.060574
0.262056,0.379938,0.084847
0.255392,0.298070,0.177219
0.228974,0.301012,0.096745
0.237519,0.342546,0.100888
0.264105,0.374830,0.112583
0.332092,0.369857,0.156612
0.216748,0.417396,0.031100
0.228726,0.416987,0.023966
0.207699,0.242921,0.068157
0.286530,0.386567,0.129517
0.169591,0.393457,0.032630
0.179590,0.364975,-0.014071
0.252749,0.305599,-0.036949
0.255982,0.298825,0.128026
0.260199,0.308737,0.032142
0.283282,0.359860,0.100758
0.136308,0.320677,0.113292
0.190139,0.298035,0.028715
0.133022,0.414924,0.063513
0.191953,0.338523,0.062280
0.277867,0.322275,-0.035748
0.224044,0.265614,0.040032
0.205266,0.290429,0.072198
0.300842,0.289951,0.000101
0.196055,0.333256,0.125919
0.162824,0.256301,0.064062
0.081618,0.288530,-0.008830
0.237719,0.280599,0.124544
0.244204,0.326280,0.016256
0.134459,0.291876,0.042783
0.311879,0.242109,0.070829
0.222938,0.360902,0.023330
0.224302,0.289950,0.037061
0.254227,0.213188,0.055655
0.186178,0.309856,0.071894
0.270777,0.336722,0.068496
0.224679,0.306879,0.009569
0.127941,0.252893,0.050410
0.198593,0.206079,-0.000247
0.137409,0.282424,0.033842
0.222275,0.337719,0.119530
0.230280,0.268472,0.101724
0.250681,0.316709,-0.005154
0.272271,0.374861,0.087950
0.129273,0.318138,0.069360
0.149923,0.278110,0.119506
0.220458,0.335236,0.084209
0.161978,0.280418,0.044221
0.175681,0.263726,0.025100
0.119042,0.319508,0.057941
0.094386,0.172427,0.014824
0.142751,0.291268,0.086689
0.169915,0.223415,0.045122
0.156933,0.191588,0.053199
0.165662,0.250044,0.008705
0.202592,0.294497,0.028090
0.087654,0.414796,0.081165
0.195148,0.222008,0.120118
0.158045,0.231649,0.087090
0.263463,0.315407,0.062102
0.193617,0.309844,0.088214
0.208467,0.229353,0.003950
0.108267,0.263004,0.021391
0.175422,0.298744,0.042507
0.137319,0.296322,0.015069
0.163323,0.181435,0.031753
0.161360,0.260203,0.049955
0.186531,0.290578,0.010402
0.174480,0.194847,0.030569
0.190244,0.206692,0.046691
0.092184,0.255051,0.094333
0.085718,0.211192,0.016770
0.149035,0.280577,0.100053
0.141079,0.224703,0.101796
0.209407,0.147330,0.045615
0.137465,0.161439,0.104989
0.126522,0.225702,0.031569
0.113112,0.222951,0.039795
0.100391,0.393649,0.059117
0.140254,0.188389,0.060449
0.073833,0.182914,0.026656
0.185717,0.316651,0.058009
0.183895,0.244494,0.060204
0.251673,0.192378,-0.022668
0.172688,0.239234,0.036416
0.179795,0.228980,0.039449
0.108149,0.195068,0.071486
0.199521,0.199946,0.108688
0.213442,0.166611,0.083172
0.160227,0.237943,0.100641
0.130109,0.214060,-0.045521
0.158913,0.232584,0.040906
0.219796,0.252635,0.055265
0.122060,0.197984,0.069260
0.159218,0.221121,0.022281
0.122686,0.240667,-0.044913
0.210437,0.147819,0.064951
0.127685,0.210816,-0.035808
0.133271,0.274907,0.081662
0.138624,0.213164,0.056817
0.151155,0.306469,0.075692
0.132452,0.207853,0.020238
0.108375,0.223615,-0.025286
0.094382,0.291058,0.071296
0.113985,0.209926,0.066123
0.127692,0.242615,0.072067
0.122892,0.156138,0.066566
0.134380,0.224154,0.032123
0.184588,0.249517,0.036123
0.082682,0.177839,0.157409
0.137302,0.170602,-0.025847
0.050321,0.145657,0.008997
0.033383,0.222535,0.008339
0.079615,0.230408,0.009903
0.231502,0.216626,-0.005667
0.168397,0.200559,0.025216
0.242789,0.226210,-0.001582
0.201896,0.179103,0.057780
0.134152,0.073804,0.080899
0.120362,0.241542,0.032199
0.201777,0.095166,0.002206
0.147975,0.153691,0.012806
0.149758,0.142291,0.017608
0.164547,0.217768,-0.018105
0.075896,0.201377,0.090228
0.105001,0.167093,0.082127
0.125868,0.220897,0.028498
0.083655,0.168645,0.070687
0.160341,0.229169,0.059127
0.089801,0.194429,0.080814
0.183034,0.121232,-0.017147
0.092471,0.243792,0.004476
0.089559,0.187028,0.066965
0.152368,0.164116,-0.005462
0.186387,0.177704,0.013765
0.152119,0.261477,0.015805
0.135099,0.161335,0.092984
0.075375,0.206121,-0.029951
0.105624,0.139246,0.055760
0.127116,0.191419,-0.011999
0.118522,0.223566,0.112240
0.131923,0.184886,0.021760
0.139760,0.221014,0.027724
0.077327,0.179896,0.004463
0.088555,0.228567,0.060652
0.092454,0.214443,0.010695
0.094455,0.173017,0.037931
0.121648,0.160609,0.061913
0.090506,0.154008,-0.008069
0.086484,0.182649,0.026823
0.143089,0.183506,0.056259
0.092420,0.113408,0.072378
0.090737,0.198868,0.098237
0.115601,0.201587,0.018536
0.155131,0.121832,0.039291
0.088339,0.123447,0.022099
0.141831,0.178475,0.044519
0.071054,0.178709,-0.003021
0.145549,0.185497,0.083645
0.157968,0.193238,-0.032941
0.110821,0.150318,0.076316
0.029406,0.143747,0.031071
0.046836,0.111796,0.084404
0.086014,0.123782,-0.007725
0.103981,0.117883,0.058921
0.015330,0.101273,0.063789
0.076591,0.177133,0.092996
0.098138,0.133753,0.060201
0.144682,0.091898,0.090287
0.137634,0.117464,0.059181
0.088409,0.200849,0.005960
0.146988,0.262925,0.067631
0.071560,0.174631,0.009234
0.077322,0.135547,0.022376
0.132326,0.175906,0.006907
0.085814,0.178620,-0.015421
0.125610,0.236902,0.028753
0.075200,0.055999,0.042086
0.139566,0.126628,0.067139
0.085546,0.179009,0.135836
0.069577,0.160091,0.052516
0.124143,0.144491,0.067844
0.095202,0.208452,0.031460
0.134777,0.161785,0.020671
0.178089,0.124849,-0.019876
0.082609,0.197599,-0.035064
0.152669,0.157673,0.110224
0.029212,0.152634,0.018348
0.070003,0.104488,0.009795
0.117378,0.135560,0.016267
0.074169,0.108750,0.007916
0.090932,0.125418,0.037816
0.090482,0.108093,0.032915
0.056373,0.119558,-0.031192
0.118117,0.158752,-0.015313
0.161251,0.152810,0.044900
0.048815,0.116898,-0.024800
0.056794,0.228013,0.058198
0.086540,0.185143,0.138320
0.078070,0.086878,-0.011194
0.107244,0.110288,0.011596
0.065985,0.126552,0.022662
0.060483,0.109956,-0.012642
0.165399,0.152032,0.006854
0.063917,0.108261,-0.053628
0.113323,0.193851,0.026014
0.054118,0.204380,0.030586
-0.026855,0.196629,0.024004
0.083547,0.086378,0.025067
0.119199,0.149312,-0.050413
0.042511,0.082135,-0.008151
0.096560,0.105450,0.002857
0.043308,0.150197,-0.031398
0.070189,0.180322,0.075562
0.069657,0.086803,0.068529
0.025823,0.127268,0.048941
0.109575,0.176086,-0.001054
0.095691,0.188308,-0.051946
0.072280,0.152627,0.044149
0.123621,0.206750,0.076876
0.127494,0.092466,-0.072457
0.037861,0.170797,0.071865
0.135493,0.048958,-0.000260
0.119889,0.091193,-0.045789
0.142723,0.004983,-0.012327
0.023558,0.023976,0.064872
-0.033367,0.042063,0.004679
0.086097,0.139963,0.009061
0.106258,0.085914,-0.017274
0.074115,0.152857,-0.037112
0.109040,0.017261,-0.059809
0.105396,0.069995,0.002391
0.068443,0.096314,0.032099
-0.037589,0.204656,0.015308
0.035886,0.089350,0.010313
0.025857,0.118192,0.026085
0.026719,0.153143,0.060371
0.030987,0.048387,-0.043752
0.001107,0.097407,0.000744
0.129244,0.138443,0.044218
0.039230,0.143028,0.070781
0.030212,0.079804,0.010813
0.055131,0.102455,0.106793
0.028927,0.117703,-0.054217
0.109502,0.144499,0.083297
0.091586,0.089482,0.085718
0.066818,0.030859,-0.013726
0.020212,0.093686,0.094297
0.097407,0.067481,-0.042735
0.069911,0.105356,-0.017651
0.154532,0.098329,0.022182
0.053131,0.099811,-0.018995
0.067173,0.081999,-0.010429
0.037693,0.075112,-0.049418
0.062074,0.073175,0.004259
0.116252,0.087561,0.053899
-0.008618,0.117034,0.002145
0.037465,0.133641,0.023376
0.076053,0.127256,-0.038682
-0.007752,0.194246,-0.055745
0.098247,0.173535,-0.054864
0.011708,0.075370,0.006010
0.044970,0.135040,-0.008375
0.039401,0.018170,0.020595
0.049046,0.053130,0.063019
0.082774,0.040738,0.037454
0.079930,0.139508,-0.033994
0.007547,0.087493,0.036984
0.055107,0.023774,0.004037
0.036677,0.154435,0.023313
0.105652,0.101365,0.015746
0.046541,0.005427,0.021008
-0.019172,0.062066,0.034582
0.035450,0.009980,-0.017772
0.050932,0.091835,0.013450
0.059820,0.183991,-0.008313
0.084910,0.043618,0.091816
0.068827,0.112015,-0.040982
0.060999,0.114205,0.102732
-0.056597,0.110713,0.015356
-0.052833,0.048594,-0.015177
0.034370,0.071890,0.003242
0.078165,0.139006,0.080059
0.067482,0.049045,0.127475
-0.027856,0.076057,0.006180
0.060798,0.094744,0.058231
0.072705,0.135826,-0.026482
0.061749,0.120075,-0.022301
0.086606,0.069358,-0.018854
0.043539,0.116675,0.015620
0.051106,0.106488,0.046974
-0.014715,0.122183,0.033773
0.069247,0.039069,-0.028166
0.073927,0.073955,-0.081885
0.141028,0.053909,-0.017833
0.062202,0.060617,-0.029101
-0.021546,0.031642,0.043135
0.090792,0.026089,0.038511
0.033340,0.052367,0.005638
-0.022165,-0.007557,-0.020004
0.034490,0.036258,0.060018
0.040018,0.020206,-0.022652
0.076848,0.113627,0.076619
0.099572,0.024482,0.026893
0.048901,0.099486,-0.038942
-0.003095,0.043999,0.054935
0.061041,0.067758,0.115152
0.006611,0.046923,0.065275
0.024541,0.057355,-0.053017
0.017775,0.024621,0.004783
0.028307,0.067674,0.002924
0.070886,0.078589,0.000525
0.097539,0.031585,0.044042
-0.008076,0.110353,-0.000133
0.027243,0.095421,-0.027006
0.104594,0.061319,0.004626
0.080156,-0.000360,-0.056591
0.103014,-0.004664,0.058781
0.046565,0.141481,-0.062911
0.112232,0.041769,0.070133
0.069802,0.013502,0.090221
0.057968,0.090829,0.033017
0.004078,0.051512,0.024866
0.063138,0.072191,0.031481
0.068768,0.014091,0.046030
-0.015058,0.053970,0.050168
-0.002722,0.051565,-0.003328
0.066828,0.032309,-0.023826
0.037049,0.109172,-0.006692
-0.026802,0.143253,0.002173
0.046252,0.077943,0.051984
0.037761,0.123657,0.100768
0.099785,0.040765,0.064041
0.045340,0.026891,0.034019
0.146029,0.046302,0.048686
0.086375,0.019420,0.089574
0.056097,0.106169,-0.030101
0.096230,0.094251,0.053102
0.123323,-0.012565,-0.005668
0.052135,0.086084,0.010423
0.036456,0.071702,0.076728
-0.002105,0.076678,0.019932
0.061750,0.033680,-0.020318
0.114504,0.105794,0.015217
0.054275,0.037761,-0.031317
0.051879,0.025482,0.040631
0.061161,0.085106,0.053243
0.015973,0.022610,-0.037172
-0.033220,0.122658,0.050048
0.062041,-0.003623,0.022680
-0.018151,0.045328,-0.045564
-0.051166,0.079870,0.034226
0.076508,0.128920,0.134889
0.065172,0.070328,0.064668
-0.007541,0.028659,0.068416
0.077377,-0.003877,0.054221
-0.032143,0.040324,-0.019530
0.029428,0.109380,0.069607
0.029987,0.048622,0.016047
0.021791,0.023823,-0.019389
0.064101,0.168899,-0.021966
0.032085,0.075774,-0.001952
-0.017422,0.068582,0.025211
0.030286,0.061384,0.057669
0.084847,0.029524,-0.035378
0.021785,0.053665,-0.039356
0.027898,0.008388,0.062174
-0.000648,0.012639,0.036307
0.043823,0.027895,0.006280
0.005469,-0.015304,-0.079109
0.019804,0.083251,0.034091
0.020521,0.041774,0.011835
0.005145,0.019265,0.012847
0.011501,0.060814,0.040696
0.087202,0.074484,0.027524
0.051251,0.031499,0.094870
0.030294,0.079140,0.030395
0.087579,-0.001563,0.025391
0.060855,-0.016899,-0.047723
0.047052,0.037798,0.049664
-0.012561,0.043459,-0.018145
-0.010925,0.001289,-0.022901
0.015501,0.115069,-0.011176
0.025490,0.049710,-0.088071
0.071790,-0.000642,-0.005620
-0.030678,0.062642,0.011415
0.019097,-0.004542,0.021813
0.013085,0.048399,-0.034488
0.018219,-0.015385,0.020350
0.026927,0.046620,-0.016437
0.093447,0.101716,0.034746
0.011663,-0.014028,-0.001948
-0.000474,0.119627,-0.022499
-0.012805,0.013968,-0.027597
0.017689,0.049352,0.020399
0.013799,-0.097384,0.000649
0.039278,-0.022760,0.025977
0.105053,0.010660,0.031954
0.010161,0.062968,-0.003770
-0.008592,0.008840,0.014079
-0.007557,0.026726,-0.089058
0.056775,0.002029,-0.010859
0.040926,-0.018729,0.006962
0.086083,0.058798,0.101622
0.096123,0.044440,0.041400
0.047575,0.108120,0.021370
0.092186,-0.053000,-0.013087
-0.019503,0.100291,0.007063
-0.060115,0.084438,-0.085190
0.052985,0.045190,0.025113
-0.000722,0.072199,0.022279
0.019592,-0.085601,0.071003
0.071895,-0.031335,-0.011944
0.015127,0.078537,0.001516
0.014379,0.057164,0.044982
0.097580,-0.015380,0.050444
-0.039007,-0.046826,0.028782
0.025044,-0.004848,0.017662
-0.014270,0.109850,0.053151
0.039036,0.079594,-0.087605
0.061044,0.010692,0.003893
0.001523,0.051877,-0.048575
-0.004818,-0.012218,0.023097
-0.062542,0.009132,-0.033526
0.041820,0.067005,0.131842
0.040722,0.067706,-0.040111
0.050822,0.022919,-0.078962
-0.017172,-0.069591,-0.004295
0.007125,0.014793,-0.004441
0.058196,-0.041962,-0.064130
0.041945,0.022466,-0.037084
-0.075501,0.043238,-0.010562
0.000788,-0.010656,0.011204
-0.001175,0.040372,0.013805
-0.043439,0.117168,0.104357
0.077007,0.028254,-0.039058
0.033613,-0.033499,-0.006597
0.007059,0.058433,-0.012989
0.094503,0.035272,-0.005516
0.027336,0.068024,0.025674
0.125340,0.034656,-0.020399
-0.024818,0.054581,0.075295
0.021622,0.033482,0.001256
0.056316,0.052009,0.057234
0.036850,0.041650,0.066460
-0.096486,0.003511,-0.036867
-0.016118,0.016548,0.046935
0.029986,0.042907,-0.036594
0.014245,0.033026,-0.025866
-0.027241,-0.057597,-0.027913
-0.003418,0.002450,-0.107467
-0.022860,0.028908,-0.033398
-0.000477,0.023345,-0.001620
0.030103,0.025865,0.009353
0.011208,0.046264,0.106416
0.026297,-0.076194,0.081419
0.013942,0.073077,0.035355
0.044606,0.040360,0.011669
0.084882,0.033980,0.020389
0.042357,0.063897,-0.026509
0.111865,0.002245,-0.034955
0.017901,0.009196,0.016495
0.006619,0.035427,-0.038321
0.053163,0.007554,-0.030140
0.013816,0.010583,-0.063975
-0.016592,0.001190,0.000579
0.006890,0.017871,-0.012489
0.072249,0.068336,0.012006
0.032466,0.042774,-0.020973
-0.012534,-0.043508,0.056079
0.128728,0.022161,0.016735
0.110717,0.075184,-0.026745
0.064456,0.049651,-0.043804
0.015021,0.039703,0.018611
-0.051978,-0.009684,0.014705
0.028205,-0.043703,-0.031665
-0.020886,0.005419,0.012746
0.043720,0.058605,-0.005710
0.069742,0.019484,0.009406
0.010808,0.025301,0.004107
0.009021,0.037279,-0.001276
-0.043907,0.023140,-0.044976
0.028295,0.129318,0.036057
0.056015,-0.016792,-0.111047
-0.020632,0.020036,-0.006117
0.034614,-0.000588,-0.066579
-0.017594,0.027314,-0.004719
0.021469,0.027449,-0.028507
-0.001432,-0.043998,0.022486
0.000818,-0.042454,-0.015496
0.074047,-0.047420,0.007116
0.012602,0.091826,0.000957
0.046413,0.068469,-0.015936
0.026998,0.117459,0.003242
0.047840,0.031110,-0.044589
0.033555,0.053536,0.023683
0.041212,0.043912,0.077630
0.086314,0.009353,-0.003460
-0.078296,0.009692,0.078579
0.068970,-0.029613,-0.005890
0.006223,0.040379,-0.047001
0.013385,-0.090178,0.013115
0.029390,-0.000118,-0.020678
0.053442,0.051177,-0.024036
0.027319,0.077734,0.094057
0.034522,0.010460,0.026070
0.083828,0.002910,0.091873
-0.051773,0.026180,-0.043135
-0.077772,0.026883,0.053454
0.082475,0.074964,-0.040691
0.094449,0.051092,0.025211
-0.038033,-0.080636,-0.021487
0.068982,-0.022921,0.071798
0.022886,-0.056667,-0.037977
0.000373,-0.019759,0.115342
0.040586,0.053028,0.062486
-0.003216,0.036677,0.000732
0.034581,0.103126,-0.008496
-0.073231,0.002691,0.016566
-0.049947,0.038662,-0.035942
0.004416,0.022268,0.065113
-0.011714,-0.010671,0.064432
-0.050780,-0.012483,-0.032420
0.002007,0.010706,0.104975
-0.008965,0.038259,-0.002742
-0.030799,-0.003985,-0.018671
0.033028,-0.004488,-0.024542
0.037372,0.048282,-0.003612
0.037531,0.039565,-0.077445
-0.012202,-0.014929,-0.059548
0.069970,0.004856,0.015524
0.048399,0.064639,0.018325
-0.034655,0.081762,-0.006805
0.076995,0.041489,0.048710
0.015489,0.049934,-0.001096
0.019433,0.067328,0.018960
0.104812,-0.031512,0.002147
0.086455,0.017656,0.028467
0.064282,0.046096,0.039888
0.024345,0.054815,0.074338
-0.016885,0.003512,-0.035387
-0.009348,-0.061275,-0.081079
0.056947,-0.021086,-0.006517
0.023029,0.112645,-0.000653
0.076641,-0.037123,0.009851
-0.037509,0.023961,0.052746
-0.002061,0.051372,-0.062199
0.025412,0.077626,0.005841
-0.020399,0.067901,0.042330
0.084664,-0.017615,0.029509
-0.033992,0.037063,0.002627
0.074027,-0.063242,-0.058481
0.006851,0.042062,0.018063
0.026808,-0.048706,-0.059076
-0.003514,0.017601,0.096310
-0.028717,0.025063,0.032095
-0.021649,0.042671,-0.006297
0.002592,0.023240,-0.020189
-0.017833,-0.036107,-0.061736
0.010981,0.039306,-0.034915
-0.018908,0.032747,-0.007428
-0.015177,0.065859,-0.072732
-0.022087,0.079038,0.056763
0.040913,-0.016074,-0.059948
-0.036247,0.011584,0.002045
0.061204,-0.009918,0.047166
0.044936,0.043926,0.042683
-0.035409,0.038039,0.062522
0.026236,-0.016552,0.011171
0.003829,0.108719,-0.080436
0.044138,-0.041087,-0.091493
0.007705,-0.016938,-0.003659
-0.041727,-0.030632,0.011558
-0.041678,0.014950,0.011459
-0.001138,0.055362,0.052516
0.021441,0.083105,0.008122
0.031823,0.065023,-0.039664
0.043243,-0.064020,-0.040577
0.028001,0.026565,0.051714
0.004829,0.078666,0.043797
0.130985,0.046574,0.019549
0.052502,0.030585,-0.002691
-0.063108,-0.019023,0.014419
-0.081189,0.028247,0.005412
-0.011984,0.053082,-0.083200
-0.030061,0.129751,0.022827
-0.022503,0.002641,0.075362
0.030053,0.053595,-0.013494
0.057714,-0.015805,-0.017947
0.079146,-0.021975,-0.049479
0.086554,-0.003648,0.016061
-0.110242,0.037115,-0.025115
-0.021377,0.082974,0.039806
0.001814,0.039406,0.125373
0.062918,-0.008129,-0.018476
-0.040295,-0.010113,-0.062914
-0.013900,-0.015496,-0.002638
-0.025474,-0.065847,0.001706
0.047804,-0.029046,-0.045289
0.050631,0.031936,0.013595
0.022762,0.001228,-0.091709
0.010208,0.021555,-0.026991
0.039109,0.017060,-0.024185
-0.044263,-0.039521,0.085175
-0.041034,0.101052,0.013415
-0.026358,0.030223,-0.028010
0.008143,0.027678,-0.024006
0.025755,0.008369,0.078443
-0.010037,0.008530,-0.097396
0.015155,0.019989,0.044474
-0.020557,0.048911,0.053447
0.061567,-0.070337,-0.017826
0.009905,0.038534,-0.031731
-0.036822,0.020682,0.027148
0.006924,0.020054,-0.058055
-0.025961,0.040551,0.021475
0.028176,-0.006803,-0.027072
0.050765,0.064137,0.065496
-0.004923,0.028221,-0.037115
0.015292,0.052544,-0.005758
-0.008478,0.087092,-0.036136
0.034159,0.038443,-0.058833
0.005225,0.052111,0.017088
-0.025536,0.053851,0.017405
-0.031323,-0.038933,0.032369
0.039749,-0.015822,0.008347
-0.009062,0.055784,-0.019709
0.021964,0.031451,0.029833
-0.003905,-0.057802,-0.041333
0.003744,0.051306,0.030888
-0.012425,0.012610,-0.017302
-0.009820,0.010009,-0.036183
-0.063803,0.031750,-0.044530
-0.012230,0.044588,-0.037299
-0.033056,0.023021,0.022018
-0.004193,0.010354,-0.045803
0.006535,-0.016512,-0.047035
0.001967,-0.024082,0.006948
0.003742,-0.014526,-0.034388
-0.002842,-0.042873,-0.007383
-0.050929,0.030530,-0.042921
0.039383,-0.008331,0.008308
-0.005668,-0.068562,-0.011215
0.038322,-0.014243,0.047352
-0.043815,-0.015697,-0.057490
0.039555,0.065948,0.017559
-0.019784,-0.035787,-0.000404
-0.027203,-0.049701,0.093319
-0.048665,0.025006,0.010849
-0.013915,-0.104914,0.049865
-0.045129,0.099087,0.065246
0.021555,0.088318,-0.026732
0.047202,-0.011930,-0.020905
0.011126,0.007579,0.060233
-0.021711,-0.041534,0.002689
0.024622,-0.044686,0.013180
-0.002916,-0.021392,0.054373
0.061402,0.061624,-0.014872
0.002569,-0.008922,-0.027539
-0.096084,0.096401,-0.022851
-0.003672,-0.022749,0.022517
0.006851,0.076393,0.035980
0.029967,0.031061,-0.011175
0.028622,-0.019095,0.036888
0.034971,-0.024711,0.023285
0.009485,0.020472,-0.053104
-0.026928,-0.007578,0.081656
-0.053037,-0.031701,-0.043825
-0.013511,0.074291,-0.008464
-0.034960,-0.000532,0.050923
0.050043,-0.032442,-0.074532
0.019943,0.036099,0.063620
-0.062315,-0.016541,-0.033759
-0.009352,0.003887,0.044013
-0.027447,0.011299,-0.050937
0.024062,-0.036739,0.043673
0.025717,0.012580,0.031908
0.056075,0.027360,-0.014011
-0.015092,-0.034468,0.012373
-0.060136,0.065003,-0.042481
0.013519,0.064916,0.022491
0.060114,0.024734,-0.035838
0.033080,-0.052068,0.020409
-0.024056,0.040167,-0.006223
-0.002567,0.024047,-0.033015
-0.067920,-0.058260,0.043937
-0.030039,0.001035,-0.070424
0.060519,-0.013999,-0.096365
-0.051110,-0.009023,0.052097
-0.051869,0.055987,-0.042370
0.006486,0.005787,0.010638
0.021202,-0.060467,-0.040000
0.037014,0.048742,-0.038701
0.018170,0.029945,-0.061918
-0.033978,0.100224,-0.046156
-0.011886,0.001519,0.044672
0.046453,-0.011449,0.002021
0.007073,0.006460,-0.024511
0.108932,0.067445,0.045565
0.056259,-0.053808,-0.017499
-0.040216,-0.051724,0.057997
-0.043971,-0.032838,0.020692
0.038813,0.063401,-0.091688
-0.033457,0.065934,-0.003035
-0.013851,0.077774,0.068318
0.039857,0.011345,-0.048946
0.057217,-0.019602,-0.028089
0.052735,0.017364,-0.018953
0.052497,-0.047054,0.040622
0.053960,0.034406,0.055137
0.019552,0.029683,-0.017958
0.022481,0.054014,-0.065273
0.090724,0.066114,0.010463
0.085553,0.043411,-0.026433
0.061062,0.074001,0.040133
0.046340,0.043431,0.010334
0.010916,-0.002690,0.004935
-0.051938,0.032596,0.042263
0.037671,0.080404,0.052182
0.037715,0.044162,0.058108
0.070944,0.027131,0.042645
-0.014153,-0.038154,-0.009065
-0.027748,-0.012069,0.068191
-0.017438,0.006031,0.064903
0.052597,0.017161,0.021134
-0.063213,0.048903,0.044702
0.014296,0.041913,0.004365
0.031937,-0.020960,-0.014307
-0.008876,0.009996,0.036346
0.038185,0.013227,-0.003031
0.041210,0.048190,-0.001865
0.028383,-0.020068,0.073262
-0.025528,0.016534,0.059903
-0.053201,0.076717,-0.066849
-0.015365,0.015305,0.006165
0.031650,-0.003080,0.033552
0.015592,0.031695,-0.102788
-0.013628,-0.037778,-0.049071
-0.032956,0.037265,-0.015903
0.066277,0.003960,0.009768
0.043166,-0.015080,0.054735
-0.058321,-0.018019,0.004328
0.078682,0.031643,-0.012660
-0.001159,-0.010066,-0.001028
-0.016410,-0.083443,0.009741
-0.041814,-0.030838,-0.006854
0.049016,-0.009134,0.017071
0.077008,0.046966,-0.046505
0.035839,-0.020589,0.010380
0.050099,0.085589,-0.016533
0.008021,-0.015428,-0.013290
-0.015603,0.064362,0.045720
-0.033602,0.002450,0.001935
0.032983,0.047226,-0.033793
0.016497,-0.045249,0.046228
0.053587,-0.010991,0.046966
0.023585,0.014009,-0.008439
-0.028955,0.064184,-0.007488
0.026349,0.002967,0.021189
0.038582,-0.022549,-0.009868
-0.030549,0.002073,-0.026492
-0.015918,0.085203,0.079791
-0.034670,0.018551,-0.005293
-0.003468,-0.044907,0.014468
-0.024256,-0.002081,0.034414
0.008005,-0.011932,0.049554
0.012435,-0.052241,0.020009
-0.099906,0.016030,-0.034771
0.017799,-0.109071,0.052512
0.006500,0.058698,-0.003266
0.020865,-0.026052,0.027814
0.022197,0.019749,-0.015014
0.012327,-0.021096,-0.074164
0.058770,-0.021855,0.006033
-0.050627,-0.047718,0.034832
0.011288,0.038320,0.007511
0.035997,-0.013881,0.010173
0.018437,0.074950,0.039272
-0.082142,0.063015,-0.031996
-0.012700,0.023044,0.022283
-0.022504,0.004327,0.036269
0.019863,0.018917,-0.055471
-0.018589,0.054355,-0.033273
0.062503,0.044117,-0.038489
-0.008778,0.032017,-0.002400
0.038582,-0.036900,-0.076982
-0.023258,0.023603,0.013423
0.041955,-0.008229,-0.065663
0.040681,0.067381,0.022366
-0.077856,0.078384,-0.002912
0.044068,0.005228,0.009017
-0.037328,0.007298,-0.004246
-0.055302,-0.052058,-0.005582
0.007505,-0.067559,-0.060624
-0.046890,0.003504,0.083253
0.022437,-0.003579,-0.013410
-0.048658,0.021685,0.051731
-0.028376,0.096744,-0.073670
-0.048059,-0.059938,0.066363
-0.007415,0.000239,0.084106
0.057462,-0.052473,-0.020209
-0.034262,0.027318,0.023286
-0.006228,0.011040,0.001846
-0.005583,0.026068,-0.018901
0.068461,-0.046289,-0.035393
0.049137,-0.023736,0.089807
0.014055,-0.013253,0.094916
0.017492,-0.005626,-0.012398
0.035274,-0.039591,0.040419
0.015988,0.088823,0.080948
-0.045259,0.044064,-0.014874
-0.048824,0.053264,-0.021769
-0.046498,0.025453,0.010738
-0.023711,0.069539,0.029109
0.002134,0.020003,0.031361
0.029524,0.034146,0.005434
0.087049,0.029361,0.064342
-0.016593,0.129999,0.035297
-0.012127,0.015854,-0.016037
0.118059,0.001110,-0.010872
0.041304,0.038604,-0.070741
-0.009265,-0.003983,0.019379
0.050993,-0.007040,-0.021396
0.017690,0.011269,0.014883
-0.009492,0.002755,0.049108
-0.069822,0.034657,0.000699
-0.050593,-0.056696,0.020753
-0.000054,-0.002743,-0.058987
-0.046582,-0.023825,-0.019174
0.021684,0.025981,0.027039
-0.019378,-0.003568,-0.011053
0.082179,0.037016,0.029029
-0.018407,0.054178,-0.024599
0.017074,-0.023733,0.069803
-0.049451,0.014684,0.060255
-0.036742,0.003058,-0.038314
0.018195,0.084863,-0.038937
0.009305,-0.054464,0.021477
-0.001318,0.006656,0.002245
0.034189,-0.017284,-0.000334
0.019333,0.008154,-0.011012
-0.024005,0.061581,-0.013326
-0.067167,0.044459,0.021410
-0.042899,-0.035468,-0.069783
-0.056079,-0.010296,-0.065108
0.000242,0.043511,0.036581
-0.051475,0.023796,0.014629
-0.032459,0.060582,0.060497
-0.014655,-0.059322,-0.010958
0.058158,-0.024326,0.043372
-0.029901,0.021588,0.051307
-0.041392,0.016351,-0.021412
-0.039990,0.043734,-0.026266
0.001773,0.006212,0.050004
0.053664,-0.005395,0.068982
0.008274,0.022775,0.032087
0.013404,0.075100,-0.005509
0.004653,0.010784,0.075473
-0.019971,0.067187,0.058291
-0.116632,0.026158,0.027480
-0.030212,-0.029366,0.000190
0.027916,-0.050387,-0.013328
-0.093283,-0.006884,-0.010288
-0.032849,0.003336,-0.004233
0.033940,0.043359,-0.065248
-0.054225,-0.026557,0.031849
-0.001227,0.008896,0.009075
-0.120364,-0.030258,-0.016617
-0.098009,-0.022367,-0.030126
0.013084,0.035623,0.007877
-0.044613,0.076129,-0.028625
0.048875,0.029348,0.074074
-0.030604,-0.016162,-0.035590
-0.024361,-0.012010,-0.023700
0.009198,0.006217,0.072829
-0.038057,0.020102,0.012733
0.002494,0.003621,-0.005858
-0.001079,-0.099986,0.023548
0.021039,-0.026318,-0.013944
-0.009000,0.001734,0.024764
0.032078,0.008626,0.044482
-0.019619,0.032072,-0.051727
0.074150,0.015232,-0.026501
-0.064892,0.055458,-0.049365
0.017802,-0.045789,0.025133
-0.027497,0.036907,-0.034008
-0.015232,0.024015,0.017462
0.033289,-0.028673,-0.002862
0.089904,-0.004194,-0.021738
-0.041176,-0.066449,0.032154
0.003903,0.011287,0.013213
0.011658,0.067639,-0.046949
-0.034783,0.009617,0.031256
-0.037470,0.024127,-0.064077
0.085290,0.005592,0.042067
0.017233,0.047591,0.010449
0.026666,0.035345,0.009054
0.086018,0.027426,0.041906
0.060433,-0.063751,0.059808
-0.064290,0.002606,0.023904
0.050858,-0.076370,-0.031008
0.027561,0.004069,-0.083505
-0.011758,0.040105,-0.016614
0.074712,-0.036293,0.009579
0.032707,0.058216,0.041363
0.004920,-0.081961,-0.010582
0.031009,0.043599,-0.121452
0.009629,-0.022650,-0.022343
-0.011481,0.029628,0.016439
-0.036023,-0.034186,0.035093
0.027148,0.018381,-0.017299
-0.005704,-0.018952,-0.014885
-0.026193,-0.020024,0.031759
-0.070946,-0.073081,0.057982
0.083329,-0.085644,0.006403
-0.022929,0.016349,0.026923
-0.007075,0.023344,0.022782
0.064579,-0.017412,0.009026
-0.023109,0.020627,-0.022629
-0.032680,-0.001132,0.027524
-0.021263,0.012859,0.033037
-0.033864,-0.023617,0.060905
-0.005552,0.027935,-0.039941
-0.004056,0.064237,-0.035712
0.014637,-0.036152,0.006572
0.059820,0.062705,0.085979
0.004552,0.010515,-0.036191
-0.002381,0.009306,-0.074912
-0.005305,-0.049649,0.020374
0.037523,0.057361,0.013261
-0.015693,-0.002290,0.020218
0.017087,-0.011087,-0.041285
0.098787,0.002461,0.011239
-0.005690,-0.078465,0.009174
0.030048,-0.005840,-0.005442
-0.006961,-0.001790,-0.009781
-0.025039,0.010445,0.028590
0.029318,-0.063617,-0.007552
0.023693,0.035899,-0.028413
0.050889,-0.017620,-0.052200
0.038556,0.030796,-0.029871
-0.034329,-0.008356,0.007601
0.052152,0.117564,0.001821
0.085297,-0.024092,-0.030423
-0.062545,0.066180,-0.031940
0.035330,-0.027851,0.005977
-0.009584,-0.014881,-0.055038
-0.067316,0.100802,0.059636
0.076036,-0.033382,0.048494
0.022270,-0.018720,0.041945
-0.012573,0.033299,-0.016848
0.620636,-0.263540,0.083137
1.175036,-0.623365,0.113588
1.704272,-0.815984,0.120994
2.143822,-1.039137,0.288551
2.533513,-1.243695,0.229034
2.902579,-1.508979,0.308453
3.239709,-1.597767,0.352704
3.556074,-1.717149,0.401455
3.842373,-1.827735,0.411626
4.119270,-1.963663,0.421444
4.284350,-2.059622,0.426662
4.457020,-2.246471,0.425961
4.698038,-2.251462,0.480484
4.889989,-2.312882,0.470020
4.993992,-2.448013,0.489443
5.113770,-2.454648,0.525967
5.195921,-2.523123,0.516069
5.297682,-2.656769,0.665556
5.390026,-2.634065,0.575262
5.492437,-2.705032,0.522302
5.564945,-2.634295,0.573322
5.680023,-2.697822,0.636127
5.680076,-2.755077,0.614905
5.712777,-2.748855,0.556707
5.848769,-2.801540,0.613230
5.814381,-2.845951,0.596367
5.888345,-2.872255,0.577649
5.936067,-2.907119,0.657416
5.983516,-2.871453,0.703723
6.056639,-2.951423,0.624070
6.083674,-2.892579,0.655831
6.051228,-2.941703,0.630965
6.151390,-2.936854,0.695770
6.130653,-3.024710,0.729046
6.128405,-2.963316,0.651558
6.173182,-3.003264,0.699196
6.140021,-2.941837,0.675689
6.102901,-3.007516,0.743600
6.136722,-3.007078,0.787776
6.168848,-3.032171,0.637487
6.237260,-3.016693,0.731536
6.168216,-2.949018,0.739691
6.185776,-2.928546,0.729202
6.158627,-2.921102,0.747764
6.221036,-2.891070,0.726244
6.185934,-3.014658,0.718722
6.250988,-3.044154,0.797959
6.131514,-3.037695,0.745173
6.245336,-2.982504,0.740089
6.219552,-2.953844,0.804511
6.218742,-3.037708,0.726220
6.232752,-2.962622,0.763558
6.216058,-3.006160,0.764571
6.226188,-3.117867,0.839406
6.199009,-3.019104,0.698766
6.269820,-2.978490,0.781773
6.218717,-2.985596,0.817470
6.249933,-3.037039,0.808406
6.256788,-3.003319,0.780583
6.194615,-3.039861,0.853077
6.248205,-3.016876,0.724914
6.243873,-3.028789,0.845735
6.236841,-3.076753,0.830319
6.261386,-2.994220,0.816337
6.227319,-3.063462,0.811042
6.243752,-2.924162,0.803628
6.214032,-3.008006,0.823409
6.268577,-2.996875,0.823393
6.290130,-3.028255,0.818484
6.282362,-3.050421,0.872719
6.219771,-3.018493,0.900363
6.233221,-3.042694,0.904800
6.242097,-3.016152,0.851768
6.161501,-3.030363,0.907033
6.286236,-3.100836,0.843188
6.225839,-3.012005,0.732288
6.230305,-3.002101,0.855080
6.264261,-3.010284,0.850469
6.300196,-2.939515,0.886128
6.272776,-3.010211,0.818720
6.241800,-3.060089,0.850662
6.220720,-2.971316,0.852074
6.287151,-2.958446,0.804492
6.327179,-3.004364,0.929014
6.284880,-2.885064,0.852113
6.336658,-2.958410,0.858569
6.225654,-2.933538,0.934864
6.229306,-2.970164,0.915187
6.278041,-3.025064,0.906322
6.288426,-2.921686,0.916794
6.247641,-3.010232,0.916508
6.273631,-3.057713,0.919962
6.224165,-3.027359,0.930074
6.261805,-2.954483,0.868959
6.311995,-2.942581,0.937572
6.264516,-2.989086,0.944067
6.318487,-2.997173,1.020363
6.294734,-2.969909,0.885479
6.300865,-2.913088,0.937638
6.278845,-3.028391,0.880997
6.317277,-3.027122,0.868445
6.223382,-3.006701,0.944442
6.315747,-2.906935,0.952364
6.197467,-2.982702,0.928462
6.292351,-2.928938,0.952191
6.259932,-2.966322,0.933567
6.306080,-2.915430,0.959003
6.211777,-2.939043,0.905053
6.317865,-2.952111,0.915879
6.261643,-2.958469,1.016373
6.272030,-2.854532,0.972342
6.351547,-2.937702,0.961179
6.223726,-2.941349,0.966552
6.232256,-2.959300,0.977295
6.277065,-2.892433,1.051037
6.311716,-2.969337,1.003286
6.313470,-2.905550,0.945486
6.276584,-2.967500,0.975875
6.239260,-2.948180,0.984192
6.306387,-3.008051,0.992561
6.218859,-2.926480,0.994432
6.272887,-2.917749,0.954840
6.302430,-2.944645,0.915244
6.355999,-2.955385,0.992355
6.316798,-2.930202,0.974055
6.195869,-2.905862,1.107884
6.289422,-2.997528,1.063702
6.293401,-3.005512,0.998823
6.233597,-2.863309,1.119801
6.264382,-2.979920,1.093954
6.293656,-2.908125,1.026596
6.255235,-2.941226,1.070379
6.209468,-2.924495,1.080326
6.219348,-2.964370,1.045317
6.276822,-2.913946,1.027847
6.309861,-2.892558,1.041682
6.280581,-2.990777,1.017439
6.322428,-2.968921,1.081032
6.242634,-2.904223,1.037784
6.257468,-2.932768,1.057148
6.371665,-2.909771,1.124116
6.320526,-2.899437,1.038642
6.269237,-2.968444,1.136352
6.274839,-2.897534,1.045663
6.289551,-2.982757,1.014751
6.131672,-2.908909,1.054529
6.224711,-2.936409,1.117492
6.291343,-2.868986,1.055285
6.234096,-2.969264,1.111586
6.237109,-2.892893,1.021464
6.305447,-2.949610,1.001068
6.252143,-2.960937,1.072973
6.245339,-2.916244,1.065796
6.292955,-2.914635,1.101151
6.276174,-2.951855,1.143111
6.314595,-2.931187,1.052518
6.317788,-2.988481,1.043975
6.294098,-2.871989,1.080015
6.286888,-2.901173,1.042717
6.271842,-2.917989,1.149219
6.205980,-2.959711,1.084061
6.290203,-2.978288,1.161610
6.271731,-2.794573,1.147693
6.276686,-2.964188,1.098627
6.285787,-2.817111,1.145192
6.264474,-2.882777,1.171819
6.225914,-2.887568,1.157262
6.277893,-2.954644,1.103510
6.213114,-2.855303,1.136732
6.356061,-2.957550,1.164989
6.252413,-2.887505,1.133692
6.222283,-2.909018,1.124172
6.266865,-2.882690,1.125993
6.283300,-2.882307,1.196115
6.263052,-2.940105,1.227715
6.275304,-2.838113,1.172373
6.234675,-2.940522,1.241273
6.268773,-2.895418,1.155001
6.255726,-2.899629,1.188620
6.317193,-2.899170,1.166088
6.261346,-2.862605,1.163720
6.274034,-2.884691,1.234024
6.229989,-2.836938,1.178455
6.267976,-2.888973,1.122087
6.252784,-2.901644,1.241013
6.300457,-2.843456,1.248841
6.298979,-2.919160,1.219471
6.338867,-2.888054,1.306802
6.243728,-2.885713,1.261973
6.317217,-2.858850,1.206215
6.223201,-2.888612,1.151364
6.266215,-2.846964,1.183641
6.342895,-2.874125,1.272782
6.335419,-2.798342,1.280012
6.329692,-2.840120,1.213432
6.292863,-2.833550,1.196235
6.231316,-2.915967,1.238753
6.255047,-2.833592,1.290862
6.192432,-2.886405,1.179608
6.377605,-2.879887,1.260497
6.259680,-2.811150,1.254361
6.306217,-2.724205,1.215526
6.222248,-2.851713,1.274187
6.275575,-2.869485,1.371942
6.275574,-2.824874,1.262327
6.283258,-2.765484,1.305872
6.254541,-2.778043,1.275491
6.275031,-2.880492,1.291020
6.308755,-2.839718,1.273305
6.222379,-2.947187,1.310451
6.253745,-2.900305,1.258287
6.273676,-2.853725,1.289230
6.250933,-2.876125,1.227604
6.318972,-2.852593,1.298192
6.246747,-2.867767,1.351312
6.226681,-2.909704,1.299050
6.281003,-2.841677,1.287186
6.331693,-2.883815,1.388065
6.343841,-2.813226,1.311775
6.358492,-2.852002,1.293589
6.315429,-2.878709,1.253712
6.309578,-2.834378,1.330782
6.306882,-2.876810,1.346032
6.268789,-2.801385,1.371646
6.303795,-2.872238,1.355884
6.286601,-2.745942,1.296737
6.175593,-2.822195,1.390184
6.342225,-2.805072,1.353347
6.133993,-2.787584,1.339576
6.256545,-2.811724,1.306816
6.153216,-2.811032,1.358543
6.310587,-2.839638,1.357189
6.309391,-2.783940,1.368791
6.269258,-2.785101,1.300176
6.243811,-2.827567,1.421073
6.223995,-2.781398,1.349339
6.282892,-2.826363,1.291665
6.262013,-2.830723,1.367379
6.236362,-2.804786,1.400379
6.267564,-2.785325,1.398849
6.220853,-2.838159,1.445793
6.227078,-2.769116,1.417467
6.247023,-2.771442,1.340608
6.268450,-2.699390,1.402988
6.290877,-2.792654,1.401566
6.277813,-2.828240,1.413183
6.260227,-2.741320,1.407799
6.319256,-2.762977,1.376924
6.265182,-2.829877,1.418825
6.246710,-2.738653,1.416678
6.178063,-2.773112,1.483805
6.240455,-2.873814,1.371844
6.264405,-2.822789,1.378272
6.272433,-2.776639,1.480024
6.252967,-2.778152,1.423124
6.278056,-2.803575,1.382593
6.266573,-2.749701,1.444968
6.242612,-2.825104,1.376408
6.327685,-2.793176,1.515950
6.326609,-2.793544,1.363319
6.372273,-2.759105,1.371062
6.238488,-2.727388,1.496006
6.291642,-2.769746,1.439916
6.337584,-2.793905,1.391357
6.314019,-2.775357,1.388357
6.361605,-2.645033,1.395856
6.352752,-2.820588,1.449828
6.310712,-2.723200,1.459699
6.304312,-2.817181,1.454758
6.320268,-2.811482,1.445972
6.258387,-2.748470,1.368791
6.302359,-2.714053,1.463961
6.246903,-2.762129,1.478647
6.224134,-2.776960,1.485374
6.293043,-2.690613,1.461310
6.336425,-2.730442,1.510598
6.363109,-2.805185,1.467728
6.265228,-2.799302,1.423617
6.223578,-2.746357,1.483343
6.314153,-2.755386,1.491682
6.296285,-2.824838,1.476104
6.236901,-2.755190,1.447914
6.267946,-2.686891,1.544611
6.378354,-2.723388,1.488011
6.281813,-2.726671,1.527236
6.242707,-2.657807,1.475344
6.262477,-2.668572,1.489546
6.369375,-2.668193,1.494276
6.297380,-2.713931,1.497287
6.272112,-2.729301,1.459938
6.303923,-2.754973,1.495663
6.248622,-2.667476,1.416932
6.244568,-2.727925,1.564636
6.265956,-2.710983,1.558149
6.264318,-2.673375,1.553947
6.247053,-2.723320,1.613625
6.303627,-2.673102,1.551585
6.282774,-2.753993,1.516148
6.316170,-2.779024,1.518534
6.296230,-2.714172,1.572722
6.190565,-2.728597,1.554290
6.339001,-2.586521,1.601607
6.322497,-2.640715,1.570708
6.241873,-2.702162,1.677112
6.342773,-2.760492,1.567606
6.233853,-2.674258,1.459228
6.372564,-2.672828,1.564823
6.321118,-2.716628,1.615795
6.286528,-2.709144,1.559863
6.282990,-2.680359,1.572212
6.246388,-2.648400,1.557478
6.286163,-2.698078,1.557497
6.267678,-2.665037,1.596906
6.277681,-2.599062,1.711900
6.287399,-2.597172,1.687714
6.234189,-2.646048,1.651096
6.260423,-2.639531,1.601120
6.312996,-2.666420,1.627133
6.306629,-2.669660,1.592397
6.295917,-2.692183,1.594452
6.243780,-2.774783,1.622014
6.298535,-2.704354,1.684368
6.295411,-2.740340,1.647647
6.236217,-2.695031,1.577241
6.238152,-2.590841,1.602972
6.298176,-2.712297,1.619375
6.268702,-2.586395,1.598255
6.325024,-2.640792,1.549578
6.289455,-2.711959,1.587307
6.246899,-2.635967,1.638183
6.276201,-2.669349,1.629394
6.239992,-2.661720,1.621500
6.264878,-2.646764,1.609824
6.291960,-2.663756,1.648924
6.213173,-2.623379,1.664757
6.339535,-2.607059,1.655943
6.362186,-2.722581,1.640542
6.292661,-2.665731,1.661673
6.326121,-2.657104,1.756267
6.257961,-2.658530,1.684088
6.353825,-2.642191,1.755806
6.349219,-2.613620,1.655693
6.251189,-2.601673,1.720307
6.284404,-2.591672,1.650931
6.317364,-2.698989,1.702965
6.400977,-2.602971,1.664988
6.363600,-2.574962,1.671388
6.378315,-2.633527,1.700712
6.334255,-2.666920,1.645553
6.313823,-2.651958,1.649481
6.265992,-2.692040,1.756042
6.321825,-2.681190,1.704504
6.238143,-2.635803,1.693744
6.333858,-2.661999,1.651008
6.230469,-2.668343,1.776890
6.289097,-2.615961,1.709664
6.255496,-2.581960,1.761877
6.377024,-2.550790,1.706435
6.273779,-2.576541,1.769449
6.291409,-2.604524,1.718169
6.293722,-2.597454,1.753467
6.253598,-2.583432,1.665250
6.243990,-2.614113,1.648459
6.259375,-2.567488,1.730103
6.228998,-2.651125,1.756979
6.280683,-2.583142,1.752337
6.295334,-2.573914,1.825637
6.279667,-2.651703,1.810069
6.267882,-2.655242,1.781060
6.304122,-2.654645,1.756982
6.262433,-2.623129,1.778699
6.228264,-2.538510,1.803423
6.352033,-2.592381,1.815279
6.279435,-2.607414,1.767042
6.292352,-2.539920,1.851156
6.275785,-2.492897,1.735285
6.307275,-2.578836,1.749862
6.328585,-2.584668,1.766849
6.300889,-2.558911,1.878276
6.229397,-2.523406,1.815952
6.325703,-2.434008,1.835974
6.259518,-2.529304,1.726709
6.389126,-2.510638,1.774704
6.281490,-2.562422,1.747011
6.170006,-2.538243,1.768011
6.303882,-2.433492,1.801717
6.325339,-2.594720,1.899697
6.355260,-2.490408,1.813840
6.245674,-2.560475,1.841021
6.328965,-2.546460,1.828886
6.304655,-2.478905,1.817141
6.372648,-2.515687,1.745158
6.318254,-2.515688,1.837751
6.310477,-2.517619,1.806524
6.274064,-2.533429,1.778115
6.288549,-2.534915,1.872943
6.263111,-2.531850,1.782782
6.293395,-2.512561,1.804106
6.281829,-2.562832,1.846861
6.273911,-2.483893,1.760234
6.207426,-2.567372,1.852922
6.330358,-2.533665,1.826465
6.298112,-2.521920,1.810494
6.205445,-2.533063,1.736564
6.268634,-2.489197,1.835876
6.268570,-2.541880,1.825713
6.284127,-2.505839,1.867719
6.271067,-2.631341,1.849092
6.285435,-2.561309,1.815339
6.308093,-2.488416,1.852207
6.303496,-2.527979,1.863495
6.291654,-2.425139,1.916722
6.272358,-2.511287,1.924978
6.243062,-2.475838,1.832932
6.286887,-2.504236,1.893763
6.261783,-2.454739,1.879973
6.316905,-2.518587,1.837369
6.374422,-2.431234,1.855753
6.233283,-2.441577,1.969448
6.317522,-2.484906,1.855285
6.284907,-2.482889,1.938187
6.281088,-2.420584,1.960527
6.285327,-2.444245,1.952725
6.282605,-2.501682,1.981074
6.245150,-2.464509,1.842207
6.322033,-2.406031,1.935833
6.303475,-2.447158,1.959537
6.320995,-2.501843,1.958076
6.272057,-2.524519,1.850095
6.302201,-2.417002,1.884485
6.292293,-2.461965,1.914123
6.283965,-2.417660,1.946614
6.305540,-2.494375,1.943584
6.287969,-2.463105,1.923993
6.369194,-2.458851,1.842005
6.274286,-2.448575,1.992635
6.371987,-2.383625,1.913371
6.291756,-2.484423,1.997364
6.304682,-2.448770,1.943701
6.327354,-2.373997,1.991607
6.289081,-2.348115,1.953820
6.301897,-2.406897,1.977531
6.238125,-2.424492,1.982163
6.265335,-2.403097,2.017869
6.362885,-2.383472,2.005188
6.306068,-2.411110,1.941709
6.289942,-2.457494,1.951423
6.314531,-2.388817,1.997693
6.315634,-2.454493,2.019608
6.318686,-2.472445,1.965548
6.296671,-2.353236,1.928242
6.240116,-2.424522,1.976248
6.358299,-2.423204,1.903712
6.342807,-2.436199,1.972901
6.331077,-2.458715,2.039026
6.296507,-2.372334,1.972406
6.255349,-2.380216,2.022469
6.280418,-2.398835,2.019211
6.305035,-2.378039,1.959020
6.230210,-2.339454,2.027938
6.315769,-2.398523,1.979946
6.318480,-2.334682,2.018737
6.299683,-2.390268,1.949783
6.318466,-2.347912,1.992693
6.300382,-2.363735,1.944588
6.244603,-2.323332,2.023968
6.293209,-2.391964,1.931746
6.358121,-2.371712,2.027864
6.356760,-2.430420,2.025598
6.362694,-2.409818,1.966105
6.295729,-2.446168,1.959123
6.321161,-2.333431,2.024034
6.298948,-2.390251,2.055680
6.321983,-2.460100,2.054539
6.312646,-2.348822,2.032176
6.275570,-2.398962,2.094616
6.297826,-2.323247,2.020043
6.305033,-2.357498,2.031071
6.319884,-2.385214,2.110157
6.303681,-2.340821,2.021751
6.310701,-2.347871,2.008146
6.306372,-2.315230,2.010510
6.316068,-2.324549,2.125728
6.294364,-2.335597,2.021248
6.287381,-2.353769,2.075770
6.247676,-2.392138,2.074391
6.274041,-2.230432,2.093451
6.319714,-2.319072,2.028245
6.318856,-2.306061,2.051308
6.331416,-2.295016,2.063889
6.348386,-2.325741,2.065768
6.354284,-2.330453,2.073552
6.267344,-2.311786,2.164509
6.212539,-2.318208,2.133418
6.300508,-2.398370,2.096720
6.365731,-2.315412,2.082412
6.316764,-2.273313,2.058038
6.278879,-2.356231,2.041393
6.239815,-2.265056,2.064058
6.214133,-2.304355,2.025171
6.306108,-2.372694,2.119198
6.299193,-2.310880,2.069526
6.278209,-2.303413,2.178075
6.249630,-2.248102,2.168822
6.297981,-2.345997,2.177296
6.282509,-2.255206,2.093332
6.363884,-2.282825,2.099834
6.268007,-2.259935,2.138662
6.319523,-2.318490,2.178914
6.301971,-2.282289,2.120916
6.278309,-2.242131,2.224750
6.291571,-2.277028,2.106926
6.354056,-2.275880,2.170046
6.283571,-2.240024,2.040322
6.267923,-2.239828,2.087163
6.378079,-2.222600,2.205900
6.285252,-2.262217,2.132404
6.307124,-2.285524,2.141288
6.379117,-2.296780,2.130507
6.310191,-2.252697,2.166499
6.264934,-2.306489,2.187566
6.262289,-2.252146,2.170096
6.242653,-2.230422,2.086657
6.262938,-2.279200,2.125561
6.321766,-2.248946,2.168347
6.284042,-2.258311,2.164137
6.296367,-2.217793,2.162916
6.265173,-2.340175,2.204508
6.262057,-2.204548,2.169144
6.294486,-2.240914,2.123862
6.276554,-2.189935,2.161966
6.269618,-2.196445,2.166808
6.273040,-2.178387,2.168110
6.274415,-2.291310,2.178244
6.259010,-2.280186,2.257112
6.286697,-2.249474,2.191253
6.211820,-2.194195,2.120075
6.301793,-2.175324,2.169413
6.275061,-2.173309,2.155622
6.356848,-2.282516,2.247150
6.291601,-2.185723,2.226905
6.294332,-2.184805,2.170346
6.244257,-2.237539,2.214136
6.329785,-2.175645,2.192676
6.245185,-2.215231,2.188691
6.325656,-2.201266,2.181121
6.310931,-2.212674,2.281177
6.279761,-2.171214,2.257763
6.361436,-2.155847,2.232579
6.306485,-2.108679,2.178963
6.294801,-2.204011,2.237823
6.266918,-2.218440,2.195341
6.278733,-2.196718,2.237692
6.291301,-2.170381,2.276109
6.296254,-2.109942,2.157388
6.249267,-2.172642,2.308596
6.350260,-2.225315,2.202804
6.267902,-2.235053,2.228091
6.318468,-2.217548,2.205077
6.262780,-2.139596,2.252182
6.339990,-2.190421,2.178458
6.242802,-2.225300,2.223370
6.365044,-2.133378,2.310563
6.248238,-2.144871,2.279144
6.349615,-2.162088,2.234634
6.293821,-2.198743,2.249427
6.271142,-2.124336,2.196342
6.340076,-2.188667,2.298965
6.313569,-2.147713,2.264588
6.258929,-2.167983,2.279440
6.269318,-2.108606,2.242354
6.275665,-2.152469,2.244133
6.258550,-2.151980,2.296308
6.329848,-2.114459,2.280553
6.265826,-2.084131,2.286821
6.303237,-2.152633,2.182224
6.382538,-2.137175,2.255280
6.353601,-2.048326,2.270137
6.366198,-2.085398,2.325723
6.293353,-2.120763,2.326194
6.320730,-2.078649,2.340660
6.358306,-2.128051,2.324439
6.257340,-2.138072,2.235740
6.310113,-2.070510,2.233630
6.287551,-2.121412,2.274936
6.212172,-2.009051,2.264076
6.343226,-2.026733,2.240966
6.292555,-2.082331,2.303465
6.336326,-2.047660,2.431402
6.338326,-2.080172,2.325842
6.367338,-2.070942,2.315676
6.297666,-2.022505,2.371756
6.319421,-1.987589,2.263096
6.280206,-2.054910,2.388052
6.373751,-2.165048,2.247479
6.324540,-2.052762,2.324788
6.231297,-2.081563,2.352635
6.287467,-2.099947,2.283400
6.337105,-2.072879,2.292559
6.315346,-2.156475,2.355664
6.341583,-2.104336,2.391240
6.274837,-2.018181,2.332100
6.339063,-2.010956,2.361500
6.329254,-2.026695,2.332980
6.296314,-1.949144,2.336718
6.355207,-2.080558,2.305072
6.349704,-2.129528,2.365892
6.271151,-1.966455,2.366540
6.365195,-2.032289,2.402559
6.273917,-2.147379,2.299561
6.319361,-2.065461,2.393560
6.229338,-2.042618,2.373234
6.341560,-1.978117,2.360860
6.316115,-2.027491,2.421104
6.293868,-1.977592,2.350834
6.343423,-1.995885,2.339506
6.282147,-1.980695,2.393848
6.279536,-2.081845,2.431380
6.358289,-1.968991,2.456759
6.307821,-2.058980,2.316047
6.328292,-1.898328,2.411511
6.278246,-2.012839,2.362119
6.311511,-2.040156,2.314433
6.383577,-1.988012,2.371082
6.355899,-2.044647,2.378099
6.218509,-1.965185,2.364572
6.286187,-1.963730,2.415679
6.270038,-2.019522,2.409776
6.323306,-1.947148,2.368641
6.354838,-1.974156,2.331059
6.292832,-2.062152,2.465701
6.237353,-1.882215,2.323338
6.244827,-1.877271,2.341029
6.277167,-1.916134,2.466552
6.360017,-1.992512,2.436621
6.309779,-1.952813,2.425682
6.293545,-1.898049,2.479475
6.281155,-1.961806,2.452927
6.363758,-1.957718,2.425863
6.327675,-2.010305,2.425408
6.322216,-1.981065,2.400257
6.267663,-1.965870,2.412068
6.342010,-1.967524,2.433247
6.254993,-1.932520,2.426576
6.340145,-1.991453,2.451827
6.262500,-1.947813,2.476162
6.289696,-1.924461,2.365548
6.356978,-1.886862,2.473753
6.313235,-1.854924,2.394206
6.269817,-1.960127,2.418292
6.235005,-1.940929,2.399148
6.318791,-1.878741,2.473803
6.324519,-1.957935,2.472247
6.344392,-1.928912,2.542610
6.296883,-1.897116,2.427237
6.289621,-1.846267,2.408262
6.258683,-1.957022,2.466460
6.291312,-1.992408,2.521463
6.247108,-1.889869,2.426750
6.333584,-1.962049,2.496764
6.310239,-1.946288,2.528108
6.283251,-1.870238,2.457458
6.266768,-1.786136,2.475231
6.308277,-1.801157,2.538456
6.267250,-1.912928,2.415500
6.289531,-1.859879,2.484619
6.278791,-1.933467,2.439800
6.300137,-1.940369,2.463407
6.378113,-1.881666,2.580872
6.281949,-1.850417,2.498652
6.253174,-1.882823,2.502311
6.287912,-1.869657,2.434164
6.318940,-1.823569,2.514258
6.254867,-1.855119,2.498719
6.235470,-1.810904,2.478349
6.307168,-1.858189,2.460019
6.296133,-1.859950,2.521295
6.254003,-1.882984,2.491351
6.337503,-1.865838,2.472953
6.366576,-1.891372,2.557280
6.253484,-1.753946,2.544752
6.358210,-1.866473,2.490267
6.306543,-1.849069,2.571987
6.302390,-1.808139,2.595620
6.270381,-1.862551,2.507996
6.318719,-1.871858,2.428655
6.279634,-1.844120,2.482638
6.213551,-1.854000,2.597741
6.282744,-1.859966,2.516755
6.341275,-1.784742,2.524576
6.343138,-1.814785,2.517789
6.370442,-1.865408,2.513925
6.266418,-1.720147,2.567435
6.354166,-1.857278,2.544986
6.286835,-1.787966,2.535975
6.273792,-1.861200,2.577170
6.358867,-1.853354,2.549341
6.336016,-1.806191,2.468431
6.306270,-1.854001,2.524254
6.270375,-1.762505,2.512788
6.296039,-1.778628,2.578736
6.292860,-1.750382,2.593111
6.358985,-1.794644,2.569754
6.330988,-1.826044,2.565023
6.310426,-1.766424,2.469022
6.279676,-1.747058,2.576399
6.297087,-1.768914,2.560602
6.320500,-1.783718,2.540982
6.229383,-1.754634,2.580964
6.267150,-1.819908,2.509710
6.312113,-1.715138,2.610566
6.314635,-1.770891,2.540128
6.385899,-1.827932,2.528060
6.265357,-1.742042,2.620088
6.312828,-1.808449,2.553185
6.371054,-1.689141,2.593755
6.253451,-1.801918,2.516460
6.282292,-1.727125,2.607756
6.276971,-1.719634,2.576222
6.311514,-1.781402,2.638329
6.291573,-1.762797,2.688510
6.366440,-1.815561,2.502952
6.307191,-1.793591,2.611356
6.354618,-1.735053,2.690865
6.301850,-1.692846,2.691564
6.370416,-1.686864,2.615863
6.384524,-1.752091,2.515167
6.307162,-1.727306,2.548774
6.292441,-1.658456,2.612963
6.362843,-1.698476,2.613226
6.279888,-1.733300,2.582047
6.338557,-1.720120,2.635745
6.318332,-1.747181,2.619425
6.335863,-1.753013,2.644475
6.330609,-1.791607,2.573982
6.332199,-1.706618,2.529970
6.211912,-1.638697,2.620784
6.317849,-1.749410,2.576808
6.340113,-1.679107,2.601001
6.356654,-1.630915,2.577297
6.285197,-1.701301,2.635316
6.286943,-1.640272,2.635087
6.306817,-1.690904,2.655725
6.246275,-1.664038,2.629138
6.323130,-1.667925,2.623359
6.332428,-1.631530,2.615757
6.365975,-1.614235,2.637517
6.289194,-1.636176,2.691275
6.335319,-1.669122,2.578263
6.316386,-1.688030,2.621092
6.302400,-1.620308,2.669166
6.392280,-1.648071,2.689162
6.282826,-1.587397,2.590786
6.294810,-1.669672,2.622538
6.336436,-1.706638,2.635262
6.353028,-1.647895,2.602454
6.276807,-1.669115,2.618512
6.327272,-1.618028,2.631690
6.338154,-1.638199,2.634987
6.348008,-1.644384,2.665341
6.266493,-1.645508,2.688232
6.327602,-1.642675,2.628123
6.247407,-1.570193,2.661555
6.314632,-1.573543,2.697386
6.312970,-1.583831,2.701523
6.364604,-1.566341,2.665607
6.239842,-1.599123,2.720257
6.339718,-1.646998,2.675349
6.429056,-1.587175,2.737422
6.281014,-1.602959,2.690691
6.310841,-1.546624,2.666420
6.343009,-1.624615,2.690997
6.373962,-1.582853,2.702551
6.302946,-1.589276,2.681117
6.335091,-1.595685,2.675026
6.373268,-1.581572,2.660513
6.312654,-1.571417,2.662571
6.362759,-1.581760,2.683837
6.367866,-1.525308,2.687366
6.331053,-1.577557,2.646240
6.326003,-1.588070,2.724260
6.356291,-1.589385,2.709070
6.328522,-1.564439,2.724332
6.302563,-1.590449,2.764571
6.240826,-1.534555,2.669655
6.326324,-1.528332,2.746646
6.344483,-1.539862,2.751873
6.316825,-1.540328,2.754575
6.266429,-1.502382,2.706299
6.255025,-1.605873,2.701083
6.349133,-1.508806,2.710902
6.261850,-1.473119,2.636502
6.365231,-1.500148,2.680999
6.400661,-1.421056,2.757245
6.248063,-1.550835,2.659823
6.311802,-1.465369,2.686555
6.225841,-1.496451,2.688457
6.324550,-1.459857,2.682541
6.328132,-1.502426,2.787650
6.347005,-1.523710,2.741109
6.270671,-1.488917,2.740563
6.325292,-1.514753,2.726900
6.340400,-1.494584,2.793453
6.285881,-1.416273,2.787270
6.257056,-1.506167,2.828976
6.273153,-1.565624,2.626126
6.317463,-1.517999,2.757592
6.281721,-1.456711,2.725904
6.285188,-1.445257,2.696240
6.329083,-1.547182,2.748605
6.259623,-1.446097,2.808007
6.316583,-1.450069,2.752489
6.348188,-1.458271,2.698774
6.279375,-1.467337,2.738540
6.335831,-1.367760,2.721053
6.230264,-1.470517,2.808724
6.316992,-1.441224,2.699416
6.321469,-1.423968,2.759793
6.280751,-1.487085,2.780766
6.315416,-1.462053,2.774249
6.329916,-1.482548,2.764549
6.242635,-1.409140,2.880329
6.329990,-1.435295,2.712211
6.314163,-1.373728,2.784395
6.321644,-1.447369,2.736444
6.332719,-1.481542,2.739639
6.322726,-1.405369,2.740975
6.259843,-1.458308,2.765907
6.239943,-1.444622,2.766887
6.293800,-1.278968,2.776809
6.347364,-1.432601,2.835575
6.392914,-1.416359,2.767695
6.289165,-1.408839,2.694075
6.312922,-1.358441,2.737412
6.390193,-1.307717,2.823461
6.333527,-1.341375,2.746175
6.308819,-1.334712,2.824151
6.220748,-1.318167,2.772061
6.327556,-1.363637,2.801709
6.315447,-1.408228,2.808994
6.252332,-1.355447,2.775403
6.319640,-1.378957,2.863924
6.314541,-1.419133,2.796086
6.333316,-1.417884,2.773539
6.312459,-1.345662,2.822298
6.254442,-1.396738,2.837162
6.362793,-1.373047,2.809184
6.304237,-1.311434,2.790671
6.335327,-1.350209,2.879409
6.307206,-1.380997,2.798603
6.358436,-1.322883,2.774890
6.299140,-1.388820,2.802320
6.269306,-1.323779,2.805730
6.277106,-1.355241,2.779599
6.405359,-1.353248,2.874158
6.338114,-1.349670,2.862726
6.281599,-1.301844,2.782064
6.366960,-1.268680,2.828080
6.275397,-1.362508,2.825667
6.304758,-1.374452,2.761674
6.374080,-1.373645,2.904944
6.294447,-1.238487,2.895222
6.334477,-1.392625,2.846663
6.301970,-1.293601,2.777506
6.274245,-1.277543,2.820681
6.263538,-1.414741,2.772404
6.214963,-1.327070,2.870300
6.282307,-1.314498,2.800340
6.320407,-1.309254,2.819716
6.281288,-1.324810,2.828533
6.385339,-1.340122,2.862733
6.335793,-1.305071,2.886625
6.301482,-1.297696,2.825729
6.259467,-1.336612,2.813803
6.393834,-1.288740,2.885986
6.316353,-1.288033,2.810567
6.322574,-1.281962,2.828777
6.319239,-1.294946,2.887896
6.234471,-1.272546,2.844418
6.268221,-1.222815,2.875257
6.265917,-1.231171,2.849248
6.390559,-1.329493,2.910419
6.328924,-1.307744,2.889552
6.343363,-1.268687,2.808409
6.331008,-1.271879,2.802550
6.266396,-1.228444,2.817622
6.379353,-1.216117,2.842582
6.245854,-1.218526,2.910120
6.290639,-1.272024,2.875901
6.293751,-1.173623,2.814064
6.359038,-1.193525,2.873775
6.370926,-1.205237,2.890553
6.320690,-1.234321,2.936618
6.314627,-1.174705,2.800172
6.295013,-1.232763,2.872346
6.282816,-1.209274,2.834787
6.352622,-1.203858,2.916400
6.285803,-1.174931,2.982095
6.296177,-1.174925,2.742024
6.293424,-1.084290,2.958740
6.349404,-1.176925,2.801958
6.329376,-1.176553,2.855286
6.317264,-1.248200,2.921040
6.256185,-1.175713,2.958049
6.334424,-1.209363,2.923849
6.347200,-1.210336,2.879309
6.318146,-1.181261,2.903141
6.312889,-1.186796,2.796312
6.347392,-1.216495,2.827506
6.363257,-1.139916,2.904747
6.277445,-1.239126,2.869281
6.359986,-1.108199,2.932918
6.248954,-1.187027,2.861043
6.357359,-1.118135,2.911185
6.314888,-1.151899,2.856923
6.278812,-1.119245,2.883672
6.263954,-1.181273,2.821239
6.368904,-1.161599,2.890408
6.376844,-1.092049,2.968621
6.267282,-1.146763,2.924842
6.345621,-1.172302,2.832162
6.303129,-1.150436,2.926037
6.347917,-1.042524,2.894644
6.411136,-1.125108,2.984128
6.277506,-1.214352,2.926519
6.364560,-1.103950,2.844442
6.281834,-1.162791,2.924594
6.301184,-1.126832,2.955617
6.338720,-1.115808,2.872290
6.312430,-1.046171,2.952075
6.259607,-1.042199,2.861393
6.347507,-1.108566,2.950530
6.327703,-1.075010,2.903703
6.311276,-1.114035,2.923825
6.393278,-0.990490,2.952890
6.331374,-1.087501,2.932918
6.310901,-1.120350,2.922917
6.390124,-1.034991,2.850596
6.250548,-1.017508,2.926404
6.343069,-1.126567,2.946607
6.292460,-1.023836,2.851742
6.328096,-1.094337,2.943019
6.361438,-1.159290,2.936981
6.317862,-1.067171,2.853475
6.264458,-1.099377,2.942810
6.304158,-1.116198,2.933986
6.333140,-1.098005,2.976357
6.348007,-1.026535,2.967792
6.313384,-1.055642,2.923832
6.323174,-1.100196,2.895270
6.282960,-1.030854,2.902869
6.234747,-1.020978,2.949283
6.257844,-1.037759,2.988624
6.357102,-0.942341,2.950190
6.315119,-0.952080,2.985710
6.285185,-1.038990,3.011513
6.340659,-1.073982,3.009030
6.314216,-1.020992,2.959212
6.278579,-1.030554,2.931141
6.314483,-1.058538,2.902773
6.297242,-0.956382,2.967961
6.375739,-1.035086,2.983575
6.323712,-0.991599,2.975927
6.268050,-0.943895,2.969052
6.237956,-1.002553,2.959029
6.310471,-0.960919,2.913915
6.271444,-1.009388,2.897011
6.317991,-0.983093,2.953676
6.327769,-0.902683,2.945085
6.401281,-0.923093,2.899159
6.272498,-1.009012,2.872622
6.236802,-0.947749,3.015294
6.286101,-0.952625,3.025046
6.426076,-0.939022,2.988239
6.372590,-0.993307,2.878964
6.380180,-1.012164,2.941763
6.315813,-0.893885,2.961185
6.411630,-0.995322,2.966293
6.362094,-1.003960,2.941138
6.418176,-0.975145,3.014684
6.225481,-0.905264,2.963502
6.332656,-0.856400,3.001623
6.321884,-0.895405,3.046742
6.346379,-0.966247,3.013455
6.341161,-0.944595,2.961250
6.396582,-0.961643,2.954184
6.314032,-0.918219,2.961557
6.379235,-0.856513,2.980009
6.319799,-0.951433,3.027264
6.287444,-0.923618,2.986920
6.275326,-0.905832,3.026260
6.299845,-0.903152,2.951099
6.236603,-0.941345,2.967387
6.309520,-0.857491,3.003574
6.326261,-0.854330,2.944014
6.317155,-0.923864,3.000752
6.404004,-0.931093,3.004893
6.307306,-0.902581,2.906842
6.374140,-0.863151,2.996393
6.303514,-0.904518,3.042913
6.113173,-0.539663,2.837845
5.938444,-0.340130,2.659143
5.683686,-0.058918,2.572184
5.533239,0.198122,2.374077
5.368682,0.361253,2.124586
5.036339,0.545651,2.041930
4.869842,0.744011,1.970148
4.624758,0.863506,1.865617
4.435035,0.998581,1.772810
4.161172,1.119229,1.618447
3.861053,1.142270,1.638582
3.654566,1.354328,1.551727
3.472911,1.278278,1.444108
3.342364,1.449597,1.505459
3.131246,1.456426,1.399073
3.020671,1.559564,1.415312
2.932323,1.703232,1.354037
2.718813,1.717335,1.287053
2.682130,1.652747,1.219320
2.558138,1.745280,1.199322
2.549186,1.845904,1.179962
2.450585,1.718832,1.218868
2.273514,1.857143,1.086484
2.212873,1.842469,1.071991
2.191236,1.912288,1.027556
2.190673,1.915059,0.970595
2.111783,1.876606,1.039913
2.000534,1.906351,1.017893
2.018477,1.914602,1.010527
2.013489,1.988325,0.964343
1.868913,1.910836,0.981548
1.913628,1.922347,0.982468
1.863688,1.902811,0.936532
1.906121,1.993183,0.914210
1.774742,1.904671,0.904875
1.759815,1.926676,0.866701
1.762032,1.937248,0.918513
1.708174,1.899637,0.809281
1.691007,1.767100,0.927237
1.694430,1.942566,0.763276
1.619065,1.876127,0.880508
1.540421,1.954790,0.808959
1.652170,1.829407,0.840490
1.595394,1.840390,0.902532
1.604287,1.809007,0.856688
1.596636,1.874038,0.800542
1.608187,1.803167,0.898396
1.519132,1.752955,0.759728
1.571710,1.848254,0.808724
1.504204,1.868097,0.783218
1.539986,1.710508,0.779067
1.515900,1.882322,0.806412
1.548951,1.873240,0.813870
1.495044,1.788430,0.724831
1.376822,1.777458,0.773253
1.395806,1.842177,0.845247
1.547459,1.801289,0.742812
1.436785,1.798591,0.828480
1.364149,1.823665,0.781268
1.403911,1.738823,0.742224
1.424694,1.715797,0.657215
1.392064,1.732473,0.725591
1.339159,1.730925,0.770521
1.341885,1.757084,0.747746
1.401081,1.788236,0.762737
1.364299,1.785837,0.727032
1.394864,1.618752,0.732746
1.467023,1.747311,0.722632
1.378743,1.662148,0.683951
1.348505,1.672016,0.756230
1.394963,1.684555,0.775172
1.355749,1.708372,0.695777
1.364159,1.579661,0.657844
1.330045,1.681114,0.657195
1.349215,1.599097,0.676321
1.294330,1.607754,0.675486
1.212255,1.603807,0.688268
1.238665,1.607104,0.681909
1.235229,1.610493,0.646872
1.293763,1.552316,0.622594
1.211321,1.617429,0.741011
1.267342,1.540087,0.677949
1.189265,1.555905,0.751194
1.249808,1.522420,0.691689
1.270357,1.559553,0.542052
1.229963,1.552675,0.646097
1.254460,1.485682,0.627045
1.301402,1.530334,0.648351
1.153376,1.466844,0.689313
1.174657,1.500155,0.645916
1.133538,1.503059,0.642350
1.120534,1.562621,0.621341
1.108077,1.487050,0.635612
1.229008,1.516918,0.592398
1.194348,1.433591,0.681479
1.212855,1.443188,0.553257
1.162415,1.460825,0.566558
1.140333,1.457700,0.571006
1.209988,1.445367,0.575675
1.149606,1.428403,0.592806
1.164074,1.410592,0.622347
1.186346,1.376578,0.527866
1.108930,1.420434,0.551280
1.165647,1.378374,0.562666
1.087640,1.397457,0.575239
1.087249,1.462902,0.639950
1.108830,1.454992,0.536785
1.101434,1.373998,0.607977
1.139486,1.376328,0.575372
1.069846,1.391873,0.527256
1.059723,1.328532,0.530693
1.060525,1.306454,0.507023
1.128757,1.349608,0.565179
1.063165,1.258856,0.540619
1.016170,1.289650,0.549802
1.034045,1.345209,0.488241
1.022160,1.344084,0.503053
1.045208,1.271452,0.541340
1.023638,1.259838,0.558306
0.996389,1.278319,0.603567
1.042568,1.281696,0.596037
1.026419,1.344251,0.604096
0.984531,1.324560,0.487877
0.989862,1.198734,0.593172
1.053647,1.261292,0.544848
1.016649,1.291248,0.558305
0.933852,1.264702,0.510497
0.940080,1.223679,0.482802
0.961958,1.204832,0.511993
0.995461,1.210904,0.514312
0.951766,1.243823,0.439258
0.934898,1.167510,0.500943
0.889804,1.225571,0.572903
0.894243,1.225542,0.480170
0.956085,1.123139,0.480758
1.041951,1.180843,0.530430
0.932000,1.133660,0.496870
0.947836,1.171462,0.612839
0.935737,1.197311,0.467148
0.854790,1.168864,0.523268
0.872333,1.133690,0.468163
0.924106,1.150068,0.521699
0.941208,1.055309,0.456381
0.926388,1.165605,0.447031
0.914009,1.165954,0.522892
0.895269,1.083321,0.558831
0.916325,1.122149,0.430658
0.914364,1.147027,0.536153
0.801257,1.102106,0.463165
0.891786,1.086308,0.498977
0.941204,1.091296,0.477669
0.817770,1.051583,0.528702
0.909090,1.109573,0.440892
0.885508,1.183748,0.409726
0.864467,1.009764,0.440453
0.855123,1.015471,0.454454
0.809512,1.147810,0.426956
0.809383,1.001014,0.429555
0.795223,1.072696,0.439592
0.851578,1.170239,0.400531
0.775628,1.012176,0.421335
0.806722,1.068933,0.412248
0.811284,1.002054,0.389678
0.785643,1.029504,0.424238
0.824860,0.982201,0.383788
0.711645,0.972216,0.387005
0.853485,0.965883,0.436574
0.832428,0.973361,0.356447
0.832387,0.962163,0.458497
0.810744,1.004239,0.462948
0.858748,1.003329,0.432280
0.750561,1.052011,0.348766
0.757662,0.979273,0.423610
0.758821,0.976229,0.451074
0.738086,0.995698,0.433826
0.741559,0.967302,0.368541
0.767625,0.868130,0.392768
0.775371,0.978297,0.423460
0.850363,0.937535,0.427483
0.757848,0.945830,0.398332
0.726127,0.952975,0.471798
0.736778,0.960348,0.324776
0.804506,0.865574,0.395865
0.731688,0.895520,0.309591
0.767853,0.975810,0.415562
0.676175,0.928413,0.308601
0.667334,0.897637,0.386796
0.646883,0.949738,0.363904
0.724589,0.906530,0.314952
0.612464,0.968605,0.431273
0.700822,0.922685,0.353258
0.718925,0.874041,0.306762
0.675524,0.875853,0.289747
0.683232,0.854306,0.354738
0.686906,0.854735,0.361069
0.763586,0.796805,0.350739
0.713658,0.812099,0.320299
0.648673,0.798405,0.388521
0.689306,0.915209,0.317609
0.717156,0.877064,0.325582
0.700715,0.809863,0.340459
0.593930,0.825956,0.394334
0.657728,0.848319,0.365578
0.630362,0.838833,0.318651
0.618585,0.757369,0.386838
0.684670,0.823956,0.359881
0.669923,0.701184,0.297666
0.647429,0.785037,0.410471
0.659111,0.820851,0.404754
0.588661,0.809681,0.382579
0.551095,0.756618,0.338348
0.620806,0.759558,0.293173
0.626885,0.802869,0.322382
0.575673,0.817862,0.246488
0.586691,0.770118,0.374948
0.619010,0.796846,0.232465
0.680550,0.806263,0.315325
0.649149,0.756918,0.414588
0.549738,0.746922,0.334792
0.606149,0.793876,0.185013
0.613889,0.752147,0.346030
0.573346,0.759422,0.300669
0.562582,0.725592,0.306525
0.502057,0.786748,0.304489
0.525181,0.734460,0.354892
0.594870,0.732540,0.301817
0.612437,0.701619,0.304454
0.625307,0.751323,0.269548
0.584312,0.652538,0.333237
0.513902,0.708476,0.301664
0.671253,0.611320,0.284622
0.545817,0.756114,0.313287
0.582601,0.751846,0.279239
0.518554,0.715691,0.281105
0.600603,0.688240,0.249965
0.555788,0.740235,0.236791
0.573298,0.694443,0.290759
0.582689,0.746596,0.320730
0.555625,0.688176,0.299652
0.484066,0.698222,0.335405
0.543618,0.692468,0.309497
0.514716,0.650560,0.328312
0.564582,0.660370,0.200829
0.514535,0.721252,0.316758
0.582670,0.698094,0.332294
0.554519,0.625586,0.264072
0.520675,0.712430,0.261364
0.525704,0.572573,0.262922
0.520902,0.620182,0.250479
0.580196,0.715972,0.268947
0.470552,0.614572,0.206844
0.501002,0.637767,0.252974
0.472009,0.603238,0.269337
0.548457,0.624765,0.302004
0.469814,0.663340,0.293833
0.466463,0.622890,0.367687
0.458391,0.567807,0.246894
0.470984,0.559403,0.283750
0.429960,0.631255,0.309000
0.551439,0.725686,0.253695
0.539019,0.594088,0.271505
0.519692,0.650898,0.239019
0.551253,0.605391,0.245691
0.434253,0.597956,0.180500
0.440277,0.561900,0.168290
0.498557,0.592673,0.238011
0.495703,0.562566,0.278878
0.531759,0.639811,0.274797
0.483818,0.629698,0.184215
0.446290,0.548971,0.215138
0.461706,0.686055,0.254929
0.463088,0.539222,0.256551
0.504656,0.539529,0.294952
0.409773,0.555414,0.237379
0.398048,0.565117,0.209743
0.401951,0.614628,0.244843
0.443067,0.550835,0.191916
0.441489,0.624601,0.256102
0.435479,0.538440,0.202031
0.475107,0.557993,0.300914
0.420094,0.530498,0.322075
0.501713,0.513359,0.201061
0.417073,0.491074,0.213951
0.418704,0.529995,0.335516
0.399506,0.559490,0.189503
0.499543,0.522791,0.251400
0.456718,0.543217,0.215293
0.413967,0.472783,0.279494
0.394854,0.499309,0.166385
0.450543,0.582904,0.189732
0.384912,0.526772,0.160855
0.444598,0.547551,0.167639
0.351513,0.514901,0.246320
0.352747,0.521547,0.264974
0.416679,0.512288,0.265988
0.436006,0.476713,0.205010
0.426551,0.521418,0.216677
0.378617,0.511877,0.224138
0.415203,0.553075,0.217459
0.350970,0.435162,0.225498
0.455505,0.451332,0.315307
0.347602,0.520213,0.252803
0.397788,0.512331,0.187146
0.378657,0.549062,0.216837
0.417808,0.474902,0.153512
0.376701,0.460641,0.245466
0.391097,0.393097,0.178568
0.404352,0.474218,0.189738
0.337230,0.465072,0.236234
0.355894,0.513539,0.242450
0.382600,0.511050,0.161601
0.393342,0.520176,0.246040
0.383990,0.500099,0.133542
0.359506,0.367803,0.220045
0.380442,0.498612,0.159390
0.323216,0.443689,0.179371
0.416685,0.405822,0.131506
0.400025,0.453625,0.172567
0.324579,0.546521,0.169180
0.446276,0.493969,0.265537
0.345062,0.496582,0.156487
0.281601,0.439503,0.198637
0.294141,0.440655,0.177144
0.395450,0.427044,0.119736
0.401495,0.369090,0.211406
0.379105,0.394393,0.117965
0.341719,0.462504,0.207665
0.353530,0.395629,0.186722
0.356353,0.370298,0.149496
0.392957,0.449459,0.223707
0.316788,0.479179,0.262746
0.332723,0.364513,0.214553
0.397438,0.413591,0.185404
0.277787,0.415303,0.228832
0.339000,0.457360,0.230909
0.292441,0.425141,0.216819
0.329758,0.401037,0.153456
0.336115,0.476496,0.288886
0.318662,0.337882,0.164972
0.294865,0.449626,0.171957
0.230789,0.374377,0.187665
0.333685,0.411526,0.151903
0.383619,0.382556,0.187354
0.296421,0.413948,0.131029
0.321174,0.394067,0.186107
0.370839,0.427566,0.195839
0.320457,0.477852,0.106949
0.264523,0.411376,0.116555
0.353818,0.381148,0.145480
0.259097,0.316516,0.220355
0.333356,0.411725,0.209332
0.252634,0.296087,0.106427
0.248812,0.415340,0.170436
0.349184,0.339046,0.188675
0.306133,0.368324,0.138096
0.279910,0.356341,0.224205
0.222948,0.352936,0.141479
0.262142,0.356675,0.155594
0.334448,0.444119,0.081580
0.327294,0.280578,0.113768
0.299135,0.460183,0.137301
0.285470,0.380558,0.053651
0.197848,0.396225,0.137123
0.357338,0.364615,0.101628
0.293999,0.380719,0.087964
0.368726,0.404731,0.215419
0.247100,0.325450,0.138169
0.283640,0.365795,0.137733
0.286036,0.340817,0.098128
0.299236,0.360012,0.129708
0.266931,0.366928,0.146557
0.235575,0.264259,0.182455
0.257879,0.327291,0.089091
0.341187,0.285453,0.131360
0.341580,0.371503,0.158590
0.251853,0.311228,0.117757
0.309525,0.333432,0.193266
0.182913,0.276704,0.177914
0.297762,0.399337,0.158477
0.272673,0.382689,0.125407
0.202474,0.380778,0.107277
0.268034,0.366073,0.135790
0.242583,0.244722,0.100443
0.244424,0.329357,0.107705
0.238309,0.280070,0.153593
0.200172,0.312472,0.076192
0.303270,0.320022,0.086949
0.291681,0.327879,0.084198
0.302866,0.295993,0.035198
0.206273,0.368515,0.187507
0.287561,0.280278,0.123587
0.273534,0.338350,0.124818
0.245509,0.314746,0.115115
0.218512,0.278900,0.114342
0.276046,0.272051,0.163358
0.189469,0.275589,0.143547
0.211030,0.291420,0.106167
0.179596,0.266774,0.171001
0.183041,0.272211,0.146139
0.212740,0.264715,0.104109
0.281577,0.263038,0.137665
0.201013,0.262156,0.168774
0.230946,0.258044,0.121080
0.284442,0.192652,0.119762
0.248869,0.295184,0.184608
0.217176,0.297104,0.131078
0.203450,0.318179,0.090284
0.275707,0.255199,0.163449
0.261598,0.318777,0.063451
0.306571,0.270236,0.191364
0.247754,0.423702,0.065077
0.132055,0.236812,0.105441
0.192781,0.231355,0.107412
0.172910,0.293519,0.173327
0.182052,0.294994,0.056409
0.278511,0.256182,0.117617
0.223780,0.320596,0.101357
0.262783,0.293014,0.129565
0.301805,0.311239,0.047444
0.203059,0.336750,0.126632
0.268697,0.258397,0.118321
0.211019,0.231673,0.113353
0.237317,0.202209,0.054234
0.253739,0.286155,0.049512
0.262831,0.257244,0.092996
0.204438,0.206562,0.119678
0.090477,0.309182,0.100402
0.256712,0.248140,0.137907
0.211772,0.249227,0.046362
0.224629,0.328564,0.196583
0.143441,0.186954,0.059897
0.194117,0.241556,0.091143
0.257534,0.253943,0.082786
0.222172,0.249928,0.104533
0.204583,0.266545,0.072250
0.250973,0.252359,0.076652
0.216411,0.178549,0.049476
0.153282,0.281849,0.094669
0.223268,0.223790,0.084133
0.174825,0.266049,0.111944
0.147962,0.227592,0.157993
0.262763,0.239819,0.147611
0.207124,0.225442,0.154502
0.159968,0.299946,0.071610
0.118289,0.207707,0.100290
0.189231,0.312141,0.107505
0.194482,0.185798,0.056290
0.179739,0.181992,0.054224
0.132520,0.229903,0.056462
0.150871,0.186937,0.162018
0.236577,0.214944,0.050446
0.219003,0.205116,0.072730
0.206619,0.254754,0.146715
0.159244,0.272934,0.016089
0.178460,0.171740,0.032792
0.216986,0.172169,0.073524
0.192872,0.228335,0.093341
0.180154,0.199033,0.101305
0.213948,0.237035,0.104974
0.158185,0.218939,-0.019048
0.160660,0.257191,0.014941
0.185299,0.189900,0.054099
0.181484,0.165560,0.083700
0.189053,0.194195,0.045583
0.234416,0.198300,0.099824
0.184923,0.130992,0.055821
0.130319,0.254482,0.062599
0.113308,0.144219,0.070444
0.109525,0.232816,0.061362
0.180691,0.178601,0.025745
0.216161,0.182245,0.134234
0.142388,0.267550,0.037627
0.145490,0.234490,0.111806
0.147400,0.289765,0.099489
0.165541,0.230490,0.034080
0.110061,0.249199,0.096815
0.116382,0.219488,0.070724
0.092617,0.232887,0.055071
0.124355,0.297112,0.083265
0.138592,0.166393,0.072813
0.210871,0.243719,0.103679
0.107718,0.283122,0.046314
0.139160,0.223006,0.066677
0.108492,0.207169,0.044753
0.136788,0.205020,0.065489
0.142861,0.235910,0.029978
0.172884,0.177843,0.035729
0.142482,0.240330,0.059449
0.127865,0.143211,0.080091
0.144216,0.195587,0.132185
0.137732,0.121172,0.093880
0.169230,0.253228,0.060543
0.193289,0.207461,0.091541
0.130144,0.236948,0.071835
0.172305,0.206471,0.048078
0.080934,0.233456,0.022588
0.060793,0.143826,0.031790
0.130316,0.186667,0.137073
0.207309,0.229700,0.014355
0.141745,0.143700,0.071627
0.228524,0.130556,0.119520
0.153482,0.169361,0.070503
0.131354,0.183950,0.091558
0.181811,0.182128,0.124724
0.144236,0.120149,0.019427
0.116138,0.120438,0.085551
0.146125,0.214537,0.108379
0.176800,0.191150,0.057742
0.177134,0.156778,0.003759
0.145492,0.197650,0.103345
0.035478,0.144858,0.063172
0.169743,0.161261,0.089588
0.117070,0.235220,0.116340
0.101206,0.179300,0.015946
0.116725,0.087194,0.102539
0.146745,0.168221,0.046134
0.115321,0.115919,0.001686
0.079573,0.148491,0.113337
0.208386,0.121605,0.111218
0.096341,0.074880,0.017209
0.111125,0.138024,0.049990
0.085513,0.100324,0.035368
0.145894,0.194181,0.068932
0.051020,0.178705,0.120081
0.042387,0.130852,0.034993
0.056568,0.093465,0.137689
0.097639,0.128689,0.097580
0.125219,0.190011,0.114921
0.053242,0.209619,0.034806
0.136533,0.191886,0.096874
0.120108,0.110271,0.048922
0.100650,0.150559,0.093248
0.083777,0.159621,0.094195
0.107551,0.179916,-0.001342
0.160315,0.176179,0.038581
0.125938,0.181276,0.078276
0.207135,0.085192,0.064782
0.096677,0.130306,0.100809
0.140600,0.109871,0.056792
0.165994,0.123377,0.021080
0.108144,0.139337,0.079023
0.100801,0.108849,0.066250
0.158774,0.110638,0.045003
0.063077,0.086115,0.019107
0.099335,0.136406,0.028619
0.113254,0.122843,0.076943
0.089112,0.093887,0.056087
0.104588,0.151375,0.047481
0.069762,0.077544,0.020613
0.148167,0.136804,0.108338
0.093775,0.097553,0.097748
0.138930,0.077668,-0.012793
0.102620,0.111946,0.134517
0.116994,0.140135,-0.018497
0.048937,0.154392,0.054621
0.103800,0.193813,0.100606
0.115702,0.147643,0.036563
0.114941,0.094019,0.034525
0.111849,0.106634,0.056450
0.067750,0.122032,0.046739
0.131791,0.060249,0.008395
0.104690,0.128967,0.110689
0.166332,0.224993,0.005289
0.095405,0.201354,0.022473
0.122288,0.103026,-0.004519
0.038218,0.144610,0.065596
0.081700,0.106594,0.034125
0.124112,0.131742,0.007601
0.184759,0.124429,-0.013496
0.064357,0.089651,0.021373
0.122379,0.060867,0.043461
0.071646,0.094192,0.091085
0.076191,0.066075,0.035862
0.083533,0.093720,-0.075863
0.111334,0.129037,0.053110
0.040917,0.097511,0.034047
0.158677,0.091245,0.089796
0.106419,0.087271,0.028138
0.064686,0.102444,0.093930
0.071319,0.158540,0.016562
0.093261,0.145048,0.018591
-0.041788,0.134918,0.065286
0.099101,0.093158,0.090837
0.103197,0.135133,0.039567
0.073834,0.074235,0.018035
0.141001,0.147157,-0.001443
0.016646,0.070583,0.081641
0.109307,0.089763,0.028188
0.043291,0.140336,0.145256
0.175045,0.090015,0.098771
0.095825,0.133412,-0.009459
0.119315,0.099833,-0.004734
0.138279,0.090993,0.000419
0.032291,0.122814,0.097135
0.024374,0.118035,0.062212
0.053278,0.154410,0.020346
0.114470,-0.019475,-0.001894
0.065990,0.045289,0.048921
0.082822,0.171202,0.104714
0.096671,0.113059,0.081920
0.129571,0.110621,0.013004
0.090152,0.065096,0.043623
0.118340,0.110680,0.049730
0.116280,0.097660,0.099981
0.060803,0.075136,0.089569
0.098111,0.121087,0.026907
0.127046,0.089239,-0.022358
0.073739,0.172809,0.036072
0.027002,0.162990,0.028548
0.109731,0.060023,-0.002250
0.059570,0.116667,0.056583
0.158444,0.075096,0.099469
0.045368,0.114559,0.020541
0.011144,0.138501,0.098217
0.041680,0.108487,0.012834
0.004214,0.046370,0.005555
0.089256,0.086980,0.025811
0.093307,0.124064,0.024240
0.088814,0.105432,0.087957
0.059567,0.078790,0.035986
0.114323,0.082711,0.028152
0.115145,0.117390,0.003147
0.105585,0.055151,0.034327
0.091258,0.117409,0.018939
0.043092,0.055583,0.049399
0.093322,0.077455,0.024047
0.145004,0.065340,0.027898
0.105306,0.101574,0.001966
0.086723,0.059676,0.060671
0.035465,-0.034059,-0.070150
0.053170,0.120007,0.061894
0.153066,0.137200,-0.028055
0.036807,0.134920,0.108935
0.071230,-0.006334,0.065971
0.033306,0.149815,0.091132
0.108285,0.089474,0.099909
0.026359,0.073504,-0.045935
-0.019268,0.041969,0.064859
-0.007216,0.117936,0.130644
0.061457,0.165006,-0.014762
0.065201,0.038092,0.033207
0.099290,0.083107,-0.015138
0.064644,0.055970,0.054379
0.043869,0.052748,0.021016
0.078958,0.082723,0.002965
0.075027,0.041108,-0.013613
-0.012583,0.061935,-0.013027
0.010391,0.076926,0.072069
0.014492,0.133120,0.029328
0.048341,0.110590,0.002666
0.060070,0.131053,-0.006295
0.071293,0.157297,0.014212
0.080840,0.089642,0.017460
0.009342,0.046590,-0.056671
0.044681,0.027344,0.014076
0.052480,0.057732,-0.036913
0.048017,0.043024,-0.070213
0.046869,-0.000436,0.047975
0.090974,-0.028014,0.071774
0.067453,0.063565,0.087592
0.098933,0.109268,-0.058238
0.047643,0.064932,0.083826
-0.001111,0.102422,0.105406
0.086955,0.004689,-0.014280
0.002630,0.145829,0.058287
0.011953,0.097081,0.110768
0.025225,0.102608,-0.065546
0.069668,0.081508,0.010949
0.035818,0.148910,0.134805
0.038456,0.041774,0.026405
0.044891,0.037698,0.062263
0.039639,0.079323,-0.085720
0.037912,0.058110,0.071685
0.084846,0.085154,0.068663
0.083163,0.049154,-0.030997
0.064051,0.064248,0.091401
0.066851,0.092223,-0.002647
0.122172,0.078284,-0.023257
0.048061,-0.010024,-0.033685
0.042776,0.033166,0.036155
0.032743,-0.054629,0.054199
0.006653,0.107377,0.006915
0.024585,0.066356,0.062875
0.044265,0.087980,0.026229
0.081802,0.006022,0.040042
0.110534,0.058341,-0.026780
0.022378,0.083692,-0.042558
0.076195,0.049705,0.026229
0.072164,0.028839,0.090682
-0.007156,0.083342,-0.016601
0.048163,0.096577,-0.028879
0.059903,0.084738,-0.042185
0.069876,0.031774,0.028936
0.067415,0.070542,0.025056
0.060047,0.017224,0.050035
0.103045,0.060959,0.037972
-0.014616,0.068999,0.020086
0.070225,0.082343,0.009939
0.090134,0.069724,-0.032336
-0.032951,0.062912,0.041384
0.049959,0.058573,0.004312
0.094935,0.044187,0.087298
0.043477,0.067908,0.074871
0.064273,0.101577,0.030812
0.051044,-0.008382,-0.002381
0.036319,0.000034,0.041758
0.088469,0.117563,-0.005807
0.033313,0.017166,0.031196
-0.014410,0.104733,0.002957
0.088036,0.071418,-0.034485
0.095716,0.041487,-0.018836
0.029041,0.049430,0.079548
0.018052,0.059177,0.049948
0.062047,0.034498,0.007309
-0.035974,0.091385,0.066249
0.087021,0.105450,0.020483
0.034122,0.019954,0.026072
-0.022039,0.024678,0.104208
0.033300,0.064625,-0.038623
0.019595,-0.029198,0.028674
0.119344,0.114504,0.024415
0.042330,0.046105,0.044891
0.112996,0.070405,0.004776
-0.028945,0.075390,0.031251
0.052284,-0.034737,0.048029
0.027557,0.044432,0.079866
0.006393,0.075376,-0.030567
0.051775,0.113115,-0.026463
0.048919,0.026664,-0.037471
0.033987,0.082473,0.096930
-0.056035,0.136929,0.046100
0.020455,0.057086,0.054673
0.019157,0.055749,0.003066
0.021903,-0.001601,0.063954
0.037368,0.120090,-0.033661
-0.019915,0.039729,0.003177
0.060237,0.038001,-0.003467
-0.018952,0.087027,0.071634
0.020750,0.050649,0.039533
0.081384,0.021005,-0.036832
0.069373,0.065935,0.022499
0.027211,0.035909,0.015735
0.045899,0.113778,0.020367
0.007651,0.062206,0.024842
0.102700,0.035059,0.008773
0.058872,0.036507,0.014421
-0.010744,0.095440,0.013150
0.061847,-0.001624,-0.049084
0.114678,0.020455,0.071399
-0.016968,0.100446,-0.054901
0.044798,0.076164,-0.013834
-0.000913,0.041600,0.015189
0.035177,-0.024816,0.026350
-0.006747,0.030712,0.047756
0.038472,0.028040,0.052630
0.014308,0.066841,0.097139
0.002457,0.034890,0.077923
0.067254,0.071317,0.018142
0.062530,0.064283,0.033719
0.039061,0.043611,0.020524
0.020678,0.068843,0.035290
0.026732,0.034032,-0.038653
0.003997,0.069714,0.113950
-0.008116,0.086406,0.050498
-0.030306,0.058785,0.003383
0.069470,0.081909,0.001649
0.054226,0.039728,0.001461
0.021400,0.024209,0.059983
0.078853,0.028046,-0.004368
0.049031,0.068856,0.018053
0.052121,0.093864,-0.027322
0.036227,0.129627,0.038199
0.048492,0.016416,0.019591
-0.023665,0.034781,-0.055388
0.045808,-0.031382,0.131147
0.015575,0.035814,0.077262
0.001475,0.039997,-0.078878
0.097292,0.006920,-0.016675
0.006676,0.022297,0.054480
0.002787,0.067231,-0.101552
0.031433,0.020036,0.001763
0.018819,0.051848,0.011958
0.128356,0.080045,0.012770
-0.022549,-0.009469,0.027166
0.015955,0.034344,-0.017665
-0.014786,0.053653,0.050875
0.094234,0.034773,-0.051733
-0.044598,0.030734,0.046444
0.046927,0.027183,-0.050298
0.011608,0.039559,0.003919
0.024304,0.030960,0.039925
-0.001754,0.068240,0.027820
0.047299,0.059788,0.001958
0.067311,0.006450,0.027658
0.017775,0.044488,-0.016192
0.049017,-0.033329,-0.010477
0.049059,0.099837,0.041331
0.032519,0.046309,0.059386
-0.021254,-0.021155,0.021667
-0.028601,-0.020977,0.050270
0.030955,0.044236,0.001420
0.044334,0.001037,0.047051
-0.045763,0.104161,-0.020459
0.062973,-0.028555,0.048706
0.083941,0.028903,0.052820
0.045178,0.005632,0.013024
-0.065825,0.028550,0.061367
0.043318,-0.000934,0.026597
0.125539,0.074142,0.074314
-0.009378,0.103811,-0.032533
0.073490,0.080832,0.045900
0.029415,-0.007986,0.038713
0.025480,0.010868,0.046504
0.053753,-0.002227,-0.017492
0.012723,-0.000933,0.029644
0.001038,0.008724,0.026574
0.043490,0.036388,0.034469
0.007557,0.064193,0.048974
0.067694,-0.051443,0.029152
0.007404,0.044874,-0.010022
0.063702,0.104167,-0.027635
-0.008502,-0.016763,0.016302
0.042049,0.051937,0.025810
0.065500,0.034055,-0.044105
0.037535,-0.028024,-0.047903
0.036785,0.088322,0.028099
-0.014871,-0.016139,0.041184
0.064758,0.029123,0.040207
0.127732,0.065374,-0.009758
-0.003257,0.030866,0.006828
0.014627,0.069056,-0.008584
0.073903,0.030686,0.026373
0.022073,0.052540,-0.025496
-0.002135,0.026531,-0.006959
0.034558,-0.009653,-0.014136
-0.039320,-0.036866,0.056849
-0.017642,0.036184,0.020233
-0.034097,-0.029206,0.102871
-0.012527,-0.020892,-0.005179
0.050651,0.066989,0.003545
0.006778,0.056524,0.003296
0.060715,-0.002311,-0.025801
-0.044149,0.010892,0.003762
0.039468,0.009403,0.012224
0.013087,0.027251,0.107628
0.028168,-0.011527,-0.058077
-0.044837,0.011869,0.049901
0.010406,0.041549,0.006990
0.051253,-0.005428,0.039226
0.113263,-0.016107,0.082417
0.056681,-0.005913,0.022746
0.024079,0.011171,0.050653
0.003009,0.045950,0.104616
-0.003316,0.029479,0.043830
0.049167,0.012015,-0.001707
0.093954,0.021078,0.079179
-0.035251,0.111771,-0.041783
-0.020459,-0.012640,-0.034506
0.011270,0.080290,-0.021665
-0.008549,0.061719,0.023639
0.091888,0.024424,-0.008078
0.055070,0.056649,0.001515
0.028497,0.087267,0.073358
0.146829,0.036736,0.007166
-0.029921,0.001643,-0.033240
-0.022599,0.020431,0.030987
-0.010300,0.016833,-0.036426
0.012220,0.043953,0.026261
-0.019743,0.002252,0.055254
0.131781,0.039809,0.027742
-0.033088,0.058897,0.089615
0.030566,0.064924,-0.102825
-0.000962,0.054984,0.027597
-0.059279,0.043540,0.009926
0.051127,0.063169,-0.000852
0.015527,0.008526,0.032416
0.070818,0.015179,0.052848
-0.011325,0.033092,0.053654
0.040030,0.002368,0.073223
-0.014073,0.040733,0.066306
0.036192,-0.093363,0.005041
0.047810,-0.020538,0.080928
0.033293,0.006286,-0.018506
0.019035,0.041940,-0.035754
0.013092,0.021132,-0.047829
0.003236,0.027987,0.001502
-0.018765,0.003931,-0.048214
0.080130,-0.022628,0.111411
0.059851,0.030648,0.033653
0.090488,0.041427,0.043985
-0.005794,0.010197,-0.011074
-0.004181,0.064394,0.052235
0.058689,0.116733,0.057276
0.030723,0.051587,-0.033810
0.013756,0.016766,0.005537
0.047590,0.070517,0.032915
0.005186,-0.001005,0.078530
0.031543,0.043199,-0.055595
-0.000227,0.019801,-0.001585
0.080894,0.083822,-0.014571
0.006699,0.016241,0.022369
-0.091392,0.061907,0.018858
0.051671,-0.030041,0.039488
-0.005547,0.030617,-0.031838
0.030840,0.081557,0.053671
0.019938,-0.017161,-0.037906
0.073536,0.053036,-0.005644
0.028873,0.051240,-0.014274
0.019867,0.031504,0.054892
0.060565,0.044371,0.025056
0.060182,0.020670,-0.038141
0.009708,0.036820,-0.038374
0.084735,0.078825,-0.036768
0.004969,-0.103050,0.071327
0.019214,-0.039802,0.006608
0.059614,0.036577,0.026801
0.004485,-0.049484,-0.018496
0.050569,0.028478,-0.043339
0.068238,-0.050985,-0.008995
0.024965,0.051490,0.035518
-0.016370,-0.008234,0.012215
0.108061,0.000034,-0.055698
-0.001367,-0.003192,-0.003018
-0.036488,-0.003718,0.003621
-0.009343,0.010108,0.081522
0.069038,0.001553,-0.060206
0.048668,0.059150,0.045086
-0.018567,0.032260,-0.028259
-0.036245,0.075237,0.030690
0.045773,-0.036831,-0.014233
0.015866,0.028277,0.026717
0.078322,-0.046489,-0.089139
0.010147,-0.014632,0.006380
0.055950,-0.002965,0.020065
-0.046041,-0.035177,0.022354
0.032376,-0.021345,-0.012929
0.009625,0.035862,0.042430
0.049746,-0.056324,-0.010877
0.020129,0.084139,-0.002543
0.029439,0.062851,0.052053
0.037313,-0.003928,0.056149
0.036813,0.015877,-0.034895
0.000024,-0.100890,0.027599
-0.025098,0.010125,0.004060
0.045404,-0.043767,0.025557
0.072153,0.063089,0.014592
0.068412,0.032417,-0.044572
0.040681,0.004470,-0.013790
0.024857,0.026302,-0.009530
0.069019,-0.009922,-0.062775
0.062487,0.058470,0.034995
-0.031040,0.079534,0.046002
-0.024063,0.023681,0.058216
0.033578,0.031789,0.036126
-0.020973,0.048854,0.062351
0.019202,-0.021135,0.009027
-0.031680,0.007346,-0.011354
0.049099,-0.005323,-0.013667
0.070629,-0.022223,0.058854
-0.009145,0.012610,0.031354
-0.013747,0.012971,-0.042450
0.018306,0.080247,-0.004943
0.017201,0.015899,-0.002676
0.052731,0.011868,0.036709
0.059106,0.033549,0.035905
-0.035299,0.058171,-0.019410
0.018662,0.077174,-0.024122
0.044859,0.062012,-0.040906
0.058422,-0.050608,-0.038071
-0.019725,0.048929,-0.069780
0.047118,0.043763,0.027424
-0.032766,-0.007465,0.050844
0.008704,-0.107433,-0.043461
-0.010397,0.007971,-0.053156
0.001011,0.102520,0.013233
-0.002860,-0.041439,-0.055419
-0.006891,0.009240,-0.020017
-0.011587,0.019940,0.016575
-0.035214,0.069945,0.014432
0.038039,0.074184,0.002393
-0.047351,-0.050514,0.037782
-0.039979,0.072529,0.031148
0.017125,0.018079,0.049068
0.066992,-0.036530,0.021683
-0.032995,-0.044359,-0.000764
0.014838,0.070980,0.033081
-0.012775,-0.062008,-0.039627
0.002898,0.004838,-0.026218
-0.031369,0.083924,0.014102
0.066734,0.078914,-0.053676
0.067427,0.018703,0.000985
0.032499,-0.013509,-0.030821
0.002360,-0.003590,0.052848
-0.035552,-0.035581,-0.052596
-0.016411,-0.012048,-0.049894
0.019907,-0.003553,-0.012878
-0.021316,0.032434,0.019462
-0.008795,-0.043617,0.035302
-0.038964,-0.056107,-0.013241
0.025900,0.015396,0.068424
0.047545,0.054534,0.017729
-0.048270,0.051125,-0.025767
0.071357,-0.014484,0.043685
0.038313,0.092663,-0.003740
0.054383,0.039146,0.025243
0.000385,0.010193,0.028135
0.021255,0.047930,-0.023504
0.029888,0.065254,0.068920
0.027497,0.009006,0.030194
0.000428,0.054467,-0.022855
0.016741,0.035057,0.002945
0.063431,-0.028839,-0.055977
-0.016569,-0.035938,-0.024447
-0.052310,-0.050838,0.033885
-0.069247,0.014985,-0.033861
0.030931,0.088803,0.053416
0.005227,0.055351,0.041631
-0.010976,0.032421,0.135641
-0.068282,-0.024230,-0.002437
0.034682,0.019335,0.006290
0.057690,0.059554,0.071340
0.071209,0.047342,-0.000580
-0.002360,0.038431,-0.076189
0.031111,-0.037805,-0.016854
0.033602,0.060927,0.012803
0.017937,-0.040867,0.005125
-0.014496,0.031806,-0.089276
-0.080719,-0.010526,0.025669
0.023174,0.025915,-0.059494
0.056919,-0.062498,0.019498
0.068622,0.002542,-0.020038
0.062796,-0.003987,-0.036194
-0.004216,0.038421,0.004305
-0.013287,0.007989,0.026785
0.031847,-0.065959,0.050535
-0.003886,-0.007938,-0.021381
0.039463,0.115878,0.013507
0.027186,-0.046498,-0.055956
0.004256,0.014640,-0.072572
-0.048250,-0.067368,-0.067145
0.040895,-0.004829,0.015938
0.003676,-0.037884,0.051812
0.023920,-0.007337,0.008077
0.061524,0.010840,0.024836
0.007060,-0.014765,0.030118
0.013200,0.086416,0.015397
0.054027,0.017360,0.039922
0.013677,-0.035643,0.080816
0.066380,0.016811,0.026020
0.022856,0.006181,-0.031981
0.045403,0.013217,0.019370
-0.039095,0.009264,0.025822
0.019042,0.045699,0.009287
-0.000583,-0.016137,0.048379
0.052520,-0.076372,0.025952
0.114948,0.057471,-0.020801
0.066219,0.012972,-0.017818
-0.017886,0.016895,0.007271
0.022597,-0.027908,0.033373
-0.016965,0.111900,-0.000834
0.123673,0.037757,0.041392
0.001662,0.038047,0.000267
0.016201,0.019028,-0.026358
0.092164,-0.002780,0.018467
0.049459,0.039168,-0.022610
-0.025152,0.012544,0.030819
-0.025160,0.008071,0.033059
0.013980,-0.043947,0.006584
-0.030471,0.035466,0.100932
-0.029942,-0.047825,-0.026900
0.060533,-0.081245,-0.015650
0.009664,-0.004444,0.009972
-0.027701,0.008626,-0.018677
-0.004198,-0.063488,-0.042023
0.024691,0.066801,0.018911
-0.056476,0.000930,-0.010063
-0.057061,0.015950,-0.033892
0.094410,0.025761,-0.023026
0.101821,-0.015429,-0.019499
-0.013977,0.006672,-0.017547
-0.022389,-0.007036,0.003857
0.049039,0.006048,0.008443
-0.064205,0.056260,-0.118407
0.063105,-0.002061,-0.060374
0.047285,0.071792,0.040398
-0.002603,0.011742,0.002107
-0.078983,0.011826,-0.017070
0.011339,-0.052249,0.092030
-0.023816,-0.018569,0.042294
0.019683,-0.029091,-0.026284
0.040467,0.002058,0.020825
-0.000173,-0.002473,0.049216
0.034282,-0.014262,0.040473
-0.030044,0.040748,0.065258
0.093897,-0.031732,-0.000833
0.006298,-0.003915,-0.020122
0.033760,-0.057296,0.042555
-0.017243,0.066085,-0.042073
-0.064310,-0.013844,-0.009803
-0.058320,0.091813,-0.008000
0.006049,0.019111,0.078700
0.027719,-0.001606,-0.016646
-0.034266,0.008222,0.033489
0.060886,0.036884,0.035811
0.001131,-0.006585,-0.004220
0.038903,-0.023833,-0.000210
-0.042000,0.069601,-0.008763
0.010645,-0.024339,-0.035868
0.034019,-0.021456,-0.087846
0.062266,-0.029526,0.019860
0.104527,0.027262,0.008903
0.005129,0.059229,-0.057898
0.050326,0.057942,-0.019431
0.030868,-0.001858,-0.002915
-0.028477,-0.015332,0.062704
0.027380,-0.038893,0.072190
0.083131,-0.003833,-0.010020
-0.049129,-0.016573,-0.059836
-0.070276,0.039748,-0.055771
0.010398,-0.026513,0.055954
0.021638,-0.100175,-0.009635
0.036971,0.020710,0.007655
0.004771,-0.010807,0.005040
0.004238,0.045642,0.002466
-0.046366,-0.033573,0.004535
0.033297,0.001723,0.019139
0.013182,0.001807,0.000318
0.028765,0.047614,-0.000849
0.012829,0.005176,-0.070867
-0.109107,0.043294,-0.040781
0.031475,-0.051708,-0.055728
-0.014926,0.019074,-0.003190
0.018440,-0.014259,0.038659
-0.034829,-0.006597,-0.040103
0.049104,0.067590,0.038248
0.004550,-0.014301,0.040668
-0.003194,0.052900,0.056355
0.048055,0.021369,-0.019096
-0.027970,-0.026088,-0.003893
-0.009811,0.055151,0.141535
-0.056477,0.056570,0.053533
0.054715,-0.007954,-0.017764
0.000254,0.015959,0.018477
-0.023801,-0.010462,0.047253
-0.019763,-0.006054,-0.039515
-0.045152,-0.022710,0.048904
-0.025924,0.003602,0.041818
-0.002032,-0.005451,-0.008728
-0.004346,0.074362,0.045246
-0.033099,-0.058753,-0.010822
-0.051773,0.039594,0.011662
-0.012525,0.020755,0.022896
0.015184,0.063957,0.044192
-0.068371,0.032057,-0.011181
-0.025234,0.002432,0.096979
0.015956,0.046929,0.006679
0.037646,-0.103078,0.036537
0.007332,-0.073899,-0.023899
-0.030699,0.058048,-0.018709
0.008095,0.078029,0.035306
-0.015600,0.015847,-0.049863
0.030137,0.028147,-0.002232
0.053407,0.036849,-0.014682
0.042468,0.002302,-0.053084
0.037870,0.037989,-0.010065
0.033673,-0.030856,0.048315
-0.016997,-0.016763,0.006262
-0.019317,0.051146,-0.015891
0.035839,-0.007520,-0.073629
-0.006227,-0.019946,0.066109
0.071426,0.119983,0.008678
0.057879,0.007297,0.110795
0.027734,-0.060076,-0.086012
-0.033414,0.021262,-0.032672
-0.018498,0.031335,0.006198
0.024735,-0.022872,-0.042419
-0.004485,-0.005227,-0.073399
-0.081600,-0.000447,-0.040214
0.028768,-0.077159,0.009335
0.021819,-0.035525,0.017434
-0.016428,0.074719,0.044611
0.032095,0.017833,0.006483
-0.043773,-0.091679,-0.020494
-0.037430,-0.020471,0.016626
-0.041618,-0.026878,0.082953
0.027910,0.020809,-0.015263
-0.002609,-0.050590,0.026241
0.002746,-0.057101,0.072602
-0.026365,0.066525,-0.000646
0.007587,0.052519,0.016344
-0.049514,0.022847,0.063039
0.004127,-0.022931,-0.052381
0.031825,-0.007320,0.023706
0.004584,0.030865,0.026250
-0.076599,0.003542,-0.059109
-0.017329,0.041105,-0.018199
0.068469,0.022028,-0.000396
0.005848,0.013201,-0.022342
0.006781,0.080360,0.022504
-0.034136,0.013723,-0.045356
0.048090,0.012711,-0.046752
-0.025995,0.000112,-0.029401
-0.026783,0.006999,0.041490
-0.099099,0.006963,0.031818
0.013965,0.001995,0.050373
-0.083368,-0.009606,-0.020439
-0.086761,0.064674,-0.008131
-0.004856,-0.011026,0.035293
-0.018262,-0.118823,-0.012623
-0.009961,0.027079,0.074503
-0.020214,0.059025,-0.048267
-0.056007,0.010842,-0.017005
0.018145,-0.039355,0.018091
0.005160,-0.024674,-0.015184
-0.010496,-0.043195,0.070327
0.045523,0.000825,-0.052501
-0.015836,0.016525,0.047294
0.000130,0.021764,-0.080476
0.005711,-0.016149,-0.046124
-0.082909,-0.014282,0.020147
-0.100914,0.039846,-0.000872
-0.070147,0.012483,0.016935
0.001108,0.034050,0.025660
-0.003788,-0.006057,0.012706
-0.030580,0.007807,0.062122
0.082439,-0.018190,0.035359
-0.016452,-0.050401,-0.068755
0.031934,0.006640,0.063820
-0.044232,-0.021218,0.058147
0.056814,0.044930,-0.034061
-0.002585,-0.061751,-0.037726
0.024138,0.064555,0.069735
0.058914,0.030905,-0.030976
-0.036236,0.040118,0.067130
-0.018650,0.017405,-0.033249
-0.083491,-0.003973,0.026562
-0.021234,-0.012578,0.021934
0.036615,-0.068922,0.049245
-0.015767,0.057368,-0.016314
-0.054308,0.015995,-0.052365
-0.022373,-0.069850,0.064073
0.002233,-0.012581,0.023953
0.151413,0.010746,0.016539
0.029141,-0.052786,0.048115
-0.016942,0.034199,0.007740
-0.053352,0.046352,-0.059410
-0.036176,-0.007916,-0.010055
0.061846,0.044551,-0.044713
-0.036305,0.055376,-0.037995
-0.059539,0.073876,-0.077866
-0.041872,0.046167,0.021449
-0.023756,-0.109859,0.042072
0.041170,-0.031954,-0.012124
-0.000864,0.017872,0.024909
-0.033801,-0.039482,0.021831
-0.087199,-0.005232,-0.017092
0.022200,0.039718,0.016470
0.014022,-0.023295,-0.022614
0.087458,-0.054895,0.000357
0.018272,-0.054476,0.006918
-0.044429,-0.018899,0.077509
0.049906,0.027186,0.063828
0.028991,-0.001470,-0.025492
0.030175,0.027252,0.076432
-0.000760,0.037129,0.010294
0.033966,0.031862,0.093533
-0.099655,-0.092235,-0.055891
0.034305,0.011144,0.009928
0.039325,-0.043949,-0.004717
-0.004634,0.016374,-0.063239
-0.035445,-0.038564,0.056119
0.014674,0.005397,0.110386
0.014574,-0.013885,-0.049100
-0.014226,0.048889,-0.006686
0.036644,-0.045163,-0.027413
0.055742,-0.083022,0.000506
-0.056864,-0.082863,0.008961
0.037264,0.023571,0.004638
0.041854,0.062314,-0.016213
0.008155,-0.018890,0.016999
0.023465,-0.008816,-0.029522
0.008705,0.051642,-0.026109
-0.034510,-0.012266,-0.010832
0.010706,0.043015,0.085695
-0.010679,-0.095448,-0.001444
-0.019132,-0.003392,-0.033432
0.028753,-0.038018,0.000143
0.049241,0.035610,0.035349
0.009989,-0.030609,-0.105206
-0.116031,-0.028641,-0.000175
0.034332,0.035623,0.033424
-0.006157,0.019331,0.083912
-0.005435,-0.063688,0.028505
-0.027719,-0.045716,0.033397
0.013440,0.002723,0.018467
-0.052731,-0.028872,0.017765
-0.062278,0.068216,0.005089
-0.100154,0.012519,0.035352
0.041415,0.068797,0.002717
0.061808,0.016537,-0.004765
-0.031268,0.034676,0.036973
-0.002100,0.020074,-0.007554
-0.008360,0.014248,0.035422
0.010970,0.045362,-0.019791
0.029721,-0.001422,-0.022052
0.000438,-0.067062,-0.020179
0.001110,-0.086720,-0.037398
-0.025965,-0.041162,-0.027798
-0.103101,0.006688,0.018119
-0.028031,-0.033127,0.058946
-0.011437,-0.016616,0.024163
0.022488,0.012455,0.005253
0.837656,0.540426,0.681027
1.558366,0.905090,1.313808
2.245143,1.176352,1.887024
2.839306,1.499715,2.354018
3.443649,1.900732,2.848704
3.894287,2.064504,3.147628
4.314133,2.284554,3.560562
4.695843,2.548224,3.903188
5.093035,2.677670,4.173252
5.390650,2.891032,4.340663
5.684848,3.035353,4.600723
5.951369,3.175244,4.816143
6.158011,3.293512,5.042782
6.350629,3.417284,5.351275
6.575994,3.437624,5.352754
6.701104,3.568527,5.522799
6.891415,3.648523,5.643700
7.060816,3.754538,5.758658
7.197844,3.866905,5.812002
7.354973,3.922591,5.926778
7.396711,3.955139,6.062065
7.419750,3.997776,6.065309
7.546452,4.059846,6.070197
7.689823,4.077107,6.197904
7.676366,4.144289,6.300336
7.733041,4.163955,6.334128
7.888885,4.232144,6.338879
7.848118,4.132085,6.390853
8.025977,4.245261,6.419020
7.993400,4.258375,6.414764
7.951910,4.296573,6.391780
8.057013,4.439629,6.475260
8.173076,4.283526,6.527281
8.137079,4.331753,6.564877
8.150303,4.383619,6.519486
8.219266,4.376687,6.576353
8.252421,4.339870,6.598859
8.261810,4.339314,6.594361
8.283414,4.474765,6.528493
8.236286,4.389610,6.505589
8.347665,4.324880,6.545039
8.385772,4.480419,6.579392
8.300936,4.473897,6.661719
8.371256,4.459758,6.630992
8.338214,4.345353,6.573378
8.424485,4.428549,6.578834
8.384936,4.497470,6.560376
8.431546,4.571600,6.636641
8.528807,4.487422,6.541122
8.424914,4.444182,6.652351
8.406393,4.424577,6.496652
8.442139,4.475890,6.579329
8.485728,4.502716,6.606074
8.426094,4.484204,6.616835
8.494172,4.529180,6.524416
8.532966,4.524528,6.620755
8.473305,4.496471,6.531217
8.520161,4.551357,6.584347
8.577006,4.481304,6.614717
8.536358,4.546452,6.485613
8.464287,4.547108,6.563560
8.523329,4.543120,6.604125
8.584036,4.607083,6.554080
8.542667,4.656953,6.499739
8.539384,4.567567,6.505133
8.475099,4.468270,6.422259
8.626662,4.607953,6.531053
8.570790,4.560790,6.528567
8.555377,4.512540,6.560322
8.541832,4.639689,6.494815
8.541869,4.564639,6.530646
8.586145,4.543720,6.546745
8.556841,4.583171,6.478388
8.569947,4.616259,6.433926
8.580184,4.561134,6.429489
8.551139,4.604011,6.508081
8.626320,4.614613,6.368404
8.646336,4.605103,6.404582
8.665579,4.615416,6.415832
8.644004,4.579021,6.446813
8.665975,4.615591,6.454108
8.656710,4.628350,6.472198
8.672491,4.622441,6.448530
8.652436,4.565908,6.502303
8.654340,4.585045,6.501471
8.691073,4.631167,6.488343
8.658840,4.658581,6.476813
8.628234,4.604141,6.442113
8.667307,4.717397,6.439536
8.629780,4.629863,6.406867
8.642095,4.595317,6.405948
8.684639,4.673286,6.415349
8.732495,4.687900,6.416329
8.743297,4.758845,6.421091
8.679491,4.658620,6.410145
8.731525,4.633895,6.416229
8.785450,4.727751,6.431187
8.725565,4.619805,6.363885
8.724845,4.686119,6.423835
8.736496,4.723881,6.390619
8.809306,4.654997,6.327673
8.703045,4.736228,6.333392
8.781191,4.641467,6.284526
8.707487,4.615629,6.399915
8.783975,4.600376,6.381851
8.739411,4.756040,6.377073
8.719237,4.713326,6.340448
8.832224,4.628795,6.356571
8.779377,4.708394,6.365978
8.768070,4.694142,6.373741
8.820984,4.693036,6.301725
8.841402,4.634965,6.366097
8.876003,4.734853,6.363500
8.775863,4.604196,6.275729
8.859499,4.710992,6.303344
8.829525,4.705097,6.301410
8.833926,4.719046,6.287014
8.780130,4.769752,6.321316
8.829776,4.727484,6.221144
8.835484,4.688810,6.294425
8.899908,4.685492,6.260918
8.867311,4.698723,6.256811
8.852300,4.730704,6.290463
8.838042,4.788232,6.370895
8.836993,4.718910,6.239398
8.860332,4.754541,6.167072
8.936643,4.789726,6.346652
8.899958,4.764140,6.233199
8.802237,4.743790,6.209332
8.912461,4.846718,6.236618
9.014659,4.777682,6.181215
8.917104,4.733579,6.199164
8.946316,4.734501,6.264951
8.910338,4.761351,6.187489
8.954915,4.696960,6.203712
8.958700,4.807909,6.153696
9.072760,4.703695,6.209343
8.904648,4.762269,6.159078
8.981134,4.786861,6.175786
8.954626,4.823490,6.187743
8.962688,4.821870,6.158824
9.016007,4.802805,6.149915
8.891452,4.775025,6.094710
8.929345,4.773073,6.173976
8.985217,4.778646,6.163242
8.933630,4.836082,6.113393
8.982235,4.857970,6.148789
8.981288,4.746136,6.068656
8.979167,4.841511,6.064857
9.003155,4.782649,6.172317
8.983745,4.780202,6.075826
9.042420,4.821610,6.104851
8.959316,4.817125,6.083536
9.030558,4.862465,6.115386
9.012650,4.849452,6.053702
9.059351,4.863415,6.091704
9.062748,4.722477,6.090525
9.054587,4.724108,6.102019
9.028277,4.799779,6.120680
9.139727,4.761615,6.102249
9.038542,4.822454,6.125374
9.079911,4.870970,6.080353
9.122212,4.898966,6.037568
9.131228,4.866724,6.095969
9.094584,4.851946,6.075305
9.051294,4.836669,6.100138
9.029082,4.820845,6.093471
9.095111,4.778179,6.038044
9.130303,4.892309,6.041883
9.075313,4.890759,6.029318
9.179309,4.834699,6.013246
9.182897,4.847652,5.963388
9.193911,4.805529,6.048435
9.136513,4.862102,6.004235
9.110158,4.830857,5.972720
9.104470,4.803127,5.943889
9.247831,4.871276,5.928887
9.106702,4.814777,5.922669
9.219003,4.855915,6.010504
9.208294,4.833364,5.897243
9.102157,4.838989,5.993167
9.180355,4.846681,5.949892
9.080185,4.830392,5.994451
9.123707,4.847047,6.038646
9.171989,4.860479,5.985956
9.199271,4.897391,6.001572
9.238886,4.890677,5.960518
9.174067,4.861664,5.842185
9.194962,4.816956,5.910929
9.205232,4.893293,5.940744
9.244594,4.874988,5.942398
9.274129,4.831541,5.908225
9.189398,4.908480,5.844312
9.298436,4.893220,5.926234
9.308400,4.905977,5.904704
9.185941,4.898073,5.877229
9.243778,4.871108,5.904141
9.222181,4.917887,5.927317
9.235902,4.832657,5.834596
9.269946,4.915425,5.819766
9.183566,4.881320,5.887645
9.252663,4.887008,5.914296
9.327778,4.909346,5.895293
9.357844,4.884669,5.837088
9.334981,4.859722,5.892182
9.291397,4.959015,5.848026
9.266525,4.904485,5.845071
9.345848,4.957610,5.816330
9.298591,4.891449,5.852312
9.327181,4.921229,5.845676
9.312165,4.895323,5.796490
9.347145,4.857092,5.821269
9.370378,4.896083,5.835718
9.260302,4.910624,5.824268
9.323872,4.887604,5.890511
9.306062,4.895434,5.749345
9.300706,4.917878,5.776479
9.370514,5.022007,5.831231
9.371489,4.883384,5.800756
9.421458,4.985528,5.761324
9.406940,4.919469,5.755432
9.365966,4.986690,5.732032
9.417392,4.929367,5.783990
9.340723,4.984844,5.640893
9.373351,4.908217,5.742144
9.425030,4.996747,5.704921
9.420479,4.927268,5.732453
9.406066,4.824457,5.786543
9.455769,4.901656,5.808927
9.393498,4.977555,5.694021
9.432832,5.027147,5.700350
9.423141,4.949386,5.695598
9.456761,5.014796,5.698593
9.377166,4.967536,5.740998
9.479325,4.971494,5.737387
9.389151,4.921838,5.684109
9.433649,4.992596,5.654216
9.477118,4.959294,5.689130
9.360875,4.960555,5.675870
9.476568,4.882042,5.693864
9.398474,5.033455,5.756090
9.427853,4.896984,5.624318
9.486939,4.965453,5.707123
9.469610,4.963185,5.713367
9.518973,4.962113,5.659622
9.488587,4.891212,5.714945
9.529520,4.992591,5.601625
9.500771,4.975670,5.632131
9.539658,4.977323,5.668235
9.435640,4.966275,5.691333
9.580597,5.055875,5.578352
9.452158,4.980655,5.710048
9.462113,5.007036,5.643334
9.501278,4.968953,5.603383
9.526615,5.014032,5.593950
9.517513,5.018970,5.598210
9.559878,4.990085,5.604981
9.583792,5.001844,5.538332
9.503997,4.968452,5.505252
9.579290,4.991469,5.667649
9.582828,5.043344,5.563948
9.560244,4.968206,5.525435
9.594262,4.987181,5.626889
9.560419,5.010884,5.536092
9.510563,4.990164,5.606073
9.572576,5.010548,5.593679
9.678345,5.013637,5.530697
9.603077,4.939262,5.559673
9.629067,5.001727,5.502372
9.621379,5.070563,5.479432
9.726877,5.006461,5.548399
9.653710,4.968693,5.500262
9.509929,5.061358,5.564622
9.641009,5.039614,5.443727
9.676826,4.961349,5.536710
9.613982,5.016874,5.561246
9.649826,4.971307,5.550073
9.686989,4.918780,5.492423
9.656662,4.927000,5.546229
9.622390,4.950778,5.433517
9.644697,5.060373,5.455874
9.683223,5.023868,5.484377
9.709546,5.069387,5.512427
9.634786,5.081452,5.498246
9.688640,5.064787,5.448772
9.657450,5.034844,5.505281
9.674757,5.062339,5.446851
9.804464,5.049564,5.429218
9.676028,5.106225,5.429894
9.788248,4.927178,5.454263
9.769884,5.036551,5.451665
9.647436,5.003827,5.405500
9.705038,5.060164,5.373317
9.814587,5.084467,5.344174
9.730056,5.000812,5.398221
9.728216,5.047038,5.393061
9.725210,5.013676,5.431567
9.793159,5.004896,5.475970
9.786297,5.049875,5.457486
9.734399,5.077041,5.376746
9.643446,5.064272,5.433633
9.800769,5.006897,5.384047
9.717090,5.066258,5.420815
9.712485,5.110367,5.407017
9.784836,5.027266,5.362973
9.793428,5.007835,5.358320
9.811396,5.056385,5.459641
9.786325,5.165731,5.400128
9.792411,5.017276,5.321059
9.877556,4.963407,5.289163
9.834320,5.094043,5.347011
9.845797,5.098547,5.332503
9.756904,5.020853,5.353723
9.853965,5.062238,5.372478
9.807386,5.095255,5.369730
9.839477,5.055544,5.316886
9.780892,5.048160,5.317318
9.900404,5.052836,5.305102
9.825808,5.029425,5.261982
9.881614,5.099066,5.324605
9.774674,5.093416,5.305829
9.821261,5.082440,5.283443
9.867388,5.053820,5.238659
9.885306,5.042222,5.268564
9.957077,5.101837,5.328537
9.820301,5.081501,5.297937
9.966918,5.013053,5.272797
9.872320,4.999127,5.304845
9.968761,5.124397,5.243209
9.885471,5.097629,5.245320
9.927735,5.091090,5.243613
9.850662,5.067779,5.163101
9.934376,5.115985,5.213567
9.996489,5.064479,5.309785
9.893879,5.062026,5.234792
9.862219,5.015138,5.240341
9.901637,5.026253,5.188709
9.956215,5.052370,5.210537
9.955342,5.022916,5.168989
9.919794,4.999062,5.188633
9.960556,5.036036,5.184259
9.869193,5.040803,5.139161
9.993422,5.088731,5.171609
9.934481,5.049299,5.305453
9.974027,5.069735,5.233038
10.018153,5.014735,5.101692
9.985942,5.064607,5.194401
10.016251,5.019054,5.268213
9.998601,5.086874,5.202296
10.023732,5.016154,5.127870
9.987987,5.099149,5.186663
9.972509,5.159800,5.122760
10.069357,5.018508,5.116910
9.997937,5.160031,5.076361
10.075021,5.063361,5.222284
9.957550,5.007257,5.139716
10.032898,5.092662,5.156182
10.002438,5.058534,5.129618
10.017183,5.088283,5.065023
10.085481,5.066680,5.104312
10.100334,5.055842,5.135267
10.010279,5.077761,5.161211
9.973445,4.998741,5.125861
10.063908,4.999713,5.120100
10.049021,5.078920,5.002711
10.053063,5.126363,5.050243
10.068607,5.047167,5.087692
10.067730,5.042454,5.048041
10.057620,5.023049,5.040866
10.063544,5.108825,5.042144
10.033112,5.023971,5.119768
10.130656,4.994335,5.076911
10.059745,5.116161,5.056611
10.074365,5.056086,5.035084
10.122871,5.012642,5.058229
10.076431,5.112039,5.037299
10.087798,5.048403,4.993333
10.112506,5.128475,5.022731
10.127899,5.094956,5.048139
10.179658,5.073681,4.997783
10.136698,5.046264,4.991767
10.125500,5.041127,5.091832
10.206769,5.094755,5.071892
10.164110,5.008216,5.002456
10.171343,5.050404,4.987064
10.209575,5.080083,5.083339
10.117382,5.047230,4.938295
10.050048,5.064839,4.990075
10.196007,5.100425,4.976237
10.081154,5.157018,4.902409
10.104351,5.037716,4.971675
10.118907,5.120659,4.922072
10.176817,5.121182,4.951502
10.253054,5.010073,4.968248
10.247572,5.066919,4.968559
10.114205,5.085002,4.987853
10.223261,5.084631,4.964025
10.182224,5.119747,4.955052
10.191802,5.118011,4.933154
10.259795,5.120592,4.935376
10.226822,5.071649,4.903746
10.237065,5.048989,4.916852
10.228780,5.011337,4.911825
10.208751,5.056812,4.878014
10.249435,5.046330,4.871329
10.217005,5.119081,4.917113
10.271099,5.052255,4.932037
10.220423,5.034596,4.884348
10.288409,5.108135,4.866164
10.211376,5.027016,4.823956
10.290018,5.037894,4.934897
10.254073,5.136403,4.849519
10.311271,5.020322,4.847194
10.228670,5.082787,4.845686
10.288913,5.063893,4.900527
10.300645,5.147463,4.830396
10.289024,5.076409,4.896160
10.289949,5.067729,4.842083
10.307267,5.168424,4.842093
10.283087,5.065835,4.796928
10.288056,5.154289,4.935555
10.320397,5.130404,4.832479
10.341228,5.104778,4.843106
10.267555,5.089302,4.858168
10.368170,5.079076,4.796587
10.270381,5.089662,4.796187
10.364228,5.022319,4.776783
10.405603,5.056907,4.811990
10.353340,5.083234,4.779536
10.310553,5.027000,4.791055
10.374490,5.097760,4.848030
10.337628,5.062860,4.721433
10.283523,5.022093,4.754048
10.347200,5.079419,4.814601
10.387102,5.090043,4.749374
10.379721,5.075574,4.723149
10.316795,5.001360,4.838403
10.387959,5.054445,4.743066
10.399790,5.059114,4.746324
10.486264,5.045664,4.783164
10.420746,5.057331,4.721485
10.340041,5.090519,4.745808
10.386251,5.083997,4.761014
10.413656,4.981541,4.636453
10.402859,5.183943,4.839890
10.432444,5.073325,4.783481
10.374051,5.092971,4.748712
10.449771,5.044121,4.597371
10.525692,5.090007,4.767223
10.396986,5.104012,4.789688
10.413115,5.099116,4.799905
10.434595,5.044588,4.770318
10.398372,5.065104,4.703966
10.432141,5.013755,4.721186
10.461613,5.132599,4.690921
10.448735,5.114218,4.685426
10.461982,5.065690,4.651971
10.470250,5.075049,4.710565
10.508696,5.119190,4.685020
10.485374,5.053440,4.688336
10.435873,5.135564,4.708724
10.510485,5.071682,4.743848
10.458585,5.089209,4.726300
10.542093,5.155811,4.717910
10.489702,5.071282,4.593874
10.355609,5.029483,4.688027
10.516479,5.110767,4.608365
10.521918,4.964381,4.656698
10.456365,5.164730,4.595431
10.497841,5.076702,4.664225
10.538137,5.114186,4.633937
10.517408,5.112352,4.649090
10.505340,5.149702,4.639070
10.583401,5.031569,4.583661
10.554397,5.108642,4.660647
10.569823,5.056202,4.629265
10.542418,5.088562,4.608554
10.490745,5.068473,4.574502
10.494185,5.092177,4.592703
10.478947,5.006416,4.565019
10.536332,5.059047,4.579749
10.494809,5.020844,4.559555
10.531083,5.009912,4.596702
10.536485,4.964123,4.558592
10.503201,5.032708,4.616607
10.552916,5.059686,4.474118
10.555530,5.048893,4.536460
10.568283,4.985932,4.587639
10.622929,5.165723,4.615641
10.624932,5.108760,4.574538
10.576265,5.081632,4.583668
10.583877,5.093346,4.576199
10.633024,5.095355,4.608894
10.584485,5.071569,4.547584
10.600988,5.102649,4.547175
10.602356,5.032324,4.499137
10.610300,5.065438,4.540936
10.630661,5.029187,4.517970
10.532011,5.139799,4.591335
10.613724,5.090320,4.581349
10.642952,5.094061,4.513747
10.599926,5.068846,4.548233
10.609282,5.023617,4.551246
10.612134,5.101838,4.545697
10.728311,5.055801,4.495205
10.686259,5.026904,4.507887
10.723420,5.062565,4.534389
10.648760,5.033155,4.547358
10.710253,4.987247,4.469721
10.686429,5.035597,4.551963
10.607343,5.063369,4.469341
10.692846,5.055503,4.493530
10.688720,5.110957,4.469449
10.689389,5.108060,4.480875
10.704695,5.148964,4.427428
10.629912,5.054548,4.431671
10.739656,5.039658,4.404675
10.650982,5.000241,4.575328
10.648941,5.108832,4.447583
10.635824,5.089862,4.393578
10.682164,5.085356,4.375683
10.703110,5.111245,4.412038
10.692809,5.009493,4.398069
10.591456,5.068247,4.460046
10.683125,5.131181,4.461255
10.735140,5.008772,4.382986
10.719659,5.064590,4.443498
10.630939,5.074364,4.384055
10.707378,5.019117,4.427940
10.783603,5.077019,4.430711
10.718037,4.971759,4.401774
10.765984,5.017250,4.361589
10.722575,4.948216,4.359674
10.813898,5.041821,4.366493
10.784018,5.043627,4.367037
10.723860,5.070482,4.406612
10.799299,4.973612,4.394095
10.749364,5.046634,4.389437
10.884355,5.055230,4.363962
10.721440,5.034998,4.366890
10.823884,5.002561,4.404148
10.812224,5.038228,4.442831
10.833569,4.913735,4.336645
10.787548,4.999783,4.361888
10.866806,4.976577,4.277201
10.803467,5.063751,4.374904
10.857836,4.972259,4.346630
10.791548,5.066593,4.288578
10.818862,5.020574,4.337628
10.747413,4.998078,4.388865
10.816413,5.050990,4.343368
10.797833,5.026251,4.312356
10.772475,4.962022,4.334436
10.823232,4.938756,4.230973
10.750716,4.968451,4.341009
10.799962,5.045308,4.312121
10.872247,4.920023,4.316865
10.790241,5.084927,4.258722
10.757218,4.994272,4.301519
10.835031,4.981366,4.329666
10.872375,5.019178,4.339060
10.799483,5.009814,4.344909
10.847605,4.975648,4.303052
10.841135,4.993936,4.265899
10.966773,5.075133,4.374932
10.815953,4.996196,4.246155
10.930265,4.988176,4.236776
10.832328,4.993062,4.277223
10.890735,4.931442,4.294153
10.921682,5.052327,4.288963
10.927846,4.997787,4.248645
10.890376,4.954483,4.297764
10.947840,4.946682,4.225194
10.945544,4.988945,4.268409
10.900759,5.025808,4.264328
10.895304,4.955149,4.288637
10.933278,5.040973,4.302086
10.855798,4.929160,4.296830
10.869788,4.941142,4.276473
10.903022,4.937115,4.240422
10.957454,5.032141,4.225626
10.967463,4.989744,4.322279
10.890540,4.951334,4.256837
10.945241,5.011854,4.189961
10.850773,5.001097,4.236543
11.026548,4.981474,4.260004
10.926041,4.938749,4.186835
10.967808,4.968509,4.143259
10.951638,4.961893,4.219114
10.980290,4.898512,4.167283
10.951354,5.041130,4.172091
11.011077,4.955657,4.176960
10.947679,4.940932,4.141788
10.983861,5.017926,4.119521
11.070291,4.993236,4.144570
10.952800,4.939553,4.171144
10.993209,5.026144,4.181057
11.043396,5.018961,4.162926
11.037190,4.947062,4.187334
10.987655,5.019600,4.183557
11.041330,5.003066,4.134178
10.969449,4.934970,4.103094
10.972097,4.982222,4.125946
11.013548,4.935416,4.221255
11.063233,4.915114,4.141388
11.027120,4.955166,4.245520
11.017117,4.917342,4.144567
11.105960,4.908941,4.131725
11.027646,4.973430,4.127086
11.092515,4.958590,4.168276
11.033766,4.953912,4.147617
11.049343,4.937311,4.137670
11.102490,4.903715,4.125318
11.065417,4.902641,4.126283
11.071586,4.950706,4.113830
11.106612,5.014507,4.150365
11.050679,4.967802,4.082286
11.036094,4.911139,4.083197
11.053635,4.890919,4.078705
11.066282,4.907655,4.173707
11.091382,5.011240,4.129064
11.152162,4.914400,4.136887
11.075913,4.953197,4.105401
11.076074,4.938728,4.164289
11.124087,4.866035,4.074858
11.061434,4.888110,4.107124
11.158244,4.912709,4.092274
11.053995,4.857222,4.089264
11.048325,4.910383,4.038145
11.142853,4.962425,4.139136
11.206329,4.897518,4.119477
11.173714,5.000377,4.080848
11.093441,4.907493,4.066581
11.096712,4.889115,4.048571
11.066996,4.906491,4.077793
11.180402,4.952152,4.056561
11.103831,4.933834,4.095439
11.118502,4.892951,4.002971
11.135479,4.900582,4.077219
11.121610,4.931498,4.113625
11.127572,4.929390,4.073678
11.137510,4.890492,3.979778
11.179649,4.874550,4.061074
11.053397,4.831925,4.014786
11.160318,4.864174,4.040778
11.160759,4.845452,4.018094
11.060632,4.868235,4.042571
11.149335,4.857075,4.063089
11.155500,4.909272,4.024315
11.144310,4.868566,4.037282
11.201116,4.896169,4.039060
11.131504,4.852840,3.983778
11.180441,4.901058,4.032245
11.214773,4.916299,4.040127
11.169499,4.952848,3.993804
11.221336,4.843656,3.937906
11.215288,4.932676,3.937323
11.154395,4.829074,3.993733
11.247994,4.826638,4.075835
11.219763,4.837147,3.949919
11.182902,4.871993,3.962753
11.154503,4.839443,3.954354
11.179172,4.886013,4.021393
11.180892,4.914032,3.981085
11.311172,4.860604,3.983484
11.240273,4.892336,3.956600
11.237370,4.870707,4.046009
11.238203,4.858000,3.901246
11.320477,4.860982,3.962380
11.214458,4.925622,3.928338
11.220873,4.853961,3.918678
11.166795,4.895601,3.969612
11.248375,4.883667,3.903091
11.185090,4.867502,4.032946
11.321710,4.830238,3.856250
11.227399,4.750351,3.995456
11.296089,4.934010,3.973083
11.233074,4.892749,4.018616
11.246159,4.829278,3.858376
11.269662,4.895126,3.939341
11.247827,4.799604,3.968530
11.209726,4.919424,3.975063
11.191721,4.918352,3.896548
11.321921,4.949357,3.965981
11.269912,4.844445,3.880604
11.363098,4.856982,3.910611
11.257303,4.846043,3.819203
11.323088,4.791445,3.898758
11.322825,4.807232,3.861528
11.235714,4.895778,3.848548
11.231211,4.809338,3.842355
11.227863,4.819728,3.967810
11.343150,4.777895,3.934460
11.283365,4.886606,3.949857
11.295232,4.840251,3.943090
11.309866,4.847683,3.907106
11.246180,4.837656,3.888614
11.221751,4.814439,3.896724
11.273224,4.754502,3.840115
11.279606,4.846471,3.852074
11.366320,4.780322,3.809562
11.341303,4.854989,3.847292
11.227824,4.809643,3.820907
11.279981,4.808219,3.860387
11.340578,4.803920,3.868792
11.368553,4.817329,3.830813
11.404825,4.798237,3.848350
11.273019,4.777185,3.820028
11.366167,4.807716,3.953190
11.318839,4.788230,3.760359
11.377847,4.859155,3.884890
11.414396,4.796006,3.846627
11.341775,4.782679,3.792011
11.369406,4.823084,3.850927
11.421813,4.752686,3.918708
11.379507,4.777143,3.925002
11.351678,4.786774,3.838221
11.377545,4.843905,3.837019
11.379826,4.786129,3.857316
11.348676,4.880916,3.868743
11.371805,4.798605,3.835367
11.375811,4.847054,3.838465
11.434792,4.842344,3.825138
11.382277,4.765235,3.853426
11.467473,4.765200,3.871483
11.391560,4.766132,3.784055
11.363013,4.722148,3.774428
11.397782,4.897827,3.809885
11.452573,4.744216,3.818485
11.392290,4.778399,3.884337
11.460325,4.784006,3.828840
11.398297,4.751668,3.847804
11.430028,4.835990,3.800538
11.378302,4.746196,3.748507
11.432771,4.672149,3.781616
11.408127,4.730128,3.771992
11.381584,4.738151,3.706799
11.416279,4.794850,3.794777
11.472367,4.770116,3.713978
11.483323,4.812290,3.701169
11.395012,4.814610,3.814465
11.405567,4.655204,3.771694
11.435535,4.737190,3.703030
11.384946,4.744064,3.708093
11.415681,4.692932,3.847070
11.483791,4.827968,3.832821
11.469592,4.728153,3.798646
11.437266,4.777909,3.767343
11.435021,4.775221,3.732253
11.436375,4.805273,3.757903
11.451303,4.752993,3.794743
11.462421,4.726788,3.740835
11.573998,4.715206,3.734355
11.471987,4.815013,3.784041
11.511480,4.731444,3.784946
11.426967,4.711578,3.809462
11.491771,4.619305,3.773735
11.456497,4.696917,3.801774
11.477341,4.692853,3.786407
11.509416,4.726199,3.661166
11.531227,4.680155,3.750330
11.504749,4.671816,3.696495
11.529356,4.718785,3.738429
11.541290,4.761180,3.720301
11.540552,4.607267,3.679655
11.461180,4.710359,3.712042
11.547169,4.708959,3.631232
11.474890,4.663479,3.769658
11.518504,4.726180,3.736097
11.479866,4.625480,3.647295
11.572035,4.659467,3.759494
11.566717,4.693562,3.753736
11.457667,4.701521,3.765111
11.567636,4.689476,3.750419
11.485020,4.642289,3.663140
11.553361,4.674300,3.643874
11.466532,4.675849,3.717372
11.535584,4.775447,3.724164
11.540447,4.673089,3.713720
11.484663,4.631535,3.653193
11.552444,4.696897,3.760884
11.540339,4.652765,3.704864
11.546372,4.682415,3.682308
11.579289,4.649475,3.671349
11.542118,4.644030,3.682132
11.564285,4.609503,3.711413
11.528218,4.608513,3.683987
11.521194,4.725297,3.715987
11.559133,4.678747,3.667071
11.567436,4.711498,3.625089
11.626657,4.652697,3.674096
11.546053,4.640837,3.665602
11.580765,4.636334,3.741705
11.615103,4.645576,3.656620
11.602879,4.616602,3.685494
11.514927,4.612938,3.617107
11.565076,4.655523,3.644910
11.604142,4.660864,3.662335
11.584917,4.658894,3.613084
11.543011,4.719700,3.707535
11.520203,4.640428,3.615562
11.532049,4.666151,3.648365
11.608537,4.597216,3.687322
11.571440,4.709965,3.672002
11.546570,4.667448,3.707807
11.593108,4.641415,3.582250
11.576833,4.704127,3.634472
11.656859,4.623697,3.680959
11.568803,4.591067,3.639909
11.636701,4.602469,3.601899
11.491630,4.678496,3.576041
11.618933,4.578979,3.623967
11.657839,4.619635,3.627892
11.645951,4.609209,3.638672
11.542227,4.601949,3.595333
11.610131,4.593686,3.610827
11.579013,4.590191,3.667100
11.647717,4.547250,3.668519
11.604403,4.544896,3.646779
11.691038,4.657444,3.656856
11.661673,4.654136,3.646629
11.657580,4.566346,3.636063
11.625842,4.589613,3.574171
11.601215,4.623044,3.613761
11.664077,4.606902,3.531636
11.657941,4.576857,3.547255
11.591104,4.545177,3.662260
11.602941,4.576479,3.684967
11.662495,4.560516,3.652350
11.620857,4.541814,3.626533
11.646675,4.618527,3.600276
11.656305,4.572295,3.623407
11.652626,4.644608,3.557040
11.684195,4.609968,3.665515
11.708296,4.492780,3.591155
11.654287,4.562412,3.556202
11.699413,4.674590,3.635026
11.744930,4.644159,3.581466
11.678693,4.503280,3.587063
11.580792,4.567114,3.589460
11.734217,4.538875,3.644976
11.624387,4.540228,3.592846
11.699434,4.637479,3.569025
11.676958,4.595746,3.594511
11.661916,4.556578,3.544606
11.679236,4.564104,3.574090
11.723378,4.527257,3.633539
11.755759,4.582350,3.529802
11.779377,4.584407,3.617207
11.751633,4.594614,3.576832
11.707516,4.579812,3.581215
11.778708,4.601557,3.608810
11.745979,4.563698,3.516711
11.715918,4.510914,3.592303
11.679685,4.503702,3.564362
11.717784,4.506850,3.600164
11.725291,4.570819,3.609903
11.712971,4.525984,3.581403
11.729966,4.537798,3.545781
11.687111,4.539808,3.544155
11.742037,4.457071,3.590888
11.749313,4.571619,3.529316
11.752447,4.523389,3.574346
11.764475,4.563703,3.619202
11.747855,4.564057,3.590640
11.697869,4.498089,3.536092
11.763577,4.570030,3.495307
11.669983,4.432455,3.555782
11.784834,4.502959,3.528570
11.840141,4.510176,3.572809
11.723719,4.494329,3.499254
11.849089,4.525317,3.528959
11.672556,4.454017,3.528764
11.759284,4.527536,3.523996
11.807820,4.514893,3.556126
11.705357,4.488115,3.585925
11.771488,4.534354,3.569702
11.793277,4.465378,3.548536
11.828225,4.514157,3.504517
11.804779,4.484093,3.525730
11.680834,4.519556,3.564943
11.787100,4.531759,3.513793
11.777205,4.439269,3.549461
11.780058,4.485203,3.577710
11.771804,4.467150,3.531819
11.792816,4.410671,3.463916
11.769905,4.500562,3.538414
11.728983,4.456350,3.424072
11.811100,4.449467,3.506591
11.839825,4.480310,3.547159
11.842202,4.366259,3.504578
11.829629,4.413698,3.459768
11.745252,4.537444,3.484005
11.737643,4.402749,3.513715
11.847505,4.428088,3.556840
11.759543,4.473361,3.462255
11.820463,4.440125,3.495628
11.800133,4.463390,3.489260
11.787803,4.480821,3.439135
11.821876,4.471432,3.520991
11.748402,4.393292,3.503862
11.744222,4.423160,3.537482
11.731692,4.408985,3.511329
11.787998,4.481239,3.474218
11.777134,4.454350,3.462639
11.717539,4.448920,3.497708
11.848169,4.450024,3.496683
11.726561,4.437637,3.508008
11.775672,4.476567,3.501896
11.809869,4.449672,3.555492
11.866605,4.473202,3.401858
11.855078,4.361434,3.470909
11.794831,4.444055,3.521323
11.823152,4.447594,3.537009
11.815695,4.373225,3.501027
11.812806,4.405367,3.597840
11.868413,4.384377,3.431490
11.876066,4.440603,3.435710
11.846010,4.422012,3.518346
11.871688,4.408348,3.519325
11.874185,4.469451,3.546885
11.838433,4.402889,3.540783
11.788177,4.471793,3.586715
11.843625,4.328215,3.511872
11.880665,4.326523,3.481903
11.854755,4.354443,3.533897
11.880722,4.363018,3.492130
11.761422,4.422350,3.479930
11.888897,4.424512,3.493862
11.815003,4.393326,3.442954
11.861979,4.454753,3.555224
11.850453,4.440480,3.468174
11.881877,4.339141,3.486897
11.889274,4.402034,3.498185
11.842840,4.466980,3.455852
11.834363,4.418264,3.471086
11.792847,4.429566,3.472420
11.851086,4.364708,3.494569
11.838095,4.375425,3.408835
11.864349,4.401314,3.507676
11.920892,4.410943,3.509464
11.851929,4.369363,3.530089
11.853395,4.433634,3.499361
11.894611,4.385597,3.509484
11.867674,4.392183,3.427271
11.884748,4.373463,3.499810
11.796954,4.446648,3.512171
11.883203,4.363840,3.495970
11.839848,4.290591,3.486054
11.863639,4.274374,3.460115
11.914181,4.349497,3.437081
11.874450,4.330296,3.503793
11.901645,4.311619,3.459869
11.821506,4.412909,3.521271
11.903679,4.454778,3.469643
11.847261,4.320890,3.440559
11.892482,4.411545,3.527363
11.918615,4.398528,3.479268
11.742432,4.343946,3.487732
11.967694,4.388427,3.521162
11.843378,4.399384,3.449875
11.880982,4.318941,3.460111
11.915869,4.366914,3.402623
11.950931,4.339885,3.463154
11.880305,4.314066,3.501474
11.911270,4.243564,3.457088
11.890023,4.323197,3.481326
11.920749,4.288860,3.461738
11.874176,4.375994,3.429777
11.921869,4.345792,3.479390
11.933808,4.338312,3.501601
11.910572,4.313782,3.420836
11.868583,4.344418,3.451342
11.885281,4.340092,3.533973
11.886524,4.321561,3.433311
11.950268,4.237390,3.418489
11.941946,4.327091,3.410377
11.956348,4.289484,3.419990
11.843684,4.340235,3.505217
11.936288,4.325860,3.422116
11.909467,4.269132,3.456242
11.968742,4.279981,3.396752
11.891282,4.328647,3.470258
11.914594,4.318099,3.446272
11.970660,4.251709,3.405807
11.904046,4.247633,3.440861
11.915430,4.324529,3.565785
11.938459,4.241768,3.471808
11.962707,4.329497,3.477601
11.984626,4.285602,3.516352
11.915035,4.325174,3.462811
11.898781,4.295442,3.451933
11.900410,4.301788,3.487834
11.973779,4.248447,3.452825
11.954902,4.302119,3.435709
11.844896,4.267814,3.466781
11.904388,4.301924,3.415929
11.940000,4.280652,3.480120
11.970898,4.285023,3.525008
11.938574,4.290433,3.525088
11.399979,4.072616,3.212918
10.833519,3.782662,3.122227
10.263776,3.639026,2.933209
9.725816,3.429321,2.680734
9.117665,3.219187,2.506351
8.566770,3.122001,2.462129
8.023547,2.928189,2.269889
7.460177,2.697490,2.204984
6.918210,2.590916,2.154678
6.510653,2.517015,1.930647
6.096834,2.386972,1.977416
5.696609,2.303182,1.870708
5.333926,2.146972,1.779004
5.068695,2.130593,1.789939
4.792712,2.018842,1.674810
4.524303,2.024303,1.633914
4.293126,1.928588,1.508399
4.111694,1.846326,1.633992
4.007620,1.772699,1.421498
3.767904,1.789591,1.492668
3.610916,1.755402,1.446166
3.412535,1.651045,1.346736
3.286301,1.611510,1.376749
3.192939,1.619439,1.449540
3.061451,1.573913,1.243000
2.911718,1.595105,1.263246
2.918088,1.542739,1.258514
2.820987,1.384698,1.247313
2.632475,1.537699,1.247494
2.680072,1.456434,1.228356
2.514541,1.456310,1.267845
2.501622,1.354069,1.255389
2.437721,1.325645,1.112525
2.351586,1.291482,1.209460
2.358575,1.326745,1.203751
2.314753,1.259677,1.180110
2.269915,1.342894,1.186142
2.292674,1.256707,1.075827
2.167395,1.283905,1.007240
2.189030,1.258120,1.175638
2.208079,1.260756,1.079028
2.219444,1.221505,1.120479
2.015376,1.290260,1.072352
2.078290,1.242516,1.100466
2.059789,1.207748,1.032892
2.019858,1.196956,1.117078
1.991865,1.206061,1.116165
1.996106,1.172098,1.049941
1.959423,1.152929,0.979713
1.882612,1.228602,0.990441
1.857357,1.238625,1.054909
1.864838,1.148503,1.073000
1.919721,1.216179,1.031566
1.856909,1.241132,0.960045
1.852389,1.082701,1.042183
1.915247,1.205142,0.988298
1.858385,1.036129,0.954825
1.821568,1.162257,1.081092
1.773624,1.121069,0.963555
1.837202,1.132769,0.968754
1.787553,1.117618,0.960435
1.770860,1.048117,0.912008
1.816965,1.016600,0.935570
1.643743,1.028187,0.936290
1.724274,1.044673,0.980409
1.669558,1.059685,0.920580
1.687443,1.169876,0.913605
1.721922,1.102707,0.923665
1.697070,1.149761,0.904986
1.666382,1.072755,0.931859
1.705758,1.017568,0.977096
1.696945,1.036056,0.886686
1.730380,1.007754,0.907847
1.614910,1.007822,0.905205
1.658744,1.095366,0.878060
1.618923,0.994186,0.807453
1.628278,1.024863,0.918297
1.619143,0.941638,0.800406
1.578107,0.977265,0.880569
1.590052,1.045242,0.879033
1.581827,1.006340,0.883650
1.630442,0.908630,0.914824
1.558066,0.924838,0.842666
1.593234,0.922337,0.881739
1.558845,0.952562,0.803311
1.548509,0.903868,0.862528
1.585569,0.990036,0.883300
1.441097,0.930936,0.821559
1.566195,0.927309,0.813419
1.465106,0.955885,0.767919
1.474562,0.890169,0.851995
1.535733,0.935802,0.804179
1.568872,0.910615,0.720973
1.508115,0.958470,0.834206
1.440061,0.878967,0.805900
1.458808,0.851629,0.860066
1.468347,0.902677,0.803774
1.455543,0.903726,0.859237
1.423831,0.870100,0.792247
1.413721,0.829876,0.724570
1.427926,0.804942,0.743389
1.500138,0.834240,0.802954
1.375664,0.831495,0.701950
1.359519,0.846243,0.826849
1.442782,0.815588,0.807926
1.448020,0.856730,0.801250
1.356285,0.902722,0.846692
1.375857,0.804824,0.691700
1.341545,0.896959,0.748531
1.337887,0.864542,0.735844
1.381323,0.774604,0.763472
1.305709,0.828978,0.737849
1.316730,0.874942,0.790752
1.357739,0.846301,0.728204
1.401617,0.784040,0.671639
1.366532,0.769910,0.700102
1.278357,0.764867,0.631906
1.312239,0.735207,0.758708
1.296881,0.791429,0.731884
1.287604,0.827698,0.647404
1.277453,0.836923,0.722289
1.258620,0.757604,0.696965
1.218905,0.740615,0.714001
1.270823,0.714400,0.661785
1.284315,0.713325,0.735548
1.173587,0.731476,0.760621
1.334478,0.771862,0.614394
1.272727,0.728935,0.660551
1.234655,0.759903,0.614379
1.215935,0.811526,0.638723
1.264011,0.732987,0.638533
1.233230,0.774748,0.683600
1.202101,0.665175,0.761453
1.190817,0.766724,0.727777
1.203796,0.742521,0.622841
1.183647,0.660904,0.671554
1.143390,0.756191,0.731415
1.187083,0.704598,0.690409
1.224667,0.656404,0.661706
1.192561,0.659202,0.584466
1.211241,0.736288,0.625057
1.190549,0.687216,0.589068
1.185220,0.714857,0.622218
1.251084,0.691940,0.616762
1.249456,0.671719,0.573465
1.124256,0.610956,0.603272
1.115982,0.688360,0.593790
1.064272,0.633555,0.584078
1.123941,0.701120,0.616052
1.046129,0.673811,0.655671
1.094059,0.680574,0.579680
1.065800,0.618811,0.620903
1.136693,0.671626,0.636334
1.146586,0.596798,0.614480
1.113443,0.670892,0.663867
1.084345,0.675061,0.569338
1.115400,0.590224,0.680827
1.095765,0.771415,0.635971
1.097975,0.731412,0.631960
1.093852,0.652296,0.650849
1.103604,0.683540,0.617477
1.061905,0.715326,0.595787
1.065184,0.621983,0.604466
1.022118,0.612251,0.581801
1.016051,0.670606,0.553255
1.035920,0.597396,0.600557
1.077402,0.588229,0.486624
1.057009,0.568298,0.564551
1.037300,0.599538,0.539700
0.962738,0.605376,0.545375
0.978645,0.585140,0.518597
1.024712,0.524580,0.578650
0.984115,0.598657,0.479255
0.940306,0.632377,0.515069
1.018190,0.620855,0.580105
0.980095,0.631136,0.512911
1.005665,0.594916,0.489845
1.002024,0.589058,0.577622
0.940400,0.584318,0.496859
0.926369,0.518477,0.463143
0.954965,0.625099,0.563332
0.927374,0.563430,0.486358
0.917056,0.581231,0.473574
0.949198,0.632058,0.543166
0.916366,0.548735,0.430975
0.927043,0.574008,0.446059
0.924716,0.527305,0.464517
0.900892,0.564536,0.419093
0.898872,0.595276,0.475156
0.914371,0.505788,0.484007
0.922648,0.587136,0.490475
0.912055,0.483150,0.439601
0.887033,0.599048,0.449262
0.850079,0.537838,0.511707
0.866138,0.515948,0.488868
0.828552,0.554739,0.392065
0.825062,0.512412,0.472591
0.831314,0.595483,0.439157
0.873987,0.460748,0.433836
0.881256,0.500011,0.499623
0.884818,0.537089,0.437998
0.875652,0.563861,0.487102
0.883087,0.502445,0.454381
0.838382,0.492799,0.476095
0.809220,0.455563,0.473780
0.848520,0.503556,0.427916
0.768188,0.471229,0.495087
0.821523,0.509143,0.465576
0.769267,0.534093,0.450090
0.814994,0.520326,0.403760
0.805293,0.482743,0.504211
0.813181,0.510052,0.440306
0.841483,0.474914,0.460622
0.789186,0.489023,0.460613
0.750005,0.391642,0.430244
0.814422,0.458188,0.380619
0.826778,0.381456,0.445262
0.822001,0.439162,0.399417
0.745673,0.480998,0.488294
0.732071,0.484112,0.430007
0.698471,0.498980,0.399536
0.694102,0.419549,0.394165
0.759813,0.461047,0.448210
0.726525,0.500362,0.410138
0.723794,0.461813,0.447694
0.730654,0.484897,0.449324
0.659757,0.530506,0.413305
0.733299,0.461036,0.384477
0.780684,0.447003,0.403323
0.702973,0.486136,0.436594
0.738948,0.449237,0.372994
0.653645,0.457297,0.367148
0.728594,0.395403,0.409417
0.719683,0.399338,0.382145
0.763381,0.511599,0.423828
0.729381,0.449574,0.353959
0.728502,0.494902,0.370551
0.690696,0.466156,0.375977
0.718843,0.444900,0.387357
0.684961,0.428001,0.379228
0.723006,0.394397,0.390307
0.725035,0.449999,0.372252
0.681082,0.446147,0.342191
0.652703,0.388136,0.368990
0.633533,0.424990,0.396991
0.715761,0.382022,0.373548
0.689412,0.414017,0.436934
0.685917,0.420765,0.387162
0.666615,0.447700,0.380587
0.658311,0.346479,0.432499
0.691780,0.367423,0.292226
0.625237,0.445722,0.343375
0.529772,0.431393,0.305737
0.644324,0.409993,0.349343
0.699796,0.331783,0.342308
0.692902,0.336233,0.355551
0.654976,0.399434,0.365320
0.594237,0.387625,0.366147
0.645394,0.408180,0.354871
0.658993,0.365088,0.368763
0.597144,0.317570,0.392781
0.528459,0.418847,0.370748
0.568367,0.356283,0.350572
0.605935,0.354012,0.376741
0.637368,0.335538,0.391972
0.610685,0.369766,0.377657
0.609543,0.359149,0.275538
0.574290,0.427630,0.340110
0.611111,0.382345,0.373460
0.554570,0.397125,0.354421
0.547659,0.330648,0.317204
0.489884,0.321640,0.285175
0.644796,0.345080,0.337387
0.498265,0.308833,0.394857
0.573287,0.292396,0.324126
0.622294,0.339122,0.284236
0.608222,0.381257,0.342771
0.602826,0.341644,0.269759
0.585523,0.359940,0.336128
0.608124,0.358892,0.271576
0.476705,0.262545,0.369945
0.577880,0.313043,0.302987
0.538337,0.278166,0.370394
0.592010,0.388124,0.325450
0.586834,0.367308,0.343671
0.478042,0.291907,0.247062
0.484981,0.357848,0.275544
0.572889,0.243288,0.341592
0.561712,0.360374,0.306237
0.524308,0.323398,0.302704
0.515656,0.300006,0.291121
0.513662,0.305706,0.344552
0.527308,0.356855,0.282318
0.518083,0.340191,0.275925
0.510995,0.351400,0.290219
0.495605,0.304190,0.291226
0.419091,0.281526,0.306784
0.508389,0.322721,0.313230
0.518779,0.265754,0.331087
0.462944,0.390034,0.275621
0.493638,0.353220,0.232802
0.579448,0.230131,0.247014
0.468490,0.214399,0.213644
0.497671,0.288354,0.232496
0.463711,0.251599,0.273825
0.520126,0.353414,0.326346
0.465285,0.300210,0.274817
0.456517,0.262937,0.292171
0.459646,0.286402,0.227383
0.431653,0.274111,0.310989
0.450862,0.375405,0.307691
0.457839,0.264430,0.259423
0.444959,0.231316,0.204523
0.420396,0.352359,0.256794
0.421943,0.230589,0.242945
0.494447,0.260215,0.293384
0.386894,0.304690,0.238235
0.425130,0.211128,0.204892
0.413644,0.203337,0.219330
0.542916,0.234208,0.282137
0.468473,0.251087,0.295656
0.481674,0.252415,0.284641
0.469918,0.278623,0.306707
0.478271,0.256660,0.189770
0.415808,0.192747,0.261825
0.447797,0.251267,0.268250
0.382022,0.235876,0.236572
0.445877,0.220586,0.289390
0.524257,0.237660,0.276017
0.485868,0.223073,0.209954
0.487460,0.201260,0.142993
0.384458,0.235217,0.276669
0.431056,0.255376,0.198319
0.418229,0.282190,0.254726
0.462354,0.260855,0.208670
0.398356,0.269076,0.213445
0.375953,0.253715,0.321937
0.383098,0.201600,0.223716
0.376814,0.190104,0.218210
0.345151,0.289481,0.276174
0.369878,0.149901,0.261825
0.382538,0.246589,0.229756
0.416556,0.191920,0.208642
0.482498,0.163231,0.252296
0.406822,0.237318,0.153288
0.412722,0.204313,0.159203
0.394762,0.175799,0.194173
0.342324,0.253778,0.270312
0.426995,0.165445,0.251863
0.381229,0.240178,0.245373
0.339875,0.231005,0.250616
0.304881,0.286190,0.131529
0.396134,0.203913,0.203209
0.328712,0.247459,0.205685
0.371640,0.286954,0.229871
0.420897,0.240850,0.231914
0.416971,0.214115,0.232982
0.402602,0.210845,0.227418
0.380566,0.238301,0.155091
0.322195,0.246226,0.253993
0.331080,0.160033,0.166377
0.347977,0.204000,0.232867
0.426703,0.226915,0.240526
0.381629,0.205201,0.173097
0.342642,0.248322,0.231329
0.365283,0.157885,0.202764
0.342437,0.192739,0.241697
0.315605,0.198719,0.215732
0.372481,0.205446,0.176456
0.304923,0.259536,0.227380
0.294147,0.202358,0.199443
0.340015,0.168346,0.193783
0.330653,0.261998,0.207552
0.344450,0.147883,0.128554
0.326290,0.191091,0.177282
0.321030,0.231164,0.133176
0.358801,0.202867,0.196680
0.348554,0.154621,0.133156
0.241308,0.205542,0.174737
0.324001,0.222075,0.192793
0.347614,0.185140,0.172804
0.367859,0.184870,0.147456
0.391280,0.243138,0.191028
0.295032,0.103143,0.166703
0.345912,0.213657,0.213300
0.354103,0.162559,0.246457
0.303358,0.114779,0.177574
0.292701,0.195988,0.256224
0.396215,0.207520,0.170495
0.294444,0.233273,0.179418
0.223776,0.232106,0.141350
0.352162,0.232337,0.180229
0.301241,0.198945,0.141255
0.358535,0.143118,0.205819
0.319078,0.188402,0.140497
0.253454,0.190819,0.206383
0.368309,0.189722,0.221575
0.343325,0.161186,0.190113
0.352917,0.215631,0.105534
0.237073,0.239745,0.117027
0.363727,0.219331,0.157085
0.267364,0.262008,0.199374
0.255260,0.124509,0.159502
0.343207,0.208681,0.136149
0.247798,0.254064,0.161732
0.276478,0.186971,0.189439
0.385597,0.168794,0.159364
0.266283,0.142192,0.136420
0.276782,0.135461,0.224822
0.289744,0.222859,0.075806
0.237085,0.155761,0.191865
0.222332,0.199117,0.176664
0.205135,0.132666,0.119505
0.272722,0.177494,0.129392
0.262366,0.145968,0.108256
0.266253,0.206429,0.124612
0.258937,0.076085,0.206321
0.281508,0.158324,0.192855
0.220633,0.227209,0.123968
0.271059,0.203894,0.177933
0.372976,0.146412,0.145462
0.257041,0.191149,0.182966
0.286462,0.147620,0.124512
0.335787,0.122158,0.186012
0.258777,0.140180,0.202331
0.304365,0.156899,0.159742
0.282394,0.153373,0.214144
0.330351,0.190124,0.144105
0.235949,0.143730,0.168156
0.306005,0.150961,0.151135
0.271657,0.199464,0.140117
0.260762,0.071492,0.144645
0.203027,0.107770,0.050751
0.268489,0.178270,0.128503
0.248093,0.139353,0.139896
0.250558,0.157033,0.194362
0.254963,0.161131,0.156459
0.233225,0.143356,0.169612
0.233804,0.179786,0.079609
0.256968,0.152452,0.105068
0.227716,0.222054,0.196374
0.164146,0.121233,0.155256
0.252665,0.172500,0.156049
0.232928,0.157205,0.118426
0.266175,0.175017,0.180144
0.226633,0.130707,0.127213
0.245360,0.127751,0.087131
0.285672,0.175934,0.124311
0.254885,0.145919,0.143642
0.269870,0.075680,0.159461
0.235246,0.218086,0.126099
0.234892,0.134273,0.125184
0.170950,0.139029,0.125861
0.186536,0.167814,0.225928
0.252708,0.110711,0.126665
0.177530,0.223102,0.206736
0.198059,0.171440,0.146565
0.203833,0.066974,0.108771
0.184431,0.060372,0.118158
0.245466,0.095752,0.232267
0.211835,0.083321,0.202985
0.202217,0.111334,0.197944
0.279964,0.158214,0.075081
0.193242,0.052965,0.128293
0.228662,0.133965,0.104387
0.259474,0.167773,0.147387
0.236049,0.195583,0.126015
0.245103,0.069970,0.073376
0.218237,0.108877,0.052996
0.205632,0.252269,0.047140
0.181533,0.126408,0.116341
0.165352,0.036002,0.184952
0.146234,0.091872,0.159765
0.132613,0.096836,0.124606
0.220285,0.153201,0.068987
0.224136,0.110948,0.128687
0.248602,0.137257,0.193169
0.265458,0.169246,0.117390
0.223357,0.095844,0.135470
0.230109,0.137038,0.076033
0.150979,0.117310,0.179304
0.178862,0.067283,0.128440
0.210303,0.121553,0.095539
0.160786,0.167493,0.082503
0.184042,0.113759,0.117069
0.213914,0.092848,0.034802
0.133167,0.177809,0.047708
0.143688,0.056496,0.173856
0.058535,0.129488,0.123066
0.194800,0.092587,0.123276
0.200967,0.050317,0.054831
0.198648,0.107659,0.081122
0.160872,0.069167,0.159091
0.155682,0.048580,0.120230
0.168999,0.107232,0.051245
0.267822,0.108482,0.033138
0.220509,0.141848,0.085821
0.140475,0.034492,0.087561
0.174131,0.103660,0.102886
0.175207,0.075630,0.105854
0.246970,0.100504,0.094710
0.200778,0.087025,0.186163
0.133260,0.059487,0.067063
0.105015,0.086191,0.119642
0.213215,0.080453,0.087217
0.172544,0.120714,0.101424
0.107294,0.094648,0.104629
0.090953,0.126581,0.030876
0.227478,0.084578,0.125278
0.148235,0.116865,0.105986
0.123979,0.191046,0.129386
0.205977,0.193307,0.049982
0.098335,0.144943,0.096037
0.200887,0.145435,0.070478
0.221237,0.094414,0.066181
0.145380,0.039980,0.036882
0.198757,0.046567,0.083832
0.221164,0.141253,0.147498
0.174175,0.147417,0.107645
0.223139,0.052428,0.083894
0.218355,0.079251,0.042453
0.156364,0.115736,0.155527
0.109473,0.072485,0.116406
0.166175,0.110106,0.097141
0.123161,0.067701,0.054339
0.186164,0.104537,0.079868
0.128329,0.120346,0.019703
0.153551,0.110646,0.088837
0.176332,0.068667,0.082492
0.185563,0.020156,0.053342
0.180397,0.095131,0.071478
0.158687,0.167146,0.124717
0.127899,0.140366,0.152073
0.109763,0.112145,0.172195
0.167140,0.057636,0.061778
0.183542,0.035966,0.133154
0.169218,0.104065,0.067836
0.220214,0.094944,0.036155
0.147456,0.056557,0.092534
0.112662,0.185356,0.005427
0.101557,0.074282,0.039907
0.120310,0.049628,0.157752
0.179032,0.177520,0.040641
0.127035,0.075169,0.099217
0.116070,0.100710,0.033779
0.131098,0.110604,0.021742
0.105105,0.108835,0.009435
0.116721,0.049219,0.011424
0.112005,0.108867,-0.002805
0.153156,0.109606,0.076550
0.166704,0.210968,0.104352
0.094508,0.134390,0.122139
0.227644,0.033000,0.033884
0.100467,0.079627,0.099360
0.078301,0.127896,0.100538
0.110308,0.162900,0.095954
0.135555,-0.002268,0.056140
0.115048,0.124622,-0.017424
0.152071,0.013022,0.077039
0.132815,0.054037,0.027147
0.111230,0.124636,0.032705
0.159913,0.130736,0.139814
0.104340,0.051211,0.122117
0.108927,0.085039,0.008554
0.114233,0.124561,0.041820
0.176767,0.060407,0.029898
0.134475,0.152988,0.126228
0.065867,0.045288,0.195249
0.107262,0.080998,0.010971
0.147517,0.077103,0.055966
0.040174,0.104891,0.038924
0.099682,0.021596,0.098262
0.078031,-0.024215,0.140401
0.152980,0.077724,0.088403
0.055013,0.112659,0.107930
0.104456,0.090432,0.109541
0.044680,0.079852,0.049566
0.129477,0.065868,0.093976
0.065169,0.098155,0.061818
0.157152,0.080655,0.120297
0.088300,0.081513,0.084037
0.104513,0.028566,0.084091
0.105539,-0.009617,0.084037
0.101177,0.005918,0.046244
0.038687,0.051066,0.130431
0.116650,-0.005296,0.026553
0.112043,0.091749,0.045763
0.152759,0.071854,0.082524
0.106001,0.024367,0.077447
0.127360,0.071784,0.021315
0.133002,0.011161,0.083949
0.088874,0.095287,0.053243
0.142914,0.098061,0.012395
0.036206,0.037173,0.033206
0.010848,0.093030,0.061699
0.153641,0.125192,0.005304
0.106698,0.000821,0.024690
0.123535,0.082050,0.123806
0.159226,0.034778,0.077649
0.097719,0.042639,0.047002
0.155577,0.100454,0.030728
0.085083,0.094611,0.028957
0.095066,-0.009472,0.031171
0.060212,0.030649,0.027736
0.164010,0.016661,0.049432
0.136060,0.023996,0.059319
0.042758,0.031965,0.085390
0.082396,0.092941,0.086105
0.052160,-0.001132,0.067401
0.169844,0.053743,0.019736
0.108850,0.106064,0.048621
0.105300,0.110379,0.102910
0.109355,0.077488,0.094864
0.093785,0.071343,0.007557
0.093393,0.095022,0.022341
0.080198,0.062303,0.043075
0.078266,0.051718,0.106850
0.042199,0.047771,0.089401
0.085771,0.139074,0.022362
0.093263,0.141249,-0.042703
0.074422,0.065867,0.021902
0.053807,0.060747,0.113671
0.060897,0.036570,0.052539
0.074711,0.070078,-0.003919
0.078922,0.098134,0.061023
0.141315,0.076862,0.118788
0.069446,0.075573,0.068024
0.137339,0.065094,0.053556
0.078361,0.017487,0.023382
0.055497,0.081852,0.016462
0.061069,0.028171,-0.029542
0.109322,0.125463,0.094286
0.099782,0.066901,0.057396
0.076561,0.024595,0.103277
0.096712,0.128839,0.133973
0.103268,0.101493,0.107239
0.109639,0.118809,0.042498
0.112034,0.019690,0.068998
0.069845,0.049140,-0.013957
0.122840,0.063188,-0.012622
-0.013168,0.053460,0.018406
0.003986,0.019839,0.057262
0.089923,0.028045,-0.009076
0.158108,0.048767,0.090270
0.031733,0.081850,0.073782
0.034608,0.003918,0.071978
0.012646,0.095776,-0.062644
0.111044,-0.010519,0.094171
0.132172,0.079636,0.040193
0.048912,0.033540,-0.046720
0.080479,-0.006395,0.095980
0.051576,0.066194,0.119669
0.011972,0.002715,0.089926
0.064868,0.037803,0.027594
0.129612,0.142831,-0.014490
0.086238,0.078462,0.027375
0.131111,0.031778,0.029095
0.062141,0.051080,0.078706
0.137255,0.040456,0.010380
0.113997,0.080926,0.013792
0.012130,0.002989,0.026572
0.066927,-0.003376,0.038902
0.053495,0.072537,0.086288
0.045875,0.034440,0.082377
0.039678,0.040291,0.048014
0.044447,0.053914,-0.015843
0.052187,0.073255,0.001393
0.065477,-0.055761,-0.022305
0.020505,-0.001721,0.084857
0.046933,0.020252,0.019557
0.045342,0.045700,0.095394
0.040097,0.072611,0.101958
0.087112,0.117765,0.046741
0.085223,0.056366,0.076283
0.097617,0.128757,0.030447
0.018618,0.098475,-0.062263
0.018870,0.095271,0.023649
0.040695,0.062099,0.033541
0.090820,-0.025656,0.016683
0.116967,0.051317,0.109869
0.073825,0.047006,0.095571
0.038794,0.032316,0.049081
0.029052,0.029854,0.017921
-0.000533,0.022402,0.057958
0.108991,0.024001,-0.026012
0.104291,0.000121,0.051437
0.052180,0.031971,0.108629
0.053261,0.087402,0.004215
0.109665,0.001980,-0.056562
0.077166,0.037127,-0.018121
0.032357,0.023824,0.122319
0.093939,0.009965,0.076813
0.077751,0.075410,0.023766
0.125131,0.061814,0.012024
0.072172,0.056067,0.016039
0.050491,0.018770,0.039492
0.033116,0.050690,0.103441
-0.036163,0.048044,0.062814
0.090181,0.070431,0.041962
-0.032801,-0.019694,0.044161
-0.008260,-0.011138,0.004998
0.073070,0.039987,0.022258
-0.006548,0.036494,-0.030598
0.030421,0.015048,-0.021086
0.096480,0.055000,-0.030276
0.053016,0.097361,0.059843
0.003767,0.010164,0.051464
0.055277,0.040099,0.077646
-0.089747,-0.003443,0.068782
0.015500,0.049107,0.060428
0.066112,0.082799,0.029636
0.016497,0.006988,0.024157
0.032926,-0.031483,-0.062167
0.058667,0.073052,0.084087
0.111586,0.022860,-0.008176
0.029266,0.032455,0.048896
0.032612,0.048910,0.047005
0.036535,0.039670,0.090377
0.077696,0.034967,0.037728
0.081436,0.032078,0.065422
0.066678,0.087107,0.036633
0.047099,0.022661,0.037325
0.006223,0.050893,-0.012117
-0.027869,0.061829,0.032606
-0.014548,-0.053867,0.008367
0.054295,0.061495,0.019268
0.050895,0.029978,0.049244
0.053881,-0.022879,0.017452
0.067634,0.065549,0.024250
0.060219,0.109935,0.008174
0.068756,-0.029803,-0.057227
0.108245,-0.023827,0.004329
0.060598,0.046549,-0.087287
0.028231,0.083681,0.044201
0.030158,0.021065,0.022286
0.059958,0.016471,-0.050312
0.032566,-0.016759,-0.013024
0.116263,0.070288,0.034218
0.085464,0.011022,0.019584
0.095791,0.014059,-0.029622
0.044857,0.049883,0.063254
0.124942,0.054411,0.032797
0.010960,-0.028607,0.089393
0.003215,0.016101,0.019092
0.052111,-0.012643,0.085778
0.079045,0.019758,-0.000650
0.058437,0.063745,0.101223
0.003252,-0.009893,0.008958
-0.003352,0.014261,0.007345
0.073026,0.048947,0.077666
0.119262,0.078532,0.049825
0.050965,0.070276,0.034324
0.013342,0.063916,-0.004067
0.078503,0.031624,0.006348
0.134358,0.033206,0.061018
0.103529,0.048654,-0.002160
0.067769,0.074299,0.082477
0.013434,0.053648,0.007043
0.147342,-0.001478,0.036483
-0.033778,-0.052930,-0.017552
-0.011208,0.005767,0.038854
0.025930,0.041742,-0.012069
0.035587,-0.004482,0.056808
0.066795,0.010441,0.009180
-0.021888,-0.002082,0.011470
0.076325,-0.005084,0.058370
0.095751,-0.024350,0.086244
0.031616,0.063774,0.126256
0.103625,0.066926,0.010492
0.041458,0.014422,0.017732
0.068159,0.009154,0.006129
0.089797,0.085973,-0.061075
0.053937,0.082623,-0.028483
0.019954,0.005507,0.085742
-0.010304,0.001799,0.092200
0.005449,0.047874,0.058416
0.018582,0.077050,0.042474
0.080782,0.043106,0.052873
0.093791,0.046162,-0.015607
0.001640,0.040603,0.003780
0.070089,0.017749,0.021831
0.056374,0.067658,-0.031893
0.001493,0.026329,0.025100
0.019313,0.011131,0.015921
-0.021307,0.037201,0.034483
0.031646,0.023415,0.020861
-0.013221,0.026884,0.011261
-0.015459,0.026206,-0.016164
0.094369,0.029425,0.024641
0.012585,0.081677,0.055843
0.084217,-0.009553,0.049552
0.050089,-0.010384,-0.010873
-0.009919,0.036247,0.022254
0.027802,-0.012506,-0.098028
0.089940,0.053241,0.005418
-0.085844,0.074020,0.006135
0.061533,-0.021738,0.036796
0.051145,-0.034827,0.056672
0.070248,0.088254,0.033515
0.067174,-0.013741,-0.022097
0.097789,0.005075,0.057571
0.066673,-0.002506,0.062806
0.065758,0.052367,0.017571
0.037934,0.004697,0.093374
0.010402,0.033431,0.025283
0.073895,0.001755,0.121657
0.015048,0.058623,0.060909
0.043172,0.009293,0.030808
0.035394,-0.032667,-0.034006
0.062250,0.050780,0.017405
-0.017468,0.024118,-0.007003
0.033456,-0.046787,0.066404
0.044967,-0.016286,0.042090
0.069300,0.021996,0.057063
0.005853,0.053959,-0.002970
0.027757,0.031024,0.121289
0.012610,0.000110,0.039332
-0.000129,0.019072,0.045865
0.005789,0.069259,-0.072730
0.056127,0.004322,0.027488
-0.039607,-0.061277,0.011066
0.028845,0.051519,-0.001258
0.012389,-0.036636,0.055036
-0.045093,0.034543,0.025744
0.094477,0.042849,0.043598
0.042554,-0.054866,0.046703
0.035401,0.024087,0.044022
0.047944,-0.031760,0.034039
0.041351,-0.035572,0.012545
0.033990,-0.001621,0.035632
0.043602,0.008639,-0.028237
0.034193,0.046797,0.009688
0.086655,-0.006193,0.006730
-0.011995,0.046737,0.007414
0.113684,0.072018,-0.028363
0.067629,0.063556,0.045183
-0.032984,0.024963,-0.011390
0.040712,0.050267,0.002522
0.113135,-0.010223,0.029486
0.041567,0.119279,0.022757
0.058707,0.063992,0.078852
-0.009626,0.073737,-0.015614
0.051007,0.023200,0.003441
0.055232,-0.021249,0.044262
0.047546,0.020704,0.057466
0.000729,0.015754,-0.019306
0.054703,0.039739,0.022150
-0.009808,-0.028465,0.021527
-0.018956,-0.021008,-0.006401
0.037263,0.088276,0.038131
-0.003426,0.068798,0.050902
-0.002284,0.032125,0.003425
0.075321,0.013248,0.008267
0.102296,-0.005940,-0.069860
0.070876,0.054939,0.008523
0.066044,0.034632,0.042976
0.061155,-0.015259,0.061874
0.056235,0.019415,0.050443
-0.016390,0.015434,0.019760
-0.005168,0.028696,0.034171
0.069171,0.021423,0.033537
-0.066747,0.033167,0.013013
0.029216,-0.050621,0.024656
-0.009434,-0.051474,-0.062236
0.044383,-0.027774,-0.054745
0.034660,0.044579,-0.036183
-0.018427,0.018396,0.042106
0.003635,0.086473,0.118147
0.026738,0.062989,-0.005981
0.045719,-0.019288,0.031787
0.080235,0.053715,-0.014080
-0.023676,-0.015859,0.005789
0.052756,-0.011882,-0.051425
0.026962,-0.027324,0.033682
0.001752,-0.015794,0.051417
-0.011712,0.023209,0.110840
0.124687,-0.014764,0.039658
0.039335,-0.071710,0.042348
0.046895,0.030584,0.024509
0.053327,-0.027696,-0.005211
0.051344,0.035266,0.038883
0.048981,-0.033002,-0.013415
-0.008377,-0.018648,0.068882
0.051919,0.008454,0.032859
0.029319,0.059949,-0.006151
0.074853,0.024956,0.079547
0.030635,0.033801,-0.004231
0.002314,-0.009515,0.023764
0.010621,-0.016610,0.073769
0.070665,-0.066602,0.001244
-0.010625,-0.016792,-0.003432
0.069592,0.019593,0.000192
0.039950,0.056218,0.044660
0.017955,0.008830,-0.035209
0.084834,-0.003672,0.026940
0.060834,-0.046141,-0.023616
0.014976,-0.054174,0.033188
0.096383,-0.046176,0.023446
0.023588,0.054073,0.010729
0.016939,0.010294,0.017051
-0.008904,0.013912,-0.010722
0.054944,0.061140,0.045068
-0.008830,0.023156,-0.034063
0.055981,0.001635,-0.017266
0.065147,0.043894,0.050873
0.008427,0.034551,0.032092
0.059194,0.000864,-0.000193
-0.036100,-0.023439,-0.012213
0.058377,-0.008918,0.037898
0.069402,-0.046288,0.074977
0.023329,0.018371,-0.026903
-0.022515,0.081222,-0.008736
-0.023710,0.011817,-0.030685
0.014184,0.002358,0.005877
0.064942,-0.014142,-0.048299
0.018039,0.058458,0.004580
0.097739,0.109780,0.020982
-0.043041,-0.017929,-0.042542
0.041754,0.024976,-0.049804
-0.017679,0.077757,-0.070719
0.032350,0.020902,0.005052
0.014233,0.010311,0.018759
0.027254,0.090523,0.075316
-0.044991,0.039787,0.016165
0.027757,0.092810,0.007623
-0.028401,0.014222,-0.024776
-0.002788,0.027481,0.010711
0.009530,0.002884,0.059452
0.033258,0.009340,-0.014876
0.060900,-0.003698,-0.020966
-0.023545,0.038382,-0.026843
-0.029292,-0.036976,0.046097
0.018019,0.015955,-0.020971
0.015250,0.057267,0.055135
0.019391,-0.039322,0.019210
0.026913,0.017770,0.044561
0.084019,0.002490,-0.006393
0.016572,0.050203,0.008056
-0.048637,0.006423,-0.029451
0.032119,0.002835,0.075590
0.049056,-0.024427,0.037537
0.013928,-0.058892,-0.036032
0.004249,0.031953,0.083320
-0.019823,-0.018624,-0.067046
-0.006493,-0.015274,-0.017392
0.042949,-0.010498,-0.005443
0.036280,-0.010041,-0.031359
-0.005895,-0.037867,-0.005478
-0.014214,-0.038002,0.011766
0.089704,-0.034467,0.041144
0.101858,-0.042983,-0.049577
0.013205,-0.012931,0.056157
0.026936,-0.065225,0.020534
0.073917,-0.013997,-0.027530
0.009526,0.057092,-0.006322
-0.057347,-0.033749,0.049541
-0.005484,0.019528,0.026980
0.039519,-0.035355,0.029484
-0.044631,-0.011475,0.010902
0.061475,0.015540,0.058168
0.011174,-0.009824,0.024333
-0.059199,-0.034677,-0.003390
0.018105,0.029916,-0.041770
0.089108,0.043285,0.004980
0.071722,-0.017800,0.041368
0.041508,0.092877,-0.006791
0.040633,-0.006247,0.040985
0.061159,-0.053829,-0.071791
0.011577,0.068071,-0.089478
-0.061773,0.025071,-0.004069
-0.004106,-0.055564,0.025195
-0.020471,-0.035536,-0.060301
-0.023048,-0.019793,0.035202
-0.035634,-0.000498,-0.001376
0.017430,0.008355,-0.016020
0.070771,0.032307,0.080206
-0.029592,0.055903,-0.015902
0.043741,0.028350,0.031943
-0.089445,0.004850,-0.025584
0.083053,-0.025983,0.031528
0.002046,-0.004578,0.031027
-0.025436,0.023405,0.050314
-0.061575,0.035810,0.009772
0.049412,0.005875,-0.010902
0.093601,0.150752,-0.026893
-0.019996,0.060222,-0.017628
0.047691,0.028498,0.016789
0.011979,-0.002654,0.020766
-0.046640,-0.008448,-0.092471
-0.015785,-0.024537,0.090890
-0.025739,0.023283,-0.031104
-0.026927,0.022061,0.056842
0.010613,0.116737,-0.012307
0.053115,-0.038758,0.050787
-0.043555,0.015568,0.068061
0.022414,-0.033416,-0.021680
-0.029468,-0.005006,0.011018
0.088418,-0.096627,0.051330
0.045381,-0.008532,0.002187
0.087124,0.053454,-0.047363
-0.000938,0.018109,-0.070466
0.042102,-0.023076,-0.017907
0.024683,0.054382,0.045955
0.012857,0.051263,0.012760
0.081833,-0.038030,0.007917
0.041744,0.014106,0.024209
0.085934,-0.014649,-0.000470
0.112802,-0.001564,0.015052
0.054834,0.041064,0.052020
0.028667,-0.004096,-0.044720
-0.026493,0.071785,0.099139
0.029062,0.015003,-0.019328
0.066615,-0.022140,0.061709
-0.017392,-0.005988,-0.002937
-0.006032,-0.049069,0.009238
-0.019209,-0.021027,-0.031009
0.015484,-0.041866,0.022635
0.026248,-0.008472,-0.040468
-0.010462,-0.039726,-0.055004
0.013172,0.052577,0.031335
0.035648,0.113672,-0.008800
-0.014525,-0.047422,-0.000860
0.083015,0.001940,0.022568
-0.007781,-0.068248,0.015135
-0.039313,-0.028568,0.009985
-0.001987,-0.046913,-0.059292
0.036323,0.061292,-0.011042
0.020526,0.025504,-0.018535
0.028494,0.017828,0.035269
-0.078795,-0.090402,0.121149
-0.067244,0.090793,-0.000867
-0.006068,0.037588,0.014419
-0.062386,0.040199,0.012819
-0.042445,0.093797,0.038349
-0.045363,-0.038775,-0.001274
0.071902,-0.057691,0.062294
0.022502,-0.031189,-0.002451
-0.050015,-0.034998,-0.001370
0.030105,0.031804,0.027114
-0.024588,0.002544,0.017306
0.083501,-0.010896,-0.069702
-0.063643,-0.018621,0.012972
0.022061,0.016102,0.010337
0.075799,0.090893,0.023044
-0.017475,0.056259,0.047119
-0.029803,0.025872,0.034054
0.045461,0.007328,-0.020910
0.047829,0.010756,0.019003
0.045045,-0.085160,-0.040039
0.036698,-0.031082,0.090319
0.016183,0.032816,0.055772
0.035322,0.032253,-0.060140
-0.025573,0.040026,-0.053235
-0.027874,-0.013016,0.023710
0.033488,-0.115310,0.027987
0.029806,-0.018825,-0.015235
-0.038933,0.005879,-0.043925
-0.011497,0.064985,0.008705
-0.003444,-0.016744,0.017866
-0.015887,-0.043386,0.006384
0.109255,0.062525,-0.010203
0.060762,-0.000694,0.054529
-0.040030,0.021822,0.020957
0.021247,0.022267,-0.031595
-0.074858,-0.047338,0.004102
-0.019328,-0.008812,-0.022122
-0.056403,-0.006357,0.022525
0.018399,-0.025713,-0.022869
-0.043565,0.039059,-0.039970
-0.044937,-0.002774,0.044347
0.015495,-0.044709,0.073786
0.017096,0.021588,0.070917
-0.046766,0.030399,0.001373
0.034408,-0.007605,-0.003856
0.043598,-0.089390,0.007705
-0.129489,-0.058680,-0.007854
-0.049158,-0.026426,0.059819
0.048725,0.026372,-0.005060
0.002812,0.022952,-0.001813
-0.067933,-0.030385,-0.036521
0.034567,-0.014560,0.004187
0.069089,0.037382,-0.005816
0.007045,0.050761,0.040426
0.078325,-0.043295,-0.034037
0.115093,-0.011350,-0.011070
-0.003681,-0.011418,0.037317
-0.029592,-0.052850,0.041368
0.046566,0.018806,-0.000897
-0.036527,0.014280,0.065173
0.069856,-0.032330,0.078270
0.006341,0.050572,0.064629
0.052388,0.061802,-0.017348
-0.027107,0.003951,-0.010035
0.005712,-0.044843,0.043987
-0.005570,0.068241,-0.005266
-0.015040,-0.038868,0.030231
0.055558,-0.001203,-0.020501
0.029825,0.019329,0.006152
0.091970,0.069120,-0.033017
-0.029873,-0.009534,0.010448
-0.021740,0.066586,-0.020537
0.040412,0.079015,0.037550
-0.061143,-0.015982,-0.017085
0.018269,0.039196,0.043525
-0.003535,0.018828,0.021504
-0.043971,-0.006163,-0.011234
0.006737,0.014589,-0.042771
0.062889,-0.045160,-0.045343
0.022014,0.028471,-0.114982
0.072000,0.003539,0.020252
0.007887,-0.027215,-0.036077
-0.012852,0.024284,-0.096024
-0.003878,-0.031372,0.001866
-0.020378,-0.009904,-0.013068
0.041319,-0.034073,0.033105
-0.017264,-0.036417,0.021067
-0.001458,0.068324,0.039126
-0.020327,0.059635,-0.013304
0.065736,0.051631,-0.009524
-0.008991,-0.039610,-0.009685
-0.016224,-0.037236,0.047816
0.008166,-0.008903,-0.038310
0.009311,-0.039410,0.035567
0.009293,0.024151,-0.011353
-0.059620,-0.013057,-0.002889
0.049039,0.017113,-0.000803
-0.036019,0.029362,0.042866
0.011963,0.025268,-0.053419
-0.041307,0.008329,-0.053745
0.028852,-0.016781,0.016282
-0.032019,0.032066,0.014732
-0.111384,-0.019469,-0.070408
0.072610,0.020779,-0.014014
0.055599,-0.007640,0.128954
0.019426,0.069085,-0.005368
-0.011676,0.014059,0.020726
0.020961,-0.011904,-0.013752
0.003351,-0.001489,-0.000454
0.021416,-0.010104,-0.095051
0.006124,0.063485,-0.044682
-0.020967,-0.018607,0.000455
-0.017134,-0.006090,0.013081
0.007258,0.005145,-0.041458
-0.008576,-0.027822,-0.009906
0.065947,-0.053283,-0.025179
-0.052961,-0.015109,0.073927
0.011882,0.068724,-0.044154
0.040755,-0.052003,0.009085
-0.057180,0.075481,0.024568
-0.015012,-0.025357,0.081211
-0.038370,0.032795,0.007045
0.035981,0.000322,-0.020191
-0.010622,0.009520,-0.003514
0.006616,-0.095439,0.029157
-0.007111,0.038777,0.019621
0.006600,-0.049739,-0.002661
-0.020893,0.019089,0.022110
0.034456,0.038207,0.001358
-0.053745,0.095644,0.041741
0.073190,-0.011182,0.046613
-0.042776,-0.026590,-0.003761
0.027620,-0.010513,0.052235
0.049974,0.021562,-0.065283
0.025975,-0.007604,0.026435
-0.037407,-0.040959,0.000393
0.044631,0.016075,-0.031051
-0.009080,-0.041382,0.035869
0.058593,-0.009560,-0.042929
-0.008376,0.030851,0.006798
0.037533,-0.066137,-0.026917
0.039516,-0.009831,-0.005628
-0.073549,-0.011296,-0.036677
0.018381,-0.022548,0.030499
0.012357,0.020769,-0.005518
0.065160,0.018545,-0.084302
0.003353,-0.059070,0.030781
0.102149,0.057110,-0.081305
0.083584,-0.016977,-0.009735
-0.025524,-0.003842,-0.023059
-0.053478,-0.077745,0.025821
0.015530,0.017468,-0.062661
0.045527,-0.035501,-0.020185
-0.076529,-0.043204,0.030119
0.050016,0.029213,0.010773
0.036868,-0.055703,-0.000390
-0.046599,0.008929,-0.017960
0.013916,0.024078,0.036670
0.021054,-0.013323,0.077513
0.005252,-0.038799,0.087320
0.036148,0.037524,-0.053019
-0.034942,0.020497,-0.018782
0.055448,-0.036230,-0.090567
-0.068899,-0.028677,-0.043463
0.043025,0.031476,-0.089040
-0.000218,0.034805,-0.060053
0.020811,0.020830,0.034303
-0.016899,-0.026767,-0.037389
0.004254,0.013136,-0.033405
0.052595,0.051036,0.038984
-0.013924,0.025362,0.038075
0.004597,0.052184,0.010609
-0.045062,-0.019597,-0.060017
0.041038,-0.099386,0.015558
0.054188,-0.055103,-0.046800
0.030721,0.054919,-0.005060
-0.046901,-0.018152,0.027927
0.055836,-0.028540,0.011126
0.029475,-0.040845,-0.042919
0.054423,-0.018252,0.016230
-0.056325,-0.056033,0.020932
-0.012812,0.031969,0.017585
-0.048025,0.074503,-0.032500
0.033450,-0.009909,0.026294
-0.054301,0.058585,-0.027308
0.020577,0.016829,0.013774
0.046945,-0.003112,0.005794
0.033575,0.027087,0.017408
0.093143,0.028297,0.005771
0.073448,-0.011878,0.087033
0.046123,0.045169,0.055842
-0.064436,0.006649,-0.038415
-0.044303,-0.045664,-0.074065
-0.032510,0.005973,-0.072595
0.114592,0.036436,0.014881
0.043843,0.033344,0.014784
-0.016638,-0.004439,0.000433
0.063158,0.000073,0.022770
-0.023200,0.095644,-0.042870
-0.038875,-0.026103,-0.005498
0.015585,-0.037028,0.062771
-0.013937,0.030898,0.111351
-0.031854,-0.040734,-0.060684
0.003946,0.015121,0.010423
-0.057424,0.011078,-0.070444
-0.020715,0.105222,0.042669
0.009424,0.042369,-0.037100
-0.037171,0.028436,-0.028367
0.048118,0.053935,-0.015140
0.053219,0.043594,0.005187
-0.034379,0.019978,-0.002670
0.051789,0.041496,0.064163
0.032248,0.027094,0.077334
-0.024830,-0.047799,-0.059919
-0.000134,-0.031532,0.073814
-0.018426,0.025048,0.026738
-0.007221,-0.069957,0.010770
-0.000268,-0.020942,0.004656
-0.041946,-0.026098,0.012168
0.052412,-0.005275,-0.035195
0.004240,0.055774,-0.048469
-0.009334,-0.001783,0.010202
0.072875,-0.033462,0.013948
0.006011,-0.011683,0.026622
-0.018504,0.012469,0.021280
-0.022790,0.027475,-0.066670
0.004501,0.005364,0.047700
-0.018906,0.019257,0.081148
0.033356,0.009426,-0.021179
-0.029287,0.066761,-0.009302
-0.017413,-0.021936,0.012094
-0.017972,-0.025526,0.024867
-0.085166,-0.031190,0.039925
0.001278,0.042915,-0.035833
0.005304,0.040645,-0.010172
-0.046490,-0.034269,0.047272
-0.022063,0.001746,0.038655
-0.021040,0.037263,0.047280
0.008746,0.023998,-0.072846
-0.011674,0.053392,-0.004473
-0.060304,0.039222,0.089779
-0.013779,0.008877,0.017104
0.010361,0.010221,-0.027740
0.017096,0.074507,0.059698
0.086234,-0.056796,0.050102
-0.024661,-0.065637,-0.079047
-0.040534,-0.037278,0.002096
-0.034318,0.002381,0.068557
-0.032334,0.027641,0.019095
-0.005831,-0.013083,-0.017006
-0.046411,0.072618,-0.072531
0.024725,-0.083718,-0.072493
0.074721,0.061998,-0.001350
-0.012623,-0.030508,-0.050641
-0.070890,0.111142,-0.027729
-0.080113,0.010408,0.084564
-0.061674,0.023427,-0.024442
0.003777,0.003151,0.036347
-0.048595,-0.008053,-0.010408
-0.000795,0.055808,-0.038412
0.006238,0.025328,0.014375
-0.032868,0.022211,0.003690
-0.007517,-0.018536,0.050709
0.027493,0.025341,0.000758
-0.016915,-0.008070,-0.022011
0.011188,-0.016221,-0.037047
0.086113,0.053785,-0.021044
-0.110714,0.097837,0.015528
0.058521,0.036103,-0.030770
0.022073,0.044795,0.005322
0.034791,-0.009641,-0.002955
0.018374,-0.023710,-0.009339
-0.017858,0.005613,0.007510
0.046081,0.020802,0.045817
-0.039711,-0.005107,0.021525
0.034966,-0.066577,0.005475
-0.039111,-0.008401,0.016188
0.051242,0.023348,0.033836
-0.004572,-0.025190,-0.046820
0.036586,0.026857,-0.012990
-0.035686,-0.008376,-0.007030
-0.021452,0.003153,-0.001684
0.035540,-0.019364,-0.067475
1.361342,0.373949,0.226515
2.683701,0.535560,0.482960
3.763183,0.733790,0.673293
4.800092,1.057735,0.889069
5.701615,1.156946,0.995317
6.562804,1.368771,1.185030
7.341413,1.508210,1.298129
7.924662,1.557828,1.497905
8.538000,1.686623,1.589735
9.049807,1.829988,1.589128
9.554591,1.866641,1.806149
10.001336,2.090884,1.794882
10.441480,2.170649,1.811515
10.721096,2.191117,1.942356
11.094011,2.193252,1.984957
11.267269,2.296028,1.991958
11.582010,2.336432,2.091172
11.828292,2.317044,2.159069
12.091403,2.463458,2.148764
12.256558,2.413671,2.188856
12.438235,2.477455,2.178807
12.509485,2.442108,2.265720
12.714552,2.572957,2.329585
12.899637,2.578959,2.319685
12.958089,2.637824,2.297321
12.993854,2.683211,2.288008
13.043303,2.683315,2.310033
13.160754,2.694868,2.406844
13.279278,2.674379,2.291698
13.323518,2.620247,2.420774
13.446404,2.744955,2.340265
13.507237,2.703638,2.454273
13.464404,2.734348,2.411753
13.549507,2.735818,2.384021
13.609713,2.728517,2.330379
13.624917,2.781536,2.466429
13.695545,2.795448,2.449332
13.766337,2.851019,2.362641
13.690296,2.706800,2.421443
13.724429,2.779180,2.407201
13.760246,2.814737,2.478145
13.737412,2.792924,2.427685
13.745902,2.799116,2.363429
13.783512,2.844355,2.397519
13.846180,2.823833,2.411309
13.901245,2.922357,2.479986
13.831083,2.825210,2.371159
13.824660,2.808091,2.383689
13.829554,2.830309,2.454422
13.820747,2.869402,2.413716
13.926831,2.833544,2.379970
13.857685,2.871027,2.380136
13.878558,2.829477,2.441158
13.871517,2.846201,2.477774
13.885408,2.819676,2.385101
13.928648,2.851681,2.373517
13.828662,2.828439,2.445282
13.916530,2.877180,2.361492
13.924109,2.858479,2.397463
13.907731,2.887749,2.347870
13.887196,2.892772,2.314430
13.915113,2.903185,2.355002
13.889398,2.880997,2.443395
13.944951,2.844762,2.388207
13.965393,2.828484,2.349266
13.852639,2.841425,2.466530
13.899022,2.873439,2.345609
13.999657,2.882237,2.415075
13.964967,2.834783,2.417068
13.993173,2.889729,2.442924
13.947733,2.832145,2.442130
13.929617,2.881584,2.347286
13.991329,2.874953,2.376503
13.946868,2.906963,2.385236
13.919141,2.896923,2.389017
13.958965,2.842254,2.387115
13.878807,2.938711,2.305387
13.882412,2.848434,2.373250
13.919705,2.925417,2.426059
13.896712,2.865812,2.385526
13.903695,2.829272,2.398087
13.921961,2.887516,2.315607
13.974907,2.920322,2.293588
13.988386,2.900405,2.438735
13.942513,2.918287,2.419548
14.013680,2.960009,2.360422
14.005716,2.904376,2.362830
14.027775,2.910201,2.304309
13.933956,2.879500,2.304964
14.002654,2.895011,2.365338
13.946735,2.888900,2.417305
13.986731,2.811472,2.316789
13.932663,2.958316,2.380196
13.865671,2.916807,2.292667
14.001988,2.931114,2.246258
13.934672,2.928577,2.256226
13.902384,2.899929,2.423149
13.966583,2.904657,2.348562
13.885870,2.867777,2.346352
13.907694,2.914998,2.310294
13.962622,2.966917,2.342469
13.935483,2.856736,2.368722
13.928332,2.923815,2.326929
13.965604,2.948181,2.232087
13.974828,2.966372,2.342015
13.857444,2.940294,2.280854
13.963654,2.881749,2.267251
13.956515,2.940736,2.373061
13.976184,2.939178,2.233234
13.932985,2.940212,2.311468
13.972078,2.902438,2.226363
14.021610,2.998857,2.312938
13.973003,2.947483,2.272353
13.918567,2.940105,2.217542
13.972739,2.899705,2.284229
13.914906,2.936283,2.284176
13.908423,2.915397,2.266769
13.913098,2.937435,2.224998
13.924960,2.927620,2.243176
13.966250,2.976853,2.289748
13.874521,2.990884,2.223553
13.894891,2.933703,2.266599
13.942432,2.925178,2.285978
13.954754,2.950029,2.284561
13.982997,2.954362,2.302562
13.947190,2.913689,2.285205
13.993623,2.927074,2.285085
13.955653,2.963315,2.290700
13.956372,2.908726,2.153739
14.000173,2.931421,2.255551
13.853412,2.989153,2.233018
14.022131,2.940953,2.252123
13.955149,2.978430,2.228925
13.943084,2.911744,2.203769
13.953400,2.964358,2.281528
13.992461,2.965164,2.216410
13.964839,3.048887,2.296203
13.967092,2.976215,2.338456
13.922155,2.997731,2.248654
13.916891,2.938831,2.152008
13.941704,2.956725,2.233146
13.914566,2.953252,2.151096
13.981448,2.962817,2.222872
13.950118,2.941767,2.208683
13.955360,2.979164,2.220658
14.053519,2.920149,2.250493
13.967877,2.996645,2.186958
13.969483,2.919371,2.209575
13.975299,3.002125,2.211668
13.900928,3.003517,2.231171
13.991867,2.945484,2.197615
13.989086,2.991267,2.141522
13.978544,2.965519,2.242665
13.963740,3.026597,2.177292
13.933278,2.978265,2.262980
13.968636,2.993096,2.166756
13.921524,2.988581,2.166571
13.848456,2.999671,2.178400
13.899326,3.045711,2.261792
13.944804,2.976896,2.209576
13.938759,2.997011,2.247528
13.910163,2.998464,2.227983
13.970565,3.067528,2.291866
13.942877,2.956910,2.205653
14.001253,2.999437,2.247488
13.995573,3.050968,2.167348
13.980913,3.074545,2.165382
14.013709,2.924539,2.129297
13.955228,3.069589,2.151178
14.022424,3.010956,2.175363
13.962839,3.080982,2.124844
13.981605,2.947672,2.175287
13.990160,3.010367,2.091919
13.896781,3.057532,2.198730
13.904465,3.041526,2.153975
14.019386,3.047777,2.120030
13.948026,3.076981,2.211764
13.968710,3.015868,2.098614
13.931707,3.066723,2.150840
13.989567,3.043039,2.159778
13.995007,3.028321,2.139632
13.940736,3.094345,2.072107
13.902951,3.048210,2.073798
14.035385,3.065236,2.129767
14.073629,2.928229,2.133866
13.963343,2.991292,2.053292
13.969692,3.031572,2.155856
13.949493,2.990524,2.134885
13.952187,3.064704,2.178500
13.968327,3.086542,2.139170
13.904458,3.013044,2.107917
13.938789,3.052559,2.119905
13.980508,3.032553,2.139841
13.974886,2.989446,2.160321
13.939827,3.058928,2.031633
13.985370,3.104724,2.131172
13.945950,3.068422,2.092263
13.958949,3.115079,2.063421
13.945948,3.086067,2.086174
13.971813,3.118203,2.063692
13.993515,3.037429,2.094359
13.950701,3.074244,2.112568
13.996648,3.027984,2.145578
14.018757,3.102970,2.104088
13.953174,3.036751,2.074090
13.955017,3.069259,2.130422
13.981106,3.121814,2.078395
14.021830,3.096502,2.078114
13.983683,3.087064,2.091708
13.962347,3.093869,2.066956
13.990139,3.073730,2.124026
13.949158,3.088732,2.020350
13.977776,3.043442,2.035009
14.036122,3.054497,2.044883
13.956813,3.043492,2.061184
13.948011,3.162774,2.194202
13.854297,3.048439,2.095179
13.833913,3.040883,2.103531
13.958742,3.126961,2.082148
13.898051,3.184671,2.056515
13.907911,3.084419,2.047451
13.921051,3.050728,2.086894
13.940046,3.064491,2.082461
13.989741,3.153753,2.061448
13.937425,3.076970,2.032438
14.006359,3.136767,2.026865
13.919260,3.092969,1.930515
13.954005,3.043436,2.016393
13.927288,3.121476,2.047982
14.014905,3.118339,1.961551
13.982428,3.060425,2.022378
14.010802,3.209114,2.000081
13.977243,3.063702,2.060331
13.962926,3.013201,2.092159
13.948584,3.098847,1.975654
13.985159,3.058609,2.041143
13.934962,3.170221,2.004804
14.060880,3.102674,2.023904
13.982677,3.099734,2.049527
13.955354,3.130424,1.999470
13.925871,3.138175,1.954646
13.927591,3.119124,1.913160
13.971829,3.172544,1.984049
13.924603,3.021038,2.016136
14.048665,3.102828,1.953618
13.987906,3.204531,2.094635
14.026176,3.137608,2.036809
13.987001,3.159367,1.968295
13.990869,3.130388,2.039685
13.979930,3.035067,2.015284
13.965190,3.026732,2.036397
13.987176,3.167463,1.953181
13.952651,3.162978,2.036310
14.044440,3.085519,2.047643
13.990345,3.121832,1.968381
14.006044,3.145972,2.039089
13.919634,3.097606,1.985212
13.940897,3.124647,1.921220
13.864245,3.112154,1.917368
13.924664,3.131089,1.940472
13.986010,3.153061,1.905234
13.896701,3.146381,1.960800
13.910099,3.096100,1.912511
13.988843,3.152079,2.003178
13.914011,3.113513,1.968100
14.009299,3.052858,1.930840
13.891674,3.129803,1.929722
13.956561,3.143441,1.846998
13.947024,3.216394,1.905419
13.880533,3.149443,1.918665
13.940386,3.170660,1.895606
13.932899,3.102161,1.935737
13.958156,3.179839,1.943645
14.021412,3.132988,1.903182
13.919404,3.148019,1.971806
13.931112,3.187640,1.938022
13.980987,3.147415,1.982097
13.920323,3.110357,1.940153
13.967581,3.174512,2.001876
13.894338,3.176771,1.967590
13.946224,3.096837,1.901052
13.969367,3.104036,1.960400
13.958635,3.190143,1.898345
14.004845,3.101780,1.847499
13.935404,3.168668,1.905484
13.925248,3.183084,1.921994
14.012337,3.182836,1.901465
13.959944,3.216313,1.861798
13.927182,3.148564,1.871160
13.990037,3.194886,1.903822
13.919880,3.147476,1.892940
13.935560,3.257851,1.876643
13.944943,3.196104,1.892082
14.036586,3.181095,1.856856
13.878034,3.196044,1.888068
13.997500,3.225803,1.879644
13.891540,3.148427,1.832441
13.927710,3.160985,1.852568
13.968264,3.196811,1.851262
13.952973,3.177959,1.923020
13.918312,3.126836,1.901200
13.980579,3.162628,1.888586
13.996657,3.265043,1.861889
13.971960,3.197009,1.955411
13.967145,3.215631,2.013625
13.949754,3.156519,1.911312
14.014019,3.267466,1.819652
14.006855,3.208971,1.843245
13.934082,3.173848,1.921164
13.900969,3.227217,1.819324
14.000381,3.231965,1.850751
13.925433,3.233468,1.839010
13.976870,3.148874,1.870948
13.899096,3.213002,1.864877
13.946815,3.197318,1.879015
13.938268,3.203074,1.808561
13.878311,3.271527,1.872201
13.978909,3.225768,1.828135
13.966787,3.180556,1.831152
13.957360,3.261318,1.850210
13.899784,3.175798,1.864908
13.942965,3.272881,1.845003
13.927928,3.245168,1.845685
13.888691,3.237731,1.863700
13.961507,3.251832,1.770905
13.898592,3.203040,1.818104
13.955108,3.202552,1.792865
13.972304,3.286274,1.810263
13.991914,3.215316,1.849182
13.982559,3.173286,1.859782
13.913010,3.168142,1.850328
13.896189,3.219917,1.800943
13.891464,3.313263,1.842874
13.962630,3.327574,1.764303
13.951216,3.185333,1.883266
13.969002,3.221010,1.873037
13.942301,3.256399,1.741730
13.914685,3.190164,1.865868
13.961363,3.265777,1.804152
13.954994,3.306033,1.883059
13.953600,3.259859,1.780085
13.968163,3.249842,1.793292
13.960964,3.235416,1.779589
13.968758,3.288742,1.826687
13.989354,3.222155,1.818396
13.900223,3.250704,1.780290
13.976190,3.289781,1.788272
13.956360,3.274233,1.704913
13.936054,3.270523,1.827230
13.992120,3.258098,1.779515
13.947453,3.299547,1.830940
14.069939,3.273062,1.713006
13.994237,3.295160,1.791566
13.988558,3.187362,1.840426
14.025734,3.311635,1.768155
13.898707,3.241588,1.813445
13.860554,3.261038,1.815877
13.942319,3.308105,1.724728
13.919300,3.283230,1.711596
13.954088,3.251489,1.803910
13.890744,3.296474,1.694437
13.935966,3.324465,1.825723
13.927628,3.233601,1.713187
13.932086,3.276102,1.739513
13.923463,3.285470,1.733949
13.909606,3.232439,1.714893
13.909723,3.292563,1.712356
13.977632,3.278812,1.794872
13.907215,3.215484,1.820886
13.960160,3.335803,1.729924
13.959477,3.338071,1.758440
13.963166,3.247837,1.735970
13.974629,3.361248,1.771576
13.878910,3.280696,1.711205
13.994882,3.313439,1.690451
13.961679,3.385999,1.726797
13.950525,3.335617,1.753840
13.980833,3.338180,1.653227
13.976643,3.335044,1.791788
13.927523,3.357449,1.813020
13.934345,3.347865,1.730022
13.986357,3.281209,1.703168
13.905935,3.322225,1.699261
13.926293,3.389196,1.749424
13.912891,3.356490,1.736060
13.945276,3.356464,1.697755
13.913870,3.283369,1.691277
13.876536,3.335382,1.662621
13.962694,3.343460,1.603052
13.974051,3.386880,1.703458
13.921885,3.243141,1.675913
13.941042,3.367875,1.716890
13.909072,3.360541,1.638541
13.858679,3.376980,1.682898
13.917848,3.392285,1.649977
13.891709,3.262673,1.741576
13.881246,3.349955,1.662385
13.878051,3.425464,1.664562
13.991828,3.346863,1.685958
13.906720,3.308826,1.657537
13.888550,3.375932,1.637612
13.865194,3.425155,1.737419
13.949776,3.345007,1.656305
13.905925,3.453789,1.627183
13.897139,3.345465,1.637446
13.964798,3.335648,1.564754
13.977051,3.341636,1.657934
13.946168,3.320569,1.590535
13.957363,3.342979,1.671921
13.913664,3.261127,1.707092
13.897420,3.398279,1.632884
13.937824,3.352135,1.639524
13.923604,3.380120,1.631722
13.898295,3.359842,1.603014
13.879857,3.345024,1.675791
13.857157,3.362003,1.588362
13.880387,3.336498,1.685675
13.927834,3.362543,1.621522
13.881179,3.422456,1.621313
13.918122,3.480769,1.654687
13.849757,3.407484,1.726898
13.841128,3.389011,1.633531
13.891312,3.394461,1.618383
13.833553,3.461665,1.574846
13.853434,3.414940,1.612512
13.956950,3.383537,1.698183
13.978687,3.401114,1.561308
13.919527,3.389833,1.643338
13.875525,3.392884,1.490757
13.852247,3.370619,1.574314
13.853453,3.457833,1.634032
13.907387,3.421268,1.561094
13.954008,3.391306,1.563870
13.886174,3.435351,1.622594
13.946815,3.402730,1.629077
13.855910,3.444999,1.572419
13.930007,3.454525,1.585487
13.831586,3.373992,1.615536
13.868226,3.436090,1.527922
13.868632,3.379948,1.589622
14.024288,3.399020,1.573617
13.992913,3.435650,1.616449
13.867214,3.438073,1.527860
13.937053,3.389928,1.560644
13.889921,3.405452,1.631822
13.982746,3.416742,1.524411
13.923836,3.432691,1.598852
13.890389,3.349373,1.579111
13.965276,3.474081,1.501512
13.929818,3.427015,1.486300
13.947607,3.415520,1.563792
13.940645,3.401893,1.579672
13.878735,3.477779,1.511879
13.910422,3.495744,1.504131
13.888293,3.448944,1.568146
13.874169,3.421665,1.596266
13.897937,3.405698,1.500536
13.834995,3.446906,1.503494
13.917717,3.426508,1.576641
13.886969,3.435988,1.543103
13.894864,3.456871,1.558330
13.844363,3.484902,1.539056
13.957284,3.517576,1.587025
13.989091,3.440643,1.496640
13.855929,3.467242,1.580379
13.839260,3.462213,1.579283
13.881809,3.500394,1.480398
13.852660,3.475336,1.566920
13.862051,3.435031,1.484334
13.891756,3.479457,1.549325
13.906741,3.432855,1.417404
13.930953,3.394428,1.478791
13.888738,3.445643,1.505820
13.912652,3.509406,1.388922
13.965393,3.431686,1.514610
13.966162,3.401146,1.393733
13.878999,3.485975,1.548174
13.844584,3.482435,1.482939
13.939703,3.522413,1.435207
13.909114,3.494415,1.470396
13.937829,3.516659,1.474213
13.899540,3.481870,1.517681
13.959551,3.465042,1.516757
13.876184,3.443789,1.531060
13.819895,3.470311,1.465641
13.895705,3.447635,1.459030
13.948136,3.400491,1.484696
13.871000,3.491242,1.416812
13.941326,3.466235,1.415752
13.848857,3.547137,1.481932
13.857923,3.535710,1.471302
13.856342,3.514994,1.478813
13.927225,3.458005,1.480212
13.890388,3.507748,1.452195
13.999203,3.419316,1.387353
13.911354,3.548739,1.475232
13.855162,3.466558,1.402044
13.814300,3.461057,1.380264
13.893151,3.537028,1.428483
13.916874,3.510500,1.374517
13.901470,3.509505,1.477180
13.882049,3.511243,1.478874
13.919446,3.566580,1.438488
13.949329,3.495473,1.420029
13.869089,3.536126,1.491960
13.900655,3.519605,1.425629
13.878589,3.539245,1.302500
13.928403,3.540017,1.461606
13.896352,3.547946,1.430020
13.874997,3.536121,1.411122
13.831073,3.580460,1.369097
13.956201,3.590544,1.437567
13.950314,3.479088,1.394903
13.908707,3.557123,1.403810
13.862553,3.562211,1.418558
13.872244,3.623420,1.360699
13.858964,3.487507,1.396898
13.870841,3.614649,1.476951
13.843204,3.591144,1.403336
13.919827,3.500515,1.377633
13.880759,3.549854,1.374772
13.881454,3.565158,1.401588
13.920995,3.492362,1.407179
13.890562,3.531817,1.378382
13.859337,3.525401,1.427863
13.909222,3.575370,1.425302
13.939314,3.585913,1.372749
13.844473,3.563397,1.395469
13.845584,3.546752,1.424770
13.882664,3.599735,1.404328
13.823018,3.636098,1.346938
13.841051,3.543026,1.412101
13.869790,3.587679,1.394690
13.886401,3.522312,1.391239
13.900675,3.531729,1.330975
13.865173,3.569477,1.299659
13.821804,3.614592,1.318010
13.792464,3.548921,1.321646
13.887094,3.622025,1.356001
13.889014,3.718782,1.359663
13.782578,3.682231,1.328810
13.814981,3.698222,1.373323
13.850523,3.627553,1.330053
13.811419,3.648699,1.340265
13.801528,3.607130,1.322643
13.879450,3.597021,1.284792
13.911944,3.679607,1.333968
13.906549,3.652565,1.242322
13.849874,3.595921,1.375063
13.893979,3.571536,1.252439
13.858947,3.632921,1.299779
13.776179,3.624046,1.288733
13.882741,3.731602,1.348092
13.913965,3.653858,1.317476
13.946788,3.602551,1.317253
13.892072,3.607503,1.331020
13.848715,3.647339,1.215489
13.844446,3.615650,1.287319
13.793855,3.666268,1.280214
13.780057,3.646183,1.339288
13.826546,3.680384,1.273950
13.860933,3.615544,1.393707
13.874268,3.586836,1.272398
13.766141,3.622506,1.309467
13.830014,3.653328,1.269913
13.856569,3.641727,1.280636
13.800447,3.701047,1.312458
13.863382,3.587016,1.316499
13.822660,3.628431,1.260278
13.945076,3.652847,1.315025
13.806006,3.636707,1.244762
13.858577,3.697158,1.267186
13.798364,3.679180,1.223804
13.862528,3.660824,1.263928
13.847425,3.691472,1.235950
13.833921,3.591165,1.253721
13.886190,3.676849,1.245506
13.811038,3.667597,1.307440
13.813073,3.708878,1.254936
13.776064,3.670870,1.232864
13.878728,3.655019,1.271690
13.865996,3.639980,1.219609
13.718805,3.690258,1.234627
13.857227,3.634342,1.332269
13.813642,3.635008,1.323023
13.814631,3.681846,1.230017
13.776401,3.678068,1.257474
13.879348,3.739903,1.232065
13.816310,3.661492,1.270957
13.900462,3.621413,1.275914
13.847748,3.638924,1.178881
13.882361,3.562268,1.186516
13.826287,3.693660,1.240923
13.811973,3.681879,1.201563
13.827671,3.708491,1.169156
13.827680,3.660761,1.167673
13.851179,3.764782,1.212307
13.865325,3.689935,1.181985
13.834294,3.726034,1.076820
13.807537,3.622461,1.220219
13.854418,3.663048,1.182008
13.803090,3.672122,1.174883
13.831483,3.805546,1.164602
13.769051,3.676792,1.154837
13.808557,3.750785,1.224023
13.857068,3.704425,1.141862
13.848097,3.741731,1.190196
13.809161,3.668007,1.106462
13.814647,3.694677,1.189278
13.762493,3.645398,1.142331
13.792026,3.800546,1.181693
13.839386,3.741992,1.137364
13.782087,3.725751,1.084365
13.783399,3.733898,1.172418
13.840999,3.800660,1.103471
13.779405,3.665016,1.152900
13.968763,3.711781,1.162767
13.801075,3.715837,1.142442
13.814274,3.743919,1.101024
13.781769,3.767127,1.156192
13.790064,3.719879,1.178902
13.842421,3.843431,1.091927
13.753449,3.739830,1.088061
13.786858,3.811070,1.080459
13.820125,3.719792,1.122263
13.812688,3.783547,1.138645
13.812640,3.759675,1.092653
13.854064,3.698489,1.050441
13.822964,3.733224,1.164923
13.803914,3.696306,1.094083
13.719650,3.698960,1.105228
13.777318,3.718733,1.093203
13.802823,3.771640,1.200987
13.761373,3.751586,1.070966
13.755118,3.666233,1.179778
13.838868,3.708598,1.017111
13.700116,3.767222,1.035666
13.779746,3.745966,1.179851
13.772807,3.688569,1.119904
13.791299,3.822163,1.119870
13.727085,3.837749,1.138106
13.722253,3.741392,1.077755
13.859272,3.755433,1.110936
13.801913,3.787295,1.109583
13.729832,3.759769,1.072093
13.806107,3.833752,1.126919
13.808378,3.780588,1.027578
13.790518,3.795323,1.081414
13.686039,3.788379,1.125597
13.763893,3.772835,0.999883
13.787027,3.839469,1.058581
13.783621,3.795576,1.070234
13.809159,3.792604,1.085712
13.710142,3.844074,1.120968
13.753782,3.801521,0.968680
13.731989,3.803461,1.020473
13.847980,3.875249,1.024453
13.727740,3.877543,0.986043
13.781284,3.838745,1.073965
13.858014,3.831301,1.058337
13.745329,3.798500,1.078625
13.803823,3.833196,1.039361
13.702030,3.866799,0.976891
13.730509,3.824755,1.001310
13.751803,3.827721,0.999456
13.757173,3.733647,1.037450
13.837550,3.847535,1.028184
13.801036,3.841926,1.004133
13.769843,3.789317,0.974711
13.812784,3.822472,1.020817
13.779822,3.850840,1.012578
13.669650,3.835167,0.996484
13.794217,3.858419,0.992063
13.832988,3.788239,1.031548
13.741727,3.839357,1.002927
13.802946,3.905776,1.077535
13.704190,3.931822,0.937315
13.771690,3.809688,0.998113
13.770357,3.907869,0.970936
13.701197,3.888598,0.979461
13.706730,3.918228,0.885783
13.757715,3.839000,1.026027
13.681111,3.891200,0.976282
13.769336,3.895472,0.969894
13.747875,3.850643,0.946451
13.717147,3.910236,0.938380
13.798344,3.892410,0.929067
13.815107,3.891586,0.982444
13.710694,3.892336,1.001645
13.721703,3.915025,0.971521
13.783721,3.869836,0.918075
13.729146,3.923516,0.942575
13.725963,3.819356,0.910786
13.788032,3.869094,0.963367
13.741479,3.883183,0.913542
13.677877,3.910857,0.869874
13.727518,3.880599,0.886814
13.640262,3.925707,0.914952
13.744198,3.903204,0.943952
13.745482,3.937474,0.950102
13.739835,3.933901,0.938879
13.757268,3.913005,0.893980
13.738281,3.862647,0.838252
13.688284,3.943797,0.862112
13.712599,3.817155,0.842357
13.716629,3.896858,0.861268
13.768595,3.964499,0.951391
13.731440,3.902701,0.904712
13.750907,3.917620,0.812780
13.685618,3.963842,0.887814
13.714983,3.950987,0.876894
13.709538,3.878825,0.871534
13.662046,3.938495,0.857723
13.754930,3.957849,0.966478
13.706517,3.893836,0.918613
13.695969,3.852074,0.869972
13.738859,3.959527,0.856453
13.681132,3.960547,0.919850
13.683399,3.871966,0.860965
13.660801,3.916911,0.813970
13.740813,3.894389,0.780198
13.646919,3.836024,0.853079
13.696163,3.891355,0.864335
13.657108,4.013191,0.735969
13.674014,4.030916,0.864625
13.678368,3.944895,0.855376
13.601399,3.958482,0.809598
13.793231,3.922503,0.892950
13.678969,3.911075,0.847006
13.696372,3.929501,0.783360
13.707888,3.971344,0.802312
13.646900,3.972858,0.850886
13.656065,4.002781,0.788701
13.710320,3.992904,0.819765
13.743698,3.952183,0.818654
13.702469,4.000745,0.807273
13.643070,3.920945,0.775033
13.706058,3.846378,0.707687
13.687725,3.983988,0.757483
13.670742,3.984369,0.787010
13.717863,3.949542,0.752946
13.567574,3.994749,0.751729
13.651153,3.965887,0.736112
13.678582,4.043309,0.755975
13.690073,3.974195,0.741343
13.695853,3.954052,0.760432
13.620007,4.015598,0.753566
13.699335,3.954699,0.781135
13.668905,4.001946,0.742672
13.625983,3.965753,0.816600
13.690220,4.023740,0.671957
13.608797,3.992817,0.735459
13.688268,4.003510,0.737240
13.730492,4.087168,0.799877
13.656683,3.986293,0.716028
13.654912,4.012292,0.744489
13.622742,4.031315,0.832587
13.629081,3.933126,0.615621
13.682083,4.058540,0.717705
13.744718,4.077559,0.742175
13.620944,4.067170,0.727676
13.656334,4.021030,0.755892
13.649097,4.071485,0.674259
13.642701,4.073398,0.663096
13.643212,3.985595,0.700719
13.738784,4.058279,0.744025
13.626068,4.083020,0.703238
13.655579,4.042257,0.744014
13.604701,4.049201,0.754585
13.710688,4.029537,0.732108
13.596228,4.026590,0.631365
13.672889,4.131552,0.683326
13.650984,4.054108,0.557313
13.650298,4.104682,0.672323
13.616478,4.062789,0.673832
13.721937,4.035645,0.535385
13.656126,4.054817,0.674316
13.640352,3.969597,0.710282
13.603361,4.055823,0.668729
13.637006,4.013141,0.678982
13.653304,4.037726,0.638491
13.736202,4.065548,0.597715
13.531519,4.095616,0.689779
13.591957,4.045676,0.595790
13.674762,4.084288,0.633319
13.729730,4.074753,0.679853
13.596750,4.066344,0.625496
13.660630,4.029030,0.590942
13.628407,4.120616,0.618646
13.604993,4.077876,0.628432
13.628119,4.138916,0.543808
13.625794,4.049545,0.604147
13.674996,4.074509,0.571972
13.664366,4.078393,0.562319
13.657341,4.118295,0.581098
13.650496,4.134500,0.633737
13.621461,4.129733,0.562120
13.598580,4.033695,0.596198
13.593240,4.022053,0.543806
13.600741,4.073072,0.582588
13.668899,4.083028,0.607574
13.657986,4.111719,0.550391
13.592107,4.062138,0.576482
13.701804,4.077995,0.500287
13.656011,4.023248,0.593907
13.593443,4.107886,0.582353
13.640120,4.071634,0.536877
13.596708,4.086267,0.483323
13.652103,4.100360,0.605605
13.674236,4.097045,0.504992
13.591949,4.203020,0.511429
13.618356,4.111557,0.612436
13.597602,4.039039,0.566409
13.560081,4.089969,0.550336
13.580976,4.092621,0.508324
13.531638,4.067716,0.538641
13.648017,4.110310,0.581862
13.632804,4.129776,0.521552
13.619222,4.053416,0.597715
13.633694,4.090951,0.439023
13.592261,4.055651,0.494593
13.573105,4.106848,0.433360
13.673923,4.134949,0.484266
13.540500,4.235975,0.461759
13.656130,4.152502,0.482760
13.616589,4.136327,0.516044
13.563311,4.175096,0.547070
13.631957,4.106371,0.458591
13.562702,4.143374,0.505998
13.555599,4.155013,0.448928
13.617620,4.133393,0.453292
13.539489,4.167300,0.517218
13.554171,4.176809,0.409806
13.525065,4.068489,0.438167
13.618417,4.176129,0.518550
13.563986,4.109205,0.418793
13.507401,4.153748,0.462085
13.618497,4.172379,0.422633
13.529031,4.224987,0.440207
13.664205,4.148341,0.477026
13.510889,4.152120,0.424888
13.510460,4.161178,0.424776
13.577632,4.207613,0.458043
13.641936,4.063787,0.400312
13.497885,4.133056,0.364514
13.552118,4.169653,0.407744
13.516779,4.143855,0.310398
13.579933,4.236131,0.386877
13.510048,4.092120,0.432719
13.535365,4.179783,0.402239
13.497732,4.146953,0.306173
13.602539,4.152569,0.460327
13.524345,4.219163,0.426195
13.530038,4.242586,0.418298
13.571168,4.193474,0.408073
13.505829,4.238159,0.337539
13.571780,4.146834,0.449930
13.591981,4.121428,0.392694
13.548191,4.125710,0.331086
13.541278,4.251609,0.292280
13.532277,4.242776,0.380873
13.589608,4.186543,0.383663
13.530317,4.185998,0.350212
13.550392,4.214245,0.391296
13.584559,4.125544,0.327013
13.546814,4.225058,0.315148
13.562569,4.242801,0.326987
13.515736,4.191262,0.378111
13.581129,4.154950,0.320780
13.530328,4.196807,0.334702
13.499974,4.258419,0.303516
13.480765,4.273629,0.244046
13.576183,4.165026,0.336359
13.545439,4.216835,0.335319
13.581964,4.149086,0.310111
13.588560,4.269197,0.341946
13.542089,4.170167,0.228093
13.613822,4.222908,0.255269
13.470899,4.275751,0.331221
13.526343,4.287476,0.247068
13.510972,4.197194,0.242701
13.532783,4.319269,0.318128
13.534645,4.195666,0.278061
13.427539,4.207620,0.273392
13.569442,4.156698,0.285165
13.491254,4.257629,0.284112
13.478729,4.256773,0.264742
13.476130,4.220356,0.231250
13.548945,4.163858,0.280363
13.495693,4.237941,0.349214
13.537641,4.277724,0.243127
13.579552,4.234056,0.174366
13.541973,4.135263,0.206258
13.622384,4.243552,0.215241
13.549033,4.200849,0.228747
13.458706,4.328360,0.265105
13.488788,4.255911,0.219912
13.533265,4.325791,0.320340
13.528297,4.272574,0.180277
13.516743,4.286180,0.219915
13.478528,4.280011,0.200538
13.485937,4.315499,0.225054
13.515329,4.270711,0.236689
13.552046,4.346637,0.232815
13.474249,4.284792,0.129782
13.438632,4.321404,0.195782
13.479419,4.196794,0.141671
13.482855,4.299557,0.207971
13.495710,4.305987,0.152974
13.492445,4.247162,0.182270
13.500486,4.286311,0.232103
13.429083,4.248047,0.260356
13.501911,4.335664,0.121388
13.535779,4.245458,0.200266
13.428528,4.302338,0.123985
13.461155,4.295956,0.159223
13.470777,4.286596,0.137234
13.437863,4.251903,0.101408
13.509116,4.235528,0.119023
13.422280,4.266047,0.162668
13.456097,4.306770,0.076785
13.513875,4.279448,0.090930
13.445077,4.231441,0.157736
13.474025,4.316352,0.101219
13.442891,4.350891,0.010132
13.453275,4.277951,0.065363
13.460094,4.272989,0.147556
13.448449,4.371319,0.069125
13.449916,4.304303,0.093197
13.422204,4.287665,0.075324
13.437882,4.254881,0.024532
13.469251,4.335323,0.160888
13.536589,4.372074,0.099452
13.563321,4.283833,0.114292
13.457407,4.330024,0.054154
13.434008,4.364713,0.055078
13.389706,4.270238,0.046834
13.503319,4.303051,0.067259
13.473927,4.219943,0.086029
13.393589,4.343078,-0.011440
13.456306,4.369181,0.016586
13.460045,4.309088,0.058963
13.475624,4.329374,0.026423
13.409093,4.236723,0.026481
13.401469,4.288722,0.041157
13.442172,4.295025,0.121431
13.440104,4.249475,0.024125
13.441648,4.383043,0.094221
13.444750,4.408630,-0.023811
13.393237,4.307384,0.046416
13.337442,4.377191,-0.006822
13.464774,4.296691,-0.012196
13.384495,4.285800,0.031350
13.463007,4.360838,-0.004899
13.345377,4.336299,-0.015753
13.388361,4.346495,0.020264
13.417655,4.347984,-0.039586
13.463915,4.383807,-0.015361
13.363098,4.347510,-0.087911
13.428358,4.320352,-0.110330
13.393164,4.319577,-0.052865
13.420837,4.384462,-0.019258
13.376546,4.379646,-0.084211
13.312584,4.417412,-0.104256
13.449836,4.318240,-0.091748
13.395005,4.391427,-0.090188
13.408244,4.346549,-0.022540
13.361432,4.351341,-0.080077
13.439216,4.373360,-0.029264
13.330827,4.374585,-0.012060
13.406062,4.352023,-0.109416
13.399480,4.387065,-0.163187
13.300968,4.435844,-0.035402
13.409542,4.384235,-0.058359
13.296715,4.353998,-0.118905
13.359008,4.404431,-0.040928
13.340301,4.389461,-0.151344
13.352516,4.334912,-0.106040
13.363179,4.372895,-0.197769
13.319720,4.488117,-0.150097
13.371823,4.238291,-0.244423
13.386406,4.429911,-0.166971
13.401203,4.418348,-0.164324
13.382811,4.377822,-0.134697
13.339210,4.395396,-0.150537
13.368748,4.411918,-0.178778
13.368448,4.361861,-0.179621
13.370419,4.367619,-0.166382
13.393990,4.427377,-0.211559
13.343851,4.343712,-0.120172
13.459378,4.320449,-0.181875
13.328657,4.427256,-0.165277
13.462823,4.421679,-0.192036
13.314232,4.421119,-0.262323
13.393332,4.357253,-0.205030
13.380898,4.357927,-0.148888
13.353711,4.411353,-0.224784
13.354125,4.292769,-0.234195
13.336143,4.460102,-0.120777
13.347208,4.408281,-0.194568
