ref_vel_x (m/s),ref_vel_y (m/s),ref_vel_z (m/s)
0.000000,0.000000,0.000000
0.009999,0.002899,-0.010000
0.019996,0.005510,-0.020003
0.029989,0.007864,-0.030008
0.039977,0.009987,-0.040018
0.049959,0.011903,-0.050033
0.059934,0.013636,-0.060054
0.069901,0.015203,-0.070081
0.079860,0.016624,-0.080116
0.089811,0.017913,-0.090158
0.099752,0.019086,-0.100208
0.109684,0.020154,-0.110267
0.119607,0.021130,-0.120335
0.129519,0.022024,-0.130411
0.139422,0.022845,-0.140497
0.144781,0.023584,-0.150574
0.148436,0.024256,-0.160649
0.151703,0.024871,-0.170726
0.154621,0.025434,-0.180806
0.157224,0.025951,-0.190887
0.159541,0.026426,-0.200970
0.161601,0.026864,-0.211054
0.163428,0.027268,-0.221139
0.165046,0.027641,-0.231225
0.166472,0.027986,-0.241311
0.167727,0.028306,-0.251398
0.168826,0.028604,-0.261485
0.169784,0.028881,-0.271572
0.170614,0.029140,-0.281659
0.171328,0.029382,-0.291745
0.171937,0.029609,-0.301832
0.172450,0.029822,-0.311918
0.172876,0.030023,-0.322004
0.173224,0.030213,-0.332089
0.173499,0.030393,-0.342174
0.173709,0.030563,-0.352259
0.173859,0.030726,-0.362343
0.173955,0.030880,-0.372426
0.174000,0.031028,-0.382509
0.174000,0.031169,-0.392591
0.173958,0.031305,-0.402673
0.173877,0.031436,-0.412753
0.173761,0.031562,-0.422833
0.173612,0.031683,-0.432913
0.173433,0.031801,-0.442992
0.173226,0.031915,-0.453070
0.172994,0.032026,-0.463147
0.172737,0.032134,-0.473224
0.172458,0.032239,-0.483299
0.172158,0.032341,-0.493375
0.171839,0.032441,-0.503449
0.171502,0.032539,-0.513523
0.171147,0.032635,-0.523596
0.170777,0.032729,-0.533668
0.170391,0.032821,-0.543740
0.169992,0.032912,-0.553811
0.169578,0.033001,-0.563881
0.169152,0.033088,-0.573950
0.168714,0.033174,-0.584019
0.168263,0.033259,-0.594087
0.167802,0.033343,-0.604155
0.167330,0.033426,-0.614221
0.166848,0.033507,-0.624287
0.166356,0.033588,-0.634353
0.165854,0.033667,-0.644417
0.165343,0.033746,-0.654481
0.164824,0.033823,-0.664544
0.164296,0.033900,-0.674607
0.163759,0.033976,-0.684669
0.163214,0.034051,-0.694730
0.162662,0.034125,-0.704790
0.162101,0.034198,-0.714850
0.161534,0.034271,-0.724909
0.160959,0.034343,-0.734968
0.160376,0.034414,-0.745025
0.159787,0.034484,-0.755082
0.159191,0.034554,-0.765139
0.158588,0.034622,-0.775194
0.157978,0.034691,-0.785249
0.157362,0.034758,-0.795304
0.156739,0.034825,-0.805358
0.156110,0.034891,-0.815411
0.155475,0.034956,-0.825463
0.154834,0.035021,-0.835515
0.154186,0.035085,-0.845566
0.153533,0.035149,-0.855616
0.152874,0.035211,-0.865666
0.152209,0.035273,-0.875715
0.151538,0.035335,-0.885764
0.150861,0.035396,-0.895811
0.150179,0.035456,-0.905858
0.149492,0.035515,-0.915905
0.148799,0.035574,-0.925951
0.148100,0.035632,-0.935996
0.147396,0.035690,-0.946041
0.146687,0.035747,-0.956085
0.145973,0.035803,-0.966128
0.145253,0.035858,-0.976171
0.144529,0.035913,-0.986213
0.143799,0.035968,-0.996254
0.143064,0.036021,-1.006295
0.142325,0.036074,-1.016335
0.141580,0.036127,-1.026374
0.140830,0.036178,-1.036413
0.140076,0.036229,-1.046451
0.139317,0.036280,-1.056489
0.138553,0.036330,-1.066526
0.137785,0.036379,-1.076563
0.137011,0.036427,-1.086598
0.136234,0.036475,-1.096633
0.135451,0.036523,-1.106668
0.134665,0.036569,-1.116702
0.133873,0.036615,-1.126735
0.133077,0.036661,-1.136768
0.132277,0.036705,-1.146800
0.131473,0.036750,-1.156832
0.130664,0.036793,-1.166863
0.129851,0.036836,-1.176893
0.129034,0.036878,-1.186923
0.128213,0.036920,-1.196952
0.127387,0.036961,-1.206981
0.126557,0.037001,-1.217009
0.125724,0.037041,-1.227036
0.124886,0.037080,-1.237063
0.124044,0.037118,-1.247089
0.123198,0.037156,-1.257115
0.122349,0.037193,-1.267140
0.121495,0.037230,-1.277164
0.120638,0.037266,-1.287188
0.119777,0.037302,-1.297212
0.118912,0.037336,-1.307234
0.118044,0.037370,-1.317257
0.117171,0.037404,-1.327278
0.116295,0.037437,-1.337299
0.115416,0.037469,-1.347320
0.114533,0.037501,-1.357340
0.113646,0.037532,-1.367359
0.112756,0.037563,-1.377378
0.111862,0.037593,-1.387397
0.110965,0.037622,-1.397414
0.110064,0.037651,-1.407432
0.109160,0.037679,-1.417448
0.108253,0.037706,-1.427465
0.107342,0.037733,-1.437480
0.106428,0.037760,-1.447495
0.105511,0.037785,-1.457510
0.104590,0.037811,-1.467524
0.103666,0.037835,-1.477538
0.102740,0.037859,-1.487551
0.101810,0.037883,-1.497563
0.100877,0.037905,-1.507575
0.099940,0.037928,-1.517587
0.099001,0.037949,-1.527598
0.098059,0.037971,-1.537608
0.097114,0.037991,-1.547618
0.096166,0.038011,-1.557627
0.095214,0.038031,-1.567636
0.094260,0.038049,-1.577645
0.093304,0.038068,-1.587653
0.092344,0.038085,-1.597660
0.091381,0.038103,-1.607667
0.090416,0.038119,-1.617674
0.089448,0.038135,-1.627679
0.088477,0.038151,-1.637685
0.087504,0.038166,-1.647690
0.086527,0.038180,-1.657694
0.085549,0.038194,-1.667699
0.084567,0.038207,-1.677702
0.083583,0.038220,-1.687705
0.082597,0.038232,-1.697708
0.081607,0.038244,-1.707710
0.080616,0.038255,-1.717712
0.079622,0.038266,-1.727713
0.078625,0.038276,-1.737714
0.077626,0.038286,-1.747714
0.076624,0.038295,-1.757714
0.075621,0.038303,-1.767713
0.074614,0.038311,-1.777712
0.073606,0.038319,-1.787711
0.072595,0.038326,-1.797709
0.071582,0.038332,-1.807706
0.070780,0.038340,-1.814201
0.070375,0.038351,-1.814216
0.069972,0.038362,-1.814232
0.069571,0.038372,-1.814247
0.069173,0.038382,-1.814262
0.068776,0.038392,-1.814277
0.068381,0.038402,-1.814291
0.067989,0.038411,-1.814306
0.067598,0.038421,-1.814320
0.067210,0.038430,-1.814335
0.066824,0.038439,-1.814349
0.066439,0.038448,-1.814363
0.066057,0.038456,-1.814376
0.065677,0.038465,-1.814390
0.065298,0.038473,-1.814403
0.064922,0.038481,-1.814417
0.064548,0.038489,-1.814430
0.064175,0.038496,-1.814443
0.063805,0.038504,-1.814456
0.063436,0.038511,-1.814469
0.063070,0.038518,-1.814481
0.062705,0.038525,-1.814494
0.062342,0.038532,-1.814506
0.061981,0.038538,-1.814518
0.061622,0.038545,-1.814531
0.061265,0.038551,-1.814542
0.060910,0.038557,-1.814554
0.060557,0.038563,-1.814566
0.060205,0.038569,-1.814578
0.059855,0.038575,-1.814589
0.059508,0.038580,-1.814600
0.059162,0.038586,-1.814612
0.058817,0.038591,-1.814623
0.058475,0.038596,-1.814634
0.058135,0.038601,-1.814644
0.057796,0.038606,-1.814655
0.057459,0.038611,-1.814666
0.057123,0.038615,-1.814676
0.056790,0.038619,-1.814687
0.056458,0.038624,-1.814697
0.056128,0.038628,-1.814707
0.055800,0.038632,-1.814717
0.055473,0.038636,-1.814727
0.055149,0.038639,-1.814737
0.054825,0.038643,-1.814747
0.054504,0.038647,-1.814756
0.054184,0.038650,-1.814766
0.053866,0.038653,-1.814775
0.053550,0.038656,-1.814784
0.053235,0.038659,-1.814794
0.052922,0.038662,-1.814803
0.052610,0.038665,-1.814812
0.052301,0.038668,-1.814821
0.051992,0.038671,-1.814829
0.051686,0.038673,-1.814838
0.051381,0.038675,-1.814847
0.051077,0.038678,-1.814855
0.050776,0.038680,-1.814864
0.050475,0.038682,-1.814872
0.050177,0.038684,-1.814880
0.049880,0.038686,-1.814888
0.049584,0.038688,-1.814896
0.049290,0.038689,-1.814904
0.048998,0.038691,-1.814912
0.048707,0.038692,-1.814920
0.048418,0.038694,-1.814928
0.048130,0.038695,-1.814935
0.047844,0.038696,-1.814943
0.047559,0.038697,-1.814950
0.047275,0.038698,-1.814958
0.046994,0.038699,-1.814965
0.046713,0.038700,-1.814972
0.046434,0.038701,-1.814979
0.046157,0.038702,-1.814986
0.045881,0.038702,-1.814993
0.045607,0.038703,-1.815000
0.045333,0.038703,-1.815007
0.045062,0.038704,-1.815014
0.044792,0.038704,-1.815021
0.044523,0.038704,-1.815027
0.044255,0.038705,-1.815034
0.043989,0.038705,-1.815040
0.043725,0.038705,-1.815047
0.043462,0.038705,-1.815053
0.043200,0.038705,-1.815059
0.042939,0.038705,-1.815065
0.042680,0.038704,-1.815071
0.042423,0.038704,-1.815078
0.042166,0.038704,-1.815083
0.041911,0.038703,-1.815089
0.041658,0.038703,-1.815095
0.041405,0.038702,-1.815101
0.041154,0.038702,-1.815107
0.040904,0.038701,-1.815112
0.040656,0.038700,-1.815118
0.040409,0.038700,-1.815124
0.040163,0.038699,-1.815129
0.039919,0.038698,-1.815134
0.039675,0.038697,-1.815140
0.039434,0.038696,-1.815145
0.039193,0.038695,-1.815150
0.038953,0.038694,-1.815155
0.038715,0.038693,-1.815161
0.038478,0.038691,-1.815166
0.038243,0.038690,-1.815171
0.038008,0.038689,-1.815176
0.037775,0.038688,-1.815181
0.037543,0.038686,-1.815185
0.037312,0.038685,-1.815190
0.037083,0.038683,-1.815195
0.036855,0.038682,-1.815200
0.036627,0.038680,-1.815204
0.036402,0.038679,-1.815209
0.036177,0.038677,-1.815213
0.035953,0.038675,-1.815218
0.035731,0.038674,-1.815222
0.035510,0.038672,-1.815227
0.035290,0.038670,-1.815231
0.035071,0.038668,-1.815235
0.034853,0.038666,-1.815239
0.034636,0.038664,-1.815244
0.034421,0.038662,-1.815248
0.034206,0.038660,-1.815252
0.033993,0.038658,-1.815256
0.033781,0.038656,-1.815260
0.033570,0.038654,-1.815264
0.033360,0.038652,-1.815268
0.033151,0.038650,-1.815272
0.032944,0.038648,-1.815275
0.032737,0.038646,-1.815279
0.032532,0.038643,-1.815283
0.032327,0.038641,-1.815287
0.032124,0.038639,-1.815290
0.031922,0.038636,-1.815294
0.031720,0.038634,-1.815298
0.031520,0.038632,-1.815301
0.031321,0.038629,-1.815305
0.031123,0.038627,-1.815308
0.030926,0.038624,-1.815311
0.030730,0.038622,-1.815315
0.030535,0.038619,-1.815318
0.030341,0.038617,-1.815322
0.030148,0.038614,-1.815325
0.029956,0.038612,-1.815328
0.029765,0.038609,-1.815331
0.029575,0.038606,-1.815334
0.029387,0.038604,-1.815337
0.029199,0.038601,-1.815341
0.029012,0.038598,-1.815344
0.028826,0.038595,-1.815347
0.028641,0.038593,-1.815350
0.028457,0.038590,-1.815353
0.028274,0.038587,-1.815356
0.028092,0.038584,-1.815358
0.027911,0.038582,-1.815361
0.027730,0.038579,-1.815364
0.027551,0.038576,-1.815367
0.027373,0.038573,-1.815370
0.027196,0.038570,-1.815372
0.027019,0.038567,-1.815375
0.026844,0.038564,-1.815378
0.026669,0.038561,-1.815380
0.026496,0.038558,-1.815383
0.026323,0.038555,-1.815386
0.026151,0.038553,-1.815388
0.025980,0.038550,-1.815391
0.025810,0.038547,-1.815393
0.025641,0.038544,-1.815396
0.025473,0.038540,-1.815398
0.025305,0.038537,-1.815400
0.025139,0.038534,-1.815403
0.024973,0.038531,-1.815405
0.024808,0.038528,-1.815407
0.024645,0.038525,-1.815410
0.024482,0.038522,-1.815412
0.024319,0.038519,-1.815414
0.024158,0.038516,-1.815416
0.023998,0.038513,-1.815419
0.023838,0.038510,-1.815421
0.023679,0.038507,-1.815423
0.023521,0.038503,-1.815425
0.023364,0.038500,-1.815427
0.023208,0.038497,-1.815429
0.023053,0.038494,-1.815431
0.022898,0.038491,-1.815433
0.022744,0.038488,-1.815435
0.022591,0.038484,-1.815437
0.022439,0.038481,-1.815439
0.022287,0.038478,-1.815441
0.022137,0.038475,-1.815443
0.021987,0.038471,-1.815445
0.021838,0.038468,-1.815447
0.021690,0.038465,-1.815449
0.021542,0.038462,-1.815451
0.021395,0.038459,-1.815452
0.021249,0.038455,-1.815454
0.021104,0.038452,-1.815456
0.020960,0.038449,-1.815458
0.020816,0.038446,-1.815459
0.020673,0.038442,-1.815461
0.020531,0.038439,-1.815463
0.020390,0.038436,-1.815464
0.020249,0.038433,-1.815466
0.020109,0.038429,-1.815468
0.019970,0.038426,-1.815469
0.019832,0.038423,-1.815471
0.019694,0.038420,-1.815472
0.019557,0.038416,-1.815474
0.019421,0.038413,-1.815476
0.019285,0.038410,-1.815477
0.019150,0.038406,-1.815479
0.019016,0.038403,-1.815480
0.018883,0.038400,-1.815481
0.018750,0.038397,-1.815483
0.018618,0.038393,-1.815484
0.018486,0.038390,-1.815486
0.018356,0.038387,-1.815487
0.018226,0.038384,-1.815489
0.018096,0.038380,-1.815490
0.017968,0.038377,-1.815491
0.017840,0.038374,-1.815493
0.017713,0.038370,-1.815494
0.017586,0.038367,-1.815495
0.017460,0.038364,-1.815496
0.017335,0.038361,-1.815498
0.017210,0.038357,-1.815499
0.017086,0.038354,-1.815500
0.016963,0.038351,-1.815501
0.016840,0.038348,-1.815503
0.016718,0.038344,-1.815504
0.016597,0.038341,-1.815505
0.016476,0.038338,-1.815506
0.016356,0.038335,-1.815507
0.016237,0.038331,-1.815508
0.016118,0.038328,-1.815510
0.016000,0.038325,-1.815511
0.015882,0.038322,-1.815512
0.015765,0.038318,-1.815513
0.015649,0.038315,-1.815514
0.015533,0.038312,-1.815515
0.015418,0.038309,-1.815516
0.015303,0.038305,-1.815517
0.015189,0.038302,-1.815518
0.015076,0.038299,-1.815519
0.014963,0.038296,-1.815520
0.014851,0.038293,-1.815521
0.014739,0.038289,-1.815522
0.014628,0.038286,-1.815523
0.014518,0.038283,-1.815524
0.014408,0.038280,-1.815525
0.014299,0.038277,-1.815526
0.014190,0.038274,-1.815527
0.014082,0.038270,-1.815528
0.013975,0.038267,-1.815529
0.013868,0.038264,-1.815530
0.013761,0.038261,-1.815530
0.013655,0.038258,-1.815531
0.013550,0.038255,-1.815532
0.013445,0.038251,-1.815533
0.013341,0.038248,-1.815534
0.013238,0.038245,-1.815535
0.013135,0.038242,-1.815535
0.013032,0.038239,-1.815536
0.012930,0.038236,-1.815537
0.012829,0.038233,-1.815538
0.012728,0.038230,-1.815539
0.012627,0.038227,-1.815539
0.012527,0.038223,-1.815540
0.012428,0.038220,-1.815541
0.012329,0.038217,-1.815542
0.012231,0.038214,-1.815542
0.012133,0.038211,-1.815543
0.012036,0.038208,-1.815544
0.011939,0.038205,-1.815545
0.011843,0.038202,-1.815545
0.011747,0.038199,-1.815546
0.011652,0.038196,-1.815547
0.011557,0.038193,-1.815547
0.011463,0.038190,-1.815548
0.011369,0.038187,-1.815549
0.011276,0.038184,-1.815549
0.011183,0.038181,-1.815550
0.011090,0.038178,-1.815550
0.010999,0.038175,-1.815551
0.010907,0.038172,-1.815552
0.010816,0.038169,-1.815552
0.010726,0.038166,-1.815553
0.010636,0.038163,-1.815553
0.010547,0.038160,-1.815554
0.010458,0.038157,-1.815555
0.010369,0.038154,-1.815555
0.010281,0.038152,-1.815556
0.010194,0.038149,-1.815556
0.010107,0.038146,-1.815557
0.010020,0.038143,-1.815557
0.009934,0.038140,-1.815558
0.009848,0.038137,-1.815558
0.009763,0.038134,-1.815559
0.009678,0.038131,-1.815560
0.009593,0.038128,-1.815560
0.009510,0.038126,-1.815561
0.009426,0.038123,-1.815561
0.009343,0.038120,-1.815562
0.009260,0.038117,-1.815562
0.009178,0.038114,-1.815562
0.009096,0.038112,-1.815563
0.009015,0.038109,-1.815563
0.008934,0.038106,-1.815564
0.008854,0.038103,-1.815564
0.008774,0.038100,-1.815565
0.008694,0.038098,-1.815565
0.008615,0.038095,-1.815566
0.008536,0.038092,-1.815566
0.008457,0.038089,-1.815566
0.008379,0.038087,-1.815567
0.008302,0.038084,-1.815567
0.008225,0.038081,-1.815568
0.008148,0.038079,-1.815568
0.008072,0.038076,-1.815569
0.007996,0.038073,-1.815569
0.007920,0.038070,-1.815569
0.007845,0.038068,-1.815570
0.007770,0.038065,-1.815570
0.007696,0.038062,-1.815570
0.007622,0.038060,-1.815571
0.007548,0.038057,-1.815571
0.007475,0.038055,-1.815572
0.007402,0.038052,-1.815572
0.007330,0.038049,-1.815572
0.007258,0.038047,-1.815573
0.007186,0.038044,-1.815573
0.007115,0.038042,-1.815573
0.007044,0.038039,-1.815574
0.006973,0.038036,-1.815574
0.006903,0.038034,-1.815574
0.006833,0.038031,-1.815575
0.006764,0.038029,-1.815575
0.006695,0.038026,-1.815575
0.006626,0.038024,-1.815575
0.006557,0.038021,-1.815576
0.006489,0.038019,-1.815576
0.006422,0.038016,-1.815576
0.006355,0.038014,-1.815577
0.006288,0.038011,-1.815577
0.006221,0.038009,-1.815577
0.006155,0.038006,-1.815578
0.006089,0.038004,-1.815578
0.006023,0.038001,-1.815578
0.005958,0.037999,-1.815578
0.005893,0.037996,-1.815579
0.005829,0.037994,-1.815579
0.005765,0.037992,-1.815579
0.005701,0.037989,-1.815579
0.005637,0.037987,-1.815580
0.005574,0.037984,-1.815580
0.005511,0.037982,-1.815580
0.005449,0.037980,-1.815580
0.005387,0.037977,-1.815581
0.005325,0.037975,-1.815581
0.005263,0.037973,-1.815581
0.005202,0.037970,-1.815581
0.005141,0.037968,-1.815581
0.005080,0.037966,-1.815582
0.005020,0.037963,-1.815582
0.004960,0.037961,-1.815582
0.004901,0.037959,-1.815582
0.004841,0.037956,-1.815583
0.004782,0.037954,-1.815583
0.004724,0.037952,-1.815583
0.004665,0.037950,-1.815583
0.004607,0.037947,-1.815583
0.004549,0.037945,-1.815584
0.004492,0.037943,-1.815584
0.004435,0.037941,-1.815584
0.004378,0.037939,-1.815584
0.004321,0.037936,-1.815584
0.004265,0.037934,-1.815584
0.004209,0.037932,-1.815585
0.004153,0.037930,-1.815585
0.004098,0.037928,-1.815585
0.004043,0.037925,-1.815585
0.003988,0.037923,-1.815585
0.003934,0.037921,-1.815585
0.003879,0.037919,-1.815586
0.003826,0.037917,-1.815586
0.003772,0.037915,-1.815586
0.003718,0.037913,-1.815586
0.003665,0.037910,-1.815586
0.003613,0.037908,-1.815586
0.003560,0.037906,-1.815587
0.003508,0.037904,-1.815587
0.003456,0.037902,-1.815587
0.003404,0.037900,-1.815587
0.003353,0.037898,-1.815587
0.003301,0.037896,-1.815587
0.003251,0.037894,-1.815587
0.003200,0.037892,-1.815588
0.003150,0.037890,-1.815588
0.003099,0.037888,-1.815588
0.003050,0.037886,-1.815588
0.003000,0.037884,-1.815588
0.002951,0.037882,-1.815588
0.002902,0.037880,-1.815588
0.002853,0.037878,-1.815588
0.002804,0.037876,-1.815588
0.002756,0.037874,-1.815589
0.002708,0.037872,-1.815589
0.002660,0.037870,-1.815589
0.002613,0.037868,-1.815589
0.002565,0.037866,-1.815589
0.002518,0.037864,-1.815589
0.002471,0.037862,-1.815589
0.002425,0.037860,-1.815589
0.002379,0.037859,-1.815589
0.002333,0.037857,-1.815590
0.002287,0.037855,-1.815590
0.002241,0.037853,-1.815590
0.002196,0.037851,-1.815590
0.002151,0.037849,-1.815590
0.002106,0.037847,-1.815590
0.002061,0.037845,-1.815590
0.002017,0.037844,-1.815590
0.001973,0.037842,-1.815590
0.001929,0.037840,-1.815590
0.001885,0.037838,-1.815590
0.001842,0.037836,-1.815591
0.001798,0.037835,-1.815591
0.001755,0.037833,-1.815591
0.001712,0.037831,-1.815591
0.001670,0.037829,-1.815591
0.001628,0.037827,-1.815591
0.001585,0.037826,-1.815591
0.001544,0.037824,-1.815591
0.001502,0.037822,-1.815591
0.001460,0.037820,-1.815591
0.001419,0.037819,-1.815591
0.001378,0.037817,-1.815591
0.001337,0.037815,-1.815591
0.001297,0.037814,-1.815591
0.001256,0.037812,-1.815592
0.001216,0.037810,-1.815592
0.001176,0.037808,-1.815592
0.001136,0.037807,-1.815592
0.001097,0.037805,-1.815592
0.001058,0.037803,-1.815592
0.001019,0.037802,-1.815592
0.000980,0.037800,-1.815592
0.000941,0.037799,-1.815592
0.000902,0.037797,-1.815592
0.000864,0.037795,-1.815592
0.000826,0.037794,-1.815592
0.000788,0.037792,-1.815592
0.000750,0.037790,-1.815592
0.000713,0.037789,-1.815592
0.000675,0.037787,-1.815592
0.000638,0.037786,-1.815592
0.000601,0.037784,-1.815592
0.000565,0.037783,-1.815593
0.000528,0.037781,-1.815593
0.000492,0.037779,-1.815593
0.000456,0.037778,-1.815593
0.000420,0.037776,-1.815593
0.000384,0.037775,-1.815593
0.000348,0.037773,-1.815593
0.000313,0.037772,-1.815593
0.000278,0.037770,-1.815593
0.000243,0.037769,-1.815593
0.000208,0.037767,-1.815593
0.000173,0.037766,-1.815593
0.000139,0.037764,-1.815593
0.000104,0.037763,-1.815593
0.000070,0.037761,-1.815593
0.000036,0.037760,-1.815593
0.000003,0.037758,-1.815593
-0.000031,0.037757,-1.815593
-0.000064,0.037755,-1.815593
-0.000098,0.037754,-1.815593
-0.000131,0.037752,-1.815593
-0.000164,0.037751,-1.815593
-0.000196,0.037750,-1.815593
-0.000229,0.037748,-1.815593
-0.000261,0.037747,-1.815593
-0.000293,0.037745,-1.815593
-0.000325,0.037744,-1.815593
-0.000357,0.037743,-1.815593
-0.000389,0.037741,-1.815593
-0.000421,0.037740,-1.815593
-0.000452,0.037738,-1.815593
-0.000483,0.037737,-1.815593
-0.000514,0.037736,-1.815594
-0.000545,0.037734,-1.815594
-0.000576,0.037733,-1.815594
-0.000606,0.037732,-1.815594
-0.000637,0.037730,-1.815594
-0.000667,0.037729,-1.815594
-0.000697,0.037728,-1.815594
-0.000727,0.037726,-1.815594
-0.000757,0.037725,-1.815594
-0.000786,0.037724,-1.815594
-0.000816,0.037722,-1.815594
-0.000845,0.037721,-1.815594
-0.000874,0.037720,-1.815594
-0.000903,0.037719,-1.815594
-0.000932,0.037717,-1.815594
-0.000961,0.037716,-1.815594
-0.000989,0.037715,-1.815594
-0.001017,0.037714,-1.815594
-0.001046,0.037712,-1.815594
-0.001074,0.037711,-1.815594
-0.001102,0.037710,-1.815594
-0.001130,0.037709,-1.815594
-0.001157,0.037707,-1.815594
-0.001185,0.037706,-1.815594
-0.001212,0.037705,-1.815594
-0.001239,0.037704,-1.815594
-0.001266,0.037702,-1.815594
-0.001293,0.037701,-1.815594
-0.001320,0.037700,-1.815594
-0.001347,0.037699,-1.815594
-0.001373,0.037698,-1.815594
-0.001399,0.037697,-1.815594
-0.001426,0.037695,-1.815594
-0.001452,0.037694,-1.815594
-0.001478,0.037693,-1.815594
-0.001504,0.037692,-1.815594
-0.001529,0.037691,-1.815594
-0.001555,0.037690,-1.815594
-0.001580,0.037688,-1.815594
-0.001605,0.037687,-1.815594
-0.001631,0.037686,-1.815594
-0.001656,0.037685,-1.815594
-0.001680,0.037684,-1.815594
-0.001705,0.037683,-1.815594
-0.001730,0.037682,-1.815594
-0.001754,0.037681,-1.815594
-0.001779,0.037679,-1.815594
-0.001803,0.037678,-1.815594
-0.001827,0.037677,-1.815594
-0.001851,0.037676,-1.815594
-0.001875,0.037675,-1.815594
-0.001899,0.037674,-1.815594
-0.001922,0.037673,-1.815594
-0.001946,0.037672,-1.815594
-0.001969,0.037671,-1.815594
-0.001992,0.037670,-1.815594
-0.002015,0.037669,-1.815594
-0.002038,0.037668,-1.815594
-0.002061,0.037667,-1.815594
-0.002084,0.037666,-1.815594
-0.002107,0.037665,-1.815594
-0.002129,0.037664,-1.815594
-0.002152,0.037663,-1.815594
-0.002174,0.037662,-1.815594
-0.002196,0.037661,-1.815594
-0.002218,0.037660,-1.815594
-0.002240,0.037659,-1.815594
-0.002262,0.037658,-1.815594
-0.002283,0.037657,-1.815594
-0.002305,0.037656,-1.815594
-0.002326,0.037655,-1.815594
-0.002348,0.037654,-1.815594
-0.002369,0.037653,-1.815594
-0.002390,0.037652,-1.815594
-0.002411,0.037651,-1.815594
-0.002432,0.037650,-1.815594
-0.002453,0.037649,-1.815594
-0.002474,0.037648,-1.815594
-0.002494,0.037647,-1.815594
-0.002515,0.037646,-1.815594
-0.002535,0.037645,-1.815594
-0.002555,0.037644,-1.815594
-0.002575,0.037643,-1.815594
-0.002596,0.037642,-1.815594
-0.002615,0.037641,-1.815594
-0.002635,0.037640,-1.815594
-0.002655,0.037640,-1.815594
-0.002675,0.037639,-1.815594
-0.002694,0.037638,-1.815594
-0.002714,0.037637,-1.815594
-0.002733,0.037636,-1.815594
-0.002752,0.037635,-1.815594
-0.002771,0.037634,-1.815594
-0.002790,0.037633,-1.815594
-0.002809,0.037632,-1.815594
-0.002828,0.037632,-1.815594
-0.002847,0.037631,-1.815594
-0.002865,0.037630,-1.815594
-0.002884,0.037629,-1.815594
-0.002902,0.037628,-1.815593
-0.002921,0.037627,-1.815593
-0.002939,0.037626,-1.815593
-0.002957,0.037626,-1.815593
-0.002975,0.037625,-1.815593
-0.002993,0.037624,-1.815593
-0.003011,0.037623,-1.815593
-0.003029,0.037622,-1.815593
-0.003046,0.037621,-1.815593
-0.003064,0.037621,-1.815593
-0.003081,0.037620,-1.815593
-0.003099,0.037619,-1.815593
-0.003116,0.037618,-1.815593
-0.003133,0.037617,-1.815593
-0.003150,0.037617,-1.815593
-0.003167,0.037616,-1.815593
-0.003184,0.037615,-1.815593
-0.003201,0.037614,-1.815593
-0.003218,0.037613,-1.815593
-0.003235,0.037613,-1.815593
-0.003251,0.037612,-1.815593
-0.003268,0.037611,-1.815593
-0.003284,0.037610,-1.815593
-0.003301,0.037610,-1.815593
-0.003317,0.037609,-1.815593
-0.003333,0.037608,-1.815593
-0.003349,0.037607,-1.815593
-0.003365,0.037607,-1.815593
-0.003381,0.037606,-1.815593
-0.003397,0.037605,-1.815593
-0.003412,0.037604,-1.815593
-0.003428,0.037604,-1.815593
-0.003444,0.037603,-1.815593
-0.003459,0.037602,-1.815593
-0.003475,0.037601,-1.815593
-0.003490,0.037601,-1.815593
-0.003505,0.037600,-1.815593
-0.003520,0.037599,-1.815593
-0.003535,0.037599,-1.815593
-0.003550,0.037598,-1.815593
-0.003565,0.037597,-1.815593
-0.003580,0.037597,-1.815593
-0.003595,0.037596,-1.815593
-0.003610,0.037595,-1.815593
-0.003624,0.037594,-1.815593
-0.003639,0.037594,-1.815593
-0.003653,0.037593,-1.815593
-0.003668,0.037592,-1.815593
-0.003682,0.037592,-1.815593
-0.003696,0.037591,-1.815593
-0.003710,0.037590,-1.815593
-0.003725,0.037590,-1.815593
-0.003739,0.037589,-1.815593
-0.003752,0.037588,-1.815593
-0.003766,0.037588,-1.815593
-0.003780,0.037587,-1.815593
-0.003794,0.037586,-1.815593
-0.003808,0.037586,-1.815593
-0.003821,0.037585,-1.815593
-0.003835,0.037585,-1.815593
-0.003848,0.037584,-1.815593
-0.003861,0.037583,-1.815593
-0.003875,0.037583,-1.815593
-0.003888,0.037582,-1.815593
-0.003901,0.037581,-1.815593
-0.003914,0.037581,-1.815593
-0.003927,0.037580,-1.815593
-0.003940,0.037580,-1.815593
-0.003953,0.037579,-1.815593
-0.003966,0.037578,-1.815593
-0.003979,0.037578,-1.815592
-0.003991,0.037577,-1.815592
-0.004004,0.037577,-1.815592
-0.004016,0.037576,-1.815592
-0.004029,0.037575,-1.815592
-0.004041,0.037575,-1.815592
-0.004054,0.037574,-1.815592
-0.004066,0.037574,-1.815592
-0.004078,0.037573,-1.815592
-0.004090,0.037572,-1.815592
-0.004103,0.037572,-1.815592
-0.004115,0.037571,-1.815592
-0.004127,0.037571,-1.815592
-0.004138,0.037570,-1.815592
-0.004150,0.037570,-1.815592
-0.004162,0.037569,-1.815592
-0.004174,0.037568,-1.815592
-0.004185,0.037568,-1.815592
-0.004197,0.037567,-1.815592
-0.004209,0.037567,-1.815592
-0.004220,0.037566,-1.815592
-0.004231,0.037566,-1.815592
-0.004243,0.037565,-1.815592
-0.004254,0.037565,-1.815592
-0.004265,0.037564,-1.815592
-0.004277,0.037564,-1.815592
-0.004288,0.037563,-1.815592
-0.004299,0.037563,-1.815592
-0.004310,0.037562,-1.815592
-0.004321,0.037562,-1.815592
-0.004332,0.037561,-1.815592
-0.004342,0.037560,-1.815592
-0.004353,0.037560,-1.815592
-0.004364,0.037559,-1.815592
-0.004374,0.037559,-1.815592
-0.004385,0.037558,-1.815592
-0.004396,0.037558,-1.815592
-0.004406,0.037557,-1.815592
-0.004417,0.037557,-1.815592
-0.004427,0.037556,-1.815592
-0.004437,0.037556,-1.815592
-0.004448,0.037555,-1.815592
-0.004458,0.037555,-1.815592
-0.004468,0.037554,-1.815592
-0.004478,0.037554,-1.815592
-0.004488,0.037554,-1.815592
-0.004498,0.037553,-1.815592
-0.004508,0.037553,-1.815592
-0.004518,0.037552,-1.815592
-0.004528,0.037552,-1.815592
-0.004538,0.037551,-1.815592
-0.004547,0.037551,-1.815592
-0.004557,0.037550,-1.815592
-0.004567,0.037550,-1.815592
-0.004576,0.037549,-1.815592
-0.004586,0.037549,-1.815592
-0.004595,0.037548,-1.815592
-0.004605,0.037548,-1.815592
-0.004614,0.037547,-1.815592
-0.004624,0.037547,-1.815592
-0.004633,0.037547,-1.815592
-0.004642,0.037546,-1.815592
-0.004651,0.037546,-1.815592
-0.004660,0.037545,-1.815592
-0.004670,0.037545,-1.815592
-0.004679,0.037544,-1.815592
-0.004688,0.037544,-1.815592
-0.004697,0.037544,-1.815591
-0.004705,0.037543,-1.815591
-0.004714,0.037543,-1.815591
-0.004723,0.037542,-1.815591
-0.004732,0.037542,-1.815591
-0.004741,0.037541,-1.815591
-0.004749,0.037541,-1.815591
-0.004758,0.037541,-1.815591
-0.004767,0.037540,-1.815591
-0.004775,0.037540,-1.815591
-0.004784,0.037539,-1.815591
-0.004792,0.037539,-1.815591
-0.004801,0.037539,-1.815591
-0.004809,0.037538,-1.815591
-0.004817,0.037538,-1.815591
-0.004825,0.037537,-1.815591
-0.004834,0.037537,-1.815591
-0.004842,0.037537,-1.815591
-0.004850,0.037536,-1.815591
-0.004858,0.037536,-1.815591
-0.004866,0.037535,-1.815591
-0.004874,0.037535,-1.815591
-0.004882,0.037535,-1.815591
-0.004890,0.037534,-1.815591
-0.004898,0.037534,-1.815591
-0.004906,0.037533,-1.815591
-0.004914,0.037533,-1.815591
-0.004922,0.037533,-1.815591
-0.004929,0.037532,-1.815591
-0.004937,0.037532,-1.815591
-0.004945,0.037532,-1.815591
-0.004952,0.037531,-1.815591
-0.004960,0.037531,-1.815591
-0.004967,0.037530,-1.815591
-0.004975,0.037530,-1.815591
-0.004982,0.037530,-1.815591
-0.004990,0.037529,-1.815591
-0.004997,0.037529,-1.815591
-0.005004,0.037529,-1.815591
-0.005012,0.037528,-1.815591
-0.005019,0.037528,-1.815591
-0.005026,0.037528,-1.815591
-0.005033,0.037527,-1.815591
-0.005040,0.037527,-1.815591
-0.005048,0.037527,-1.815591
-0.005055,0.037526,-1.815591
-0.005062,0.037526,-1.815591
-0.005069,0.037526,-1.815591
-0.005076,0.037525,-1.815591
-0.005083,0.037525,-1.815591
-0.005089,0.037525,-1.815591
-0.005096,0.037524,-1.815591
-0.005103,0.037524,-1.815591
-0.005110,0.037524,-1.815591
-0.005117,0.037523,-1.815591
-0.005123,0.037523,-1.815591
-0.005130,0.037523,-1.815591
-0.005137,0.037522,-1.815591
-0.005143,0.037522,-1.815591
-0.005150,0.037522,-1.815591
-0.005156,0.037521,-1.815591
-0.005163,0.037521,-1.815591
-0.005169,0.037521,-1.815591
-0.005176,0.037520,-1.815591
-0.005182,0.037520,-1.815591
-0.005189,0.037520,-1.815591
-0.005195,0.037519,-1.815591
-0.005201,0.037519,-1.815591
-0.005207,0.037519,-1.815591
-0.005214,0.037519,-1.815591
-0.005220,0.037518,-1.815591
-0.005226,0.037518,-1.815591
-0.005232,0.037518,-1.815591
-0.005238,0.037517,-1.815591
-0.005244,0.037517,-1.815591
-0.005250,0.037517,-1.815591
-0.005256,0.037516,-1.815591
-0.005262,0.037516,-1.815591
-0.005268,0.037516,-1.815590
-0.005274,0.037516,-1.815590
-0.005280,0.037515,-1.815590
-0.005286,0.037515,-1.815590
-0.005292,0.037515,-1.815590
-0.005298,0.037514,-1.815590
-0.005303,0.037514,-1.815590
-0.005309,0.037514,-1.815590
-0.005315,0.037514,-1.815590
-0.005320,0.037513,-1.815590
-0.005326,0.037513,-1.815590
-0.005332,0.037513,-1.815590
-0.005337,0.037513,-1.815590
-0.005343,0.037512,-1.815590
-0.005348,0.037512,-1.815590
-0.005354,0.037512,-1.815590
-0.005359,0.037511,-1.815590
-0.005365,0.037511,-1.815590
-0.005370,0.037511,-1.815590
-0.005375,0.037511,-1.815590
-0.005381,0.037510,-1.815590
-0.005386,0.037510,-1.815590
-0.005391,0.037510,-1.815590
-0.005397,0.037510,-1.815590
-0.005402,0.037509,-1.815590
-0.005407,0.037509,-1.815590
-0.005412,0.037509,-1.815590
-0.005417,0.037509,-1.815590
-0.005423,0.037508,-1.815590
-0.005428,0.037508,-1.815590
-0.005433,0.037508,-1.815590
-0.005438,0.037508,-1.815590
-0.005443,0.037507,-1.815590
-0.005448,0.037507,-1.815590
-0.005453,0.037507,-1.815590
-0.005458,0.037507,-1.815590
-0.005463,0.037506,-1.815590
-0.005468,0.037506,-1.815590
-0.005472,0.037506,-1.815590
-0.005477,0.037506,-1.815590
-0.005482,0.037505,-1.815590
-0.005487,0.037505,-1.815590
-0.005492,0.037505,-1.815590
-0.005496,0.037505,-1.815590
-0.005501,0.037505,-1.815590
-0.005506,0.037504,-1.815590
-0.005510,0.037504,-1.815590
-0.005515,0.037504,-1.815590
-0.005520,0.037504,-1.815590
-0.005524,0.037503,-1.815590
-0.005529,0.037503,-1.815590
-0.005533,0.037503,-1.815590
-0.005538,0.037503,-1.815590
-0.005542,0.037503,-1.815590
-0.005547,0.037502,-1.815590
-0.005551,0.037502,-1.815590
-0.005556,0.037502,-1.815590
-0.005560,0.037502,-1.815590
-0.005565,0.037501,-1.815590
-0.005569,0.037501,-1.815590
-0.005573,0.037501,-1.815590
-0.005578,0.037501,-1.815590
-0.005582,0.037501,-1.815590
-0.005586,0.037500,-1.815590
-0.005590,0.037500,-1.815590
-0.005595,0.037500,-1.815590
-0.005599,0.037500,-1.815590
-0.005603,0.037500,-1.815590
-0.005607,0.037499,-1.815590
-0.005611,0.037499,-1.815590
-0.005615,0.037499,-1.815590
-0.005619,0.037499,-1.815590
-0.005624,0.037499,-1.815590
-0.005628,0.037498,-1.815590
-0.005632,0.037498,-1.815590
-0.005636,0.037498,-1.815590
-0.005640,0.037498,-1.815590
-0.005644,0.037498,-1.815590
-0.005648,0.037497,-1.815590
-0.005651,0.037497,-1.815590
-0.005655,0.037497,-1.815590
-0.005659,0.037497,-1.815590
-0.005663,0.037497,-1.815590
-0.005667,0.037496,-1.815590
-0.005671,0.037496,-1.815590
-0.005675,0.037496,-1.815590
-0.005678,0.037496,-1.815590
-0.005682,0.037496,-1.815590
-0.005686,0.037495,-1.815590
-0.005690,0.037495,-1.815590
-0.005693,0.037495,-1.815590
-0.005697,0.037495,-1.815590
-0.005701,0.037495,-1.815590
-0.005704,0.037495,-1.815590
-0.005708,0.037494,-1.815590
-0.005711,0.037494,-1.815590
-0.005715,0.037494,-1.815590
-0.005719,0.037494,-1.815590
-0.005722,0.037494,-1.815590
-0.005726,0.037494,-1.815590
-0.005729,0.037493,-1.815590
-0.005733,0.037493,-1.815590
-0.005736,0.037493,-1.815590
-0.005740,0.037493,-1.815590
-0.005743,0.037493,-1.815590
-0.005746,0.037493,-1.815590
-0.005750,0.037492,-1.815590
-0.005753,0.037492,-1.815590
-0.005757,0.037492,-1.815589
-0.005760,0.037492,-1.815589
-0.005763,0.037492,-1.815589
-0.005767,0.037492,-1.815589
-0.005770,0.037491,-1.815589
-0.005773,0.037491,-1.815589
-0.005776,0.037491,-1.815589
-0.005780,0.037491,-1.815589
-0.005783,0.037491,-1.815589
-0.005786,0.037491,-1.815589
-0.005789,0.037490,-1.815589
-0.005793,0.037490,-1.815589
-0.005796,0.037490,-1.815589
-0.005799,0.037490,-1.815589
-0.005802,0.037490,-1.815589
-0.005805,0.037490,-1.815589
-0.005808,0.037489,-1.815589
-0.005811,0.037489,-1.815589
-0.005814,0.037489,-1.815589
-0.005817,0.037489,-1.815589
-0.005820,0.037489,-1.815589
-0.005823,0.037489,-1.815589
-0.005826,0.037489,-1.815589
-0.005829,0.037488,-1.815589
-0.005832,0.037488,-1.815589
-0.005835,0.037488,-1.815589
-0.005838,0.037488,-1.815589
-0.005841,0.037488,-1.815589
-0.005844,0.037488,-1.815589
-0.005847,0.037488,-1.815589
-0.005850,0.037487,-1.815589
-0.005853,0.037487,-1.815589
-0.005856,0.037487,-1.815589
-0.005858,0.037487,-1.815589
-0.005861,0.037487,-1.815589
-0.005864,0.037487,-1.815589
-0.005867,0.037487,-1.815589
-0.005870,0.037486,-1.815589
-0.005872,0.037486,-1.815589
-0.005875,0.037486,-1.815589
-0.005878,0.037486,-1.815589
-0.005880,0.037486,-1.815589
-0.005883,0.037486,-1.815589
-0.005886,0.037486,-1.815589
-0.005888,0.037486,-1.815589
-0.005891,0.037485,-1.815589
-0.005894,0.037485,-1.815589
-0.005896,0.037485,-1.815589
-0.005899,0.037485,-1.815589
-0.005902,0.037485,-1.815589
-0.005904,0.037485,-1.815589
-0.005907,0.037485,-1.815589
-0.005909,0.037485,-1.815589
-0.005912,0.037484,-1.815589
-0.005914,0.037484,-1.815589
-0.005917,0.037484,-1.815589
-0.005919,0.037484,-1.815589
-0.005922,0.037484,-1.815589
-0.005924,0.037484,-1.815589
-0.005927,0.037484,-1.815589
-0.005929,0.037484,-1.815589
-0.005932,0.037483,-1.815589
-0.005934,0.037483,-1.815589
-0.005937,0.037483,-1.815589
-0.005939,0.037483,-1.815589
-0.005941,0.037483,-1.815589
-0.005944,0.037483,-1.815589
-0.005946,0.037483,-1.815589
-0.005949,0.037483,-1.815589
-0.005951,0.037482,-1.815589
-0.005953,0.037482,-1.815589
-0.005956,0.037482,-1.815589
-0.005958,0.037482,-1.815589
-0.005960,0.037482,-1.815589
-0.005962,0.037482,-1.815589
-0.005965,0.037482,-1.815589
-0.005967,0.037482,-1.815589
-0.005969,0.037482,-1.815589
-0.005971,0.037481,-1.815589
-0.005974,0.037481,-1.815589
-0.005976,0.037481,-1.815589
-0.005978,0.037481,-1.815589
-0.005980,0.037481,-1.815589
-0.005982,0.037481,-1.815589
-0.005985,0.037481,-1.815589
-0.005987,0.037481,-1.815589
-0.005989,0.037481,-1.815589
-0.005991,0.037480,-1.815589
-0.005993,0.037480,-1.815589
-0.005995,0.037480,-1.815589
-0.005997,0.037480,-1.815589
-0.005999,0.037480,-1.815589
-0.006001,0.037480,-1.815589
-0.006004,0.037480,-1.815589
-0.006006,0.037480,-1.815589
-0.006008,0.037480,-1.815589
-0.006010,0.037480,-1.815589
-0.006012,0.037479,-1.815589
-0.006014,0.037479,-1.815589
-0.006016,0.037479,-1.815589
-0.006018,0.037479,-1.815589
-0.006020,0.037479,-1.815589
-0.006022,0.037479,-1.815589
-0.006024,0.037479,-1.815589
-0.006026,0.037479,-1.815589
-0.006027,0.037479,-1.815589
-0.006029,0.037479,-1.815589
-0.006031,0.037479,-1.815589
-0.006033,0.037478,-1.815589
-0.006035,0.037478,-1.815589
-0.006037,0.037478,-1.815589
-0.006039,0.037478,-1.815589
-0.006041,0.037478,-1.815589
-0.006043,0.037478,-1.815589
-0.006044,0.037478,-1.815589
-0.006046,0.037478,-1.815589
-0.006048,0.037478,-1.815589
-0.006050,0.037478,-1.815589
-0.006052,0.037477,-1.815589
-0.006054,0.037477,-1.815589
-0.006055,0.037477,-1.815589
-0.006057,0.037477,-1.815589
-0.006059,0.037477,-1.815589
-0.006061,0.037477,-1.815589
-0.006062,0.037477,-1.815589
-0.006064,0.037477,-1.815589
-0.006066,0.037477,-1.815589
-0.006068,0.037477,-1.815589
-0.006069,0.037477,-1.815589
-0.006071,0.037477,-1.815589
-0.006073,0.037476,-1.815589
-0.006074,0.037476,-1.815589
-0.006076,0.037476,-1.815589
-0.006078,0.037476,-1.815589
-0.006079,0.037476,-1.815589
-0.006081,0.037476,-1.815589
-0.006083,0.037476,-1.815589
-0.006084,0.037476,-1.815589
-0.006086,0.037476,-1.815589
-0.006088,0.037476,-1.815589
-0.006089,0.037476,-1.815589
-0.006091,0.037476,-1.815589
-0.006092,0.037475,-1.815589
-0.006094,0.037475,-1.815589
-0.006096,0.037475,-1.815589
-0.006097,0.037475,-1.815589
-0.006099,0.037475,-1.815589
-0.006100,0.037475,-1.815589
-0.006102,0.037475,-1.815589
-0.006103,0.037475,-1.815589
-0.006105,0.037475,-1.815589
-0.006106,0.037475,-1.815589
-0.006108,0.037475,-1.815589
-0.006109,0.037475,-1.815589
-0.006111,0.037475,-1.815589
-0.006112,0.037474,-1.815589
-0.006114,0.037474,-1.815589
-0.006115,0.037474,-1.815589
-0.006117,0.037474,-1.815589
-0.006118,0.037474,-1.815589
-0.006120,0.037474,-1.815589
-0.006121,0.037474,-1.815589
-0.006123,0.037474,-1.815589
-0.006124,0.037474,-1.815589
-0.006125,0.037474,-1.815589
-0.006127,0.037474,-1.815589
-0.006128,0.037474,-1.815589
-0.006130,0.037474,-1.815589
-0.006131,0.037474,-1.815589
-0.006132,0.037474,-1.815589
-0.006134,0.037473,-1.815589
-0.006135,0.037473,-1.815589
-0.006137,0.037473,-1.815589
-0.006138,0.037473,-1.815589
-0.006139,0.037473,-1.815589
-0.006141,0.037473,-1.815589
-0.006142,0.037473,-1.815589
-0.006143,0.037473,-1.815589
-0.006145,0.037473,-1.815589
-0.006146,0.037473,-1.815589
-0.006147,0.037473,-1.815589
-0.006148,0.037473,-1.815589
-0.006150,0.037473,-1.815589
-0.006151,0.037473,-1.815589
-0.006152,0.037473,-1.815589
-0.006154,0.037472,-1.815589
-0.006155,0.037472,-1.815589
-0.006156,0.037472,-1.815589
-0.006157,0.037472,-1.815589
-0.006159,0.037472,-1.815589
-0.006160,0.037472,-1.815589
-0.006161,0.037472,-1.815589
-0.006162,0.037472,-1.815589
-0.006164,0.037472,-1.815589
-0.006165,0.037472,-1.815589
-0.006166,0.037472,-1.815589
-0.006167,0.037472,-1.815589
-0.006168,0.037472,-1.815589
-0.006170,0.037472,-1.815589
-0.006171,0.037472,-1.815589
-0.006172,0.037472,-1.815589
-0.006173,0.037471,-1.815589
-0.006174,0.037471,-1.815589
-0.006175,0.037471,-1.815589
-0.006177,0.037471,-1.815589
-0.006178,0.037471,-1.815589
-0.006179,0.037471,-1.815589
-0.006180,0.037471,-1.815589
-0.006181,0.037471,-1.815589
-0.006182,0.037471,-1.815589
-0.006183,0.037471,-1.815589
-0.006184,0.037471,-1.815589
-0.006186,0.037471,-1.815589
-0.006187,0.037471,-1.815589
-0.006188,0.037471,-1.815589
-0.006189,0.037471,-1.815589
-0.006190,0.037471,-1.815589
-0.006191,0.037471,-1.815589
-0.006192,0.037471,-1.815589
-0.006193,0.037471,-1.815589
-0.006194,0.037470,-1.815589
-0.006195,0.037470,-1.815589
-0.006196,0.037470,-1.815588
-0.006197,0.037470,-1.815588
-0.006198,0.037470,-1.815588
-0.006199,0.037470,-1.815588
-0.006200,0.037470,-1.815588
-0.006201,0.037470,-1.815588
-0.006202,0.037470,-1.815588
-0.006203,0.037470,-1.815588
-0.006204,0.037470,-1.815588
-0.006205,0.037470,-1.815588
-0.006206,0.037470,-1.815588
-0.006207,0.037470,-1.815588
-0.006208,0.037470,-1.815588
-0.006209,0.037470,-1.815588
-0.006210,0.037470,-1.815588
-0.006211,0.037470,-1.815588
-0.006212,0.037470,-1.815588
-0.006213,0.037470,-1.815588
-0.006214,0.037469,-1.815588
-0.006215,0.037469,-1.815588
-0.006216,0.037469,-1.815588
-0.006217,0.037469,-1.815588
-0.006218,0.037469,-1.815588
-0.006219,0.037469,-1.815588
-0.006220,0.037469,-1.815588
-0.006221,0.037469,-1.815588
-0.006222,0.037469,-1.815588
-0.006223,0.037469,-1.815588
-0.006223,0.037469,-1.815588
-0.006224,0.037469,-1.815588
-0.006225,0.037469,-1.815588
-0.006226,0.037469,-1.815588
-0.006227,0.037469,-1.815588
-0.006228,0.037469,-1.815588
-0.006229,0.037469,-1.815588
-0.006230,0.037469,-1.815588
-0.006230,0.037469,-1.815588
-0.006231,0.037469,-1.815588
-0.006232,0.037469,-1.815588
-0.006233,0.037469,-1.815588
-0.006234,0.037468,-1.815588
-0.006235,0.037468,-1.815588
-0.006236,0.037468,-1.815588
-0.006236,0.037468,-1.815588
-0.006237,0.037468,-1.815588
-0.006238,0.037468,-1.815588
-0.006239,0.037468,-1.815588
-0.006240,0.037468,-1.815588
-0.006241,0.037468,-1.815588
-0.006241,0.037468,-1.815588
-0.006242,0.037468,-1.815588
-0.006243,0.037468,-1.815588
-0.006244,0.037468,-1.815588
-0.006245,0.037468,-1.815588
-0.006245,0.037468,-1.815588
-0.006246,0.037468,-1.815588
-0.006247,0.037468,-1.815588
-0.006248,0.037468,-1.815588
-0.006248,0.037468,-1.815588
-0.006249,0.037468,-1.815588
-0.006250,0.037468,-1.815588
-0.006251,0.037468,-1.815588
-0.006251,0.037468,-1.815588
-0.006252,0.037468,-1.815588
-0.006253,0.037468,-1.815588
-0.006254,0.037467,-1.815588
-0.006254,0.037467,-1.815588
-0.006255,0.037467,-1.815588
-0.006256,0.037467,-1.815588
-0.006257,0.037467,-1.815588
-0.006257,0.037467,-1.815588
-0.006258,0.037467,-1.815588
-0.006259,0.037467,-1.815588
-0.006260,0.037467,-1.815588
-0.006260,0.037467,-1.815588
-0.006374,0.037851,-1.815515
-0.006589,0.038580,-1.815376
-0.006898,0.039619,-1.815178
-0.007290,0.040937,-1.814924
-0.007759,0.042505,-1.814622
-0.008298,0.044298,-1.814274
-0.008901,0.046293,-1.813885
-0.009562,0.048469,-1.813458
-0.010276,0.050807,-1.812995
-0.011041,0.053291,-1.812501
-0.011851,0.055904,-1.811976
-0.012703,0.058634,-1.811423
-0.013594,0.061467,-1.810845
-0.014522,0.064394,-1.810242
-0.015484,0.067403,-1.809616
-0.016477,0.070486,-1.808970
-0.017500,0.073635,-1.808303
-0.018550,0.076842,-1.807618
-0.019627,0.080101,-1.806914
-0.020728,0.083406,-1.806194
-0.021852,0.086751,-1.805458
-0.022998,0.090132,-1.804707
-0.024165,0.093545,-1.803942
-0.025351,0.096984,-1.803162
-0.026557,0.100449,-1.802370
-0.027780,0.103933,-1.801564
-0.029020,0.107436,-1.800746
-0.030276,0.110955,-1.799917
-0.031548,0.114487,-1.799076
-0.032836,0.118030,-1.798224
-0.034138,0.121582,-1.797362
-0.035453,0.125142,-1.796489
-0.036783,0.128708,-1.795606
-0.038125,0.132279,-1.794713
-0.039481,0.135853,-1.793811
-0.040849,0.139430,-1.792899
-0.042228,0.143009,-1.791978
-0.043620,0.146587,-1.791048
-0.045023,0.150166,-1.790109
-0.046437,0.153744,-1.789161
-0.047863,0.157320,-1.788205
-0.049299,0.160894,-1.787240
-0.050746,0.164465,-1.786267
-0.052203,0.168033,-1.785285
-0.053670,0.171597,-1.784296
-0.055147,0.175158,-1.783298
-0.056635,0.178714,-1.782293
-0.058132,0.182265,-1.781279
-0.059638,0.185811,-1.780258
-0.061154,0.189352,-1.779229
-0.062680,0.192887,-1.778192
-0.064214,0.196416,-1.777148
-0.065758,0.199940,-1.776096
-0.067311,0.203457,-1.775037
-0.068873,0.206969,-1.773970
-0.070443,0.210473,-1.772895
-0.072023,0.213971,-1.771813
-0.073611,0.217463,-1.770724
-0.075207,0.220947,-1.769628
-0.076813,0.224425,-1.768524
-0.078426,0.227896,-1.767413
-0.080048,0.231359,-1.766295
-0.081678,0.234816,-1.765169
-0.083317,0.238265,-1.764036
-0.084964,0.241706,-1.762897
-0.086618,0.245141,-1.761750
-0.088281,0.248568,-1.760596
-0.089952,0.251987,-1.759434
-0.091631,0.255399,-1.758266
-0.093317,0.258803,-1.757091
-0.095012,0.262199,-1.755909
-0.096714,0.265588,-1.754720
-0.098424,0.268969,-1.753524
-0.100141,0.272342,-1.752321
-0.101866,0.275708,-1.751110
-0.103598,0.279065,-1.749894
-0.105338,0.282415,-1.748670
-0.107086,0.285757,-1.747439
-0.108841,0.289091,-1.746202
-0.110603,0.292416,-1.744957
-0.112372,0.295734,-1.743706
-0.114148,0.299044,-1.742448
-0.115932,0.302345,-1.741183
-0.117723,0.305639,-1.739912
-0.119521,0.308925,-1.738634
-0.121325,0.312202,-1.737349
-0.123137,0.315471,-1.736057
-0.124956,0.318732,-1.734759
-0.126781,0.321985,-1.733454
-0.128613,0.325230,-1.732142
-0.130453,0.328466,-1.730824
-0.132298,0.331694,-1.729499
-0.134151,0.334914,-1.728168
-0.136010,0.338126,-1.726830
-0.137875,0.341329,-1.725485
-0.139747,0.344524,-1.724134
-0.141626,0.347711,-1.722776
-0.143510,0.350889,-1.721412
-0.145402,0.354059,-1.720041
-0.147299,0.357220,-1.718664
-0.149203,0.360374,-1.717280
-0.151113,0.363518,-1.715890
-0.153029,0.366655,-1.714494
-0.154951,0.369783,-1.713091
-0.156880,0.372902,-1.711681
-0.158814,0.376013,-1.710266
-0.160754,0.379115,-1.708844
-0.162700,0.382209,-1.707415
-0.164652,0.385295,-1.705981
-0.166610,0.388372,-1.704540
-0.168574,0.391440,-1.703092
-0.170543,0.394500,-1.701639
-0.172518,0.397552,-1.700179
-0.174499,0.400594,-1.698713
-0.176485,0.403629,-1.697241
-0.178477,0.406654,-1.695762
-0.180474,0.409671,-1.694278
-0.182477,0.412680,-1.692787
-0.184485,0.415680,-1.691290
-0.186498,0.418671,-1.689787
-0.188517,0.421653,-1.688278
-0.190541,0.424627,-1.686763
-0.192570,0.427593,-1.685241
-0.194604,0.430549,-1.683714
-0.196644,0.433497,-1.682181
-0.198688,0.436436,-1.680641
-0.200737,0.439367,-1.679096
-0.202792,0.442289,-1.677544
-0.204851,0.445202,-1.675987
-0.206915,0.448107,-1.674424
-0.208984,0.451002,-1.672855
-0.211057,0.453889,-1.671280
-0.213136,0.456768,-1.669699
-0.215219,0.459637,-1.668112
-0.217306,0.462498,-1.666519
-0.219398,0.465350,-1.664921
-0.221495,0.468193,-1.663316
-0.223596,0.471028,-1.661706
-0.225702,0.473854,-1.660090
-0.227812,0.476671,-1.658469
-0.229926,0.479479,-1.656841
-0.232045,0.482278,-1.655208
-0.234168,0.485069,-1.653570
-0.236295,0.487851,-1.651925
-0.238426,0.490624,-1.650275
-0.240561,0.493388,-1.648619
-0.242700,0.496144,-1.646958
-0.244844,0.498890,-1.645291
-0.246991,0.501628,-1.643619
-0.249142,0.504357,-1.641941
-0.251297,0.507078,-1.640257
-0.253456,0.509789,-1.638568
-0.255619,0.512491,-1.636873
-0.257785,0.515185,-1.635173
-0.259955,0.517870,-1.633468
-0.262129,0.520546,-1.631757
-0.264306,0.523213,-1.630040
-0.266487,0.525872,-1.628319
-0.268671,0.528521,-1.626591
-0.270859,0.531162,-1.624859
-0.273050,0.533794,-1.623121
-0.275244,0.536417,-1.621378
-0.277442,0.539031,-1.619629
-0.279643,0.541637,-1.617876
-0.281847,0.544233,-1.616117
-0.284054,0.546821,-1.614353
-0.286265,0.549400,-1.612583
-0.288479,0.551970,-1.610808
-0.290695,0.554531,-1.609029
-0.292915,0.557084,-1.607244
-0.295137,0.559627,-1.605454
-0.297363,0.562162,-1.603658
-0.299591,0.564688,-1.601858
-0.301822,0.567205,-1.600053
-0.304056,0.569713,-1.598242
-0.306292,0.572212,-1.596427
-0.308532,0.574703,-1.594606
-0.310773,0.577184,-1.592781
-0.313018,0.579657,-1.590951
-0.315265,0.582121,-1.589115
-0.317514,0.584577,-1.587275
-0.319766,0.587023,-1.585430
-0.322020,0.589461,-1.583580
-0.324277,0.591889,-1.581725
-0.326536,0.594309,-1.579865
-0.328797,0.596721,-1.578001
-0.331060,0.599123,-1.576131
-0.333326,0.601517,-1.574257
-0.335594,0.603901,-1.572378
-0.337864,0.606277,-1.570495
-0.340135,0.608645,-1.568606
-0.342409,0.611003,-1.566713
-0.344685,0.613353,-1.564816
-0.346963,0.615694,-1.562913
-0.349242,0.618026,-1.561006
-0.351524,0.620349,-1.559095
-0.353807,0.622664,-1.557179
-0.356092,0.624970,-1.555258
-0.358379,0.627267,-1.553333
-0.360667,0.629556,-1.551403
-0.362957,0.631835,-1.549469
-0.365248,0.634106,-1.547530
-0.367541,0.636369,-1.545587
-0.369836,0.638622,-1.543639
-0.372132,0.640867,-1.541687
-0.374429,0.643104,-1.539731
-0.376728,0.645331,-1.537770
-0.379028,0.647550,-1.535805
-0.381329,0.649760,-1.533836
-0.383632,0.651962,-1.531862
-0.385935,0.654155,-1.529884
-0.388240,0.656339,-1.527902
-0.390546,0.658515,-1.525916
-0.392853,0.660682,-1.523925
-0.395161,0.662840,-1.521930
-0.397470,0.664990,-1.519931
-0.399780,0.667131,-1.517928
-0.402091,0.669264,-1.515921
-0.404403,0.671388,-1.513910
-0.406715,0.673503,-1.511894
-0.409029,0.675610,-1.509875
-0.411343,0.677708,-1.507851
-0.413657,0.679798,-1.505824
-0.415973,0.681880,-1.503792
-0.418289,0.683952,-1.501757
-0.420605,0.686017,-1.499718
-0.422922,0.688072,-1.497674
-0.425240,0.690120,-1.495627
-0.427558,0.692158,-1.493576
-0.429877,0.694189,-1.491522
-0.432195,0.696211,-1.489463
-0.434515,0.698224,-1.487400
-0.436834,0.700229,-1.485334
-0.439154,0.702226,-1.483264
-0.441474,0.704214,-1.481191
-0.443794,0.706194,-1.479113
-0.446114,0.708165,-1.477032
-0.448434,0.710128,-1.474947
-0.450755,0.712083,-1.472859
-0.453075,0.714030,-1.470767
-0.455395,0.715968,-1.468672
-0.457716,0.717897,-1.466572
-0.460036,0.719819,-1.464470
-0.462356,0.721732,-1.462364
-0.464676,0.723637,-1.460254
-0.466996,0.725533,-1.458141
-0.469315,0.727422,-1.456024
-0.471634,0.729302,-1.453904
-0.473953,0.731174,-1.451781
-0.476272,0.733038,-1.449654
-0.478590,0.734893,-1.447524
-0.480908,0.736740,-1.445390
-0.483225,0.738580,-1.443254
-0.485542,0.740411,-1.441114
-0.487858,0.742233,-1.438970
-0.490173,0.744048,-1.436824
-0.492488,0.745855,-1.434674
-0.494803,0.747653,-1.432521
-0.497116,0.749444,-1.430365
-0.499429,0.751226,-1.428206
-0.501741,0.753001,-1.426043
-0.504052,0.754767,-1.423878
-0.506363,0.756526,-1.421709
-0.508673,0.758276,-1.419538
-0.510981,0.760018,-1.417363
-0.513289,0.761753,-1.415186
-0.515596,0.763479,-1.413005
-0.517902,0.765198,-1.410822
-0.520206,0.766909,-1.408635
-0.522510,0.768611,-1.406446
-0.524813,0.770306,-1.404254
-0.527114,0.771993,-1.402059
-0.529414,0.773673,-1.399861
-0.531713,0.775344,-1.397660
-0.534011,0.777008,-1.395457
-0.536307,0.778663,-1.393250
-0.538602,0.780311,-1.391041
-0.540896,0.781952,-1.388830
-0.543189,0.783584,-1.386615
-0.545480,0.785209,-1.384398
-0.547769,0.786826,-1.382179
-0.550057,0.788436,-1.379957
-0.552344,0.790037,-1.377732
-0.554629,0.791631,-1.375504
-0.556912,0.793218,-1.373275
-0.559194,0.794797,-1.371042
-0.561474,0.796368,-1.368807
-0.563752,0.797932,-1.366570
-0.566029,0.799488,-1.364330
-0.568304,0.801037,-1.362088
-0.570577,0.802578,-1.359843
-0.572848,0.804111,-1.357596
-0.575118,0.805638,-1.355347
-0.577385,0.807156,-1.353095
-0.579651,0.808668,-1.350842
-0.581915,0.810172,-1.348585
-0.584177,0.811668,-1.346327
-0.586437,0.813157,-1.344066
-0.588694,0.814639,-1.341804
-0.590950,0.816113,-1.339539
-0.593204,0.817580,-1.337271
-0.595455,0.819040,-1.335002
-0.597705,0.820493,-1.332731
-0.599952,0.821938,-1.330457
-0.602197,0.823376,-1.328182
-0.604440,0.824807,-1.325904
-0.606680,0.826231,-1.323625
-0.608918,0.827647,-1.321344
-0.611154,0.829057,-1.319060
-0.613388,0.830459,-1.316775
-0.615619,0.831854,-1.314488
-0.617847,0.833242,-1.312199
-0.620074,0.834623,-1.309908
-0.622298,0.835997,-1.307615
-0.624519,0.837364,-1.305321
-0.626738,0.838724,-1.303024
-0.628954,0.840077,-1.300726
-0.631167,0.841423,-1.298426
-0.633378,0.842762,-1.296125
-0.635587,0.844094,-1.293822
-0.637792,0.845419,-1.291517
-0.639995,0.846738,-1.289211
-0.642196,0.848049,-1.286903
-0.644393,0.849354,-1.284593
-0.646588,0.850652,-1.282282
-0.648780,0.851943,-1.279970
-0.650969,0.853228,-1.277655
-0.653155,0.854505,-1.275340
-0.655339,0.855776,-1.273023
-0.657519,0.857041,-1.270704
-0.659697,0.858298,-1.268385
-0.661872,0.859549,-1.266063
-0.664043,0.860794,-1.263741
-0.666212,0.862031,-1.261417
-0.668377,0.863263,-1.259092
-0.670540,0.864487,-1.256765
-0.672699,0.865706,-1.254438
-0.674856,0.866917,-1.252109
-0.677009,0.868122,-1.249779
-0.679159,0.869321,-1.247448
-0.681306,0.870514,-1.245115
-0.683449,0.871700,-1.242782
-0.685590,0.872879,-1.240447
-0.687727,0.874052,-1.238111
-0.689861,0.875219,-1.235775
-0.691992,0.876380,-1.233437
-0.694119,0.877534,-1.231098
-0.696243,0.878682,-1.228759
-0.698363,0.879824,-1.226418
-0.700481,0.880959,-1.224076
-0.702594,0.882089,-1.221734
-0.704705,0.883212,-1.219391
-0.706811,0.884329,-1.217047
-0.708915,0.885440,-1.214702
-0.711015,0.886545,-1.212356
-0.713111,0.887644,-1.210009
-0.715204,0.888736,-1.207662
-0.717293,0.889823,-1.205314
-0.719379,0.890904,-1.202966
-0.721461,0.891979,-1.200616
-0.723539,0.893048,-1.198266
-0.725614,0.894111,-1.195916
-0.727685,0.895168,-1.193565
-0.729752,0.896219,-1.191213
-0.731816,0.897264,-1.188861
-0.733876,0.898304,-1.186508
-0.735932,0.899337,-1.184155
-0.737984,0.900365,-1.181801
-0.740033,0.901388,-1.179447
-0.742077,0.902404,-1.177092
-0.744118,0.903415,-1.174737
-0.746155,0.904420,-1.172382
-0.748189,0.905420,-1.170026
-0.750218,0.906414,-1.167670
-0.752243,0.907402,-1.165314
-0.754265,0.908385,-1.162958
-0.756282,0.909362,-1.160601
-0.758296,0.910334,-1.158244
-0.760305,0.911300,-1.155887
-0.762311,0.912260,-1.153530
-0.764312,0.913216,-1.151172
-0.766310,0.914166,-1.148815
-0.768303,0.915110,-1.146457
-0.770292,0.916049,-1.144100
-0.772278,0.916983,-1.141742
-0.774259,0.917912,-1.139384
-0.776236,0.918835,-1.137027
-0.778209,0.919753,-1.134669
-0.780177,0.920666,-1.132311
-0.782142,0.921573,-1.129954
-0.784102,0.922476,-1.127597
-0.786058,0.923373,-1.125240
-0.788010,0.924265,-1.122883
-0.789958,0.925152,-1.120526
-0.791901,0.926034,-1.118169
-0.793840,0.926911,-1.115813
-0.795775,0.927782,-1.113457
-0.797705,0.928649,-1.111101
-0.799631,0.929511,-1.108745
-0.801553,0.930368,-1.106390
-0.803471,0.931220,-1.104036
-0.805384,0.932067,-1.101681
-0.807293,0.932909,-1.099327
-0.809197,0.933747,-1.096974
-0.811097,0.934579,-1.094621
-0.812992,0.935407,-1.092268
-0.814883,0.936230,-1.089917
-0.816770,0.937049,-1.087565
-0.818652,0.937862,-1.085214
-0.820530,0.938671,-1.082864
-0.822403,0.939475,-1.080514
-0.824272,0.940275,-1.078165
-0.826136,0.941070,-1.075817
-0.827996,0.941860,-1.073470
-0.829851,0.942646,-1.071123
-0.831701,0.943428,-1.068777
-0.833547,0.944204,-1.066431
-0.835389,0.944977,-1.064087
-0.837225,0.945745,-1.061743
-0.839058,0.946508,-1.059400
-0.840885,0.947267,-1.057058
-0.842708,0.948022,-1.054717
-0.844526,0.948773,-1.052377
-0.846340,0.949519,-1.050038
-0.848149,0.950261,-1.047699
-0.849953,0.950998,-1.045362
-0.851753,0.951731,-1.043026
-0.853548,0.952460,-1.040691
-0.855338,0.953185,-1.038357
-0.857124,0.953906,-1.036024
-0.858905,0.954623,-1.033692
-0.860681,0.955335,-1.031361
-0.862452,0.956044,-1.029031
-0.864219,0.956748,-1.026703
-0.865981,0.957448,-1.024376
-0.867738,0.958145,-1.022050
-0.869490,0.958837,-1.019725
-0.871237,0.959526,-1.017402
-0.872980,0.960210,-1.015080
-0.874718,0.960891,-1.012760
-0.876451,0.961567,-1.010440
-0.878179,0.962240,-1.008122
-0.879902,0.962909,-1.005806
-0.881621,0.963575,-1.003491
-0.883335,0.964236,-1.001177
-0.885043,0.964894,-0.998865
-0.886747,0.965548,-0.996555
-0.888447,0.966198,-0.994246
-0.890141,0.966845,-0.991938
-0.891830,0.967488,-0.989633
-0.893514,0.968127,-0.987328
-0.895194,0.968763,-0.985026
-0.896869,0.969396,-0.982725
-0.898538,0.970024,-0.980426
-0.900203,0.970650,-0.978128
-0.901863,0.971271,-0.975833
-0.903518,0.971890,-0.973539
-0.905168,0.972505,-0.971247
-0.906813,0.973116,-0.968956
-0.908453,0.973724,-0.966668
-0.910088,0.974329,-0.964381
-0.911718,0.974930,-0.962096
-0.913343,0.975529,-0.959813
-0.914963,0.976123,-0.957532
-0.916578,0.976715,-0.955253
-0.918188,0.977303,-0.952976
-0.919794,0.977888,-0.950702
-0.921394,0.978470,-0.948429
-0.922989,0.979049,-0.946158
-0.924579,0.979625,-0.943889
-0.926164,0.980198,-0.941622
-0.927744,0.980767,-0.939358
-0.929319,0.981334,-0.937095
-0.930889,0.981897,-0.934835
-0.932455,0.982458,-0.932577
-0.934015,0.983015,-0.930321
-0.935570,0.983570,-0.928068
-0.937119,0.984121,-0.925816
-0.938664,0.984670,-0.923567
-0.940204,0.985216,-0.921321
-0.941739,0.985759,-0.919076
-0.943269,0.986299,-0.916834
-0.944793,0.986837,-0.914595
-0.946313,0.987371,-0.912358
-0.947828,0.987903,-0.910123
-0.949337,0.988432,-0.907891
-0.950842,0.988959,-0.905661
-0.952341,0.989483,-0.903434
-0.953835,0.990004,-0.901209
-0.955325,0.990522,-0.898987
-0.956809,0.991038,-0.896767
-0.958288,0.991552,-0.894550
-0.959762,0.992062,-0.892336
-0.961231,0.992571,-0.890124
-0.962695,0.993076,-0.887915
-0.964153,0.993580,-0.885709
-0.965607,0.994080,-0.883505
-0.967056,0.994579,-0.881305
-0.968499,0.995075,-0.879107
-0.969938,0.995568,-0.876911
-0.971371,0.996060,-0.874719
-0.972799,0.996549,-0.872529
-0.974223,0.997035,-0.870343
-0.975641,0.997520,-0.868159
-0.977054,0.998002,-0.865978
-0.978462,0.998481,-0.863800
-0.979865,0.998959,-0.861625
-0.981262,0.999434,-0.859453
-0.982655,0.999908,-0.857284
-0.984043,1.000379,-0.855117
-0.985425,1.000848,-0.852954
-0.986803,1.001315,-0.850795
-0.988175,1.001779,-0.848638
-0.989542,1.002242,-0.846484
-0.990905,1.002703,-0.844333
-0.992262,1.003162,-0.842186
-0.993614,1.003618,-0.840042
-0.994961,1.004073,-0.837901
-0.996303,1.004526,-0.835763
-0.997640,1.004977,-0.833628
-0.998971,1.005426,-0.831497
-1.000298,1.005873,-0.829369
-1.001620,1.006318,-0.827245
-1.002936,1.006762,-0.825123
-1.004248,1.007203,-0.823005
-1.005554,1.007643,-0.820891
-1.006856,1.008082,-0.818780
-1.008152,1.008518,-0.816672
-1.009444,1.008953,-0.814568
-1.010730,1.009386,-0.812467
-1.012011,1.009817,-0.810370
-1.013287,1.010247,-0.808276
-1.014559,1.010675,-0.806186
-1.015825,1.011101,-0.804099
-1.017086,1.011526,-0.802016
-1.018342,1.011950,-0.799937
-1.019593,1.012371,-0.797861
-1.020839,1.012792,-0.795789
-1.022080,1.013211,-0.793721
-1.023316,1.013628,-0.791656
-1.024548,1.014044,-0.789595
-1.025774,1.014458,-0.787538
-1.026995,1.014871,-0.785484
-1.028211,1.015283,-0.783435
-1.029422,1.015693,-0.781389
-1.030628,1.016102,-0.779347
-1.031829,1.016510,-0.777309
-1.033025,1.016916,-0.775274
-1.034217,1.017321,-0.773244
-1.035403,1.017725,-0.771217
-1.036584,1.018128,-0.769195
-1.037760,1.018529,-0.767176
-1.038932,1.018929,-0.765162
-1.040098,1.019328,-0.763151
-1.041260,1.019726,-0.761144
-1.042416,1.020122,-0.759142
-1.043568,1.020518,-0.757143
-1.044715,1.020912,-0.755149
-1.045857,1.021306,-0.753159
-1.046994,1.021698,-0.751173
-1.048126,1.022089,-0.749191
-1.049253,1.022480,-0.747213
-1.050375,1.022869,-0.745239
-1.051493,1.023257,-0.743270
-1.052605,1.023644,-0.741305
-1.053713,1.024031,-0.739344
-1.054816,1.024416,-0.737387
-1.055914,1.024801,-0.735435
-1.057007,1.025184,-0.733487
-1.058095,1.025567,-0.731543
-1.059179,1.025949,-0.729604
-1.060257,1.026330,-0.727669
-1.061331,1.026710,-0.725739
-1.062400,1.027090,-0.723813
-1.063464,1.027469,-0.721891
-1.064524,1.027847,-0.719974
-1.065578,1.028224,-0.718061
-1.066628,1.028600,-0.716153
-1.067673,1.028976,-0.714249
-1.068714,1.029351,-0.712350
-1.069749,1.029726,-0.710456
-1.070780,1.030100,-0.708566
-1.071806,1.030473,-0.706681
-1.072828,1.030846,-0.704800
-1.073844,1.031218,-0.702924
-1.074856,1.031589,-0.701053
-1.075864,1.031960,-0.699186
-1.076866,1.032330,-0.697324
-1.077864,1.032700,-0.695467
-1.078857,1.033070,-0.693614
-1.079846,1.033438,-0.691766
-1.080830,1.033807,-0.689924
-1.081809,1.034175,-0.688085
-1.082783,1.034542,-0.686252
-1.083753,1.034909,-0.684424
-1.084719,1.035276,-0.682600
-1.085679,1.035642,-0.680781
-1.086635,1.036008,-0.678968
-1.087587,1.036374,-0.677159
-1.088534,1.036739,-0.675355
-1.089476,1.037104,-0.673556
-1.090414,1.037468,-0.671762
-1.091347,1.037833,-0.669973
-1.092276,1.038197,-0.668189
-1.093200,1.038560,-0.666410
-1.094120,1.038924,-0.664636
-1.095035,1.039287,-0.662868
-1.095945,1.039650,-0.661104
-1.096852,1.040013,-0.659345
-1.097753,1.040376,-0.657592
-1.098650,1.040738,-0.655844
-1.099543,1.041101,-0.654101
-1.100431,1.041463,-0.652363
-1.101315,1.041825,-0.650630
-1.102194,1.042187,-0.648903
-1.103069,1.042549,-0.647180
-1.103940,1.042911,-0.645463
-1.104806,1.043273,-0.643752
-1.105668,1.043634,-0.642045
-1.106525,1.043996,-0.640344
-1.107378,1.044358,-0.638649
-1.108226,1.044720,-0.636958
-1.109071,1.045081,-0.635273
-1.109911,1.045443,-0.633594
-1.110746,1.045805,-0.631920
-1.111578,1.046166,-0.630251
-1.112405,1.046528,-0.628588
-1.113227,1.046890,-0.626930
-1.114046,1.047252,-0.625277
-1.114860,1.047614,-0.623631
-1.115670,1.047977,-0.621989
-1.116475,1.048339,-0.620354
-1.117277,1.048702,-0.618723
-1.118074,1.049064,-0.617099
-1.118867,1.049427,-0.615480
-1.119656,1.049790,-0.613866
-1.120440,1.050153,-0.612258
-1.121221,1.050517,-0.610656
-1.121997,1.050880,-0.609060
-1.122769,1.051244,-0.607469
-1.123537,1.051608,-0.605884
-1.124301,1.051973,-0.604304
-1.125060,1.052337,-0.602730
-1.125816,1.052702,-0.601162
-1.126567,1.053067,-0.599600
-1.127315,1.053433,-0.598044
-1.128058,1.053799,-0.596493
-1.128797,1.054165,-0.594948
-1.129533,1.054531,-0.593409
-1.130264,1.054898,-0.591876
-1.130991,1.055265,-0.590349
-1.131714,1.055633,-0.588828
-1.132433,1.056001,-0.587312
-1.133149,1.056369,-0.585802
-1.133860,1.056737,-0.584299
-1.134567,1.057107,-0.582801
-1.135270,1.057476,-0.581309
-1.135970,1.057846,-0.579823
-1.136665,1.058216,-0.578344
-1.137357,1.058587,-0.576870
-1.138045,1.058959,-0.575402
-1.138728,1.059330,-0.573940
-1.139408,1.059703,-0.572485
-1.140084,1.060075,-0.571035
-1.140757,1.060448,-0.569592
-1.141425,1.060822,-0.568154
-1.142090,1.061196,-0.566723
-1.142750,1.061571,-0.565298
-1.143407,1.061947,-0.563879
-1.144061,1.062322,-0.562466
-1.144710,1.062699,-0.561059
-1.145356,1.063076,-0.559659
-1.145998,1.063453,-0.558264
-1.146636,1.063832,-0.556876
-1.147270,1.064210,-0.555495
-1.147901,1.064590,-0.554119
-1.148528,1.064970,-0.552750
-1.149152,1.065350,-0.551387
-1.149771,1.065731,-0.550030
-1.150388,1.066113,-0.548680
-1.151000,1.066495,-0.547336
-1.151609,1.066878,-0.545998
-1.152214,1.067262,-0.544667
-1.152816,1.067647,-0.543342
-1.153414,1.068032,-0.542023
-1.154008,1.068417,-0.540711
-1.154599,1.068804,-0.539405
-1.155187,1.069191,-0.538106
-1.155771,1.069579,-0.536813
-1.156351,1.069967,-0.535527
-1.156928,1.070356,-0.534247
-1.157501,1.070746,-0.532974
-1.158071,1.071137,-0.531707
-1.158638,1.071528,-0.530446
-1.159201,1.071920,-0.529192
-1.159760,1.072313,-0.527945
-1.160316,1.072707,-0.526704
-1.160869,1.073101,-0.525470
-1.161418,1.073496,-0.524243
-1.161964,1.073892,-0.523022
-1.162507,1.074289,-0.521807
-1.163046,1.074686,-0.520600
-1.163582,1.075084,-0.519398
-1.164115,1.075483,-0.518204
-1.164644,1.075883,-0.517016
-1.165170,1.076284,-0.515835
-1.165693,1.076685,-0.514661
-1.166212,1.077087,-0.513493
-1.166728,1.077490,-0.512332
-1.167241,1.077894,-0.511178
-1.167751,1.078299,-0.510030
-1.168257,1.078704,-0.508889
-1.168760,1.079111,-0.507755
-1.169260,1.079518,-0.506628
-1.169757,1.079926,-0.505508
-1.170251,1.080335,-0.504394
-1.170741,1.080744,-0.503287
-1.171229,1.081155,-0.502187
-1.171713,1.081566,-0.501094
-1.172194,1.081978,-0.500008
-1.172672,1.082392,-0.498929
-1.173147,1.082806,-0.497856
-1.173619,1.083220,-0.496791
-1.174088,1.083636,-0.495732
-1.174554,1.084053,-0.494680
-1.175016,1.084470,-0.493635
-1.175476,1.084889,-0.492597
-1.175933,1.085308,-0.491566
-1.176387,1.085728,-0.490542
-1.176837,1.086149,-0.489525
-1.177285,1.086571,-0.488515
-1.177730,1.086994,-0.487512
-1.178172,1.087417,-0.486516
-1.178611,1.087842,-0.485527
-1.179047,1.088268,-0.484545
-1.179480,1.088694,-0.483570
-1.179910,1.089121,-0.482602
-1.180338,1.089550,-0.481642
-1.180762,1.089979,-0.480688
-1.181184,1.090409,-0.479741
-1.181603,1.090840,-0.478802
-1.182019,1.091272,-0.477869
-1.182432,1.091704,-0.476944
-1.182843,1.092138,-0.476026
-1.183251,1.092573,-0.475115
-1.183655,1.093008,-0.474211
-1.184058,1.093445,-0.473314
-1.184457,1.093882,-0.472424
-1.184854,1.094321,-0.471542
-1.185248,1.094760,-0.470667
-1.185639,1.095200,-0.469799
-1.186028,1.095641,-0.468938
-1.186414,1.096083,-0.468084
-1.186797,1.096526,-0.467238
-1.187178,1.096970,-0.466399
-1.187556,1.097415,-0.465567
-1.187931,1.097861,-0.464743
-1.188304,1.098308,-0.463925
-1.188674,1.098755,-0.463115
-1.189041,1.099204,-0.462313
-1.189406,1.099653,-0.461517
-1.189769,1.100104,-0.460729
-1.190129,1.100555,-0.459948
-1.190486,1.101007,-0.459175
-1.190841,1.101460,-0.458408
-1.191193,1.101914,-0.457650
-1.191543,1.102369,-0.456898
-1.191891,1.102825,-0.456154
-1.192235,1.103282,-0.455417
-1.192578,1.103740,-0.454688
-1.192918,1.104199,-0.453966
-1.193255,1.104658,-0.453251
-1.193591,1.105119,-0.452544
-1.193923,1.105580,-0.451845
-1.194254,1.106043,-0.451152
-1.194582,1.106506,-0.450467
-1.194907,1.106970,-0.449790
-1.195230,1.107435,-0.449120
-1.195551,1.107901,-0.448457
-1.195870,1.108368,-0.447802
-1.196186,1.108836,-0.447154
-1.196500,1.109305,-0.446514
-1.196811,1.109774,-0.445882
-1.197121,1.110245,-0.445256
-1.197428,1.110716,-0.444639
-1.197733,1.111188,-0.444029
-1.198035,1.111661,-0.443426
-1.198335,1.112135,-0.442831
-1.198634,1.112610,-0.442243
-1.198929,1.113086,-0.441663
-1.199223,1.113563,-0.441091
-1.199514,1.114040,-0.440526
-1.199804,1.114519,-0.439968
-1.200091,1.114998,-0.439418
-1.200376,1.115478,-0.438876
-1.200659,1.115959,-0.438341
-1.200939,1.116441,-0.437814
-1.201218,1.116924,-0.437295
-1.201494,1.117407,-0.436783
-1.201769,1.117892,-0.436278
-1.202041,1.118377,-0.435782
-1.202311,1.118863,-0.435293
-1.202579,1.119350,-0.434811
-1.202845,1.119838,-0.434337
-1.203109,1.120326,-0.433871
-1.203371,1.120816,-0.433413
-1.203631,1.121306,-0.432962
-1.203889,1.121797,-0.432518
-1.204145,1.122289,-0.432083
-1.204399,1.122781,-0.431655
-1.204651,1.123275,-0.431235
-1.204901,1.123769,-0.430822
-1.205149,1.124264,-0.430417
-1.205395,1.124760,-0.430020
-1.205639,1.125256,-0.429630
-1.205881,1.125754,-0.429248
-1.206121,1.126252,-0.428874
-1.206360,1.126751,-0.428508
-1.206596,1.127250,-0.428149
-1.206831,1.127751,-0.427798
-1.207064,1.128252,-0.427455
-1.207295,1.128754,-0.427119
-1.207524,1.129256,-0.426792
-1.207751,1.129760,-0.426472
-1.207976,1.130264,-0.426159
-1.208200,1.130768,-0.425855
-1.208421,1.131274,-0.425558
-1.208641,1.131780,-0.425269
-1.208859,1.132287,-0.424987
-1.209076,1.132795,-0.424714
-1.209290,1.133303,-0.424448
-1.209503,1.133812,-0.424190
-1.209714,1.134322,-0.423940
-1.209923,1.134832,-0.423697
-1.210131,1.135343,-0.423463
-1.210336,1.135855,-0.423236
-1.210540,1.136367,-0.423017
-1.210743,1.136880,-0.422805
-1.210943,1.137393,-0.422602
-1.211142,1.137908,-0.422406
-1.211340,1.138422,-0.422218
-1.211535,1.138938,-0.422038
-1.211729,1.139454,-0.421866
-1.211921,1.139971,-0.421701
-1.212112,1.140488,-0.421545
-1.212301,1.141006,-0.421396
-1.212488,1.141524,-0.421255
-1.212674,1.142043,-0.421122
-1.212858,1.142563,-0.420996
-1.213041,1.143083,-0.420879
-1.213222,1.143604,-0.420769
-1.213401,1.144125,-0.420667
-1.213579,1.144647,-0.420573
-1.213755,1.145169,-0.420487
-1.213929,1.145692,-0.420409
-1.214102,1.146216,-0.420338
-1.214274,1.146740,-0.420275
-1.214444,1.147264,-0.420221
-1.214612,1.147789,-0.420174
-1.214779,1.148314,-0.420135
-1.214944,1.148840,-0.420103
-1.215108,1.149367,-0.420080
-1.215271,1.149893,-0.420064
-1.215431,1.150421,-0.420057
-1.215591,1.150948,-0.420057
-1.215749,1.151477,-0.420065
-1.215905,1.152005,-0.420081
-1.216060,1.152534,-0.420104
-1.216213,1.153064,-0.420136
-1.216365,1.153594,-0.420176
-1.216516,1.154124,-0.420223
-1.216665,1.154654,-0.420278
-1.216813,1.155185,-0.420341
-1.216959,1.155717,-0.420412
-1.217104,1.156249,-0.420491
-1.217247,1.156781,-0.420578
-1.217389,1.157313,-0.420672
-1.217530,1.157846,-0.420775
-1.217669,1.158379,-0.420885
-1.217807,1.158912,-0.421003
-1.217943,1.159446,-0.421129
-1.218078,1.159980,-0.421263
-1.218212,1.160515,-0.421405
-1.218344,1.161049,-0.421555
-1.218475,1.161584,-0.421712
-1.218605,1.162119,-0.421878
-1.218733,1.162655,-0.422051
-1.218860,1.163190,-0.422232
-1.218986,1.163726,-0.422421
-1.219110,1.164262,-0.422618
-1.219233,1.164799,-0.422823
-1.219355,1.165335,-0.423036
-1.219475,1.165872,-0.423256
-1.219594,1.166409,-0.423485
-1.219712,1.166946,-0.423721
-1.219828,1.167484,-0.423965
-1.219943,1.168021,-0.424217
-1.220057,1.168559,-0.424477
-1.220169,1.169097,-0.424744
-1.220280,1.169634,-0.425020
-1.220390,1.170172,-0.425303
-1.220499,1.170711,-0.425595
-1.220607,1.171249,-0.425894
-1.220713,1.171787,-0.426201
-1.220818,1.172326,-0.426516
-1.220921,1.172864,-0.426838
-1.221024,1.173403,-0.427169
-1.221125,1.173942,-0.427507
-1.221225,1.174480,-0.427854
-1.221323,1.175019,-0.428208
-1.221421,1.175558,-0.428570
-1.221517,1.176097,-0.428939
-1.221612,1.176635,-0.429317
-1.221705,1.177174,-0.429702
-1.221798,1.177713,-0.430096
-1.221889,1.178252,-0.430497
-1.221979,1.178791,-0.430906
-1.222068,1.179329,-0.431322
-1.222156,1.179868,-0.431747
-1.222242,1.180406,-0.432179
-1.222327,1.180945,-0.432620
-1.222412,1.181483,-0.433068
-1.222494,1.182022,-0.433524
-1.222576,1.182560,-0.433987
-1.222656,1.183098,-0.434459
-1.222736,1.183636,-0.434938
-1.222814,1.184174,-0.435425
-1.222891,1.184712,-0.435920
-1.222966,1.185249,-0.436422
-1.223041,1.185787,-0.436933
-1.223114,1.186324,-0.437451
-1.223186,1.186861,-0.437977
-1.223257,1.187398,-0.438511
-1.223327,1.187934,-0.439052
-1.223396,1.188471,-0.439601
-1.223463,1.189007,-0.440158
-1.223530,1.189543,-0.440723
-1.223595,1.190079,-0.441296
-1.223659,1.190614,-0.441876
-1.223722,1.191149,-0.442464
-1.223783,1.191684,-0.443060
-1.223844,1.192219,-0.443663
-1.223903,1.192753,-0.444275
-1.223961,1.193287,-0.444894
-1.224018,1.193821,-0.445520
-1.224074,1.194354,-0.446155
-1.224129,1.194887,-0.446797
-1.224183,1.195420,-0.447447
-1.224235,1.195952,-0.448104
-1.224286,1.196484,-0.448769
-1.224336,1.197015,-0.449442
-1.224385,1.197546,-0.450123
-1.224433,1.198077,-0.450811
-1.224480,1.198607,-0.451507
-1.224525,1.199137,-0.452211
-1.224569,1.199667,-0.452922
-1.224613,1.200196,-0.453641
-1.224655,1.200724,-0.454368
-1.224695,1.201252,-0.455102
-1.224735,1.201780,-0.455844
-1.224774,1.202307,-0.456593
-1.224811,1.202834,-0.457350
-1.224847,1.203360,-0.458115
-1.224882,1.203885,-0.458887
-1.224916,1.204410,-0.459667
-1.224949,1.204935,-0.460455
-1.224981,1.205459,-0.461250
-1.225011,1.205982,-0.462053
-1.225040,1.206505,-0.462863
-1.225069,1.207027,-0.463681
-1.225095,1.207548,-0.464507
-1.225121,1.208069,-0.465340
-1.225146,1.208590,-0.466180
-1.225169,1.209109,-0.467029
-1.225192,1.209629,-0.467884
-1.225213,1.210147,-0.468747
-1.225233,1.210665,-0.469618
-1.225251,1.211182,-0.470496
-1.225269,1.211698,-0.471382
-1.225285,1.212214,-0.472276
-1.225300,1.212729,-0.473176
-1.225315,1.213243,-0.474085
-1.225327,1.213757,-0.475000
-1.225339,1.214270,-0.475924
-1.225349,1.214782,-0.476854
-1.225359,1.215293,-0.477792
-1.225367,1.215804,-0.478738
-1.225374,1.216314,-0.479691
-1.225379,1.216823,-0.480651
-1.225384,1.217331,-0.481619
-1.225387,1.217838,-0.482595
-1.225389,1.218345,-0.483577
-1.225390,1.218851,-0.484568
-1.225389,1.219356,-0.485565
-1.225388,1.219860,-0.486570
-1.225385,1.220363,-0.487582
-1.225381,1.220865,-0.488602
-1.225376,1.221367,-0.489629
-1.225369,1.221868,-0.490663
-1.225361,1.222367,-0.491705
-1.237609,1.233933,-0.495554
-1.249849,1.245521,-0.499368
-1.262081,1.257131,-0.503150
-1.274307,1.268759,-0.506904
-1.286532,1.280399,-0.510635
-1.298761,1.292044,-0.514346
-1.310996,1.303688,-0.518043
-1.323243,1.315327,-0.521727
-1.335504,1.326955,-0.525404
-1.347783,1.338568,-0.529075
-1.360084,1.350161,-0.532743
-1.372199,1.359265,-0.537773
-1.384150,1.366100,-0.544037
-1.396095,1.372497,-0.550523
-1.408040,1.378494,-0.557210
-1.419989,1.384124,-0.564080
-1.431946,1.389415,-0.571117
-1.443915,1.394394,-0.578306
-1.455900,1.399085,-0.585634
-1.467898,1.403515,-0.593087
-1.479909,1.407708,-0.600653
-1.491932,1.411686,-0.608320
-1.503964,1.415468,-0.616077
-1.516006,1.419072,-0.623916
-1.528056,1.422515,-0.631829
-1.540114,1.425809,-0.639808
-1.552177,1.428970,-0.647846
-1.564247,1.432007,-0.655938
-1.576322,1.434933,-0.664078
-1.588401,1.437756,-0.672261
-1.600484,1.440486,-0.680483
-1.612570,1.443129,-0.688739
-1.624659,1.445694,-0.697027
-1.636751,1.448187,-0.705343
-1.648844,1.450612,-0.713685
-1.660939,1.452977,-0.722049
-1.673036,1.455284,-0.730433
-1.685133,1.457539,-0.738836
-1.697231,1.459746,-0.747255
-1.709329,1.461908,-0.755689
-1.721428,1.464027,-0.764136
-1.733527,1.466108,-0.772595
-1.745625,1.468152,-0.781064
-1.757723,1.470162,-0.789543
-1.769821,1.472141,-0.798030
-1.781918,1.474089,-0.806525
-1.794014,1.476009,-0.815026
-1.806109,1.477902,-0.823534
-1.818204,1.479771,-0.832046
-1.830297,1.481615,-0.840564
-1.842389,1.483437,-0.849086
-1.854480,1.485237,-0.857611
-1.866569,1.487017,-0.866139
-1.878657,1.488777,-0.874671
-1.890744,1.490518,-0.883205
-1.902829,1.492241,-0.891741
-1.914912,1.493947,-0.900279
-1.926994,1.495636,-0.908819
-1.939074,1.497309,-0.917360
-1.951153,1.498966,-0.925902
-1.963229,1.500608,-0.934446
-1.975304,1.502236,-0.942990
-1.987377,1.503850,-0.951535
-1.999448,1.505449,-0.960081
-2.011518,1.507036,-0.968627
-2.023585,1.508609,-0.977173
-2.035210,1.508605,-0.982656
-2.046006,1.505671,-0.982418
-2.056794,1.502729,-0.982173
-2.067574,1.499779,-0.981921
-2.078345,1.496822,-0.981662
-2.089108,1.493858,-0.981397
-2.099864,1.490888,-0.981125
-2.110611,1.487911,-0.980848
-2.121350,1.484929,-0.980566
-2.132082,1.481940,-0.980279
-2.142806,1.478946,-0.979986
-2.153522,1.475948,-0.979689
-2.164231,1.472944,-0.979388
-2.174932,1.469935,-0.979082
-2.185626,1.466922,-0.978772
-2.196313,1.463905,-0.978458
-2.206992,1.460883,-0.978140
-2.217664,1.457857,-0.977818
-2.228328,1.454827,-0.977493
-2.238986,1.451794,-0.977164
-2.249637,1.448757,-0.976831
-2.260280,1.445716,-0.976495
-2.270916,1.442672,-0.976156
-2.281546,1.439624,-0.975813
-2.292169,1.436573,-0.975468
-2.302785,1.433519,-0.975119
-2.313394,1.430462,-0.974767
-2.323996,1.427402,-0.974412
-2.334592,1.424339,-0.974054
-2.345181,1.421273,-0.973693
-2.355763,1.418204,-0.973330
-2.366339,1.415133,-0.972963
-2.376909,1.412059,-0.972594
-2.387472,1.408982,-0.972221
-2.398028,1.405903,-0.971847
-2.408578,1.402821,-0.971469
-2.419122,1.399737,-0.971089
-2.429660,1.396650,-0.970706
-2.440191,1.393562,-0.970320
-2.450716,1.390471,-0.969932
-2.461235,1.387378,-0.969542
-2.471748,1.384282,-0.969149
-2.482255,1.381185,-0.968753
-2.492755,1.378085,-0.968355
-2.503250,1.374984,-0.967954
-2.513739,1.371880,-0.967551
-2.524222,1.368775,-0.967145
-2.534699,1.365668,-0.966738
-2.545170,1.362558,-0.966327
-2.555635,1.359448,-0.965915
-2.566095,1.356335,-0.965500
-2.576548,1.353221,-0.965082
-2.586996,1.350104,-0.964663
-2.597439,1.346987,-0.964241
-2.607876,1.343868,-0.963816
-2.618307,1.340747,-0.963390
-2.628733,1.337624,-0.962961
-2.639153,1.334501,-0.962530
-2.649568,1.331375,-0.962097
-2.659977,1.328249,-0.961662
-2.670381,1.325120,-0.961224
-2.680779,1.321991,-0.960784
-2.691172,1.318860,-0.960342
-2.701560,1.315728,-0.959898
-2.711943,1.312595,-0.959452
-2.722320,1.309461,-0.959004
-2.732692,1.306325,-0.958554
-2.743060,1.303188,-0.958101
-2.753421,1.300051,-0.957647
-2.763778,1.296912,-0.957190
-2.774130,1.293772,-0.956732
-2.784477,1.290631,-0.956271
-2.794818,1.287489,-0.955809
-2.801329,1.285054,-0.955619
-2.801853,1.283732,-0.955859
-2.802374,1.282416,-0.956097
-2.802892,1.281108,-0.956334
-2.803407,1.279805,-0.956570
-2.803918,1.278510,-0.956805
-2.804425,1.277221,-0.957038
-2.804930,1.275938,-0.957271
-2.805431,1.274663,-0.957502
-2.805929,1.273393,-0.957732
-2.806423,1.272130,-0.957961
-2.806915,1.270874,-0.958189
-2.807403,1.269624,-0.958416
-2.807888,1.268380,-0.958641
-2.808370,1.267143,-0.958866
-2.808849,1.265912,-0.959090
-2.809325,1.264687,-0.959312
-2.809798,1.263468,-0.959533
-2.810267,1.262256,-0.959753
-2.810734,1.261050,-0.959973
-2.811197,1.259850,-0.960191
-2.811658,1.258656,-0.960408
-2.812116,1.257468,-0.960623
-2.812570,1.256286,-0.960838
-2.813022,1.255111,-0.961052
-2.813471,1.253941,-0.961265
-2.813917,1.252777,-0.961477
-2.814360,1.251620,-0.961687
-2.814801,1.250468,-0.961897
-2.815238,1.249322,-0.962105
-2.815673,1.248182,-0.962313
-2.816105,1.247048,-0.962519
-2.816534,1.245919,-0.962725
-2.816961,1.244797,-0.962929
-2.817384,1.243680,-0.963133
-2.817805,1.242568,-0.963335
-2.818224,1.241463,-0.963537
-2.818639,1.240363,-0.963737
-2.819053,1.239269,-0.963937
-2.819463,1.238180,-0.964135
-2.819871,1.237097,-0.964333
-2.820276,1.236020,-0.964529
-2.820679,1.234948,-0.964725
-2.821079,1.233881,-0.964920
-2.821476,1.232820,-0.965113
-2.821872,1.231765,-0.965306
-2.822264,1.230715,-0.965498
-2.822654,1.229670,-0.965688
-2.823042,1.228630,-0.965878
-2.823427,1.227596,-0.966067
-2.823810,1.226567,-0.966255
-2.824190,1.225544,-0.966442
-2.824568,1.224526,-0.966628
-2.824944,1.223513,-0.966813
-2.825317,1.222505,-0.966997
-2.825688,1.221502,-0.967181
-2.826057,1.220505,-0.967363
-2.826423,1.219512,-0.967545
-2.826787,1.218525,-0.967725
-2.827148,1.217543,-0.967905
-2.827508,1.216566,-0.968084
-2.827865,1.215593,-0.968262
-2.828220,1.214626,-0.968439
-2.828573,1.213664,-0.968615
-2.828923,1.212707,-0.968790
-2.829272,1.211755,-0.968964
-2.829618,1.210807,-0.969138
-2.829962,1.209865,-0.969311
-2.830304,1.208927,-0.969482
-2.830643,1.207994,-0.969653
-2.830981,1.207066,-0.969823
-2.831316,1.206143,-0.969993
-2.831650,1.205224,-0.970161
-2.831981,1.204310,-0.970329
-2.832311,1.203401,-0.970495
-2.832638,1.202497,-0.970661
-2.832963,1.201597,-0.970826
-2.833286,1.200702,-0.970990
-2.833608,1.199811,-0.971154
-2.833927,1.198925,-0.971316
-2.834244,1.198044,-0.971478
-2.834559,1.197167,-0.971639
-2.834873,1.196295,-0.971799
-2.835184,1.195427,-0.971958
-2.835494,1.194564,-0.972117
-2.835801,1.193705,-0.972275
-2.836107,1.192850,-0.972432
-2.836411,1.192000,-0.972588
-2.836713,1.191155,-0.972743
-2.837013,1.190313,-0.972898
-2.837311,1.189476,-0.973052
-2.837608,1.188644,-0.973205
-2.837902,1.187815,-0.973357
-2.838195,1.186991,-0.973509
-2.838486,1.186171,-0.973659
-2.838775,1.185356,-0.973809
-2.839063,1.184544,-0.973959
-2.839349,1.183737,-0.974107
-2.839633,1.182934,-0.974255
-2.839915,1.182135,-0.974402
-2.840195,1.181340,-0.974548
-2.840474,1.180550,-0.974694
-2.840751,1.179763,-0.974838
-2.841027,1.178981,-0.974982
-2.841300,1.178202,-0.975126
-2.841573,1.177428,-0.975268
-2.841843,1.176657,-0.975410
-2.842112,1.175891,-0.975551
-2.842379,1.175128,-0.975692
-2.842644,1.174370,-0.975832
-2.842908,1.173615,-0.975971
-2.843171,1.172864,-0.976109
-2.843431,1.172117,-0.976247
-2.843691,1.171374,-0.976384
-2.843948,1.170635,-0.976520
-2.844204,1.169900,-0.976655
-2.844459,1.169168,-0.976790
-2.844712,1.168441,-0.976925
-2.844963,1.167717,-0.977058
-2.845213,1.166996,-0.977191
-2.845461,1.166280,-0.977323
-2.845708,1.165567,-0.977455
-2.845954,1.164858,-0.977585
-2.846197,1.164152,-0.977716
-2.846440,1.163451,-0.977845
-2.846681,1.162752,-0.977974
-2.846920,1.162058,-0.978102
-2.847159,1.161367,-0.978230
-2.847395,1.160680,-0.978357
-2.847631,1.159996,-0.978483
-2.847864,1.159315,-0.978609
-2.848097,1.158639,-0.978734
-2.848328,1.157965,-0.978858
-2.848558,1.157296,-0.978982
-2.848786,1.156629,-0.979105
-2.849013,1.155966,-0.979227
-2.849238,1.155307,-0.979349
-2.849463,1.154651,-0.979471
-2.849686,1.153998,-0.979591
-2.849907,1.153349,-0.979711
-2.850127,1.152703,-0.979831
-2.850346,1.152061,-0.979949
-2.850564,1.151422,-0.980068
-2.850780,1.150786,-0.980185
-2.850995,1.150153,-0.980302
-2.851209,1.149524,-0.980419
-2.851422,1.148898,-0.980534
-2.851633,1.148275,-0.980650
-2.851843,1.147656,-0.980764
-2.852051,1.147039,-0.980878
-2.852259,1.146426,-0.980992
-2.852465,1.145816,-0.981105
-2.852670,1.145209,-0.981217
-2.852874,1.144606,-0.981329
-2.853077,1.144005,-0.981440
-2.853278,1.143408,-0.981551
-2.853478,1.142814,-0.981661
-2.853677,1.142222,-0.981770
-2.853875,1.141634,-0.981879
-2.854072,1.141049,-0.981987
-2.854267,1.140467,-0.982095
-2.854462,1.139888,-0.982203
-2.854655,1.139312,-0.982309
-2.854847,1.138739,-0.982416
-2.855038,1.138169,-0.982521
-2.855228,1.137602,-0.982626
-2.855417,1.137038,-0.982731
-2.855604,1.136476,-0.982835
-2.855791,1.135918,-0.982938
-2.855976,1.135363,-0.983041
-2.856161,1.134810,-0.983144
-2.856344,1.134260,-0.983246
-2.856526,1.133714,-0.983347
-2.856707,1.133170,-0.983448
-2.856887,1.132629,-0.983548
-2.857066,1.132090,-0.983648
-2.857244,1.131555,-0.983748
-2.857421,1.131022,-0.983847
-2.857597,1.130492,-0.983945
-2.857772,1.129965,-0.984043
-2.857945,1.129440,-0.984140
-2.858118,1.128918,-0.984237
-2.858290,1.128399,-0.984333
-2.858461,1.127883,-0.984429
-2.858631,1.127369,-0.984525
-2.858799,1.126858,-0.984619
-2.858967,1.126350,-0.984714
-2.859134,1.125844,-0.984808
-2.859300,1.125341,-0.984901
-2.859465,1.124841,-0.984994
-2.859629,1.124343,-0.985087
-2.859792,1.123848,-0.985179
-2.859954,1.123355,-0.985270
-2.860115,1.122865,-0.985361
-2.860275,1.122377,-0.985452
-2.860434,1.121892,-0.985542
-2.860592,1.121410,-0.985632
-2.860750,1.120930,-0.985721
-2.860906,1.120452,-0.985810
-2.861062,1.119977,-0.985898
-2.861217,1.119505,-0.985986
-2.861370,1.119035,-0.986073
-2.861523,1.118567,-0.986160
-2.861675,1.118102,-0.986247
-2.861826,1.117639,-0.986333
-2.861977,1.117179,-0.986418
-2.862126,1.116721,-0.986503
-2.862274,1.116265,-0.986588
-2.862422,1.115812,-0.986672
-2.862569,1.115361,-0.986756
-2.862715,1.114912,-0.986840
-2.862860,1.114466,-0.986923
-2.863004,1.114022,-0.987005
-2.863148,1.113581,-0.987088
-2.863290,1.113142,-0.987169
-2.863432,1.112705,-0.987251
-2.863573,1.112270,-0.987331
-2.863713,1.111837,-0.987412
-2.863853,1.111407,-0.987492
-2.863991,1.110979,-0.987572
-2.864129,1.110554,-0.987651
-2.864266,1.110130,-0.987730
-2.864402,1.109709,-0.987808
-2.864538,1.109290,-0.987886
-2.864672,1.108873,-0.987964
-2.864806,1.108458,-0.988041
-2.864939,1.108046,-0.988118
-2.865072,1.107635,-0.988194
-2.865203,1.107227,-0.988271
-2.865334,1.106821,-0.988346
-2.865464,1.106417,-0.988421
-2.865593,1.106015,-0.988496
-2.865722,1.105615,-0.988571
-2.865850,1.105217,-0.988645
-2.865977,1.104821,-0.988719
-2.866103,1.104428,-0.988792
-2.866229,1.104036,-0.988865
-2.866354,1.103647,-0.988938
-2.866478,1.103259,-0.989010
-2.866602,1.102874,-0.989082
-2.866725,1.102490,-0.989153
-2.866847,1.102109,-0.989224
-2.866968,1.101729,-0.989295
-2.867089,1.101352,-0.989366
-2.867209,1.100976,-0.989436
-2.867328,1.100603,-0.989505
-2.867447,1.100231,-0.989575
-2.867565,1.099861,-0.989643
-2.867682,1.099494,-0.989712
-2.867799,1.099128,-0.989780
-2.867915,1.098764,-0.989848
-2.868031,1.098402,-0.989916
-2.868145,1.098042,-0.989983
-2.868259,1.097683,-0.990050
-2.868373,1.097327,-0.990116
-2.868486,1.096972,-0.990182
-2.868598,1.096620,-0.990248
-2.868709,1.096269,-0.990314
-2.868820,1.095920,-0.990379
-2.868930,1.095572,-0.990444
-2.869040,1.095227,-0.990508
-2.869149,1.094883,-0.990572
-2.869257,1.094542,-0.990636
-2.869365,1.094202,-0.990700
-2.869472,1.093863,-0.990763
-2.869579,1.093527,-0.990826
-2.869685,1.093192,-0.990888
-2.869790,1.092859,-0.990950
-2.869895,1.092528,-0.991012
-2.869999,1.092198,-0.991074
-2.870103,1.091871,-0.991135
-2.870206,1.091545,-0.991196
-2.870308,1.091220,-0.991256
-2.870410,1.090898,-0.991317
-2.870511,1.090577,-0.991377
-2.870612,1.090257,-0.991436
-2.870712,1.089940,-0.991496
-2.870812,1.089624,-0.991555
-2.870911,1.089309,-0.991613
-2.871009,1.088996,-0.991672
-2.871107,1.088685,-0.991730
-2.871204,1.088376,-0.991788
-2.871301,1.088068,-0.991845
-2.871397,1.087762,-0.991902
-2.871493,1.087457,-0.991959
-2.871588,1.087154,-0.992016
-2.871683,1.086853,-0.992072
-2.871777,1.086553,-0.992128
-2.871871,1.086255,-0.992184
-2.871964,1.085958,-0.992240
-2.872056,1.085663,-0.992295
-2.872148,1.085369,-0.992350
-2.872240,1.085077,-0.992404
-2.872331,1.084786,-0.992459
-2.872421,1.084497,-0.992513
-2.872511,1.084209,-0.992567
-2.872601,1.083923,-0.992620
-2.872690,1.083639,-0.992673
-2.872778,1.083356,-0.992726
-2.872866,1.083074,-0.992779
-2.872954,1.082794,-0.992831
-2.873041,1.082515,-0.992883
-2.873127,1.082238,-0.992935
-2.873213,1.081962,-0.992987
-2.873299,1.081688,-0.993038
-2.873384,1.081415,-0.993089
-2.873468,1.081143,-0.993140
-2.873553,1.080873,-0.993191
-2.873636,1.080605,-0.993241
-2.873719,1.080337,-0.993291
-2.873802,1.080072,-0.993341
-2.873884,1.079807,-0.993390
-2.873966,1.079544,-0.993439
-2.874048,1.079282,-0.993488
-2.874129,1.079022,-0.993537
-2.874209,1.078763,-0.993585
-2.874289,1.078505,-0.993634
-2.874369,1.078249,-0.993682
-2.874448,1.077994,-0.993729
-2.874526,1.077741,-0.993777
-2.874605,1.077488,-0.993824
-2.874682,1.077237,-0.993871
-2.874760,1.076988,-0.993918
-2.874837,1.076739,-0.993964
-2.874913,1.076492,-0.994011
-2.874989,1.076246,-0.994057
-2.875065,1.076002,-0.994102
-2.875140,1.075759,-0.994148
-2.875215,1.075517,-0.994193
-2.875290,1.075276,-0.994238
-2.875364,1.075037,-0.994283
-2.875437,1.074799,-0.994328
-2.875510,1.074562,-0.994372
-2.875583,1.074326,-0.994416
-2.875656,1.074092,-0.994460
-2.875728,1.073858,-0.994504
-2.875799,1.073626,-0.994547
-2.875870,1.073396,-0.994591
-2.875941,1.073166,-0.994634
-2.876012,1.072938,-0.994676
-2.876082,1.072711,-0.994719
-2.876151,1.072485,-0.994761
-2.876220,1.072260,-0.994803
-2.876289,1.072036,-0.994845
-2.876358,1.071814,-0.994887
-2.876426,1.071592,-0.994928
-2.876494,1.071372,-0.994970
-2.876561,1.071153,-0.995011
-2.876628,1.070935,-0.995052
-2.876695,1.070719,-0.995092
-2.876761,1.070503,-0.995133
-2.876827,1.070289,-0.995173
-2.876892,1.070075,-0.995213
-2.876957,1.069863,-0.995252
-2.877022,1.069652,-0.995292
-2.877087,1.069442,-0.995331
-2.877151,1.069233,-0.995371
-2.877215,1.069025,-0.995410
-2.877278,1.068819,-0.995448
-2.877341,1.068613,-0.995487
-2.877404,1.068408,-0.995525
-2.877466,1.068205,-0.995563
-2.877528,1.068002,-0.995601
-2.877590,1.067801,-0.995639
-2.877651,1.067601,-0.995677
-2.877712,1.067401,-0.995714
-2.877773,1.067203,-0.995751
-2.877833,1.067006,-0.995788
-2.877893,1.066810,-0.995825
-2.877953,1.066615,-0.995862
-2.878012,1.066421,-0.995898
-2.878071,1.066228,-0.995934
-2.878130,1.066036,-0.995970
-2.878188,1.065844,-0.996006
-2.878246,1.065654,-0.996042
-2.878304,1.065465,-0.996077
-2.878361,1.065277,-0.996112
-2.878418,1.065090,-0.996148
-2.878475,1.064904,-0.996182
-2.878532,1.064719,-0.996217
-2.878588,1.064535,-0.996252
-2.878644,1.064351,-0.996286
-2.878699,1.064169,-0.996320
-2.878754,1.063988,-0.996354
-2.878809,1.063807,-0.996388
-2.878864,1.063628,-0.996422
-2.878918,1.063450,-0.996455
-2.878972,1.063272,-0.996489
-2.879026,1.063095,-0.996522
-2.879080,1.062920,-0.996555
-2.879133,1.062745,-0.996588
-2.879186,1.062571,-0.996620
-2.879238,1.062398,-0.996653
-2.879290,1.062226,-0.996685
-2.879343,1.062055,-0.996717
-2.879394,1.061885,-0.996749
-2.879446,1.061715,-0.996781
-2.879497,1.061547,-0.996812
-2.879548,1.061379,-0.996844
-2.879598,1.061213,-0.996875
-2.879649,1.061047,-0.996906
-2.879699,1.060882,-0.996937
-2.879749,1.060718,-0.996968
-2.879798,1.060554,-0.996999
-2.879847,1.060392,-0.997029
-2.879896,1.060231,-0.997060
-2.879945,1.060070,-0.997090
-2.879993,1.059910,-0.997120
-2.880042,1.059751,-0.997150
-2.880090,1.059593,-0.997179
-2.880137,1.059435,-0.997209
-2.880185,1.059279,-0.997238
-2.880232,1.059123,-0.997267
-2.880279,1.058968,-0.997297
-2.880325,1.058814,-0.997325
-2.880372,1.058661,-0.997354
-2.880418,1.058508,-0.997383
-2.880464,1.058357,-0.997411
-2.880509,1.058206,-0.997440
-2.880555,1.058056,-0.997468
-2.880600,1.057906,-0.997496
-2.880645,1.057758,-0.997524
-2.880689,1.057610,-0.997552
-2.880734,1.057463,-0.997579
-2.880778,1.057317,-0.997607
-2.880822,1.057172,-0.997634
-2.880865,1.057027,-0.997661
-2.880909,1.056883,-0.997688
-2.880952,1.056740,-0.997715
-2.880995,1.056597,-0.997742
-2.881038,1.056456,-0.997768
-2.881080,1.056315,-0.997795
-2.881123,1.056175,-0.997821
-2.881165,1.056035,-0.997847
-2.881206,1.055896,-0.997874
-2.881248,1.055758,-0.997899
-2.881289,1.055621,-0.997925
-2.881330,1.055485,-0.997951
-2.881371,1.055349,-0.997976
-2.881412,1.055214,-0.998002
-2.881453,1.055079,-0.998027
-2.881493,1.054945,-0.998052
-2.881533,1.054812,-0.998077
-2.881573,1.054680,-0.998102
-2.881612,1.054548,-0.998127
-2.881652,1.054418,-0.998151
-2.881691,1.054287,-0.998176
-2.881730,1.054158,-0.998200
-2.881769,1.054029,-0.998224
-2.881807,1.053901,-0.998249
-2.881845,1.053773,-0.998273
-2.881884,1.053646,-0.998296
-2.881922,1.053520,-0.998320
-2.881959,1.053394,-0.998344
-2.881997,1.053269,-0.998367
-2.882034,1.053145,-0.998391
-2.882071,1.053022,-0.998414
-2.882108,1.052899,-0.998437
-2.882145,1.052776,-0.998460
-2.882181,1.052655,-0.998483
-2.882218,1.052534,-0.998505
-2.882254,1.052413,-0.998528
-2.882290,1.052294,-0.998551
-2.882325,1.052174,-0.998573
-2.882361,1.052056,-0.998595
-2.882396,1.051938,-0.998617
-2.882431,1.051821,-0.998640
-2.882466,1.051704,-0.998661
-2.882501,1.051588,-0.998683
-2.882536,1.051473,-0.998705
-2.882570,1.051358,-0.998727
-2.882604,1.051244,-0.998748
-2.882638,1.051130,-0.998769
-2.882672,1.051017,-0.998791
-2.882706,1.050905,-0.998812
-2.882739,1.050793,-0.998833
-2.882773,1.050681,-0.998854
-2.882806,1.050571,-0.998875
-2.882839,1.050461,-0.998895
-2.882872,1.050351,-0.998916
-2.882904,1.050242,-0.998936
-2.882937,1.050134,-0.998957
-2.882969,1.050026,-0.998977
-2.883001,1.049919,-0.998997
-2.883033,1.049812,-0.999017
-2.883065,1.049706,-0.999037
-2.883096,1.049600,-0.999057
-2.883127,1.049495,-0.999077
-2.883159,1.049391,-0.999096
-2.883190,1.049287,-0.999116
-2.883221,1.049184,-0.999135
-2.883251,1.049081,-0.999155
-2.883282,1.048978,-0.999174
-2.883312,1.048877,-0.999193
-2.883342,1.048775,-0.999212
-2.883373,1.048675,-0.999231
-2.883402,1.048575,-0.999250
-2.883432,1.048475,-0.999269
-2.883462,1.048376,-0.999287
-2.883491,1.048277,-0.999306
-2.883520,1.048179,-0.999324
-2.883550,1.048082,-0.999343
-2.883578,1.047984,-0.999361
-2.883607,1.047888,-0.999379
-2.883636,1.047792,-0.999397
-2.883664,1.047696,-0.999415
-2.883693,1.047601,-0.999433
-2.883721,1.047507,-0.999451
-2.883749,1.047413,-0.999469
-2.883777,1.047319,-0.999486
-2.883805,1.047226,-0.999504
-2.883832,1.047134,-0.999521
-2.883860,1.047041,-0.999538
-2.883887,1.046950,-0.999556
-2.883914,1.046859,-0.999573
-2.883941,1.046768,-0.999590
-2.883968,1.046678,-0.999607
-2.883995,1.046588,-0.999624
-2.884021,1.046499,-0.999641
-2.884047,1.046410,-0.999657
-2.884074,1.046322,-0.999674
-2.884100,1.046234,-0.999690
-2.884126,1.046147,-0.999707
-2.884152,1.046060,-0.999723
-2.884177,1.045973,-0.999739
-2.884203,1.045887,-0.999756
-2.884228,1.045802,-0.999772
-2.884254,1.045717,-0.999788
-2.884279,1.045632,-0.999804
-2.884304,1.045548,-0.999820
-2.884329,1.045464,-0.999835
-2.884354,1.045381,-0.999851
-2.884378,1.045298,-0.999867
-2.884403,1.045215,-0.999882
-2.884427,1.045133,-0.999898
-2.884451,1.045052,-0.999913
-2.884476,1.044970,-0.999928
-2.884500,1.044890,-0.999943
-2.884523,1.044809,-0.999959
-2.884547,1.044729,-0.999974
-2.884571,1.044650,-0.999989
-2.884594,1.044571,-1.000003
-2.884618,1.044492,-1.000018
-2.884641,1.044414,-1.000033
-2.884664,1.044336,-1.000048
-2.884687,1.044259,-1.000062
-2.884710,1.044182,-1.000077
-2.884732,1.044105,-1.000091
-2.884755,1.044029,-1.000105
-2.884778,1.043953,-1.000120
-2.884800,1.043878,-1.000134
-2.884822,1.043803,-1.000148
-2.884844,1.043728,-1.000162
-2.884866,1.043654,-1.000176
-2.884888,1.043580,-1.000190
-2.884910,1.043506,-1.000204
-2.884932,1.043433,-1.000218
-2.884953,1.043361,-1.000231
-2.884975,1.043288,-1.000245
-2.884996,1.043216,-1.000258
-2.885017,1.043145,-1.000272
-2.885038,1.043074,-1.000285
-2.885059,1.043003,-1.000299
-2.885080,1.042932,-1.000312
-2.885101,1.042862,-1.000325
-2.885121,1.042793,-1.000338
-2.885142,1.042723,-1.000351
-2.885162,1.042654,-1.000364
-2.885183,1.042586,-1.000377
-2.885203,1.042518,-1.000390
-2.885223,1.042450,-1.000403
-2.885243,1.042382,-1.000416
-2.885263,1.042315,-1.000428
-2.885283,1.042248,-1.000441
-2.885302,1.042182,-1.000453
-2.885322,1.042116,-1.000466
-2.885341,1.042050,-1.000478
-2.885361,1.041984,-1.000490
-2.885380,1.041919,-1.000503
-2.885399,1.041854,-1.000515
-2.885418,1.041790,-1.000527
-2.885437,1.041726,-1.000539
-2.885456,1.041662,-1.000551
-2.885475,1.041599,-1.000563
-2.885493,1.041536,-1.000575
-2.885512,1.041473,-1.000587
-2.885530,1.041411,-1.000598
-2.885549,1.041348,-1.000610
-2.885567,1.041287,-1.000622
-2.885585,1.041225,-1.000633
-2.885603,1.041164,-1.000645
-2.885621,1.041103,-1.000656
-2.885639,1.041043,-1.000668
-2.885657,1.040983,-1.000679
-2.885674,1.040923,-1.000690
-2.885692,1.040863,-1.000702
-2.885710,1.040804,-1.000713
-2.885727,1.040745,-1.000724
-2.885744,1.040687,-1.000735
-2.885761,1.040628,-1.000746
-2.885779,1.040570,-1.000757
-2.885796,1.040513,-1.000768
-2.885813,1.040455,-1.000778
-2.885829,1.040398,-1.000789
-2.885846,1.040341,-1.000800
-2.885863,1.040285,-1.000810
-2.885879,1.040229,-1.000821
-2.885896,1.040173,-1.000832
-2.885912,1.040117,-1.000842
-2.885929,1.040062,-1.000852
-2.885945,1.040007,-1.000863
-2.885961,1.039952,-1.000873
-2.885977,1.039898,-1.000883
-2.885993,1.039844,-1.000894
-2.886009,1.039790,-1.000904
-2.886025,1.039736,-1.000914
-2.886040,1.039683,-1.000924
-2.886056,1.039630,-1.000934
-2.886072,1.039577,-1.000944
-2.886087,1.039525,-1.000954
-2.886103,1.039473,-1.000964
-2.886118,1.039421,-1.000973
-2.886133,1.039369,-1.000983
-2.886148,1.039318,-1.000993
-2.886163,1.039266,-1.001002
-2.886178,1.039216,-1.001012
-2.886193,1.039165,-1.001021
-2.886208,1.039115,-1.001031
-2.886223,1.039065,-1.001040
-2.886237,1.039015,-1.001050
-2.886252,1.038965,-1.001059
-2.886266,1.038916,-1.001068
-2.886281,1.038867,-1.001078
-2.886295,1.038818,-1.001087
-2.886310,1.038770,-1.001096
-2.886324,1.038722,-1.001105
-2.886338,1.038674,-1.001114
-2.886352,1.038626,-1.001123
-2.886366,1.038578,-1.001132
-2.886380,1.038531,-1.001141
-2.886394,1.038484,-1.001150
-2.886407,1.038437,-1.001159
-2.886421,1.038391,-1.001167
-2.886435,1.038345,-1.001176
-2.886448,1.038299,-1.001185
-2.886462,1.038253,-1.001193
-2.886475,1.038207,-1.001202
-2.886488,1.038162,-1.001210
-2.886502,1.038117,-1.001219
-2.886515,1.038072,-1.001227
-2.886528,1.038028,-1.001236
-2.886541,1.037983,-1.001244
-2.886554,1.037939,-1.001252
-2.886567,1.037895,-1.001261
-2.886580,1.037852,-1.001269
-2.886593,1.037808,-1.001277
-2.886605,1.037765,-1.001285
-2.886618,1.037722,-1.001293
-2.886631,1.037679,-1.001301
-2.886643,1.037637,-1.001309
-2.886655,1.037595,-1.001317
-2.886668,1.037553,-1.001325
-2.886680,1.037511,-1.001333
-2.886692,1.037469,-1.001341
-2.886705,1.037428,-1.001349
-2.886717,1.037386,-1.001357
-2.886729,1.037345,-1.001364
-2.886741,1.037305,-1.001372
-2.886753,1.037264,-1.001380
-2.886764,1.037224,-1.001387
-2.886776,1.037184,-1.001395
-2.886788,1.037144,-1.001402
-2.886800,1.037104,-1.001410
-2.886811,1.037065,-1.001417
-2.886823,1.037025,-1.001425
-2.886834,1.036986,-1.001432
-2.886846,1.036947,-1.001439
-2.886857,1.036909,-1.001447
-2.886868,1.036870,-1.001454
-2.886880,1.036832,-1.001461
-2.886891,1.036794,-1.001468
-2.886902,1.036756,-1.001475
-2.886913,1.036718,-1.001483
-2.886924,1.036681,-1.001490
-2.886935,1.036644,-1.001497
-2.886946,1.036606,-1.001504
-2.886957,1.036570,-1.001511
-2.886967,1.036533,-1.001518
-2.886978,1.036496,-1.001524
-2.886989,1.036460,-1.001531
-2.886999,1.036424,-1.001538
-2.887010,1.036388,-1.001545
-2.887020,1.036352,-1.001552
-2.887031,1.036317,-1.001558
-2.887041,1.036281,-1.001565
-2.887052,1.036246,-1.001572
-2.887062,1.036211,-1.001578
-2.887072,1.036176,-1.001585
-2.887082,1.036142,-1.001591
-2.887092,1.036107,-1.001598
-2.887102,1.036073,-1.001604
-2.887112,1.036039,-1.001611
-2.887122,1.036005,-1.001617
-2.887132,1.035971,-1.001623
-2.887142,1.035938,-1.001630
-2.887152,1.035904,-1.001636
-2.887162,1.035871,-1.001642
-2.887171,1.035838,-1.001648
-2.887181,1.035805,-1.001655
-2.887191,1.035773,-1.001661
-2.887200,1.035740,-1.001667
-2.887210,1.035708,-1.001673
-2.887219,1.035676,-1.001679
-2.887228,1.035644,-1.001685
-2.887238,1.035612,-1.001691
-2.887247,1.035580,-1.001697
-2.887256,1.035549,-1.001703
-2.887266,1.035517,-1.001709
-2.887275,1.035486,-1.001715
-2.887284,1.035455,-1.001721
-2.887293,1.035424,-1.001727
-2.887302,1.035393,-1.001732
-2.887311,1.035363,-1.001738
-2.887320,1.035333,-1.001744
-2.887328,1.035302,-1.001749
-2.887337,1.035272,-1.001755
-2.887346,1.035242,-1.001761
-2.887355,1.035213,-1.001766
-2.887363,1.035183,-1.001772
-2.887372,1.035154,-1.001778
-2.887381,1.035124,-1.001783
-2.887389,1.035095,-1.001789
-2.887398,1.035066,-1.001794
-2.887406,1.035038,-1.001799
-2.887415,1.035009,-1.001805
-2.887423,1.034980,-1.001810
-2.887431,1.034952,-1.001816
-2.887439,1.034924,-1.001821
-2.887448,1.034896,-1.001826
-2.887456,1.034868,-1.001831
-2.887464,1.034840,-1.001837
-2.887472,1.034812,-1.001842
-2.887480,1.034785,-1.001847
-2.887488,1.034758,-1.001852
-2.887496,1.034730,-1.001857
-2.887504,1.034703,-1.001862
-2.887512,1.034677,-1.001867
-2.887520,1.034650,-1.001873
-2.887528,1.034623,-1.001878
-2.887535,1.034597,-1.001883
-2.887543,1.034570,-1.001888
-2.887551,1.034544,-1.001892
-2.887558,1.034518,-1.001897
-2.887566,1.034492,-1.001902
-2.887573,1.034466,-1.001907
-2.887581,1.034441,-1.001912
-2.887588,1.034415,-1.001917
-2.887596,1.034390,-1.001922
-2.887603,1.034364,-1.001926
-2.887611,1.034339,-1.001931
-2.887618,1.034314,-1.001936
-2.887625,1.034290,-1.001940
-2.887632,1.034265,-1.001945
-2.887640,1.034240,-1.001950
-2.887647,1.034216,-1.001954
-2.887654,1.034191,-1.001959
-2.887661,1.034167,-1.001964
-2.887668,1.034143,-1.001968
-2.887675,1.034119,-1.001973
-2.887682,1.034095,-1.001977
-2.887689,1.034072,-1.001982
-2.887696,1.034048,-1.001986
-2.887703,1.034024,-1.001990
-2.887710,1.034001,-1.001995
-2.887716,1.033978,-1.001999
-2.887723,1.033955,-1.002004
-2.887730,1.033932,-1.002008
-2.887737,1.033909,-1.002012
-2.887743,1.033886,-1.002016
-2.887750,1.033864,-1.002021
-2.887756,1.033841,-1.002025
-2.887763,1.033819,-1.002029
-2.887769,1.033797,-1.002033
-2.887776,1.033774,-1.002038
-2.887782,1.033752,-1.002042
-2.887789,1.033730,-1.002046
-2.887795,1.033709,-1.002050
-2.887802,1.033687,-1.002054
-2.887808,1.033665,-1.002058
-2.887814,1.033644,-1.002062
-2.887820,1.033623,-1.002066
-2.887827,1.033601,-1.002070
-2.887833,1.033580,-1.002074
-2.887839,1.033559,-1.002078
-2.887845,1.033538,-1.002082
-2.887851,1.033518,-1.002086
-2.887857,1.033497,-1.002090
-2.887863,1.033476,-1.002094
-2.887869,1.033456,-1.002098
-2.887875,1.033435,-1.002102
-2.887881,1.033415,-1.002105
-2.887887,1.033395,-1.002109
-2.887893,1.033375,-1.002113
-2.887899,1.033355,-1.002117
-2.887904,1.033335,-1.002120
-2.887910,1.033316,-1.002124
-2.887916,1.033296,-1.002128
-2.887922,1.033276,-1.002132
-2.887927,1.033257,-1.002135
-2.887933,1.033238,-1.002139
-2.887939,1.033218,-1.002142
-2.887944,1.033199,-1.002146
-2.887950,1.033180,-1.002150
-2.887955,1.033161,-1.002153
-2.887961,1.033143,-1.002157
-2.887966,1.033124,-1.002160
-2.887972,1.033105,-1.002164
-2.887977,1.033087,-1.002167
-2.887982,1.033068,-1.002171
-2.887988,1.033050,-1.002174
-2.887993,1.033032,-1.002178
-2.887998,1.033014,-1.002181
-2.888004,1.032996,-1.002184
-2.888009,1.032978,-1.002188
-2.888014,1.032960,-1.002191
-2.888019,1.032942,-1.002195
-2.888024,1.032924,-1.002198
-2.888030,1.032907,-1.002201
-2.888035,1.032889,-1.002205
-2.888040,1.032872,-1.002208
-2.888045,1.032855,-1.002211
-2.888050,1.032837,-1.002214
-2.888055,1.032820,-1.002218
-2.888060,1.032803,-1.002221
-2.888065,1.032786,-1.002224
-2.888070,1.032770,-1.002227
-2.888075,1.032753,-1.002230
-2.888079,1.032736,-1.002233
-2.888084,1.032720,-1.002237
-2.888089,1.032703,-1.002240
-2.888094,1.032687,-1.002243
-2.888099,1.032670,-1.002246
-2.888103,1.032654,-1.002249
-2.888108,1.032638,-1.002252
-2.888113,1.032622,-1.002255
-2.888118,1.032606,-1.002258
-2.888122,1.032590,-1.002261
-2.888127,1.032574,-1.002264
-2.888131,1.032558,-1.002267
-2.888136,1.032543,-1.002270
-2.888140,1.032527,-1.002273
-2.888145,1.032512,-1.002276
-2.888150,1.032496,-1.002279
-2.888154,1.032481,-1.002282
-2.888158,1.032466,-1.002284
-2.888163,1.032451,-1.002287
-2.888167,1.032436,-1.002290
-2.888172,1.032421,-1.002293
-2.888176,1.032406,-1.002296
-2.888180,1.032391,-1.002299
-2.888185,1.032376,-1.002301
-2.888189,1.032361,-1.002304
-2.888193,1.032347,-1.002307
-2.888197,1.032332,-1.002310
-2.888202,1.032318,-1.002312
-2.888206,1.032303,-1.002315
-2.888210,1.032289,-1.002318
-2.888214,1.032275,-1.002320
-2.888218,1.032261,-1.002323
-2.888222,1.032247,-1.002326
-2.888227,1.032233,-1.002328
-2.888231,1.032219,-1.002331
-2.888235,1.032205,-1.002334
-2.888239,1.032191,-1.002336
-2.888243,1.032177,-1.002339
-2.888247,1.032164,-1.002341
-2.888251,1.032150,-1.002344
-2.888255,1.032137,-1.002347
-2.888259,1.032123,-1.002349
-2.888262,1.032110,-1.002352
-2.888266,1.032096,-1.002354
-2.888270,1.032083,-1.002357
-2.888274,1.032070,-1.002359
-2.888278,1.032057,-1.002362
-2.888282,1.032044,-1.002364
-2.888285,1.032031,-1.002366
-2.888289,1.032018,-1.002369
-2.888293,1.032005,-1.002371
-2.888297,1.031993,-1.002374
-2.888300,1.031980,-1.002376
-2.888304,1.031967,-1.002378
-2.888308,1.031955,-1.002381
-2.888311,1.031942,-1.002383
-2.888315,1.031930,-1.002385
-2.888319,1.031917,-1.002388
-2.888322,1.031905,-1.002390
-2.888326,1.031893,-1.002392
-2.888329,1.031881,-1.002395
-2.888333,1.031869,-1.002397
-2.888336,1.031857,-1.002399
-2.888340,1.031845,-1.002402
-2.888343,1.031833,-1.002404
-2.888347,1.031821,-1.002406
-2.888350,1.031809,-1.002408
-2.888354,1.031798,-1.002410
-2.888357,1.031786,-1.002413
-2.888360,1.031774,-1.002415
-2.888364,1.031763,-1.002417
-2.888367,1.031751,-1.002419
-2.888370,1.031740,-1.002421
-2.888374,1.031729,-1.002423
-2.888377,1.031717,-1.002426
-2.888380,1.031706,-1.002428
-2.888383,1.031695,-1.002430
-2.888387,1.031684,-1.002432
-2.888390,1.031673,-1.002434
-2.888393,1.031662,-1.002436
-2.888396,1.031651,-1.002438
-2.888400,1.031640,-1.002440
-2.888403,1.031629,-1.002442
-2.888406,1.031618,-1.002444
-2.888409,1.031607,-1.002446
-2.888412,1.031597,-1.002448
-2.888415,1.031586,-1.002450
-2.888418,1.031576,-1.002452
-2.888421,1.031565,-1.002454
-2.888424,1.031555,-1.002456
-2.888427,1.031544,-1.002458
-2.888430,1.031534,-1.002460
-2.888433,1.031524,-1.002462
-2.888436,1.031514,-1.002464
-2.888439,1.031503,-1.002466
-2.888442,1.031493,-1.002468
-2.888445,1.031483,-1.002470
-2.888448,1.031473,-1.002472
-2.888451,1.031463,-1.002474
-2.888454,1.031453,-1.002475
-2.888457,1.031444,-1.002477
-2.888460,1.031434,-1.002479
-2.888462,1.031424,-1.002481
-2.888465,1.031414,-1.002483
-2.888468,1.031405,-1.002485
-2.888471,1.031395,-1.002486
-2.888474,1.031386,-1.002488
-2.888476,1.031376,-1.002490
-2.888479,1.031367,-1.002492
-2.888482,1.031357,-1.002494
-2.888485,1.031348,-1.002495
-2.888487,1.031339,-1.002497
-2.888490,1.031329,-1.002499
-2.888493,1.031320,-1.002501
-2.888495,1.031311,-1.002502
-2.888498,1.031302,-1.002504
-2.888501,1.031293,-1.002506
-2.888503,1.031284,-1.002507
-2.888506,1.031275,-1.002509
-2.888509,1.031266,-1.002511
-2.888511,1.031257,-1.002512
-2.888514,1.031248,-1.002514
-2.888516,1.031239,-1.002516
-2.888519,1.031231,-1.002517
-2.888521,1.031222,-1.002519
-2.888524,1.031213,-1.002521
-2.888526,1.031205,-1.002522
-2.888529,1.031196,-1.002524
-2.888531,1.031188,-1.002525
-2.888534,1.031179,-1.002527
-2.888536,1.031171,-1.002529
-2.888539,1.031163,-1.002530
-2.888541,1.031154,-1.002532
-2.888544,1.031146,-1.002533
-2.888546,1.031138,-1.002535
-2.888548,1.031130,-1.002536
-2.888551,1.031121,-1.002538
-2.888553,1.031113,-1.002540
-2.888555,1.031105,-1.002541
-2.888558,1.031097,-1.002543
-2.888560,1.031089,-1.002544
-2.888562,1.031081,-1.002546
-2.888565,1.031073,-1.002547
-2.888567,1.031066,-1.002549
-2.888569,1.031058,-1.002550
-2.888571,1.031050,-1.002551
-2.888574,1.031042,-1.002553
-2.888576,1.031035,-1.002554
-2.888578,1.031027,-1.002556
-2.888580,1.031019,-1.002557
-2.888583,1.031012,-1.002559
-2.888585,1.031004,-1.002560
-2.888587,1.030997,-1.002562
-2.888589,1.030989,-1.002563
-2.888591,1.030982,-1.002564
-2.888594,1.030974,-1.002566
-2.888596,1.030967,-1.002567
-2.888598,1.030960,-1.002568
-2.888600,1.030953,-1.002570
-2.888602,1.030945,-1.002571
-2.888604,1.030938,-1.002573
-2.888606,1.030931,-1.002574
-2.888608,1.030924,-1.002575
-2.888610,1.030917,-1.002577
-2.888612,1.030910,-1.002578
-2.888614,1.030903,-1.002579
-2.888616,1.030896,-1.002581
-2.888618,1.030889,-1.002582
-2.888620,1.030882,-1.002583
-2.888622,1.030875,-1.002584
-2.888624,1.030868,-1.002586
-2.888626,1.030862,-1.002587
-2.888628,1.030855,-1.002588
-2.888630,1.030848,-1.002590
-2.888632,1.030842,-1.002591
-2.888634,1.030835,-1.002592
-2.888636,1.030828,-1.002593
-2.888638,1.030822,-1.002595
-2.888640,1.030815,-1.002596
-2.888642,1.030809,-1.002597
-2.888644,1.030802,-1.002598
-2.888646,1.030796,-1.002599
-2.888647,1.030789,-1.002601
-2.888649,1.030783,-1.002602
-2.888651,1.030777,-1.002603
-2.888653,1.030770,-1.002604
-2.888655,1.030764,-1.002605
-2.888657,1.030758,-1.002607
-2.888658,1.030752,-1.002608
-2.888660,1.030746,-1.002609
-2.888662,1.030739,-1.002610
-2.888664,1.030733,-1.002611
-2.888666,1.030727,-1.002612
-2.888667,1.030721,-1.002614
-2.888669,1.030715,-1.002615
-2.888671,1.030709,-1.002616
-2.888673,1.030703,-1.002617
-2.888674,1.030697,-1.002618
-2.888676,1.030691,-1.002619
-2.888678,1.030686,-1.002620
-2.888679,1.030680,-1.002621
-2.888681,1.030674,-1.002622
-2.888683,1.030668,-1.002624
-2.888684,1.030663,-1.002625
-2.888686,1.030657,-1.002626
-2.888688,1.030651,-1.002627
-2.888689,1.030646,-1.002628
-2.888691,1.030640,-1.002629
-2.888693,1.030634,-1.002630
-2.888694,1.030629,-1.002631
-2.888696,1.030623,-1.002632
-2.888697,1.030618,-1.002633
-2.888699,1.030612,-1.002634
-2.888701,1.030607,-1.002635
-2.888702,1.030601,-1.002636
-2.888704,1.030596,-1.002637
-2.888705,1.030591,-1.002638
-2.888707,1.030585,-1.002639
-2.888708,1.030580,-1.002640
-2.888710,1.030575,-1.002641
-2.888711,1.030570,-1.002642
-2.888713,1.030564,-1.002643
-2.888714,1.030559,-1.002644
-2.888716,1.030554,-1.002645
-2.888717,1.030549,-1.002646
-2.888719,1.030544,-1.002647
-2.888720,1.030539,-1.002648
-2.888722,1.030534,-1.002649
-2.888723,1.030529,-1.002650
-2.888725,1.030524,-1.002651
-2.888726,1.030519,-1.002652
-2.888728,1.030514,-1.002653
-2.888729,1.030509,-1.002654
-2.888731,1.030504,-1.002654
-2.888732,1.030499,-1.002655
-2.888733,1.030494,-1.002656
-2.888735,1.030490,-1.002657
-2.888736,1.030485,-1.002658
-2.888738,1.030480,-1.002659
-2.888739,1.030475,-1.002660
-2.888740,1.030471,-1.002661
-2.888742,1.030466,-1.002662
-2.888743,1.030461,-1.002663
-2.888744,1.030457,-1.002663
-2.888746,1.030452,-1.002664
-2.888747,1.030447,-1.002665
-2.888748,1.030443,-1.002666
-2.888750,1.030438,-1.002667
-2.888751,1.030434,-1.002668
-2.888752,1.030429,-1.002669
-2.888754,1.030425,-1.002669
-2.888755,1.030420,-1.002670
-2.888756,1.030416,-1.002671
-2.888758,1.030411,-1.002672
-2.888759,1.030407,-1.002673
-2.888760,1.030403,-1.002674
-2.888761,1.030398,-1.002674
-2.888763,1.030394,-1.002675
-2.888764,1.030390,-1.002676
-2.888765,1.030385,-1.002677
-2.888766,1.030381,-1.002678
-2.888768,1.030377,-1.002678
-2.888769,1.030373,-1.002679
-2.888770,1.030369,-1.002680
-2.888771,1.030365,-1.002681
-2.888772,1.030360,-1.002682
-2.888774,1.030356,-1.002682
-2.888775,1.030352,-1.002683
-2.888776,1.030348,-1.002684
-2.888777,1.030344,-1.002685
-2.888778,1.030340,-1.002685
-2.888779,1.030336,-1.002686
-2.888781,1.030332,-1.002687
-2.888782,1.030328,-1.002688
-2.888783,1.030324,-1.002688
-2.888784,1.030320,-1.002689
-2.888785,1.030316,-1.002690
-2.888786,1.030312,-1.002691
-2.888787,1.030309,-1.002691
-2.888789,1.030305,-1.002692
-2.888790,1.030301,-1.002693
-2.888791,1.030297,-1.002694
-2.888792,1.030293,-1.002694
-2.888793,1.030290,-1.002695
-2.888794,1.030286,-1.002696
-2.888795,1.030282,-1.002696
-2.888796,1.030278,-1.002697
-2.888797,1.030275,-1.002698
-2.888798,1.030271,-1.002698
-2.888799,1.030267,-1.002699
-2.888801,1.030264,-1.002700
-2.888802,1.030260,-1.002701
-2.888803,1.030257,-1.002701
-2.888804,1.030253,-1.002702
-2.888805,1.030250,-1.002703
-2.888806,1.030246,-1.002703
-2.888807,1.030242,-1.002704
-2.888808,1.030239,-1.002705
-2.888809,1.030236,-1.002705
-2.888810,1.030232,-1.002706
-2.888811,1.030229,-1.002706
-2.888812,1.030225,-1.002707
-2.888813,1.030222,-1.002708
-2.888814,1.030218,-1.002708
-2.888815,1.030215,-1.002709
-2.888816,1.030212,-1.002710
-2.888817,1.030208,-1.002710
-2.888818,1.030205,-1.002711
-2.888819,1.030202,-1.002712
-2.888820,1.030198,-1.002712
-2.888820,1.030195,-1.002713
-2.888821,1.030192,-1.002713
-2.888822,1.030189,-1.002714
-2.888823,1.030186,-1.002715
-2.888824,1.030182,-1.002715
-2.888825,1.030179,-1.002716
-2.888826,1.030176,-1.002716
-2.888827,1.030173,-1.002717
-2.888828,1.030170,-1.002718
-2.888829,1.030167,-1.002718
-2.888830,1.030164,-1.002719
-2.888831,1.030160,-1.002719
-2.888831,1.030157,-1.002720
-2.888832,1.030154,-1.002720
-2.888833,1.030151,-1.002721
-2.888834,1.030148,-1.002722
-2.888835,1.030145,-1.002722
-2.888836,1.030142,-1.002723
-2.888837,1.030139,-1.002723
-2.888838,1.030136,-1.002724
-2.888838,1.030133,-1.002724
-2.888839,1.030131,-1.002725
-2.888840,1.030128,-1.002726
-2.888841,1.030125,-1.002726
-2.888842,1.030122,-1.002727
-2.888843,1.030119,-1.002727
-2.888843,1.030116,-1.002728
-2.888844,1.030113,-1.002728
-2.888845,1.030111,-1.002729
-2.888846,1.030108,-1.002729
-2.888847,1.030105,-1.002730
-2.888848,1.030102,-1.002730
-2.888848,1.030099,-1.002731
-2.888849,1.030097,-1.002731
-2.888850,1.030094,-1.002732
-2.888851,1.030091,-1.002732
-2.888852,1.030089,-1.002733
-2.888852,1.030086,-1.002733
-2.888853,1.030083,-1.002734
-2.888854,1.030081,-1.002734
-2.888855,1.030078,-1.002735
-2.888855,1.030075,-1.002735
-2.888856,1.030073,-1.002736
-2.888857,1.030070,-1.002736
-2.888858,1.030067,-1.002737
-2.888858,1.030065,-1.002737
-2.888859,1.030062,-1.002738
-2.888860,1.030060,-1.002738
-2.888861,1.030057,-1.002739
-2.888861,1.030055,-1.002739
-2.888862,1.030052,-1.002740
-2.888863,1.030050,-1.002740
-2.888864,1.030047,-1.002741
-2.888864,1.030045,-1.002741
-2.888865,1.030042,-1.002742
-2.888866,1.030040,-1.002742
-2.888866,1.030037,-1.002743
-2.888867,1.030035,-1.002743
-2.888868,1.030033,-1.002743
-2.888869,1.030030,-1.002744
-2.888869,1.030028,-1.002744
-2.888870,1.030025,-1.002745
-2.888871,1.030023,-1.002745
-2.888871,1.030021,-1.002746
-2.888872,1.030018,-1.002746
-2.888873,1.030016,-1.002747
-2.888873,1.030014,-1.002747
-2.888874,1.030012,-1.002747
-2.888875,1.030009,-1.002748
-2.888875,1.030007,-1.002748
-2.888876,1.030005,-1.002749
-2.888877,1.030003,-1.002749
-2.888877,1.030000,-1.002750
-2.888878,1.029998,-1.002750
-2.888879,1.029996,-1.002750
-2.888879,1.029994,-1.002751
-2.888880,1.029991,-1.002751
-2.888880,1.029989,-1.002752
-2.888881,1.029987,-1.002752
-2.888882,1.029985,-1.002752
-2.888882,1.029983,-1.002753
-2.888883,1.029981,-1.002753
-2.888884,1.029979,-1.002754
-2.888884,1.029976,-1.002754
-2.888885,1.029974,-1.002754
-2.888885,1.029972,-1.002755
-2.888886,1.029970,-1.002755
-2.888887,1.029968,-1.002756
-2.888887,1.029966,-1.002756
-2.888888,1.029964,-1.002756
-2.888888,1.029962,-1.002757
-2.888889,1.029960,-1.002757
-2.888890,1.029958,-1.002758
-2.888890,1.029956,-1.002758
-2.888891,1.029954,-1.002758
-2.888891,1.029952,-1.002759
-2.888892,1.029950,-1.002759
-2.888892,1.029948,-1.002759
-2.888893,1.029946,-1.002760
-2.888894,1.029944,-1.002760
-2.888894,1.029942,-1.002760
-2.888895,1.029940,-1.002761
-2.888895,1.029938,-1.002761
-2.888896,1.029937,-1.002762
-2.888896,1.029935,-1.002762
-2.888897,1.029933,-1.002762
-2.888897,1.029931,-1.002763
-2.888898,1.029929,-1.002763
-2.888898,1.029927,-1.002763
-2.888899,1.029925,-1.002764
-2.888900,1.029924,-1.002764
-2.888900,1.029922,-1.002764
-2.888901,1.029920,-1.002765
-2.888901,1.029918,-1.002765
-2.888902,1.029916,-1.002765
-2.888902,1.029915,-1.002766
-2.888903,1.029913,-1.002766
-2.888903,1.029911,-1.002766
-2.888904,1.029909,-1.002767
-2.888904,1.029908,-1.002767
-2.888905,1.029906,-1.002767
-2.888905,1.029904,-1.002768
-2.888906,1.029902,-1.002768
-2.888906,1.029901,-1.002768
-2.888907,1.029899,-1.002769
-2.888907,1.029897,-1.002769
-2.888908,1.029896,-1.002769
-2.888908,1.029894,-1.002770
-2.888909,1.029892,-1.002770
-2.888909,1.029891,-1.002770
-2.888910,1.029889,-1.002771
-2.888910,1.029887,-1.002771
-2.888911,1.029886,-1.002771
-2.888911,1.029884,-1.002771
-2.888912,1.029882,-1.002772
-2.888912,1.029881,-1.002772
-2.888912,1.029879,-1.002772
-2.888913,1.029878,-1.002773
-2.888913,1.029876,-1.002773
-2.888914,1.029875,-1.002773
-2.888914,1.029873,-1.002774
-2.888915,1.029871,-1.002774
-2.888915,1.029870,-1.002774
-2.888916,1.029868,-1.002774
-2.888916,1.029867,-1.002775
-2.888917,1.029865,-1.002775
-2.888917,1.029864,-1.002775
-2.888917,1.029862,-1.002776
-2.888918,1.029861,-1.002776
-2.888918,1.029859,-1.002776
-2.888919,1.029858,-1.002776
-2.888919,1.029856,-1.002777
-2.888920,1.029855,-1.002777
-2.888920,1.029853,-1.002777
-2.888920,1.029852,-1.002778
-2.888921,1.029851,-1.002778
-2.888921,1.029849,-1.002778
-2.888922,1.029848,-1.002778
-2.888922,1.029846,-1.002779
-2.888922,1.029845,-1.002779
-2.888923,1.029843,-1.002779
-2.888923,1.029842,-1.002779
-2.888924,1.029841,-1.002780
-2.888924,1.029839,-1.002780
-2.888924,1.029838,-1.002780
-2.888925,1.029837,-1.002780
-2.888925,1.029835,-1.002781
-2.888926,1.029834,-1.002781
-2.888926,1.029832,-1.002781
-2.888926,1.029831,-1.002781
-2.888927,1.029830,-1.002782
-2.888927,1.029828,-1.002782
-2.888928,1.029827,-1.002782
-2.888928,1.029826,-1.002782
-2.888928,1.029825,-1.002783
-2.888929,1.029823,-1.002783
-2.888929,1.029822,-1.002783
-2.888929,1.029821,-1.002783
-2.888930,1.029819,-1.002784
-2.888930,1.029818,-1.002784
-2.888931,1.029817,-1.002784
-2.888931,1.029816,-1.002784
-2.888931,1.029814,-1.002785
-2.888932,1.029813,-1.002785
-2.888932,1.029812,-1.002785
-2.888932,1.029811,-1.002785
-2.888933,1.029809,-1.002786
-2.888933,1.029808,-1.002786
-2.888933,1.029807,-1.002786
-2.888905,1.029442,-1.003040
-2.888851,1.028748,-1.003522
-2.888773,1.027759,-1.004210
-2.888674,1.026504,-1.005083
-2.888555,1.025010,-1.006123
-2.888418,1.023300,-1.007313
-2.888263,1.021396,-1.008639
-2.888092,1.019317,-1.010088
-2.887906,1.017082,-1.011646
-2.887705,1.014706,-1.013305
-2.887491,1.012202,-1.015053
-2.887263,1.009584,-1.016883
-2.887024,1.006863,-1.018785
-2.886772,1.004050,-1.020755
-2.886509,1.001153,-1.022784
-2.886235,0.998182,-1.024867
-2.885950,0.995143,-1.026999
-2.885654,0.992044,-1.029176
-2.885349,0.988890,-1.031393
-2.885034,0.985688,-1.033646
-2.884710,0.982441,-1.035932
-2.884376,0.979154,-1.038249
-2.884034,0.975833,-1.040592
-2.883682,0.972479,-1.042961
-2.883322,0.969096,-1.045352
-2.882954,0.965688,-1.047764
-2.882577,0.962256,-1.050194
-2.882192,0.958804,-1.052641
-2.881799,0.955333,-1.055104
-2.881398,0.951845,-1.057582
-2.880990,0.948343,-1.060072
-2.880573,0.944827,-1.062575
-2.880149,0.941298,-1.065089
-2.879718,0.937759,-1.067612
-2.879279,0.934211,-1.070146
-2.878832,0.930653,-1.072688
-2.878378,0.927088,-1.075238
-2.877917,0.923517,-1.077795
-2.877449,0.919939,-1.080359
-2.876973,0.916355,-1.082930
-2.876491,0.912767,-1.085507
-2.876001,0.909174,-1.088090
-2.875504,0.905578,-1.090678
-2.875000,0.901978,-1.093271
-2.874489,0.898376,-1.095868
-2.873971,0.894771,-1.098471
-2.873446,0.891163,-1.101077
-2.872915,0.887554,-1.103687
-2.872376,0.883943,-1.106302
-2.871830,0.880330,-1.108920
-2.871277,0.876716,-1.111541
-2.870718,0.873101,-1.114166
-2.870151,0.869486,-1.116794
-2.869578,0.865869,-1.119425
-2.868998,0.862252,-1.122060
-2.868411,0.858635,-1.124697
-2.867817,0.855017,-1.127337
-2.867216,0.851399,-1.129980
-2.866609,0.847781,-1.132626
-2.865994,0.844164,-1.135274
-2.865373,0.840546,-1.137925
-2.864745,0.836928,-1.140578
-2.864109,0.833311,-1.143234
-2.863468,0.829694,-1.145892
-2.862819,0.826077,-1.148553
-2.862163,0.822460,-1.151216
-2.861501,0.818844,-1.153881
-2.860831,0.815229,-1.156549
-2.860155,0.811614,-1.159219
-2.859472,0.808000,-1.161891
-2.858782,0.804386,-1.164565
-2.858085,0.800773,-1.167242
-2.857382,0.797161,-1.169921
-2.856671,0.793549,-1.172601
-2.855953,0.789938,-1.175284
-2.855229,0.786328,-1.177969
-2.854498,0.782719,-1.180656
-2.853759,0.779111,-1.183346
-2.853014,0.775503,-1.186037
-2.852262,0.771896,-1.188730
-2.851503,0.768290,-1.191425
-2.850737,0.764685,-1.194123
-2.849964,0.761081,-1.196822
-2.849185,0.757478,-1.199523
-2.848398,0.753876,-1.202227
-2.847604,0.750275,-1.204932
-2.846803,0.746674,-1.207639
-2.845996,0.743075,-1.210348
-2.845181,0.739477,-1.213059
-2.844359,0.735880,-1.215772
-2.843531,0.732283,-1.218487
-2.842695,0.728688,-1.221204
-2.841853,0.725094,-1.223922
-2.841003,0.721501,-1.226643
-2.840146,0.717910,-1.229365
-2.839283,0.714319,-1.232090
-2.838412,0.710729,-1.234816
-2.837534,0.707141,-1.237544
-2.836649,0.703554,-1.240273
-2.835758,0.699968,-1.243005
-2.834859,0.696383,-1.245738
-2.833953,0.692799,-1.248474
-2.833040,0.689216,-1.251211
-2.832120,0.685635,-1.253949
-2.831192,0.682055,-1.256690
-2.830258,0.678476,-1.259432
-2.829317,0.674899,-1.262176
-2.828368,0.671323,-1.264922
-2.827413,0.667748,-1.267670
-2.826450,0.664174,-1.270419
-2.825480,0.660602,-1.273170
-2.824503,0.657031,-1.275923
-2.823519,0.653461,-1.278677
-2.822528,0.649893,-1.281434
-2.821529,0.646326,-1.284191
-2.820524,0.642760,-1.286951
-2.819511,0.639196,-1.289712
-2.818491,0.635633,-1.292475
-2.817464,0.632072,-1.295240
-2.816430,0.628512,-1.298006
-2.815388,0.624954,-1.300774
-2.814339,0.621397,-1.303543
-2.813284,0.617842,-1.306314
-2.812220,0.614288,-1.309087
-2.811150,0.610735,-1.311862
-2.810073,0.607184,-1.314637
-2.808988,0.603635,-1.317415
-2.807896,0.600087,-1.320194
-2.806797,0.596541,-1.322975
-2.805690,0.592996,-1.325757
-2.804577,0.589453,-1.328541
-2.803456,0.585912,-1.331326
-2.802327,0.582372,-1.334113
-2.801192,0.578834,-1.336902
-2.800049,0.575297,-1.339692
-2.798899,0.571762,-1.342483
-2.797742,0.568229,-1.345276
-2.796577,0.564697,-1.348071
-2.795405,0.561168,-1.350867
-2.794226,0.557639,-1.353664
-2.793039,0.554113,-1.356463
-2.791845,0.550588,-1.359264
-2.790644,0.547066,-1.362065
-2.789435,0.543545,-1.364869
-2.788220,0.540025,-1.367673
-2.786996,0.536508,-1.370480
-2.785766,0.532992,-1.373287
-2.784528,0.529478,-1.376096
-2.783282,0.525967,-1.378907
-2.782030,0.522456,-1.381719
-2.780770,0.518948,-1.384532
-2.779502,0.515442,-1.387346
-2.778228,0.511938,-1.390162
-2.776945,0.508435,-1.392980
-2.775656,0.504935,-1.395798
-2.774359,0.501436,-1.398618
-2.773054,0.497940,-1.401440
-2.771743,0.494445,-1.404262
-2.770423,0.490953,-1.407086
-2.769097,0.487462,-1.409911
-2.767763,0.483974,-1.412738
-2.766421,0.480487,-1.415566
-2.765072,0.477003,-1.418395
-2.763716,0.473521,-1.421225
-2.762352,0.470041,-1.424057
-2.760981,0.466563,-1.426890
-2.759602,0.463087,-1.429724
-2.758216,0.459613,-1.432560
-2.756822,0.456142,-1.435396
-2.755421,0.452672,-1.438234
-2.754013,0.449205,-1.441073
-2.752597,0.445740,-1.443914
-2.751173,0.442277,-1.446755
-2.749742,0.438817,-1.449598
-2.748304,0.435359,-1.452441
-2.746858,0.431903,-1.455286
-2.745404,0.428449,-1.458133
-2.743943,0.424998,-1.460980
-2.742474,0.421549,-1.463828
-2.740998,0.418102,-1.466678
-2.739515,0.414658,-1.469528
-2.738024,0.411216,-1.472380
-2.736525,0.407777,-1.475233
-2.735019,0.404340,-1.478087
-2.733505,0.400905,-1.480942
-2.731984,0.397473,-1.483798
-2.730455,0.394043,-1.486655
-2.728919,0.390616,-1.489514
-2.727375,0.387191,-1.492373
-2.725823,0.383769,-1.495233
-2.724264,0.380350,-1.498094
-2.722698,0.376933,-1.500957
-2.721123,0.373518,-1.503820
-2.719542,0.370106,-1.506685
-2.717952,0.366697,-1.509550
-2.716355,0.363290,-1.512416
-2.714751,0.359886,-1.515283
-2.713139,0.356485,-1.518152
-2.711519,0.353086,-1.521021
-2.709892,0.349690,-1.523891
-2.708257,0.346297,-1.526762
-2.706615,0.342906,-1.529634
-2.704964,0.339518,-1.532507
-2.703307,0.336133,-1.535381
-2.701641,0.332751,-1.538256
-2.699968,0.329371,-1.541131
-2.698288,0.325995,-1.544008
-2.696600,0.322621,-1.546885
-2.694904,0.319250,-1.549763
-2.693200,0.315882,-1.552642
-2.691489,0.312517,-1.555522
-2.689771,0.309154,-1.558403
-2.688044,0.305795,-1.561285
-2.686310,0.302439,-1.564167
-2.684569,0.299085,-1.567050
-2.682819,0.295735,-1.569934
-2.681062,0.292387,-1.572819
-2.679298,0.289043,-1.575704
-2.677526,0.285702,-1.578590
-2.675746,0.282363,-1.581477
-2.673958,0.279028,-1.584365
-2.672163,0.275696,-1.587254
-2.670360,0.272367,-1.590143
-2.668549,0.269041,-1.593033
-2.666731,0.265718,-1.595924
-2.664905,0.262399,-1.598815
-2.663072,0.259082,-1.601707
-2.661230,0.255769,-1.604600
-2.659381,0.252459,-1.607493
-2.657525,0.249152,-1.610387
-2.655660,0.245849,-1.613282
-2.653788,0.242549,-1.616177
-2.651909,0.239252,-1.619073
-2.650021,0.235958,-1.621969
-2.648126,0.232668,-1.624867
-2.646224,0.229381,-1.627764
-2.644313,0.226098,-1.630663
-2.642395,0.222818,-1.633562
-2.640469,0.219541,-1.636461
-2.638535,0.216268,-1.639361
-2.636594,0.212998,-1.642262
-2.634645,0.209732,-1.645163
-2.632689,0.206469,-1.648065
-2.630724,0.203210,-1.650967
-2.628752,0.199955,-1.653870
-2.626772,0.196702,-1.656773
-2.624785,0.193454,-1.659677
-2.622790,0.190209,-1.662581
-2.620787,0.186968,-1.665485
-2.618776,0.183730,-1.668390
-2.616758,0.180496,-1.671296
-2.614732,0.177266,-1.674202
-2.612698,0.174039,-1.677109
-2.610656,0.170816,-1.680015
-2.608607,0.167597,-1.682923
-2.606550,0.164382,-1.685830
-2.604486,0.161170,-1.688738
-2.602413,0.157962,-1.691647
-2.600333,0.154758,-1.694556
-2.598245,0.151558,-1.697465
-2.596150,0.148362,-1.700374
-2.594047,0.145169,-1.703284
-2.591936,0.141981,-1.706195
-2.589817,0.138796,-1.709105
-2.587691,0.135615,-1.712016
-2.585557,0.132439,-1.714927
-2.583415,0.129266,-1.717839
-2.581265,0.126097,-1.720750
-2.579108,0.122933,-1.723662
-2.576943,0.119772,-1.726575
-2.574770,0.116616,-1.729487
-2.572590,0.113463,-1.732400
-2.570402,0.110315,-1.735313
-2.568206,0.107170,-1.738226
-2.566002,0.104030,-1.741139
-2.563791,0.100895,-1.744053
-2.561572,0.097763,-1.746967
-2.559345,0.094635,-1.749881
-2.557111,0.091512,-1.752795
-2.554869,0.088393,-1.755709
-2.552619,0.085278,-1.758624
-2.550361,0.082168,-1.761538
-2.548096,0.079062,-1.764453
-2.545823,0.075960,-1.767368
-2.543542,0.072863,-1.770283
-2.541254,0.069770,-1.773198
-2.538958,0.066681,-1.776113
-2.536654,0.063597,-1.779029
-2.534343,0.060517,-1.781944
-2.532024,0.057442,-1.784859
-2.529697,0.054371,-1.787775
-2.527362,0.051305,-1.790690
-2.525020,0.048243,-1.793606
-2.522670,0.045186,-1.796521
-2.520312,0.042133,-1.799437
-2.517947,0.039085,-1.802352
-2.515574,0.036042,-1.805268
-2.513193,0.033003,-1.808183
-2.510805,0.029969,-1.811099
-2.508409,0.026939,-1.814014
-2.506005,0.023915,-1.816929
-2.503594,0.020895,-1.819845
-2.501175,0.017880,-1.822760
-2.498748,0.014869,-1.825675
-2.496313,0.011864,-1.828590
-2.493871,0.008863,-1.831505
-2.491422,0.005867,-1.834420
-2.488964,0.002876,-1.837334
-2.486499,-0.000111,-1.840249
-2.484027,-0.003092,-1.843163
-2.481546,-0.006068,-1.846078
-2.479058,-0.009040,-1.848992
-2.476563,-0.012006,-1.851906
-2.474059,-0.014968,-1.854819
-2.471548,-0.017924,-1.857733
-2.469030,-0.020876,-1.860646
-2.466504,-0.023822,-1.863559
-2.463970,-0.026763,-1.866472
-2.461429,-0.029700,-1.869385
-2.458880,-0.032631,-1.872297
-2.456323,-0.035557,-1.875209
-2.453759,-0.038477,-1.878121
-2.451187,-0.041393,-1.881032
-2.448607,-0.044303,-1.883944
-2.446020,-0.047208,-1.886855
-2.443426,-0.050108,-1.889765
-2.440824,-0.053003,-1.892676
-2.438214,-0.055892,-1.895586
-2.435596,-0.058776,-1.898495
-2.432971,-0.061655,-1.901404
-2.430339,-0.064528,-1.904313
-2.427699,-0.067396,-1.907222
-2.425051,-0.070258,-1.910130
-2.422396,-0.073115,-1.913038
-2.419733,-0.075966,-1.915945
-2.417063,-0.078812,-1.918852
-2.414385,-0.081653,-1.921758
-2.411700,-0.084488,-1.924665
-2.409007,-0.087317,-1.927570
-2.406306,-0.090141,-1.930475
-2.403598,-0.092959,-1.933380
-2.400883,-0.095772,-1.936284
-2.398160,-0.098579,-1.939188
-2.395429,-0.101380,-1.942091
-2.392691,-0.104176,-1.944994
-2.389946,-0.106965,-1.947896
-2.387193,-0.109750,-1.950797
-2.384432,-0.112528,-1.953698
-2.381665,-0.115301,-1.956599
-2.378889,-0.118067,-1.959499
-2.376106,-0.120828,-1.962398
-2.373316,-0.123583,-1.965297
-2.370518,-0.126333,-1.968195
-2.367713,-0.129076,-1.971093
-2.364900,-0.131813,-1.973990
-2.362080,-0.134545,-1.976886
-2.359253,-0.137270,-1.979781
-2.356418,-0.139990,-1.982676
-2.353576,-0.142703,-1.985571
-2.350726,-0.145411,-1.988464
-2.347869,-0.148112,-1.991357
-2.345004,-0.150807,-1.994250
-2.342132,-0.153497,-1.997141
-2.339253,-0.156180,-2.000032
-2.336367,-0.158857,-2.002922
-2.333473,-0.161527,-2.005812
-2.330571,-0.164192,-2.008700
-2.327663,-0.166850,-2.011588
-2.324747,-0.169502,-2.014475
-2.321823,-0.172148,-2.017362
-2.318893,-0.174787,-2.020247
-2.315955,-0.177421,-2.023132
-2.313009,-0.180047,-2.026016
-2.310057,-0.182668,-2.028899
-2.307097,-0.185282,-2.031781
-2.304130,-0.187890,-2.034662
-2.301155,-0.190491,-2.037543
-2.298173,-0.193086,-2.040423
-2.295185,-0.195674,-2.043302
-2.292188,-0.198256,-2.046179
-2.289185,-0.200831,-2.049056
-2.286174,-0.203400,-2.051933
-2.283156,-0.205962,-2.054808
-2.280131,-0.208518,-2.057682
-2.277099,-0.211067,-2.060555
-2.274059,-0.213609,-2.063428
-2.271013,-0.216145,-2.066299
-2.267959,-0.218674,-2.069169
-2.264898,-0.221196,-2.072039
-2.261830,-0.223711,-2.074907
-2.258754,-0.226220,-2.077775
-2.255672,-0.228722,-2.080641
-2.252582,-0.231217,-2.083506
-2.249485,-0.233705,-2.086371
-2.246382,-0.236187,-2.089234
-2.243271,-0.238662,-2.092096
-2.240153,-0.241129,-2.094957
-2.237027,-0.243590,-2.097817
-2.233895,-0.246044,-2.100676
-2.230756,-0.248491,-2.103534
-2.227610,-0.250930,-2.106391
-2.224456,-0.253363,-2.109246
-2.221296,-0.255789,-2.112101
-2.218129,-0.258208,-2.114954
-2.214954,-0.260619,-2.117806
-2.211773,-0.263024,-2.120657
-2.208585,-0.265421,-2.123507
-2.205389,-0.267812,-2.126356
-2.202187,-0.270195,-2.129203
-2.198978,-0.272570,-2.132049
-2.195761,-0.274939,-2.134894
-2.192538,-0.277300,-2.137738
-2.189308,-0.279654,-2.140580
-2.186071,-0.282001,-2.143422
-2.182827,-0.284341,-2.146262
-2.179577,-0.286673,-2.149100
-2.176319,-0.288998,-2.151938
-2.173055,-0.291315,-2.154774
-2.169783,-0.293625,-2.157608
-2.166505,-0.295927,-2.160442
-2.163220,-0.298222,-2.163274
-2.159928,-0.300510,-2.166105
-2.156630,-0.302790,-2.168934
-2.153324,-0.305062,-2.171762
-2.150012,-0.307327,-2.174589
-2.146693,-0.309585,-2.177414
-2.143368,-0.311834,-2.180238
-2.140035,-0.314077,-2.183060
-2.136696,-0.316311,-2.185881
-2.133350,-0.318538,-2.188701
-2.129998,-0.320757,-2.191519
-2.126639,-0.322968,-2.194336
-2.123273,-0.325172,-2.197151
-2.119900,-0.327368,-2.199965
-2.116521,-0.329556,-2.202777
-2.113135,-0.331736,-2.205588
-2.109743,-0.333908,-2.208397
-2.106344,-0.336073,-2.211204
-2.102938,-0.338230,-2.214011
-2.099526,-0.340378,-2.216815
-2.096107,-0.342519,-2.219618
-2.092682,-0.344652,-2.222420
-2.089250,-0.346777,-2.225220
-2.085811,-0.348894,-2.228018
-2.082366,-0.351003,-2.230815
-2.078915,-0.353103,-2.233610
-2.075457,-0.355196,-2.236403
-2.071993,-0.357281,-2.239195
-2.068522,-0.359357,-2.241986
-2.065045,-0.361426,-2.244774
-2.061561,-0.363486,-2.247561
-2.058071,-0.365538,-2.250346
-2.054574,-0.367582,-2.253130
-2.051072,-0.369617,-2.255912
-2.047562,-0.371645,-2.258692
-2.044047,-0.373664,-2.261470
-2.040525,-0.375674,-2.264247
-2.036997,-0.377677,-2.267022
-2.033462,-0.379671,-2.269795
-2.029921,-0.381656,-2.272567
-2.026374,-0.383634,-2.275336
-2.022821,-0.385603,-2.278104
-2.019261,-0.387563,-2.280870
-2.015696,-0.389515,-2.283634
-2.012124,-0.391458,-2.286397
-2.008546,-0.393393,-2.289158
-2.004961,-0.395320,-2.291916
-2.001371,-0.397238,-2.294673
-1.997774,-0.399147,-2.297428
-1.994171,-0.401048,-2.300181
-1.990563,-0.402940,-2.302933
-1.986948,-0.404823,-2.305682
-1.983327,-0.406698,-2.308430
-1.979699,-0.408564,-2.311175
-1.976066,-0.410421,-2.313919
-1.972427,-0.412270,-2.316661
-1.968782,-0.414110,-2.319400
-1.965131,-0.415941,-2.322138
-1.961474,-0.417763,-2.324874
-1.957811,-0.419576,-2.327608
-1.954142,-0.421381,-2.330340
-1.950467,-0.423177,-2.333070
-1.946786,-0.424963,-2.335797
-1.943099,-0.426741,-2.338523
-1.939407,-0.428510,-2.341247
-1.935708,-0.430270,-2.343969
-1.932004,-0.432021,-2.346688
-1.928294,-0.433763,-2.349406
-1.924578,-0.435496,-2.352121
-1.920856,-0.437220,-2.354835
-1.917129,-0.438935,-2.357546
-1.913396,-0.440640,-2.360255
-1.909657,-0.442337,-2.362962
-1.905912,-0.444024,-2.365667
-1.902162,-0.445703,-2.368370
-1.898406,-0.447372,-2.371070
-1.894645,-0.449032,-2.373769
-1.890877,-0.450682,-2.376465
-1.887105,-0.452324,-2.379159
-1.883326,-0.453956,-2.381851
-1.879542,-0.455578,-2.384540
-1.875753,-0.457192,-2.387228
-1.871958,-0.458796,-2.389913
-1.868157,-0.460391,-2.392596
-1.864351,-0.461976,-2.395277
-1.860540,-0.463552,-2.397955
-1.856723,-0.465119,-2.400631
-1.852900,-0.466676,-2.403305
-1.849072,-0.468223,-2.405976
-1.845239,-0.469762,-2.408645
-1.841401,-0.471290,-2.411312
-1.837557,-0.472809,-2.413977
-1.833707,-0.474319,-2.416639
-1.829853,-0.475819,-2.419299
-1.825993,-0.477309,-2.421956
-1.822128,-0.478790,-2.424611
-1.818258,-0.480261,-2.427264
-1.814382,-0.481722,-2.429914
-1.810501,-0.483174,-2.432562
-1.806615,-0.484616,-2.435207
-1.802724,-0.486048,-2.437850
-1.798828,-0.487470,-2.440491
-1.794926,-0.488883,-2.443129
-1.791020,-0.490286,-2.445765
-1.787108,-0.491679,-2.448398
-1.783192,-0.493062,-2.451028
-1.779270,-0.494436,-2.453656
-1.775343,-0.495799,-2.456282
-1.771411,-0.497153,-2.458905
-1.767475,-0.498496,-2.461526
-1.763533,-0.499830,-2.464144
-1.759587,-0.501154,-2.466759
-1.755635,-0.502468,-2.469372
-1.751679,-0.503771,-2.471982
-1.747718,-0.505065,-2.474590
-1.743752,-0.506349,-2.477195
-1.739781,-0.507622,-2.479798
-1.735805,-0.508886,-2.482398
-1.731825,-0.510139,-2.484995
-1.727839,-0.511383,-2.487589
-1.723850,-0.512616,-2.490181
-1.719855,-0.513839,-2.492771
-1.715856,-0.515052,-2.495357
-1.711852,-0.516254,-2.497941
-1.707843,-0.517447,-2.500522
-1.703830,-0.518629,-2.503101
-1.699812,-0.519800,-2.505677
-1.695790,-0.520962,-2.508250
-1.691763,-0.522113,-2.510820
-1.687732,-0.523254,-2.513388
-1.683696,-0.524384,-2.515952
-1.679656,-0.525505,-2.518514
-1.675611,-0.526614,-2.521074
-1.671562,-0.527714,-2.523630
-1.667508,-0.528803,-2.526184
-1.663450,-0.529881,-2.528734
-1.659388,-0.530949,-2.531282
-1.655321,-0.532006,-2.533827
-1.651250,-0.533053,-2.536370
-1.647175,-0.534090,-2.538909
-1.643096,-0.535116,-2.541446
-1.639012,-0.536131,-2.543979
-1.634924,-0.537136,-2.546510
-1.630832,-0.538130,-2.549038
-1.626736,-0.539113,-2.551563
-1.622636,-0.540086,-2.554085
-1.618531,-0.541048,-2.556604
-1.614423,-0.542000,-2.559120
-1.610310,-0.542940,-2.561633
-1.606194,-0.543870,-2.564143
-1.602073,-0.544790,-2.566650
-1.597949,-0.545698,-2.569155
-1.593820,-0.546596,-2.571656
-1.589688,-0.547483,-2.574154
-1.585551,-0.548359,-2.576649
-1.581411,-0.549224,-2.579141
-1.577267,-0.550079,-2.581630
-1.573119,-0.550922,-2.584116
-1.568968,-0.551755,-2.586599
-1.564812,-0.552577,-2.589079
-1.560653,-0.553387,-2.591556
-1.556491,-0.554187,-2.594030
-1.552324,-0.554976,-2.596500
-1.548154,-0.555754,-2.598968
-1.543980,-0.556521,-2.601432
-1.539803,-0.557277,-2.603893
-1.535622,-0.558022,-2.606351
-1.531437,-0.558755,-2.608806
-1.527249,-0.559478,-2.611257
-1.523058,-0.560190,-2.613706
-1.518863,-0.560890,-2.616151
-1.514664,-0.561580,-2.618593
-1.510462,-0.562258,-2.621032
-1.506257,-0.562925,-2.623468
-1.502048,-0.563581,-2.625900
-1.497836,-0.564225,-2.628329
-1.493621,-0.564859,-2.630755
-1.489403,-0.565481,-2.633177
-1.485181,-0.566092,-2.635597
-1.480956,-0.566692,-2.638013
-1.476728,-0.567280,-2.640425
-1.472496,-0.567857,-2.642835
-1.468262,-0.568423,-2.645241
-1.464024,-0.568978,-2.647643
-1.459783,-0.569521,-2.650043
-1.455540,-0.570052,-2.652439
-1.451293,-0.570573,-2.654831
-1.447043,-0.571082,-2.657220
-1.442790,-0.571579,-2.659606
-1.438535,-0.572065,-2.661989
-1.434276,-0.572540,-2.664368
-1.430015,-0.573003,-2.666743
-1.425750,-0.573455,-2.669115
-1.421483,-0.573895,-2.671484
-1.417213,-0.574324,-2.673849
-1.412941,-0.574741,-2.676211
-1.408665,-0.575146,-2.678569
-1.404387,-0.575540,-2.680924
-1.400106,-0.575923,-2.683275
-1.395823,-0.576293,-2.685623
-1.391537,-0.576653,-2.687968
-1.387248,-0.577000,-2.690308
-1.382957,-0.577336,-2.692645
-1.378663,-0.577660,-2.694979
-1.374367,-0.577973,-2.697309
-1.370068,-0.578274,-2.699636
-1.365767,-0.578563,-2.701959
-1.361464,-0.578841,-2.704278
-1.357158,-0.579106,-2.706594
-1.352849,-0.579360,-2.708906
-1.348539,-0.579602,-2.711214
-1.344226,-0.579833,-2.713519
-1.339911,-0.580051,-2.715820
-1.335593,-0.580258,-2.718118
-1.331274,-0.580453,-2.720412
-1.326952,-0.580636,-2.722702
-1.322628,-0.580808,-2.724989
-1.318302,-0.580967,-2.727271
-1.313974,-0.581115,-2.729550
-1.309644,-0.581250,-2.731826
-1.305312,-0.581374,-2.734098
-1.300978,-0.581486,-2.736365
-1.296642,-0.581586,-2.738630
-1.292305,-0.581674,-2.740890
-1.287965,-0.581749,-2.743147
-1.283623,-0.581813,-2.745399
-1.279280,-0.581865,-2.747649
-1.274934,-0.581905,-2.749894
-1.270588,-0.581933,-2.752135
-1.266239,-0.581949,-2.754373
-1.261888,-0.581953,-2.756607
-1.257536,-0.581945,-2.758836
-1.253183,-0.581924,-2.761063
-1.248827,-0.581892,-2.763285
-1.244471,-0.581847,-2.765503
-1.240112,-0.581791,-2.767717
-1.235752,-0.581722,-2.769928
-1.231391,-0.581641,-2.772135
-1.227028,-0.581548,-2.774337
-1.222664,-0.581443,-2.776536
-1.218299,-0.581325,-2.778731
-1.213932,-0.581196,-2.780922
-1.209564,-0.581054,-2.783109
-1.205194,-0.580900,-2.785292
-1.200823,-0.580734,-2.787471
-1.196452,-0.580555,-2.789646
-1.192079,-0.580364,-2.791817
-1.187704,-0.580161,-2.793984
-1.183329,-0.579946,-2.796147
-1.178953,-0.579719,-2.798306
-1.174575,-0.579479,-2.800460
-1.170197,-0.579227,-2.802611
-1.165817,-0.578962,-2.804758
-1.161437,-0.578685,-2.806901
-1.157056,-0.578396,-2.809039
-1.152674,-0.578094,-2.811174
-1.148291,-0.577781,-2.813304
-1.143907,-0.577454,-2.815430
-1.139523,-0.577116,-2.817553
-1.135137,-0.576764,-2.819671
-1.130751,-0.576401,-2.821785
-1.126365,-0.576025,-2.823894
-1.121978,-0.575637,-2.826000
-1.117590,-0.575236,-2.828101
-1.113201,-0.574823,-2.830198
-1.108812,-0.574397,-2.832291
-1.104423,-0.573959,-2.834380
-1.100033,-0.573508,-2.836465
-1.095643,-0.573045,-2.838545
-1.091252,-0.572569,-2.840621
-1.086861,-0.572081,-2.842693
-1.082469,-0.571580,-2.844761
-1.078078,-0.571067,-2.846824
-1.073686,-0.570541,-2.848883
-1.069294,-0.570003,-2.850938
-1.064901,-0.569452,-2.852989
-1.060509,-0.568889,-2.855035
-1.056116,-0.568313,-2.857077
-1.051723,-0.567724,-2.859114
-1.047331,-0.567123,-2.861148
-1.042938,-0.566509,-2.863176
-1.038545,-0.565882,-2.865201
-1.034153,-0.565243,-2.867221
-1.029760,-0.564592,-2.869237
-1.025368,-0.563927,-2.871248
-1.020975,-0.563250,-2.873255
-1.016583,-0.562561,-2.875258
-1.012192,-0.561858,-2.877256
-1.007800,-0.561143,-2.879250
-1.003409,-0.560415,-2.881239
-0.999018,-0.559675,-2.883224
-0.994627,-0.558922,-2.885204
-0.990237,-0.558156,-2.887180
-0.985848,-0.557378,-2.889152
-0.981458,-0.556587,-2.891119
-0.977070,-0.555783,-2.893081
-0.972682,-0.554966,-2.895039
-0.968294,-0.554137,-2.896993
-0.963908,-0.553294,-2.898942
-0.959521,-0.552439,-2.900886
-0.955136,-0.551572,-2.902826
-0.950751,-0.550691,-2.904761
-0.946367,-0.549798,-2.906692
-0.941984,-0.548892,-2.908618
-0.937602,-0.547973,-2.910540
-0.933221,-0.547042,-2.912457
-0.928840,-0.546097,-2.914369
-0.924461,-0.545140,-2.916277
-0.920082,-0.544170,-2.918180
-0.915705,-0.543187,-2.920079
-0.911329,-0.542192,-2.921973
-0.906953,-0.541183,-2.923862
-0.902579,-0.540162,-2.925747
-0.898206,-0.539128,-2.927627
-0.893835,-0.538081,-2.929502
-0.889464,-0.537021,-2.931372
-0.885095,-0.535948,-2.933238
-0.880727,-0.534863,-2.935099
-0.876361,-0.533764,-2.936956
-0.871996,-0.532653,-2.938807
-0.867633,-0.531529,-2.940654
-0.863270,-0.530392,-2.942497
-0.858910,-0.529242,-2.944334
-0.854551,-0.528079,-2.946167
-0.850194,-0.526903,-2.947995
-0.845838,-0.525715,-2.949818
-0.841484,-0.524513,-2.951636
-0.837131,-0.523299,-2.953450
-0.832781,-0.522071,-2.955258
-0.828432,-0.520831,-2.957062
-0.824085,-0.519578,-2.958861
-0.819740,-0.518312,-2.960655
-0.815397,-0.517033,-2.962445
-0.811055,-0.515741,-2.964229
-0.806716,-0.514436,-2.966009
-0.802379,-0.513118,-2.967784
-0.798043,-0.511788,-2.969554
-0.793710,-0.510444,-2.971319
-0.789379,-0.509087,-2.973079
-0.785050,-0.507718,-2.974834
-0.780723,-0.506335,-2.976584
-0.776399,-0.504940,-2.978329
-0.772077,-0.503531,-2.980070
-0.767757,-0.502110,-2.981805
-0.763440,-0.500676,-2.983535
-0.759124,-0.499229,-2.985261
-0.754812,-0.497768,-2.986981
-0.750502,-0.496295,-2.988697
-0.746194,-0.494809,-2.990407
-0.741889,-0.493310,-2.992113
-0.737586,-0.491798,-2.993813
-0.733286,-0.490273,-2.995508
-0.728989,-0.488735,-2.997199
-0.724695,-0.487184,-2.998884
-0.720403,-0.485620,-3.000564
-0.716114,-0.484043,-3.002240
-0.711828,-0.482453,-3.003910
-0.707544,-0.480851,-3.005575
-0.703264,-0.479235,-3.007235
-0.698987,-0.477606,-3.008890
-0.694712,-0.475964,-3.010539
-0.690441,-0.474310,-3.012184
-0.686172,-0.472642,-3.013823
-0.681907,-0.470961,-3.015458
-0.677645,-0.469268,-3.017087
-0.673386,-0.467561,-3.018711
-0.669130,-0.465842,-3.020330
-0.664877,-0.464109,-3.021944
-0.660628,-0.462364,-3.023552
-0.656382,-0.460605,-3.025155
-0.652140,-0.458834,-3.026753
-0.647900,-0.457050,-3.028346
-0.643665,-0.455252,-3.029934
-0.639433,-0.453442,-3.031517
-0.635204,-0.451619,-3.033094
-0.630979,-0.449783,-3.034666
-0.626757,-0.447934,-3.036232
-0.622539,-0.446072,-3.037794
-0.618325,-0.444197,-3.039350
-0.614115,-0.442309,-3.040901
-0.609908,-0.440408,-3.042447
-0.605705,-0.438494,-3.043987
-0.601506,-0.436567,-3.045522
-0.597311,-0.434627,-3.047052
-0.593120,-0.432675,-3.048576
-0.588933,-0.430709,-3.050095
-0.584750,-0.428730,-3.051609
-0.580570,-0.426739,-3.053117
-0.576395,-0.424735,-3.054620
-0.572224,-0.422717,-3.056118
-0.568057,-0.420687,-3.057610
-0.563895,-0.418644,-3.059097
-0.559736,-0.416588,-3.060578
-0.555582,-0.414519,-3.062054
-0.551433,-0.412437,-3.063525
-0.547287,-0.410342,-3.064990
-0.543146,-0.408235,-3.066450
-0.539010,-0.406114,-3.067904
-0.534878,-0.403981,-3.069353
-0.530750,-0.401835,-3.070796
-0.526627,-0.399676,-3.072234
-0.522509,-0.397504,-3.073667
-0.518395,-0.395319,-3.075094
-0.514286,-0.393121,-3.076515
-0.510182,-0.390910,-3.077931
-0.506082,-0.388687,-3.079342
-0.501987,-0.386451,-3.080747
-0.497898,-0.384202,-3.082146
-0.493813,-0.381940,-3.083540
-0.489732,-0.379665,-3.084929
-0.485657,-0.377377,-3.086312
-0.481587,-0.375077,-3.087689
-0.477522,-0.372764,-3.089061
-0.473462,-0.370438,-3.090427
-0.469407,-0.368099,-3.091787
-0.465358,-0.365747,-3.093142
-0.461313,-0.363383,-3.094492
-0.457274,-0.361006,-3.095836
-0.453240,-0.358616,-3.097174
-0.449211,-0.356213,-3.098506
-0.445188,-0.353798,-3.099833
-0.441170,-0.351370,-3.101154
-0.437158,-0.348929,-3.102470
-0.433151,-0.346475,-3.103780
-0.429150,-0.344009,-3.105084
-0.425154,-0.341530,-3.106383
-0.421164,-0.339038,-3.107676
-0.417179,-0.336534,-3.108963
-0.413201,-0.334017,-3.110245
-0.409228,-0.331487,-3.111520
-0.405260,-0.328945,-3.112791
-0.401299,-0.326390,-3.114055
-0.397343,-0.323822,-3.115314
-0.393393,-0.321241,-3.116567
-0.389450,-0.318648,-3.117814
-0.385512,-0.316043,-3.119055
-0.381580,-0.313425,-3.120291
-0.377654,-0.310794,-3.121521
-0.373735,-0.308150,-3.122745
-0.369821,-0.305494,-3.123963
-0.365914,-0.302826,-3.125176
-0.362013,-0.300144,-3.126382
-0.358118,-0.297451,-3.127583
-0.354229,-0.294744,-3.128778
-0.350347,-0.292026,-3.129968
-0.346471,-0.289294,-3.131151
-0.342602,-0.286550,-3.132329
-0.338739,-0.283794,-3.133500
-0.334883,-0.281025,-3.134666
-0.331033,-0.278244,-3.135826
-0.327190,-0.275450,-3.136980
-0.323353,-0.272644,-3.138129
-0.319523,-0.269825,-3.139271
-0.315700,-0.266994,-3.140408
-0.311883,-0.264150,-3.141538
-0.308073,-0.261294,-3.142663
-0.304270,-0.258426,-3.143782
-0.300474,-0.255545,-3.144894
-0.296685,-0.252652,-3.146001
-0.292903,-0.249747,-3.147102
-0.289128,-0.246829,-3.148197
-0.285360,-0.243899,-3.149286
-0.281599,-0.240956,-3.150369
-0.277845,-0.238002,-3.151446
-0.274098,-0.235035,-3.152517
-0.270358,-0.232055,-3.153583
-0.266626,-0.229064,-3.154642
-0.262901,-0.226060,-3.155695
-0.259183,-0.223044,-3.156742
-0.255472,-0.220015,-3.157783
-0.251769,-0.216975,-3.158818
-0.248074,-0.213922,-3.159847
-0.244385,-0.210857,-3.160870
-0.240705,-0.207780,-3.161887
-0.237032,-0.204690,-3.162898
-0.233366,-0.201589,-3.163903
-0.229708,-0.198476,-3.164901
-0.226058,-0.195350,-3.165894
-0.222416,-0.192212,-3.166881
-0.218781,-0.189062,-3.167861
-0.215154,-0.185900,-3.168835
-0.211535,-0.182726,-3.169804
-0.207924,-0.179540,-3.170766
-0.204321,-0.176342,-3.171722
-0.200725,-0.173132,-3.172672
-0.197138,-0.169910,-3.173616
-0.193559,-0.166676,-3.174553
-0.189988,-0.163430,-3.175485
-0.186424,-0.160173,-3.176410
-0.182870,-0.156903,-3.177329
-0.179323,-0.153621,-3.178242
-0.175784,-0.150327,-3.179149
-0.172254,-0.147022,-3.180049
-0.168732,-0.143705,-3.180944
-0.165219,-0.140375,-3.181832
-0.161714,-0.137034,-3.182714
-0.158217,-0.133682,-3.183590
-0.154729,-0.130317,-3.184459
-0.151249,-0.126941,-3.185323
-0.147778,-0.123553,-3.186180
-0.144316,-0.120153,-3.187031
-0.140862,-0.116741,-3.187875
-0.137417,-0.113318,-3.188714
-0.133980,-0.109883,-3.189546
-0.130553,-0.106437,-3.190372
-0.127134,-0.102978,-3.191191
-0.123724,-0.099508,-3.192004
-0.120322,-0.096027,-3.192811
-0.116930,-0.092534,-3.193612
-0.113547,-0.089029,-3.194406
-0.110172,-0.085513,-3.195195
-0.106807,-0.081986,-3.195976
-0.103451,-0.078446,-3.196752
-0.100104,-0.074896,-3.197521
-0.096766,-0.071334,-3.198283
-0.093437,-0.067760,-3.199040
-0.090118,-0.064175,-3.199790
-0.086808,-0.060579,-3.200534
-0.083507,-0.056971,-3.201271
-0.080215,-0.053352,-3.202002
-0.076933,-0.049721,-3.202726
-0.073660,-0.046079,-3.203445
-0.070397,-0.042426,-3.204156
-0.067143,-0.038762,-3.204862
-0.063899,-0.035086,-3.205561
-0.060664,-0.031399,-3.206253
-0.057439,-0.027701,-3.206940
-0.054224,-0.023992,-3.207619
-0.051018,-0.020271,-3.208293
-0.047822,-0.016539,-3.208959
-0.044636,-0.012797,-3.209620
-0.041460,-0.009043,-3.210274
-0.038294,-0.005278,-3.210921
-0.035137,-0.001502,-3.211562
-0.031991,0.002285,-3.212197
-0.028854,0.006083,-3.212825
-0.025727,0.009893,-3.213447
-0.022611,0.013713,-3.214062
-0.019504,0.017544,-3.214671
-0.016408,0.021386,-3.215273
-0.013322,0.025238,-3.215868
-0.010246,0.029102,-3.216458
-0.007180,0.032977,-3.217040
-0.004125,0.036862,-3.217616
-0.001080,0.040758,-3.218186
0.001955,0.044665,-3.218749
0.004979,0.048583,-3.219305
0.007993,0.052512,-3.219855
0.010996,0.056451,-3.220399
0.013989,0.060401,-3.220935
0.016972,0.064361,-3.221466
0.019943,0.068333,-3.221989
0.022905,0.072315,-3.222506
0.025855,0.076307,-3.223017
0.028795,0.080310,-3.223521
0.031724,0.084323,-3.224018
0.034642,0.088347,-3.224509
0.037549,0.092382,-3.224993
0.040446,0.096427,-3.225470
0.043332,0.100482,-3.225941
0.046206,0.104548,-3.226406
0.049070,0.108624,-3.226863
0.051923,0.112711,-3.227314
0.054765,0.116808,-3.227758
0.057595,0.120915,-3.228196
0.060415,0.125032,-3.228627
0.063223,0.129160,-3.229051
0.066020,0.133298,-3.229469
0.068806,0.137446,-3.229880
0.071581,0.141604,-3.230285
0.074344,0.145773,-3.230682
0.077096,0.149951,-3.231073
0.079837,0.154140,-3.231457
0.082566,0.158339,-3.231835
0.085284,0.162547,-3.232206
0.087990,0.166766,-3.232570
0.090685,0.170995,-3.232927
0.093368,0.175233,-3.233278
0.096040,0.179482,-3.233622
0.098700,0.183740,-3.233959
0.094752,0.173927,-3.232947
0.090851,0.164006,-3.231783
0.086979,0.153978,-3.230485
0.083121,0.143846,-3.229069
0.079263,0.133613,-3.227548
0.075391,0.123281,-3.225935
0.071493,0.112851,-3.224241
0.067560,0.102325,-3.222475
0.063588,0.091707,-3.220646
0.059579,0.081006,-3.218761
0.055539,0.070227,-3.216827
0.051468,0.059376,-3.214850
0.047371,0.048460,-3.212835
0.043248,0.037483,-3.210788
0.039102,0.026451,-3.208712
0.034934,0.015367,-3.206611
0.030746,0.004236,-3.204490
0.026537,-0.006939,-3.202351
0.022310,-0.018155,-3.200197
0.018064,-0.029407,-3.198031
0.013800,-0.040693,-3.195855
0.009519,-0.052011,-3.193672
0.005221,-0.063358,-3.191482
0.000908,-0.074732,-3.189289
-0.003421,-0.086131,-3.187093
-0.007765,-0.097554,-3.184896
-0.012123,-0.108998,-3.182699
-0.016495,-0.120463,-3.180503
-0.020880,-0.131946,-3.178309
-0.021006,-0.141392,-3.179395
-0.018968,-0.149803,-3.182147
-0.016841,-0.158176,-3.184971
-0.014637,-0.166518,-3.187860
-0.012363,-0.174830,-3.190807
-0.010026,-0.183117,-3.193808
-0.007633,-0.191380,-3.196856
-0.005190,-0.199624,-3.199949
-0.002703,-0.207849,-3.203081
-0.000176,-0.216059,-3.206249
0.002386,-0.224255,-3.209450
0.004981,-0.232438,-3.212682
0.007603,-0.240611,-3.215940
0.010250,-0.248775,-3.219224
0.012919,-0.256930,-3.222531
0.015608,-0.265079,-3.225859
0.018314,-0.273222,-3.229206
0.021036,-0.281359,-3.232571
0.023771,-0.289493,-3.235952
0.026518,-0.297623,-3.239349
0.029275,-0.305750,-3.242759
0.032042,-0.313875,-3.246183
0.034816,-0.321998,-3.249618
0.037597,-0.330120,-3.253065
0.040384,-0.338241,-3.256522
0.043176,-0.346362,-3.259990
0.045973,-0.354483,-3.263466
0.048773,-0.362604,-3.266951
0.051576,-0.370725,-3.270444
0.054381,-0.378847,-3.273945
0.057188,-0.386970,-3.277453
0.059997,-0.395094,-3.280968
0.062806,-0.403220,-3.284489
0.065617,-0.411347,-3.288017
0.068428,-0.419475,-3.291551
0.071239,-0.427606,-3.295091
0.074049,-0.435738,-3.298636
0.076860,-0.443872,-3.302186
0.079670,-0.452008,-3.305742
0.082479,-0.460147,-3.309302
0.085287,-0.468287,-3.312868
0.088094,-0.476430,-3.316438
0.090900,-0.484575,-3.320012
0.093705,-0.492723,-3.323591
0.096508,-0.500873,-3.327174
0.099310,-0.509025,-3.330762
0.102110,-0.517180,-3.334353
0.104909,-0.525337,-3.337949
0.107706,-0.533497,-3.341548
0.110501,-0.541659,-3.345151
0.113294,-0.549824,-3.348758
0.116085,-0.557992,-3.352369
0.118875,-0.566162,-3.355983
0.121663,-0.574334,-3.359601
0.124448,-0.582510,-3.363223
0.127232,-0.590688,-3.366848
0.130014,-0.598868,-3.370476
0.132794,-0.607052,-3.374108
0.135572,-0.615237,-3.377743
0.138347,-0.623426,-3.381382
0.141121,-0.631617,-3.385024
0.143893,-0.639811,-3.388669
0.146662,-0.648007,-3.392317
0.149430,-0.656206,-3.395968
0.152195,-0.664408,-3.399623
0.154958,-0.672612,-3.403280
0.157720,-0.680819,-3.406941
0.160479,-0.689028,-3.410605
0.163236,-0.697240,-3.414271
0.165991,-0.705455,-3.417941
0.168744,-0.713672,-3.421614
0.171495,-0.721892,-3.425289
0.174244,-0.730115,-3.428968
0.176991,-0.738340,-3.432649
0.179736,-0.746568,-3.436333
0.182478,-0.754798,-3.440020
0.185219,-0.763031,-3.443710
0.187958,-0.771266,-3.447403
0.190694,-0.779504,-3.451098
0.193429,-0.787745,-3.454796
0.196161,-0.795988,-3.458497
0.198892,-0.804233,-3.462200
0.201621,-0.812481,-3.465906
0.204347,-0.820732,-3.469615
0.207072,-0.828985,-3.473327
0.209794,-0.837241,-3.477041
0.212515,-0.845499,-3.480757
0.215234,-0.853759,-3.484476
0.217950,-0.862023,-3.488198
0.220665,-0.870288,-3.491922
0.223378,-0.878556,-3.495649
0.226088,-0.886827,-3.499378
0.228797,-0.895100,-3.503110
0.231504,-0.903375,-3.506844
0.234209,-0.911653,-3.510580
0.236912,-0.919933,-3.514319
0.239613,-0.928216,-3.518060
0.242313,-0.936501,-3.521804
0.245010,-0.944788,-3.525550
0.247706,-0.953078,-3.529298
0.250399,-0.961371,-3.533049
0.253091,-0.969665,-3.536802
0.255781,-0.977962,-3.540557
0.258469,-0.986262,-3.544314
0.261155,-0.994563,-3.548074
0.263839,-1.002868,-3.551836
0.266522,-1.011174,-3.555600
0.269202,-1.019483,-3.559366
0.271881,-1.027794,-3.563134
0.274558,-1.036108,-3.566905
0.277233,-1.044423,-3.570677
0.279907,-1.052741,-3.574452
0.282578,-1.061062,-3.578229
0.285248,-1.069385,-3.582008
0.287916,-1.077710,-3.585789
0.290582,-1.086037,-3.589572
0.293247,-1.094366,-3.593357
0.295909,-1.102698,-3.597144
0.298570,-1.111032,-3.600933
0.301230,-1.119369,-3.604724
0.303887,-1.127707,-3.608517
0.306543,-1.136048,-3.612312
0.309197,-1.144391,-3.616109
0.311849,-1.152736,-3.619907
0.314499,-1.161084,-3.623708
0.317148,-1.169433,-3.627511
0.319795,-1.177785,-3.631315
0.322441,-1.186139,-3.635121
0.325084,-1.194496,-3.638929
0.327726,-1.202854,-3.642739
0.330367,-1.211215,-3.646551
0.333005,-1.219577,-3.650364
0.335642,-1.227942,-3.654179
0.338278,-1.236310,-3.657996
0.340911,-1.244679,-3.661815
0.343543,-1.253050,-3.665635
0.346174,-1.261424,-3.669458
0.348803,-1.269799,-3.673281
0.351430,-1.278177,-3.677107
0.354055,-1.286557,-3.680934
0.356679,-1.294939,-3.684763
0.359301,-1.303323,-3.688593
0.361922,-1.311709,-3.692426
0.364541,-1.320097,-3.696259
0.367158,-1.328488,-3.700095
0.369774,-1.336880,-3.703931
0.372388,-1.345274,-3.707770
0.375001,-1.353671,-3.711610
0.377612,-1.362069,-3.715452
0.380222,-1.370470,-3.719295
0.382830,-1.378873,-3.723139
0.385436,-1.387277,-3.726985
0.388041,-1.395684,-3.730833
0.390644,-1.404093,-3.734682
0.393246,-1.412503,-3.738533
0.395846,-1.420916,-3.742385
0.398445,-1.429331,-3.746238
0.401042,-1.437747,-3.750093
0.403638,-1.446166,-3.753949
0.406232,-1.454587,-3.757807
0.408825,-1.463009,-3.761666
0.411416,-1.471434,-3.765526
0.414005,-1.479860,-3.769388
0.416593,-1.488289,-3.773251
0.419180,-1.496719,-3.777116
0.421765,-1.505152,-3.780981
0.424349,-1.513586,-3.784849
0.426931,-1.522022,-3.788717
0.429512,-1.530460,-3.792587
0.432091,-1.538900,-3.796458
0.434669,-1.547342,-3.800330
0.437246,-1.555786,-3.804203
0.439821,-1.564232,-3.808078
0.442394,-1.572680,-3.811954
0.444966,-1.581129,-3.815831
0.447537,-1.589580,-3.819710
0.450106,-1.598034,-3.823589
0.452674,-1.606489,-3.827470
0.455240,-1.614946,-3.831352
0.457805,-1.623405,-3.835235
0.460369,-1.631865,-3.839120
0.462931,-1.640328,-3.843005
0.465492,-1.648792,-3.846892
0.468051,-1.657258,-3.850779
0.470609,-1.665726,-3.854668
0.473166,-1.674196,-3.858558
0.475721,-1.682668,-3.862449
0.478275,-1.691141,-3.866341
0.480827,-1.699616,-3.870234
0.483379,-1.708093,-3.874128
0.485928,-1.716572,-3.878024
0.488477,-1.725052,-3.881920
0.491024,-1.733535,-3.885817
0.493570,-1.742019,-3.889716
0.496114,-1.750505,-3.893615
0.498657,-1.758992,-3.897515
0.501199,-1.767482,-3.901417
0.503739,-1.775973,-3.905319
0.506279,-1.784465,-3.909222
0.508816,-1.792960,-3.913126
0.511353,-1.801456,-3.917032
0.513888,-1.809954,-3.920938
0.516422,-1.818454,-3.924845
0.518955,-1.826955,-3.928753
0.521486,-1.835458,-3.932662
0.523037,-1.839708,-3.934824
0.523482,-1.839168,-3.935017
0.523926,-1.838631,-3.935209
0.524367,-1.838096,-3.935400
0.524805,-1.837564,-3.935590
0.525242,-1.837035,-3.935779
0.525676,-1.836508,-3.935967
0.526107,-1.835985,-3.936154
0.526537,-1.835463,-3.936339
0.526964,-1.834945,-3.936524
0.527389,-1.834429,-3.936707
0.527812,-1.833916,-3.936890
0.528232,-1.833405,-3.937071
0.528651,-1.832897,-3.937252
0.529067,-1.832391,-3.937431
0.529481,-1.831889,-3.937610
0.529892,-1.831388,-3.937787
0.530302,-1.830890,-3.937963
0.530709,-1.830395,-3.938139
0.531114,-1.829903,-3.938313
0.531517,-1.829412,-3.938486
0.531918,-1.828925,-3.938659
0.532317,-1.828439,-3.938830
0.532714,-1.827957,-3.939000
0.533109,-1.827476,-3.939170
0.533501,-1.826999,-3.939338
0.533892,-1.826523,-3.939506
0.534280,-1.826050,-3.939673
0.534666,-1.825580,-3.939838
0.535051,-1.825112,-3.940003
0.535433,-1.824646,-3.940167
0.535813,-1.824183,-3.940329
0.536192,-1.823722,-3.940491
0.536568,-1.823263,-3.940652
0.536942,-1.822807,-3.940813
0.537315,-1.822353,-3.940972
0.537685,-1.821901,-3.941130
0.538053,-1.821452,-3.941287
0.538420,-1.821005,-3.941444
0.538784,-1.820560,-3.941600
0.539147,-1.820118,-3.941754
0.539508,-1.819677,-3.941908
0.539866,-1.819239,-3.942061
0.540223,-1.818804,-3.942213
0.540578,-1.818370,-3.942365
0.540932,-1.817939,-3.942515
0.541283,-1.817510,-3.942665
0.541632,-1.817083,-3.942813
0.541980,-1.816659,-3.942961
0.542326,-1.816236,-3.943108
0.542670,-1.815816,-3.943255
0.543012,-1.815398,-3.943400
0.543352,-1.814982,-3.943545
0.543691,-1.814568,-3.943688
0.544027,-1.814156,-3.943831
0.544362,-1.813746,-3.943974
0.544696,-1.813339,-3.944115
0.545027,-1.812933,-3.944256
0.545357,-1.812530,-3.944395
0.545685,-1.812129,-3.944534
0.546011,-1.811729,-3.944673
0.546336,-1.811332,-3.944810
0.546658,-1.810937,-3.944947
0.546979,-1.810544,-3.945083
0.547299,-1.810153,-3.945218
0.547617,-1.809764,-3.945352
0.547933,-1.809377,-3.945486
0.548247,-1.808991,-3.945619
0.548560,-1.808608,-3.945751
0.548871,-1.808227,-3.945883
0.549180,-1.807848,-3.946013
0.549488,-1.807471,-3.946143
0.549794,-1.807095,-3.946273
0.550099,-1.806722,-3.946401
0.550402,-1.806351,-3.946529
0.550703,-1.805981,-3.946656
0.551003,-1.805613,-3.946782
0.551301,-1.805247,-3.946908
0.551598,-1.804884,-3.947033
0.551893,-1.804522,-3.947157
0.552187,-1.804161,-3.947281
0.552478,-1.803803,-3.947404
0.552769,-1.803447,-3.947526
0.553058,-1.803092,-3.947647
0.553345,-1.802739,-3.947768
0.553631,-1.802388,-3.947889
0.553915,-1.802039,-3.948008
0.554198,-1.801692,-3.948127
0.554480,-1.801346,-3.948245
0.554760,-1.801002,-3.948363
0.555038,-1.800660,-3.948479
0.555315,-1.800320,-3.948596
0.555590,-1.799981,-3.948711
0.555864,-1.799645,-3.948826
0.556137,-1.799309,-3.948941
0.556408,-1.798976,-3.949054
0.556678,-1.798645,-3.949167
0.556946,-1.798315,-3.949280
0.557213,-1.797986,-3.949391
0.557479,-1.797660,-3.949503
0.557743,-1.797335,-3.949613
0.558005,-1.797012,-3.949723
0.558267,-1.796690,-3.949832
0.558527,-1.796371,-3.949941
0.558785,-1.796052,-3.950049
0.559042,-1.795736,-3.950157
0.559298,-1.795421,-3.950264
0.559553,-1.795108,-3.950370
0.559806,-1.794796,-3.950476
0.560058,-1.794486,-3.950581
0.560308,-1.794178,-3.950686
0.560558,-1.793871,-3.950790
0.560805,-1.793565,-3.950893
0.561052,-1.793262,-3.950996
0.561297,-1.792959,-3.951098
0.561541,-1.792659,-3.951200
0.561784,-1.792360,-3.951301
0.562025,-1.792062,-3.951402
0.562265,-1.791766,-3.951502
0.562504,-1.791472,-3.951601
0.562742,-1.791179,-3.951700
0.562978,-1.790888,-3.951798
0.563213,-1.790598,-3.951896
0.563447,-1.790309,-3.951994
0.563680,-1.790023,-3.952090
0.563911,-1.789737,-3.952187
0.564142,-1.789453,-3.952282
0.564371,-1.789171,-3.952378
0.564598,-1.788890,-3.952472
0.564825,-1.788610,-3.952566
0.565050,-1.788332,-3.952660
0.565275,-1.788055,-3.952753
0.565498,-1.787780,-3.952846
0.565720,-1.787506,-3.952938
0.565940,-1.787234,-3.953029
0.566160,-1.786963,-3.953120
0.566378,-1.786693,-3.953211
0.566595,-1.786425,-3.953301
0.566811,-1.786158,-3.953391
0.567026,-1.785893,-3.953480
0.567240,-1.785629,-3.953568
0.567453,-1.785366,-3.953657
0.567664,-1.785105,-3.953744
0.567875,-1.784845,-3.953831
0.568084,-1.784586,-3.953918
0.568292,-1.784329,-3.954004
0.568500,-1.784073,-3.954090
0.568706,-1.783818,-3.954175
0.568911,-1.783565,-3.954260
0.569114,-1.783313,-3.954344
0.569317,-1.783062,-3.954428
0.569519,-1.782813,-3.954512
0.569720,-1.782564,-3.954595
0.569919,-1.782318,-3.954677
0.570118,-1.782072,-3.954759
0.570315,-1.781828,-3.954841
0.570512,-1.781585,-3.954922
0.570707,-1.781343,-3.955002
0.570902,-1.781102,-3.955083
0.571095,-1.780863,-3.955163
0.571288,-1.780625,-3.955242
0.571479,-1.780388,-3.955321
0.571669,-1.780153,-3.955399
0.571859,-1.779918,-3.955478
0.572047,-1.779685,-3.955555
0.572234,-1.779453,-3.955632
0.572421,-1.779223,-3.955709
0.572606,-1.778993,-3.955786
0.572791,-1.778765,-3.955862
0.572974,-1.778538,-3.955937
0.573157,-1.778312,-3.956012
0.573338,-1.778087,-3.956087
0.573519,-1.777863,-3.956161
0.573698,-1.777641,-3.956235
0.573877,-1.777419,-3.956309
0.574055,-1.777199,-3.956382
0.574232,-1.776980,-3.956455
0.574408,-1.776762,-3.956527
0.574583,-1.776546,-3.956599
0.574757,-1.776330,-3.956671
0.574930,-1.776115,-3.956742
0.575102,-1.775902,-3.956812
0.575273,-1.775690,-3.956883
0.575444,-1.775478,-3.956953
0.575613,-1.775268,-3.957022
0.575782,-1.775059,-3.957092
0.575949,-1.774851,-3.957161
0.576116,-1.774644,-3.957229
0.576282,-1.774439,-3.957297
0.576447,-1.774234,-3.957365
0.576612,-1.774030,-3.957432
0.576775,-1.773828,-3.957499
0.576937,-1.773626,-3.957566
0.577099,-1.773426,-3.957632
0.577260,-1.773226,-3.957698
0.577420,-1.773028,-3.957764
0.577579,-1.772830,-3.957829
0.577737,-1.772634,-3.957894
0.577895,-1.772439,-3.957958
0.578051,-1.772244,-3.958022
0.578207,-1.772051,-3.958086
0.578362,-1.771859,-3.958150
0.578516,-1.771667,-3.958213
0.578669,-1.771477,-3.958276
0.578822,-1.771288,-3.958338
0.578974,-1.771099,-3.958400
0.579125,-1.770912,-3.958462
0.579275,-1.770726,-3.958523
0.579424,-1.770540,-3.958584
0.579573,-1.770356,-3.958645
0.579720,-1.770172,-3.958705
0.579867,-1.769990,-3.958766
0.580014,-1.769808,-3.958825
0.580159,-1.769627,-3.958885
0.580304,-1.769448,-3.958944
0.580448,-1.769269,-3.959003
0.580591,-1.769091,-3.959061
0.580733,-1.768914,-3.959119
0.580875,-1.768738,-3.959177
0.581016,-1.768563,-3.959235
0.581156,-1.768389,-3.959292
0.581296,-1.768215,-3.959349
0.581434,-1.768043,-3.959406
0.581572,-1.767872,-3.959462
0.581709,-1.767701,-3.959518
0.581846,-1.767531,-3.959574
0.581982,-1.767362,-3.959629
0.582117,-1.767195,-3.959684
0.582251,-1.767027,-3.959739
0.582385,-1.766861,-3.959793
0.582518,-1.766696,-3.959848
0.582650,-1.766531,-3.959901
0.582782,-1.766368,-3.959955
0.582913,-1.766205,-3.960008
0.583043,-1.766043,-3.960061
0.583173,-1.765882,-3.960114
0.583301,-1.765722,-3.960167
0.583430,-1.765562,-3.960219
0.583557,-1.765404,-3.960271
0.583684,-1.765246,-3.960322
0.583810,-1.765089,-3.960374
0.583935,-1.764933,-3.960425
0.584060,-1.764778,-3.960476
0.584184,-1.764623,-3.960526
0.584308,-1.764470,-3.960576
0.584431,-1.764317,-3.960626
0.584553,-1.764165,-3.960676
0.584675,-1.764013,-3.960726
0.584796,-1.763863,-3.960775
0.584916,-1.763713,-3.960824
0.585036,-1.763564,-3.960872
0.585155,-1.763416,-3.960921
0.585273,-1.763268,-3.960969
0.585391,-1.763122,-3.961017
0.585508,-1.762976,-3.961064
0.585625,-1.762831,-3.961112
0.585741,-1.762686,-3.961159
0.585856,-1.762543,-3.961206
0.585971,-1.762400,-3.961252
0.586085,-1.762258,-3.961299
0.586198,-1.762116,-3.961345
0.586311,-1.761976,-3.961391
0.586423,-1.761836,-3.961436
0.586535,-1.761697,-3.961481
0.586646,-1.761558,-3.961527
0.586757,-1.761421,-3.961571
0.586867,-1.761284,-3.961616
0.586976,-1.761147,-3.961660
0.587085,-1.761012,-3.961705
0.587193,-1.760877,-3.961749
0.587301,-1.760743,-3.961792
0.587408,-1.760609,-3.961836
0.587515,-1.760476,-3.961879
0.587621,-1.760344,-3.961922
0.587726,-1.760213,-3.961965
0.587831,-1.760082,-3.962007
0.587936,-1.759952,-3.962049
0.588039,-1.759823,-3.962091
0.588143,-1.759694,-3.962133
0.588245,-1.759566,-3.962175
0.588347,-1.759439,-3.962216
0.588449,-1.759312,-3.962257
0.588550,-1.759186,-3.962298
0.588651,-1.759061,-3.962339
0.588751,-1.758936,-3.962380
0.588850,-1.758812,-3.962420
0.588949,-1.758688,-3.962460
0.589048,-1.758566,-3.962500
0.589146,-1.758443,-3.962539
0.589243,-1.758322,-3.962579
0.589340,-1.758201,-3.962618
0.589436,-1.758081,-3.962657
0.589532,-1.757961,-3.962696
0.589628,-1.757842,-3.962734
0.589723,-1.757724,-3.962773
0.589817,-1.757606,-3.962811
0.589911,-1.757489,-3.962849
0.590004,-1.757373,-3.962887
0.590097,-1.757257,-3.962924
0.590190,-1.757141,-3.962962
0.590282,-1.757027,-3.962999
0.590373,-1.756913,-3.963036
0.590464,-1.756799,-3.963073
0.590555,-1.756686,-3.963109
0.590645,-1.756574,-3.963145
0.590734,-1.756462,-3.963182
0.590823,-1.756351,-3.963218
0.590912,-1.756240,-3.963253
0.591000,-1.756130,-3.963289
0.591088,-1.756021,-3.963324
0.591175,-1.755912,-3.963360
0.591262,-1.755804,-3.963395
0.591348,-1.755696,-3.963430
0.591434,-1.755589,-3.963464
0.591519,-1.755482,-3.963499
0.591604,-1.755376,-3.963533
0.591689,-1.755271,-3.963567
0.591773,-1.755166,-3.963601
0.591856,-1.755061,-3.963635
0.591940,-1.754957,-3.963668
0.592022,-1.754854,-3.963702
0.592105,-1.754751,-3.963735
0.592187,-1.754649,-3.963768
0.592268,-1.754547,-3.963801
0.592349,-1.754446,-3.963833
0.592430,-1.754346,-3.963866
0.592510,-1.754246,-3.963898
0.592590,-1.754146,-3.963930
0.592669,-1.754047,-3.963962
0.592748,-1.753948,-3.963994
0.592826,-1.753850,-3.964026
0.592904,-1.753753,-3.964057
0.592982,-1.753656,-3.964089
0.593059,-1.753559,-3.964120
0.593136,-1.753463,-3.964151
0.593213,-1.753368,-3.964181
0.593289,-1.753273,-3.964212
0.593364,-1.753178,-3.964243
0.593440,-1.753084,-3.964273
0.593514,-1.752991,-3.964303
0.593589,-1.752898,-3.964333
0.593663,-1.752805,-3.964363
0.593737,-1.752713,-3.964393
0.593810,-1.752621,-3.964422
0.593883,-1.752530,-3.964451
0.593955,-1.752440,-3.964481
0.594028,-1.752350,-3.964510
0.594099,-1.752260,-3.964539
0.594171,-1.752171,-3.964567
0.594242,-1.752082,-3.964596
0.594312,-1.751994,-3.964624
0.594383,-1.751906,-3.964653
0.594453,-1.751818,-3.964681
0.594522,-1.751731,-3.964709
0.594591,-1.751645,-3.964736
0.594660,-1.751559,-3.964764
0.594729,-1.751473,-3.964792
0.594797,-1.751388,-3.964819
0.594864,-1.751304,-3.964846
0.594932,-1.751219,-3.964873
0.594999,-1.751136,-3.964900
0.595065,-1.751052,-3.964927
0.595132,-1.750969,-3.964954
0.595198,-1.750887,-3.964980
0.595263,-1.750805,-3.965007
0.595329,-1.750723,-3.965033
0.595394,-1.750642,-3.965059
0.595458,-1.750561,-3.965085
0.595522,-1.750481,-3.965111
0.595586,-1.750401,-3.965137
0.595650,-1.750322,-3.965162
0.595713,-1.750242,-3.965187
0.595776,-1.750164,-3.965213
0.595839,-1.750085,-3.965238
0.595901,-1.750008,-3.965263
0.595963,-1.749930,-3.965288
0.596024,-1.749853,-3.965313
0.596086,-1.749776,-3.965337
0.596147,-1.749700,-3.965362
0.596207,-1.749624,-3.965386
0.596268,-1.749549,-3.965410
0.596328,-1.749474,-3.965434
0.596387,-1.749399,-3.965458
0.596447,-1.749325,-3.965482
0.596506,-1.749251,-3.965506
0.596565,-1.749178,-3.965529
0.596623,-1.749104,-3.965553
0.596681,-1.749032,-3.965576
0.596739,-1.748959,-3.965599
0.596796,-1.748887,-3.965622
0.596854,-1.748816,-3.965645
0.596911,-1.748745,-3.965668
0.596967,-1.748674,-3.965691
0.597024,-1.748603,-3.965714
0.597080,-1.748533,-3.965736
0.597135,-1.748463,-3.965758
0.597191,-1.748394,-3.965781
0.597246,-1.748325,-3.965803
0.597301,-1.748256,-3.965825
0.597355,-1.748188,-3.965847
0.597410,-1.748120,-3.965868
0.597464,-1.748053,-3.965890
0.597517,-1.747985,-3.965912
0.597571,-1.747918,-3.965933
0.597624,-1.747852,-3.965954
0.597677,-1.747786,-3.965976
0.597729,-1.747720,-3.965997
0.597782,-1.747654,-3.966018
0.597834,-1.747589,-3.966038
0.597886,-1.747525,-3.966059
0.597937,-1.747460,-3.966080
0.597988,-1.747396,-3.966100
0.598039,-1.747332,-3.966121
0.598090,-1.747269,-3.966141
0.598140,-1.747206,-3.966161
0.598191,-1.747143,-3.966181
0.598240,-1.747080,-3.966201
0.598290,-1.747018,-3.966221
0.598339,-1.746956,-3.966241
0.598389,-1.746895,-3.966261
0.598437,-1.746834,-3.966280
0.598486,-1.746773,-3.966300
0.598534,-1.746712,-3.966319
0.598582,-1.746652,-3.966338
0.598630,-1.746592,-3.966358
0.598678,-1.746533,-3.966377
0.598725,-1.746473,-3.966396
0.598772,-1.746414,-3.966414
0.598819,-1.746356,-3.966433
0.598866,-1.746297,-3.966452
0.598912,-1.746239,-3.966470
0.598958,-1.746182,-3.966489
0.599004,-1.746124,-3.966507
0.599050,-1.746067,-3.966525
0.599095,-1.746010,-3.966544
0.599140,-1.745954,-3.966562
0.599185,-1.745897,-3.966580
0.599230,-1.745841,-3.966598
0.599274,-1.745786,-3.966615
0.599318,-1.745730,-3.966633
0.599362,-1.745675,-3.966651
0.599406,-1.745620,-3.966668
0.599450,-1.745566,-3.966686
0.599493,-1.745512,-3.966703
0.599536,-1.745458,-3.966720
0.599579,-1.745404,-3.966737
0.599621,-1.745351,-3.966754
0.599664,-1.745298,-3.966771
0.599706,-1.745245,-3.966788
0.599748,-1.745192,-3.966805
0.599790,-1.745140,-3.966822
0.599831,-1.745088,-3.966838
0.599872,-1.745036,-3.966855
0.599913,-1.744985,-3.966871
0.599954,-1.744934,-3.966887
0.599995,-1.744883,-3.966904
0.600035,-1.744832,-3.966920
0.600076,-1.744782,-3.966936
0.600116,-1.744732,-3.966952
0.600155,-1.744682,-3.966968
0.600195,-1.744632,-3.966984
0.600234,-1.744583,-3.966999
0.600273,-1.744534,-3.967015
0.600312,-1.744485,-3.967031
0.600351,-1.744437,-3.967046
0.600390,-1.744388,-3.967061
0.600428,-1.744340,-3.967077
0.600466,-1.744292,-3.967092
0.600504,-1.744245,-3.967107
0.600542,-1.744198,-3.967122
0.600579,-1.744150,-3.967137
0.600617,-1.744104,-3.967152
0.600654,-1.744057,-3.967167
0.600691,-1.744011,-3.967182
0.600728,-1.743965,-3.967196
0.600764,-1.743919,-3.967211
0.600801,-1.743873,-3.967226
0.600837,-1.743828,-3.967240
0.600873,-1.743783,-3.967254
0.600909,-1.743738,-3.967269
0.600944,-1.743693,-3.967283
0.600980,-1.743649,-3.967297
0.601015,-1.743605,-3.967311
0.601050,-1.743561,-3.967325
0.601085,-1.743517,-3.967339
0.601120,-1.743474,-3.967353
0.601154,-1.743430,-3.967367
0.601188,-1.743387,-3.967380
0.601223,-1.743344,-3.967394
0.601257,-1.743302,-3.967408
0.601290,-1.743259,-3.967421
0.601324,-1.743217,-3.967435
0.601357,-1.743175,-3.967448
0.601391,-1.743134,-3.967461
0.601424,-1.743092,-3.967474
0.601457,-1.743051,-3.967488
0.601489,-1.743010,-3.967501
0.601522,-1.742969,-3.967514
0.601554,-1.742928,-3.967527
0.601587,-1.742888,-3.967539
0.601619,-1.742848,-3.967552
0.601651,-1.742808,-3.967565
0.601682,-1.742768,-3.967578
0.601714,-1.742729,-3.967590
0.601745,-1.742689,-3.967603
0.601776,-1.742650,-3.967615
0.601807,-1.742611,-3.967628
0.601838,-1.742572,-3.967640
0.601869,-1.742534,-3.967652
0.601900,-1.742495,-3.967664
0.601930,-1.742457,-3.967677
0.601960,-1.742419,-3.967689
0.601990,-1.742382,-3.967701
0.602020,-1.742344,-3.967713
0.602050,-1.742307,-3.967724
0.602080,-1.742270,-3.967736
0.602109,-1.742233,-3.967748
0.602139,-1.742196,-3.967760
0.602168,-1.742159,-3.967771
0.602197,-1.742123,-3.967783
0.602226,-1.742087,-3.967794
0.602254,-1.742051,-3.967806
0.602283,-1.742015,-3.967817
0.602311,-1.741979,-3.967829
0.602340,-1.741944,-3.967840
0.602368,-1.741909,-3.967851
0.602396,-1.741874,-3.967862
0.602423,-1.741839,-3.967873
0.602451,-1.741804,-3.967884
0.602479,-1.741769,-3.967895
0.602506,-1.741735,-3.967906
0.602533,-1.741701,-3.967917
0.602560,-1.741667,-3.967928
0.602587,-1.741633,-3.967939
0.602614,-1.741600,-3.967949
0.602641,-1.741566,-3.967960
0.602667,-1.741533,-3.967971
0.602694,-1.741500,-3.967981
0.602720,-1.741467,-3.967991
0.602746,-1.741434,-3.968002
0.602772,-1.741402,-3.968012
0.602798,-1.741369,-3.968023
0.602823,-1.741337,-3.968033
0.602849,-1.741305,-3.968043
0.602874,-1.741273,-3.968053
0.602900,-1.741241,-3.968063
0.602925,-1.741210,-3.968073
0.602950,-1.741178,-3.968083
0.602975,-1.741147,-3.968093
0.603000,-1.741116,-3.968103
0.603024,-1.741085,-3.968113
0.603049,-1.741054,-3.968123
0.603073,-1.741024,-3.968132
0.603097,-1.740993,-3.968142
0.603122,-1.740963,-3.968152
0.603146,-1.740933,-3.968161
0.603169,-1.740903,-3.968171
0.603193,-1.740873,-3.968180
0.603217,-1.740843,-3.968190
0.603240,-1.740814,-3.968199
0.603264,-1.740785,-3.968208
0.603287,-1.740755,-3.968217
0.603310,-1.740726,-3.968227
0.603333,-1.740698,-3.968236
0.603356,-1.740669,-3.968245
0.603379,-1.740640,-3.968254
0.603401,-1.740612,-3.968263
0.603424,-1.740584,-3.968272
0.603446,-1.740555,-3.968281
0.603469,-1.740528,-3.968290
0.603491,-1.740500,-3.968299
0.603513,-1.740472,-3.968307
0.603535,-1.740444,-3.968316
0.603557,-1.740417,-3.968325
0.603578,-1.740390,-3.968334
0.603600,-1.740363,-3.968342
0.603621,-1.740336,-3.968351
0.603643,-1.740309,-3.968359
0.603664,-1.740282,-3.968368
0.603685,-1.740256,-3.968376
0.603706,-1.740229,-3.968384
0.603727,-1.740203,-3.968393
0.603748,-1.740177,-3.968401
0.603769,-1.740151,-3.968409
0.603789,-1.740125,-3.968418
0.603810,-1.740099,-3.968426
0.603830,-1.740074,-3.968434
0.603850,-1.740048,-3.968442
0.603871,-1.740023,-3.968450
0.603891,-1.739998,-3.968458
0.603911,-1.739973,-3.968466
0.603930,-1.739948,-3.968474
0.603950,-1.739923,-3.968482
0.603970,-1.739898,-3.968489
0.603989,-1.739874,-3.968497
0.604009,-1.739849,-3.968505
0.604028,-1.739825,-3.968513
0.604047,-1.739801,-3.968520
0.604067,-1.739777,-3.968528
0.604086,-1.739753,-3.968535
0.604105,-1.739729,-3.968543
0.604123,-1.739706,-3.968551
0.604142,-1.739682,-3.968558
0.604161,-1.739659,-3.968565
0.604179,-1.739636,-3.968573
0.604198,-1.739612,-3.968580
0.604216,-1.739589,-3.968587
0.604234,-1.739566,-3.968595
0.604253,-1.739544,-3.968602
0.604271,-1.739521,-3.968609
0.604289,-1.739498,-3.968616
0.604306,-1.739476,-3.968623
0.604324,-1.739454,-3.968630
0.604342,-1.739432,-3.968637
0.604359,-1.739409,-3.968644
0.604377,-1.739387,-3.968651
0.604394,-1.739366,-3.968658
0.604412,-1.739344,-3.968665
0.604429,-1.739322,-3.968672
0.604446,-1.739301,-3.968679
0.604463,-1.739279,-3.968686
0.604480,-1.739258,-3.968692
0.604497,-1.739237,-3.968699
0.604514,-1.739216,-3.968706
0.604530,-1.739195,-3.968712
0.604547,-1.739174,-3.968719
0.604563,-1.739153,-3.968726
0.604580,-1.739133,-3.968732
0.604596,-1.739112,-3.968739
0.604612,-1.739092,-3.968745
0.604629,-1.739071,-3.968752
0.604645,-1.739051,-3.968758
0.604661,-1.739031,-3.968764
0.604677,-1.739011,-3.968771
0.604692,-1.738991,-3.968777
0.604708,-1.738972,-3.968783
0.604724,-1.738952,-3.968789
0.604739,-1.738932,-3.968796
0.604755,-1.738913,-3.968802
0.604770,-1.738894,-3.968808
0.604786,-1.738874,-3.968814
0.604801,-1.738855,-3.968820
0.604816,-1.738836,-3.968826
0.604831,-1.738817,-3.968832
0.604846,-1.738798,-3.968838
0.604861,-1.738779,-3.968844
0.604876,-1.738761,-3.968850
0.604891,-1.738742,-3.968856
0.604906,-1.738724,-3.968862
0.604920,-1.738705,-3.968868
0.604935,-1.738687,-3.968873
0.604949,-1.738669,-3.968879
0.604964,-1.738651,-3.968885
0.604978,-1.738633,-3.968891
0.604992,-1.738615,-3.968896
0.605006,-1.738597,-3.968902
0.605021,-1.738579,-3.968907
0.605035,-1.738562,-3.968913
0.605049,-1.738544,-3.968919
0.605062,-1.738527,-3.968924
0.605076,-1.738510,-3.968930
0.605090,-1.738492,-3.968935
0.605104,-1.738475,-3.968940
0.605117,-1.738458,-3.968946
0.605131,-1.738441,-3.968951
0.605144,-1.738424,-3.968957
0.605158,-1.738407,-3.968962
0.605171,-1.738391,-3.968967
0.605184,-1.738374,-3.968972
0.605197,-1.738358,-3.968978
0.605210,-1.738341,-3.968983
0.605223,-1.738325,-3.968988
0.605236,-1.738308,-3.968993
0.605249,-1.738292,-3.968998
0.605262,-1.738276,-3.969003
0.605275,-1.738260,-3.969009
0.605288,-1.738244,-3.969014
0.605300,-1.738228,-3.969019
0.605313,-1.738213,-3.969024
0.605325,-1.738197,-3.969029
0.605338,-1.738181,-3.969033
0.605350,-1.738166,-3.969038
0.605362,-1.738150,-3.969043
0.605375,-1.738135,-3.969048
0.605387,-1.738120,-3.969053
0.605399,-1.738104,-3.969058
0.605411,-1.738089,-3.969063
0.605423,-1.738074,-3.969067
0.605435,-1.738059,-3.969072
0.605447,-1.738044,-3.969077
0.605458,-1.738030,-3.969081
0.605470,-1.738015,-3.969086
0.605482,-1.738000,-3.969091
0.605493,-1.737986,-3.969095
0.605505,-1.737971,-3.969100
0.605516,-1.737957,-3.969105
0.605528,-1.737942,-3.969109
0.605539,-1.737928,-3.969114
0.605550,-1.737914,-3.969118
0.605562,-1.737900,-3.969123
0.605573,-1.737886,-3.969127
0.605584,-1.737872,-3.969131
0.605595,-1.737858,-3.969136
0.605606,-1.737844,-3.969140
0.605617,-1.737830,-3.969145
0.605628,-1.737817,-3.969149
0.605639,-1.737803,-3.969153
0.605650,-1.737789,-3.969157
0.605660,-1.737776,-3.969162
0.605671,-1.737763,-3.969166
0.605682,-1.737749,-3.969170
0.605692,-1.737736,-3.969174
0.605703,-1.737723,-3.969179
0.605713,-1.737710,-3.969183
0.605723,-1.737697,-3.969187
0.605734,-1.737684,-3.969191
0.605744,-1.737671,-3.969195
0.605754,-1.737658,-3.969199
0.605765,-1.737645,-3.969203
0.605775,-1.737632,-3.969207
0.605785,-1.737620,-3.969211
0.605795,-1.737607,-3.969215
0.605805,-1.737595,-3.969219
0.605815,-1.737582,-3.969223
0.605824,-1.737570,-3.969227
0.605834,-1.737558,-3.969231
0.605844,-1.737545,-3.969235
0.605854,-1.737533,-3.969239
0.605863,-1.737521,-3.969242
0.605873,-1.737509,-3.969246
0.605883,-1.737497,-3.969250
0.605892,-1.737485,-3.969254
0.605901,-1.737473,-3.969257
0.605911,-1.737461,-3.969261
0.605920,-1.737450,-3.969265
0.605930,-1.737438,-3.969269
0.605939,-1.737426,-3.969272
0.605948,-1.737415,-3.969276
0.605957,-1.737403,-3.969280
0.605966,-1.737392,-3.969283
0.605975,-1.737380,-3.969287
0.605984,-1.737369,-3.969290
0.605993,-1.737358,-3.969294
0.606002,-1.737347,-3.969298
0.606011,-1.737335,-3.969301
0.606020,-1.737324,-3.969305
0.606029,-1.737313,-3.969308
0.606037,-1.737302,-3.969311
0.606046,-1.737291,-3.969315
0.606055,-1.737281,-3.969318
0.606063,-1.737270,-3.969322
0.606072,-1.737259,-3.969325
0.606080,-1.737248,-3.969329
0.606089,-1.737238,-3.969332
0.606097,-1.737227,-3.969335
0.606106,-1.737217,-3.969339
0.606114,-1.737206,-3.969342
0.606122,-1.737196,-3.969345
0.606131,-1.737185,-3.969348
0.606139,-1.737175,-3.969352
0.606147,-1.737165,-3.969355
0.606155,-1.737155,-3.969358
0.606163,-1.737144,-3.969361
0.606171,-1.737134,-3.969365
0.606179,-1.737124,-3.969368
0.606187,-1.737114,-3.969371
0.606195,-1.737104,-3.969374
0.606203,-1.737095,-3.969377
0.606211,-1.737085,-3.969380
0.606218,-1.737075,-3.969383
0.606226,-1.737065,-3.969386
0.606234,-1.737056,-3.969389
0.606241,-1.737046,-3.969393
0.606249,-1.737036,-3.969396
0.606257,-1.737027,-3.969399
0.606264,-1.737017,-3.969402
0.606272,-1.737008,-3.969405
0.606279,-1.736999,-3.969407
0.606287,-1.736989,-3.969410
0.606294,-1.736980,-3.969413
0.606301,-1.736971,-3.969416
0.606309,-1.736962,-3.969419
0.606316,-1.736953,-3.969422
0.606323,-1.736943,-3.969425
0.606330,-1.736934,-3.969428
0.606337,-1.736925,-3.969431
0.606345,-1.736916,-3.969433
0.606352,-1.736908,-3.969436
0.606359,-1.736899,-3.969439
0.606366,-1.736890,-3.969442
0.606373,-1.736881,-3.969445
0.606380,-1.736872,-3.969447
0.606386,-1.736864,-3.969450
0.606393,-1.736855,-3.969453
0.606400,-1.736847,-3.969456
0.606407,-1.736838,-3.969458
0.606414,-1.736830,-3.969461
0.606420,-1.736821,-3.969464
0.606427,-1.736813,-3.969466
0.606434,-1.736804,-3.969469
0.606440,-1.736796,-3.969471
0.606447,-1.736788,-3.969474
0.606453,-1.736780,-3.969477
0.606460,-1.736772,-3.969479
0.606466,-1.736763,-3.969482
0.606473,-1.736755,-3.969484
0.606479,-1.736747,-3.969487
0.606486,-1.736739,-3.969489
0.606492,-1.736731,-3.969492
0.606498,-1.736723,-3.969494
0.606505,-1.736716,-3.969497
0.606511,-1.736708,-3.969499
0.606517,-1.736700,-3.969502
0.606523,-1.736692,-3.969504
0.606529,-1.736684,-3.969507
0.606535,-1.736677,-3.969509
0.606541,-1.736669,-3.969512
0.606547,-1.736662,-3.969514
0.606553,-1.736654,-3.969516
0.606559,-1.736646,-3.969519
0.606565,-1.736639,-3.969521
0.606571,-1.736632,-3.969523
0.606577,-1.736624,-3.969526
0.606583,-1.736617,-3.969528
0.606589,-1.736609,-3.969530
0.606595,-1.736602,-3.969533
0.606600,-1.736595,-3.969535
0.606606,-1.736588,-3.969537
0.606612,-1.736581,-3.969540
0.606618,-1.736573,-3.969542
0.606623,-1.736566,-3.969544
0.606629,-1.736559,-3.969546
0.606634,-1.736552,-3.969548
0.606640,-1.736545,-3.969551
0.606645,-1.736538,-3.969553
0.606651,-1.736531,-3.969555
0.606656,-1.736525,-3.969557
0.606662,-1.736518,-3.969559
0.606667,-1.736511,-3.969562
0.606673,-1.736504,-3.969564
0.606678,-1.736497,-3.969566
0.606683,-1.736491,-3.969568
0.606689,-1.736484,-3.969570
0.606694,-1.736478,-3.969572
0.606699,-1.736471,-3.969574
0.606704,-1.736464,-3.969576
0.606710,-1.736458,-3.969578
0.606715,-1.736451,-3.969580
0.606720,-1.736445,-3.969582
0.606725,-1.736439,-3.969584
0.606730,-1.736432,-3.969586
0.606735,-1.736426,-3.969588
0.606740,-1.736419,-3.969590
0.606745,-1.736413,-3.969592
0.606750,-1.736407,-3.969594
0.606755,-1.736401,-3.969596
0.606760,-1.736395,-3.969598
0.606765,-1.736388,-3.969600
0.606770,-1.736382,-3.969602
0.606775,-1.736376,-3.969604
0.606779,-1.736370,-3.969606
0.606784,-1.736364,-3.969608
0.606789,-1.736358,-3.969610
0.606794,-1.736352,-3.969612
0.606798,-1.736346,-3.969614
0.606803,-1.736340,-3.969615
0.606808,-1.736334,-3.969617
0.606812,-1.736329,-3.969619
0.606817,-1.736323,-3.969621
0.606822,-1.736317,-3.969623
0.606826,-1.736311,-3.969625
0.606831,-1.736306,-3.969626
0.606835,-1.736300,-3.969628
0.606840,-1.736294,-3.969630
0.606844,-1.736289,-3.969632
0.606849,-1.736283,-3.969634
0.606853,-1.736277,-3.969635
0.606858,-1.736272,-3.969637
0.606862,-1.736266,-3.969639
0.606866,-1.736261,-3.969641
0.606871,-1.736255,-3.969642
0.606875,-1.736250,-3.969644
0.606879,-1.736245,-3.969646
0.606883,-1.736239,-3.969647
0.606888,-1.736234,-3.969649
0.606892,-1.736229,-3.969651
0.606896,-1.736223,-3.969652
0.606900,-1.736218,-3.969654
0.606904,-1.736213,-3.969656
0.606909,-1.736208,-3.969657
0.606913,-1.736203,-3.969659
0.606917,-1.736197,-3.969661
0.606921,-1.736192,-3.969662
0.606925,-1.736187,-3.969664
0.606929,-1.736182,-3.969665
0.606933,-1.736177,-3.969667
0.606937,-1.736172,-3.969669
0.606941,-1.736167,-3.969670
0.606945,-1.736162,-3.969672
0.606949,-1.736157,-3.969673
0.606953,-1.736152,-3.969675
0.606957,-1.736147,-3.969676
0.606960,-1.736143,-3.969678
0.606964,-1.736138,-3.969679
0.606968,-1.736133,-3.969681
0.606972,-1.736128,-3.969682
0.606976,-1.736123,-3.969684
0.606979,-1.736119,-3.969685
0.606983,-1.736114,-3.969687
0.606987,-1.736109,-3.969688
0.606991,-1.736105,-3.969690
0.606994,-1.736100,-3.969691
0.606998,-1.736095,-3.969693
0.607002,-1.736091,-3.969694
0.607005,-1.736086,-3.969696
0.607009,-1.736082,-3.969697
0.607012,-1.736077,-3.969699
0.607016,-1.736073,-3.969700
0.607020,-1.736068,-3.969701
0.607023,-1.736064,-3.969703
0.607027,-1.736059,-3.969704
0.607030,-1.736055,-3.969706
0.607034,-1.736051,-3.969707
0.607037,-1.736046,-3.969708
0.607040,-1.736042,-3.969710
0.607044,-1.736038,-3.969711
0.607047,-1.736033,-3.969712
0.607051,-1.736029,-3.969714
0.607054,-1.736025,-3.969715
0.607057,-1.736021,-3.969716
0.607061,-1.736017,-3.969718
0.607064,-1.736012,-3.969719
0.607067,-1.736008,-3.969720
0.607071,-1.736004,-3.969722
0.607074,-1.736000,-3.969723
0.607077,-1.735996,-3.969724
0.607080,-1.735992,-3.969725
0.607084,-1.735988,-3.969727
0.607087,-1.735984,-3.969728
0.607090,-1.735980,-3.969729
0.607093,-1.735976,-3.969731
0.607096,-1.735972,-3.969732
0.607099,-1.735968,-3.969733
0.607103,-1.735964,-3.969734
0.607106,-1.735960,-3.969735
0.607109,-1.735956,-3.969737
0.607112,-1.735952,-3.969738
0.607115,-1.735949,-3.969739
0.607118,-1.735945,-3.969740
0.607121,-1.735941,-3.969742
0.607124,-1.735937,-3.969743
0.607127,-1.735933,-3.969744
0.607130,-1.735930,-3.969745
0.607133,-1.735926,-3.969746
0.607136,-1.735922,-3.969747
0.607139,-1.735919,-3.969749
0.607142,-1.735915,-3.969750
0.607144,-1.735911,-3.969751
0.607147,-1.735908,-3.969752
0.607150,-1.735904,-3.969753
0.607153,-1.735901,-3.969754
0.607156,-1.735897,-3.969755
0.607159,-1.735893,-3.969757
0.607161,-1.735890,-3.969758
0.607164,-1.735886,-3.969759
0.607167,-1.735883,-3.969760
0.607170,-1.735879,-3.969761
0.607173,-1.735876,-3.969762
0.607175,-1.735873,-3.969763
0.607178,-1.735869,-3.969764
0.607181,-1.735866,-3.969765
0.607183,-1.735862,-3.969766
0.607186,-1.735859,-3.969767
0.607189,-1.735856,-3.969768
0.607191,-1.735852,-3.969769
0.607194,-1.735849,-3.969771
0.607197,-1.735846,-3.969772
0.607199,-1.735843,-3.969773
0.607202,-1.735839,-3.969774
0.607204,-1.735836,-3.969775
0.607207,-1.735833,-3.969776
0.607209,-1.735830,-3.969777
0.607212,-1.735826,-3.969778
0.607215,-1.735823,-3.969779
0.607217,-1.735820,-3.969780
0.607220,-1.735817,-3.969781
0.607222,-1.735814,-3.969782
0.607224,-1.735811,-3.969783
0.607227,-1.735808,-3.969784
0.607229,-1.735805,-3.969785
0.607232,-1.735802,-3.969786
0.607234,-1.735798,-3.969786
0.607237,-1.735795,-3.969787
0.607239,-1.735792,-3.969788
0.607241,-1.735789,-3.969789
0.607244,-1.735786,-3.969790
0.607246,-1.735784,-3.969791
0.607248,-1.735781,-3.969792
0.607251,-1.735778,-3.969793
0.607253,-1.735775,-3.969794
0.607255,-1.735772,-3.969795
0.607258,-1.735769,-3.969796
0.607260,-1.735766,-3.969797
0.607262,-1.735763,-3.969798
0.607265,-1.735760,-3.969798
0.607267,-1.735758,-3.969799
0.607269,-1.735755,-3.969800
0.607271,-1.735752,-3.969801
0.607273,-1.735749,-3.969802
0.607276,-1.735746,-3.969803
0.607278,-1.735744,-3.969804
0.607280,-1.735741,-3.969805
0.607282,-1.735738,-3.969805
0.607284,-1.735736,-3.969806
0.607286,-1.735733,-3.969807
0.607289,-1.735730,-3.969808
0.607291,-1.735727,-3.969809
0.607293,-1.735725,-3.969810
0.607295,-1.735722,-3.969811
0.607297,-1.735720,-3.969811
0.607299,-1.735717,-3.969812
0.607301,-1.735714,-3.969813
0.607303,-1.735712,-3.969814
0.607305,-1.735709,-3.969815
0.607307,-1.735707,-3.969815
0.607309,-1.735704,-3.969816
0.607311,-1.735702,-3.969817
0.607313,-1.735699,-3.969818
0.607315,-1.735697,-3.969819
0.607317,-1.735694,-3.969819
0.607319,-1.735692,-3.969820
0.607321,-1.735689,-3.969821
0.607323,-1.735687,-3.969822
0.607325,-1.735684,-3.969823
0.607327,-1.735682,-3.969823
0.607329,-1.735679,-3.969824
0.607331,-1.735677,-3.969825
0.607333,-1.735675,-3.969826
0.607335,-1.735672,-3.969826
0.607337,-1.735670,-3.969827
0.607338,-1.735668,-3.969828
0.607340,-1.735665,-3.969829
0.607342,-1.735663,-3.969829
0.607344,-1.735661,-3.969830
0.607346,-1.735658,-3.969831
0.607348,-1.735656,-3.969831
0.607349,-1.735654,-3.969832
0.607351,-1.735651,-3.969833
0.607353,-1.735649,-3.969834
0.607355,-1.735647,-3.969834
0.607357,-1.735645,-3.969835
0.607358,-1.735643,-3.969836
0.607360,-1.735640,-3.969836
0.607362,-1.735638,-3.969837
0.607364,-1.735636,-3.969838
0.607365,-1.735634,-3.969838
0.607367,-1.735632,-3.969839
0.607369,-1.735629,-3.969840
0.607370,-1.735627,-3.969840
0.607372,-1.735625,-3.969841
0.607374,-1.735623,-3.969842
0.607375,-1.735621,-3.969842
0.607377,-1.735619,-3.969843
0.607379,-1.735617,-3.969844
0.607380,-1.735615,-3.969844
0.607382,-1.735613,-3.969845
0.607384,-1.735611,-3.969846
0.607385,-1.735609,-3.969846
0.607387,-1.735607,-3.969847
0.607389,-1.735605,-3.969848
0.607390,-1.735603,-3.969848
0.607392,-1.735601,-3.969849
0.607393,-1.735599,-3.969850
0.607395,-1.735597,-3.969850
0.607396,-1.735595,-3.969851
0.607398,-1.735593,-3.969851
0.607399,-1.735591,-3.969852
0.607401,-1.735589,-3.969853
0.607403,-1.735587,-3.969853
0.607404,-1.735585,-3.969854
0.607406,-1.735583,-3.969854
0.607407,-1.735581,-3.969855
0.607409,-1.735579,-3.969856
0.607410,-1.735577,-3.969856
0.607412,-1.735576,-3.969857
0.607413,-1.735574,-3.969857
0.607415,-1.735572,-3.969858
0.607416,-1.735570,-3.969859
0.607417,-1.735568,-3.969859
0.607419,-1.735566,-3.969860
0.607420,-1.735565,-3.969860
0.607422,-1.735563,-3.969861
0.607423,-1.735561,-3.969861
0.607425,-1.735559,-3.969862
0.607426,-1.735557,-3.969863
0.607427,-1.735556,-3.969863
0.607429,-1.735554,-3.969864
0.607430,-1.735552,-3.969864
0.607432,-1.735551,-3.969865
0.607433,-1.735549,-3.969865
0.607434,-1.735547,-3.969866
0.607436,-1.735545,-3.969866
0.607437,-1.735544,-3.969867
0.607438,-1.735542,-3.969867
0.607440,-1.735540,-3.969868
0.607441,-1.735539,-3.969868
0.607442,-1.735537,-3.969869
0.607444,-1.735535,-3.969869
0.607445,-1.735534,-3.969870
0.607446,-1.735532,-3.969871
0.607447,-1.735530,-3.969871
0.607449,-1.735529,-3.969872
0.607450,-1.735527,-3.969872
0.607451,-1.735526,-3.969873
0.607453,-1.735524,-3.969873
0.607454,-1.735522,-3.969874
0.607455,-1.735521,-3.969874
0.607456,-1.735519,-3.969875
0.607458,-1.735518,-3.969875
0.607700,-1.734797,-3.970113
0.608159,-1.733428,-3.970566
0.608813,-1.731474,-3.971210
0.609642,-1.728994,-3.972028
0.610627,-1.726039,-3.973000
0.611750,-1.722656,-3.974110
0.612996,-1.718887,-3.975345
0.614353,-1.714770,-3.976690
0.615806,-1.710339,-3.978133
0.617344,-1.705623,-3.979665
0.618958,-1.700650,-3.981275
0.620637,-1.695446,-3.982954
0.622374,-1.690032,-3.984695
0.624162,-1.684428,-3.986491
0.625992,-1.678653,-3.988334
0.627860,-1.672721,-3.990221
0.629759,-1.666649,-3.992144
0.631685,-1.660449,-3.994100
0.633633,-1.654133,-3.996084
0.635599,-1.647711,-3.998093
0.637581,-1.641194,-4.000123
0.639573,-1.634589,-4.002172
0.641574,-1.627905,-4.004236
0.643581,-1.621149,-4.006313
0.645592,-1.614327,-4.008400
0.647604,-1.607445,-4.010497
0.649616,-1.600507,-4.012601
0.651626,-1.593519,-4.014710
0.653632,-1.586485,-4.016823
0.655633,-1.579408,-4.018939
0.657628,-1.572293,-4.021056
0.659616,-1.565141,-4.023174
0.661595,-1.557956,-4.025292
0.663566,-1.550740,-4.027408
0.665526,-1.543496,-4.029522
0.667476,-1.536226,-4.031634
0.669414,-1.528930,-4.033742
0.671340,-1.521612,-4.035846
0.673254,-1.514273,-4.037946
0.675155,-1.506913,-4.040041
0.677042,-1.499535,-4.042130
0.678916,-1.492139,-4.044214
0.680775,-1.484726,-4.046293
0.682621,-1.477298,-4.048364
0.684451,-1.469854,-4.050430
0.686266,-1.462397,-4.052489
0.688066,-1.454926,-4.054540
0.689851,-1.447442,-4.056585
0.691620,-1.439945,-4.058622
0.693373,-1.432437,-4.060652
0.695110,-1.424917,-4.062674
0.696832,-1.417387,-4.064688
0.698536,-1.409846,-4.066694
0.700225,-1.402294,-4.068693
0.701896,-1.394733,-4.070683
0.703551,-1.387162,-4.072665
0.705190,-1.379582,-4.074639
0.706811,-1.371993,-4.076604
0.708416,-1.364395,-4.078561
0.710003,-1.356788,-4.080509
0.711574,-1.349173,-4.082449
0.713127,-1.341549,-4.084380
0.714663,-1.333918,-4.086303
0.716181,-1.326278,-4.088217
0.717683,-1.318631,-4.090122
0.719166,-1.310976,-4.092018
0.720633,-1.303313,-4.093906
0.722081,-1.295643,-4.095784
0.723513,-1.287966,-4.097654
0.724926,-1.280282,-4.099515
0.726322,-1.272590,-4.101366
0.727700,-1.264892,-4.103209
0.729060,-1.257186,-4.105043
0.730402,-1.249474,-4.106868
0.731727,-1.241755,-4.108683
0.733033,-1.234029,-4.110490
0.734322,-1.226297,-4.112287
0.735592,-1.218558,-4.114075
0.736845,-1.210812,-4.115854
0.738079,-1.203061,-4.117624
0.739295,-1.195303,-4.119385
0.740494,-1.187538,-4.121137
0.741673,-1.179768,-4.122879
0.742835,-1.171991,-4.124612
0.743978,-1.164209,-4.126335
0.745103,-1.156420,-4.128050
0.746210,-1.148626,-4.129755
0.747298,-1.140825,-4.131451
0.748368,-1.133019,-4.133137
0.749419,-1.125207,-4.134814
0.750452,-1.117389,-4.136482
0.751466,-1.109566,-4.138140
0.752462,-1.101737,-4.139789
0.753439,-1.093902,-4.141428
0.754397,-1.086062,-4.143058
0.755337,-1.078217,-4.144679
0.756258,-1.070366,-4.146290
0.757160,-1.062510,-4.147892
0.758044,-1.054649,-4.149484
0.758909,-1.046782,-4.151066
0.759755,-1.038910,-4.152639
0.760582,-1.031034,-4.154203
0.761390,-1.023152,-4.155757
0.762179,-1.015265,-4.157301
0.762949,-1.007373,-4.158836
0.763700,-0.999477,-4.160361
0.764433,-0.991575,-4.161877
0.765146,-0.983669,-4.163383
0.765840,-0.975758,-4.164879
0.766515,-0.967843,-4.166366
0.767170,-0.959922,-4.167843
0.767807,-0.951998,-4.169310
0.768424,-0.944068,-4.170767
0.769022,-0.936135,-4.172215
0.769601,-0.928197,-4.173653
0.770161,-0.920254,-4.175082
0.770701,-0.912308,-4.176501
0.771222,-0.904357,-4.177909
0.771723,-0.896402,-4.179308
0.772205,-0.888443,-4.180698
0.772668,-0.880480,-4.182077
0.773111,-0.872512,-4.183447
0.773534,-0.864541,-4.184807
0.773939,-0.856566,-4.186157
0.774323,-0.848587,-4.187497
0.774688,-0.840605,-4.188827
0.775033,-0.832619,-4.190148
0.775359,-0.824629,-4.191458
0.775665,-0.816635,-4.192759
0.775951,-0.808638,-4.194049
0.776217,-0.800637,-4.195330
0.776464,-0.792633,-4.196601
0.776691,-0.784626,-4.197862
0.776898,-0.776615,-4.199112
0.777085,-0.768601,-4.200353
0.777253,-0.760584,-4.201584
0.777400,-0.752564,-4.202805
0.777528,-0.744540,-4.204016
0.777635,-0.736514,-4.205217
0.777723,-0.728485,-4.206407
0.777791,-0.720452,-4.207588
0.777838,-0.712417,-4.208758
0.777866,-0.704379,-4.209919
0.777873,-0.696338,-4.211069
0.777861,-0.688295,-4.212210
0.777828,-0.680249,-4.213340
0.777775,-0.672200,-4.214460
0.777702,-0.664149,-4.215570
0.777609,-0.656096,-4.216669
0.777495,-0.648040,-4.217759
0.777361,-0.639982,-4.218838
0.777207,-0.631921,-4.219907
0.777033,-0.623859,-4.220966
0.776838,-0.615794,-4.222015
0.776623,-0.607727,-4.223053
0.776388,-0.599658,-4.224082
0.776132,-0.591587,-4.225100
0.775856,-0.583514,-4.226107
0.775559,-0.575440,-4.227105
0.775242,-0.567363,-4.228092
0.774905,-0.559285,-4.229069
0.774547,-0.551205,-4.230035
0.774168,-0.543124,-4.230992
0.773769,-0.535041,-4.231938
0.773349,-0.526956,-4.232873
0.772909,-0.518871,-4.233798
0.772448,-0.510783,-4.234713
0.771967,-0.502695,-4.235617
0.771465,-0.494605,-4.236511
0.770942,-0.486514,-4.237395
0.770398,-0.478422,-4.238268
0.769834,-0.470329,-4.239131
0.769249,-0.462235,-4.239983
0.768643,-0.454140,-4.240825
0.768016,-0.446045,-4.241657
0.767369,-0.437948,-4.242478
0.766701,-0.429851,-4.243288
0.766012,-0.421753,-4.244088
0.765302,-0.413654,-4.244878
0.764571,-0.405555,-4.245657
0.763820,-0.397455,-4.246425
0.763047,-0.389355,-4.247183
0.762254,-0.381255,-4.247930
0.761439,-0.373154,-4.248667
0.760604,-0.365053,-4.249394
0.759748,-0.356952,-4.250109
0.758870,-0.348851,-4.250814
0.757972,-0.340749,-4.251509
0.757053,-0.332648,-4.252193
0.756112,-0.324547,-4.252866
0.755151,-0.316446,-4.253529
0.754168,-0.308345,-4.254181
0.753165,-0.300245,-4.254822
0.752140,-0.292145,-4.255453
0.751094,-0.284045,-4.256073
0.750027,-0.275946,-4.256682
0.748938,-0.267847,-4.257281
0.747829,-0.259749,-4.257869
0.746698,-0.251651,-4.258446
0.745547,-0.243555,-4.259013
0.744374,-0.235459,-4.259568
0.743179,-0.227364,-4.260113
0.741964,-0.219270,-4.260648
0.740727,-0.211177,-4.261171
0.739469,-0.203085,-4.261684
0.738189,-0.194994,-4.262186
0.736889,-0.186904,-4.262678
0.735567,-0.178815,-4.263158
0.734223,-0.170728,-4.263628
0.732859,-0.162643,-4.264086
0.731473,-0.154558,-4.264534
0.730065,-0.146476,-4.264972
0.728636,-0.138394,-4.265398
0.727186,-0.130315,-4.265814
0.725715,-0.122237,-4.266218
0.724222,-0.114161,-4.266612
0.722707,-0.106087,-4.266995
0.721171,-0.098015,-4.267367
0.719614,-0.089945,-4.267728
0.718035,-0.081876,-4.268078
0.716435,-0.073810,-4.268417
0.714813,-0.065747,-4.268746
0.713170,-0.057685,-4.269063
0.711505,-0.049626,-4.269370
0.709818,-0.041569,-4.269665
0.708111,-0.033514,-4.269950
0.706381,-0.025462,-4.270224
0.704630,-0.017413,-4.270486
0.702858,-0.009367,-4.270738
0.701064,-0.001323,-4.270979
0.699248,0.006718,-4.271208
0.697411,0.014757,-4.271427
0.695552,0.022792,-4.271635
0.693672,0.030824,-4.271831
0.691770,0.038853,-4.272017
0.689846,0.046879,-4.272192
0.687901,0.054902,-4.272355
0.685934,0.062922,-4.272508
0.683946,0.070938,-4.272649
0.681936,0.078951,-4.272779
0.679904,0.086960,-4.272899
0.677851,0.094966,-4.273007
0.675776,0.102968,-4.273104
0.673679,0.110967,-4.273190
0.671560,0.118961,-4.273265
0.669420,0.126952,-4.273328
0.667259,0.134939,-4.273381
0.665075,0.142922,-4.273423
0.662870,0.150901,-4.273453
0.660643,0.158876,-4.273472
0.658395,0.166847,-4.273480
0.656125,0.174813,-4.273477
0.653833,0.182776,-4.273463
0.651519,0.190733,-4.273437
0.649184,0.198687,-4.273401
0.646827,0.206636,-4.273353
0.644448,0.214580,-4.273294
0.642048,0.222519,-4.273223
0.639626,0.230454,-4.273142
0.637182,0.238384,-4.273049
0.634716,0.246309,-4.272945
0.632229,0.254230,-4.272830
0.629720,0.262145,-4.272704
0.627189,0.270055,-4.272566
0.624636,0.277960,-4.272417
0.622062,0.285860,-4.272257
0.619466,0.293754,-4.272086
0.616848,0.301643,-4.271903
0.614209,0.309527,-4.271709
0.611548,0.317405,-4.271504
0.608865,0.325278,-4.271287
0.606160,0.333145,-4.271059
0.603434,0.341006,-4.270820
0.600686,0.348861,-4.270570
0.597916,0.356711,-4.270308
0.595124,0.364555,-4.270035
0.592311,0.372392,-4.269750
0.589476,0.380224,-4.269454
0.586619,0.388049,-4.269147
0.583741,0.395869,-4.268829
0.580840,0.403682,-4.268499
0.577919,0.411488,-4.268158
0.574975,0.419288,-4.267805
0.572010,0.427082,-4.267441
0.569023,0.434869,-4.267066
0.566014,0.442650,-4.266679
0.562984,0.450424,-4.266281
0.559931,0.458191,-4.265871
0.556858,0.465951,-4.265450
0.553762,0.473704,-4.265018
0.550645,0.481450,-4.264574
0.547506,0.489190,-4.264119
0.544346,0.496922,-4.263652
0.541164,0.504646,-4.263174
0.537960,0.512364,-4.262685
0.534735,0.520074,-4.262184
0.531487,0.527777,-4.261672
0.528219,0.535472,-4.261148
0.524928,0.543160,-4.260613
0.521616,0.550840,-4.260066
0.518283,0.558513,-4.259508
0.514928,0.566177,-4.258938
0.511551,0.573834,-4.258357
0.508153,0.581483,-4.257764
0.504733,0.589124,-4.257160
0.501291,0.596756,-4.256545
0.497828,0.604381,-4.255917
0.494344,0.611997,-4.255279
0.490837,0.619605,-4.254629
0.487310,0.627205,-4.253967
0.483760,0.634797,-4.253294
0.480190,0.642379,-4.252609
0.476597,0.649954,-4.251913
0.472984,0.657519,-4.251205
0.469348,0.665076,-4.250486
0.465692,0.672624,-4.249755
0.462014,0.680164,-4.249013
0.458314,0.687694,-4.248259
0.454593,0.695215,-4.247494
0.450850,0.702728,-4.246717
0.447086,0.710231,-4.245928
0.443301,0.717725,-4.245128
0.439494,0.725209,-4.244317
0.435666,0.732684,-4.243494
0.431817,0.740150,-4.242659
0.427946,0.747606,-4.241812
0.424054,0.755053,-4.240954
0.420141,0.762490,-4.240085
0.416206,0.769917,-4.239204
0.412250,0.777335,-4.238311
0.408272,0.784743,-4.237407
0.404274,0.792140,-4.236491
0.400254,0.799528,-4.235563
0.396213,0.806906,-4.234624
0.392151,0.814273,-4.233674
0.388067,0.821630,-4.232711
0.383962,0.828977,-4.231737
0.379837,0.836314,-4.230752
0.375690,0.843640,-4.229755
0.371521,0.850955,-4.228746
0.367332,0.858260,-4.227726
0.363122,0.865555,-4.226693
0.358890,0.872838,-4.225650
0.354638,0.880111,-4.224594
0.350364,0.887373,-4.223527
0.346070,0.894624,-4.222449
0.341754,0.901864,-4.221359
0.337417,0.909093,-4.220257
0.333060,0.916310,-4.219143
0.328681,0.923517,-4.218018
0.324282,0.930712,-4.216881
0.319861,0.937895,-4.215733
0.315420,0.945068,-4.214572
0.310958,0.952228,-4.213401
0.306475,0.959377,-4.212217
0.301971,0.966515,-4.211022
0.297446,0.973641,-4.209815
0.292901,0.980754,-4.208597
0.288335,0.987856,-4.207366
0.283748,0.994946,-4.206125
0.279140,1.002024,-4.204871
0.274512,1.009090,-4.203606
0.269863,1.016144,-4.202329
0.265193,1.023185,-4.201040
0.260502,1.030214,-4.199740
0.255791,1.037231,-4.198428
0.251060,1.044235,-4.197104
0.246308,1.051227,-4.195769
0.241535,1.058206,-4.194422
0.236742,1.065173,-4.193063
0.231928,1.072126,-4.191693
0.227094,1.079067,-4.190311
0.222239,1.085995,-4.188917
0.217364,1.092910,-4.187511
0.212469,1.099812,-4.186094
0.207553,1.106701,-4.184665
0.202617,1.113577,-4.183225
0.197660,1.120439,-4.181772
0.192684,1.127288,-4.180308
0.187687,1.134124,-4.178833
0.182669,1.140946,-4.177345
0.177632,1.147755,-4.175846
0.172574,1.154550,-4.174335
0.167496,1.161331,-4.172813
0.162399,1.168099,-4.171278
0.157281,1.174853,-4.169732
0.152142,1.181593,-4.168174
0.146984,1.188319,-4.166605
0.141806,1.195031,-4.165024
0.136608,1.201728,-4.163431
0.131390,1.208412,-4.161826
0.126152,1.215081,-4.160210
0.120894,1.221736,-4.158582
0.115616,1.228377,-4.156942
0.110319,1.235003,-4.155291
0.105002,1.241615,-4.153628
0.099664,1.248212,-4.151953
0.094308,1.254794,-4.150266
0.088931,1.261362,-4.148568
0.083535,1.267915,-4.146858
0.078119,1.274453,-4.145136
0.072683,1.280976,-4.143403
0.067228,1.287484,-4.141657
0.061754,1.293977,-4.139900
0.056260,1.300454,-4.138132
0.050746,1.306917,-4.136351
0.045213,1.313364,-4.134559
0.039660,1.319796,-4.132756
0.034089,1.326212,-4.130940
0.028497,1.332613,-4.129113
0.022887,1.338998,-4.127274
0.017257,1.345368,-4.125423
0.011608,1.351722,-4.123561
0.005940,1.358060,-4.121687
0.000253,1.364382,-4.119801
-0.005454,1.370688,-4.117903
-0.011180,1.376979,-4.115994
-0.016924,1.383253,-4.114073
-0.022688,1.389511,-4.112140
-0.028471,1.395753,-4.110196
-0.034272,1.401978,-4.108240
-0.040093,1.408188,-4.106272
-0.045932,1.414380,-4.104293
-0.051791,1.420557,-4.102302
-0.057668,1.426717,-4.100299
-0.063563,1.432860,-4.098284
-0.069478,1.438986,-4.096258
-0.075411,1.445096,-4.094220
-0.081363,1.451189,-4.092170
-0.087334,1.457265,-4.090109
-0.093323,1.463324,-4.088035
-0.099330,1.469366,-4.085951
-0.105356,1.475391,-4.083854
-0.111401,1.481398,-4.081746
-0.117464,1.487389,-4.079626
-0.123545,1.493362,-4.077494
-0.129645,1.499318,-4.075351
-0.135763,1.505256,-4.073196
-0.141899,1.511177,-4.071030
-0.148053,1.517080,-4.068851
-0.154226,1.522966,-4.066661
-0.160416,1.528834,-4.064460
-0.166625,1.534684,-4.062246
-0.172852,1.540516,-4.060021
-0.179097,1.546330,-4.057785
-0.185359,1.552127,-4.055536
-0.191640,1.557905,-4.053276
-0.197938,1.563665,-4.051004
-0.204255,1.569407,-4.048721
-0.210589,1.575131,-4.046426
-0.216940,1.580836,-4.044119
-0.223310,1.586524,-4.041801
-0.229697,1.592192,-4.039471
-0.236102,1.597842,-4.037129
-0.242524,1.603474,-4.034776
-0.248964,1.609087,-4.032411
-0.255421,1.614681,-4.030035
-0.261896,1.620256,-4.027646
-0.268388,1.625813,-4.025247
-0.274897,1.631351,-4.022835
-0.281423,1.636869,-4.020412
-0.287967,1.642369,-4.017977
-0.294528,1.647850,-4.015531
-0.301106,1.653311,-4.013073
-0.307701,1.658753,-4.010603
-0.314314,1.664176,-4.008122
-0.320943,1.669580,-4.005629
-0.327589,1.674964,-4.003125
-0.334252,1.680328,-4.000609
-0.340932,1.685673,-3.998081
-0.347629,1.690999,-3.995542
-0.354342,1.696304,-3.992991
-0.361072,1.701590,-3.990429
-0.367819,1.706857,-3.987855
-0.374582,1.712103,-3.985269
-0.381362,1.717329,-3.982672
-0.388158,1.722536,-3.980063
-0.394971,1.727722,-3.977443
-0.401801,1.732888,-3.974811
-0.408646,1.738034,-3.972168
-0.415508,1.743160,-3.969513
-0.422386,1.748265,-3.966846
-0.429280,1.753350,-3.964168
-0.436191,1.758415,-3.961479
-0.443117,1.763459,-3.958777
-0.450060,1.768482,-3.956065
-0.457018,1.773485,-3.953340
-0.463992,1.778467,-3.950605
-0.470983,1.783429,-3.947857
-0.477989,1.788369,-3.945098
-0.485011,1.793289,-3.942328
-0.492048,1.798188,-3.939546
-0.499101,1.803065,-3.936753
-0.506170,1.807922,-3.933948
-0.513254,1.812758,-3.931132
-0.520354,1.817572,-3.928304
-0.527470,1.822365,-3.925464
-0.534600,1.827137,-3.922613
-0.541746,1.831887,-3.919751
-0.548907,1.836616,-3.916877
-0.556084,1.841324,-3.913992
-0.563275,1.846010,-3.911095
-0.570482,1.850674,-3.908187
-0.577704,1.855317,-3.905267
-0.584940,1.859938,-3.902336
-0.592192,1.864537,-3.899394
-0.599458,1.869115,-3.896440
-0.606740,1.873670,-3.893474
-0.614036,1.878204,-3.890498
-0.621347,1.882715,-3.887509
-0.628672,1.887204,-3.884510
-0.636012,1.891672,-3.881499
-0.643366,1.896117,-3.878476
-0.650735,1.900539,-3.875442
-0.658119,1.904940,-3.872397
-0.665516,1.909318,-3.869340
-0.672928,1.913673,-3.866272
-0.680354,1.918007,-3.863193
-0.687795,1.922317,-3.860102
-0.695249,1.926605,-3.857000
-0.702718,1.930870,-3.853886
-0.710200,1.935113,-3.850761
-0.717696,1.939333,-3.847625
-0.725207,1.943530,-3.844477
-0.732731,1.947704,-3.841318
-0.740268,1.951855,-3.838148
-0.747820,1.955983,-3.834967
-0.755385,1.960088,-3.831774
-0.762963,1.964170,-3.828569
-0.770555,1.968229,-3.825354
-0.778161,1.972264,-3.822127
-0.785780,1.976277,-3.818889
-0.793412,1.980266,-3.815640
-0.801057,1.984231,-3.812379
-0.808716,1.988173,-3.809107
-0.816387,1.992092,-3.805824
-0.824072,1.995987,-3.802529
-0.831769,1.999858,-3.799224
-0.839480,2.003706,-3.795907
-0.847203,2.007530,-3.792579
-0.854940,2.011330,-3.789239
-0.862688,2.015106,-3.785889
-0.870450,2.018859,-3.782527
-0.878224,2.022588,-3.779154
-0.886011,2.026292,-3.775769
-0.893810,2.029973,-3.772374
-0.901621,2.033629,-3.768967
-0.909445,2.037261,-3.765550
-0.917281,2.040869,-3.762121
-0.925129,2.044453,-3.758680
-0.932990,2.048013,-3.755229
-0.940862,2.051548,-3.751767
-0.948746,2.055059,-3.748293
-0.956643,2.058545,-3.744808
-0.964551,2.062007,-3.741312
-0.972471,2.065444,-3.737805
-0.980402,2.068857,-3.734287
-0.988346,2.072245,-3.730758
-0.996300,2.075608,-3.727218
-1.004267,2.078946,-3.723666
-1.012245,2.082260,-3.720104
-1.020234,2.085549,-3.716530
-1.028234,2.088813,-3.712946
-1.036246,2.092052,-3.709350
-1.044269,2.095266,-3.705743
-1.052303,2.098454,-3.702126
-1.060348,2.101618,-3.698497
-1.068404,2.104757,-3.694857
-1.076470,2.107870,-3.691206
-1.084548,2.110958,-3.687544
-1.092636,2.114021,-3.683871
-1.100735,2.117058,-3.680188
-1.108845,2.120070,-3.676493
-1.116965,2.123057,-3.672787
-1.125095,2.126018,-3.669070
-1.133236,2.128953,-3.665343
-1.141387,2.131863,-3.661604
-1.149549,2.134748,-3.657854
-1.157720,2.137606,-3.654094
-1.165902,2.140439,-3.650322
-1.174094,2.143246,-3.646540
-1.182295,2.146028,-3.642747
-1.190507,2.148783,-3.638943
-1.198728,2.151512,-3.635128
-1.206959,2.154216,-3.631302
-1.215200,2.156893,-3.627465
-1.223450,2.159545,-3.623617
-1.231710,2.162170,-3.619759
-1.239979,2.164769,-3.615890
-1.248257,2.167342,-3.612009
-1.256545,2.169889,-3.608118
-1.264842,2.172410,-3.604217
-1.273148,2.174904,-3.600304
-1.281463,2.177372,-3.596381
-1.289787,2.179813,-3.592446
-1.298120,2.182228,-3.588502
-1.306462,2.184617,-3.584546
-1.314813,2.186979,-3.580579
-1.323172,2.189314,-3.576602
-1.331540,2.191623,-3.572614
-1.339916,2.193905,-3.568616
-1.348301,2.196161,-3.564606
-1.356694,2.198389,-3.560586
-1.365095,2.200591,-3.556555
-1.373505,2.202766,-3.552514
-1.381922,2.204915,-3.548462
-1.390348,2.207036,-3.544399
-1.398782,2.209130,-3.540326
-1.407223,2.211198,-3.536241
-1.415673,2.213238,-3.532147
-1.424130,2.215251,-3.528041
-1.432595,2.217238,-3.523925
-1.441067,2.219197,-3.519799
-1.449547,2.221129,-3.515662
-1.458034,2.223033,-3.511514
-1.466529,2.224911,-3.507356
-1.475031,2.226761,-3.503187
-1.483540,2.228584,-3.499007
-1.492056,2.230379,-3.494817
-1.500579,2.232147,-3.490617
-1.509109,2.233887,-3.486406
-1.517646,2.235601,-3.482184
-1.526190,2.237286,-3.477952
-1.534740,2.238944,-3.473710
-1.543297,2.240574,-3.469457
-1.551861,2.242177,-3.465194
-1.560431,2.243752,-3.460920
-1.569008,2.245300,-3.456635
-1.577590,2.246819,-3.452341
-1.586179,2.248311,-3.448035
-1.594774,2.249775,-3.443720
-1.603375,2.251211,-3.439394
-1.611982,2.252620,-3.435057
-1.620595,2.254000,-3.430711
-1.629214,2.255353,-3.426354
-1.637839,2.256677,-3.421986
-1.646469,2.257974,-3.417608
-1.655104,2.259242,-3.413220
-1.663745,2.260483,-3.408822
-1.672392,2.261695,-3.404413
-1.681044,2.262879,-3.399994
-1.689701,2.264035,-3.395565
-1.698363,2.265163,-3.391125
-1.707030,2.266262,-3.386675
-1.715702,2.267333,-3.382215
-1.724379,2.268376,-3.377745
-1.733061,2.269391,-3.373264
-1.741748,2.270377,-3.368774
-1.750439,2.271335,-3.364273
-1.759135,2.272265,-3.359762
-1.767835,2.273165,-3.355240
-1.776539,2.274038,-3.350709
-1.785248,2.274882,-3.346167
-1.793961,2.275697,-3.341615
-1.802679,2.276484,-3.337054
-1.811400,2.277243,-3.332482
-1.820125,2.277972,-3.327899
-1.828854,2.278673,-3.323307
-1.837587,2.279346,-3.318705
-1.846323,2.279989,-3.314093
-1.855063,2.280604,-3.309470
-1.863807,2.281190,-3.304838
-1.872554,2.281747,-3.300195
-1.881304,2.282276,-3.295543
-1.890058,2.282776,-3.290881
-1.898815,2.283246,-3.286208
-1.907575,2.283688,-3.281526
-1.916338,2.284101,-3.276833
-1.925103,2.284485,-3.272131
-1.933872,2.284840,-3.267419
-1.942643,2.285166,-3.262697
-1.951417,2.285463,-3.257965
-1.960194,2.285731,-3.253223
-1.968973,2.285970,-3.248471
-1.977754,2.286180,-3.243709
-1.986538,2.286361,-3.238938
-1.995324,2.286513,-3.234156
-2.004112,2.286635,-3.229365
-2.012902,2.286728,-3.224564
-2.021694,2.286792,-3.219753
-2.030488,2.286827,-3.214932
-2.039284,2.286833,-3.210102
-2.048081,2.286809,-3.205262
-2.056880,2.286756,-3.200412
-2.065680,2.286674,-3.195552
-2.074482,2.286562,-3.190683
-2.083285,2.286421,-3.185804
-2.092089,2.286251,-3.180915
-2.100895,2.286051,-3.176016
-2.109701,2.285822,-3.171108
-2.118509,2.285563,-3.166191
-2.127317,2.285275,-3.161263
-2.136126,2.284958,-3.156326
-2.144936,2.284611,-3.151379
-2.153746,2.284234,-3.146423
-2.162557,2.283828,-3.141457
-2.171369,2.283392,-3.136482
-2.180180,2.282927,-3.131497
-2.188992,2.282433,-3.126502
-2.197804,2.281908,-3.121498
-2.206616,2.281354,-3.116485
-2.215428,2.280771,-3.111462
-2.224240,2.280158,-3.106429
-2.233052,2.279515,-3.101387
-2.241863,2.278843,-3.096336
-2.250674,2.278140,-3.091275
-2.259485,2.277409,-3.086205
-2.268294,2.276647,-3.081125
-2.277104,2.275856,-3.076036
-2.285912,2.275035,-3.070938
-2.294720,2.274184,-3.065830
-2.303526,2.273303,-3.060713
-2.312332,2.272393,-3.055586
-2.321136,2.271453,-3.050450
-2.329939,2.270483,-3.045305
-2.338741,2.269483,-3.040151
-2.347542,2.268454,-3.034987
-2.356341,2.267394,-3.029814
-2.365138,2.266305,-3.024632
-2.373934,2.265186,-3.019440
-2.382728,2.264037,-3.014240
-2.391520,2.262858,-3.009030
-2.400310,2.261649,-3.003811
-2.409098,2.260410,-2.998583
-2.417883,2.259142,-2.993345
-2.426667,2.257843,-2.988099
-2.435448,2.256515,-2.982843
-2.444227,2.255156,-2.977578
-2.453003,2.253768,-2.972305
-2.461777,2.252350,-2.967022
-2.470548,2.250901,-2.961730
-2.479316,2.249423,-2.956429
-2.488081,2.247915,-2.951119
-2.496843,2.246377,-2.945800
-2.505602,2.244809,-2.940472
-2.514358,2.243210,-2.935135
-2.523111,2.241582,-2.929789
-2.531860,2.239924,-2.924434
-2.540606,2.238236,-2.919070
-2.549348,2.236518,-2.913697
-2.558086,2.234769,-2.908315
-2.566821,2.232991,-2.902925
-2.575552,2.231183,-2.897525
-2.584279,2.229345,-2.892117
-2.593002,2.227476,-2.886700
-2.601721,2.225578,-2.881274
-2.610436,2.223649,-2.875839
-2.619146,2.221691,-2.870395
-2.627852,2.219702,-2.864943
-2.636553,2.217684,-2.859482
-2.645250,2.215635,-2.854012
-2.653942,2.213556,-2.848533
-2.662629,2.211448,-2.843046
-2.671312,2.209309,-2.837550
-2.679989,2.207140,-2.832046
-2.688661,2.204941,-2.826532
-2.697328,2.202712,-2.821010
-2.705990,2.200453,-2.815480
-2.714647,2.198164,-2.809941
-2.723298,2.195845,-2.804393
-2.731943,2.193495,-2.798836
-2.740583,2.191116,-2.793272
-2.749217,2.188707,-2.787698
-2.757846,2.186267,-2.782116
-2.766468,2.183798,-2.776526
-2.775084,2.181299,-2.770927
-2.783694,2.178769,-2.765319
-2.792298,2.176210,-2.759703
-2.800896,2.173620,-2.754079
-2.809487,2.171001,-2.748446
-2.818072,2.168351,-2.742805
-2.826650,2.165671,-2.737155
-2.835221,2.162962,-2.731498
-2.843786,2.160222,-2.725831
-2.852344,2.157453,-2.720157
-2.860894,2.154653,-2.714474
-2.869438,2.151823,-2.708782
-2.877974,2.148964,-2.703083
-2.886504,2.146074,-2.697375
-2.895025,2.143155,-2.691659
-2.903540,2.140205,-2.685935
-2.912046,2.137226,-2.680202
-2.920546,2.134217,-2.674462
-2.929037,2.131177,-2.668713
-2.937520,2.128108,-2.662956
-2.945996,2.125009,-2.657191
-2.954463,2.121880,-2.651417
-2.962923,2.118721,-2.645636
-2.971374,2.115532,-2.639847
-2.979817,2.112313,-2.634049
-2.988251,2.109065,-2.628243
-2.996677,2.105786,-2.622430
-3.005094,2.102478,-2.616608
-3.013502,2.099140,-2.610778
-3.021902,2.095772,-2.604941
-3.030293,2.092374,-2.599095
-3.038674,2.088947,-2.593242
-3.047047,2.085489,-2.587380
-3.055411,2.082002,-2.581511
-3.063765,2.078486,-2.575633
-3.072109,2.074939,-2.569748
-3.080445,2.071363,-2.563855
-3.088770,2.067757,-2.557954
-3.097086,2.064121,-2.552046
-3.105392,2.060456,-2.546129
-3.113689,2.056761,-2.540205
-3.121975,2.053036,-2.534273
-3.130251,2.049282,-2.528333
-3.138518,2.045498,-2.522386
-3.146773,2.041684,-2.516431
-3.155019,2.037841,-2.510468
-3.163254,2.033968,-2.504497
-3.171478,2.030066,-2.498519
-3.179692,2.026134,-2.492533
-3.187895,2.022173,-2.486540
-3.196088,2.018182,-2.480539
-3.204269,2.014162,-2.474530
-3.212439,2.010112,-2.468514
-3.220599,2.006033,-2.462490
-3.228747,2.001924,-2.456459
-3.236883,1.997786,-2.450420
-3.245008,1.993619,-2.444374
-3.253122,1.989422,-2.438320
-3.261224,1.985196,-2.432259
-3.269315,1.980941,-2.426191
-3.277393,1.976656,-2.420115
-3.285460,1.972342,-2.414031
-3.293515,1.967999,-2.407941
-3.301557,1.963627,-2.401843
-3.309588,1.959225,-2.395737
-3.317606,1.954794,-2.389625
-3.325612,1.950335,-2.383505
-3.333605,1.945845,-2.377377
-3.341586,1.941327,-2.371243
-3.349554,1.936780,-2.365101
-3.357509,1.932204,-2.358952
-3.365452,1.927599,-2.352796
-3.373381,1.922964,-2.346633
-3.381298,1.918301,-2.340462
-3.389201,1.913609,-2.334285
-3.397091,1.908888,-2.328100
-3.404968,1.904137,-2.321908
-3.412831,1.899359,-2.315709
-3.420681,1.894551,-2.309503
-3.428517,1.889714,-2.303290
-3.436340,1.884849,-2.297070
-3.444149,1.879955,-2.290844
-3.451943,1.875032,-2.284610
-3.459724,1.870080,-2.278369
-3.467491,1.865100,-2.272121
-3.475243,1.860091,-2.265866
-3.482982,1.855054,-2.259604
-3.490705,1.849988,-2.253336
-3.498415,1.844893,-2.247061
-3.506110,1.839770,-2.240778
-3.513790,1.834618,-2.234489
-3.521455,1.829438,-2.228194
-3.529106,1.824230,-2.221891
-3.536741,1.818993,-2.215582
-3.544362,1.813727,-2.209265
-3.551967,1.808434,-2.202943
-3.559557,1.803112,-2.196613
-3.567132,1.797762,-2.190277
-3.574691,1.792384,-2.183934
-3.582235,1.786977,-2.177585
-3.589764,1.781542,-2.171229
-3.597276,1.776079,-2.164866
-3.604773,1.770589,-2.158497
-3.612254,1.765070,-2.152121
-3.619719,1.759523,-2.145739
-3.627167,1.753948,-2.139350
-3.634600,1.748345,-2.132955
-3.642016,1.742714,-2.126553
-3.649416,1.737055,-2.120145
-3.656800,1.731369,-2.113730
-3.664167,1.725655,-2.107309
-3.671517,1.719913,-2.100882
-3.678851,1.714143,-2.094448
-3.686168,1.708345,-2.088008
-3.693468,1.702520,-2.081561
-3.700750,1.696668,-2.075108
-3.708016,1.690787,-2.068649
-3.715265,1.684880,-2.062184
-3.722496,1.678944,-2.055713
-3.729710,1.672982,-2.049235
-3.736906,1.666992,-2.042751
-3.744085,1.660974,-2.036261
-3.751246,1.654930,-2.029764
-3.758389,1.648858,-2.023262
-3.765515,1.642758,-2.016753
-3.772623,1.636632,-2.010239
-3.779712,1.630478,-2.003718
-3.786783,1.624298,-1.997191
-3.793837,1.618090,-1.990659
-3.800872,1.611855,-1.984120
-3.807888,1.605594,-1.977575
-3.814886,1.599305,-1.971024
-3.821865,1.592990,-1.964468
-3.828826,1.586647,-1.957905
-3.835768,1.580278,-1.951337
-3.842691,1.573882,-1.944762
-3.849595,1.567460,-1.938182
-3.856480,1.561010,-1.931596
-3.863346,1.554535,-1.925004
-3.870193,1.548032,-1.918407
-3.877021,1.541503,-1.911803
-3.883829,1.534948,-1.905194
-3.890617,1.528366,-1.898579
-3.897386,1.521758,-1.891959
-3.904135,1.515123,-1.885332
-3.910865,1.508463,-1.878700
-3.917574,1.501776,-1.872063
-3.924264,1.495063,-1.865420
-3.930934,1.488323,-1.858771
-3.937583,1.481558,-1.852116
-3.944212,1.474767,-1.845457
-3.950821,1.467949,-1.838791
-3.957410,1.461106,-1.832120
-3.963978,1.454237,-1.825444
-3.970526,1.447342,-1.818762
-3.977052,1.440421,-1.812074
-3.983559,1.433475,-1.805382
-3.990044,1.426503,-1.798684
-3.996508,1.419505,-1.791980
-4.002951,1.412482,-1.785271
-4.009374,1.405433,-1.778557
-4.015775,1.398359,-1.771837
-4.022154,1.391259,-1.765113
-4.028513,1.384135,-1.758383
-4.034850,1.376984,-1.751647
-4.041165,1.369809,-1.744907
-4.047459,1.362608,-1.738161
-4.053731,1.355383,-1.731410
-4.059981,1.348132,-1.724654
-4.066209,1.340856,-1.717893
-4.072415,1.333555,-1.711127
-4.078600,1.326230,-1.704355
-4.084762,1.318879,-1.697579
-4.090902,1.311504,-1.690797
-4.097019,1.304104,-1.684011
-4.103114,1.296679,-1.677219
-4.109187,1.289230,-1.670423
-4.115237,1.281756,-1.663621
-4.121264,1.274258,-1.656815
-4.127269,1.266735,-1.650004
-4.133250,1.259188,-1.643188
-4.139209,1.251617,-1.636367
-4.145145,1.244021,-1.629541
-4.151057,1.236401,-1.622710
-4.156947,1.228757,-1.615875
-4.162813,1.221089,-1.609034
-4.168656,1.213397,-1.602190
-4.174475,1.205681,-1.595340
-4.180271,1.197942,-1.588485
-4.186043,1.190178,-1.581626
-4.191792,1.182390,-1.574763
-4.197517,1.174579,-1.567894
-4.203218,1.166745,-1.561021
-4.208895,1.158886,-1.554144
-4.214548,1.151004,-1.547262
-4.220176,1.143099,-1.540375
-4.225781,1.135171,-1.533484
-4.231361,1.127219,-1.526588
-4.236917,1.119243,-1.519688
-4.242449,1.111245,-1.512784
-4.247956,1.103224,-1.505875
-4.253439,1.095179,-1.498961
-4.258896,1.087112,-1.492044
-4.264329,1.079021,-1.485122
-4.269737,1.070908,-1.478195
-4.275121,1.062772,-1.471264
-4.280479,1.054613,-1.464329
-4.285812,1.046432,-1.457390
-4.291120,1.038228,-1.450446
-4.296402,1.030001,-1.443499
-4.301660,1.021752,-1.436547
-4.306892,1.013481,-1.429591
-4.312098,1.005187,-1.422630
-4.317279,0.996871,-1.415666
-4.322434,0.988533,-1.408698
-4.327563,0.980173,-1.401725
-4.332667,0.971791,-1.394748
-4.337745,0.963387,-1.387768
-4.342796,0.954961,-1.380783
-4.347822,0.946513,-1.373795
-4.352821,0.938043,-1.366802
-4.357795,0.929552,-1.359805
-4.362742,0.921039,-1.352805
-4.367662,0.912505,-1.345801
-4.372557,0.903949,-1.338793
-4.377424,0.895372,-1.331781
-4.382265,0.886773,-1.324765
-4.387080,0.878153,-1.317745
-4.391867,0.869512,-1.310722
-4.396628,0.860850,-1.303695
-4.401362,0.852167,-1.296664
-4.406069,0.843463,-1.289629
-4.410749,0.834738,-1.282591
-4.415402,0.825993,-1.275549
-4.420027,0.817226,-1.268504
-4.431621,0.819869,-1.269735
-4.442746,0.822744,-1.270955
-4.453446,0.825825,-1.272181
-4.463765,0.829089,-1.273428
-4.473739,0.832516,-1.274710
-4.483402,0.836085,-1.276038
-4.492785,0.839781,-1.277425
-4.501913,0.843586,-1.278881
-4.510812,0.847487,-1.280415
-4.519504,0.851471,-1.282037
-4.528008,0.855526,-1.283755
-4.536343,0.859644,-1.285569
-4.544527,0.863821,-1.287475
-4.552577,0.868052,-1.289464
-4.560508,0.872334,-1.291533
-4.568334,0.876663,-1.293676
-4.576066,0.881038,-1.295889
-4.583717,0.885454,-1.298167
-4.591294,0.889911,-1.300506
-4.596166,0.889346,-1.305042
-4.600440,0.887809,-1.310062
-4.604535,0.886090,-1.315227
-4.608469,0.884211,-1.320525
-4.612257,0.882189,-1.325944
-4.615914,0.880041,-1.331475
-4.619452,0.877783,-1.337107
-4.622883,0.875428,-1.342833
-4.626218,0.872988,-1.348645
-4.629466,0.870474,-1.354535
-4.632636,0.867895,-1.360499
-4.635734,0.865262,-1.366530
-4.638769,0.862581,-1.372623
-4.641747,0.859859,-1.378774
-4.644672,0.857103,-1.384977
-4.647550,0.854320,-1.391231
-4.650387,0.851513,-1.397531
-4.653185,0.848687,-1.403873
-4.655949,0.845847,-1.410256
-4.658682,0.842996,-1.416677
-4.661387,0.840137,-1.423134
-4.664067,0.837275,-1.429623
-4.666724,0.834410,-1.436145
-4.669360,0.831546,-1.442696
-4.671979,0.828685,-1.449276
-4.674580,0.825828,-1.455882
-4.677167,0.822978,-1.462514
-4.679740,0.820135,-1.469171
-4.682301,0.817302,-1.475851
-4.684851,0.814479,-1.482553
-4.687392,0.811667,-1.489277
-4.689923,0.808868,-1.496022
-4.692447,0.806083,-1.502787
-4.694963,0.803311,-1.509572
-4.697473,0.800554,-1.516375
-4.699978,0.797813,-1.523197
-4.702477,0.795087,-1.530036
-4.704972,0.792378,-1.536893
-4.707462,0.789685,-1.543767
-4.709949,0.787010,-1.550657
-4.712433,0.784352,-1.557563
-4.714914,0.781711,-1.564486
-4.717392,0.779089,-1.571423
-4.719868,0.776484,-1.578376
-4.722342,0.773898,-1.585344
-4.724814,0.771330,-1.592327
-4.727284,0.768781,-1.599324
-4.729754,0.766250,-1.606336
-4.732222,0.763738,-1.613361
-4.734689,0.761245,-1.620401
-4.737155,0.758771,-1.627454
-4.739621,0.756315,-1.634521
-4.742085,0.753879,-1.641602
-4.744550,0.751461,-1.648695
-4.747014,0.749062,-1.655802
-4.749478,0.746682,-1.662922
-4.751942,0.744321,-1.670055
-4.754405,0.741978,-1.677200
-4.756869,0.739655,-1.684359
-4.759332,0.737350,-1.691529
-4.761796,0.735064,-1.698713
-4.764259,0.732796,-1.705908
-4.766723,0.730548,-1.713116
-4.769187,0.728317,-1.720336
-4.771652,0.726106,-1.727569
-4.774116,0.723912,-1.734813
-4.776581,0.721737,-1.742069
-4.779046,0.719581,-1.749337
-4.781512,0.717442,-1.756616
-4.783978,0.715322,-1.763908
-4.786445,0.713220,-1.771211
-4.788912,0.711136,-1.778525
-4.791380,0.709070,-1.785851
-4.793848,0.707022,-1.793189
-4.796316,0.704992,-1.800537
-4.798785,0.702979,-1.807897
-4.801255,0.700985,-1.815268
-4.803725,0.699007,-1.822650
-4.806196,0.697048,-1.830044
-4.808667,0.695106,-1.837448
-4.811139,0.693181,-1.844863
-4.813612,0.691273,-1.852289
-4.816085,0.689383,-1.859726
-4.818559,0.687510,-1.867173
-4.821033,0.685654,-1.874631
-4.823509,0.683815,-1.882100
-4.825984,0.681993,-1.889579
-4.828461,0.680188,-1.897069
-4.830938,0.678400,-1.904569
-4.833416,0.676628,-1.912079
-4.835894,0.674873,-1.919600
-4.838373,0.673135,-1.927131
-4.840853,0.671413,-1.934673
-4.843333,0.669708,-1.942224
-4.845814,0.668019,-1.949785
-4.848296,0.666346,-1.957357
-4.850778,0.664689,-1.964938
-4.853262,0.663049,-1.972530
-4.855745,0.661424,-1.980131
-4.858230,0.659816,-1.987742
-4.860715,0.658224,-1.995363
-4.863201,0.656647,-2.002993
-4.865688,0.655086,-2.010633
-4.868175,0.653541,-2.018283
-4.870663,0.652012,-2.025942
-4.873151,0.650498,-2.033611
-4.875641,0.649000,-2.041289
-4.878131,0.647517,-2.048977
-4.880621,0.646050,-2.056673
-4.883113,0.644598,-2.064380
-4.885605,0.643161,-2.072095
-4.888098,0.641739,-2.079820
-4.890591,0.640332,-2.087553
-4.893085,0.638941,-2.095296
-4.895580,0.637564,-2.103048
-4.898076,0.636203,-2.110809
-4.900572,0.634856,-2.118578
-4.903069,0.633524,-2.126357
-4.905566,0.632207,-2.134144
-4.908064,0.630904,-2.141941
-4.910563,0.629616,-2.149746
-4.913063,0.628343,-2.157559
-4.915563,0.627084,-2.165382
-4.918064,0.625839,-2.173213
-4.920565,0.624609,-2.181052
-4.923067,0.623393,-2.188900
-4.925570,0.622191,-2.196757
-4.928074,0.621004,-2.204622
-4.930578,0.619830,-2.212495
-4.933082,0.618671,-2.220377
-4.935588,0.617526,-2.228267
-4.938094,0.616394,-2.236165
-4.940601,0.615276,-2.244071
-4.943108,0.614173,-2.251986
-4.945616,0.613083,-2.259908
-4.948124,0.612006,-2.267839
-4.950633,0.610944,-2.275778
-4.953143,0.609894,-2.283725
-4.955654,0.608859,-2.291679
-4.958165,0.607837,-2.299642
-4.960676,0.606828,-2.307612
-4.963188,0.605833,-2.315590
-4.965701,0.604850,-2.323576
-4.968214,0.603882,-2.331570
-4.970728,0.602926,-2.339572
-4.973243,0.601983,-2.347581
-4.975758,0.601054,-2.355597
-4.978274,0.600137,-2.363622
-4.980790,0.599234,-2.371653
-4.983307,0.598343,-2.379693
-4.985824,0.597466,-2.387739
-4.988342,0.596601,-2.395794
-4.990860,0.595749,-2.403855
-4.993379,0.594909,-2.411924
-4.995899,0.594082,-2.420000
-4.998419,0.593268,-2.428083
-5.000939,0.592466,-2.436174
-5.003461,0.591677,-2.444272
-5.005982,0.590900,-2.452377
-5.008504,0.590136,-2.460489
-5.011027,0.589384,-2.468608
-5.013550,0.588644,-2.476734
-5.016074,0.587917,-2.484867
-5.018598,0.587201,-2.493007
-5.021122,0.586498,-2.501154
-5.023648,0.585807,-2.509308
-5.025194,0.583099,-2.511192
-5.026245,0.579394,-2.509947
-5.027287,0.575709,-2.508708
-5.028320,0.572043,-2.507475
-5.029346,0.568395,-2.506247
-5.030363,0.564766,-2.505025
-5.031373,0.561156,-2.503809
-5.032374,0.557564,-2.502599
-5.033367,0.553991,-2.501394
-5.034353,0.550436,-2.500196
-5.035331,0.546900,-2.499003
-5.036301,0.543381,-2.497815
-5.037263,0.539881,-2.496633
-5.038218,0.536398,-2.495457
-5.039165,0.532934,-2.494287
-5.040105,0.529487,-2.493122
-5.041037,0.526058,-2.491962
-5.041962,0.522647,-2.490809
-5.042880,0.519253,-2.489660
-5.043790,0.515877,-2.488517
-5.044694,0.512518,-2.487380
-5.045590,0.509176,-2.486248
-5.046479,0.505851,-2.485121
-5.047362,0.502544,-2.484000
-5.048237,0.499254,-2.482884
-5.049106,0.495981,-2.481774
-5.049968,0.492724,-2.480669
-5.050823,0.489484,-2.479569
-5.051671,0.486261,-2.478474
-5.052513,0.483055,-2.477385
-5.053348,0.479865,-2.476301
-5.054177,0.476692,-2.475222
-5.055000,0.473535,-2.474148
-5.055816,0.470394,-2.473080
-5.056625,0.467270,-2.472017
-5.057429,0.464161,-2.470958
-5.058226,0.461069,-2.469905
-5.059017,0.457993,-2.468857
-5.059802,0.454932,-2.467814
-5.060581,0.451888,-2.466776
-5.061354,0.448859,-2.465743
-5.062121,0.445845,-2.464715
-5.062882,0.442848,-2.463692
-5.063637,0.439866,-2.462674
-5.064386,0.436899,-2.461661
-5.065130,0.433947,-2.460653
-5.065868,0.431011,-2.459650
-5.066600,0.428090,-2.458651
-5.067327,0.425184,-2.457658
-5.068048,0.422294,-2.456669
-5.068764,0.419418,-2.455685
-5.069474,0.416557,-2.454706
-5.070179,0.413711,-2.453731
-5.070878,0.410879,-2.452762
-5.071572,0.408062,-2.451797
-5.072261,0.405260,-2.450837
-5.072945,0.402473,-2.449881
-5.073623,0.399699,-2.448930
-5.074296,0.396940,-2.447984
-5.074964,0.394196,-2.447042
-5.075627,0.391466,-2.446105
-5.076285,0.388749,-2.445172
-5.076938,0.386047,-2.444245
-5.077587,0.383359,-2.443321
-5.078230,0.380685,-2.442402
-5.078868,0.378025,-2.441488
-5.079502,0.375378,-2.440578
-5.080131,0.372745,-2.439672
-5.080755,0.370126,-2.438771
-5.081374,0.367521,-2.437875
-5.081989,0.364929,-2.436982
-5.082599,0.362350,-2.436094
-5.083205,0.359785,-2.435211
-5.083806,0.357233,-2.434332
-5.084402,0.354695,-2.433457
-5.084994,0.352169,-2.432586
-5.085582,0.349657,-2.431720
-5.086165,0.347158,-2.430858
-5.086744,0.344672,-2.430000
-5.087319,0.342198,-2.429147
-5.087889,0.339738,-2.428297
-5.088456,0.337290,-2.427452
-5.089017,0.334855,-2.426611
-5.089575,0.332433,-2.425774
-5.090129,0.330023,-2.424941
-5.090678,0.327626,-2.424113
-5.091224,0.325241,-2.423288
-5.091765,0.322869,-2.422467
-5.092303,0.320508,-2.421651
-5.092836,0.318161,-2.420838
-5.093366,0.315825,-2.420030
-5.093892,0.313502,-2.419226
-5.094413,0.311190,-2.418425
-5.094931,0.308891,-2.417629
-5.095445,0.306604,-2.416836
-5.095956,0.304328,-2.416047
-5.096463,0.302065,-2.415263
-5.096965,0.299813,-2.414482
-5.097465,0.297573,-2.413705
-5.097960,0.295345,-2.412932
-5.098452,0.293128,-2.412162
-5.098941,0.290922,-2.411397
-5.099426,0.288729,-2.410635
-5.099907,0.286546,-2.409877
-5.100385,0.284375,-2.409123
-5.100859,0.282216,-2.408373
-5.101330,0.280067,-2.407626
-5.101797,0.277930,-2.406883
-5.102261,0.275804,-2.406144
-5.102722,0.273689,-2.405408
-5.103180,0.271585,-2.404676
-5.103634,0.269491,-2.403948
-5.104084,0.267409,-2.403223
-5.104532,0.265338,-2.402502
-5.104976,0.263277,-2.401785
-5.105417,0.261228,-2.401071
-5.105855,0.259189,-2.400360
-5.106290,0.257160,-2.399654
-5.106722,0.255142,-2.398950
-5.107150,0.253135,-2.398250
-5.107576,0.251138,-2.397554
-5.107998,0.249151,-2.396861
-5.108418,0.247175,-2.396172
-5.108834,0.245209,-2.395486
-5.109248,0.243254,-2.394804
-5.109658,0.241308,-2.394124
-5.110066,0.239373,-2.393449
-5.110470,0.237448,-2.392776
-5.110872,0.235533,-2.392107
-5.111271,0.233628,-2.391442
-5.111667,0.231733,-2.390780
-5.112060,0.229847,-2.390121
-5.112451,0.227972,-2.389465
-5.112839,0.226106,-2.388813
-5.113224,0.224250,-2.388163
-5.113606,0.222404,-2.387518
-5.113985,0.220568,-2.386875
-5.114362,0.218741,-2.386235
-5.114736,0.216923,-2.385599
-5.115108,0.215115,-2.384966
-5.115477,0.213317,-2.384336
-5.115843,0.211527,-2.383710
-5.116207,0.209748,-2.383086
-5.116568,0.207977,-2.382466
-5.116927,0.206216,-2.381849
-5.117283,0.204464,-2.381234
-5.117637,0.202721,-2.380623
-5.117988,0.200987,-2.380015
-5.118337,0.199262,-2.379410
-5.118683,0.197546,-2.378808
-5.119027,0.195840,-2.378209
-5.119368,0.194142,-2.377613
-5.119707,0.192453,-2.377021
-5.120044,0.190772,-2.376431
-5.120378,0.189101,-2.375844
-5.120710,0.187438,-2.375260
-5.121040,0.185784,-2.374679
-5.121368,0.184139,-2.374101
-5.121693,0.182502,-2.373525
-5.122016,0.180874,-2.372953
-5.122337,0.179254,-2.372384
-5.122655,0.177643,-2.371817
-5.122971,0.176040,-2.371253
-5.123285,0.174446,-2.370693
-5.123597,0.172860,-2.370134
-5.123907,0.171282,-2.369579
-5.124215,0.169713,-2.369027
-5.124520,0.168151,-2.368477
-5.124824,0.166598,-2.367930
-5.125125,0.165053,-2.367386
-5.125424,0.163516,-2.366845
-5.125722,0.161987,-2.366306
-5.126017,0.160466,-2.365771
-5.126310,0.158953,-2.365237
-5.126601,0.157448,-2.364707
-5.126890,0.155951,-2.364179
-5.127177,0.154461,-2.363654
-5.127463,0.152980,-2.363132
-5.127746,0.151506,-2.362612
-5.128027,0.150040,-2.362095
-5.128307,0.148581,-2.361580
-5.128584,0.147130,-2.361068
-5.128860,0.145687,-2.360559
-5.129134,0.144251,-2.360052
-5.129406,0.142823,-2.359548
-5.129676,0.141402,-2.359046
-5.129944,0.139989,-2.358547
-5.130211,0.138583,-2.358050
-5.130475,0.137185,-2.357556
-5.130738,0.135793,-2.357065
-5.130999,0.134410,-2.356576
-5.131258,0.133033,-2.356089
-5.131516,0.131663,-2.355605
-5.131772,0.130301,-2.355123
-5.132026,0.128946,-2.354644
-5.132278,0.127598,-2.354167
-5.132529,0.126257,-2.353693
-5.132778,0.124923,-2.353221
-5.133026,0.123595,-2.352752
-5.133271,0.122275,-2.352284
-5.133515,0.120962,-2.351820
-5.133758,0.119656,-2.351357
-5.133999,0.118356,-2.350897
-5.134238,0.117064,-2.350439
-5.134475,0.115778,-2.349984
-5.134711,0.114499,-2.349531
-5.134946,0.113226,-2.349080
-5.135179,0.111960,-2.348632
-5.135410,0.110701,-2.348185
-5.135640,0.109448,-2.347742
-5.135868,0.108202,-2.347300
-5.136095,0.106963,-2.346860
-5.136320,0.105730,-2.346423
-5.136544,0.104503,-2.345988
-5.136766,0.103283,-2.345556
-5.136987,0.102069,-2.345125
-5.137207,0.100862,-2.344697
-5.137425,0.099661,-2.344271
-5.137641,0.098466,-2.343847
-5.137856,0.097277,-2.343425
-5.138070,0.096095,-2.343005
-5.138282,0.094919,-2.342588
-5.138493,0.093749,-2.342172
-5.138702,0.092585,-2.341759
-5.138910,0.091427,-2.341348
-5.139117,0.090276,-2.340939
-5.139322,0.089130,-2.340532
-5.139526,0.087990,-2.340127
-5.139729,0.086857,-2.339724
-5.139930,0.085729,-2.339323
-5.140131,0.084607,-2.338924
-5.140329,0.083491,-2.338528
-5.140527,0.082381,-2.338133
-5.140723,0.081277,-2.337740
-5.140918,0.080178,-2.337350
-5.141111,0.079085,-2.336961
-5.141304,0.077998,-2.336574
-5.141495,0.076917,-2.336190
-5.141685,0.075841,-2.335807
-5.141873,0.074771,-2.335426
-5.142061,0.073707,-2.335047
-5.142247,0.072648,-2.334671
-5.142432,0.071595,-2.334296
-5.142616,0.070547,-2.333923
-5.142798,0.069504,-2.333552
-5.142980,0.068468,-2.333182
-5.143160,0.067436,-2.332815
-5.143339,0.066410,-2.332450
-5.143517,0.065390,-2.332086
-5.143694,0.064374,-2.331724
-5.143869,0.063364,-2.331364
-5.144044,0.062360,-2.331006
-5.144217,0.061360,-2.330650
-5.144390,0.060366,-2.330296
-5.144561,0.059377,-2.329943
-5.144731,0.058393,-2.329593
-5.144900,0.057415,-2.329244
-5.145068,0.056441,-2.328897
-5.145235,0.055473,-2.328551
-5.145400,0.054510,-2.328208
-5.145565,0.053551,-2.327866
-5.145729,0.052598,-2.327526
-5.145891,0.051650,-2.327187
-5.146053,0.050706,-2.326851
-5.146214,0.049768,-2.326516
-5.146373,0.048835,-2.326183
-5.146532,0.047906,-2.325851
-5.146689,0.046983,-2.325522
-5.146846,0.046064,-2.325194
-5.147001,0.045150,-2.324867
-5.147156,0.044241,-2.324543
-5.147309,0.043336,-2.324220
-5.147462,0.042436,-2.323898
-5.147613,0.041541,-2.323579
-5.147764,0.040651,-2.323260
-5.147914,0.039766,-2.322944
-5.148063,0.038885,-2.322629
-5.148210,0.038008,-2.322316
-5.148357,0.037136,-2.322005
-5.148503,0.036269,-2.321695
-5.148648,0.035407,-2.321386
-5.148792,0.034548,-2.321079
-5.148936,0.033695,-2.320774
-5.149078,0.032846,-2.320471
-5.149220,0.032001,-2.320168
-5.149360,0.031161,-2.319868
-5.149500,0.030325,-2.319569
-5.149639,0.029493,-2.319272
-5.149776,0.028666,-2.318976
-5.149914,0.027843,-2.318681
-5.150050,0.027025,-2.318388
-5.150185,0.026211,-2.318097
-5.150320,0.025401,-2.317807
-5.150453,0.024595,-2.317519
-5.150586,0.023794,-2.317232
-5.150718,0.022997,-2.316947
-5.150849,0.022203,-2.316663
-5.150980,0.021415,-2.316380
-5.151109,0.020630,-2.316099
-5.151238,0.019849,-2.315820
-5.151366,0.019073,-2.315541
-5.151493,0.018300,-2.315265
-5.151620,0.017532,-2.314989
-5.151745,0.016767,-2.314716
-5.151870,0.016007,-2.314443
-5.151994,0.015250,-2.314172
-5.152117,0.014498,-2.313903
-5.152240,0.013750,-2.313634
-5.152362,0.013005,-2.313367
-5.152483,0.012264,-2.313102
-5.152603,0.011528,-2.312838
-5.152722,0.010795,-2.312575
-5.152841,0.010066,-2.312314
-5.152959,0.009340,-2.312054
-5.153076,0.008619,-2.311795
-5.153193,0.007901,-2.311538
-5.153309,0.007187,-2.311282
-5.153424,0.006477,-2.311027
-5.153539,0.005771,-2.310773
-5.153652,0.005068,-2.310521
-5.153765,0.004369,-2.310271
-5.153878,0.003674,-2.310021
-5.153990,0.002982,-2.309773
-5.154101,0.002294,-2.309526
-5.154211,0.001609,-2.309280
-5.154321,0.000928,-2.309036
-5.154429,0.000251,-2.308793
-5.154538,-0.000423,-2.308551
-5.154645,-0.001093,-2.308310
-5.154752,-0.001760,-2.308071
-5.154859,-0.002423,-2.307833
-5.154965,-0.003083,-2.307596
-5.155070,-0.003739,-2.307360
-5.155174,-0.004392,-2.307126
-5.155278,-0.005041,-2.306892
-5.155381,-0.005687,-2.306660
-5.155483,-0.006330,-2.306430
-5.155585,-0.006969,-2.306200
-5.155687,-0.007605,-2.305971
-5.155787,-0.008238,-2.305744
-5.155887,-0.008867,-2.305518
-5.155987,-0.009493,-2.305293
-5.156086,-0.010115,-2.305069
-5.156184,-0.010735,-2.304847
-5.156282,-0.011351,-2.304625
-5.156379,-0.011964,-2.304405
-5.156475,-0.012574,-2.304186
-5.156571,-0.013180,-2.303968
-5.156667,-0.013783,-2.303751
-5.156761,-0.014384,-2.303535
-5.156855,-0.014981,-2.303320
-5.156949,-0.015574,-2.303107
-5.157042,-0.016165,-2.302894
-5.157135,-0.016753,-2.302683
-5.157227,-0.017337,-2.302473
-5.157318,-0.017919,-2.302264
-5.157409,-0.018497,-2.302055
-5.157499,-0.019073,-2.301848
-5.157589,-0.019645,-2.301643
-5.157678,-0.020215,-2.301438
-5.157767,-0.020781,-2.301234
-5.157855,-0.021344,-2.301031
-5.157943,-0.021905,-2.300829
-5.158030,-0.022462,-2.300629
-5.158116,-0.023017,-2.300429
-5.158202,-0.023569,-2.300230
-5.158288,-0.024118,-2.300033
-5.158373,-0.024664,-2.299836
-5.158458,-0.025207,-2.299641
-5.158542,-0.025747,-2.299446
-5.158625,-0.026284,-2.299253
-5.158708,-0.026819,-2.299060
-5.158791,-0.027351,-2.298869
-5.158873,-0.027880,-2.298678
-5.158954,-0.028406,-2.298489
-5.159035,-0.028929,-2.298300
-5.159116,-0.029450,-2.298113
-5.159196,-0.029968,-2.297926
-5.159276,-0.030483,-2.297741
-5.159355,-0.030996,-2.297556
-5.159434,-0.031505,-2.297372
-5.159512,-0.032013,-2.297190
-5.159590,-0.032517,-2.297008
-5.159667,-0.033019,-2.296827
-5.159744,-0.033518,-2.296647
-5.159820,-0.034015,-2.296468
-5.159896,-0.034509,-2.296290
-5.159972,-0.035000,-2.296113
-5.160047,-0.035489,-2.295937
-5.160121,-0.035975,-2.295761
-5.160196,-0.036459,-2.295587
-5.160269,-0.036940,-2.295413
-5.160343,-0.037419,-2.295241
-5.160416,-0.037895,-2.295069
-5.160488,-0.038369,-2.294898
-5.160560,-0.038840,-2.294729
-5.160632,-0.039309,-2.294560
-5.160703,-0.039775,-2.294391
-5.160774,-0.040239,-2.294224
-5.160844,-0.040700,-2.294058
-5.160914,-0.041159,-2.293892
-5.160983,-0.041615,-2.293728
-5.161053,-0.042070,-2.293564
-5.161121,-0.042521,-2.293401
-5.161190,-0.042971,-2.293239
-5.161257,-0.043418,-2.293077
-5.161325,-0.043862,-2.292917
-5.161392,-0.044305,-2.292757
-5.161459,-0.044745,-2.292598
-5.161525,-0.045182,-2.292441
-5.161591,-0.045618,-2.292283
-5.161657,-0.046051,-2.292127
-5.161722,-0.046482,-2.291972
-5.161787,-0.046910,-2.291817
-5.161851,-0.047337,-2.291663
-5.161915,-0.047761,-2.291510
-5.161979,-0.048183,-2.291358
-5.162042,-0.048602,-2.291206
-5.162105,-0.049020,-2.291055
-5.162168,-0.049435,-2.290905
-5.162230,-0.049848,-2.290756
-5.162292,-0.050259,-2.290608
-5.162353,-0.050668,-2.290460
-5.162414,-0.051074,-2.290313
-5.162475,-0.051479,-2.290167
-5.162536,-0.051881,-2.290022
-5.162596,-0.052282,-2.289878
-5.162655,-0.052680,-2.289734
-5.162715,-0.053076,-2.289591
-5.162774,-0.053470,-2.289448
-5.162833,-0.053862,-2.289307
-5.162891,-0.054252,-2.289166
-5.162949,-0.054639,-2.289026
-5.163007,-0.055025,-2.288886
-5.163064,-0.055409,-2.288748
-5.163121,-0.055791,-2.288610
-5.163178,-0.056170,-2.288473
-5.163234,-0.056548,-2.288336
-5.163290,-0.056924,-2.288200
-5.163346,-0.057298,-2.288065
-5.163401,-0.057669,-2.287931
-5.163456,-0.058039,-2.287797
-5.163511,-0.058407,-2.287664
-5.163566,-0.058773,-2.287532
-5.163620,-0.059137,-2.287400
-5.163674,-0.059500,-2.287269
-5.163727,-0.059860,-2.287139
-5.163780,-0.060218,-2.287010
-5.163833,-0.060575,-2.286881
-5.163886,-0.060929,-2.286752
-5.163938,-0.061282,-2.286625
-5.163990,-0.061633,-2.286498
-5.164042,-0.061982,-2.286372
-5.164093,-0.062329,-2.286246
-5.164144,-0.062675,-2.286121
-5.164195,-0.063018,-2.285997
-5.164246,-0.063360,-2.285873
-5.164296,-0.063700,-2.285751
-5.164346,-0.064038,-2.285628
-5.164396,-0.064375,-2.285507
-5.164445,-0.064710,-2.285385
-5.164494,-0.065042,-2.285265
-5.164543,-0.065374,-2.285145
-5.164592,-0.065703,-2.285026
-5.164640,-0.066031,-2.284907
-5.164688,-0.066357,-2.284790
-5.164736,-0.066681,-2.284672
-5.164783,-0.067004,-2.284556
-5.164830,-0.067325,-2.284439
-5.164877,-0.067644,-2.284324
-5.164924,-0.067961,-2.284209
-5.164970,-0.068277,-2.284095
-5.165016,-0.068591,-2.283981
-5.165062,-0.068904,-2.283868
-5.165108,-0.069215,-2.283755
-5.165153,-0.069524,-2.283643
-5.165198,-0.069832,-2.283532
-5.165243,-0.070138,-2.283421
-5.165288,-0.070442,-2.283311
-5.165332,-0.070745,-2.283202
-5.165376,-0.071046,-2.283092
-5.165420,-0.071346,-2.282984
-5.165463,-0.071644,-2.282876
-5.165507,-0.071941,-2.282769
-5.165550,-0.072236,-2.282662
-5.165593,-0.072529,-2.282556
-5.165635,-0.072821,-2.282450
-5.165677,-0.073111,-2.282345
-5.165720,-0.073400,-2.282240
-5.165761,-0.073688,-2.282136
-5.165803,-0.073973,-2.282033
-5.165844,-0.074258,-2.281930
-5.165886,-0.074540,-2.281827
-5.165927,-0.074822,-2.281726
-5.165967,-0.075102,-2.281624
-5.166008,-0.075380,-2.281523
-5.166048,-0.075657,-2.281423
-5.166088,-0.075932,-2.281323
-5.166128,-0.076206,-2.281224
-5.166167,-0.076479,-2.281125
-5.166207,-0.076750,-2.281027
-5.166246,-0.077020,-2.280929
-5.166285,-0.077288,-2.280832
-5.166323,-0.077555,-2.280736
-5.166362,-0.077821,-2.280639
-5.166400,-0.078085,-2.280544
-5.166438,-0.078348,-2.280448
-5.166476,-0.078609,-2.280354
-5.166514,-0.078869,-2.280260
-5.166551,-0.079127,-2.280166
-5.166588,-0.079385,-2.280073
-5.166625,-0.079641,-2.279980
-5.166662,-0.079895,-2.279888
-5.166699,-0.080148,-2.279796
-5.166735,-0.080400,-2.279705
-5.166771,-0.080651,-2.279614
-5.166807,-0.080900,-2.279524
-5.166843,-0.081148,-2.279434
-5.166878,-0.081395,-2.279344
-5.166914,-0.081640,-2.279255
-5.166949,-0.081884,-2.279167
-5.166984,-0.082127,-2.279079
-5.167019,-0.082369,-2.278991
-5.167053,-0.082609,-2.278904
-5.167088,-0.082848,-2.278818
-5.167122,-0.083085,-2.278731
-5.167156,-0.083322,-2.278646
-5.167190,-0.083557,-2.278560
-5.167223,-0.083791,-2.278476
-5.167257,-0.084024,-2.278391
-5.167290,-0.084256,-2.278307
-5.167323,-0.084486,-2.278224
-5.167356,-0.084715,-2.278141
-5.167388,-0.084943,-2.278058
-5.167421,-0.085170,-2.277976
-5.167453,-0.085395,-2.277894
-5.167485,-0.085620,-2.277813
-5.167517,-0.085843,-2.277732
-5.167549,-0.086065,-2.277651
-5.167581,-0.086286,-2.277571
-5.167612,-0.086505,-2.277491
-5.167644,-0.086724,-2.277412
-5.167675,-0.086941,-2.277333
-5.167706,-0.087157,-2.277255
-5.167736,-0.087373,-2.277177
-5.167767,-0.087587,-2.277099
-5.167797,-0.087799,-2.277022
-5.167828,-0.088011,-2.276945
-5.167858,-0.088222,-2.276869
-5.167887,-0.088431,-2.276793
-5.167917,-0.088640,-2.276717
-5.167947,-0.088847,-2.276642
-5.167976,-0.089053,-2.276567
-5.168005,-0.089258,-2.276493
-5.168035,-0.089463,-2.276419
-5.168063,-0.089666,-2.276345
-5.168092,-0.089868,-2.276272
-5.168121,-0.090068,-2.276199
-5.168149,-0.090268,-2.276127
-5.168178,-0.090467,-2.276054
-5.168206,-0.090665,-2.275983
-5.168234,-0.090861,-2.275911
-5.168261,-0.091057,-2.275840
-5.168289,-0.091252,-2.275770
-5.168317,-0.091445,-2.275699
-5.168344,-0.091638,-2.275630
-5.168371,-0.091830,-2.275560
-5.168398,-0.092020,-2.275491
-5.168425,-0.092210,-2.275422
-5.168452,-0.092398,-2.275354
-5.168479,-0.092586,-2.275286
-5.168505,-0.092773,-2.275218
-5.168531,-0.092958,-2.275150
-5.168558,-0.093143,-2.275083
-5.168584,-0.093327,-2.275017
-5.168609,-0.093509,-2.274950
-5.168635,-0.093691,-2.274885
-5.168661,-0.093872,-2.274819
-5.168686,-0.094052,-2.274754
-5.168712,-0.094231,-2.274689
-5.168737,-0.094409,-2.274624
-5.168762,-0.094586,-2.274560
-5.168787,-0.094762,-2.274496
-5.168811,-0.094937,-2.274432
-5.168836,-0.095111,-2.274369
-5.168861,-0.095285,-2.274306
-5.168885,-0.095457,-2.274243
-5.168909,-0.095629,-2.274181
-5.168933,-0.095799,-2.274119
-5.168957,-0.095969,-2.274058
-5.168981,-0.096138,-2.273996
-5.169005,-0.096306,-2.273935
-5.169028,-0.096473,-2.273875
-5.169052,-0.096639,-2.273814
-5.169075,-0.096805,-2.273754
-5.169098,-0.096969,-2.273695
-5.169121,-0.097133,-2.273635
-5.169144,-0.097295,-2.273576
-5.169167,-0.097457,-2.273517
-5.169190,-0.097618,-2.273459
-5.169212,-0.097779,-2.273401
-5.169235,-0.097938,-2.273343
-5.169257,-0.098096,-2.273285
-5.169279,-0.098254,-2.273228
-5.169301,-0.098411,-2.273171
-5.169323,-0.098567,-2.273114
-5.169345,-0.098722,-2.273058
-5.169367,-0.098877,-2.273002
-5.169388,-0.099030,-2.272946
-5.169410,-0.099183,-2.272891
-5.169431,-0.099335,-2.272835
-5.169452,-0.099486,-2.272780
-5.169474,-0.099637,-2.272726
-5.169495,-0.099786,-2.272671
-5.169516,-0.099935,-2.272617
-5.169536,-0.100083,-2.272564
-5.169557,-0.100230,-2.272510
-5.169577,-0.100377,-2.272457
-5.169598,-0.100523,-2.272404
-5.169618,-0.100667,-2.272351
-5.169638,-0.100812,-2.272299
-5.169659,-0.100955,-2.272247
-5.169679,-0.101098,-2.272195
-5.169698,-0.101240,-2.272143
-5.169718,-0.101381,-2.272092
-5.169738,-0.101521,-2.272041
-5.169757,-0.101661,-2.271990
-5.169777,-0.101800,-2.271940
-5.169796,-0.101938,-2.271890
-5.169816,-0.102076,-2.271840
-5.169835,-0.102213,-2.271790
-5.169854,-0.102349,-2.271741
-5.169873,-0.102484,-2.271691
-5.169891,-0.102619,-2.271642
-5.169910,-0.102753,-2.271594
-5.169929,-0.102886,-2.271545
-5.169947,-0.103019,-2.271497
-5.169966,-0.103150,-2.271449
-5.169984,-0.103282,-2.271402
-5.170002,-0.103412,-2.271354
-5.170020,-0.103542,-2.271307
-5.170038,-0.103671,-2.271260
-5.170056,-0.103799,-2.271213
-5.170074,-0.103927,-2.271167
-5.170092,-0.104054,-2.271121
-5.170110,-0.104181,-2.271075
-5.170127,-0.104306,-2.271029
-5.170145,-0.104431,-2.270984
-5.170162,-0.104556,-2.270938
-5.170179,-0.104680,-2.270894
-5.170196,-0.104803,-2.270849
-5.170213,-0.104925,-2.270804
-5.170230,-0.105047,-2.270760
-5.170247,-0.105168,-2.270716
-5.170264,-0.105289,-2.270672
-5.170281,-0.105409,-2.270628
-5.170297,-0.105528,-2.270585
-5.170314,-0.105647,-2.270542
-5.170330,-0.105765,-2.270499
-5.170347,-0.105882,-2.270456
-5.170363,-0.105999,-2.270414
-5.170379,-0.106115,-2.270372
-5.170395,-0.106231,-2.270330
-5.170411,-0.106346,-2.270288
-5.170427,-0.106460,-2.270246
-5.170443,-0.106574,-2.270205
-5.170459,-0.106687,-2.270164
-5.170474,-0.106800,-2.270123
-5.170490,-0.106912,-2.270082
-5.170505,-0.107023,-2.270042
-5.170521,-0.107134,-2.270001
-5.170536,-0.107245,-2.269961
-5.170551,-0.107354,-2.269921
-5.170566,-0.107463,-2.269882
-5.170581,-0.107572,-2.269842
-5.170596,-0.107680,-2.269803
-5.170611,-0.107787,-2.269764
-5.170626,-0.107894,-2.269725
-5.170641,-0.108000,-2.269686
-5.170655,-0.108106,-2.269648
-5.170670,-0.108211,-2.269610
-5.170685,-0.108316,-2.269572
-5.170699,-0.108420,-2.269534
-5.170713,-0.108523,-2.269496
-5.170728,-0.108626,-2.269459
-5.170742,-0.108729,-2.269422
-5.170756,-0.108831,-2.269385
-5.170770,-0.108932,-2.269348
-5.170784,-0.109033,-2.269311
-5.170798,-0.109133,-2.269275
-5.170812,-0.109233,-2.269238
-5.170825,-0.109332,-2.269202
-5.170839,-0.109431,-2.269166
-5.170853,-0.109529,-2.269131
-5.170866,-0.109627,-2.269095
-5.170880,-0.109724,-2.269060
-5.170893,-0.109820,-2.269025
-5.170906,-0.109917,-2.268990
-5.170919,-0.110012,-2.268955
-5.170933,-0.110107,-2.268920
-5.170946,-0.110202,-2.268886
-5.170959,-0.110296,-2.268852
-5.170972,-0.110390,-2.268818
-5.170985,-0.110483,-2.268784
-5.170997,-0.110576,-2.268750
-5.171010,-0.110668,-2.268716
-5.171023,-0.110760,-2.268683
-5.171035,-0.110851,-2.268650
-5.171048,-0.110941,-2.268617
-5.171060,-0.111032,-2.268584
-5.171073,-0.111122,-2.268551
-5.171085,-0.111211,-2.268519
-5.171097,-0.111300,-2.268487
-5.171110,-0.111388,-2.268455
-5.171122,-0.111476,-2.268423
-5.171134,-0.111563,-2.268391
-5.171146,-0.111650,-2.268359
-5.171158,-0.111737,-2.268328
-5.171170,-0.111823,-2.268296
-5.171181,-0.111909,-2.268265
-5.171193,-0.111994,-2.268234
-5.171205,-0.112079,-2.268203
-5.171216,-0.112163,-2.268173
-5.171228,-0.112247,-2.268142
-5.171240,-0.112330,-2.268112
-5.171251,-0.112413,-2.268082
-5.171262,-0.112496,-2.268052
-5.171274,-0.112578,-2.268022
-5.171285,-0.112660,-2.267992
-5.171296,-0.112741,-2.267962
-5.171307,-0.112822,-2.267933
-5.171318,-0.112902,-2.267904
-5.171329,-0.112982,-2.267875
-5.171340,-0.113062,-2.267846
-5.171351,-0.113141,-2.267817
-5.171362,-0.113219,-2.267788
-5.171373,-0.113298,-2.267760
-5.171383,-0.113376,-2.267732
-5.171394,-0.113453,-2.267703
-5.171405,-0.113530,-2.267675
-5.171415,-0.113607,-2.267647
-5.171426,-0.113683,-2.267620
-5.171436,-0.113759,-2.267592
-5.171447,-0.113835,-2.267565
-5.171457,-0.113910,-2.267537
-5.171467,-0.113984,-2.267510
-5.171477,-0.114059,-2.267483
-5.171488,-0.114132,-2.267456
-5.171498,-0.114206,-2.267429
-5.171508,-0.114279,-2.267403
-5.171518,-0.114352,-2.267376
-5.171528,-0.114424,-2.267350
-5.171538,-0.114496,-2.267324
-5.171547,-0.114568,-2.267298
-5.171557,-0.114639,-2.267272
-5.171567,-0.114710,-2.267246
-5.171577,-0.114780,-2.267220
-5.171586,-0.114851,-2.267195
-5.171596,-0.114920,-2.267170
-5.171605,-0.114990,-2.267144
-5.171615,-0.115059,-2.267119
-5.171624,-0.115127,-2.267094
-5.171634,-0.115196,-2.267069
-5.171643,-0.115264,-2.267045
-5.171652,-0.115331,-2.267020
-5.171661,-0.115398,-2.266996
-5.171671,-0.115465,-2.266971
-5.171680,-0.115532,-2.266947
-5.171689,-0.115598,-2.266923
-5.171698,-0.115664,-2.266899
-5.171707,-0.115729,-2.266875
-5.171716,-0.115794,-2.266851
-5.171725,-0.115859,-2.266828
-5.171733,-0.115924,-2.266804
-5.171742,-0.115988,-2.266781
-5.171751,-0.116051,-2.266758
-5.171760,-0.116115,-2.266735
-5.171768,-0.116178,-2.266712
-5.171777,-0.116241,-2.266689
-5.171785,-0.116303,-2.266666
-5.171794,-0.116365,-2.266644
-5.171802,-0.116427,-2.266621
-5.171811,-0.116489,-2.266599
-5.171819,-0.116550,-2.266577
-5.171828,-0.116611,-2.266554
-5.171836,-0.116671,-2.266532
-5.171844,-0.116731,-2.266510
-5.171852,-0.116791,-2.266489
-5.171860,-0.116851,-2.266467
-5.171869,-0.116910,-2.266445
-5.171877,-0.116969,-2.266424
-5.171885,-0.117028,-2.266403
-5.171893,-0.117086,-2.266381
-5.171901,-0.117144,-2.266360
-5.171908,-0.117202,-2.266339
-5.171916,-0.117259,-2.266318
-5.171924,-0.117316,-2.266298
-5.171932,-0.117373,-2.266277
-5.171940,-0.117429,-2.266256
-5.171947,-0.117486,-2.266236
-5.171955,-0.117542,-2.266216
-5.171963,-0.117597,-2.266195
-5.171970,-0.117653,-2.266175
-5.171978,-0.117708,-2.266155
-5.171985,-0.117762,-2.266135
-5.171993,-0.117817,-2.266115
-5.172000,-0.117871,-2.266096
-5.172007,-0.117925,-2.266076
-5.172015,-0.117978,-2.266057
-5.172022,-0.118032,-2.266037
-5.172029,-0.118085,-2.266018
-5.172036,-0.118138,-2.265999
-5.172044,-0.118190,-2.265979
-5.172051,-0.118242,-2.265960
-5.172058,-0.118294,-2.265942
-5.172065,-0.118346,-2.265923
-5.172072,-0.118397,-2.265904
-5.172079,-0.118448,-2.265885
-5.172086,-0.118499,-2.265867
-5.172093,-0.118550,-2.265849
-5.172100,-0.118600,-2.265830
-5.172106,-0.118650,-2.265812
-5.172113,-0.118700,-2.265794
-5.172120,-0.118750,-2.265776
-5.172127,-0.118799,-2.265758
-5.172133,-0.118848,-2.265740
-5.172140,-0.118897,-2.265722
-5.172147,-0.118945,-2.265705
-5.172153,-0.118993,-2.265687
-5.172160,-0.119041,-2.265670
-5.172166,-0.119089,-2.265652
-5.172173,-0.119137,-2.265635
-5.172179,-0.119184,-2.265618
-5.172186,-0.119231,-2.265601
-5.172192,-0.119278,-2.265584
-5.172198,-0.119324,-2.265567
-5.172205,-0.119370,-2.265550
-5.172211,-0.119417,-2.265533
-5.172217,-0.119462,-2.265516
-5.172224,-0.119508,-2.265500
-5.172230,-0.119553,-2.265483
-5.172236,-0.119598,-2.265467
-5.172242,-0.119643,-2.265451
-5.172248,-0.119688,-2.265434
-5.172254,-0.119732,-2.265418
-5.172260,-0.119776,-2.265402
-5.172266,-0.119820,-2.265386
-5.172272,-0.119864,-2.265370
-5.172278,-0.119907,-2.265354
-5.172284,-0.119950,-2.265339
-5.172290,-0.119993,-2.265323
-5.172296,-0.120036,-2.265307
-5.172301,-0.120079,-2.265292
-5.172307,-0.120121,-2.265277
-5.172313,-0.120163,-2.265261
-5.172318,-0.120205,-2.265246
-5.172324,-0.120246,-2.265231
-5.172330,-0.120288,-2.265216
-5.172335,-0.120329,-2.265201
-5.172341,-0.120370,-2.265186
-5.172347,-0.120411,-2.265171
-5.172352,-0.120451,-2.265156
-5.172358,-0.120492,-2.265142
-5.172363,-0.120532,-2.265127
-5.172368,-0.120572,-2.265112
-5.172374,-0.120612,-2.265098
-5.172379,-0.120651,-2.265084
-5.172385,-0.120690,-2.265069
-5.172390,-0.120729,-2.265055
-5.172395,-0.120768,-2.265041
-5.172400,-0.120807,-2.265027
-5.172406,-0.120845,-2.265013
-5.172411,-0.120884,-2.264999
-5.172416,-0.120922,-2.264985
-5.172421,-0.120960,-2.264971
-5.172426,-0.120997,-2.264957
-5.172431,-0.121035,-2.264944
-5.172437,-0.121072,-2.264930
-5.172442,-0.121109,-2.264917
-5.172447,-0.121146,-2.264903
-5.172452,-0.121183,-2.264890
-5.172457,-0.121219,-2.264877
-5.172462,-0.121256,-2.264863
-5.172466,-0.121292,-2.264850
-5.172471,-0.121328,-2.264837
-5.172476,-0.121363,-2.264824
-5.172481,-0.121399,-2.264811
-5.172486,-0.121434,-2.264798
-5.172491,-0.121470,-2.264785
-5.172495,-0.121505,-2.264773
-5.172500,-0.121539,-2.264760
-5.172505,-0.121574,-2.264747
-5.172510,-0.121608,-2.264735
-5.172514,-0.121643,-2.264722
-5.172519,-0.121677,-2.264710
-5.172523,-0.121711,-2.264698
-5.172528,-0.121745,-2.264685
-5.172533,-0.121778,-2.264673
-5.172537,-0.121811,-2.264661
-5.172542,-0.121845,-2.264649
-5.172546,-0.121878,-2.264637
-5.172551,-0.121911,-2.264625
-5.172555,-0.121943,-2.264613
-5.172559,-0.121976,-2.264601
-5.172564,-0.122008,-2.264589
-5.172568,-0.122040,-2.264578
-5.172573,-0.122072,-2.264566
-5.172577,-0.122104,-2.264554
-5.172581,-0.122136,-2.264543
-5.172585,-0.122167,-2.264531
-5.172590,-0.122199,-2.264520
-5.172594,-0.122230,-2.264509
-5.172598,-0.122261,-2.264497
-5.172602,-0.122292,-2.264486
-5.172606,-0.122322,-2.264475
-5.172611,-0.122353,-2.264464
-5.172615,-0.122383,-2.264453
-5.172619,-0.122413,-2.264442
-5.172623,-0.122444,-2.264431
-5.172627,-0.122473,-2.264420
-5.172631,-0.122503,-2.264409
-5.172635,-0.122533,-2.264398
-5.172639,-0.122562,-2.264388
-5.172643,-0.122591,-2.264377
-5.172647,-0.122621,-2.264366
-5.172651,-0.122649,-2.264356
-5.172655,-0.122678,-2.264345
-5.172659,-0.122707,-2.264335
-5.172663,-0.122735,-2.264324
-5.172666,-0.122764,-2.264314
-5.172670,-0.122792,-2.264304
-5.172674,-0.122820,-2.264294
-5.172678,-0.122848,-2.264283
-5.172682,-0.122876,-2.264273
-5.172685,-0.122903,-2.264263
-5.172689,-0.122931,-2.264253
-5.172693,-0.122958,-2.264243
-5.172696,-0.122985,-2.264233
-5.172700,-0.123012,-2.264224
-5.172704,-0.123039,-2.264214
-5.172707,-0.123066,-2.264204
-5.172711,-0.123093,-2.264194
-5.172715,-0.123119,-2.264185
-5.172718,-0.123146,-2.264175
-5.172722,-0.123172,-2.264166
-5.172725,-0.123198,-2.264156
-5.172729,-0.123224,-2.264147
-5.172732,-0.123250,-2.264137
-5.172736,-0.123275,-2.264128
-5.172739,-0.123301,-2.264119
-5.172743,-0.123326,-2.264109
-5.172746,-0.123351,-2.264100
-5.172750,-0.123376,-2.264091
-5.172753,-0.123401,-2.264082
-5.172756,-0.123426,-2.264073
-5.172760,-0.123451,-2.264064
-5.172763,-0.123476,-2.264055
-5.172766,-0.123500,-2.264046
-5.172770,-0.123524,-2.264037
-5.172773,-0.123549,-2.264028
-5.172776,-0.123573,-2.264019
-5.172779,-0.123597,-2.264011
-5.172783,-0.123621,-2.264002
-5.172786,-0.123644,-2.263993
-5.172789,-0.123668,-2.263985
-5.172792,-0.123691,-2.263976
-5.172795,-0.123715,-2.263968
-5.172799,-0.123738,-2.263959
-5.172802,-0.123761,-2.263951
-5.172805,-0.123784,-2.263943
-5.172808,-0.123807,-2.263934
-5.172811,-0.123830,-2.263926
-5.172814,-0.123852,-2.263918
-5.172817,-0.123875,-2.263910
-5.172820,-0.123897,-2.263901
-5.172823,-0.123919,-2.263893
-5.172826,-0.123941,-2.263885
-5.172829,-0.123963,-2.263877
-5.172832,-0.123985,-2.263869
-5.172835,-0.124007,-2.263861
-5.172838,-0.124029,-2.263853
-5.172841,-0.124050,-2.263846
-5.172844,-0.124072,-2.263838
-5.172847,-0.124093,-2.263830
-5.172850,-0.124114,-2.263822
-5.172852,-0.124136,-2.263814
-5.172855,-0.124157,-2.263807
-5.172858,-0.124177,-2.263799
-5.172861,-0.124198,-2.263792
-5.172864,-0.124219,-2.263784
-5.172866,-0.124240,-2.263777
-5.172869,-0.124260,-2.263769
-5.172872,-0.124280,-2.263762
-5.172875,-0.124301,-2.263754
-5.172877,-0.124321,-2.263747
-5.172880,-0.124341,-2.263740
-5.172883,-0.124361,-2.263732
-5.172886,-0.124381,-2.263725
-5.172888,-0.124400,-2.263718
-5.172891,-0.124420,-2.263711
-5.172894,-0.124439,-2.263704
-5.172896,-0.124459,-2.263697
-5.172899,-0.124478,-2.263690
-5.172901,-0.124497,-2.263683
-5.172904,-0.124516,-2.263676
-5.172907,-0.124535,-2.263669
-5.172909,-0.124554,-2.263662
-5.172912,-0.124573,-2.263655
-5.172914,-0.124592,-2.263648
-5.172917,-0.124610,-2.263641
-5.172919,-0.124629,-2.263635
-5.172922,-0.124647,-2.263628
-5.172924,-0.124666,-2.263621
-5.172927,-0.124684,-2.263615
-5.172929,-0.124702,-2.263608
-5.172931,-0.124720,-2.263602
-5.172934,-0.124738,-2.263595
-5.172936,-0.124756,-2.263589
-5.172939,-0.124774,-2.263582
-5.172941,-0.124791,-2.263576
-5.172944,-0.124809,-2.263569
-5.172946,-0.124826,-2.263563
-5.172948,-0.124844,-2.263557
-5.172951,-0.124861,-2.263550
-5.172953,-0.124878,-2.263544
-5.172955,-0.124895,-2.263538
-5.172958,-0.124912,-2.263532
-5.172960,-0.124929,-2.263525
-5.172962,-0.124946,-2.263519
-5.172964,-0.124963,-2.263513
-5.172967,-0.124980,-2.263507
-5.172969,-0.124996,-2.263501
-5.172971,-0.125013,-2.263495
-5.172973,-0.125029,-2.263489
-5.172975,-0.125045,-2.263483
-5.172978,-0.125062,-2.263477
-5.172980,-0.125078,-2.263471
-5.172982,-0.125094,-2.263465
-5.172984,-0.125110,-2.263460
-5.172986,-0.125126,-2.263454
-5.172988,-0.125141,-2.263448
-5.172991,-0.125157,-2.263442
-5.172993,-0.125173,-2.263437
-5.172995,-0.125188,-2.263431
-5.172997,-0.125204,-2.263425
-5.172999,-0.125219,-2.263420
-5.173001,-0.125235,-2.263414
-5.173003,-0.125250,-2.263409
-5.173005,-0.125265,-2.263403
-5.173007,-0.125280,-2.263398
-5.173009,-0.125295,-2.263392
-5.173011,-0.125310,-2.263387
-5.173013,-0.125325,-2.263381
-5.173015,-0.125340,-2.263376
-5.173017,-0.125354,-2.263371
-5.173019,-0.125369,-2.263365
-5.173021,-0.125383,-2.263360
-5.173023,-0.125398,-2.263355
-5.173025,-0.125412,-2.263349
-5.173027,-0.125427,-2.263344
-5.173029,-0.125441,-2.263339
-5.173031,-0.125455,-2.263334
-5.173033,-0.125469,-2.263329
-5.173035,-0.125483,-2.263324
-5.173037,-0.125497,-2.263319
-5.173038,-0.125511,-2.263313
-5.173040,-0.125525,-2.263308
-5.173042,-0.125538,-2.263303
-5.173044,-0.125552,-2.263298
-5.173046,-0.125566,-2.263294
-5.173048,-0.125579,-2.263289
-5.173049,-0.125592,-2.263284
-5.173051,-0.125606,-2.263279
-5.173053,-0.125619,-2.263274
-5.173055,-0.125632,-2.263269
-5.173057,-0.125646,-2.263264
-5.173058,-0.125659,-2.263260
-5.173060,-0.125672,-2.263255
-5.173062,-0.125685,-2.263250
-5.173064,-0.125697,-2.263245
-5.173065,-0.125710,-2.263241
-5.173067,-0.125723,-2.263236
-5.173069,-0.125736,-2.263232
-5.173071,-0.125748,-2.263227
-5.173072,-0.125761,-2.263222
-5.173074,-0.125773,-2.263218
-5.173076,-0.125786,-2.263213
-5.173077,-0.125798,-2.263209
-5.173079,-0.125810,-2.263204
-5.173081,-0.125823,-2.263200
-5.173082,-0.125835,-2.263195
-5.173084,-0.125847,-2.263191
-5.173085,-0.125859,-2.263187
-5.173087,-0.125871,-2.263182
-5.173089,-0.125883,-2.263178
-5.173090,-0.125895,-2.263174
-5.173092,-0.125906,-2.263169
-5.173093,-0.125918,-2.263165
-5.173095,-0.125930,-2.263161
-5.173097,-0.125941,-2.263157
-5.173098,-0.125953,-2.263152
-5.173100,-0.125964,-2.263148
-5.173101,-0.125976,-2.263144
-5.173103,-0.125987,-2.263140
-5.173104,-0.125998,-2.263136
-5.173106,-0.126010,-2.263132
-5.173107,-0.126021,-2.263128
-5.173109,-0.126032,-2.263124
-5.173110,-0.126043,-2.263120
-5.173112,-0.126054,-2.263116
-5.173113,-0.126065,-2.263112
-5.173115,-0.126076,-2.263108
-5.173116,-0.126086,-2.263104
-5.173118,-0.126097,-2.263100
-5.173119,-0.126108,-2.263096
-5.173121,-0.126119,-2.263092
-5.173122,-0.126129,-2.263088
-5.173123,-0.126140,-2.263084
-5.173125,-0.126150,-2.263081
-5.173126,-0.126161,-2.263077
-5.173128,-0.126171,-2.263073
-5.173129,-0.126181,-2.263069
-5.173130,-0.126192,-2.263065
-5.173132,-0.126202,-2.263062
-5.173133,-0.126212,-2.263058
-5.173134,-0.126222,-2.263054
-5.173136,-0.126232,-2.263051
-5.173137,-0.126242,-2.263047
-5.173139,-0.126252,-2.263043
-5.173140,-0.126262,-2.263040
-5.173141,-0.126272,-2.263036
-5.173143,-0.126282,-2.263033
-5.173144,-0.126291,-2.263029
-5.173145,-0.126301,-2.263026
-5.173146,-0.126311,-2.263022
-5.173148,-0.126320,-2.263019
-5.173149,-0.126330,-2.263015
-5.173150,-0.126339,-2.263012
-5.173152,-0.126349,-2.263008
-5.173153,-0.126358,-2.263005
-5.173154,-0.126368,-2.263001
-5.173155,-0.126377,-2.262998
-5.173157,-0.126386,-2.262995
-5.173158,-0.126395,-2.262991
-5.173159,-0.126404,-2.262988
-5.173160,-0.126414,-2.262985
-5.173162,-0.126423,-2.262981
-5.173163,-0.126432,-2.262978
-5.173164,-0.126441,-2.262975
-5.173165,-0.126449,-2.262972
-5.173166,-0.126458,-2.262968
-5.173168,-0.126467,-2.262965
-5.173169,-0.126476,-2.262962
-5.173170,-0.126485,-2.262959
-5.173171,-0.126493,-2.262956
-5.173172,-0.126502,-2.262952
-5.173173,-0.126510,-2.262949
-5.173175,-0.126519,-2.262946
-5.173176,-0.126528,-2.262943
-5.173177,-0.126536,-2.262940
-5.173178,-0.126544,-2.262937
-5.173179,-0.126553,-2.262934
-5.173180,-0.126561,-2.262931
-5.173181,-0.126569,-2.262928
-5.173182,-0.126578,-2.262925
-5.173184,-0.126586,-2.262922
-5.173185,-0.126594,-2.262919
-5.173186,-0.126602,-2.262916
-5.173187,-0.126610,-2.262913
-5.173188,-0.126618,-2.262910
-5.173189,-0.126626,-2.262907
-5.173190,-0.126634,-2.262904
-5.173191,-0.126642,-2.262901
-5.173192,-0.126650,-2.262899
-5.173193,-0.126658,-2.262896
-5.173194,-0.126665,-2.262893
-5.173195,-0.126673,-2.262890
-5.173196,-0.126681,-2.262887
-5.173197,-0.126688,-2.262884
-5.173198,-0.126696,-2.262882
-5.173199,-0.126704,-2.262879
-5.173200,-0.126711,-2.262876
-5.173201,-0.126719,-2.262873
-5.173202,-0.126726,-2.262871
-5.173203,-0.126733,-2.262868
-5.173204,-0.126741,-2.262865
-5.173205,-0.126748,-2.262863
-5.173206,-0.126755,-2.262860
-5.173207,-0.126763,-2.262857
-5.173208,-0.126770,-2.262855
-5.173209,-0.126777,-2.262852
-5.173210,-0.126784,-2.262850
-5.173211,-0.126791,-2.262847
-5.173212,-0.126798,-2.262844
-5.173213,-0.126805,-2.262842
-5.173214,-0.126812,-2.262839
-5.173215,-0.126819,-2.262837
-5.173216,-0.126826,-2.262834
-5.173217,-0.126833,-2.262832
-5.173218,-0.126840,-2.262829
-5.173219,-0.126847,-2.262827
-5.173220,-0.126854,-2.262824
-5.173221,-0.126860,-2.262822
-5.173222,-0.126867,-2.262819
-5.173222,-0.126874,-2.262817
-5.173223,-0.126880,-2.262814
-5.173224,-0.126887,-2.262812
-5.173225,-0.126894,-2.262810
-5.173226,-0.126900,-2.262807
-5.173227,-0.126907,-2.262805
-5.173228,-0.126913,-2.262803
-5.173229,-0.126919,-2.262800
-5.173229,-0.126926,-2.262798
-5.173230,-0.126932,-2.262796
-5.173231,-0.126939,-2.262793
-5.173232,-0.126945,-2.262791
-5.173233,-0.126951,-2.262789
-5.173234,-0.126957,-2.262786
-5.173235,-0.126964,-2.262784
-5.173235,-0.126970,-2.262782
-5.173236,-0.126976,-2.262780
-5.173237,-0.126982,-2.262777
-5.173238,-0.126988,-2.262775
-5.173239,-0.126994,-2.262773
-5.173239,-0.127000,-2.262771
-5.173240,-0.127006,-2.262769
-5.173241,-0.127012,-2.262767
-5.173242,-0.127018,-2.262764
-5.173243,-0.127024,-2.262762
-5.173243,-0.127030,-2.262760
-5.173244,-0.127035,-2.262758
-5.173245,-0.127041,-2.262756
-5.173246,-0.127047,-2.262754
-5.173247,-0.127053,-2.262752
-5.173247,-0.127058,-2.262750
-5.173248,-0.127064,-2.262748
-5.173249,-0.127070,-2.262746
-5.173250,-0.127075,-2.262743
-5.173250,-0.127081,-2.262741
-5.173251,-0.127086,-2.262739
-5.173252,-0.127092,-2.262737
-5.173253,-0.127097,-2.262735
-5.173253,-0.127103,-2.262733
-5.173254,-0.127108,-2.262731
-5.173255,-0.127114,-2.262729
-5.173255,-0.127119,-2.262728
-5.173256,-0.127124,-2.262726
-5.173257,-0.127130,-2.262724
-5.173258,-0.127135,-2.262722
-5.173258,-0.127140,-2.262720
-5.173259,-0.127146,-2.262718
-5.173260,-0.127151,-2.262716
-5.173260,-0.127156,-2.262714
-5.173261,-0.127161,-2.262712
-5.173262,-0.127166,-2.262710
-5.173263,-0.127171,-2.262708
-5.173263,-0.127176,-2.262707
-5.173264,-0.127181,-2.262705
-5.173265,-0.127186,-2.262703
-5.173265,-0.127191,-2.262701
-5.173266,-0.127196,-2.262699
-5.173267,-0.127201,-2.262698
-5.173267,-0.127206,-2.262696
-5.173268,-0.127211,-2.262694
-5.173269,-0.127216,-2.262692
-5.173269,-0.127221,-2.262690
-5.173270,-0.127226,-2.262689
-5.173271,-0.127230,-2.262687
-5.173271,-0.127235,-2.262685
-5.173272,-0.127240,-2.262683
-5.173272,-0.127245,-2.262682
-5.173273,-0.127249,-2.262680
-5.173274,-0.127254,-2.262678
-5.173274,-0.127259,-2.262677
-5.173275,-0.127263,-2.262675
-5.173276,-0.127268,-2.262673
-5.173276,-0.127272,-2.262672
-5.173277,-0.127277,-2.262670
-5.173277,-0.127281,-2.262668
-5.173278,-0.127286,-2.262667
-5.173279,-0.127290,-2.262665
-5.173279,-0.127295,-2.262663
-5.173280,-0.127299,-2.262662
-5.173280,-0.127304,-2.262660
-5.173281,-0.127308,-2.262659
-5.173282,-0.127312,-2.262657
-5.173282,-0.127317,-2.262655
-5.173283,-0.127321,-2.262654
-5.173283,-0.127325,-2.262652
-5.173284,-0.127330,-2.262651
-5.173284,-0.127334,-2.262649
-5.173285,-0.127338,-2.262648
-5.173286,-0.127342,-2.262646
-5.173286,-0.127346,-2.262645
-5.173287,-0.127351,-2.262643
-5.173287,-0.127355,-2.262642
-5.173288,-0.127359,-2.262640
-5.173288,-0.127363,-2.262639
-5.173289,-0.127367,-2.262637
-5.173289,-0.127371,-2.262636
-5.173290,-0.127375,-2.262634
-5.173291,-0.127379,-2.262633
-5.173291,-0.127383,-2.262631
-5.173292,-0.127387,-2.262630
-5.173292,-0.127391,-2.262628
-5.173293,-0.127395,-2.262627
-5.173293,-0.127399,-2.262626
-5.173294,-0.127403,-2.262624
-5.173294,-0.127406,-2.262623
-5.173295,-0.127410,-2.262621
-5.173295,-0.127414,-2.262620
-5.173296,-0.127418,-2.262619
-5.173296,-0.127422,-2.262617
-5.173297,-0.127425,-2.262616
-5.173297,-0.127429,-2.262614
-5.173298,-0.127433,-2.262613
-5.173298,-0.127437,-2.262612
-5.173299,-0.127440,-2.262610
-5.173299,-0.127444,-2.262609
-5.173300,-0.127448,-2.262608
-5.173300,-0.127451,-2.262606
-5.173301,-0.127455,-2.262605
-5.173301,-0.127458,-2.262604
-5.173302,-0.127462,-2.262603
-5.173302,-0.127466,-2.262601
-5.173303,-0.127469,-2.262600
-5.173303,-0.127473,-2.262599
-5.173304,-0.127476,-2.262597
-5.173304,-0.127480,-2.262596
-5.173305,-0.127483,-2.262595
-5.173305,-0.127486,-2.262594
-5.173305,-0.127490,-2.262592
-5.173306,-0.127493,-2.262591
-5.173306,-0.127497,-2.262590
-5.173307,-0.127500,-2.262589
-5.173307,-0.127503,-2.262587
-5.173308,-0.127507,-2.262586
-5.173308,-0.127510,-2.262585
-5.173309,-0.127513,-2.262584
-5.173309,-0.127517,-2.262583
-5.173310,-0.127520,-2.262581
-5.173310,-0.127523,-2.262580
-5.173310,-0.127526,-2.262579
-5.173311,-0.127529,-2.262578
-5.173311,-0.127533,-2.262577
-5.173312,-0.127536,-2.262576
-5.173312,-0.127539,-2.262574
-5.173585,-0.127716,-2.262202
-5.174104,-0.128053,-2.261494
-5.174845,-0.128534,-2.260484
-5.175783,-0.129144,-2.259201
-5.176901,-0.129871,-2.257674
-5.178179,-0.130704,-2.255927
-5.179602,-0.131631,-2.253981
-5.181153,-0.132645,-2.251856
-5.182821,-0.133736,-2.249569
-5.184594,-0.134897,-2.247137
-5.186460,-0.136121,-2.244575
-5.188409,-0.137402,-2.241894
-5.190434,-0.138736,-2.239106
-5.192526,-0.140116,-2.236223
-5.194678,-0.141539,-2.233252
-5.196884,-0.143000,-2.230204
-5.199138,-0.144496,-2.227085
-5.201436,-0.146024,-2.223902
-5.203771,-0.147581,-2.220662
-5.206141,-0.149164,-2.217370
-5.208541,-0.150771,-2.214030
-5.210968,-0.152400,-2.210649
-5.213419,-0.154049,-2.207228
-5.215892,-0.155715,-2.203773
-5.218383,-0.157399,-2.200287
-5.220891,-0.159097,-2.196772
-5.223414,-0.160810,-2.193231
-5.225950,-0.162535,-2.189667
-5.228497,-0.164272,-2.186081
-5.231053,-0.166020,-2.182476
-5.233618,-0.167778,-2.178853
-5.236191,-0.169546,-2.175215
-5.238770,-0.171322,-2.171561
-5.241354,-0.173105,-2.167895
-5.243943,-0.174897,-2.164216
-5.246535,-0.176695,-2.160526
-5.249131,-0.178500,-2.156825
-5.251729,-0.180311,-2.153116
-5.254329,-0.182128,-2.149398
-5.256930,-0.183951,-2.145671
-5.259533,-0.185778,-2.141938
-5.262135,-0.187610,-2.138198
-5.264738,-0.189447,-2.134451
-5.267341,-0.191289,-2.130699
-5.269943,-0.193134,-2.126941
-5.272545,-0.194984,-2.123178
-5.275146,-0.196838,-2.119411
-5.277745,-0.198695,-2.115639
-5.280343,-0.200556,-2.111863
-5.282940,-0.202421,-2.108083
-5.285535,-0.204289,-2.104299
-5.288128,-0.206160,-2.100512
-5.290719,-0.208035,-2.096721
-5.293308,-0.209912,-2.092927
-5.295895,-0.211793,-2.089130
-5.298479,-0.213677,-2.085331
-5.301062,-0.215564,-2.081528
-5.303641,-0.217453,-2.077723
-5.306219,-0.219346,-2.073915
-5.308793,-0.221241,-2.070105
-5.311365,-0.223139,-2.066292
-5.313935,-0.225040,-2.062477
-5.316501,-0.226944,-2.058660
-5.319065,-0.228850,-2.054840
-5.321627,-0.230759,-2.051019
-5.324185,-0.232671,-2.047195
-5.326740,-0.234585,-2.043369
-5.329293,-0.236502,-2.039541
-5.331842,-0.238422,-2.035711
-5.334389,-0.240344,-2.031879
-5.336933,-0.242268,-2.028045
-5.339474,-0.244195,-2.024209
-5.342011,-0.246125,-2.020371
-5.344546,-0.248057,-2.016531
-5.347078,-0.249992,-2.012689
-5.349606,-0.251929,-2.008846
-5.352132,-0.253869,-2.005001
-5.354655,-0.255811,-2.001153
-5.357174,-0.257756,-1.997304
-5.359691,-0.259703,-1.993454
-5.362204,-0.261653,-1.989601
-5.364714,-0.263605,-1.985747
-5.367221,-0.265559,-1.981890
-5.369725,-0.267516,-1.978033
-5.372226,-0.269476,-1.974173
-5.374724,-0.271438,-1.970311
-5.377219,-0.273402,-1.966448
-5.379710,-0.275369,-1.962583
-5.382198,-0.277338,-1.958717
-5.384684,-0.279310,-1.954848
-5.387166,-0.281284,-1.950978
-5.389645,-0.283260,-1.947107
-5.392120,-0.285239,-1.943233
-5.394593,-0.287221,-1.939358
-5.397062,-0.289204,-1.935481
-5.399529,-0.291191,-1.931602
-5.401992,-0.293179,-1.927722
-5.404451,-0.295170,-1.923840
-5.406908,-0.297164,-1.919956
-5.409362,-0.299159,-1.916071
-5.411812,-0.301158,-1.912184
-5.414259,-0.303158,-1.908295
-5.416703,-0.305161,-1.904405
-5.419144,-0.307166,-1.900513
-5.421581,-0.309174,-1.896619
-5.424016,-0.311184,-1.892724
-5.426447,-0.313197,-1.888827
-5.428875,-0.315212,-1.884928
-5.431299,-0.317229,-1.881027
-5.433721,-0.319249,-1.877125
-5.436139,-0.321271,-1.873222
-5.438554,-0.323296,-1.869316
-5.440966,-0.325322,-1.865409
-5.443375,-0.327352,-1.861500
-5.445780,-0.329383,-1.857590
-5.448182,-0.331417,-1.853678
-5.450581,-0.333454,-1.849764
-5.452977,-0.335492,-1.845849
-5.455369,-0.337533,-1.841932
-5.457758,-0.339577,-1.838014
-5.460144,-0.341623,-1.834094
-5.462527,-0.343671,-1.830172
-5.464906,-0.345721,-1.826248
-5.467283,-0.347774,-1.822323
-5.469655,-0.349830,-1.818396
-5.472025,-0.351887,-1.814468
-5.474392,-0.353947,-1.810538
-5.476755,-0.356010,-1.806606
-5.479115,-0.358074,-1.802673
-5.481471,-0.360141,-1.798738
-5.483825,-0.362211,-1.794802
-5.486175,-0.364282,-1.790864
-5.488521,-0.366356,-1.786924
-5.490865,-0.368433,-1.782983
-5.493205,-0.370512,-1.779040
-5.495542,-0.372593,-1.775095
-5.497876,-0.374676,-1.771149
-5.500206,-0.376762,-1.767202
-5.502533,-0.378850,-1.763252
-5.504857,-0.380940,-1.759301
-5.507178,-0.383033,-1.755349
-5.509495,-0.385128,-1.751395
-5.511809,-0.387226,-1.747439
-5.514120,-0.389325,-1.743481
-5.516427,-0.391427,-1.739523
-5.518731,-0.393532,-1.735562
-5.521032,-0.395639,-1.731600
-5.523329,-0.397748,-1.727636
-5.525623,-0.399859,-1.723671
-5.527914,-0.401973,-1.719704
-5.530201,-0.404089,-1.715736
-5.532486,-0.406207,-1.711766
-5.534766,-0.408327,-1.707794
-5.537044,-0.410450,-1.703821
-5.539318,-0.412576,-1.699846
-5.541589,-0.414703,-1.695870
-5.543856,-0.416833,-1.691892
-5.546121,-0.418965,-1.687912
-5.548381,-0.421100,-1.683931
-5.550639,-0.423236,-1.679949
-5.552893,-0.425375,-1.675965
-5.555144,-0.427517,-1.671979
-5.557391,-0.429660,-1.667992
-5.559636,-0.431806,-1.664003
-5.561876,-0.433954,-1.660013
-5.564114,-0.436105,-1.656021
-5.566348,-0.438258,-1.652027
-5.568578,-0.440413,-1.648032
-5.570806,-0.442570,-1.644036
-5.573030,-0.444730,-1.640037
-5.575250,-0.446891,-1.636038
-5.577468,-0.449056,-1.632037
-5.579682,-0.451222,-1.628034
-5.581892,-0.453391,-1.624030
-5.584099,-0.455562,-1.620024
-5.586303,-0.457735,-1.616016
-5.588503,-0.459911,-1.612007
-5.590700,-0.462088,-1.607997
-5.592894,-0.464269,-1.603985
-5.595084,-0.466451,-1.599972
-5.597271,-0.468635,-1.595957
-5.599454,-0.470822,-1.591940
-5.601634,-0.473011,-1.587922
-5.603811,-0.475203,-1.583902
-5.605984,-0.477396,-1.579881
-5.608154,-0.479592,-1.575859
-5.610321,-0.481790,-1.571835
-5.612484,-0.483991,-1.567809
-5.614643,-0.486194,-1.563782
-5.616800,-0.488398,-1.559753
-5.618952,-0.490606,-1.555723
-5.621102,-0.492815,-1.551692
-5.623248,-0.495026,-1.547658
-5.625390,-0.497240,-1.543624
-5.627529,-0.499456,-1.539588
-5.629665,-0.501675,-1.535550
-5.631798,-0.503895,-1.531511
-5.633926,-0.506118,-1.527470
-5.636052,-0.508343,-1.523428
-5.638174,-0.510570,-1.519384
-5.640292,-0.512800,-1.515339
-5.642408,-0.515031,-1.511293
-5.644519,-0.517265,-1.507245
-5.646627,-0.519501,-1.503195
-5.648732,-0.521740,-1.499144
-5.650834,-0.523980,-1.495091
-5.652932,-0.526223,-1.491037
-5.655026,-0.528468,-1.486982
-5.657117,-0.530715,-1.482925
-5.659205,-0.532965,-1.478867
-5.661289,-0.535216,-1.474807
-5.663369,-0.537470,-1.470745
-5.665447,-0.539726,-1.466683
-5.667520,-0.541984,-1.462618
-5.669590,-0.544245,-1.458553
-5.671657,-0.546508,-1.454485
-5.673721,-0.548772,-1.450417
-5.675780,-0.551039,-1.446347
-5.677837,-0.553309,-1.442275
-5.679890,-0.555580,-1.438202
-5.681939,-0.557854,-1.434128
-5.683985,-0.560129,-1.430052
-5.686027,-0.562407,-1.425974
-5.688066,-0.564688,-1.421896
-5.690102,-0.566970,-1.417815
-5.692134,-0.569254,-1.413734
-5.694162,-0.571541,-1.409651
-5.696187,-0.573830,-1.405566
-5.698209,-0.576121,-1.401480
-5.700226,-0.578414,-1.397393
-5.702241,-0.580710,-1.393304
-5.704252,-0.583007,-1.389214
-5.706259,-0.585307,-1.385122
-5.708263,-0.587609,-1.381029
-5.710264,-0.589913,-1.376934
-5.712261,-0.592219,-1.372838
-5.714254,-0.594527,-1.368741
-5.716244,-0.596838,-1.364642
-5.718230,-0.599150,-1.360542
-5.720213,-0.601465,-1.356440
-5.722192,-0.603782,-1.352337
-5.724168,-0.606101,-1.348233
-5.726140,-0.608423,-1.344127
-5.728109,-0.610746,-1.340020
-5.730074,-0.613072,-1.335911
-5.732036,-0.615399,-1.331801
-5.733994,-0.617729,-1.327689
-5.735948,-0.620061,-1.323576
-5.737899,-0.622395,-1.319462
-5.739847,-0.624731,-1.315347
-5.741791,-0.627070,-1.311229
-5.743731,-0.629410,-1.307111
-5.745668,-0.631753,-1.302991
-5.747601,-0.634098,-1.298870
-5.749531,-0.636445,-1.294747
-5.751457,-0.638794,-1.290623
-5.753380,-0.641145,-1.286498
-5.755299,-0.643498,-1.282371
-5.757214,-0.645853,-1.278243
-5.759126,-0.648211,-1.274114
-5.761034,-0.650570,-1.269983
-5.762939,-0.652932,-1.265851
-5.764840,-0.655296,-1.261717
-5.766738,-0.657662,-1.257582
-5.768632,-0.660030,-1.253446
-5.770522,-0.662400,-1.249308
-5.772409,-0.664772,-1.245169
-5.774292,-0.667147,-1.241028
-5.776172,-0.669523,-1.236887
-5.778048,-0.671901,-1.232743
-5.779921,-0.674282,-1.228599
-5.781790,-0.676665,-1.224453
-5.783655,-0.679049,-1.220306
-5.785517,-0.681436,-1.216157
-5.787375,-0.683825,-1.212007
-5.789229,-0.686216,-1.207856
-5.791080,-0.688609,-1.203704
-5.792927,-0.691005,-1.199550
-5.794771,-0.693402,-1.195395
-5.796611,-0.695801,-1.191238
-5.798448,-0.698203,-1.187080
-5.800280,-0.700606,-1.182921
-5.802110,-0.703012,-1.178760
-5.803935,-0.705419,-1.174598
-5.805757,-0.707829,-1.170435
-5.807575,-0.710241,-1.166270
-5.809390,-0.712654,-1.162105
-5.811201,-0.715070,-1.157937
-5.813009,-0.717488,-1.153769
-5.814813,-0.719908,-1.149599
-5.816613,-0.722330,-1.145428
-5.818409,-0.724754,-1.141255
-5.820202,-0.727180,-1.137082
-5.821991,-0.729609,-1.132906
-5.823777,-0.732039,-1.128730
-5.825559,-0.734471,-1.124552
-5.827337,-0.736905,-1.120373
-5.829112,-0.739342,-1.116193
-5.830883,-0.741780,-1.112011
-5.832650,-0.744220,-1.107828
-5.834414,-0.746663,-1.103644
-5.836174,-0.749107,-1.099459
-5.837931,-0.751554,-1.095272
-5.839683,-0.754002,-1.091084
-5.841432,-0.756453,-1.086895
-5.843178,-0.758905,-1.082704
-5.844920,-0.761360,-1.078512
-5.846658,-0.763816,-1.074319
-5.848392,-0.766275,-1.070124
-5.850123,-0.768736,-1.065928
-5.851850,-0.771198,-1.061731
-5.853573,-0.773663,-1.057533
-5.855293,-0.776130,-1.053333
-5.857009,-0.778598,-1.049133
-5.858721,-0.781069,-1.044930
-5.860430,-0.783541,-1.040727
-5.862135,-0.786016,-1.036522
-5.863836,-0.788493,-1.032316
-5.865533,-0.790971,-1.028109
-5.867227,-0.793452,-1.023901
-5.868917,-0.795935,-1.019691
-5.870604,-0.798419,-1.015480
-5.872286,-0.800906,-1.011268
-5.873965,-0.803394,-1.007055
-5.875641,-0.805885,-1.002840
-5.877312,-0.808377,-0.998624
-5.878980,-0.810872,-0.994407
-5.880644,-0.813368,-0.990188
-5.882305,-0.815867,-0.985969
-5.883962,-0.818367,-0.981748
-5.885615,-0.820870,-0.977525
-5.887264,-0.823374,-0.973302
-5.888910,-0.825880,-0.969077
-5.890552,-0.828389,-0.964852
-5.892190,-0.830899,-0.960624
-5.893824,-0.833411,-0.956396
-5.895455,-0.835925,-0.952167
-5.897082,-0.838441,-0.947936
-5.898705,-0.840959,-0.943704
-5.900324,-0.843479,-0.939471
-5.901940,-0.846001,-0.935236
-5.903552,-0.848525,-0.931001
-5.905160,-0.851051,-0.926764
-5.906765,-0.853579,-0.922526
-5.908365,-0.856109,-0.918286
-5.909962,-0.858640,-0.914046
-5.911556,-0.861174,-0.909804
-5.913145,-0.863709,-0.905561
-5.914731,-0.866247,-0.901317
-5.916313,-0.868786,-0.897072
-5.917891,-0.871328,-0.892826
-5.919466,-0.873871,-0.888578
-5.921036,-0.876416,-0.884329
-5.922603,-0.878963,-0.880079
-5.924166,-0.881512,-0.875828
-5.925726,-0.884063,-0.871575
-5.927281,-0.886616,-0.867322
-5.928833,-0.889170,-0.863067
-5.930381,-0.891727,-0.858811
-5.931925,-0.894286,-0.854554
-5.933466,-0.896846,-0.850295
-5.935003,-0.899408,-0.846036
-5.936536,-0.901973,-0.841775
-5.938065,-0.904539,-0.837513
-5.939590,-0.907107,-0.833250
-5.941112,-0.909677,-0.828986
-5.942629,-0.912248,-0.824721
-5.944143,-0.914822,-0.820454
-5.945653,-0.917398,-0.816186
-5.947160,-0.919975,-0.811918
-5.948662,-0.922555,-0.807648
-5.950161,-0.925136,-0.803376
-5.951656,-0.927719,-0.799104
-5.953147,-0.930304,-0.794831
-5.954635,-0.932891,-0.790556
-5.956118,-0.935479,-0.786280
-5.957598,-0.938070,-0.782003
-5.959074,-0.940662,-0.777725
-5.960546,-0.943257,-0.773446
-5.962014,-0.945853,-0.769166
-5.963479,-0.948451,-0.764884
-5.964939,-0.951051,-0.760602
-5.966396,-0.953653,-0.756318
-5.967849,-0.956256,-0.752033
-5.969298,-0.958862,-0.747747
-5.970744,-0.961469,-0.743460
-5.972185,-0.964078,-0.739172
-5.973623,-0.966689,-0.734882
-5.975057,-0.969302,-0.730592
-5.976487,-0.971917,-0.726300
-5.977913,-0.974533,-0.722007
-5.979335,-0.977151,-0.717713
-5.980753,-0.979772,-0.713418
-5.982168,-0.982394,-0.709122
-5.983579,-0.985017,-0.704825
-5.984986,-0.987643,-0.700527
-5.986389,-0.990271,-0.696227
-5.987788,-0.992900,-0.691927
-5.989183,-0.995531,-0.687625
-5.990575,-0.998164,-0.683323
-5.991963,-1.000799,-0.679019
-5.993346,-1.003435,-0.674714
-5.994726,-1.006073,-0.670408
-5.996102,-1.008714,-0.666101
-5.997475,-1.011356,-0.661792
-5.998843,-1.013999,-0.657483
-6.000207,-1.016645,-0.653173
-6.001568,-1.019292,-0.648861
-6.002925,-1.021941,-0.644549
-6.004277,-1.024592,-0.640235
-6.005626,-1.027245,-0.635921
-6.006971,-1.029900,-0.631605
-6.008313,-1.032556,-0.627288
-6.009650,-1.035214,-0.622970
-6.010983,-1.037874,-0.618651
-6.012313,-1.040536,-0.614331
-6.013638,-1.043199,-0.610010
-6.014960,-1.045864,-0.605688
-6.016278,-1.048531,-0.601365
-6.017592,-1.051200,-0.597040
-6.018902,-1.053871,-0.592715
-6.020208,-1.056543,-0.588388
-6.021510,-1.059217,-0.584061
-6.022809,-1.061893,-0.579732
-6.024103,-1.064570,-0.575403
-6.025394,-1.067250,-0.571072
-6.026680,-1.069931,-0.566741
-6.027963,-1.072613,-0.562408
-6.029242,-1.075298,-0.558074
-6.030517,-1.077984,-0.553739
-6.031788,-1.080672,-0.549404
-6.033055,-1.083362,-0.545067
-6.034318,-1.086054,-0.540729
-6.035577,-1.088747,-0.536390
-6.036833,-1.091442,-0.532050
-6.038084,-1.094139,-0.527709
-6.039331,-1.096837,-0.523367
-6.040575,-1.099538,-0.519024
-6.041815,-1.102239,-0.514680
-6.043050,-1.104943,-0.510335
-6.044282,-1.107648,-0.505989
-6.045510,-1.110356,-0.501642
-6.046734,-1.113064,-0.497294
-6.047954,-1.115775,-0.492944
-6.049169,-1.118487,-0.488594
-6.050382,-1.121201,-0.484243
-6.051590,-1.123917,-0.479891
-6.052794,-1.126634,-0.475538
-6.053994,-1.129353,-0.471184
-6.055190,-1.132074,-0.466829
-6.056382,-1.134796,-0.462472
-6.057571,-1.137520,-0.458115
-6.058755,-1.140246,-0.453757
-6.059936,-1.142974,-0.449398
-6.061112,-1.145703,-0.445038
-6.062285,-1.148434,-0.440677
-6.063453,-1.151166,-0.436315
-6.064618,-1.153901,-0.431952
-6.065778,-1.156637,-0.427587
-6.066935,-1.159374,-0.423222
-6.068087,-1.162113,-0.418856
-6.069236,-1.164854,-0.414489
-6.070381,-1.167597,-0.410122
-6.071522,-1.170341,-0.405753
-6.072658,-1.173087,-0.401383
-6.073791,-1.175835,-0.397012
-6.074920,-1.178584,-0.392640
-6.076045,-1.181335,-0.388267
-6.077166,-1.184088,-0.383893
-6.078282,-1.186842,-0.379519
-6.079395,-1.189598,-0.375143
-6.080504,-1.192355,-0.370766
-6.081609,-1.195114,-0.366389
-6.082710,-1.197875,-0.362010
-6.083807,-1.200638,-0.357631
-6.084900,-1.203402,-0.353250
-6.085989,-1.206167,-0.348869
-6.087074,-1.208935,-0.344487
-6.088154,-1.211704,-0.340103
-6.089231,-1.214474,-0.335719
-6.090304,-1.217246,-0.331334
-6.091373,-1.220020,-0.326948
-6.092438,-1.222796,-0.322561
-6.093499,-1.225573,-0.318173
-6.094556,-1.228351,-0.313784
-6.095608,-1.231132,-0.309395
-6.096657,-1.233914,-0.305004
-6.097702,-1.236697,-0.300612
-6.098743,-1.239482,-0.296220
-6.099780,-1.242269,-0.291826
-6.100812,-1.245057,-0.287432
-6.101841,-1.247847,-0.283037
-6.102866,-1.250639,-0.278640
-6.103886,-1.253432,-0.274243
-6.104903,-1.256226,-0.269845
-6.105916,-1.259023,-0.265446
-6.106924,-1.261820,-0.261046
-6.107929,-1.264620,-0.256646
-6.108929,-1.267421,-0.252244
-6.109926,-1.270223,-0.247842
-6.110918,-1.273028,-0.243438
-6.111906,-1.275833,-0.239034
-6.112891,-1.278641,-0.234629
-6.113871,-1.281449,-0.230222
-6.114847,-1.284260,-0.225815
-6.115819,-1.287072,-0.221408
-6.116787,-1.289885,-0.216999
-6.117752,-1.292701,-0.212589
-6.118712,-1.295517,-0.208179
-6.119668,-1.298335,-0.203767
-6.120619,-1.301155,-0.199355
-6.121567,-1.303976,-0.194942
-6.122511,-1.306799,-0.190528
-6.123451,-1.309624,-0.186113
-6.124387,-1.312450,-0.181697
-6.125318,-1.315277,-0.177281
-6.126246,-1.318106,-0.172863
-6.127169,-1.320937,-0.168445
-6.128089,-1.323769,-0.164026
-6.129004,-1.326602,-0.159606
-6.129915,-1.329437,-0.155185
-6.130822,-1.332274,-0.150763
-6.131725,-1.335112,-0.146340
-6.132624,-1.337952,-0.141917
-6.133519,-1.340793,-0.137492
-6.134410,-1.343636,-0.133067
-6.135297,-1.346480,-0.128641
-6.136180,-1.349326,-0.124215
-6.137058,-1.352173,-0.119787
-6.137933,-1.355021,-0.115358
-6.138803,-1.357872,-0.110929
-6.139670,-1.360723,-0.106499
-6.140532,-1.363577,-0.102068
-6.141390,-1.366431,-0.097636
-6.142244,-1.369287,-0.093203
-6.143094,-1.372145,-0.088770
-6.143940,-1.375004,-0.084336
-6.144782,-1.377865,-0.079900
-6.145619,-1.380727,-0.075464
-6.146453,-1.383590,-0.071028
-6.147282,-1.386456,-0.066590
-6.148108,-1.389322,-0.062152
-6.148929,-1.392190,-0.057713
-6.149746,-1.395059,-0.053273
-6.150559,-1.397930,-0.048832
-6.151368,-1.400803,-0.044390
-6.152173,-1.403677,-0.039948
-6.152973,-1.406552,-0.035504
-6.153770,-1.409429,-0.031060
-6.154562,-1.412307,-0.026616
-6.155351,-1.415186,-0.022170
-6.156135,-1.418067,-0.017724
-6.156915,-1.420950,-0.013277
-6.157691,-1.423834,-0.008829
-6.158462,-1.426719,-0.004380
-6.159230,-1.429606,0.000070
-6.159994,-1.432494,0.004520
-6.160753,-1.435384,0.008971
-6.161508,-1.438275,0.013423
-6.162259,-1.441168,0.017876
-6.163006,-1.444062,0.022329
-6.163749,-1.446957,0.026783
-6.164488,-1.449854,0.031238
-6.165223,-1.452752,0.035694
-6.165953,-1.455651,0.040150
-6.166679,-1.458553,0.044608
-6.167401,-1.461455,0.049066
-6.168119,-1.464359,0.053524
-6.168833,-1.467264,0.057984
-6.169543,-1.470171,0.062444
-6.170249,-1.473079,0.066905
-6.170950,-1.475988,0.071367
-6.171647,-1.478899,0.075830
-6.172340,-1.481811,0.080293
-6.173029,-1.484724,0.084757
-6.173714,-1.487639,0.089222
-6.174394,-1.490556,0.093687
-6.175071,-1.493473,0.098153
-6.175743,-1.496392,0.102620
-6.176411,-1.499313,0.107088
-6.177075,-1.502235,0.111556
-6.177735,-1.505158,0.116026
-6.178391,-1.508082,0.120495
-6.179042,-1.511008,0.124966
-6.179689,-1.513936,0.129437
-6.180332,-1.516864,0.133909
-6.180971,-1.519794,0.138382
-6.181606,-1.522725,0.142856
-6.182236,-1.525658,0.147330
-6.182863,-1.528592,0.151805
-6.183485,-1.531527,0.156280
-6.184103,-1.534464,0.160757
-6.184717,-1.537402,0.165234
-6.185326,-1.540341,0.169712
-6.185932,-1.543282,0.174190
-6.186533,-1.546224,0.178669
-6.187130,-1.549167,0.183149
-6.187723,-1.552112,0.187630
-6.188312,-1.555058,0.192111
-6.188896,-1.558005,0.196593
-6.189476,-1.560954,0.201075
-6.190052,-1.563904,0.205559
-6.190624,-1.566855,0.210043
-6.191192,-1.569808,0.214527
-6.191755,-1.572761,0.219013
-6.192315,-1.575717,0.223499
-6.192870,-1.578673,0.227985
-6.193420,-1.581631,0.232473
-6.193967,-1.584590,0.236961
-6.194509,-1.587550,0.241450
-6.195048,-1.590512,0.245939
-6.195582,-1.593475,0.250429
-6.196111,-1.596439,0.254920
-6.196637,-1.599404,0.259411
-6.197158,-1.602371,0.263903
-6.197676,-1.605339,0.268396
-6.198188,-1.608308,0.272889
-6.198697,-1.611279,0.277383
-6.199202,-1.614250,0.281878
-6.199702,-1.617224,0.286373
-6.200198,-1.620198,0.290869
-6.200690,-1.623173,0.295366
-6.201177,-1.626150,0.299863
-6.201661,-1.629128,0.304361
-6.202140,-1.632108,0.308860
-6.202614,-1.635088,0.313359
-6.203085,-1.638070,0.317859
-6.203552,-1.641053,0.322359
-6.204014,-1.644037,0.326860
-6.204472,-1.647023,0.331362
-6.204925,-1.650010,0.335864
-6.205375,-1.652998,0.340367
-6.205820,-1.655987,0.344871
-6.206261,-1.658977,0.349375
-6.206698,-1.661969,0.353880
-6.207130,-1.664962,0.358385
-6.207558,-1.667956,0.362891
-6.207982,-1.670951,0.367398
-6.208402,-1.673948,0.371905
-6.208817,-1.676946,0.376413
-6.209229,-1.679945,0.380922
-6.209636,-1.682945,0.385431
-6.210038,-1.685946,0.389941
-6.210437,-1.688949,0.394451
-6.210831,-1.691953,0.398962
-6.211221,-1.694957,0.403473
-6.211606,-1.697964,0.407985
-6.211988,-1.700971,0.412498
-6.212365,-1.703979,0.417011
-6.212738,-1.706989,0.421525
-6.213106,-1.710000,0.426040
-6.213471,-1.713012,0.430555
-6.213831,-1.716025,0.435070
-6.214187,-1.719040,0.439587
-6.214538,-1.722055,0.444103
-6.214885,-1.725072,0.448621
-6.215228,-1.728090,0.453139
-6.215567,-1.731109,0.457657
-6.215902,-1.734129,0.462176
-6.216232,-1.737150,0.466696
-6.216558,-1.740173,0.471216
-6.216879,-1.743196,0.475737
-6.217196,-1.746221,0.480258
-6.217509,-1.749247,0.484780
-6.217818,-1.752274,0.489302
-6.218123,-1.755302,0.493825
-6.218423,-1.758332,0.498349
-6.218719,-1.761362,0.502873
-6.219010,-1.764394,0.507398
-6.219298,-1.767426,0.511923
-6.219581,-1.770460,0.516449
-6.219859,-1.773495,0.520975
-6.220134,-1.776531,0.525502
-6.220404,-1.779568,0.530029
-6.220670,-1.782607,0.534557
-6.220931,-1.785646,0.539085
-6.221188,-1.788686,0.543614
-6.221441,-1.791728,0.548144
-6.221690,-1.794771,0.552674
-6.221934,-1.797815,0.557204
-6.222174,-1.800859,0.561735
-6.222410,-1.803905,0.566267
-6.222641,-1.806953,0.570799
-6.222868,-1.810001,0.575332
-6.223091,-1.813050,0.579865
-6.223310,-1.816100,0.584398
-6.223524,-1.819152,0.588933
-6.223734,-1.822204,0.593467
-6.223939,-1.825258,0.598002
-6.224140,-1.828312,0.602538
-6.224337,-1.831368,0.607074
-6.224530,-1.834425,0.611611
-6.224718,-1.837482,0.616148
-6.224902,-1.840541,0.620686
-6.225082,-1.843601,0.625224
-6.225257,-1.846662,0.629763
-6.225428,-1.849724,0.634302
-6.225594,-1.852787,0.638841
-6.225757,-1.855851,0.643381
-6.225915,-1.858916,0.647922
-6.226068,-1.861983,0.652463
-6.226218,-1.865050,0.657005
-6.226363,-1.868118,0.661547
-6.226503,-1.871187,0.666089
-6.226640,-1.874258,0.670632
-6.226772,-1.877329,0.675176
-6.226899,-1.880401,0.679720
-6.227023,-1.883475,0.684264
-6.227142,-1.886549,0.688809
-6.227256,-1.889624,0.693354
-6.227367,-1.892701,0.697900
-6.227472,-1.895778,0.702446
-6.227574,-1.898856,0.706993
-6.227671,-1.901936,0.711540
-6.227764,-1.905016,0.716088
-6.227853,-1.908098,0.720636
-6.227937,-1.911180,0.725184
-6.228017,-1.914263,0.729733
-6.228092,-1.917348,0.734282
-6.228164,-1.920433,0.738832
-6.228230,-1.923519,0.743382
-6.228293,-1.926607,0.747933
-6.228351,-1.929695,0.752484
-6.228405,-1.932784,0.757036
-6.228454,-1.935874,0.761588
-6.228499,-1.938965,0.766140
-6.228540,-1.942058,0.770693
-6.228576,-1.945151,0.775246
-6.228608,-1.948245,0.779800
-6.228636,-1.951340,0.784354
-6.228659,-1.954436,0.788909
-6.228678,-1.957533,0.793464
-6.228692,-1.960630,0.798019
-6.228702,-1.963729,0.802575
-6.228708,-1.966829,0.807131
-6.228710,-1.969929,0.811688
-6.228707,-1.973031,0.816245
-6.228699,-1.976134,0.820802
-6.228688,-1.979237,0.825360
-6.228671,-1.982341,0.829918
-6.228651,-1.985447,0.834477
-6.228626,-1.988553,0.839036
-6.228597,-1.991660,0.843595
-6.228563,-1.994768,0.848155
-6.228525,-1.997877,0.852715
-6.228483,-2.000987,0.857276
-6.228436,-2.004098,0.861837
-6.228385,-2.007209,0.866398
-6.228330,-2.010322,0.870960
-6.228270,-2.013435,0.875522
-6.228206,-2.016550,0.880084
-6.228137,-2.019665,0.884647
-6.228064,-2.022781,0.889210
-6.227986,-2.025898,0.893774
-6.227905,-2.029016,0.898338
-6.227818,-2.032135,0.902902
-6.227728,-2.035254,0.907467
-6.227633,-2.038375,0.912032
-6.227533,-2.041496,0.916597
-6.227430,-2.044618,0.921163
-6.227321,-2.047741,0.925729
-6.227209,-2.050865,0.930296
-6.227092,-2.053990,0.934862
-6.226970,-2.057116,0.939430
-6.226845,-2.060242,0.943997
-6.226715,-2.063370,0.948565
-6.226580,-2.066498,0.953133
-6.226441,-2.069627,0.957702
-6.226298,-2.072757,0.962271
-6.226150,-2.075888,0.966840
-6.225998,-2.079019,0.971409
-6.225841,-2.082151,0.975979
-6.225680,-2.085285,0.980549
-6.225515,-2.088419,0.985120
-6.225345,-2.091554,0.989691
-6.225170,-2.094689,0.994262
-6.224992,-2.097826,0.998834
-6.224809,-2.100963,1.003405
-6.224621,-2.104101,1.007978
-6.224429,-2.107240,1.012550
-6.224233,-2.110380,1.017123
-6.224032,-2.113520,1.021696
-6.223827,-2.116662,1.026269
-6.223618,-2.119804,1.030843
-6.223404,-2.122947,1.035417
-6.223185,-2.126090,1.039991
-6.222962,-2.129235,1.044566
-6.222735,-2.132380,1.049141
-6.222504,-2.135526,1.053716
-6.222267,-2.138673,1.058292
-6.222027,-2.141821,1.062867
-6.221782,-2.144969,1.067443
-6.221533,-2.148118,1.072020
-6.221279,-2.151268,1.076597
-6.221021,-2.154419,1.081173
-6.220758,-2.157570,1.085751
-6.220491,-2.160722,1.090328
-6.220219,-2.163875,1.094906
-6.219943,-2.167029,1.099484
-6.219663,-2.170183,1.104062
-6.219378,-2.173338,1.108641
-6.219089,-2.176494,1.113220
-6.218795,-2.179651,1.117799
-6.218497,-2.182808,1.122378
-6.218195,-2.185966,1.126958
-6.217888,-2.189125,1.131538
-6.217576,-2.192285,1.136118
-6.217260,-2.195445,1.140699
-6.216940,-2.198606,1.145279
-6.216615,-2.201768,1.149860
-6.216286,-2.204930,1.154441
-6.215952,-2.208093,1.159023
-6.215614,-2.211257,1.163605
-6.215272,-2.214422,1.168187
-6.214925,-2.217587,1.172769
-6.214573,-2.220753,1.177351
-6.214217,-2.223920,1.181934
-6.213857,-2.227087,1.186517
-6.213492,-2.230255,1.191100
-6.213123,-2.233424,1.195683
-6.212749,-2.236593,1.200267
-6.212371,-2.239763,1.204851
-6.211988,-2.242934,1.209435
-6.211601,-2.246106,1.214019
-6.211210,-2.249278,1.218603
-6.210814,-2.252450,1.223188
-6.210414,-2.255624,1.227773
-6.210009,-2.258798,1.232358
-6.209599,-2.261973,1.236943
-6.209185,-2.265148,1.241529
-6.208767,-2.268324,1.246115
-6.208345,-2.271501,1.250701
-6.207917,-2.274678,1.255287
-6.207486,-2.277856,1.259873
-6.207050,-2.281035,1.264460
-6.206609,-2.284214,1.269047
-6.206164,-2.287394,1.273634
-6.205714,-2.290575,1.278221
-6.205260,-2.293756,1.282808
-6.204802,-2.296938,1.287396
-6.204339,-2.300120,1.291983
-6.203872,-2.303303,1.296571
-6.203400,-2.306487,1.301159
-6.202924,-2.309671,1.305748
-6.202443,-2.312856,1.310336
-6.201957,-2.316041,1.314925
-6.201468,-2.319227,1.319514
-6.200974,-2.322414,1.324103
-6.200475,-2.325601,1.328692
-6.199972,-2.328789,1.333281
-6.199464,-2.331978,1.337870
-6.198952,-2.335167,1.342460
-6.198435,-2.338356,1.347050
-6.197914,-2.341547,1.351640
-6.197389,-2.344738,1.356230
-6.196859,-2.347929,1.360820
-6.196324,-2.351121,1.365411
-6.195785,-2.354313,1.370001
-6.195242,-2.357506,1.374592
-6.194694,-2.360700,1.379183
-6.194141,-2.363894,1.383774
-6.193584,-2.367089,1.388365
-6.193023,-2.370284,1.392956
-6.192457,-2.373480,1.397548
-6.191887,-2.376677,1.402140
-6.191312,-2.379874,1.406731
-6.190732,-2.383071,1.411323
-6.190149,-2.386269,1.415915
-6.189560,-2.389468,1.420507
-6.188967,-2.392667,1.425099
-6.188370,-2.395867,1.429692
-6.187768,-2.399067,1.434284
-6.187162,-2.402268,1.438877
-6.186551,-2.405469,1.443470
-6.185936,-2.408671,1.448062
-6.185316,-2.411873,1.452655
-6.184692,-2.415076,1.457248
-6.184063,-2.418279,1.461842
-6.183430,-2.421483,1.466435
-6.182792,-2.424687,1.471028
-6.182150,-2.427892,1.475622
-6.181503,-2.431097,1.480215
-6.180852,-2.434303,1.484809
-6.180196,-2.437509,1.489403
-6.179535,-2.440716,1.493997
-6.178871,-2.443923,1.498591
-6.178201,-2.447131,1.503185
-6.177528,-2.450339,1.507779
-6.176849,-2.453548,1.512373
-6.176167,-2.456757,1.516967
-6.175479,-2.459966,1.521562
-6.174787,-2.463176,1.526156
-6.174091,-2.466387,1.530751
-6.173390,-2.469598,1.535345
-6.172685,-2.472809,1.539940
-6.171975,-2.476021,1.544535
-6.171261,-2.479234,1.549130
-6.170542,-2.482446,1.553725
-6.169819,-2.485660,1.558320
-6.169091,-2.488873,1.562915
-6.168358,-2.492087,1.567510
-6.167621,-2.495302,1.572105
-6.166880,-2.498517,1.576700
-6.166134,-2.501732,1.581295
-6.165384,-2.504948,1.585891
-6.164629,-2.508164,1.590486
-6.163869,-2.511381,1.595081
-6.163105,-2.514598,1.599677
-6.162337,-2.517815,1.604272
-6.161564,-2.521033,1.608868
-6.160786,-2.524252,1.613464
-6.160004,-2.527470,1.618059
-6.159218,-2.530689,1.622655
-6.158427,-2.533909,1.627251
-6.157631,-2.537129,1.631846
-6.156831,-2.540349,1.636442
-6.156026,-2.543570,1.641038
-6.155217,-2.546791,1.645634
-6.154403,-2.550012,1.650230
-6.153585,-2.553234,1.654825
-6.152762,-2.556456,1.659421
-6.151935,-2.559679,1.664017
-6.151103,-2.562902,1.668613
-6.150267,-2.566125,1.673209
-6.149426,-2.569348,1.677805
-6.148581,-2.572572,1.682401
-6.147731,-2.575797,1.686997
-6.146877,-2.579021,1.691593
-6.146018,-2.582246,1.696189
-6.145154,-2.585472,1.700785
-6.144286,-2.588698,1.705381
-6.143414,-2.591924,1.709976
-6.142537,-2.595150,1.714572
-6.141655,-2.598377,1.719168
-6.140769,-2.601604,1.723764
-6.139878,-2.604831,1.728360
-6.138983,-2.608059,1.732956
-6.138083,-2.611287,1.737552
-6.137179,-2.614515,1.742148
-6.136270,-2.617744,1.746744
-6.135357,-2.620973,1.751339
-6.134439,-2.624202,1.755935
-6.133517,-2.627432,1.760531
-6.132590,-2.630662,1.765127
-6.131658,-2.633892,1.769722
-6.130722,-2.637122,1.774318
-6.129782,-2.640353,1.778914
-6.128837,-2.643584,1.783509
-6.127887,-2.646816,1.788105
-6.126933,-2.650047,1.792700
-6.125974,-2.653279,1.797296
-6.125011,-2.656511,1.801891
-6.124044,-2.659744,1.806486
-6.123071,-2.662976,1.811082
-6.122094,-2.666209,1.815677
-6.121113,-2.669443,1.820272
-6.120127,-2.672676,1.824867
-6.119137,-2.675910,1.829462
-6.118142,-2.679144,1.834058
-6.117142,-2.682378,1.838652
-6.116138,-2.685613,1.843247
-6.115129,-2.688847,1.847842
-6.114116,-2.692082,1.852437
-6.113098,-2.695318,1.857032
-6.112076,-2.698553,1.861626
-6.111049,-2.701789,1.866221
-6.110018,-2.705025,1.870815
-6.108982,-2.708261,1.875410
-6.107942,-2.711497,1.880004
-6.106897,-2.714734,1.884598
-6.105847,-2.717971,1.889192
-6.104793,-2.721208,1.893786
-6.103734,-2.724445,1.898380
-6.102671,-2.727682,1.902974
-6.101604,-2.730920,1.907568
-6.100531,-2.734158,1.912162
-6.099454,-2.737396,1.916755
-6.098373,-2.740634,1.921349
-6.097287,-2.743872,1.925942
-6.096197,-2.747111,1.930535
-6.095102,-2.750350,1.935128
-6.094002,-2.753588,1.939721
-6.092898,-2.756828,1.944314
-6.091789,-2.760067,1.948907
-6.090676,-2.763306,1.953500
-6.089558,-2.766546,1.958093
-6.088436,-2.769786,1.962685
-6.087309,-2.773026,1.967277
-6.086177,-2.776266,1.971870
-6.085041,-2.779506,1.976462
-6.083901,-2.782746,1.981054
-6.082756,-2.785987,1.985645
-6.081606,-2.789228,1.990237
-6.080452,-2.792469,1.994829
-6.079293,-2.795710,1.999420
-6.078129,-2.798951,2.004011
-6.076962,-2.802192,2.008603
-6.075789,-2.805433,2.013194
-6.074612,-2.808675,2.017784
-6.073430,-2.811916,2.022375
-6.074318,-2.825474,2.013715
-6.074797,-2.838468,2.005046
-6.074908,-2.850956,1.996366
-6.075045,-2.862724,1.988006
-6.076128,-2.873166,1.980787
-6.077434,-2.882879,1.974009
-6.078941,-2.891936,1.967627
-6.080632,-2.900404,1.961601
-6.082489,-2.908340,1.955893
-6.084500,-2.915798,1.950472
-6.086649,-2.922825,1.945307
-6.088925,-2.929464,1.940370
-6.091317,-2.935752,1.935639
-6.093816,-2.941726,1.931091
-6.096413,-2.947415,1.926706
-6.099101,-2.952847,1.922466
-6.101871,-2.958049,1.918356
-6.104718,-2.963042,1.914360
-6.107637,-2.967846,1.910467
-6.110621,-2.972481,1.906664
-6.113667,-2.976961,1.902940
-6.116769,-2.981303,1.899287
-6.119926,-2.985519,1.895695
-6.123132,-2.989621,1.892157
-6.126385,-2.993621,1.888665
-6.129683,-2.997527,1.885214
-6.133022,-3.001349,1.881798
-6.136401,-3.005093,1.878412
-6.139818,-3.008768,1.875051
-6.143270,-3.012380,1.871711
-6.146756,-3.015933,1.868389
-6.150275,-3.019435,1.865080
-6.153824,-3.022888,1.861783
-6.157404,-3.026297,1.858494
-6.161013,-3.029666,1.855210
-6.164649,-3.032998,1.851931
-6.168312,-3.036296,1.848654
-6.172001,-3.039563,1.845376
-6.175716,-3.042802,1.842097
-6.179455,-3.046014,1.838816
-6.183218,-3.049202,1.835530
-6.187004,-3.052367,1.832239
-6.190814,-3.055511,1.828941
-6.194645,-3.058635,1.825637
-6.198499,-3.061741,1.822324
-6.202374,-3.064830,1.819003
-6.206270,-3.067903,1.815672
-6.210188,-3.070960,1.812332
-6.214125,-3.074004,1.808981
-6.218083,-3.077034,1.805619
-6.222060,-3.080051,1.802246
-6.226058,-3.083056,1.798861
-6.230075,-3.086049,1.795465
-6.234110,-3.089031,1.792056
-6.238165,-3.092003,1.788635
-6.242239,-3.094965,1.785201
-6.246331,-3.097916,1.781754
-6.250442,-3.100859,1.778295
-6.254571,-3.103792,1.774822
-6.258718,-3.106716,1.771336
-6.262883,-3.109632,1.767837
-6.267066,-3.112539,1.764324
-6.271266,-3.115438,1.760799
-6.275484,-3.118330,1.757259
-6.279720,-3.121213,1.753706
-6.283972,-3.124089,1.750140
-6.288242,-3.126957,1.746560
-6.292529,-3.129818,1.742966
-6.296833,-3.132672,1.739359
-6.301154,-3.135519,1.735738
-6.305492,-3.138359,1.732104
-6.309846,-3.141192,1.728457
-6.314216,-3.144018,1.724795
-6.318603,-3.146837,1.721121
-6.323007,-3.149650,1.717432
-6.327427,-3.152456,1.713731
-6.331862,-3.155256,1.710016
-6.336314,-3.158049,1.706288
-6.340782,-3.160836,1.702546
-6.345266,-3.163616,1.698791
-6.349766,-3.166390,1.695023
-6.354281,-3.169158,1.691242
-6.358812,-3.171920,1.687448
-6.363358,-3.174676,1.683641
-6.367920,-3.177425,1.679821
-6.372498,-3.180168,1.675987
-6.377091,-3.182906,1.672141
-6.381698,-3.185637,1.668283
-6.386321,-3.188362,1.664411
-6.390960,-3.191082,1.660527
-6.395613,-3.193795,1.656630
-6.400281,-3.196503,1.652720
-6.404963,-3.199205,1.648798
-6.409661,-3.201901,1.644863
-6.414373,-3.204591,1.640916
-6.419100,-3.207275,1.636957
-6.423842,-3.209954,1.632985
-6.428597,-3.212627,1.629001
-6.433368,-3.215294,1.625005
-6.438152,-3.217955,1.620996
-6.442951,-3.220611,1.616976
-6.447764,-3.223262,1.612943
-6.452591,-3.225906,1.608899
-6.457432,-3.228545,1.604843
-6.462287,-3.231179,1.600774
-6.467156,-3.233807,1.596695
-6.472039,-3.236429,1.592603
-6.476935,-3.239046,1.588499
-6.481845,-3.241657,1.584384
-6.486769,-3.244263,1.580258
-6.491706,-3.246864,1.576120
-6.496656,-3.249459,1.571970
-6.501620,-3.252049,1.567809
-6.506598,-3.254633,1.563637
-6.511588,-3.257212,1.559454
-6.516592,-3.259786,1.555259
-6.521609,-3.262354,1.551053
-6.526638,-3.264917,1.546836
-6.531681,-3.267474,1.542607
-6.536737,-3.270027,1.538368
-6.541806,-3.272574,1.534118
-6.546887,-3.275116,1.529857
-6.551981,-3.277652,1.525585
-6.557088,-3.280184,1.521302
-6.562207,-3.282710,1.517009
-6.567339,-3.285231,1.512705
-6.572483,-3.287747,1.508390
-6.577639,-3.290258,1.504064
-6.582808,-3.292763,1.499729
-6.587990,-3.295264,1.495382
-6.593183,-3.297759,1.491025
-6.598388,-3.300250,1.486658
-6.603606,-3.302735,1.482280
-6.608836,-3.305215,1.477892
-6.614077,-3.307690,1.473494
-6.619330,-3.310161,1.469086
-6.624596,-3.312626,1.464667
-6.629873,-3.315086,1.460238
-6.635161,-3.317541,1.455800
-6.640462,-3.319992,1.451351
-6.645773,-3.322437,1.446892
-6.651097,-3.324878,1.442424
-6.656432,-3.327313,1.437945
-6.661778,-3.329744,1.433457
-6.667135,-3.332170,1.428959
-6.672504,-3.334591,1.424451
-6.677884,-3.337007,1.419934
-6.683275,-3.339418,1.415407
-6.688678,-3.341824,1.410870
-6.694091,-3.344226,1.406324
-6.699515,-3.346623,1.401768
-6.704951,-3.349015,1.397203
-6.710397,-3.351402,1.392628
-6.715854,-3.353785,1.388044
-6.721321,-3.356163,1.383451
-6.726800,-3.358536,1.378849
-6.732289,-3.360905,1.374237
-6.737788,-3.363269,1.369616
-6.743298,-3.365628,1.364986
-6.748819,-3.367982,1.360347
-6.754350,-3.370332,1.355699
-6.759891,-3.372677,1.351041
-6.765443,-3.375018,1.346375
-6.771005,-3.377354,1.341700
-6.776577,-3.379685,1.337016
-6.782160,-3.382012,1.332323
-6.787752,-3.384334,1.327622
-6.793354,-3.386652,1.322911
-6.798967,-3.388965,1.318192
-6.804589,-3.391274,1.313464
-6.810221,-3.393578,1.308728
-6.815863,-3.395878,1.303983
-6.821515,-3.398173,1.299229
-6.827177,-3.400464,1.294467
-6.832848,-3.402750,1.289696
-6.838529,-3.405032,1.284917
-6.844220,-3.407309,1.280130
-6.849920,-3.409582,1.275334
-6.855629,-3.411851,1.270529
-6.861348,-3.414115,1.265717
-6.867076,-3.416375,1.260896
-6.872814,-3.418631,1.256067
-6.878560,-3.420882,1.251230
-6.884317,-3.423129,1.246385
-6.890082,-3.425371,1.241532
-6.895856,-3.427609,1.236670
-6.901640,-3.429843,1.231801
-6.907432,-3.432073,1.226923
-6.913234,-3.434298,1.222038
-6.919044,-3.436519,1.217145
-6.922576,-3.438625,1.214496
-6.921281,-3.440487,1.216597
-6.919992,-3.442340,1.218687
-6.918709,-3.444182,1.220766
-6.917431,-3.446014,1.222834
-6.916160,-3.447837,1.224891
-6.914893,-3.449649,1.226936
-6.913632,-3.451451,1.228971
-6.912377,-3.453243,1.230995
-6.911128,-3.455025,1.233008
-6.909884,-3.456798,1.235010
-6.908645,-3.458561,1.237001
-6.907412,-3.460314,1.238982
-6.906185,-3.462058,1.240952
-6.904963,-3.463792,1.242912
-6.903746,-3.465517,1.244861
-6.902535,-3.467232,1.246800
-6.901329,-3.468937,1.248728
-6.900129,-3.470634,1.250646
-6.898934,-3.472321,1.252554
-6.897745,-3.473999,1.254452
-6.896560,-3.475667,1.256339
-6.895382,-3.477327,1.258216
-6.894208,-3.478977,1.260084
-6.893040,-3.480618,1.261941
-6.891877,-3.482251,1.263788
-6.890719,-3.483874,1.265626
-6.889566,-3.485489,1.267454
-6.888419,-3.487095,1.269272
-6.887277,-3.488692,1.271080
-6.886140,-3.490280,1.272878
-6.885008,-3.491859,1.274667
-6.883882,-3.493430,1.276447
-6.882760,-3.494993,1.278217
-6.881644,-3.496546,1.279977
-6.880532,-3.498092,1.281728
-6.879426,-3.499628,1.283470
-6.878325,-3.501157,1.285202
-6.877229,-3.502677,1.286925
-6.876138,-3.504189,1.288639
-6.875051,-3.505692,1.290344
-6.873970,-3.507188,1.292039
-6.872894,-3.508675,1.293726
-6.871823,-3.510154,1.295403
-6.870756,-3.511625,1.297072
-6.869695,-3.513088,1.298732
-6.868638,-3.514543,1.300383
-6.867586,-3.515990,1.302025
-6.866539,-3.517429,1.303658
-6.865497,-3.518860,1.305282
-6.864460,-3.520284,1.306898
-6.863428,-3.521700,1.308506
-6.862400,-3.523108,1.310104
-6.861377,-3.524508,1.311694
-6.860359,-3.525901,1.313276
-6.859345,-3.527286,1.314849
-6.858337,-3.528664,1.316414
-6.857333,-3.530034,1.317971
-6.856333,-3.531397,1.319519
-6.855338,-3.532752,1.321059
-6.854348,-3.534100,1.322590
-6.853363,-3.535440,1.324114
-6.852382,-3.536774,1.325629
-6.851405,-3.538100,1.327137
-6.850434,-3.539418,1.328636
-6.849466,-3.540730,1.330127
-6.848504,-3.542034,1.331611
-6.847545,-3.543332,1.333086
-6.846592,-3.544622,1.334554
-6.845642,-3.545906,1.336013
-6.844697,-3.547182,1.337465
-6.843757,-3.548451,1.338910
-6.842821,-3.549714,1.340346
-6.841889,-3.550970,1.341775
-6.840962,-3.552218,1.343196
-6.840039,-3.553461,1.344610
-6.839121,-3.554696,1.346016
-6.838207,-3.555925,1.347415
-6.837297,-3.557146,1.348806
-6.836391,-3.558362,1.350190
-6.835490,-3.559571,1.351567
-6.834593,-3.560773,1.352936
-6.833700,-3.561968,1.354297
-6.832811,-3.563158,1.355652
-6.831927,-3.564340,1.356999
-6.831047,-3.565517,1.358340
-6.830171,-3.566687,1.359673
-6.829299,-3.567850,1.360999
-6.828431,-3.569008,1.362318
-6.827568,-3.570159,1.363629
-6.826708,-3.571303,1.364934
-6.825853,-3.572442,1.366232
-6.825001,-3.573574,1.367523
-6.824154,-3.574701,1.368807
-6.823311,-3.575821,1.370085
-6.822471,-3.576935,1.371355
-6.821636,-3.578043,1.372619
-6.820805,-3.579145,1.373876
-6.819978,-3.580241,1.375127
-6.819154,-3.581332,1.376370
-6.818335,-3.582416,1.377607
-6.817519,-3.583494,1.378838
-6.816708,-3.584567,1.380062
-6.815900,-3.585634,1.381279
-6.815096,-3.586695,1.382490
-6.814296,-3.587750,1.383695
-6.813500,-3.588800,1.384893
-6.812708,-3.589844,1.386085
-6.811919,-3.590882,1.387270
-6.811134,-3.591915,1.388449
-6.810353,-3.592942,1.389622
-6.809576,-3.593964,1.390789
-6.808803,-3.594980,1.391949
-6.808033,-3.595990,1.393104
-6.807267,-3.596995,1.394252
-6.806505,-3.597995,1.395394
-6.805746,-3.598989,1.396530
-6.804991,-3.599978,1.397660
-6.804239,-3.600962,1.398784
-6.803492,-3.601940,1.399902
-6.802748,-3.602913,1.401014
-6.802007,-3.603881,1.402120
-6.801270,-3.604843,1.403220
-6.800537,-3.605801,1.404314
-6.799807,-3.606753,1.405403
-6.799081,-3.607700,1.406486
-6.798358,-3.608642,1.407563
-6.797638,-3.609579,1.408634
-6.796923,-3.610511,1.409700
-6.796210,-3.611437,1.410760
-6.795501,-3.612359,1.411814
-6.794796,-3.613276,1.412863
-6.794094,-3.614188,1.413906
-6.793395,-3.615095,1.414943
-6.792700,-3.615997,1.415976
-6.792008,-3.616894,1.417002
-6.791320,-3.617787,1.418023
-6.790635,-3.618674,1.419039
-6.789953,-3.619557,1.420049
-6.789275,-3.620435,1.421054
-6.788600,-3.621308,1.422054
-6.787928,-3.622177,1.423049
-6.787259,-3.623041,1.424038
-6.786594,-3.623900,1.425021
-6.785932,-3.624755,1.426000
-6.785273,-3.625605,1.426974
-6.784618,-3.626451,1.427942
-6.783965,-3.627292,1.428905
-6.783316,-3.628128,1.429863
-6.782670,-3.628960,1.430816
-6.782027,-3.629787,1.431764
-6.781387,-3.630611,1.432707
-6.780751,-3.631429,1.433644
-6.780117,-3.632243,1.434577
-6.779487,-3.633053,1.435505
-6.778860,-3.633859,1.436428
-6.778236,-3.634660,1.437346
-6.777615,-3.635457,1.438260
-6.776997,-3.636249,1.439168
-6.776382,-3.637038,1.440072
-6.775770,-3.637822,1.440970
-6.775161,-3.638602,1.441864
-6.774555,-3.639377,1.442754
-6.773952,-3.640149,1.443638
-6.773352,-3.640916,1.444518
-6.772755,-3.641679,1.445393
-6.772160,-3.642439,1.446264
-6.771569,-3.643194,1.447130
-6.770981,-3.643945,1.447991
-6.770396,-3.644692,1.448848
-6.769813,-3.645435,1.449700
-6.769234,-3.646174,1.450548
-6.768657,-3.646909,1.451391
-6.768083,-3.647640,1.452230
-6.767512,-3.648367,1.453064
-6.766944,-3.649091,1.453894
-6.766378,-3.649810,1.454720
-6.765816,-3.650526,1.455541
-6.765256,-3.651237,1.456358
-6.764699,-3.651945,1.457170
-6.764144,-3.652649,1.457979
-6.763593,-3.653350,1.458782
-6.763044,-3.654046,1.459582
-6.762498,-3.654739,1.460377
-6.761954,-3.655428,1.461169
-6.761414,-3.656114,1.461956
-6.760876,-3.656796,1.462738
-6.760340,-3.657474,1.463517
-6.759808,-3.658148,1.464292
-6.759277,-3.658819,1.465062
-6.758750,-3.659486,1.465829
-6.758225,-3.660150,1.466591
-6.757703,-3.660810,1.467349
-6.757183,-3.661467,1.468103
-6.756666,-3.662120,1.468854
-6.756152,-3.662770,1.469600
-6.755640,-3.663416,1.470342
-6.755131,-3.664059,1.471081
-6.754624,-3.664698,1.471815
-6.754120,-3.665334,1.472546
-6.753618,-3.665966,1.473273
-6.753119,-3.666595,1.473995
-6.752622,-3.667221,1.474715
-6.752128,-3.667843,1.475430
-6.751636,-3.668462,1.476141
-6.751147,-3.669078,1.476849
-6.750660,-3.669691,1.477553
-6.750175,-3.670300,1.478253
-6.749693,-3.670906,1.478950
-6.749213,-3.671508,1.479643
-6.748736,-3.672108,1.480332
-6.748261,-3.672704,1.481017
-6.747789,-3.673297,1.481699
-6.747319,-3.673887,1.482378
-6.746851,-3.674474,1.483052
-6.746385,-3.675057,1.483724
-6.745922,-3.675638,1.484391
-6.745461,-3.676215,1.485055
-6.745003,-3.676789,1.485716
-6.744547,-3.677361,1.486373
-6.744093,-3.677929,1.487026
-6.743641,-3.678494,1.487677
-6.743192,-3.679056,1.488323
-6.742745,-3.679615,1.488967
-6.742300,-3.680171,1.489606
-6.741857,-3.680724,1.490243
-6.741417,-3.681275,1.490876
-6.740979,-3.681822,1.491506
-6.740543,-3.682366,1.492132
-6.740109,-3.682908,1.492755
-6.739677,-3.683446,1.493375
-6.739248,-3.683982,1.493992
-6.738820,-3.684515,1.494605
-6.738395,-3.685045,1.495215
-6.737972,-3.685572,1.495822
-6.737551,-3.686096,1.496426
-6.737133,-3.686618,1.497026
-6.736716,-3.687137,1.497623
-6.736301,-3.687653,1.498218
-6.735889,-3.688166,1.498809
-6.735479,-3.688677,1.499396
-6.735070,-3.689184,1.499981
-6.734664,-3.689690,1.500563
-6.734260,-3.690192,1.501141
-6.733858,-3.690692,1.501717
-6.733457,-3.691189,1.502289
-6.733059,-3.691683,1.502859
-6.732663,-3.692175,1.503425
-6.732269,-3.692664,1.503989
-6.731877,-3.693151,1.504549
-6.731487,-3.693635,1.505107
-6.731098,-3.694116,1.505661
-6.730712,-3.694595,1.506213
-6.730328,-3.695071,1.506762
-6.729946,-3.695545,1.507307
-6.729565,-3.696016,1.507850
-6.729187,-3.696485,1.508390
-6.728810,-3.696951,1.508928
-6.728435,-3.697415,1.509462
-6.728063,-3.697876,1.509994
-6.727692,-3.698335,1.510522
-6.727323,-3.698791,1.511048
-6.726956,-3.699245,1.511571
-6.726590,-3.699697,1.512092
-6.726227,-3.700146,1.512610
-6.725865,-3.700593,1.513124
-6.725506,-3.701037,1.513637
-6.725148,-3.701479,1.514146
-6.724792,-3.701919,1.514653
-6.724437,-3.702356,1.515157
-6.724085,-3.702791,1.515659
-6.723734,-3.703224,1.516157
-6.723385,-3.703654,1.516654
-6.723038,-3.704082,1.517147
-6.722692,-3.704508,1.517638
-6.722349,-3.704931,1.518127
-6.722007,-3.705353,1.518612
-6.721667,-3.705772,1.519096
-6.721328,-3.706188,1.519576
-6.720991,-3.706603,1.520054
-6.720656,-3.707015,1.520530
-6.720323,-3.707426,1.521003
-6.719991,-3.707834,1.521474
-6.719661,-3.708239,1.521942
-6.719333,-3.708643,1.522408
-6.719006,-3.709045,1.522871
-6.718682,-3.709444,1.523332
-6.718358,-3.709841,1.523790
-6.718037,-3.710237,1.524246
-6.717717,-3.710630,1.524699
-6.717398,-3.711021,1.525150
-6.717081,-3.711410,1.525599
-6.716766,-3.711796,1.526046
-6.716453,-3.712181,1.526490
-6.716141,-3.712564,1.526931
-6.715830,-3.712945,1.527371
-6.715522,-3.713323,1.527808
-6.715214,-3.713700,1.528242
-6.714909,-3.714075,1.528675
-6.714605,-3.714447,1.529105
-6.714302,-3.714818,1.529533
-6.714001,-3.715187,1.529958
-6.713702,-3.715554,1.530382
-6.713404,-3.715918,1.530803
-6.713107,-3.716281,1.531222
-6.712812,-3.716642,1.531638
-6.712519,-3.717001,1.532053
-6.712227,-3.717359,1.532465
-6.711937,-3.717714,1.532875
-6.711648,-3.718067,1.533283
-6.711360,-3.718419,1.533689
-6.711074,-3.718768,1.534093
-6.710790,-3.719116,1.534494
-6.710507,-3.719462,1.534894
-6.710225,-3.719806,1.535291
-6.709945,-3.720148,1.535686
-6.709666,-3.720489,1.536079
-6.709389,-3.720828,1.536471
-6.709113,-3.721164,1.536860
-6.708838,-3.721499,1.537247
-6.708565,-3.721833,1.537631
-6.708293,-3.722164,1.538014
-6.708023,-3.722494,1.538395
-6.707754,-3.722822,1.538774
-6.707487,-3.723148,1.539151
-6.707220,-3.723473,1.539526
-6.706956,-3.723796,1.539899
-6.706692,-3.724117,1.540270
-6.706430,-3.724436,1.540639
-6.706169,-3.724754,1.541006
-6.705910,-3.725070,1.541371
-6.705652,-3.725384,1.541734
-6.705395,-3.725697,1.542095
-6.705139,-3.726008,1.542455
-6.704885,-3.726317,1.542812
-6.704632,-3.726625,1.543168
-6.704381,-3.726931,1.543521
-6.704130,-3.727236,1.543873
-6.703881,-3.727539,1.544223
-6.703634,-3.727840,1.544571
-6.703387,-3.728140,1.544918
-6.703142,-3.728438,1.545262
-6.702898,-3.728734,1.545605
-6.702655,-3.729029,1.545945
-6.702414,-3.729323,1.546285
-6.702174,-3.729614,1.546622
-6.701935,-3.729905,1.546957
-6.701697,-3.730193,1.547291
-6.701461,-3.730481,1.547623
-6.701225,-3.730766,1.547953
-6.700991,-3.731051,1.548282
-6.700758,-3.731333,1.548608
-6.700527,-3.731614,1.548933
-6.700296,-3.731894,1.549257
-6.700067,-3.732172,1.549578
-6.699839,-3.732449,1.549898
-6.699612,-3.732724,1.550217
-6.699386,-3.732998,1.550533
-6.699161,-3.733270,1.550848
-6.698938,-3.733541,1.551161
-6.698715,-3.733811,1.551473
-6.698494,-3.734079,1.551783
-6.698274,-3.734346,1.552091
-6.698055,-3.734611,1.552398
-6.697837,-3.734875,1.552703
-6.697620,-3.735137,1.553006
-6.697405,-3.735398,1.553308
-6.697190,-3.735658,1.553608
-6.696977,-3.735916,1.553907
-6.696765,-3.736173,1.554204
-6.696554,-3.736428,1.554500
-6.696343,-3.736683,1.554794
-6.696134,-3.736936,1.555086
-6.695927,-3.737187,1.555377
-6.695720,-3.737437,1.555666
-6.695514,-3.737686,1.555954
-6.695309,-3.737934,1.556240
-6.695105,-3.738180,1.556525
-6.694903,-3.738425,1.556809
-6.694701,-3.738668,1.557090
-6.694501,-3.738911,1.557371
-6.694301,-3.739152,1.557650
-6.694103,-3.739392,1.557927
-6.693905,-3.739630,1.558203
-6.693709,-3.739867,1.558477
-6.693513,-3.740103,1.558750
-6.693319,-3.740338,1.559022
-6.693125,-3.740572,1.559292
-6.692933,-3.740804,1.559561
-6.692741,-3.741035,1.559828
-6.692551,-3.741265,1.560094
-6.692362,-3.741494,1.560359
-6.692173,-3.741721,1.560622
-6.691985,-3.741947,1.560884
-6.691799,-3.742172,1.561144
-6.691613,-3.742396,1.561403
-6.691429,-3.742619,1.561661
-6.691245,-3.742840,1.561917
-6.691062,-3.743060,1.562172
-6.690880,-3.743280,1.562425
-6.690700,-3.743498,1.562678
-6.690520,-3.743714,1.562928
-6.690341,-3.743930,1.563178
-6.690163,-3.744145,1.563426
-6.689985,-3.744358,1.563673
-6.689809,-3.744570,1.563919
-6.689634,-3.744781,1.564163
-6.689459,-3.744991,1.564406
-6.689286,-3.745200,1.564648
-6.689113,-3.745408,1.564889
-6.688942,-3.745615,1.565128
-6.688771,-3.745821,1.565366
-6.688601,-3.746025,1.565603
-6.688432,-3.746229,1.565838
-6.688263,-3.746431,1.566073
-6.688096,-3.746632,1.566306
-6.687930,-3.746833,1.566537
-6.687764,-3.747032,1.566768
-6.687599,-3.747230,1.566997
-6.687435,-3.747427,1.567226
-6.687272,-3.747623,1.567453
-6.687110,-3.747818,1.567678
-6.686949,-3.748012,1.567903
-6.686788,-3.748205,1.568126
-6.686628,-3.748397,1.568349
-6.686469,-3.748588,1.568570
-6.686311,-3.748778,1.568790
-6.686154,-3.748967,1.569008
-6.685998,-3.749155,1.569226
-6.685842,-3.749342,1.569442
-6.685687,-3.749528,1.569658
-6.685533,-3.749713,1.569872
-6.685380,-3.749897,1.570085
-6.685228,-3.750080,1.570297
-6.685076,-3.750262,1.570508
-6.684925,-3.750443,1.570717
-6.684775,-3.750623,1.570926
-6.684626,-3.750802,1.571133
-6.684477,-3.750980,1.571340
-6.684329,-3.751158,1.571545
-6.684182,-3.751334,1.571749
-6.684036,-3.751509,1.571952
-6.683891,-3.751684,1.572155
-6.683746,-3.751857,1.572356
-6.683602,-3.752030,1.572556
-6.683459,-3.752202,1.572754
-6.683316,-3.752373,1.572952
-6.683175,-3.752543,1.573149
-6.683034,-3.752712,1.573345
-6.682893,-3.752880,1.573540
-6.682754,-3.753047,1.573733
-6.682615,-3.753213,1.573926
-6.682477,-3.753379,1.574118
-6.682339,-3.753544,1.574309
-6.682203,-3.753707,1.574498
-6.682067,-3.753870,1.574687
-6.681931,-3.754032,1.574875
-6.681797,-3.754194,1.575061
-6.681663,-3.754354,1.575247
-6.681530,-3.754513,1.575432
-6.681397,-3.754672,1.575616
-6.681265,-3.754830,1.575799
-6.681134,-3.754987,1.575980
-6.681004,-3.755143,1.576161
-6.680874,-3.755298,1.576341
-6.680745,-3.755453,1.576520
-6.680617,-3.755607,1.576698
-6.680489,-3.755759,1.576875
-6.680362,-3.755911,1.577052
-6.680235,-3.756063,1.577227
-6.680110,-3.756213,1.577401
-6.679984,-3.756363,1.577575
-6.679860,-3.756512,1.577747
-6.679736,-3.756660,1.577919
-6.679613,-3.756807,1.578089
-6.679490,-3.756954,1.578259
-6.679368,-3.757100,1.578428
-6.679247,-3.757245,1.578596
-6.679127,-3.757389,1.578763
-6.679007,-3.757532,1.578930
-6.678887,-3.757675,1.579095
-6.678768,-3.757817,1.579260
-6.678650,-3.757958,1.579423
-6.678533,-3.758099,1.579586
-6.678416,-3.758238,1.579748
-6.678299,-3.758377,1.579909
-6.678184,-3.758516,1.580069
-6.678069,-3.758653,1.580229
-6.677954,-3.758790,1.580387
-6.677840,-3.758926,1.580545
-6.677727,-3.759062,1.580702
-6.677614,-3.759196,1.580858
-6.677502,-3.759330,1.581013
-6.677390,-3.759463,1.581168
-6.677279,-3.759596,1.581321
-6.677169,-3.759728,1.581474
-6.677059,-3.759859,1.581626
-6.676950,-3.759989,1.581777
-6.676841,-3.760119,1.581928
-6.676733,-3.760248,1.582077
-6.676625,-3.760377,1.582226
-6.676518,-3.760504,1.582374
-6.676412,-3.760631,1.582521
-6.676306,-3.760758,1.582668
-6.676200,-3.760884,1.582814
-6.676096,-3.761009,1.582959
-6.675991,-3.761133,1.583103
-6.675888,-3.761257,1.583246
-6.675784,-3.761380,1.583389
-6.675682,-3.761502,1.583531
-6.675580,-3.761624,1.583672
-6.675478,-3.761745,1.583812
-6.675377,-3.761866,1.583952
-6.675276,-3.761986,1.584091
-6.675176,-3.762105,1.584229
-6.675077,-3.762224,1.584367
-6.674978,-3.762342,1.584504
-6.674879,-3.762459,1.584640
-6.674782,-3.762576,1.584775
-6.674684,-3.762692,1.584910
-6.674587,-3.762807,1.585044
-6.674491,-3.762922,1.585177
-6.674395,-3.763037,1.585309
-6.674299,-3.763150,1.585441
-6.674204,-3.763263,1.585572
-6.674110,-3.763376,1.585703
-6.674016,-3.763488,1.585833
-6.673923,-3.763599,1.585962
-6.673830,-3.763710,1.586090
-6.673737,-3.763820,1.586218
-6.673645,-3.763930,1.586345
-6.673554,-3.764039,1.586471
-6.673463,-3.764147,1.586597
-6.673372,-3.764255,1.586722
-6.673282,-3.764362,1.586846
-6.673192,-3.764469,1.586970
-6.673103,-3.764575,1.587093
-6.673014,-3.764681,1.587216
-6.672926,-3.764786,1.587338
-6.672838,-3.764890,1.587459
-6.672751,-3.764994,1.587579
-6.672664,-3.765098,1.587699
-6.672578,-3.765201,1.587819
-6.672492,-3.765303,1.587937
-6.672406,-3.765405,1.588055
-6.672321,-3.765506,1.588173
-6.672236,-3.765607,1.588289
-6.672152,-3.765707,1.588406
-6.672069,-3.765806,1.588521
-6.671985,-3.765906,1.588636
-6.671902,-3.766004,1.588750
-6.671820,-3.766102,1.588864
-6.671738,-3.766200,1.588977
-6.671656,-3.766297,1.589090
-6.671575,-3.766393,1.589202
-6.671494,-3.766490,1.589313
-6.671414,-3.766585,1.589424
-6.671334,-3.766680,1.589534
-6.671255,-3.766775,1.589644
-6.671176,-3.766869,1.589753
-6.671097,-3.766962,1.589861
-6.671019,-3.767055,1.589969
-6.670941,-3.767148,1.590077
-6.670863,-3.767240,1.590183
-6.670786,-3.767331,1.590290
-6.670710,-3.767422,1.590395
-6.670633,-3.767513,1.590500
-6.670558,-3.767603,1.590605
-6.670482,-3.767693,1.590709
-6.670407,-3.767782,1.590812
-6.670332,-3.767871,1.590915
-6.670258,-3.767959,1.591018
-6.670184,-3.768047,1.591119
-6.670111,-3.768134,1.591221
-6.670038,-3.768221,1.591321
-6.669965,-3.768307,1.591422
-6.669893,-3.768393,1.591521
-6.669821,-3.768479,1.591621
-6.669749,-3.768564,1.591719
-6.669678,-3.768649,1.591817
-6.669607,-3.768733,1.591915
-6.669536,-3.768816,1.592012
-6.669466,-3.768900,1.592109
-6.669397,-3.768983,1.592205
-6.669327,-3.769065,1.592300
-6.669258,-3.769147,1.592396
-6.669189,-3.769229,1.592490
-6.669121,-3.769310,1.592584
-6.669053,-3.769390,1.592678
-6.668986,-3.769471,1.592771
-6.668918,-3.769550,1.592863
-6.668851,-3.769630,1.592956
-6.668785,-3.769709,1.593047
-6.668719,-3.769787,1.593138
-6.668653,-3.769866,1.593229
-6.668587,-3.769943,1.593319
-6.668522,-3.770021,1.593409
-6.668457,-3.770098,1.593498
-6.668393,-3.770174,1.593587
-6.668329,-3.770250,1.593675
-6.668265,-3.770326,1.593763
-6.668201,-3.770401,1.593851
-6.668138,-3.770476,1.593938
-6.668075,-3.770551,1.594024
-6.668013,-3.770625,1.594110
-6.667951,-3.770699,1.594196
-6.667889,-3.770772,1.594281
-6.667827,-3.770845,1.594366
-6.667766,-3.770918,1.594450
-6.667705,-3.770990,1.594534
-6.667645,-3.771062,1.594617
-6.667584,-3.771133,1.594700
-6.667525,-3.771204,1.594782
-6.667465,-3.771275,1.594864
-6.667406,-3.771345,1.594946
-6.667347,-3.771415,1.595027
-6.667288,-3.771485,1.595108
-6.667230,-3.771554,1.595188
-6.667171,-3.771623,1.595268
-6.667114,-3.771692,1.595348
-6.667056,-3.771760,1.595427
-6.666999,-3.771827,1.595505
-6.666942,-3.771895,1.595584
-6.666886,-3.771962,1.595661
-6.666829,-3.772029,1.595739
-6.666773,-3.772095,1.595816
-6.666718,-3.772161,1.595893
-6.666662,-3.772227,1.595969
-6.666607,-3.772292,1.596045
-6.666552,-3.772357,1.596120
-6.666498,-3.772422,1.596195
-6.666443,-3.772486,1.596270
-6.666389,-3.772550,1.596344
-6.666336,-3.772614,1.596418
-6.666282,-3.772677,1.596491
-6.666229,-3.772740,1.596564
-6.666176,-3.772803,1.596637
-6.666124,-3.772865,1.596709
-6.666072,-3.772927,1.596781
-6.666019,-3.772989,1.596853
-6.665968,-3.773050,1.596924
-6.665916,-3.773111,1.596995
-6.665865,-3.773172,1.597065
-6.665814,-3.773232,1.597135
-6.665763,-3.773292,1.597205
-6.665713,-3.773352,1.597274
-6.665663,-3.773411,1.597343
-6.665613,-3.773470,1.597412
-6.665563,-3.773529,1.597480
-6.665514,-3.773587,1.597548
-6.665465,-3.773646,1.597615
-6.665416,-3.773704,1.597682
-6.665367,-3.773761,1.597749
-6.665319,-3.773818,1.597816
-6.665271,-3.773875,1.597882
-6.665223,-3.773932,1.597947
-6.665175,-3.773988,1.598013
-6.665128,-3.774044,1.598078
-6.665081,-3.774100,1.598143
-6.665034,-3.774156,1.598207
-6.664987,-3.774211,1.598271
-6.664941,-3.774266,1.598335
-6.664895,-3.774320,1.598398
-6.664849,-3.774375,1.598461
-6.664803,-3.774429,1.598524
-6.664758,-3.774482,1.598586
-6.664713,-3.774536,1.598648
-6.664668,-3.774589,1.598710
-6.664623,-3.774642,1.598772
-6.664579,-3.774695,1.598833
-6.664535,-3.774747,1.598893
-6.664491,-3.774799,1.598954
-6.664447,-3.774851,1.599014
-6.664403,-3.774902,1.599074
-6.664360,-3.774954,1.599133
-6.664317,-3.775005,1.599193
-6.664274,-3.775055,1.599251
-6.664231,-3.775106,1.599310
-6.664189,-3.775156,1.599368
-6.664147,-3.775206,1.599426
-6.664105,-3.775256,1.599484
-6.664063,-3.775305,1.599541
-6.664021,-3.775354,1.599598
-6.663980,-3.775403,1.599655
-6.663939,-3.775452,1.599711
-6.663898,-3.775500,1.599768
-6.663858,-3.775548,1.599823
-6.663817,-3.775596,1.599879
-6.663777,-3.775644,1.599934
-6.663737,-3.775691,1.599989
-6.663697,-3.775738,1.600044
-6.663657,-3.775785,1.600098
-6.663618,-3.775832,1.600152
-6.663579,-3.775878,1.600206
-6.663540,-3.775924,1.600260
-6.663501,-3.775970,1.600313
-6.663462,-3.776016,1.600366
-6.663424,-3.776061,1.600419
-6.663386,-3.776106,1.600471
-6.663348,-3.776151,1.600523
-6.663310,-3.776196,1.600575
-6.663272,-3.776240,1.600627
-6.663235,-3.776285,1.600678
-6.663198,-3.776329,1.600729
-6.663161,-3.776372,1.600780
-6.663124,-3.776416,1.600831
-6.663087,-3.776459,1.600881
-6.663051,-3.776502,1.600931
-6.663015,-3.776545,1.600981
-6.662979,-3.776588,1.601030
-6.662943,-3.776630,1.601079
-6.662907,-3.776672,1.601128
-6.662872,-3.776714,1.601177
-6.662836,-3.776756,1.601225
-6.662801,-3.776798,1.601274
-6.662766,-3.776839,1.601322
-6.662731,-3.776880,1.601369
-6.662697,-3.776921,1.601417
-6.662663,-3.776961,1.601464
-6.662628,-3.777002,1.601511
-6.662594,-3.777042,1.601558
-6.662560,-3.777082,1.601604
-6.662527,-3.777122,1.601650
-6.662493,-3.777162,1.601696
-6.662460,-3.777201,1.601742
-6.662427,-3.777240,1.601787
-6.662394,-3.777279,1.601833
-6.662361,-3.777318,1.601878
-6.662328,-3.777356,1.601922
-6.662296,-3.777395,1.601967
-6.662264,-3.777433,1.602011
-6.662232,-3.777471,1.602055
-6.662200,-3.777509,1.602099
-6.662168,-3.777546,1.602143
-6.662136,-3.777584,1.602186
-6.662105,-3.777621,1.602229
-6.662073,-3.777658,1.602272
-6.662042,-3.777695,1.602315
-6.662011,-3.777731,1.602357
-6.661981,-3.777767,1.602400
-6.661950,-3.777804,1.602442
-6.661919,-3.777840,1.602483
-6.661889,-3.777876,1.602525
-6.661859,-3.777911,1.602566
-6.661829,-3.777947,1.602608
-6.661799,-3.777982,1.602648
-6.661769,-3.778017,1.602689
-6.661740,-3.778052,1.602730
-6.661711,-3.778087,1.602770
-6.661681,-3.778121,1.602810
-6.661652,-3.778155,1.602850
-6.661623,-3.778190,1.602890
-6.661595,-3.778224,1.602929
-6.661566,-3.778257,1.602968
-6.661537,-3.778291,1.603007
-6.661509,-3.778324,1.603046
-6.661481,-3.778358,1.603085
-6.661453,-3.778391,1.603123
-6.661425,-3.778424,1.603161
-6.661397,-3.778456,1.603200
-6.661370,-3.778489,1.603237
-6.661342,-3.778521,1.603275
-6.661315,-3.778554,1.603312
-6.661288,-3.778586,1.603350
-6.661261,-3.778618,1.603387
-6.661234,-3.778649,1.603424
-6.661207,-3.778681,1.603460
-6.661181,-3.778712,1.603497
-6.661154,-3.778744,1.603533
-6.661128,-3.778775,1.603569
-6.661102,-3.778806,1.603605
-6.661076,-3.778836,1.603641
-6.661050,-3.778867,1.603676
-6.661024,-3.778897,1.603711
-6.660998,-3.778928,1.603747
-6.660973,-3.778958,1.603781
-6.660948,-3.778988,1.603816
-6.660922,-3.779017,1.603851
-6.660897,-3.779047,1.603885
-6.660872,-3.779077,1.603919
-6.660847,-3.779106,1.603954
-6.660823,-3.779135,1.603987
-6.660798,-3.779164,1.604021
-6.660774,-3.779193,1.604055
-6.660749,-3.779222,1.604088
-6.660725,-3.779250,1.604121
-6.660701,-3.779279,1.604154
-6.660677,-3.779307,1.604187
-6.660653,-3.779335,1.604220
-6.660630,-3.779363,1.604252
-6.660606,-3.779391,1.604284
-6.660583,-3.779418,1.604316
-6.660559,-3.779446,1.604348
-6.660536,-3.779473,1.604380
-6.660513,-3.779501,1.604412
-6.660490,-3.779528,1.604443
-6.660467,-3.779555,1.604475
-6.660445,-3.779581,1.604506
-6.660422,-3.779608,1.604537
-6.660400,-3.779635,1.604567
-6.660377,-3.779661,1.604598
-6.660355,-3.779687,1.604629
-6.660333,-3.779713,1.604659
-6.660311,-3.779739,1.604689
-6.660289,-3.779765,1.604719
-6.660267,-3.779791,1.604749
-6.660245,-3.779816,1.604779
-6.660224,-3.779842,1.604808
-6.660202,-3.779867,1.604838
-6.660181,-3.779892,1.604867
-6.660160,-3.779917,1.604896
-6.660139,-3.779942,1.604925
-6.660118,-3.779967,1.604954
-6.660097,-3.779992,1.604982
-6.660076,-3.780016,1.605011
-6.660055,-3.780041,1.605039
-6.660035,-3.780065,1.605067
-6.660014,-3.780089,1.605095
-6.659994,-3.780113,1.605123
-6.659974,-3.780137,1.605151
-6.659954,-3.780161,1.605178
-6.659934,-3.780184,1.605206
-6.659914,-3.780208,1.605233
-6.659894,-3.780231,1.605260
-6.659874,-3.780254,1.605287
-6.659855,-3.780278,1.605314
-6.659835,-3.780301,1.605341
-6.659816,-3.780323,1.605367
-6.659797,-3.780346,1.605394
-6.659777,-3.780369,1.605420
-6.659758,-3.780391,1.605446
-6.659739,-3.780414,1.605472
-6.659720,-3.780436,1.605498
-6.659702,-3.780458,1.605524
-6.659683,-3.780480,1.605550
-6.659664,-3.780502,1.605575
-6.659646,-3.780524,1.605600
-6.659627,-3.780546,1.605626
-6.659609,-3.780567,1.605651
-6.659591,-3.780589,1.605676
-6.659573,-3.780610,1.605700
-6.659555,-3.780632,1.605725
-6.659537,-3.780653,1.605750
-6.659519,-3.780674,1.605774
-6.659501,-3.780695,1.605798
-6.659483,-3.780716,1.605823
-6.659466,-3.780736,1.605847
-6.659448,-3.780757,1.605871
-6.659431,-3.780777,1.605894
-6.659414,-3.780798,1.605918
-6.659397,-3.780818,1.605942
-6.659379,-3.780838,1.605965
-6.659362,-3.780858,1.605988
-6.659346,-3.780878,1.606012
-6.659329,-3.780898,1.606035
-6.659312,-3.780918,1.606058
-6.659295,-3.780937,1.606080
-6.659279,-3.780957,1.606103
-6.659262,-3.780976,1.606126
-6.659246,-3.780996,1.606148
-6.659230,-3.781015,1.606170
-6.659213,-3.781034,1.606193
-6.659197,-3.781053,1.606215
-6.659181,-3.781072,1.606237
-6.659165,-3.781091,1.606259
-6.659149,-3.781110,1.606280
-6.659133,-3.781128,1.606302
-6.659118,-3.781147,1.606324
-6.659102,-3.781165,1.606345
-6.659087,-3.781184,1.606366
-6.659071,-3.781202,1.606388
-6.659056,-3.781220,1.606409
-6.659040,-3.781238,1.606430
-6.659025,-3.781256,1.606450
-6.659010,-3.781274,1.606471
-6.658995,-3.781292,1.606492
-6.658980,-3.781309,1.606512
-6.658965,-3.781327,1.606533
-6.658950,-3.781345,1.606553
-6.658935,-3.781362,1.606573
-6.658921,-3.781379,1.606594
-6.658906,-3.781397,1.606614
-6.658892,-3.781414,1.606633
-6.658877,-3.781431,1.606653
-6.658863,-3.781448,1.606673
-6.658848,-3.781465,1.606693
-6.658834,-3.781481,1.606712
-6.658820,-3.781498,1.606731
-6.658806,-3.781515,1.606751
-6.658792,-3.781531,1.606770
-6.658778,-3.781548,1.606789
-6.658764,-3.781564,1.606808
-6.658750,-3.781580,1.606827
-6.658737,-3.781596,1.606846
-6.658723,-3.781612,1.606864
-6.658709,-3.781628,1.606883
-6.658696,-3.781644,1.606901
-6.658682,-3.781660,1.606920
-6.658669,-3.781676,1.606938
-6.658656,-3.781692,1.606956
-6.658643,-3.781707,1.606974
-6.658629,-3.781723,1.606992
-6.658616,-3.781738,1.607010
-6.658603,-3.781753,1.607028
-6.658590,-3.781769,1.607046
-6.658578,-3.781784,1.607063
-6.658565,-3.781799,1.607081
-6.658552,-3.781814,1.607098
-6.658539,-3.781829,1.607116
-6.658527,-3.781844,1.607133
-6.658514,-3.781859,1.607150
-6.658502,-3.781873,1.607167
-6.658489,-3.781888,1.607184
-6.658477,-3.781902,1.607201
-6.658465,-3.781917,1.607218
-6.658452,-3.781931,1.607235
-6.658440,-3.781946,1.607251
-6.658428,-3.781960,1.607268
-6.658416,-3.781974,1.607284
-6.658404,-3.781988,1.607301
-6.658392,-3.782002,1.607317
-6.658380,-3.782016,1.607333
-6.658369,-3.782030,1.607349
-6.658357,-3.782044,1.607365
-6.658345,-3.782058,1.607381
-6.658334,-3.782071,1.607397
-6.658322,-3.782085,1.607413
-6.658311,-3.782098,1.607429
-6.658299,-3.782112,1.607444
-6.658288,-3.782125,1.607460
-6.658277,-3.782139,1.607475
-6.658265,-3.782152,1.607491
-6.658254,-3.782165,1.607506
-6.658243,-3.782178,1.607521
-6.658232,-3.782191,1.607536
-6.658221,-3.782204,1.607551
-6.658210,-3.782217,1.607566
-6.658199,-3.782230,1.607581
-6.658188,-3.782242,1.607596
-6.658178,-3.782255,1.607611
-6.658167,-3.782268,1.607625
-6.658156,-3.782280,1.607640
-6.658146,-3.782293,1.607655
-6.658135,-3.782305,1.607669
-6.658125,-3.782318,1.607683
-6.658114,-3.782330,1.607698
-6.658104,-3.782342,1.607712
-6.658094,-3.782354,1.607726
-6.658083,-3.782366,1.607740
-6.658073,-3.782378,1.607754
-6.658063,-3.782390,1.607768
-6.658053,-3.782402,1.607782
-6.658043,-3.782414,1.607796
-6.658033,-3.782426,1.607809
-6.658023,-3.782438,1.607823
-6.658013,-3.782449,1.607836
-6.658003,-3.782461,1.607850
-6.657993,-3.782473,1.607863
-6.657983,-3.782484,1.607877
-6.657974,-3.782495,1.607890
-6.657964,-3.782507,1.607903
-6.657955,-3.782518,1.607916
-6.657945,-3.782529,1.607929
-6.657935,-3.782541,1.607942
-6.657926,-3.782552,1.607955
-6.657917,-3.782563,1.607968
-6.657907,-3.782574,1.607981
-6.657898,-3.782585,1.607994
-6.657889,-3.782596,1.608006
-6.657880,-3.782606,1.608019
-6.657870,-3.782617,1.608031
-6.657861,-3.782628,1.608044
-6.657852,-3.782639,1.608056
-6.657843,-3.782649,1.608068
-6.657834,-3.782660,1.608081
-6.657825,-3.782670,1.608093
-6.657817,-3.782681,1.608105
-6.657808,-3.782691,1.608117
-6.657799,-3.782701,1.608129
-6.657790,-3.782712,1.608141
-6.657782,-3.782722,1.608153
-6.657773,-3.782732,1.608165
-6.657764,-3.782742,1.608177
-6.657756,-3.782752,1.608188
-6.657747,-3.782762,1.608200
-6.657739,-3.782772,1.608211
-6.657730,-3.782782,1.608223
-6.657722,-3.782792,1.608234
-6.657714,-3.782802,1.608246
-6.657705,-3.782812,1.608257
-6.657697,-3.782821,1.608268
-6.657689,-3.782831,1.608280
-6.657681,-3.782841,1.608291
-6.657673,-3.782850,1.608302
-6.657665,-3.782860,1.608313
-6.657657,-3.782869,1.608324
-6.657649,-3.782879,1.608335
-6.657641,-3.782888,1.608346
-6.657633,-3.782897,1.608356
-6.657625,-3.782906,1.608367
-6.657617,-3.782916,1.608378
-6.657609,-3.782925,1.608389
-6.657602,-3.782934,1.608399
-6.657594,-3.782943,1.608410
-6.657586,-3.782952,1.608420
-6.657579,-3.782961,1.608431
-6.657571,-3.782970,1.608441
-6.657564,-3.782979,1.608451
-6.657556,-3.782988,1.608461
-6.657549,-3.782996,1.608472
-6.657541,-3.783005,1.608482
-6.657534,-3.783014,1.608492
-6.657527,-3.783022,1.608502
-6.657519,-3.783031,1.608512
-6.657512,-3.783040,1.608522
-6.657505,-3.783048,1.608532
-6.657498,-3.783057,1.608542
-6.657490,-3.783065,1.608551
-6.657483,-3.783073,1.608561
-6.657476,-3.783082,1.608571
-6.657469,-3.783090,1.608580
-6.657462,-3.783098,1.608590
-6.657455,-3.783106,1.608599
-6.657448,-3.783115,1.608609
-6.657441,-3.783123,1.608618
-6.657435,-3.783131,1.608628
-6.657428,-3.783139,1.608637
-6.657421,-3.783147,1.608646
-6.657414,-3.783155,1.608656
-6.657408,-3.783163,1.608665
-6.657401,-3.783170,1.608674
-6.657394,-3.783178,1.608683
-6.657388,-3.783186,1.608692
-6.657381,-3.783194,1.608701
-6.657375,-3.783201,1.608710
-6.657368,-3.783209,1.608719
-6.657362,-3.783217,1.608728
-6.657355,-3.783224,1.608736
-6.657349,-3.783232,1.608745
-6.657342,-3.783239,1.608754
-6.657336,-3.783247,1.608763
-6.657330,-3.783254,1.608771
-6.657323,-3.783262,1.608780
-6.657317,-3.783269,1.608788
-6.657311,-3.783276,1.608797
-6.657305,-3.783283,1.608805
-6.657299,-3.783291,1.608814
-6.657293,-3.783298,1.608822
-6.657287,-3.783305,1.608830
-6.657281,-3.783312,1.608838
-6.657275,-3.783319,1.608847
-6.657269,-3.783326,1.608855
-6.657263,-3.783333,1.608863
-6.657257,-3.783340,1.608871
-6.657251,-3.783347,1.608879
-6.657245,-3.783354,1.608887
-6.657239,-3.783361,1.608895
-6.657233,-3.783368,1.608903
-6.657228,-3.783375,1.608911
-6.657222,-3.783381,1.608919
-6.657216,-3.783388,1.608927
-6.657210,-3.783395,1.608934
-6.657205,-3.783401,1.608942
-6.657199,-3.783408,1.608950
-6.657194,-3.783414,1.608957
-6.657188,-3.783421,1.608965
-6.657183,-3.783428,1.608972
-6.657177,-3.783434,1.608980
-6.657172,-3.783440,1.608987
-6.657166,-3.783447,1.608995
-6.657161,-3.783453,1.609002
-6.657155,-3.783460,1.609010
-6.657150,-3.783466,1.609017
-6.657145,-3.783472,1.609024
-6.657139,-3.783478,1.609032
-6.657134,-3.783485,1.609039
-6.657129,-3.783491,1.609046
-6.657124,-3.783497,1.609053
-6.657119,-3.783503,1.609060
-6.657113,-3.783509,1.609067
-6.657108,-3.783515,1.609074
-6.657103,-3.783521,1.609081
-6.657098,-3.783527,1.609088
-6.657093,-3.783533,1.609095
-6.657088,-3.783539,1.609102
-6.657083,-3.783545,1.609109
-6.657078,-3.783551,1.609116
-6.657073,-3.783556,1.609122
-6.657068,-3.783562,1.609129
-6.657063,-3.783568,1.609136
-6.657058,-3.783574,1.609142
-6.657054,-3.783579,1.609149
-6.657049,-3.783585,1.609156
-6.657044,-3.783591,1.609162
-6.657039,-3.783596,1.609169
-6.657034,-3.783602,1.609175
-6.657030,-3.783608,1.609182
-6.657025,-3.783613,1.609188
-6.657020,-3.783619,1.609194
-6.657016,-3.783624,1.609201
-6.657011,-3.783629,1.609207
-6.657007,-3.783635,1.609213
-6.657002,-3.783640,1.609220
-6.656997,-3.783646,1.609226
-6.656993,-3.783651,1.609232
-6.656988,-3.783656,1.609238
-6.656984,-3.783661,1.609244
-6.656979,-3.783667,1.609250
-6.656975,-3.783672,1.609256
-6.656971,-3.783677,1.609262
-6.656966,-3.783682,1.609268
-6.656962,-3.783687,1.609274
-6.656958,-3.783693,1.609280
-6.656953,-3.783698,1.609286
-6.656949,-3.783703,1.609292
-6.656945,-3.783708,1.609298
-6.656940,-3.783713,1.609304
-6.656936,-3.783718,1.609309
-6.656932,-3.783723,1.609315
-6.656928,-3.783727,1.609321
-6.656924,-3.783732,1.609327
-6.656920,-3.783737,1.609332
-6.656915,-3.783742,1.609338
-6.656911,-3.783747,1.609344
-6.656907,-3.783752,1.609349
-6.656903,-3.783756,1.609355
-6.656899,-3.783761,1.609360
-6.656895,-3.783766,1.609366
-6.656891,-3.783771,1.609371
-6.656887,-3.783775,1.609376
-6.656883,-3.783780,1.609382
-6.656879,-3.783785,1.609387
-6.656875,-3.783789,1.609393
-6.656872,-3.783794,1.609398
-6.656868,-3.783798,1.609403
-6.656864,-3.783803,1.609408
-6.656860,-3.783807,1.609414
-6.656856,-3.783812,1.609419
-6.656853,-3.783816,1.609424
-6.656849,-3.783821,1.609429
-6.656845,-3.783825,1.609434
-6.656841,-3.783829,1.609439
-6.656838,-3.783834,1.609444
-6.656834,-3.783838,1.609449
-6.656830,-3.783842,1.609454
-6.656827,-3.783847,1.609459
-6.656823,-3.783851,1.609464
-6.656819,-3.783855,1.609469
-6.656816,-3.783859,1.609474
-6.656812,-3.783864,1.609479
-6.656809,-3.783868,1.609484
-6.656805,-3.783872,1.609489
-6.656802,-3.783876,1.609494
-6.656798,-3.783880,1.609498
-6.656795,-3.783884,1.609503
-6.656791,-3.783888,1.609508
-6.656788,-3.783892,1.609513
-6.656784,-3.783897,1.609517
-6.656781,-3.783901,1.609522
-6.656778,-3.783905,1.609527
-6.656774,-3.783908,1.609531
-6.656771,-3.783912,1.609536
-6.656767,-3.783916,1.609540
-6.656764,-3.783920,1.609545
-6.656761,-3.783924,1.609549
-6.656758,-3.783928,1.609554
-6.656754,-3.783932,1.609558
-6.656751,-3.783936,1.609563
-6.656748,-3.783939,1.609567
-6.656745,-3.783943,1.609572
-6.656741,-3.783947,1.609576
-6.656738,-3.783951,1.609580
-6.656735,-3.783954,1.609585
-6.656732,-3.783958,1.609589
-6.656729,-3.783962,1.609593
-6.656726,-3.783966,1.609597
-6.656723,-3.783969,1.609602
-6.656720,-3.783973,1.609606
-6.656716,-3.783976,1.609610
-6.656713,-3.783980,1.609614
-6.656710,-3.783984,1.609618
-6.656707,-3.783987,1.609623
-6.656704,-3.783991,1.609627
-6.656701,-3.783994,1.609631
-6.656698,-3.783998,1.609635
-6.656695,-3.784001,1.609639
-6.656693,-3.784005,1.609643
-6.656690,-3.784008,1.609647
-6.656687,-3.784011,1.609651
-6.656684,-3.784015,1.609655
-6.656681,-3.784018,1.609659
-6.656678,-3.784022,1.609663
-6.656675,-3.784025,1.609666
-6.656672,-3.784028,1.609670
-6.656670,-3.784032,1.609674
-6.656667,-3.784035,1.609678
-6.656664,-3.784038,1.609682
-6.656661,-3.784041,1.609686
-6.656658,-3.784045,1.609689
-6.656656,-3.784048,1.609693
-6.656653,-3.784051,1.609697
-6.656650,-3.784054,1.609701
-6.656648,-3.784057,1.609704
-6.656645,-3.784061,1.609708
-6.656642,-3.784064,1.609712
-6.656640,-3.784067,1.609715
-6.656637,-3.784070,1.609719
-6.656634,-3.784073,1.609722
-6.656632,-3.784076,1.609726
-6.656629,-3.784079,1.609730
-6.656627,-3.784082,1.609733
-6.656624,-3.784085,1.609737
-6.656621,-3.784088,1.609740
-6.656619,-3.784091,1.609744
-6.656616,-3.784094,1.609747
-6.656614,-3.784097,1.609751
-6.656611,-3.784100,1.609754
-6.656609,-3.784103,1.609757
-6.656606,-3.784106,1.609761
-6.656604,-3.784109,1.609764
-6.656601,-3.784112,1.609768
-6.656599,-3.784115,1.609771
-6.656596,-3.784118,1.609774
-6.656594,-3.784121,1.609778
-6.656592,-3.784123,1.609781
-6.656589,-3.784126,1.609784
-6.656587,-3.784129,1.609787
-6.656585,-3.784132,1.609791
-6.656582,-3.784135,1.609794
-6.656580,-3.784137,1.609797
-6.656577,-3.784140,1.609800
-6.656575,-3.784143,1.609803
-6.656573,-3.784145,1.609806
-6.656571,-3.784148,1.609810
-6.656568,-3.784151,1.609813
-6.656566,-3.784154,1.609816
-6.656564,-3.784156,1.609819
-6.656562,-3.784159,1.609822
-6.655241,-3.786024,1.611076
-6.652731,-3.789566,1.613459
-6.649145,-3.794616,1.616857
-6.644587,-3.801020,1.621168
-6.639148,-3.808639,1.626300
-6.632909,-3.817348,1.632169
-6.625943,-3.827034,1.638702
-6.618314,-3.837595,1.645829
-6.610082,-3.848938,1.653492
-6.601299,-3.860982,1.661634
-6.592010,-3.873650,1.670207
-6.582259,-3.886876,1.679166
-6.572084,-3.900599,1.688471
-6.561518,-3.914764,1.698088
-6.550592,-3.929322,1.707982
-6.539335,-3.944229,1.718125
-6.527770,-3.959445,1.728491
-6.515920,-3.974933,1.739056
-6.503807,-3.990661,1.749798
-6.491447,-4.006601,1.760700
-6.478859,-4.022726,1.771743
-6.466056,-4.039012,1.782913
-6.453053,-4.055439,1.794194
-6.439861,-4.071986,1.805575
-6.426492,-4.088637,1.817044
-6.412956,-4.105376,1.828592
-6.399262,-4.122190,1.840209
-6.385419,-4.139065,1.851886
-6.371433,-4.155991,1.863617
-6.357312,-4.172957,1.875394
-6.343061,-4.189954,1.887213
-6.328687,-4.206973,1.899066
-6.314194,-4.224008,1.910950
-6.299588,-4.241051,1.922860
-6.284871,-4.258096,1.934793
-6.270049,-4.275138,1.946744
-6.255124,-4.292172,1.958710
-6.240099,-4.309194,1.970688
-6.224978,-4.326199,1.982677
-6.209764,-4.343183,1.994673
-6.194457,-4.360144,2.006674
-6.179062,-4.377078,2.018679
-6.163579,-4.393982,2.030686
-6.148010,-4.410855,2.042693
-6.132358,-4.427693,2.054699
-6.116623,-4.444496,2.066703
-6.100807,-4.461260,2.078702
-6.084912,-4.477984,2.090698
-6.068938,-4.494667,2.102687
-6.052886,-4.511307,2.114671
-6.036759,-4.527903,2.126647
-6.020555,-4.544454,2.138615
-6.004277,-4.560959,2.150575
-5.987925,-4.577415,2.162526
-5.971500,-4.593824,2.174467
-5.955003,-4.610183,2.186398
-5.938433,-4.626493,2.198318
-5.921793,-4.642751,2.210228
-5.905082,-4.658958,2.222127
-5.888300,-4.675113,2.234014
-5.871450,-4.691215,2.245889
-5.854529,-4.707264,2.257752
-5.837541,-4.723259,2.269602
-5.820483,-4.739199,2.281440
-5.803358,-4.755084,2.293265
-5.786166,-4.770915,2.305077
-5.768906,-4.786689,2.316876
-5.751580,-4.802407,2.328661
-5.734187,-4.818068,2.340433
-5.716728,-4.833673,2.352191
-5.699203,-4.849220,2.363935
-5.681613,-4.864709,2.375665
-5.663957,-4.880140,2.387381
-5.646237,-4.895513,2.399083
-5.628452,-4.910827,2.410770
-5.610602,-4.926082,2.422443
-5.592689,-4.941277,2.434102
-5.574712,-4.956413,2.445746
-5.556671,-4.971489,2.457375
-5.538567,-4.986504,2.468989
-5.520400,-5.001459,2.480589
-5.502170,-5.016353,2.492173
-5.483878,-5.031186,2.503742
-5.465524,-5.045957,2.515297
-5.447107,-5.060666,2.526836
-5.428629,-5.075314,2.538360
-5.410089,-5.089900,2.549868
-5.391489,-5.104423,2.561361
-5.372827,-5.118883,2.572839
-5.354104,-5.133280,2.584301
-5.335321,-5.147614,2.595747
-5.316478,-5.161884,2.607178
-5.297574,-5.176091,2.618593
-5.278611,-5.190234,2.629993
-5.259589,-5.204312,2.641376
-5.240507,-5.218326,2.652744
-5.221366,-5.232275,2.664095
-5.202166,-5.246159,2.675431
-5.182907,-5.259978,2.686751
-5.163591,-5.273732,2.698054
-5.144216,-5.287420,2.709341
-5.124784,-5.301042,2.720612
-5.105294,-5.314598,2.731867
-5.085746,-5.328087,2.743106
-5.066142,-5.341510,2.754328
-5.046480,-5.354866,2.765533
-5.026763,-5.368155,2.776722
-5.006988,-5.381376,2.787895
-4.987158,-5.394531,2.799051
-4.967272,-5.407617,2.810190
-4.947330,-5.420635,2.821313
-4.927333,-5.433586,2.832418
-4.907281,-5.446467,2.843507
-4.887174,-5.459281,2.854580
-4.867013,-5.472025,2.865635
-4.846797,-5.484700,2.876673
-4.826527,-5.497306,2.887694
-4.806203,-5.509843,2.898699
-4.785826,-5.522309,2.909686
-4.765396,-5.534706,2.920656
-4.744912,-5.547033,2.931608
-4.724376,-5.559289,2.942544
-4.703787,-5.571475,2.953462
-4.683146,-5.583590,2.964363
-4.662453,-5.595634,2.975246
-4.641708,-5.607607,2.986112
-4.620912,-5.619508,2.996961
-4.600064,-5.631338,3.007792
-4.579166,-5.643096,3.018605
-4.558217,-5.654782,3.029401
-4.537218,-5.666396,3.040179
-4.516168,-5.677937,3.050939
-4.495069,-5.689406,3.061681
-4.473920,-5.700802,3.072406
-4.452721,-5.712124,3.083112
-4.431474,-5.723374,3.093801
-4.410178,-5.734550,3.104472
-4.388833,-5.745653,3.115125
-4.367440,-5.756682,3.125759
-4.345999,-5.767636,3.136376
-4.324511,-5.778517,3.146974
-4.302975,-5.789323,3.157555
-4.281392,-5.800055,3.168117
-4.259762,-5.810711,3.178660
-4.238086,-5.821293,3.189185
-4.216363,-5.831800,3.199692
-4.194594,-5.842231,3.210181
-4.172779,-5.852587,3.220651
-4.150919,-5.862867,3.231102
-4.129014,-5.873071,3.241535
-4.107064,-5.883200,3.251949
-4.085070,-5.893251,3.262344
-4.063031,-5.903227,3.272721
-4.040948,-5.913126,3.283079
-4.018821,-5.922948,3.293418
-3.996651,-5.932693,3.303739
-3.974437,-5.942361,3.314040
-3.952181,-5.951951,3.324323
-3.929882,-5.961464,3.334586
-3.907541,-5.970899,3.344831
-3.885157,-5.980257,3.355056
-3.862732,-5.989536,3.365262
-3.840266,-5.998738,3.375450
-3.817758,-6.007861,3.385618
-3.795210,-6.016905,3.395766
-3.772621,-6.025871,3.405896
-3.749992,-6.034758,3.416006
-3.727323,-6.043565,3.426096
-3.704614,-6.052294,3.436168
-3.681866,-6.060943,3.446219
-3.659078,-6.069513,3.456252
-3.636252,-6.078003,3.466264
-3.613387,-6.086413,3.476258
-3.590485,-6.094743,3.486231
-3.567544,-6.102993,3.496185
-3.544566,-6.111163,3.506119
-3.521550,-6.119252,3.516033
-3.498498,-6.127261,3.525928
-3.475408,-6.135189,3.535803
-3.452283,-6.143036,3.545657
-3.429121,-6.150802,3.555492
-3.405924,-6.158487,3.565307
-3.382691,-6.166090,3.575102
-3.359423,-6.173612,3.584877
-3.336120,-6.181052,3.594632
-3.312782,-6.188410,3.604367
-3.289411,-6.195686,3.614081
-3.266005,-6.202881,3.623775
-3.242566,-6.209993,3.633449
-3.219093,-6.217022,3.643103
-3.195588,-6.223969,3.652736
-3.172050,-6.230834,3.662350
-3.148479,-6.237615,3.671942
-3.124877,-6.244314,3.681514
-3.101242,-6.250930,3.691066
-3.077576,-6.257462,3.700597
-3.053879,-6.263911,3.710108
-3.030152,-6.270277,3.719598
-3.006393,-6.276559,3.729067
-2.982605,-6.282758,3.738516
-2.958787,-6.288872,3.747944
-2.934939,-6.294903,3.757351
-2.911062,-6.300849,3.766737
-2.887156,-6.306711,3.776103
-2.863221,-6.312489,3.785448
-2.839258,-6.318183,3.794771
-2.815267,-6.323792,3.804074
-2.791249,-6.329316,3.813356
-2.767203,-6.334755,3.822617
-2.743130,-6.340109,3.831857
-2.719031,-6.345379,3.841075
-2.694905,-6.350563,3.850273
-2.670753,-6.355662,3.859449
-2.646575,-6.360675,3.868604
-2.622372,-6.365603,3.877738
-2.598144,-6.370446,3.886851
-2.573892,-6.375202,3.895942
-2.549614,-6.379873,3.905012
-2.525313,-6.384458,3.914061
-2.500988,-6.388957,3.923088
-2.476640,-6.393369,3.932094
-2.452268,-6.397696,3.941078
-2.427874,-6.401936,3.950041
-2.403457,-6.406090,3.958982
-2.379018,-6.410157,3.967901
-2.354557,-6.414137,3.976799
-2.330075,-6.418031,3.985675
-2.305572,-6.421838,3.994530
-2.281048,-6.425558,4.003363
-2.256503,-6.429191,4.012174
-2.231938,-6.432737,4.020963
-2.207353,-6.436195,4.029730
-2.182749,-6.439567,4.038476
-2.158126,-6.442851,4.047199
-2.133484,-6.446047,4.055901
-2.108823,-6.449156,4.064581
-2.084145,-6.452177,4.073239
-2.059448,-6.455111,4.081874
-2.034734,-6.457957,4.090488
-2.010003,-6.460715,4.099079
-1.985255,-6.463385,4.107649
-1.960490,-6.465967,4.116196
-1.935709,-6.468461,4.124721
-1.910913,-6.470866,4.133224
-1.886101,-6.473184,4.141704
-1.861274,-6.475413,4.150162
-1.836432,-6.477554,4.158598
-1.811575,-6.479606,4.167012
-1.786704,-6.481570,4.175403
-1.761820,-6.483445,4.183772
-1.736922,-6.485231,4.192118
-1.712011,-6.486929,4.200442
-1.687087,-6.488538,4.208743
-1.662151,-6.490058,4.217022
-1.637203,-6.491489,4.225278
-1.612243,-6.492831,4.233512
-1.587271,-6.494084,4.241723
-1.562289,-6.495248,4.249911
-1.537295,-6.496323,4.258077
-1.512291,-6.497309,4.266220
-1.487277,-6.498205,4.274340
-1.462254,-6.499013,4.282437
-1.437221,-6.499730,4.290512
-1.412179,-6.500359,4.298564
-1.387128,-6.500898,4.306593
-1.362069,-6.501347,4.314599
-1.337002,-6.501707,4.322582
-1.311927,-6.501977,4.330542
-1.286845,-6.502158,4.338479
-1.261756,-6.502249,4.346393
-1.236660,-6.502250,4.354284
-1.211558,-6.502162,4.362152
-1.186450,-6.501983,4.369997
-1.161336,-6.501715,4.377819
-1.136217,-6.501357,4.385618
-1.111093,-6.500910,4.393393
-1.085965,-6.500372,4.401146
-1.060832,-6.499744,4.408875
-1.035696,-6.499026,4.416581
-1.010556,-6.498219,4.424264
-0.985412,-6.497321,4.431923
-0.960266,-6.496333,4.439559
-0.935117,-6.495255,4.447172
-0.909966,-6.494087,4.454761
-0.884814,-6.492829,4.462327
-0.859659,-6.491481,4.469869
-0.834504,-6.490042,4.477388
-0.809348,-6.488513,4.484884
-0.784191,-6.486895,4.492356
-0.759035,-6.485185,4.499805
-0.733878,-6.483386,4.507230
-0.708722,-6.481496,4.514631
-0.683568,-6.479517,4.522009
-0.658414,-6.477446,4.529363
-0.633262,-6.475286,4.536694
-0.608112,-6.473035,4.544001
-0.582964,-6.470694,4.551284
-0.557819,-6.468263,4.558543
-0.532677,-6.465741,4.565779
-0.507539,-6.463130,4.572991
-0.482404,-6.460427,4.580179
-0.457273,-6.457635,4.587344
-0.432147,-6.454752,4.594484
-0.407025,-6.451779,4.601601
-0.381909,-6.448716,4.608694
-0.356798,-6.445562,4.615763
-0.331692,-6.442318,4.622808
-0.306593,-6.438984,4.629829
-0.281501,-6.435559,4.636826
-0.256415,-6.432045,4.643800
-0.231337,-6.428440,4.650749
-0.206266,-6.424745,4.657674
-0.181202,-6.420959,4.664575
-0.156148,-6.417084,4.671452
-0.131101,-6.413118,4.678305
-0.106064,-6.409062,4.685134
-0.081036,-6.404916,4.691939
-0.056017,-6.400680,4.698720
-0.031009,-6.396354,4.705476
-0.006011,-6.391938,4.712208
0.018977,-6.387431,4.718916
0.043953,-6.382835,4.725600
0.068918,-6.378149,4.732260
0.093872,-6.373373,4.738895
0.118813,-6.368507,4.745506
0.143742,-6.363551,4.752093
0.168658,-6.358505,4.758656
0.193561,-6.353369,4.765194
0.218451,-6.348144,4.771708
0.243327,-6.342829,4.778197
0.268188,-6.337424,4.784662
0.293036,-6.331929,4.791103
0.317868,-6.326345,4.797519
0.342685,-6.320672,4.803911
0.367487,-6.314908,4.810279
0.392273,-6.309056,4.816621
0.417042,-6.303114,4.822940
0.441795,-6.297082,4.829234
0.466531,-6.290961,4.835503
0.491250,-6.284751,4.841748
0.515951,-6.278452,4.847968
0.540635,-6.272063,4.854164
0.565300,-6.265586,4.860335
0.589946,-6.259019,4.866482
0.614573,-6.252364,4.872604
0.639181,-6.245619,4.878701
0.663770,-6.238785,4.884774
0.688338,-6.231863,4.890822
0.712886,-6.224852,4.896845
0.737413,-6.217752,4.902844
0.761919,-6.210564,4.908818
0.786404,-6.203287,4.914767
0.810867,-6.195921,4.920692
0.835308,-6.188467,4.926592
0.859727,-6.180925,4.932467
0.884123,-6.173295,4.938317
0.908496,-6.165576,4.944142
0.932845,-6.157769,4.949943
0.957170,-6.149874,4.955719
0.981472,-6.141891,4.961470
1.005749,-6.133821,4.967196
1.030001,-6.125662,4.972898
1.054228,-6.117416,4.978574
1.078429,-6.109082,4.984226
1.102605,-6.100660,4.989853
1.126754,-6.092151,4.995455
1.150877,-6.083555,5.001032
1.174973,-6.074871,5.006584
1.199042,-6.066100,5.012111
1.223083,-6.057242,5.017613
1.247096,-6.048297,5.023090
1.271082,-6.039265,5.028543
1.295038,-6.030147,5.033970
1.318966,-6.020941,5.039373
1.342864,-6.011649,5.044750
1.366733,-6.002270,5.050102
1.390572,-5.992805,5.055430
1.414381,-5.983253,5.060732
1.438159,-5.973616,5.066009
1.461907,-5.963892,5.071262
1.485623,-5.954082,5.076489
1.509307,-5.944186,5.081691
1.532960,-5.934204,5.086868
1.556580,-5.924137,5.092020
1.580168,-5.913984,5.097147
1.603723,-5.903745,5.102249
1.627244,-5.893421,5.107326
1.650732,-5.883012,5.112378
1.674187,-5.872518,5.117404
1.697606,-5.861939,5.122406
1.720992,-5.851275,5.127382
1.744342,-5.840526,5.132333
1.767657,-5.829692,5.137259
1.790937,-5.818774,5.142160
1.814180,-5.807771,5.147036
1.837388,-5.796684,5.151887
1.860559,-5.785513,5.156712
1.883693,-5.774258,5.161512
1.906789,-5.762919,5.166287
1.929848,-5.751496,5.171037
1.952870,-5.739990,5.175762
1.975853,-5.728400,5.180462
1.998797,-5.716726,5.185136
2.021703,-5.704970,5.189785
2.044570,-5.693130,5.194409
2.067397,-5.681207,5.199008
2.090184,-5.669202,5.203581
2.112931,-5.657113,5.208129
2.135638,-5.644943,5.212652
2.158304,-5.632689,5.217150
2.180928,-5.620354,5.221623
2.203512,-5.607936,5.226070
2.226053,-5.595437,5.230492
2.248552,-5.582855,5.234889
2.271009,-5.570192,5.239261
2.293424,-5.557447,5.243607
2.315795,-5.544621,5.247928
2.338123,-5.531714,5.252224
2.360407,-5.518726,5.256495
2.382647,-5.505656,5.260740
2.404843,-5.492506,5.264960
2.426994,-5.479276,5.269155
2.449101,-5.465965,5.273324
2.471162,-5.452573,5.277469
2.493177,-5.439102,5.281588
2.515147,-5.425550,5.285681
2.537070,-5.411919,5.289750
2.558947,-5.398208,5.293793
2.580777,-5.384418,5.297811
2.602560,-5.370548,5.301803
2.624295,-5.356599,5.305771
2.645983,-5.342571,5.309713
2.667623,-5.328465,5.313630
2.689214,-5.314279,5.317521
2.710756,-5.300016,5.321388
2.732250,-5.285674,5.325229
2.753694,-5.271254,5.329044
2.775089,-5.256756,5.332835
2.796433,-5.242180,5.336600
2.817728,-5.227527,5.340340
2.838972,-5.212796,5.344054
2.860165,-5.197988,5.347744
2.881306,-5.183103,5.351408
2.902397,-5.168141,5.355047
2.923436,-5.153103,5.358660
2.944422,-5.137988,5.362249
2.965357,-5.122797,5.365812
2.986238,-5.107530,5.369350
3.007067,-5.092187,5.372862
3.027843,-5.076768,5.376350
3.048564,-5.061273,5.379812
3.069233,-5.045704,5.383249
3.089847,-5.030059,5.386660
3.110406,-5.014339,5.390047
3.130911,-4.998545,5.393408
3.151361,-4.982676,5.396744
3.171755,-4.966732,5.400055
3.192094,-4.950715,5.403340
3.212377,-4.934623,5.406601
3.232603,-4.918458,5.409836
3.252774,-4.902219,5.413046
3.272887,-4.885907,5.416230
3.292943,-4.869522,5.419390
3.312942,-4.853064,5.422524
3.332884,-4.836533,5.425633
3.352767,-4.819930,5.428717
3.372593,-4.803254,5.431776
3.392359,-4.786507,5.434810
3.412067,-4.769687,5.437818
3.431716,-4.752796,5.440802
3.451306,-4.735833,5.443760
3.470835,-4.718800,5.446693
3.490305,-4.701695,5.449601
3.509715,-4.684519,5.452484
3.529064,-4.667273,5.455342
3.548353,-4.649956,5.458174
3.567580,-4.632570,5.460982
3.586746,-4.615113,5.463764
3.605851,-4.597587,5.466522
3.624894,-4.579991,5.469254
3.643874,-4.562326,5.471961
3.662792,-4.544593,5.474643
3.681648,-4.526790,5.477301
3.700440,-4.508919,5.479933
3.719169,-4.490979,5.482540
3.737835,-4.472972,5.485122
3.756437,-4.454896,5.487679
3.774975,-4.436753,5.490211
3.793449,-4.418543,5.492718
3.811858,-4.400265,5.495200
3.830202,-4.381921,5.497657
3.848481,-4.363509,5.500089
3.866694,-4.345032,5.502496
3.884842,-4.326488,5.504879
3.902924,-4.307878,5.507236
3.920940,-4.289203,5.509568
3.938890,-4.270462,5.511876
3.956773,-4.251656,5.514158
3.974589,-4.232784,5.516416
3.992337,-4.213849,5.518649
4.010019,-4.194848,5.520857
4.027632,-4.175784,5.523040
4.045177,-4.156655,5.525199
4.062655,-4.137463,5.527332
4.080064,-4.118207,5.529441
4.097404,-4.098888,5.531525
4.114675,-4.079506,5.533584
4.131876,-4.060061,5.535618
4.149009,-4.040554,5.537628
4.166071,-4.020984,5.539612
4.183064,-4.001353,5.541572
4.199986,-3.981660,5.543508
4.216838,-3.961905,5.545419
4.233619,-3.942089,5.547305
4.250330,-3.922212,5.549166
4.266969,-3.902275,5.551002
4.283536,-3.882277,5.552814
4.300032,-3.862219,5.554602
4.316456,-3.842101,5.556365
4.332808,-3.821924,5.558103
4.349087,-3.801687,5.559816
4.365293,-3.781391,5.561505
4.381427,-3.761036,5.563170
4.397488,-3.740623,5.564810
4.413475,-3.720152,5.566425
4.429389,-3.699622,5.568016
4.445229,-3.679035,5.569582
4.460994,-3.658390,5.571124
4.476686,-3.637688,5.572642
4.492303,-3.616929,5.574135
4.507845,-3.596114,5.575603
4.523313,-3.575242,5.577047
4.538705,-3.554314,5.578467
4.554021,-3.533331,5.579863
4.569262,-3.512291,5.581234
4.584428,-3.491197,5.582580
4.599517,-3.470047,5.583903
4.614529,-3.448843,5.585201
4.629466,-3.427585,5.586475
4.644325,-3.406272,5.587724
4.659108,-3.384906,5.588950
4.673813,-3.363485,5.590151
4.688441,-3.342012,5.591328
4.702991,-3.320486,5.592480
4.717464,-3.298907,5.593609
4.731858,-3.277276,5.594713
4.746174,-3.255592,5.595794
4.760412,-3.233857,5.596850
4.774571,-3.212070,5.597882
4.788652,-3.190232,5.598890
4.802653,-3.168343,5.599874
4.816575,-3.146403,5.600834
4.830417,-3.124413,5.601769
4.844180,-3.102373,5.602681
4.857862,-3.080283,5.603569
4.871465,-3.058144,5.604433
4.884987,-3.035955,5.605273
4.898429,-3.013718,5.606089
4.911790,-2.991432,5.606882
4.925071,-2.969097,5.607650
4.938270,-2.946715,5.608395
4.951388,-2.924285,5.609116
4.964424,-2.901808,5.609813
4.977379,-2.879283,5.610486
4.990252,-2.856712,5.611135
5.003043,-2.834094,5.611761
5.015752,-2.811431,5.612363
5.028378,-2.788721,5.612941
5.040922,-2.765966,5.613496
5.053382,-2.743165,5.614027
5.065760,-2.720320,5.614534
5.078055,-2.697430,5.615018
5.090266,-2.674495,5.615479
5.102394,-2.651517,5.615915
5.114438,-2.628495,5.616329
5.126398,-2.605430,5.616718
5.138275,-2.582321,5.617085
5.150067,-2.559170,5.617428
5.161774,-2.535976,5.617747
5.173397,-2.512740,5.618043
5.184935,-2.489463,5.618316
5.196389,-2.466143,5.618565
5.207757,-2.442783,5.618791
5.219040,-2.419382,5.618994
5.230237,-2.395940,5.619173
5.241349,-2.372458,5.619329
5.252375,-2.348936,5.619462
5.263316,-2.325374,5.619572
5.274170,-2.301774,5.619659
5.284938,-2.278134,5.619722
5.295619,-2.254455,5.619763
5.306214,-2.230739,5.619780
5.316722,-2.206984,5.619775
5.327144,-2.183192,5.619746
5.337478,-2.159362,5.619694
5.347725,-2.135495,5.619619
5.357885,-2.111592,5.619522
5.367957,-2.087652,5.619401
5.377942,-2.063676,5.619258
5.387839,-2.039665,5.619092
5.397648,-2.015618,5.618902
5.407369,-1.991536,5.618691
5.417001,-1.967419,5.618456
5.426546,-1.943268,5.618198
5.436001,-1.919083,5.617918
5.445368,-1.894864,5.617615
5.454647,-1.870611,5.617290
5.463836,-1.846326,5.616942
5.472936,-1.822008,5.616571
5.481947,-1.797657,5.616178
5.490869,-1.773274,5.615762
5.499701,-1.748860,5.615324
5.508444,-1.724414,5.614863
5.517097,-1.699937,5.614380
5.525660,-1.675430,5.613874
5.534133,-1.650892,5.613346
5.542516,-1.626323,5.612795
5.550808,-1.601726,5.612223
5.559011,-1.577098,5.611628
5.567122,-1.552442,5.611010
5.575144,-1.527757,5.610371
5.583074,-1.503044,5.609709
5.590914,-1.478302,5.609025
5.598662,-1.453533,5.608319
5.606320,-1.428736,5.607591
5.613886,-1.403913,5.606841
5.621361,-1.379063,5.606068
5.628744,-1.354186,5.605274
5.636036,-1.329283,5.604458
5.643236,-1.304355,5.603620
5.650345,-1.279402,5.602760
5.657361,-1.254423,5.601878
5.664286,-1.229420,5.600974
5.671119,-1.204393,5.600048
5.677859,-1.179341,5.599101
5.684507,-1.154266,5.598132
5.691063,-1.129168,5.597141
5.697526,-1.104047,5.596128
5.703896,-1.078903,5.595094
5.710174,-1.053737,5.594038
5.716359,-1.028550,5.592961
5.722451,-1.003340,5.591862
5.728451,-0.978110,5.590741
5.734357,-0.952859,5.589600
5.740170,-0.927587,5.588436
5.745889,-0.902295,5.587252
5.751516,-0.876984,5.586045
5.757049,-0.851652,5.584818
5.762488,-0.826302,5.583569
5.767834,-0.800934,5.582299
5.773086,-0.775546,5.581008
5.778244,-0.750141,5.579696
5.783309,-0.724718,5.578362
5.788280,-0.699278,5.577008
5.793156,-0.673821,5.575632
5.797939,-0.648347,5.574235
5.802627,-0.622857,5.572817
5.807222,-0.597351,5.571379
5.811722,-0.571829,5.569919
5.816127,-0.546293,5.568438
5.820438,-0.520741,5.566937
5.824655,-0.495175,5.565415
5.828777,-0.469595,5.563872
5.832805,-0.444001,5.562308
5.836737,-0.418393,5.560724
5.840575,-0.392773,5.559118
5.844319,-0.367139,5.557493
5.847967,-0.341494,5.555846
5.851520,-0.315836,5.554179
5.854979,-0.290167,5.552492
5.858342,-0.264486,5.550784
5.861610,-0.238794,5.549056
5.864784,-0.213092,5.547307
5.867862,-0.187380,5.545538
5.870844,-0.161658,5.543748
5.873732,-0.135926,5.541939
5.876524,-0.110185,5.540109
5.879220,-0.084435,5.538258
5.881822,-0.058677,5.536388
5.884327,-0.032911,5.534498
5.886738,-0.007137,5.532587
5.889052,0.018645,5.530656
5.891271,0.044433,5.528706
5.893395,0.070228,5.526735
5.895422,0.096030,5.524745
5.897354,0.121837,5.522734
5.899191,0.147650,5.520704
5.900931,0.173468,5.518654
5.902576,0.199291,5.516584
5.904125,0.225119,5.514495
5.905578,0.250950,5.512386
5.906935,0.276786,5.510257
5.908196,0.302625,5.508108
5.909362,0.328466,5.505940
5.910431,0.354311,5.503753
5.911404,0.380158,5.501546
5.912282,0.406007,5.499320
5.913063,0.431858,5.497074
5.913748,0.457709,5.494809
5.914338,0.483562,5.492524
5.914831,0.509415,5.490221
5.915228,0.535269,5.487898
5.915529,0.561122,5.485556
5.915734,0.586975,5.483195
5.915843,0.612827,5.480814
5.915855,0.638677,5.478415
5.915772,0.664526,5.475997
5.915592,0.690374,5.473559
5.915317,0.716218,5.471103
5.914945,0.742060,5.468628
5.914477,0.767899,5.466134
5.913913,0.793735,5.463622
5.913253,0.819566,5.461090
5.912497,0.845394,5.458540
5.911644,0.871217,5.455971
5.910696,0.897035,5.453384
5.909651,0.922848,5.450778
5.908510,0.948656,5.448153
5.907274,0.974457,5.445511
5.905941,1.000252,5.442849
5.904512,1.026041,5.440170
5.902987,1.051822,5.437471
5.901366,1.077596,5.434755
5.899649,1.103363,5.432021
5.897836,1.129121,5.429268
5.895927,1.154871,5.426497
5.893923,1.180612,5.423708
5.891822,1.206343,5.420901
5.889625,1.232066,5.418075
5.887333,1.257778,5.415232
5.884944,1.283480,5.412371
5.882460,1.309171,5.409492
5.879880,1.334852,5.406596
5.877205,1.360521,5.403681
5.874433,1.386178,5.400749
5.871566,1.411824,5.397799
5.868604,1.437456,5.394831
5.865545,1.463077,5.391846
5.862391,1.488684,5.388843
5.859142,1.514277,5.385823
5.855797,1.539857,5.382785
5.852357,1.565422,5.379730
5.848821,1.590973,5.376658
5.845190,1.616509,5.373568
5.841464,1.642029,5.370461
5.837642,1.667534,5.367337
5.833725,1.693023,5.364195
5.829713,1.718496,5.361037
5.825606,1.743952,5.357861
5.821404,1.769391,5.354668
5.817107,1.794812,5.351459
5.812715,1.820216,5.348232
5.808228,1.845601,5.344989
5.803646,1.870968,5.341728
5.798969,1.896317,5.338451
5.794198,1.921645,5.335158
5.789332,1.946955,5.331847
5.784372,1.972244,5.328520
5.779317,1.997513,5.325176
5.774167,2.022762,5.321816
5.768924,2.047990,5.318439
5.763586,2.073196,5.315046
5.758153,2.098380,5.311637
5.752627,2.123543,5.308211
5.747006,2.148683,5.304769
5.741292,2.173800,5.301310
5.735484,2.198895,5.297836
5.729581,2.223966,5.294345
5.723585,2.249013,5.290838
5.717496,2.274035,5.287316
5.711312,2.299034,5.283777
5.705035,2.324007,5.280222
5.698665,2.348956,5.276652
5.692202,2.373878,5.273065
5.685645,2.398775,5.269463
5.678995,2.423646,5.265845
5.672252,2.448490,5.262212
5.665415,2.473307,5.258562
5.658486,2.498096,5.254898
5.651465,2.522858,5.251217
5.644350,2.547592,5.247521
5.637143,2.572298,5.243810
5.629844,2.596975,5.240084
5.622452,2.621623,5.236342
5.614967,2.646242,5.232585
5.607391,2.670831,5.228812
5.599722,2.695389,5.225025
5.591962,2.719918,5.221222
5.584109,2.744415,5.217405
5.576165,2.768882,5.213572
5.568129,2.793317,5.209724
5.560002,2.817720,5.205862
5.551783,2.842091,5.201984
5.543472,2.866430,5.198092
5.535071,2.890736,5.194186
5.526578,2.915008,5.190264
5.517995,2.939247,5.186328
5.509320,2.963453,5.182377
5.500555,2.987624,5.178412
5.491700,3.011760,5.174432
5.482753,3.035862,5.170438
5.473717,3.059928,5.166429
5.464590,3.083959,5.162407
5.455373,3.107954,5.158370
5.446066,3.131913,5.154318
5.436669,3.155835,5.150253
5.427182,3.179721,5.146173
5.417606,3.203569,5.142080
5.407940,3.227380,5.137972
5.398185,3.251152,5.133851
5.388341,3.274887,5.129716
5.378408,3.298583,5.125567
5.368386,3.322240,5.121404
5.358275,3.345857,5.117227
5.348075,3.369436,5.113037
5.337787,3.392974,5.108833
5.327410,3.416472,5.104616
5.316946,3.439929,5.100385
5.306393,3.463346,5.096140
5.295752,3.486722,5.091883
5.285024,3.510055,5.087612
5.274207,3.533347,5.083327
5.263304,3.556597,5.079030
5.252313,3.579805,5.074719
5.241235,3.602969,5.070396
5.230070,3.626090,5.066059
5.218818,3.649168,5.061709
5.207479,3.672202,5.057346
5.196054,3.695192,5.052971
5.184542,3.718137,5.048582
5.172944,3.741037,5.044181
5.161261,3.763893,5.039767
5.149491,3.786703,5.035341
5.137635,3.809467,5.030902
5.125694,3.832185,5.026450
5.113668,3.854857,5.021986
5.101556,3.877482,5.017509
5.089359,3.900060,5.013020
5.077078,3.922590,5.008519
5.064711,3.945073,5.004006
5.052260,3.967508,4.999480
5.039725,3.989895,4.994942
5.027106,4.012233,4.990392
5.014402,4.034522,4.985830
5.001615,4.056762,4.981256
4.988744,4.078952,4.976671
4.975789,4.101093,4.972073
4.962751,4.123183,4.967464
4.949631,4.145223,4.962842
4.936427,4.167211,4.958209
4.923140,4.189149,4.953565
4.909771,4.211036,4.948909
4.896319,4.232870,4.944241
4.882786,4.254653,4.939562
4.869170,4.276383,4.934872
4.855473,4.298061,4.930170
4.841694,4.319686,4.925457
4.827833,4.341257,4.920733
4.813891,4.362775,4.915998
4.799869,4.384239,4.911251
4.785765,4.405649,4.906494
4.771581,4.427005,4.901725
4.757316,4.448305,4.896946
4.742971,4.469551,4.892155
4.728546,4.490741,4.887354
4.714042,4.511876,4.882542
4.699457,4.532955,4.877720
4.684793,4.553977,4.872887
4.670050,4.574943,4.868043
4.655228,4.595852,4.863189
4.640328,4.616704,4.858324
4.625348,4.637498,4.853449
4.610291,4.658235,4.848563
4.595155,4.678914,4.843668
4.579941,4.699534,4.838762
4.564649,4.720096,4.833846
4.549280,4.740599,4.828920
4.533834,4.761043,4.823983
4.518310,4.781428,4.819037
4.502710,4.801752,4.814081
4.487033,4.822017,4.809115
4.471279,4.842221,4.804139
4.455450,4.862365,4.799154
4.439544,4.882448,4.794159
4.423563,4.902470,4.789154
4.407506,4.922430,4.784140
4.391373,4.942328,4.779116
4.375166,4.962165,4.774082
4.358884,4.981939,4.769040
4.342527,5.001651,4.763988
4.326096,5.021300,4.758927
4.309591,5.040886,4.753856
4.293011,5.060408,4.748777
4.276358,5.079867,4.743688
4.259632,5.099262,4.738590
4.242832,5.118593,4.733484
4.225960,5.137859,4.728368
4.209014,5.157061,4.723244
4.191996,5.176197,4.718111
4.174906,5.195268,4.712969
4.157744,5.214274,4.707818
4.140510,5.233214,4.702659
4.123205,5.252088,4.697491
4.105828,5.270895,4.692315
4.088380,5.289636,4.687131
4.070861,5.308310,4.681938
4.053272,5.326917,4.676737
4.035612,5.345456,4.671528
4.017883,5.363928,4.666310
4.000083,5.382332,4.661084
3.982214,5.400668,4.655851
3.964276,5.418936,4.650609
3.946268,5.437134,4.645360
3.928192,5.455264,4.640102
3.910047,5.473325,4.634837
3.891834,5.491316,4.629564
3.873553,5.509237,4.624283
3.855204,5.527089,4.618995
3.836788,5.544871,4.613699
3.818304,5.562581,4.608396
3.799753,5.580222,4.603085
3.781136,5.597791,4.597767
3.762452,5.615289,4.592442
3.743702,5.632716,4.587109
3.724886,5.650071,4.581770
3.706004,5.667355,4.576423
3.687057,5.684566,4.571069
3.668045,5.701704,4.565708
3.648967,5.718770,4.560340
3.629826,5.735764,4.554965
3.610619,5.752684,4.549584
3.591349,5.769531,4.544195
3.572015,5.786304,4.538800
3.552617,5.803003,4.533399
3.533157,5.819629,4.527991
3.513633,5.836180,4.522576
3.494046,5.852657,4.517155
3.474397,5.869059,4.511727
3.454686,5.885386,4.506294
3.434913,5.901637,4.500854
3.415078,5.917814,4.495407
3.395183,5.933914,4.489955
3.375226,5.949939,4.484497
3.355208,5.965888,4.479032
3.335130,5.981761,4.473562
3.314991,5.997557,4.468086
3.294793,6.013276,4.462604
3.274535,6.028918,4.457116
3.254218,6.044483,4.451623
3.233841,6.059971,4.446124
3.213406,6.075381,4.440619
3.192913,6.090713,4.435109
3.172361,6.105968,4.429593
3.151751,6.121144,4.424072
3.131084,6.136241,4.418546
3.110359,6.151260,4.413015
3.089578,6.166200,4.407478
3.068739,6.181061,4.401936
3.047845,6.195843,4.396389
3.026894,6.210545,4.390838
3.005887,6.225167,4.385281
2.984825,6.239710,4.379719
2.963707,6.254172,4.374153
2.942535,6.268554,4.368582
2.921307,6.282856,4.363006
2.900026,6.297077,4.357426
2.878690,6.311217,4.351841
2.857301,6.325276,4.346251
2.835858,6.339253,4.340657
2.814362,6.353149,4.335059
2.792813,6.366964,4.329456
2.771211,6.380696,4.323850
2.749558,6.394347,4.318239
2.727852,6.407915,4.312623
2.706095,6.421401,4.307004
2.684286,6.434804,4.301381
2.662427,6.448125,4.295754
2.640516,6.461362,4.290123
2.618555,6.474517,4.284489
2.596545,6.487588,4.278850
2.574484,6.500575,4.273208
2.552374,6.513479,4.267562
2.530214,6.526298,4.261913
2.508006,6.539034,4.256260
2.485750,6.551686,4.250604
2.463445,6.564253,4.244945
2.441092,6.576735,4.239282
2.418691,6.589133,4.233616
2.396243,6.601446,4.227947
2.373749,6.613674,4.222275
2.351207,6.625816,4.216600
2.328619,6.637873,4.210921
2.305986,6.649845,4.205240
2.283306,6.661731,4.199556
2.260581,6.673530,4.193869
2.237811,6.685244,4.188180
2.214997,6.696871,4.182488
2.192137,6.708413,4.176793
2.169234,6.719867,4.171096
