ref_accel_x (m/s^2),ref_accel_y (m/s^2),ref_accel_z (m/s^2)
0.225177,1.000000,-10.780325
0.202810,0.999786,-10.780282
0.182822,0.999375,-10.780200
0.164969,0.998785,-10.780082
0.149029,0.998029,-10.779935
0.134821,0.997119,-10.779760
0.122181,0.996065,-10.779562
0.110960,0.994877,-10.779344
0.101021,0.735724,-10.779108
0.092353,0.545034,-10.778907
0.084834,0.488218,-10.778737
0.078309,0.436837,-10.778576
0.072683,0.390346,-10.778425
0.067871,0.348254,-10.778283
0.063795,0.310122,-10.778150
0.060384,0.275553,-10.778027
0.057574,0.244190,-10.777913
0.055305,0.215713,-10.777807
0.053526,0.189834,-10.777708
0.052187,0.166292,-10.777617
0.051245,0.144855,-10.777533
0.050660,0.125312,-10.777455
0.050397,0.107474,-10.777382
0.050424,0.091172,-10.777314
0.050710,0.076252,-10.777250
0.051230,0.062578,-10.777191
0.051960,0.050024,-10.777134
0.052878,0.038480,-10.777081
0.053964,0.027846,-10.777030
0.055201,0.018031,-10.776982
0.056572,0.008954,-10.776935
0.058065,0.000543,-10.776890
0.059665,-0.007269,-10.776847
0.061360,-0.014539,-10.776804
0.063141,-0.021323,-10.776762
0.064997,-0.027666,-10.776721
0.066921,-0.033613,-10.776680
0.068904,-0.039202,-10.776639
0.070939,-0.044468,-10.776599
0.073021,-0.049442,-10.776559
0.075143,-0.054153,-10.776518
0.077300,-0.058625,-10.776477
0.079488,-0.062881,-10.776436
0.081702,-0.066943,-10.776395
0.083939,-0.070829,-10.776352
0.086196,-0.074554,-10.776310
0.088469,-0.078135,-10.776267
0.090755,-0.081585,-10.776223
0.093053,-0.084916,-10.776178
0.095359,-0.088138,-10.776133
0.097673,-0.091262,-10.776087
0.099992,-0.094296,-10.776041
0.102314,-0.097248,-10.775993
0.104639,-0.100127,-10.775945
0.106964,-0.102937,-10.775896
0.109289,-0.105684,-10.775846
0.111613,-0.108375,-10.775795
0.113934,-0.111014,-10.775743
0.116252,-0.113604,-10.775691
0.118567,-0.116151,-10.775638
0.120876,-0.118656,-10.775584
0.123181,-0.121124,-10.775529
0.125480,-0.123557,-10.775473
0.127772,-0.125957,-10.775416
0.130058,-0.128328,-10.775359
0.132337,-0.130670,-10.775301
0.134609,-0.132986,-10.775242
0.136873,-0.135278,-10.775182
0.139129,-0.137546,-10.775121
0.141376,-0.139793,-10.775060
0.143616,-0.142019,-10.774998
0.145847,-0.144226,-10.774935
0.148069,-0.146414,-10.774871
0.150282,-0.148585,-10.774807
0.152487,-0.150740,-10.774742
0.154682,-0.152878,-10.774676
0.156868,-0.155001,-10.774610
0.159045,-0.157109,-10.774542
0.161212,-0.159203,-10.774475
0.163371,-0.161284,-10.774406
0.165519,-0.163351,-10.774337
0.167659,-0.165406,-10.774267
0.169789,-0.167448,-10.774197
0.171909,-0.169478,-10.774126
0.174020,-0.171496,-10.774054
0.176122,-0.173503,-10.773982
0.178214,-0.175499,-10.773910
0.180296,-0.177483,-10.773836
0.182369,-0.179457,-10.773763
0.184433,-0.181420,-10.773688
0.186487,-0.183373,-10.773613
0.188532,-0.185316,-10.773538
0.190567,-0.187248,-10.773462
0.192593,-0.189171,-10.773386
0.194609,-0.191084,-10.773309
0.196616,-0.192987,-10.773232
0.198614,-0.194880,-10.773154
0.200603,-0.196764,-10.773076
0.202582,-0.198639,-10.772997
0.204552,-0.200505,-10.772918
0.206513,-0.202361,-10.772839
0.208465,-0.204208,-10.772759
0.210407,-0.206046,-10.772679
0.212341,-0.207875,-10.772598
0.214265,-0.209696,-10.772518
0.216181,-0.211507,-10.772436
0.218087,-0.213310,-10.772355
0.219985,-0.215104,-10.772273
0.221873,-0.216890,-10.772190
0.223753,-0.218667,-10.772108
0.225624,-0.220435,-10.772025
0.227486,-0.222195,-10.771942
0.229340,-0.223947,-10.771858
0.231184,-0.225690,-10.771774
0.233021,-0.227425,-10.771690
0.234848,-0.229151,-10.771606
0.236667,-0.230870,-10.771521
0.238477,-0.232580,-10.771437
0.240279,-0.234282,-10.771352
0.242072,-0.235976,-10.771266
0.243857,-0.237662,-10.771181
0.245634,-0.239340,-10.771095
0.247402,-0.241010,-10.771009
0.249162,-0.242672,-10.770923
0.250914,-0.244326,-10.770837
0.252657,-0.245972,-10.770750
0.254392,-0.247611,-10.770664
0.256119,-0.249242,-10.770577
0.257838,-0.250865,-10.770490
0.259549,-0.252480,-10.770403
0.261252,-0.254087,-10.770316
0.262947,-0.255687,-10.770228
0.264633,-0.257280,-10.770141
0.266312,-0.258865,-10.770053
0.267983,-0.260442,-10.769965
0.269647,-0.262012,-10.769877
0.271302,-0.263574,-10.769789
0.272950,-0.265129,-10.769701
0.274590,-0.266677,-10.769613
0.276222,-0.268217,-10.769525
0.277846,-0.269750,-10.769437
0.279463,-0.271275,-10.769348
0.281072,-0.272794,-10.769260
0.282674,-0.274305,-10.769171
0.284268,-0.275809,-10.769083
0.285855,-0.277306,-10.768994
0.287434,-0.278795,-10.768905
0.289006,-0.280278,-10.768817
0.290571,-0.281754,-10.768728
0.292128,-0.283222,-10.768639
0.293678,-0.284684,-10.768550
0.295220,-0.286138,-10.768462
0.296756,-0.287586,-10.768373
0.298284,-0.289027,-10.768284
0.299805,-0.290461,-10.768195
0.301318,-0.291888,-10.768107
0.302825,-0.293308,-10.768018
0.304325,-0.294722,-10.767929
0.305817,-0.296129,-10.767840
0.307303,-0.297529,-10.767751
0.308782,-0.298923,-10.767663
0.310253,-0.300309,-10.767574
0.311718,-0.301690,-10.767486
0.313176,-0.303063,-10.767397
0.314627,-0.304430,-10.767308
0.316072,-0.305791,-10.767220
0.317509,-0.307145,-10.767131
0.318940,-0.308493,-10.767043
0.320364,-0.309834,-10.766955
0.321781,-0.311169,-10.766867
0.323192,-0.312497,-10.766778
0.324596,-0.313819,-10.766690
0.325994,-0.315135,-10.766602
0.327385,-0.316444,-10.766514
0.328769,-0.317748,-10.766426
0.330147,-0.319045,-10.766339
0.331519,-0.320335,-10.766251
0.332884,-0.321620,-10.766163
0.334243,-0.322899,-10.766076
0.335595,-0.324171,-10.765988
0.336941,-0.325437,-10.765901
0.338281,-0.326698,-10.765814
0.339614,-0.327952,-10.765727
0.340941,-0.329200,-10.623917
0.342283,-0.330459,-9.765553
0.343741,-0.331809,-9.765466
0.345191,-0.333151,-9.765380
0.346634,-0.334487,-9.765293
0.348070,-0.335816,-9.765207
0.349498,-0.337137,-9.765121
0.350918,-0.338452,-9.765035
0.352332,-0.339759,-9.764949
0.353737,-0.341060,-9.764863
0.355136,-0.342353,-9.764777
0.356527,-0.343640,-9.764692
0.357911,-0.344920,-9.764606
0.359288,-0.346193,-9.764521
0.360657,-0.347459,-9.764436
0.362020,-0.348719,-9.764351
0.363375,-0.349972,-9.764266
0.364723,-0.351218,-9.764182
0.366065,-0.352457,-9.764097
0.367399,-0.353690,-9.764013
0.368726,-0.354917,-9.763929
0.370046,-0.356137,-9.763845
0.371360,-0.357350,-9.763761
0.372667,-0.358557,-9.763678
0.373967,-0.359757,-9.763594
0.375260,-0.360952,-9.763511
0.376546,-0.362139,-9.763428
0.377826,-0.363321,-9.763345
0.379099,-0.364496,-9.763262
0.380365,-0.365665,-9.763180
0.381625,-0.366828,-9.763097
0.382878,-0.367984,-9.763015
0.384124,-0.369135,-9.762933
0.385365,-0.370279,-9.762851
0.386598,-0.371417,-9.762770
0.387825,-0.372549,-9.762688
0.389046,-0.373675,-9.762607
0.390261,-0.374795,-9.762526
0.391469,-0.375910,-9.762445
0.392671,-0.377018,-9.762365
0.393866,-0.378120,-9.762284
0.395056,-0.379217,-9.762204
0.396239,-0.380307,-9.762124
0.397416,-0.381392,-9.762044
0.398587,-0.382472,-9.761964
0.399751,-0.383545,-9.761885
0.400910,-0.384613,-9.761806
0.402063,-0.385675,-9.761727
0.403209,-0.386731,-9.761648
0.404350,-0.387782,-9.761569
0.405484,-0.388827,-9.761491
0.406613,-0.389867,-9.761413
0.407736,-0.390901,-9.761335
0.408853,-0.391930,-9.761257
0.409964,-0.392953,-9.761179
0.411070,-0.393970,-9.761102
0.412169,-0.394983,-9.761025
0.413263,-0.395990,-9.760948
0.414351,-0.396991,-9.760871
0.415434,-0.397988,-9.760795
0.416511,-0.398979,-9.760719
0.417582,-0.399964,-9.760643
0.418647,-0.400945,-9.760567
0.419707,-0.401920,-9.760491
0.420762,-0.402890,-9.760416
0.421811,-0.403855,-9.760341
0.422855,-0.404815,-9.760266
0.423893,-0.405770,-9.760191
0.424925,-0.406720,-9.760117
0.425953,-0.407665,-9.760042
0.426975,-0.408604,-9.759968
0.427991,-0.409539,-9.759895
0.429002,-0.410469,-9.759821
0.430008,-0.411393,-9.759748
0.431009,-0.412313,-9.759675
0.432005,-0.413228,-9.759602
0.432995,-0.414139,-9.759529
0.433980,-0.415044,-9.759457
0.434960,-0.415944,-9.759384
0.435935,-0.416840,-9.759312
0.436905,-0.417731,-9.759241
0.437870,-0.418617,-9.759169
0.438829,-0.419499,-9.759098
0.439784,-0.420376,-9.759027
0.440734,-0.421248,-9.758956
0.441679,-0.422116,-9.758886
0.442618,-0.422979,-9.758815
0.443553,-0.423837,-9.758745
0.444483,-0.424691,-9.758675
0.445409,-0.425541,-9.758606
0.446329,-0.426386,-9.758536
0.447244,-0.427226,-9.758467
0.448155,-0.428062,-9.758398
0.449061,-0.428893,-9.758329
0.449962,-0.429721,-9.758261
0.450859,-0.430543,-9.758193
0.451751,-0.431362,-9.758125
0.452638,-0.432176,-9.758057
0.453521,-0.432985,-9.757989
0.454399,-0.433791,-9.757922
0.455272,-0.434592,-9.757855
0.456141,-0.435389,-9.757788
0.457005,-0.436182,-9.757721
0.457865,-0.436970,-9.757655
0.458720,-0.437755,-9.757589
0.459571,-0.438535,-9.757523
0.460417,-0.439311,-9.757457
0.461259,-0.440083,-9.757392
0.462097,-0.440851,-9.757327
0.462930,-0.441614,-9.757262
0.463759,-0.442374,-9.757197
0.464583,-0.443130,-9.757132
0.465403,-0.443881,-9.757068
0.466219,-0.444629,-9.757004
0.467031,-0.445373,-9.756940
0.467838,-0.446113,-9.756877
0.468641,-0.446849,-9.756813
0.469440,-0.447581,-9.756750
0.470235,-0.448309,-9.756687
0.471025,-0.449033,-9.756625
0.471812,-0.449754,-9.756562
0.472594,-0.450470,-9.756500
0.473373,-0.451183,-9.756438
0.474147,-0.451892,-9.756376
0.474917,-0.452597,-9.756315
0.475683,-0.453299,-9.756254
0.476445,-0.453997,-9.756193
0.477203,-0.454691,-9.756132
0.477958,-0.455382,-9.756071
0.478708,-0.456068,-9.756011
0.479454,-0.456752,-9.755951
0.480197,-0.457431,-9.755891
0.480935,-0.458107,-9.755831
0.481670,-0.458780,-9.755772
0.482401,-0.459449,-9.755713
0.483128,-0.460114,-9.755654
0.483851,-0.460776,-9.755595
0.484570,-0.461434,-9.755536
0.485286,-0.462089,-9.755478
0.485998,-0.462740,-9.755420
0.486706,-0.463388,-9.755362
0.487411,-0.464033,-9.755305
0.488111,-0.464674,-9.755247
0.488809,-0.465312,-9.755190
0.489502,-0.465946,-9.755133
0.490192,-0.466577,-9.755076
0.490878,-0.467205,-9.755020
0.491561,-0.467829,-9.754964
0.492240,-0.468450,-9.754908
0.492916,-0.469068,-9.754852
0.493588,-0.469682,-9.754796
0.494256,-0.470293,-9.754741
0.494921,-0.470901,-9.754686
0.495583,-0.471506,-9.754631
0.496241,-0.472108,-9.754576
0.496895,-0.472706,-9.754522
0.497546,-0.473301,-9.754467
0.498194,-0.473893,-9.754413
0.498839,-0.474482,-9.754359
0.499480,-0.475068,-9.754306
0.500117,-0.475651,-9.754252
0.500752,-0.476231,-9.754199
0.501383,-0.476807,-9.754146
0.502010,-0.477381,-9.754094
0.502635,-0.477951,-9.754041
0.503256,-0.478519,-9.753989
0.503874,-0.479083,-9.753937
0.504489,-0.479645,-9.753885
0.505100,-0.480203,-9.753833
0.505708,-0.480759,-9.753782
0.506314,-0.481312,-9.753730
0.506915,-0.481861,-9.753679
0.507514,-0.482408,-9.753629
0.508110,-0.482952,-9.753578
0.508702,-0.483493,-9.753528
0.509292,-0.484031,-9.753477
0.509878,-0.484567,-9.753427
0.510461,-0.485099,-9.753378
0.511042,-0.485629,-9.753328
0.511619,-0.486156,-9.753279
0.512193,-0.486680,-9.753230
0.512764,-0.487202,-9.753181
0.513332,-0.487720,-9.753132
0.513898,-0.488236,-9.753083
0.514460,-0.488749,-9.753035
0.515019,-0.489260,-9.752987
0.515575,-0.489768,-9.752939
0.516129,-0.490273,-9.752891
0.516679,-0.490775,-9.752844
0.517227,-0.491275,-9.752797
0.517772,-0.491772,-9.752750
0.518314,-0.492266,-9.752703
0.518853,-0.492758,-9.752656
0.519389,-0.493248,-9.752609
0.519923,-0.493734,-9.752563
0.520453,-0.494219,-9.752517
0.520981,-0.494700,-9.752471
0.521507,-0.495179,-9.752425
0.522029,-0.495656,-9.752380
0.522549,-0.496130,-9.752335
0.523066,-0.496601,-9.752290
0.523580,-0.497070,-9.752245
0.524091,-0.497537,-9.752200
0.524600,-0.498001,-9.752155
0.525106,-0.498462,-9.752111
0.525610,-0.498922,-9.752067
0.526111,-0.499378,-9.752023
0.526609,-0.499833,-9.751979
0.527105,-0.500285,-9.751936
0.527598,-0.500734,-9.751892
0.528089,-0.501181,-9.751849
0.528577,-0.501626,-9.751806
0.529062,-0.502069,-9.751763
0.529545,-0.502509,-9.751721
0.530025,-0.502947,-9.751678
0.530503,-0.503382,-9.751636
0.530978,-0.503815,-9.751594
0.531451,-0.504246,-9.751552
0.531921,-0.504675,-9.751511
0.532389,-0.505101,-9.751469
0.532855,-0.505525,-9.751428
0.533318,-0.505947,-9.751387
0.533778,-0.506367,-9.751346
0.534236,-0.506785,-9.751305
0.534692,-0.507200,-9.751264
0.535146,-0.507613,-9.751224
0.535597,-0.508024,-9.751184
0.536045,-0.508433,-9.751144
0.536491,-0.508839,-9.751104
0.536935,-0.509244,-9.751064
0.537377,-0.509646,-9.751025
0.537816,-0.510046,-9.750985
0.538253,-0.510444,-9.750946
0.538688,-0.510840,-9.750907
0.539120,-0.511234,-9.750868
0.539551,-0.511626,-9.750830
0.539979,-0.512015,-9.750791
0.540404,-0.512403,-9.750753
0.540828,-0.512789,-9.750715
0.541249,-0.513172,-9.750677
0.541668,-0.513554,-9.750639
0.542085,-0.513933,-9.750602
0.542499,-0.514311,-9.750564
0.542912,-0.514687,-9.750527
0.543322,-0.515060,-9.750490
0.543730,-0.515432,-9.750453
0.544136,-0.515801,-9.750416
0.544540,-0.516169,-9.750380
0.544942,-0.516535,-9.750343
0.545342,-0.516899,-9.750307
0.545739,-0.517261,-9.750271
0.546135,-0.517621,-9.750235
0.546528,-0.517979,-9.750199
0.546920,-0.518335,-9.750164
0.547309,-0.518689,-9.750128
0.547696,-0.519042,-9.750093
0.548082,-0.519392,-9.750058
0.548465,-0.519741,-9.750023
0.548846,-0.520088,-9.749988
0.549225,-0.520433,-9.749954
0.549602,-0.520777,-9.749919
0.549978,-0.521118,-9.749885
0.550351,-0.521458,-9.749851
0.550722,-0.521796,-9.749817
0.551092,-0.522132,-9.749783
0.551459,-0.522466,-9.749749
0.551825,-0.522799,-9.749716
0.552188,-0.523129,-9.749682
0.552550,-0.523459,-9.749649
0.552910,-0.523786,-9.749616
0.553268,-0.524111,-9.749583
0.553624,-0.524435,-9.749551
0.553978,-0.524758,-9.749518
0.554330,-0.525078,-9.749486
0.554681,-0.525397,-9.749453
0.555030,-0.525714,-9.749421
0.555376,-0.526029,-9.749389
0.555721,-0.526343,-9.749357
0.556065,-0.526655,-9.749326
0.556406,-0.526966,-9.749294
0.556746,-0.527275,-9.749263
0.557084,-0.527582,-9.749231
0.557420,-0.527888,-9.749200
0.557754,-0.528192,-9.749169
0.558086,-0.528494,-9.749139
0.558417,-0.528795,-9.749108
0.558746,-0.529094,-9.749077
0.559074,-0.529392,-9.749047
0.559399,-0.529688,-9.749017
0.559723,-0.529982,-9.748987
0.560046,-0.530275,-9.748957
0.560366,-0.530567,-9.748927
0.560685,-0.530857,-9.748897
0.561002,-0.531145,-9.748868
0.561318,-0.531432,-9.748838
0.561632,-0.531717,-9.748809
0.561944,-0.532001,-9.748780
0.562254,-0.532283,-9.748751
0.562563,-0.532564,-9.748722
0.562871,-0.532843,-9.748694
0.563176,-0.533121,-9.748665
0.563481,-0.533398,-9.748637
0.563783,-0.533673,-9.748608
0.564084,-0.533946,-9.748580
0.564383,-0.534218,-9.748552
0.564681,-0.534489,-9.748524
0.564978,-0.534758,-9.748497
0.565272,-0.535026,-9.748469
0.565565,-0.535293,-9.748441
0.565857,-0.535557,-9.748414
0.566147,-0.535821,-9.748387
0.566436,-0.536083,-9.748360
0.566723,-0.536344,-9.748333
0.567008,-0.536604,-9.748306
0.567292,-0.536862,-9.748279
0.567575,-0.537118,-9.748253
0.567856,-0.537374,-9.748226
0.568136,-0.537628,-9.748200
0.568414,-0.537881,-9.748174
0.568690,-0.538132,-9.748148
0.568966,-0.538382,-9.748122
0.569239,-0.538631,-9.748096
0.569512,-0.538878,-9.748070
0.569783,-0.539124,-9.748045
0.570052,-0.539369,-9.748019
0.570320,-0.539613,-9.747994
0.570587,-0.539855,-9.747969
0.570852,-0.540096,-9.747943
0.571116,-0.540336,-9.747918
0.571379,-0.540574,-9.747894
0.571640,-0.540811,-9.747869
0.571900,-0.541047,-9.747844
0.572158,-0.541282,-9.747820
0.572415,-0.541515,-9.747795
0.572671,-0.541747,-9.747771
0.572925,-0.541978,-9.747747
0.573178,-0.542208,-9.747723
0.573430,-0.542437,-9.747699
0.573680,-0.542664,-9.747675
0.573929,-0.542890,-9.747652
0.574177,-0.543115,-9.747628
0.574424,-0.543339,-9.747605
0.574669,-0.543562,-9.747581
0.574913,-0.543783,-9.747558
0.575155,-0.544004,-9.747535
0.575397,-0.544223,-9.747512
0.575637,-0.544441,-9.747489
0.575876,-0.544658,-9.747466
0.576113,-0.544873,-9.747444
0.576349,-0.545088,-9.747421
0.576585,-0.545301,-9.747399
0.576818,-0.545514,-9.747376
0.577051,-0.545725,-9.747354
0.577282,-0.545935,-9.747332
0.577513,-0.546144,-9.747310
0.577742,-0.546352,-9.747288
0.577969,-0.546558,-9.747266
0.578196,-0.546764,-9.747245
0.578421,-0.546969,-9.747223
0.578646,-0.547172,-9.747202
0.578869,-0.547375,-9.747180
0.579091,-0.547576,-9.747159
0.579311,-0.547776,-9.747138
0.579531,-0.547976,-9.747117
0.579749,-0.548174,-9.747096
0.579966,-0.548371,-9.747075
0.580183,-0.548567,-9.747054
0.580398,-0.548762,-9.747034
0.580611,-0.548956,-9.747013
0.580824,-0.549150,-9.746993
0.581036,-0.549342,-9.746972
0.581246,-0.549533,-9.746952
0.581456,-0.549723,-9.746932
0.581664,-0.549912,-9.746912
0.581871,-0.550100,-9.746892
0.582077,-0.550287,-9.746872
0.582282,-0.550473,-9.746852
0.582486,-0.550658,-9.746833
0.582689,-0.550842,-9.746813
0.582891,-0.551025,-9.746794
0.583092,-0.551207,-9.746774
0.583292,-0.551389,-9.746755
0.583490,-0.551569,-9.746736
0.583688,-0.551748,-9.746717
0.583885,-0.551927,-9.746698
0.584080,-0.552104,-9.746679
0.584275,-0.552281,-9.746660
0.584468,-0.552456,-9.746641
0.584661,-0.552631,-9.746623
0.584852,-0.552804,-9.746604
0.585043,-0.552977,-9.746586
0.585232,-0.553149,-9.746567
0.585421,-0.553320,-9.746549
0.585608,-0.553490,-9.746531
0.585795,-0.553660,-9.746513
0.585980,-0.553828,-9.746495
0.586165,-0.553995,-9.746477
0.586348,-0.554162,-9.746459
0.586531,-0.554328,-9.746442
0.586713,-0.554492,-9.746424
0.586894,-0.554656,-9.746406
0.587073,-0.554819,-9.746389
0.587252,-0.554982,-9.746372
0.587430,-0.555143,-9.746354
0.587607,-0.555303,-9.746337
0.587783,-0.555463,-9.746320
0.587958,-0.555622,-9.746303
0.588132,-0.555780,-9.746286
0.588306,-0.555937,-9.746269
0.588478,-0.556094,-9.746252
0.588650,-0.556249,-9.746236
0.588820,-0.556404,-9.746219
0.588990,-0.556558,-9.746203
0.589159,-0.556711,-9.746186
0.589327,-0.556863,-9.746170
0.589494,-0.557014,-9.746154
0.589660,-0.557165,-9.746137
0.589825,-0.557315,-9.746121
0.589990,-0.557464,-9.746105
0.590153,-0.557612,-9.746089
0.590316,-0.557760,-9.746073
0.590478,-0.557907,-9.746058
0.590639,-0.558053,-9.746042
0.590799,-0.558198,-9.746026
0.590958,-0.558342,-9.746011
0.591117,-0.558486,-9.745995
0.591274,-0.558629,-9.745980
0.591431,-0.558771,-9.745964
0.591587,-0.558913,-9.745949
0.591742,-0.559053,-9.745934
0.591897,-0.559193,-9.745919
0.592050,-0.559333,-9.745904
0.592203,-0.559471,-9.745889
0.592355,-0.559609,-9.745874
0.592506,-0.559746,-9.745859
0.592656,-0.559882,-9.745845
0.592806,-0.560018,-9.745830
0.592955,-0.560153,-9.745815
0.593103,-0.560287,-9.745801
0.593250,-0.560420,-9.745786
0.593396,-0.560553,-9.745772
0.593542,-0.560685,-9.745758
0.593687,-0.560816,-9.745744
0.593831,-0.560947,-9.745729
0.593974,-0.561077,-9.745715
0.594117,-0.561206,-9.745701
0.594259,-0.561335,-9.745687
0.594400,-0.561463,-9.745674
0.594541,-0.561590,-9.745660
0.594680,-0.561717,-9.745646
0.594819,-0.561843,-9.745632
0.594957,-0.561968,-9.745619
0.595095,-0.562093,-9.745605
0.595232,-0.562217,-9.745592
0.595368,-0.562340,-9.745579
0.595503,-0.562463,-9.745565
0.595638,-0.562585,-9.745552
0.595772,-0.562706,-9.745539
0.595905,-0.562827,-9.745526
0.596037,-0.562947,-9.745513
0.596169,-0.563067,-9.745500
0.596300,-0.563185,-9.745487
0.596431,-0.563304,-9.745474
0.596561,-0.563421,-9.745461
0.596690,-0.563538,-9.745448
0.596818,-0.563655,-9.745436
0.596946,-0.563770,-9.745423
0.597073,-0.563886,-9.745411
0.597199,-0.564000,-9.745398
0.597325,-0.564114,-9.745386
0.597450,-0.564227,-9.745373
0.597575,-0.564340,-9.745361
0.597698,-0.564452,-9.745349
0.597821,-0.564564,-9.745337
0.597944,-0.564675,-9.745325
0.598066,-0.564785,-9.745313
0.598187,-0.564895,-9.745301
0.598307,-0.565004,-9.745289
0.598427,-0.565113,-9.745277
0.598547,-0.565221,-9.745265
0.598665,-0.565329,-9.745253
0.598783,-0.565436,-9.745242
0.598901,-0.565542,-9.745230
0.599018,-0.565648,-9.745219
0.599134,-0.565753,-9.745207
0.599249,-0.565858,-9.745196
0.599364,-0.565962,-9.745184
0.599479,-0.566066,-9.745173
0.599593,-0.566169,-9.745162
0.599706,-0.566271,-9.745151
0.599818,-0.566373,-9.745139
0.599930,-0.566475,-9.745128
0.600042,-0.566576,-9.745117
0.600153,-0.566676,-9.745106
0.600263,-0.566776,-9.745095
0.600372,-0.566875,-9.745085
0.600482,-0.566974,-9.745074
0.600590,-0.567073,-9.745063
0.600698,-0.567170,-9.745052
0.600805,-0.567268,-9.745042
0.600912,-0.567364,-9.745031
0.601018,-0.567461,-9.745020
0.601124,-0.567556,-9.745010
0.601229,-0.567652,-9.745000
0.601334,-0.567746,-9.744989
0.601438,-0.567841,-9.744979
0.601541,-0.567934,-9.744969
0.601644,-0.568028,-9.744958
0.601747,-0.568120,-9.744948
0.601849,-0.568213,-9.744938
0.601950,-0.568305,-9.744928
0.602051,-0.568396,-9.744918
0.602151,-0.568487,-9.744908
0.602251,-0.568577,-9.744898
0.602350,-0.568667,-9.744888
0.602449,-0.568756,-9.744878
0.602547,-0.568845,-9.744869
0.602645,-0.568934,-9.744859
0.602742,-0.569022,-9.744849
0.602839,-0.569109,-9.744840
0.602935,-0.569196,-9.744830
0.603030,-0.569283,-9.744821
0.603125,-0.569369,-9.744811
0.603220,-0.569455,-9.744802
0.603314,-0.569540,-9.744792
0.603408,-0.569625,-9.744783
0.603501,-0.569710,-9.744774
0.603594,-0.569793,-9.744765
0.603686,-0.569877,-9.744755
0.603778,-0.569960,-9.744746
0.603869,-0.570043,-9.744737
0.603960,-0.570125,-9.744728
0.604050,-0.570207,-9.744719
0.604140,-0.570288,-9.744710
0.604229,-0.570369,-9.744701
0.604318,-0.570449,-9.744692
0.604406,-0.570529,-9.744684
0.604494,-0.570609,-9.744675
0.604582,-0.570688,-9.744666
0.604669,-0.570767,-9.744657
0.604755,-0.570845,-9.744649
0.604841,-0.570923,-9.744640
0.604927,-0.571001,-9.744632
0.605012,-0.571078,-9.744623
0.605097,-0.571155,-9.744615
0.605181,-0.571231,-9.744606
0.605265,-0.571307,-9.744598
0.605348,-0.571383,-9.744590
0.605431,-0.571458,-9.744581
0.605514,-0.571533,-9.744573
0.605596,-0.571607,-9.744565
0.605678,-0.571681,-9.744557
0.605759,-0.571754,-9.744549
0.605840,-0.571828,-9.744540
0.605920,-0.571900,-9.744532
0.606000,-0.571973,-9.744524
0.606080,-0.572045,-9.744516
0.606159,-0.572117,-9.744509
0.606238,-0.572188,-9.744501
0.606316,-0.572259,-9.744493
0.606394,-0.572329,-9.744485
0.606471,-0.572400,-9.744477
0.606548,-0.572469,-9.744470
0.606625,-0.572539,-9.744462
0.606701,-0.572608,-9.744454
0.606777,-0.572677,-9.744447
0.606853,-0.572745,-9.744439
0.606928,-0.572813,-9.744432
0.607003,-0.572881,-9.744424
0.607077,-0.572948,-9.744417
0.607151,-0.573015,-9.744409
0.607224,-0.573081,-9.744402
0.607297,-0.573148,-9.744395
0.607370,-0.573213,-9.744387
0.607443,-0.573279,-9.744380
0.607515,-0.573344,-9.744373
0.607586,-0.573409,-9.744366
0.607657,-0.573473,-9.744359
0.607728,-0.573538,-9.744351
0.607799,-0.573601,-9.744344
0.607869,-0.573665,-9.744337
0.607939,-0.573728,-9.744330
0.608008,-0.573791,-9.744323
0.608077,-0.573853,-9.744317
0.608146,-0.573916,-9.744310
0.608214,-0.573977,-9.744303
0.608282,-0.574039,-9.744296
0.608350,-0.574100,-9.744289
0.608417,-0.574161,-9.744282
0.608484,-0.574222,-9.744276
0.608550,-0.574282,-9.744269
0.608616,-0.574342,-9.744262
0.608682,-0.574401,-9.744256
0.608748,-0.574461,-9.744249
0.608813,-0.574520,-9.744243
0.608878,-0.574578,-9.744236
0.608942,-0.574637,-9.744230
0.609006,-0.574695,-9.744223
0.609070,-0.574752,-9.744217
0.609133,-0.574810,-9.744211
0.609197,-0.574867,-9.744204
0.609259,-0.574924,-9.744198
0.609322,-0.574980,-9.744192
0.609384,-0.575037,-9.744185
0.609446,-0.575093,-9.744179
0.609507,-0.575148,-9.744173
0.609568,-0.575204,-9.744167
0.609629,-0.575259,-9.744161
0.609690,-0.575313,-9.744155
0.609750,-0.575368,-9.744149
0.609810,-0.575422,-9.744143
0.609869,-0.575476,-9.744137
0.609929,-0.575530,-9.744131
0.609988,-0.575583,-9.744125
0.610046,-0.575636,-9.744119
0.610105,-0.575689,-9.744113
0.610163,-0.575742,-9.744107
0.610220,-0.575794,-9.744101
0.610278,-0.575846,-9.744096
0.610335,-0.575897,-9.744090
0.610392,-0.575949,-9.744084
0.610448,-0.576000,-9.744078
0.610504,-0.576051,-9.744073
0.610560,-0.576102,-9.744067
0.610616,-0.576152,-9.744061
0.610671,-0.576202,-9.744056
0.610726,-0.576252,-9.744050
0.610781,-0.576301,-9.744045
0.610836,-0.576351,-9.744039
0.610890,-0.576400,-9.744034
0.610944,-0.576449,-9.744028
0.610997,-0.576497,-9.744023
0.611051,-0.576545,-9.744018
0.611104,-0.576593,-9.744012
0.611156,-0.576641,-9.744007
0.611209,-0.576689,-9.744002
0.611261,-0.576736,-9.743997
0.611313,-0.576783,-9.743991
0.611365,-0.576830,-9.743986
0.611416,-0.576876,-9.743981
0.611467,-0.576923,-9.743976
0.611518,-0.576969,-9.743971
0.611569,-0.577014,-9.743966
0.611619,-0.577060,-9.743960
0.611669,-0.577105,-9.743955
0.611719,-0.577150,-9.743950
0.611769,-0.577195,-9.743945
0.611818,-0.577240,-9.743940
0.611867,-0.577284,-9.743935
0.611916,-0.577328,-9.743931
0.611964,-0.577372,-9.743926
0.612013,-0.577416,-9.743921
0.612061,-0.577459,-9.743916
0.612108,-0.577503,-9.743911
0.612156,-0.577546,-9.743906
0.612203,-0.577588,-9.743902
0.612250,-0.577631,-9.743897
0.612297,-0.577673,-9.743892
0.612343,-0.577715,-9.743887
0.612390,-0.577757,-9.743883
0.612436,-0.577799,-9.743878
0.612481,-0.577840,-9.743873
0.612527,-0.577882,-9.743869
0.612572,-0.577923,-9.743864
0.612617,-0.577963,-9.743860
0.612662,-0.578004,-9.743855
0.612707,-0.578044,-9.743851
0.612751,-0.578085,-9.743846
0.612795,-0.578124,-9.743842
0.612839,-0.578164,-9.743837
0.612883,-0.578204,-9.743833
0.612926,-0.578243,-9.743829
0.612970,-0.578282,-9.743824
0.613013,-0.578321,-9.743820
0.613055,-0.578360,-9.743816
0.613098,-0.578398,-9.743811
0.613140,-0.578437,-9.743807
0.613182,-0.578475,-9.743803
0.613224,-0.578513,-9.743798
0.613266,-0.578550,-9.743794
0.613307,-0.578588,-9.743790
0.613348,-0.578625,-9.743786
0.613389,-0.578662,-9.743782
0.613430,-0.578699,-9.743778
0.613471,-0.578736,-9.743774
0.613511,-0.578772,-9.743769
0.613551,-0.578809,-9.743765
0.613591,-0.578845,-9.743761
0.613631,-0.578881,-9.743757
0.613670,-0.578916,-9.743753
0.613710,-0.578952,-9.743749
0.613749,-0.578987,-9.743745
0.613788,-0.579023,-9.743741
0.613826,-0.579058,-9.743738
0.613865,-0.579092,-9.743734
0.613903,-0.579127,-9.743730
0.613941,-0.579162,-9.743726
0.613979,-0.579196,-9.743722
0.614017,-0.579230,-9.743718
0.614054,-0.579264,-9.743715
0.614092,-0.579298,-9.743711
0.614129,-0.579331,-9.743707
0.614166,-0.579365,-9.743703
0.614202,-0.579398,-9.743700
0.614239,-0.579431,-9.743696
0.614275,-0.579464,-9.743692
0.614311,-0.579496,-9.743689
0.614347,-0.579529,-9.743685
0.614383,-0.579561,-9.743681
0.614419,-0.579594,-9.743678
0.614454,-0.579626,-9.743674
0.614489,-0.579657,-9.743670
0.614524,-0.579689,-9.743667
0.614559,-0.579721,-9.743663
0.614594,-0.579752,-9.743660
0.614628,-0.579783,-9.743656
0.614662,-0.579814,-9.743653
0.614697,-0.579845,-9.743650
0.614731,-0.579876,-9.743646
0.614764,-0.579906,-9.743643
0.614798,-0.579937,-9.743639
0.614831,-0.579967,-9.743636
0.614864,-0.579997,-9.743633
0.614897,-0.580027,-9.743629
0.614930,-0.580057,-9.743626
0.614963,-0.580086,-9.743623
0.614996,-0.580116,-9.743619
0.615028,-0.580145,-9.743616
0.615060,-0.580174,-9.743613
0.615092,-0.580203,-9.743609
0.615124,-0.580232,-9.743606
0.615156,-0.580260,-9.743603
0.615187,-0.580289,-9.743600
0.615219,-0.580317,-9.743597
0.615250,-0.580345,-9.743593
0.615281,-0.580374,-9.743590
0.615312,-0.580401,-9.743587
0.615342,-0.580429,-9.743584
0.615373,-0.580457,-9.743581
0.615403,-0.580484,-9.743578
0.615433,-0.580512,-9.743575
0.615463,-0.580539,-9.743572
0.615493,-0.580566,-9.743569
0.615523,-0.580593,-9.743566
0.615553,-0.580620,-9.743563
0.615582,-0.580646,-9.743560
0.615611,-0.580673,-9.743557
0.615641,-0.580699,-9.743554
0.615669,-0.580725,-9.743551
0.615698,-0.580751,-9.743548
0.615727,-0.580777,-9.743545
0.615755,-0.580803,-9.743542
0.615784,-0.580829,-9.743539
0.615812,-0.580854,-9.743536
0.615840,-0.580880,-9.743534
0.615868,-0.580905,-9.743531
0.615896,-0.580930,-9.743528
0.615923,-0.580955,-9.743525
0.615951,-0.580980,-9.743522
0.615978,-0.581005,-9.743520
0.616005,-0.581029,-9.743517
0.616033,-0.581054,-9.743514
0.616059,-0.581078,-9.743511
0.616086,-0.581102,-9.743509
0.616113,-0.581126,-9.743506
0.616139,-0.581150,-9.743503
0.616166,-0.581174,-9.743501
0.616192,-0.581198,-9.743498
0.616218,-0.581222,-9.743495
0.616244,-0.581245,-9.743493
0.616270,-0.581268,-9.743490
0.616295,-0.581292,-9.743487
0.616321,-0.581315,-9.743485
0.616346,-0.581338,-9.743482
0.616372,-0.581361,-9.743480
0.616397,-0.581383,-9.743477
0.616422,-0.581406,-9.743475
0.616447,-0.581428,-9.743472
0.616471,-0.581451,-9.743470
0.616496,-0.581473,-9.743467
0.616520,-0.581495,-9.743465
0.616545,-0.581517,-9.743462
0.616569,-0.581539,-9.743460
0.616593,-0.581561,-9.743457
0.616617,-0.581583,-9.743455
0.616641,-0.581604,-9.743452
0.616665,-0.581626,-9.743450
0.616688,-0.581647,-9.743448
0.616712,-0.581668,-9.743445
0.616735,-0.581689,-9.743443
0.616758,-0.581710,-9.743440
0.616781,-0.581731,-9.743438
0.616804,-0.581752,-9.743436
0.616827,-0.581773,-9.743433
0.616850,-0.581793,-9.743431
0.616873,-0.581814,-9.743429
0.616895,-0.581834,-9.743426
0.616917,-0.581854,-9.743424
0.616940,-0.581875,-9.743422
0.616962,-0.581895,-9.743420
0.616984,-0.581915,-9.743417
0.617006,-0.581934,-9.743415
0.617028,-0.581954,-9.743413
0.617049,-0.581974,-9.743411
0.617071,-0.581993,-9.743409
0.617092,-0.582013,-9.743406
0.617114,-0.582032,-9.743404
0.617135,-0.582051,-9.743402
0.617156,-0.582070,-9.743400
0.617177,-0.582089,-9.743398
0.617198,-0.582108,-9.743396
0.617219,-0.582127,-9.743394
0.617239,-0.582146,-9.743391
0.617260,-0.582164,-9.743389
0.617281,-0.582183,-9.743387
0.617301,-0.582201,-9.743385
0.617321,-0.582220,-9.743383
0.617341,-0.582238,-9.743381
0.617361,-0.582256,-9.743379
0.617381,-0.582274,-9.743377
0.617401,-0.582292,-9.743375
0.617421,-0.582310,-9.743373
0.617440,-0.582328,-9.743371
0.617460,-0.582345,-9.743369
0.617479,-0.582363,-9.743367
0.617499,-0.582380,-9.743365
0.617518,-0.582398,-9.743363
0.617537,-0.582415,-9.743361
0.617556,-0.582432,-9.743359
0.617575,-0.582449,-9.743357
0.617594,-0.582466,-9.743355
0.617613,-0.582483,-9.743354
0.617631,-0.582500,-9.743352
0.617650,-0.582517,-9.743350
0.617668,-0.582533,-9.743348
0.617686,-0.582550,-9.743346
0.617705,-0.582567,-9.743344
0.617723,-0.582583,-9.743342
0.617741,-0.582599,-9.743341
0.617759,-0.582616,-9.743339
0.617777,-0.582632,-9.743337
0.617794,-0.582648,-9.743335
0.617812,-0.582664,-9.743333
0.617830,-0.582680,-9.743331
0.617847,-0.582695,-9.743330
0.617864,-0.582711,-9.743328
0.617882,-0.582727,-9.743326
0.617899,-0.582742,-9.743324
0.617916,-0.582758,-9.743323
0.617933,-0.582773,-9.743321
0.617950,-0.582789,-9.743319
0.617967,-0.582804,-9.743318
0.617984,-0.582819,-9.743316
0.618000,-0.582834,-9.743314
0.618017,-0.582849,-9.743312
0.618033,-0.582864,-9.743311
0.618050,-0.582879,-9.743309
0.618066,-0.582894,-9.743307
0.618082,-0.582908,-9.743306
0.618099,-0.582923,-9.743304
0.618115,-0.582937,-9.743302
0.618131,-0.582952,-9.743301
0.618146,-0.582966,-9.743299
0.618162,-0.582981,-9.743298
0.618178,-0.582995,-9.743296
0.618194,-0.583009,-9.743294
0.618209,-0.583023,-9.743293
0.618225,-0.583037,-9.743291
0.618240,-0.583051,-9.743290
0.618255,-0.583065,-9.743288
0.618271,-0.583079,-9.743287
0.618286,-0.583092,-9.743285
0.618301,-0.583106,-9.743284
0.618316,-0.583120,-9.743282
0.618331,-0.583133,-9.743280
0.618346,-0.583147,-9.743279
0.618361,-0.583160,-9.743277
0.618375,-0.583173,-9.743276
0.618390,-0.583186,-9.743274
0.618404,-0.583200,-9.743273
0.618419,-0.583213,-9.743272
0.618433,-0.583226,-9.743270
0.618448,-0.583239,-9.743269
0.618462,-0.583251,-9.743267
0.618476,-0.583264,-9.743266
0.618490,-0.583277,-9.743264
0.618504,-0.583290,-9.743263
0.618518,-0.583302,-9.743261
0.618532,-0.583315,-9.743260
0.618546,-0.583327,-9.743259
0.618559,-0.583340,-9.743257
0.618573,-0.583352,-9.743256
0.618587,-0.583364,-9.743254
0.618600,-0.583377,-9.743253
0.618614,-0.583389,-9.743252
0.618627,-0.583401,-9.743250
0.618640,-0.583413,-9.743249
0.618653,-0.583425,-9.743248
0.618667,-0.583437,-9.743246
0.618680,-0.583449,-9.743245
0.618693,-0.583460,-9.743244
0.618706,-0.583472,-9.743242
0.618719,-0.583484,-9.743241
0.618731,-0.583495,-9.743240
0.618744,-0.583507,-9.743238
0.618757,-0.583518,-9.743237
0.618769,-0.583530,-9.743236
0.618782,-0.583541,-9.743235
0.618794,-0.583552,-9.743233
0.618807,-0.583564,-9.743232
0.618819,-0.583575,-9.743231
0.618831,-0.583586,-9.743229
0.618844,-0.583597,-9.743228
0.618856,-0.583608,-9.743227
0.618868,-0.583619,-9.743226
0.618880,-0.583630,-9.743225
0.618892,-0.583641,-9.743223
0.618904,-0.583651,-9.743222
0.618916,-0.583662,-9.743221
0.618927,-0.583673,-9.743220
0.618939,-0.583683,-9.743218
0.618951,-0.583694,-9.743217
0.618962,-0.583704,-9.743216
0.618974,-0.583715,-9.743215
0.618985,-0.583725,-9.743214
0.618997,-0.583735,-9.743213
0.619008,-0.583746,-9.743211
0.619019,-0.583756,-9.743210
0.619031,-0.583766,-9.743209
0.619042,-0.583776,-9.743208
0.619053,-0.583786,-9.743207
0.619064,-0.583796,-9.743206
0.619075,-0.583806,-9.743205
0.619086,-0.583816,-9.743204
0.619097,-0.583826,-9.743202
0.619108,-0.583836,-9.743201
0.619118,-0.583846,-9.743200
0.619129,-0.583855,-9.743199
0.619140,-0.583865,-9.743198
0.619150,-0.583874,-9.743197
0.619161,-0.583884,-9.743196
0.619172,-0.583893,-9.743195
0.619182,-0.583903,-9.743194
0.619192,-0.583912,-9.743193
0.619203,-0.583922,-9.743192
0.619213,-0.583931,-9.743191
0.619223,-0.583940,-9.743190
0.619233,-0.583949,-9.743189
0.619243,-0.583959,-9.743187
0.619253,-0.583968,-9.743186
0.619263,-0.583977,-9.743185
0.619273,-0.583986,-9.743184
0.619283,-0.583995,-9.743183
0.619293,-0.584004,-9.743182
0.619303,-0.584012,-9.743181
0.619313,-0.584021,-9.743180
0.619322,-0.584030,-9.743179
0.619332,-0.584039,-9.743178
0.619342,-0.584047,-9.743177
0.619351,-0.584056,-9.743176
0.619361,-0.584065,-9.743176
0.619370,-0.584073,-9.743175
0.619380,-0.584082,-9.743174
0.619389,-0.584090,-9.743173
0.619398,-0.584098,-9.743172
0.619407,-0.584107,-9.743171
0.619417,-0.584115,-9.743170
0.619426,-0.584123,-9.743169
0.619435,-0.584132,-9.743168
0.619444,-0.584140,-9.743167
0.619453,-0.584148,-9.743166
0.619462,-0.584156,-9.743165
0.619471,-0.584164,-9.743164
0.619480,-0.584172,-9.743163
0.619488,-0.584180,-9.743162
0.619497,-0.584188,-9.743162
0.619506,-0.584196,-9.743161
0.619515,-0.584204,-9.743160
0.619523,-0.584212,-9.743159
0.619532,-0.584219,-9.743158
0.619540,-0.584227,-9.743157
0.619549,-0.584235,-9.743156
0.619557,-0.584242,-9.743155
0.619566,-0.584250,-9.743155
0.619574,-0.584258,-9.743154
0.619582,-0.584265,-9.743153
0.619591,-0.584273,-9.743152
0.619599,-0.584280,-9.743151
0.619607,-0.584288,-9.743150
0.619615,-0.584295,-9.743150
0.619623,-0.584302,-9.743149
0.619632,-0.584310,-9.743148
0.619640,-0.584317,-9.743147
0.619648,-0.584324,-9.743146
0.619655,-0.584331,-9.743145
0.619663,-0.584338,-9.743145
0.619671,-0.584345,-9.743144
0.619679,-0.584353,-9.743143
0.619687,-0.584360,-9.743142
0.619695,-0.584367,-9.743141
0.619702,-0.584373,-9.743141
0.619710,-0.584380,-9.743140
0.619717,-0.584387,-9.743139
0.619725,-0.584394,-9.743138
0.619733,-0.584401,-9.743138
0.619740,-0.584408,-9.743137
0.619748,-0.584414,-9.743136
0.619755,-0.584421,-9.743135
0.619762,-0.584428,-9.743135
0.619770,-0.584434,-9.743134
0.619777,-0.584441,-9.743133
0.619784,-0.584448,-9.743132
0.619791,-0.584454,-9.743132
0.619799,-0.584461,-9.743131
0.619806,-0.584467,-9.743130
0.619813,-0.584474,-9.743129
0.619820,-0.584480,-9.743129
0.619827,-0.584486,-9.743128
0.619834,-0.584493,-9.743127
0.619841,-0.584499,-9.743127
0.619848,-0.584505,-9.743126
0.619855,-0.584511,-9.743125
0.619862,-0.584518,-9.743124
0.619868,-0.584524,-9.743124
0.619875,-0.584530,-9.743123
0.619882,-0.584536,-9.743122
0.619889,-0.584542,-9.743122
0.619895,-0.584548,-9.743121
0.619902,-0.584554,-9.743120
0.619909,-0.584560,-9.743120
0.619915,-0.584566,-9.743119
0.619922,-0.584572,-9.743118
0.619928,-0.584578,-9.743118
0.619935,-0.584584,-9.743117
0.619941,-0.584589,-9.743116
0.619947,-0.584595,-9.743116
0.619954,-0.584601,-9.743115
0.619960,-0.584607,-9.743114
0.619966,-0.584612,-9.743114
0.619973,-0.584618,-9.743113
0.619979,-0.584624,-9.743112
0.619985,-0.584629,-9.743112
0.619991,-0.584635,-9.743111
0.619997,-0.584640,-9.743111
0.620004,-0.584646,-9.743110
0.620010,-0.584651,-9.743109
0.620016,-0.584657,-9.743109
0.620022,-0.584662,-9.743108
0.620028,-0.584668,-9.743107
0.620034,-0.584673,-9.743107
0.620039,-0.584678,-9.743106
0.620045,-0.584684,-9.743106
0.620051,-0.584689,-9.743105
0.620057,-0.584694,-9.743104
0.620063,-0.584700,-9.743104
0.620069,-0.584705,-9.743103
0.620074,-0.584710,-9.743103
0.620080,-0.584715,-9.743102
0.620086,-0.584720,-9.743102
0.620091,-0.584725,-9.743101
0.620097,-0.584730,-9.743100
0.620102,-0.584735,-9.743100
0.620108,-0.584741,-9.743099
0.620114,-0.584746,-9.743099
0.620119,-0.584750,-9.743098
0.620124,-0.584755,-9.743098
0.620130,-0.584760,-9.743097
0.620135,-0.584765,-9.743096
0.620141,-0.584770,-9.743096
0.620146,-0.584775,-9.743095
0.620151,-0.584780,-9.743095
0.620157,-0.584785,-9.743094
0.620162,-0.584789,-9.743094
0.620167,-0.584794,-9.743093
0.620172,-0.584799,-9.743093
0.620178,-0.584803,-9.743092
0.620183,-0.584808,-9.743092
0.620188,-0.584813,-9.743091
0.620193,-0.584817,-9.743091
0.620198,-0.584822,-9.743090
0.620203,-0.584826,-9.743090
0.620208,-0.584831,-9.743089
0.620213,-0.584836,-9.743089
0.620218,-0.584840,-9.743088
0.620223,-0.584845,-9.743088
0.620228,-0.584849,-9.743087
0.620233,-0.584853,-9.743087
0.620238,-0.584858,-9.743086
0.620243,-0.584862,-9.743086
0.620247,-0.584867,-9.743085
0.620252,-0.584871,-9.743085
0.620257,-0.584875,-9.743084
0.620262,-0.584879,-9.743084
0.620266,-0.584884,-9.743083
0.620271,-0.584888,-9.743083
0.620276,-0.584892,-9.743082
0.620280,-0.584896,-9.743082
0.620285,-0.584901,-9.743081
0.620290,-0.584905,-9.743081
0.620294,-0.584909,-9.743080
0.620299,-0.584913,-9.743080
0.620303,-0.584917,-9.743079
0.620308,-0.584921,-9.743079
0.620312,-0.584925,-9.743078
0.620317,-0.584929,-9.743078
0.620321,-0.584933,-9.743078
0.620325,-0.584937,-9.743077
0.620330,-0.584941,-9.743077
0.620334,-0.584945,-9.743076
0.620338,-0.584949,-9.743076
0.620343,-0.584953,-9.743075
0.620347,-0.584957,-9.743075
0.620351,-0.584961,-9.743074
0.620356,-0.584964,-9.743074
0.620360,-0.584968,-9.743074
0.620364,-0.584972,-9.743073
0.620368,-0.584976,-9.743073
0.620372,-0.584980,-9.743072
0.620376,-0.584983,-9.743072
0.620381,-0.584987,-9.743071
0.620385,-0.584991,-9.743071
0.620389,-0.584994,-9.743071
0.620393,-0.584998,-9.743070
0.620397,-0.585002,-9.743070
0.620401,-0.585005,-9.743069
0.620405,-0.585009,-9.743069
0.620409,-0.585013,-9.743069
0.620413,-0.585016,-9.743068
0.620417,-0.585020,-9.743068
0.620421,-0.585023,-9.743067
0.620424,-0.585027,-9.743067
0.620428,-0.585030,-9.743067
0.620432,-0.585034,-9.743066
0.620436,-0.585037,-9.743066
0.620440,-0.585041,-9.743065
0.620444,-0.585044,-9.743065
0.620447,-0.585047,-9.743065
0.620451,-0.585051,-9.743064
0.620455,-0.585054,-9.743064
0.620458,-0.585057,-9.743063
0.620462,-0.585061,-9.743063
0.620466,-0.585064,-9.743063
0.620469,-0.585067,-9.743062
0.620473,-0.585071,-9.743062
0.620477,-0.585074,-9.743062
0.620480,-0.585077,-9.743061
0.620484,-0.585080,-9.743061
0.620487,-0.585084,-9.743061
0.620491,-0.585087,-9.743060
0.620494,-0.585090,-9.743060
0.620498,-0.585093,-9.743059
0.620501,-0.585096,-9.743059
0.620505,-0.585099,-9.743059
0.620508,-0.585102,-9.743058
0.620512,-0.585106,-9.743058
0.620515,-0.585109,-9.743058
0.620518,-0.585112,-9.743057
0.620522,-0.585115,-9.743057
0.620525,-0.585118,-9.743057
0.620528,-0.585121,-9.743056
0.620532,-0.585124,-9.743056
0.620535,-0.585127,-9.743056
0.620538,-0.585130,-9.743055
0.620542,-0.585133,-9.743055
0.620545,-0.585136,-9.743055
0.620548,-0.585139,-9.743054
0.620551,-0.585141,-9.743054
0.620555,-0.585144,-9.743054
0.620558,-0.585147,-9.743053
0.620561,-0.585150,-9.743053
0.620564,-0.585153,-9.743053
0.620567,-0.585156,-9.743052
0.620570,-0.585159,-9.743052
0.620573,-0.585161,-9.743052
0.620576,-0.585164,-9.743051
0.620579,-0.585167,-9.743051
0.620583,-0.585170,-9.743051
0.620586,-0.585172,-9.743051
0.620589,-0.585175,-9.743050
0.620592,-0.585178,-9.743050
0.620595,-0.585181,-9.743050
0.620598,-0.585183,-9.743049
0.620600,-0.585186,-9.743049
0.620603,-0.585189,-9.743049
0.620606,-0.585191,-9.743048
0.620609,-0.585194,-9.743048
0.620612,-0.585196,-9.743048
0.620615,-0.585199,-9.743047
0.620618,-0.585202,-9.743047
0.620621,-0.585204,-9.743047
0.620624,-0.585207,-9.743047
0.620626,-0.585209,-9.743046
0.620629,-0.585212,-9.743046
0.620632,-0.585214,-9.743046
0.620635,-0.585217,-9.743045
0.620637,-0.585219,-9.743045
0.620640,-0.585222,-9.743045
0.620643,-0.585224,-9.743045
0.620646,-0.585227,-9.743044
0.620648,-0.585229,-9.743044
0.620651,-0.585232,-9.743044
0.620654,-0.585234,-9.743044
0.620656,-0.585236,-9.743043
0.620659,-0.585239,-9.743043
0.620662,-0.585241,-9.743043
0.620664,-0.585244,-9.743042
0.620667,-0.585246,-9.743042
0.620669,-0.585248,-9.743042
0.620672,-0.585251,-9.743042
0.620675,-0.585253,-9.743041
0.620677,-0.585255,-9.743041
0.620680,-0.585257,-9.743041
0.620682,-0.585260,-9.743041
0.620685,-0.585262,-9.743040
0.620687,-0.585264,-9.743040
0.620690,-0.585267,-9.743040
0.620692,-0.585269,-9.743040
0.620695,-0.585271,-9.743039
0.620697,-0.585273,-9.743039
0.620699,-0.585275,-9.743039
0.620702,-0.585278,-9.743039
0.620704,-0.585280,-9.743038
0.620707,-0.585282,-9.743038
0.620709,-0.585284,-9.743038
0.620711,-0.585286,-9.743038
0.620714,-0.585288,-9.743037
0.620716,-0.585290,-9.743037
0.620718,-0.585293,-9.743037
0.620721,-0.585295,-9.743037
0.620723,-0.585297,-9.743036
0.620725,-0.585299,-9.743036
0.620728,-0.585301,-9.743036
0.620730,-0.585303,-9.743036
0.620732,-0.585305,-9.743036
0.620734,-0.585307,-9.743035
0.620737,-0.585309,-9.743035
0.620739,-0.585311,-9.743035
0.620741,-0.585313,-9.743035
0.620743,-0.585315,-9.743034
0.620745,-0.585317,-9.743034
0.618090,-0.559928,-9.724863
0.615949,-0.538282,-9.708414
0.614307,-0.520035,-9.693517
0.613106,-0.504851,-9.680015
0.612296,-0.492426,-9.667767
0.611834,-0.482485,-9.656648
0.611681,-0.474782,-9.646542
0.611804,-0.469093,-9.637347
0.612174,-0.465217,-9.628971
0.612765,-0.462973,-9.621329
0.613555,-0.462198,-9.614346
0.614522,-0.462746,-9.607955
0.615649,-0.464484,-9.602094
0.616920,-0.467293,-9.596710
0.618320,-0.471065,-9.591752
0.619837,-0.475705,-9.587176
0.621460,-0.481124,-9.582942
0.623177,-0.487246,-9.579014
0.624981,-0.493998,-9.575360
0.626862,-0.501319,-9.571951
0.628814,-0.509150,-9.568760
0.630829,-0.517440,-9.565763
0.632902,-0.526144,-9.562940
0.635027,-0.535219,-9.560272
0.637200,-0.544628,-9.557741
0.639416,-0.554338,-9.555331
0.641670,-0.564317,-9.553030
0.643960,-0.574540,-9.550824
0.646282,-0.584980,-9.548703
0.648633,-0.595616,-9.546655
0.651011,-0.606429,-9.544673
0.653413,-0.617399,-9.542748
0.655836,-0.628512,-9.540872
0.658280,-0.639753,-9.539040
0.660742,-0.651108,-9.537244
0.663220,-0.662566,-9.535480
0.665713,-0.674116,-9.533743
0.668221,-0.685749,-9.532028
0.670740,-0.697456,-9.530333
0.673272,-0.709230,-9.528652
0.675813,-0.721063,-9.526983
0.678365,-0.732950,-9.525324
0.680925,-0.744884,-9.523671
0.683493,-0.756862,-9.522023
0.686068,-0.768877,-9.520377
0.688650,-0.780927,-9.518732
0.691238,-0.793006,-9.517086
0.693833,-0.805114,-9.515437
0.696432,-0.817245,-9.513784
0.699036,-0.829397,-9.512125
0.701645,-0.841569,-9.510461
0.704258,-0.853757,-9.508789
0.706874,-0.865961,-9.507110
0.709495,-0.878177,-9.505421
0.712118,-0.890405,-9.503723
0.714745,-0.902643,-9.502014
0.717375,-0.914890,-9.500295
0.720007,-0.927144,-9.498564
0.722642,-0.939405,-9.496822
0.725279,-0.951671,-9.495068
0.727919,-0.963943,-9.493301
0.730560,-0.976218,-9.491521
0.733204,-0.988497,-9.489727
0.735850,-1.000778,-9.487921
0.738497,-1.013061,-9.486101
0.741147,-1.025346,-9.484266
0.743797,-1.037633,-9.482418
0.746450,-1.049919,-9.480556
0.749104,-1.062207,-9.478679
0.751760,-1.074494,-9.476787
0.754417,-1.086781,-9.474881
0.757075,-1.099067,-9.472960
0.759735,-1.111352,-9.471024
0.762396,-1.123637,-9.469073
0.765058,-1.135920,-9.467107
0.767721,-1.148201,-9.465126
0.770386,-1.160481,-9.463129
0.773052,-1.172759,-9.461117
0.775719,-1.185035,-9.459090
0.778388,-1.197309,-9.457048
0.781057,-1.209581,-9.454990
0.783728,-1.221850,-9.452917
0.786399,-1.234117,-9.450828
0.789072,-1.246381,-9.448724
0.791746,-1.258643,-9.446604
0.794421,-1.270902,-9.444469
0.797097,-1.283158,-9.442318
0.799773,-1.295412,-9.440151
0.802451,-1.307662,-9.437969
0.805130,-1.319910,-9.435772
0.807811,-1.332154,-9.433558
0.810492,-1.344396,-9.431329
0.813174,-1.356634,-9.429085
0.815857,-1.368869,-9.426824
0.818541,-1.381101,-9.424548
0.821226,-1.393329,-9.422257
0.823912,-1.405555,-9.419950
0.826599,-1.417776,-9.417627
0.829287,-1.429995,-9.415288
0.831976,-1.442210,-9.412934
0.834666,-1.454422,-9.410564
0.837357,-1.466630,-9.408178
0.840049,-1.478834,-9.405777
0.842742,-1.491035,-9.403360
0.845436,-1.503233,-9.400927
0.848131,-1.515427,-9.398479
0.850826,-1.527617,-9.396015
0.853523,-1.539804,-9.393536
0.856221,-1.551987,-9.391041
0.858920,-1.564166,-9.388530
0.861620,-1.576341,-9.386003
0.864320,-1.588513,-9.383461
0.867022,-1.600681,-9.380903
0.869724,-1.612845,-9.378330
0.872428,-1.625005,-9.375741
0.875133,-1.637161,-9.373136
0.877838,-1.649313,-9.370516
0.880545,-1.661462,-9.367880
0.883252,-1.673606,-9.365228
0.885960,-1.685747,-9.362561
0.888670,-1.697884,-9.359878
0.891380,-1.710016,-9.357180
0.894091,-1.722145,-9.354466
0.896804,-1.734269,-9.351736
0.899517,-1.746390,-9.348991
0.902231,-1.758506,-9.346231
0.904946,-1.770618,-9.343454
0.907662,-1.782726,-9.340662
0.910379,-1.794830,-9.337855
0.913097,-1.806930,-9.335032
0.915816,-1.819025,-9.332194
0.918536,-1.831116,-9.329339
0.921257,-1.843203,-9.326470
0.923979,-1.855286,-9.323585
0.926702,-1.867364,-9.320684
0.929426,-1.879438,-9.317768
0.932150,-1.891508,-9.314836
0.934876,-1.903574,-9.311889
0.937603,-1.915635,-9.308926
0.940330,-1.927691,-9.305948
0.943059,-1.939743,-9.302955
0.945789,-1.951791,-9.299945
0.948519,-1.963834,-9.296921
0.951251,-1.975873,-9.293881
0.953983,-1.987907,-9.290825
0.956716,-1.999937,-9.287754
0.959451,-2.011962,-9.284668
0.962186,-2.023982,-9.281566
0.964922,-2.035998,-9.278448
0.967660,-2.048009,-9.275316
0.970398,-2.060016,-9.272167
0.973137,-2.072018,-9.269004
0.975877,-2.084015,-9.265825
0.978618,-2.096007,-9.262630
0.981360,-2.107995,-9.259420
0.984103,-2.119978,-9.256195
0.986847,-2.131957,-9.252954
0.989592,-2.143930,-9.249698
0.992338,-2.155899,-9.246427
0.995085,-2.167862,-9.243140
0.997833,-2.179821,-9.239838
1.000581,-2.191775,-9.236521
1.003331,-2.203725,-9.233188
1.006082,-2.215669,-9.229840
1.008833,-2.227608,-9.226476
1.011586,-2.239542,-9.223098
1.014340,-2.251472,-9.219704
1.017094,-2.263396,-9.216294
1.019850,-2.275315,-9.212869
1.022606,-2.287229,-9.209429
1.025364,-2.299139,-9.205974
1.028122,-2.311043,-9.202504
1.030881,-2.322942,-9.199018
1.033642,-2.334835,-9.195517
1.036403,-2.346724,-9.192000
1.039165,-2.358607,-9.188469
1.041928,-2.370486,-9.184922
1.044692,-2.382359,-9.181360
1.047457,-2.394226,-9.177782
1.050223,-2.406089,-9.174190
1.052990,-2.417946,-9.170582
1.055758,-2.429798,-9.166959
1.058527,-2.441645,-9.163321
1.061297,-2.453486,-9.159667
1.064068,-2.465322,-9.155999
1.066840,-2.477152,-9.152315
1.069613,-2.488977,-9.148616
1.072386,-2.500797,-9.144902
1.075161,-2.512611,-9.141173
1.077937,-2.524420,-9.137429
1.080713,-2.536223,-9.133669
1.083491,-2.548020,-9.129894
1.086269,-2.559812,-9.126105
1.089049,-2.571599,-9.122300
1.091829,-2.583380,-9.118480
1.094610,-2.595155,-9.114645
1.097393,-2.606925,-9.110795
1.100176,-2.618689,-9.106929
1.102960,-2.630448,-9.103049
1.105745,-2.642200,-9.099154
1.108531,-2.653947,-9.095243
1.111319,-2.665689,-9.091318
1.114107,-2.677424,-9.087377
1.116896,-2.689154,-9.083422
1.119686,-2.700878,-9.079451
1.122476,-2.712596,-9.075465
1.125268,-2.724309,-9.071465
1.128061,-2.736015,-9.067449
1.130855,-2.747716,-9.063419
1.133650,-2.759410,-9.059373
1.136445,-2.771099,-9.055312
1.139242,-2.782782,-9.051237
1.142040,-2.794459,-9.047146
1.144838,-2.806130,-9.043041
1.147638,-2.817795,-9.038921
1.150438,-2.829454,-9.034785
1.153239,-2.841107,-9.030635
1.156042,-2.852753,-9.026470
1.158845,-2.864394,-9.022290
1.161649,-2.876029,-9.018095
1.164454,-2.887657,-9.013885
1.167261,-2.899280,-9.009660
1.170068,-2.910896,-9.005421
1.172876,-2.922506,-9.001166
1.175685,-2.934110,-8.996897
1.178495,-2.945707,-8.992613
1.181306,-2.957299,-8.988314
1.184117,-2.968884,-8.984000
1.186930,-2.980462,-8.979671
1.189744,-2.992035,-8.975328
1.192559,-3.003601,-8.970969
1.195374,-3.015161,-8.966596
1.198191,-3.026714,-8.962208
1.201008,-3.038261,-8.957806
1.203827,-3.049802,-8.953388
1.206646,-3.061336,-8.948956
1.209467,-3.072864,-8.944509
1.212288,-3.084385,-8.940048
1.215110,-3.095900,-8.935571
1.217933,-3.107408,-8.931080
1.220758,-3.118910,-8.926574
1.223583,-3.130405,-8.922054
1.226409,-3.141894,-8.917519
1.229236,-3.153376,-8.912969
1.232064,-3.164851,-8.908404
1.234893,-3.176320,-8.903825
1.237722,-3.187782,-8.899231
1.240553,-3.199237,-8.894623
1.243385,-3.210686,-8.890000
1.246217,-3.222128,-8.885362
1.249051,-3.233563,-8.880710
1.251885,-3.244992,-8.876043
1.254721,-3.256414,-8.871361
1.257557,-3.267829,-8.866665
1.260395,-3.279237,-8.861954
1.263233,-3.290638,-8.857229
1.266072,-3.302032,-8.852489
1.268912,-3.313420,-8.847734
1.271753,-3.324801,-8.842965
1.274595,-3.336174,-8.838182
1.277438,-3.347541,-8.833384
1.280282,-3.358901,-8.828571
1.283127,-3.370254,-8.823744
1.285973,-3.381600,-8.818903
1.288820,-3.392939,-8.814047
1.291667,-3.404270,-8.809177
1.294516,-3.415595,-8.804292
1.297365,-3.426913,-8.799392
1.300216,-3.438223,-8.794478
1.303067,-3.449527,-8.789550
1.305920,-3.460823,-8.784608
1.308773,-3.472112,-8.779651
1.311627,-3.483394,-8.774679
1.314482,-3.494669,-8.769693
1.317338,-3.505937,-8.764693
1.320195,-3.517197,-8.759678
1.323053,-3.528450,-8.754649
1.325912,-3.539696,-8.749606
1.328772,-3.550935,-8.744549
1.331632,-3.562166,-8.739477
1.334494,-3.573390,-8.734390
1.337356,-3.584606,-8.729290
1.340220,-3.595815,-8.724175
1.343084,-3.607017,-8.719046
1.345950,-3.618211,-8.713902
1.348816,-3.629398,-8.708745
1.351683,-3.640578,-8.703573
1.354551,-3.651749,-8.698387
1.357420,-3.662914,-8.693186
1.360290,-3.674071,-8.687972
1.363161,-3.685220,-8.682743
1.366033,-3.696362,-8.677500
1.368906,-3.707496,-8.672242
1.371779,-3.718623,-8.666971
1.374654,-3.729742,-8.661685
1.377529,-3.740854,-8.656386
1.380406,-3.751957,-8.651072
1.383283,-3.763054,-8.645744
1.386161,-3.774142,-8.640402
1.389040,-3.785223,-8.635045
1.391921,-3.796296,-8.629675
1.394802,-3.807361,-8.624291
1.397683,-3.818418,-8.618892
1.400566,-3.829468,-8.613480
1.403450,-3.840510,-8.608053
1.406335,-3.851544,-8.602612
1.409220,-3.862570,-8.597158
1.412107,-3.873589,-8.591689
1.414994,-3.884599,-8.586206
1.417883,-3.895602,-8.580709
1.420772,-3.906596,-8.575199
1.423662,-3.917583,-8.569674
1.426553,-3.928562,-8.564135
1.429445,-3.939533,-8.558583
1.432338,-3.950495,-8.553016
1.435232,-3.961450,-8.547435
1.438126,-3.972397,-8.541841
1.441022,-3.983335,-8.536233
1.443918,-3.994266,-8.530610
1.446816,-4.005188,-8.524974
1.449714,-4.016103,-8.519324
1.452613,-4.027009,-8.513660
1.455514,-4.037907,-8.507983
1.458415,-4.048797,-8.502291
1.461317,-4.059679,-8.496586
1.464219,-4.070552,-8.490866
1.467123,-4.081418,-8.485133
1.470028,-4.092275,-8.479387
1.472933,-4.103123,-8.473626
1.475840,-4.113964,-8.467852
1.478747,-4.124796,-8.462064
1.481656,-4.135620,-8.456262
1.484565,-4.146435,-8.450446
1.487475,-4.157242,-8.444617
1.490386,-4.168041,-8.438774
1.493298,-4.178832,-8.432917
1.496210,-4.189614,-8.427047
1.499124,-4.200387,-8.421163
1.502039,-4.211152,-8.415265
1.504954,-4.221909,-8.409353
1.507870,-4.232657,-8.403428
1.510788,-4.243396,-8.397490
1.513706,-4.254127,-8.391537
1.516625,-4.264850,-8.385571
1.519545,-4.275564,-8.379592
1.522465,-4.286269,-8.373599
1.525387,-4.296966,-8.367592
1.528310,-4.307654,-8.361572
1.531233,-4.318333,-8.355538
1.534157,-4.329004,-8.349491
1.537083,-4.339666,-8.343430
1.540009,-4.350320,-8.337356
1.542936,-4.360965,-8.331268
1.545864,-4.371601,-8.325167
1.548792,-4.382228,-8.319052
1.551722,-4.392846,-8.312924
1.554653,-4.403456,-8.306783
1.557584,-4.414057,-8.300628
1.560516,-4.424649,-8.294459
1.563450,-4.435232,-8.288277
1.566384,-4.445806,-8.282082
1.569319,-4.456372,-8.275873
1.572254,-4.466928,-8.269651
1.575191,-4.477476,-8.263416
1.578129,-4.488014,-8.257167
1.581067,-4.498544,-8.250905
1.584007,-4.509065,-8.244630
1.586947,-4.519577,-8.238341
1.589888,-4.530079,-8.232040
1.592830,-4.540573,-8.225724
1.595773,-4.551058,-8.219396
1.598716,-4.561533,-8.213054
1.601661,-4.572000,-8.206699
1.604606,-4.582457,-8.200331
1.607553,-4.592906,-8.193950
1.610500,-4.603345,-8.187555
1.613448,-4.613775,-8.181147
1.616397,-4.624196,-8.174726
1.619346,-4.634607,-8.168292
1.622297,-4.645010,-8.161845
1.625249,-4.655403,-8.155385
1.628201,-4.665787,-8.148911
1.631154,-4.676161,-8.142425
1.634108,-4.686527,-8.135925
1.637063,-4.696883,-8.129412
1.640019,-4.707230,-8.122886
1.642976,-4.717567,-8.116347
1.645933,-4.727895,-8.109795
1.648892,-4.738214,-8.103230
1.651851,-4.748523,-8.096652
1.654811,-4.758823,-8.090061
1.657772,-4.769114,-8.083457
1.660734,-4.779395,-8.076841
1.663696,-4.789666,-8.070211
1.666660,-4.799928,-8.063568
1.669624,-4.810181,-8.056912
1.672589,-4.820424,-8.050243
1.675555,-4.830658,-8.043562
1.678522,-4.840882,-8.036867
1.681490,-4.851096,-8.030160
1.684459,-4.861301,-8.023440
1.687428,-4.871496,-8.016706
1.690398,-4.881682,-8.009960
1.693370,-4.891858,-8.003202
1.696342,-4.902024,-7.996430
1.699314,-4.912181,-7.989646
1.702288,-4.922328,-7.982849
1.705263,-4.932465,-7.976039
1.708238,-4.942593,-7.969216
1.711214,-4.952710,-7.962381
1.714191,-4.962819,-7.955532
1.717169,-4.972917,-7.948672
1.720148,-4.983005,-7.941798
1.723127,-4.993084,-7.934912
1.726108,-5.003153,-7.928013
1.729089,-5.013212,-7.921101
1.732071,-5.023261,-7.914177
1.735054,-5.033300,-7.907240
1.738037,-5.043330,-7.900291
1.741022,-5.053349,-7.893329
1.744007,-5.063358,-7.886354
1.746994,-5.073358,-7.879367
1.749981,-5.083348,-7.872367
1.752968,-5.093327,-7.865355
1.755957,-5.103297,-7.858330
1.758947,-5.113256,-7.851292
1.761937,-5.123206,-7.844242
1.764928,-5.133145,-7.837180
1.767920,-5.143075,-7.830105
1.770913,-5.152994,-7.823018
1.773906,-5.162903,-7.815918
1.776901,-5.172803,-7.808806
1.779896,-5.182691,-7.801681
1.782892,-5.192570,-7.794544
1.785889,-5.202439,-7.787395
1.788887,-5.212297,-7.780233
1.791885,-5.222146,-7.773059
1.794885,-5.231984,-7.765873
1.797885,-5.241812,-7.758674
1.800886,-5.251629,-7.751463
1.803887,-5.261436,-7.744240
1.806890,-5.271233,-7.737004
1.809893,-5.281020,-7.729756
1.812897,-5.290796,-7.722496
1.815902,-5.300562,-7.715223
1.818908,-5.310318,-7.707939
1.821915,-5.320063,-7.700642
1.824922,-5.329798,-7.693333
1.827930,-5.339523,-7.686011
1.830939,-5.349237,-7.678678
1.833949,-5.358940,-7.671332
1.836960,-5.368634,-7.663975
1.839971,-5.378316,-7.656605
1.842983,-5.387988,-7.649223
1.845996,-5.397650,-7.641829
1.849010,-5.407301,-7.634423
1.852025,-5.416942,-7.627005
1.855040,-5.426572,-7.619574
1.858056,-5.436192,-7.612132
1.861073,-5.445801,-7.604678
1.864091,-5.455399,-7.597212
1.867109,-5.464987,-7.589733
1.870129,-5.474564,-7.582243
1.873149,-5.484130,-7.574741
1.876169,-5.493686,-7.567227
1.879191,-5.503231,-7.559701
1.882214,-5.512765,-7.552163
1.885237,-5.522289,-7.544613
1.888261,-5.531802,-7.537051
1.891286,-5.541304,-7.529477
1.894311,-5.550796,-7.521892
1.897337,-5.560276,-7.514295
1.900365,-5.569746,-7.506686
1.903392,-5.579205,-7.499065
1.906421,-5.588653,-7.491432
1.909451,-5.598091,-7.483788
1.912481,-5.607517,-7.476131
1.915512,-5.616933,-7.468463
1.918544,-5.626338,-7.460784
1.921576,-5.635731,-7.453092
1.924609,-5.645114,-7.445389
1.927643,-5.654486,-7.437674
1.930678,-5.663847,-7.429948
1.933714,-5.673197,-7.422210
1.936750,-5.682536,-7.414460
1.939787,-5.691864,-7.406699
1.942825,-5.701181,-7.398926
1.945864,-5.710487,-7.391141
1.948903,-5.719782,-7.383345
1.951943,-5.729066,-7.375537
1.954984,-5.738339,-7.367718
1.958026,-5.747600,-7.359888
1.961068,-5.756851,-7.352045
1.964111,-5.766090,-7.344192
1.967155,-5.775319,-7.336326
1.970200,-5.784536,-7.328450
1.973245,-5.793742,-7.320562
1.976291,-5.802937,-7.312662
1.979338,-5.812120,-7.304751
1.982386,-5.821293,-7.296829
1.985434,-5.830454,-7.288895
1.988483,-5.839603,-7.280950
1.991533,-5.848742,-7.272994
1.994584,-5.857869,-7.265026
1.997635,-5.866985,-7.257047
2.000687,-5.876090,-7.249056
2.003740,-5.885183,-7.241055
2.006794,-5.894265,-7.233042
2.009848,-5.903336,-7.225018
2.012903,-5.912395,-7.216982
2.015959,-5.921443,-7.208936
2.019015,-5.930480,-7.200878
2.022073,-5.939505,-7.192809
2.025131,-5.948518,-7.184729
2.028189,-5.957521,-7.176637
2.031249,-5.966511,-7.168535
2.034309,-5.975491,-7.160421
2.037370,-5.984458,-7.152297
2.040431,-5.993415,-7.144161
2.043494,-6.002359,-7.136014
2.046557,-6.011292,-7.127856
2.049620,-6.020214,-7.119687
2.052685,-6.029124,-7.111507
2.055750,-6.038023,-7.103316
2.058816,-6.046909,-7.095114
2.061882,-6.055785,-7.086901
2.064950,-6.064648,-7.078677
2.068018,-6.073500,-7.070443
2.071086,-6.082340,-7.062197
2.074156,-6.091169,-7.053940
2.077226,-6.099986,-7.045673
2.080297,-6.108791,-7.037394
2.083369,-6.117585,-7.029105
2.086441,-6.126367,-7.020805
2.089514,-6.135137,-7.012494
2.092587,-6.143895,-7.004172
2.095662,-6.152642,-6.995840
2.098737,-6.161376,-6.987496
2.101813,-6.170099,-6.979142
2.104889,-6.178810,-6.970777
2.107966,-6.187510,-6.962402
2.111044,-6.196197,-6.954016
2.114123,-6.204873,-6.945619
2.117202,-6.213536,-6.937211
2.120282,-6.222188,-6.928793
2.123362,-6.230828,-6.920364
2.126444,-6.239456,-6.911924
2.129526,-6.248072,-6.903474
2.132608,-6.256676,-6.895014
2.135692,-6.265268,-6.886542
2.138776,-6.273848,-6.878060
2.141860,-6.282416,-6.869568
2.144946,-6.290973,-6.861065
2.148032,-6.299517,-6.852552
2.151119,-6.308049,-6.844028
2.154206,-6.316569,-6.835494
2.157294,-6.325077,-6.826949
2.160383,-6.333573,-6.818394
2.163472,-6.342057,-6.809828
2.166562,-6.350528,-6.801252
2.169653,-6.358988,-6.792666
2.172745,-6.367435,-6.784069
2.175837,-6.375871,-6.775462
2.178930,-6.384294,-6.766844
2.182023,-6.392705,-6.758216
2.185117,-6.401104,-6.749578
2.188212,-6.409490,-6.740930
2.191307,-6.417865,-6.732271
2.194403,-6.426227,-6.723603
2.197500,-6.434577,-6.714923
2.200597,-6.442915,-6.706234
2.203695,-6.451240,-6.697535
2.206794,-6.459553,-6.688825
2.209894,-6.467854,-6.680105
2.212994,-6.476143,-6.671375
2.216094,-6.484419,-6.662635
2.219195,-6.492683,-6.653885
2.222297,-6.500934,-6.645125
2.225400,-6.509174,-6.636355
2.228503,-6.517400,-6.627574
2.231607,-6.525615,-6.618784
2.234711,-6.533817,-6.609983
2.237817,-6.542006,-6.601173
2.240922,-6.550184,-6.592353
2.244029,-6.558348,-6.583522
2.247136,-6.566501,-6.574682
2.250243,-6.574640,-6.565832
2.253352,-6.582768,-6.556972
2.256461,-6.590882,-6.548102
2.259570,-6.598985,-6.539222
2.262680,-6.607075,-6.530332
2.265791,-6.615152,-6.521432
2.268903,-6.623217,-6.512523
2.272015,-6.631269,-6.503604
2.275127,-6.639308,-6.494675
2.278241,-6.647335,-6.485736
2.281355,-6.655350,-6.476787
2.284469,-6.663351,-6.467829
2.287584,-6.671341,-6.458861
2.290700,-6.679317,-6.449884
2.293816,-6.687281,-6.440896
2.296933,-6.695232,-6.431899
2.300051,-6.703171,-6.422893
2.303169,-6.711096,-6.413876
2.306288,-6.719010,-6.404851
2.309407,-6.726910,-6.395815
2.312527,-6.734798,-6.386770
2.315648,-6.742673,-6.377715
2.318769,-6.750535,-6.368651
2.321891,-6.758384,-6.359578
2.325013,-6.766221,-6.350495
2.328136,-6.774045,-6.341402
2.331260,-6.781856,-6.332300
2.334384,-6.789654,-6.323189
2.337509,-6.797439,-6.314068
2.340634,-6.805212,-6.304937
2.343760,-6.812972,-6.295798
2.346887,-6.820718,-6.286649
2.350014,-6.828452,-6.277490
2.353142,-6.836173,-6.268322
2.356270,-6.843882,-6.259145
2.359399,-6.851577,-6.249959
2.362528,-6.859259,-6.240763
2.365658,-6.866929,-6.231558
2.368789,-6.874585,-6.222344
2.371920,-6.882228,-6.213121
2.375052,-6.889859,-6.203888
2.378184,-6.897476,-6.194647
2.381317,-6.905081,-6.185396
2.384451,-6.912672,-6.176136
2.387585,-6.920251,-6.166867
2.390719,-6.927816,-6.157588
2.393855,-6.935369,-6.148301
2.396990,-6.942908,-6.139004
2.400127,-6.950434,-6.129699
2.403263,-6.957947,-6.120384
2.406401,-6.965448,-6.111061
2.409539,-6.972934,-6.101728
2.412677,-6.980408,-6.092387
2.415816,-6.987869,-6.083036
2.418956,-6.995317,-6.073677
2.422096,-7.002751,-6.064308
2.425237,-7.010172,-6.054931
2.428378,-7.017580,-6.045545
2.431520,-7.024975,-6.036150
2.434662,-7.032357,-6.026746
2.437805,-7.039725,-6.017333
2.440949,-7.047080,-6.007912
2.444093,-7.054422,-5.998481
2.447237,-7.061751,-5.989042
2.450382,-7.069067,-5.979594
2.453528,-7.076369,-5.970138
2.456674,-7.083658,-5.960672
2.459821,-7.090933,-5.951198
2.462968,-7.098196,-5.941716
2.466116,-7.105445,-5.932224
2.469264,-7.112680,-5.922724
2.472413,-7.119903,-5.913216
2.475562,-7.127112,-5.903698
2.478712,-7.134307,-5.894173
2.481862,-7.141490,-5.884638
2.485013,-7.148658,-5.875095
2.488164,-7.155814,-5.865544
2.491316,-7.162956,-5.855984
2.494469,-7.170085,-5.846415
2.497622,-7.177200,-5.836839
2.500775,-7.184302,-5.827253
2.503929,-7.191390,-5.817659
2.507083,-7.198465,-5.808057
2.510238,-7.205526,-5.798446
2.513394,-7.212574,-5.788827
2.516550,-7.219608,-5.779200
2.519706,-7.226629,-5.769564
2.522863,-7.233637,-5.759920
2.526021,-7.240631,-5.750268
2.529179,-7.247611,-5.740607
2.532337,-7.254578,-5.730939
2.535496,-7.261531,-5.721262
2.538655,-7.268471,-5.711576
2.541815,-7.275397,-5.701883
2.544976,-7.282309,-5.692181
2.548137,-7.289208,-5.682471
2.551298,-7.296093,-5.672753
2.554460,-7.302965,-5.663027
2.557622,-7.309823,-5.653293
2.560785,-7.316667,-5.643550
2.563948,-7.323498,-5.633800
2.567112,-7.330315,-5.624041
2.570276,-7.337118,-5.614275
2.573441,-7.343908,-5.604500
2.576606,-7.350684,-5.594718
2.579772,-7.357446,-5.584928
2.582938,-7.364195,-5.575129
2.586105,-7.370929,-5.565323
2.589272,-7.377650,-5.555509
2.592439,-7.384358,-5.545686
2.595607,-7.391051,-5.535856
2.598776,-7.397731,-5.526019
2.601945,-7.404397,-5.516173
2.605114,-7.411049,-5.506319
2.608284,-7.417688,-5.496458
2.611454,-7.424312,-5.486589
2.614625,-7.430923,-5.476712
2.617796,-7.437520,-5.466827
2.620968,-7.444103,-5.456935
2.624140,-7.450673,-5.447035
2.627312,-7.457228,-5.437127
2.630485,-7.463770,-5.427212
2.633659,-7.470297,-5.417289
2.636832,-7.476811,-5.407359
2.640007,-7.483311,-5.397420
2.643181,-7.489797,-5.387475
2.646357,-7.496269,-5.377521
2.649532,-7.502727,-5.367560
2.652708,-7.509171,-5.357592
2.655885,-7.515602,-5.347616
2.659061,-7.522018,-5.337633
2.662239,-7.528420,-5.327642
2.665416,-7.534809,-5.317644
2.668595,-7.541183,-5.307638
2.671773,-7.547543,-5.297625
2.674952,-7.553890,-5.287604
2.678131,-7.560222,-5.277577
2.681311,-7.566540,-5.267541
2.684491,-7.572845,-5.257499
2.687672,-7.579135,-5.247449
2.690853,-7.585411,-5.237392
2.694035,-7.591673,-5.227328
2.697216,-7.597921,-5.217256
2.700399,-7.604155,-5.207177
2.703581,-7.610375,-5.197091
2.706764,-7.616581,-5.186998
2.709948,-7.622773,-5.176898
2.713132,-7.628950,-5.166790
2.716316,-7.635114,-5.156676
2.719501,-7.641263,-5.146554
2.722686,-7.647398,-5.136425
2.725871,-7.653519,-5.126289
2.729057,-7.659626,-5.116146
2.732243,-7.665719,-5.105996
2.735430,-7.671798,-5.095839
2.738617,-7.677862,-5.085675
2.741804,-7.683912,-5.075505
2.744992,-7.689948,-5.065327
2.748180,-7.695970,-5.055142
2.751369,-7.701977,-5.044950
2.754557,-7.707970,-5.034752
2.757747,-7.713950,-5.024546
2.760936,-7.719914,-5.014334
2.764126,-7.725865,-5.004115
2.767317,-7.731801,-4.993889
2.770507,-7.737723,-4.983657
2.773699,-7.743631,-4.973417
2.776890,-7.749524,-4.963171
2.780082,-7.755403,-4.952918
2.783274,-7.761268,-4.942659
2.786466,-7.767119,-4.932393
2.789659,-7.772955,-4.922120
2.792853,-7.778777,-4.911840
2.796046,-7.784584,-4.901554
2.799240,-7.790377,-4.891261
2.802434,-7.796156,-4.880962
2.805629,-7.801921,-4.870656
2.808824,-7.807671,-4.860344
2.812019,-7.813406,-4.850025
2.815215,-7.819128,-4.839699
2.818411,-7.824834,-4.829367
2.821607,-7.830527,-4.819029
2.824804,-7.836205,-4.808684
2.828001,-7.841869,-4.798333
2.831198,-7.847518,-4.787975
2.834396,-7.853152,-4.777611
2.837594,-7.858773,-4.767241
2.840792,-7.864379,-4.756864
2.843991,-7.869970,-4.746481
2.847190,-7.875547,-4.736092
2.850389,-7.881109,-4.725697
2.853589,-7.886657,-4.715295
2.856789,-7.892191,-4.704887
2.859989,-7.897710,-4.694473
2.863190,-7.903214,-4.684052
2.866391,-7.908704,-4.673626
2.869592,-7.914180,-4.663193
2.872793,-7.919640,-4.652754
2.875995,-7.925087,-4.642309
2.879197,-7.930519,-4.631858
2.882400,-7.935936,-4.621401
2.885602,-7.941338,-4.610938
2.888805,-7.946727,-4.600468
2.892009,-7.952100,-4.589993
2.895212,-7.957459,-4.579512
2.898416,-7.962803,-4.569025
2.901620,-7.968133,-4.558532
2.904825,-7.973448,-4.548033
2.908029,-7.978749,-4.537528
2.911234,-7.984035,-4.527017
2.914440,-7.989306,-4.516500
2.917645,-7.994563,-4.505978
2.920851,-7.999805,-4.495450
2.924057,-8.005032,-4.484915
2.927264,-8.010245,-4.474376
2.930471,-8.015443,-4.463830
2.933678,-8.020626,-4.453278
2.936885,-8.025795,-4.442721
2.940092,-8.030949,-4.432159
2.943300,-8.036088,-4.421590
2.946508,-8.041213,-4.411016
2.949717,-8.046322,-4.400436
2.952925,-8.051418,-4.389851
2.956134,-8.056498,-4.379260
2.959343,-8.061564,-4.368663
2.962553,-8.066615,-4.358061
2.965762,-8.071651,-4.347454
2.968972,-8.076673,-4.336841
2.972182,-8.081679,-4.326222
2.975392,-8.086671,-4.315598
2.978603,-8.091648,-4.304968
2.981814,-8.096611,-4.294334
2.985025,-8.101559,-4.283693
2.988236,-8.106492,-4.273047
2.991448,-8.111410,-4.262396
2.994660,-8.116313,-4.251740
2.997872,-8.121201,-4.241078
3.001084,-8.126075,-4.230411
3.004297,-8.130934,-4.219739
3.007509,-8.135778,-4.209061
3.010722,-8.140607,-4.198379
3.013936,-8.145422,-4.187691
3.017149,-8.150221,-4.176997
3.020363,-8.155006,-4.166299
3.023577,-8.159776,-4.155595
3.026791,-8.164531,-4.144887
3.030005,-8.169271,-4.134173
3.033219,-8.173996,-4.123454
3.036434,-8.178706,-4.112730
3.039649,-8.183402,-4.102001
3.042864,-8.188082,-4.091267
3.046080,-8.192748,-4.080528
3.049295,-8.197399,-4.069784
3.052511,-8.202034,-4.059035
3.055727,-8.206655,-4.048281
3.058943,-8.211261,-4.037523
3.062159,-8.215852,-4.026759
3.065376,-8.220429,-4.015990
3.068593,-8.224990,-4.005217
3.071810,-8.229536,-3.994438
3.075027,-8.234067,-3.983655
3.078244,-8.238584,-3.972867
3.081462,-8.243085,-3.962075
3.084679,-8.247572,-3.951277
3.087897,-8.252043,-3.940475
3.091115,-8.256499,-3.929668
3.094333,-8.260941,-3.918857
3.097552,-8.265367,-3.908041
3.100770,-8.269779,-3.897220
3.103989,-8.274175,-3.886394
3.107208,-8.278557,-3.875564
3.110427,-8.282923,-3.864729
3.113646,-8.287275,-3.853890
3.116866,-8.291611,-3.843046
3.120085,-8.295933,-3.832198
3.123305,-8.300239,-3.821345
3.126525,-8.304531,-3.810488
3.129745,-8.308807,-3.799626
3.132965,-8.313068,-3.788760
3.136185,-8.317314,-3.777890
3.139406,-8.321546,-3.767015
3.142627,-8.325762,-3.756135
3.145847,-8.329963,-3.745252
3.149068,-8.334149,-3.734364
3.152289,-8.338320,-3.723471
3.155511,-8.342475,-3.712575
3.158732,-8.346616,-3.701674
3.161953,-8.350742,-3.690769
3.165175,-8.354852,-3.679859
3.168397,-8.358948,-3.668946
3.171619,-8.363028,-3.658028
3.174841,-8.367093,-3.647106
3.178063,-8.371143,-3.636180
3.181285,-8.375178,-3.625250
3.184508,-8.379198,-3.614316
3.187730,-8.383203,-3.603378
3.190953,-8.387192,-3.592435
3.194176,-8.391167,-3.581489
3.197398,-8.395126,-3.570538
3.200621,-8.399070,-3.559584
3.203844,-8.402999,-3.548626
3.207068,-8.406913,-3.537663
3.210291,-8.410812,-3.526697
3.213514,-8.414695,-3.515727
3.216738,-8.418564,-3.504753
3.219961,-8.422417,-3.493775
3.223185,-8.426255,-3.482794
3.226409,-8.430078,-3.471808
3.229633,-8.433885,-3.460819
3.232857,-8.437678,-3.449826
3.236081,-8.441455,-3.438829
3.239305,-8.445217,-3.427828
3.242529,-8.448964,-3.416824
3.245754,-8.452696,-3.405816
3.248978,-8.456412,-3.394804
3.252203,-8.460113,-3.383789
3.255427,-8.463799,-3.372770
3.258652,-8.467470,-3.361748
3.261877,-8.471126,-3.350722
3.265102,-8.474766,-3.339692
3.268326,-8.478391,-3.328659
3.271551,-8.482001,-3.317622
3.274776,-8.485596,-3.306582
3.278002,-8.489175,-3.295538
3.281227,-8.492739,-3.284491
3.284452,-8.496288,-3.273441
3.287677,-8.499822,-3.262387
3.290903,-8.503340,-3.251329
3.294128,-8.506843,-3.240268
3.297353,-8.510331,-3.229204
3.300579,-8.513803,-3.218137
3.303804,-8.517261,-3.207066
3.307030,-8.520703,-3.195992
3.310256,-8.524129,-3.184915
3.313481,-8.527541,-3.173835
3.316707,-8.530937,-3.162751
3.319933,-8.534318,-3.151664
3.323159,-8.537683,-3.140574
3.326384,-8.541034,-3.129481
3.329610,-8.544369,-3.118384
3.332836,-8.547688,-3.107285
3.336062,-8.550993,-3.096182
3.339288,-8.554282,-3.085077
3.342514,-8.557556,-3.073968
3.345740,-8.560814,-3.062857
3.348966,-8.564057,-3.051742
3.352192,-8.567285,-3.040624
3.355418,-8.570497,-3.029504
3.358644,-8.573695,-3.018380
3.361870,-8.576876,-3.007254
3.365096,-8.580043,-2.996124
3.368322,-8.583194,-2.984992
3.371548,-8.586330,-2.973857
3.374775,-8.589450,-2.962719
3.378001,-8.592556,-2.951578
3.381227,-8.595645,-2.940435
3.384453,-8.598720,-2.929288
3.387679,-8.601779,-2.918139
3.390905,-8.604823,-2.906988
3.394131,-8.607851,-2.895833
3.397357,-8.610864,-2.884676
3.400583,-8.613862,-2.873516
3.403809,-8.616844,-2.862354
3.407035,-8.619811,-2.851189
3.410261,-8.622762,-2.840021
3.413487,-8.625699,-2.828851
3.416713,-8.628619,-2.817678
3.419939,-8.631525,-2.806503
3.423165,-8.634415,-2.795325
3.426391,-8.637290,-2.784145
3.429617,-8.640149,-2.772962
3.432843,-8.642993,-2.761777
3.436069,-8.645821,-2.750590
3.439294,-8.648634,-2.739400
3.442520,-8.651432,-2.728207
3.445746,-8.654214,-2.717013
3.448972,-8.656981,-2.705816
3.452197,-8.659733,-2.694616
3.455423,-8.662469,-2.683415
3.458648,-8.665190,-2.672211
3.461874,-8.667895,-2.661005
3.465099,-8.670585,-2.649796
3.468324,-8.673260,-2.638586
3.471550,-8.675919,-2.627373
3.474775,-8.678563,-2.616158
3.478000,-8.681191,-2.604941
3.481225,-8.683804,-2.593722
3.484450,-8.686401,-2.582500
3.487675,-8.688983,-2.571277
3.490900,-8.691550,-2.560052
3.494125,-8.694101,-2.548824
3.497350,-8.696637,-2.537595
3.500575,-8.699157,-2.526363
3.503799,-8.701662,-2.515130
3.507024,-8.704152,-2.503895
3.510248,-8.706626,-2.492657
3.513473,-8.709085,-2.481418
3.516697,-8.711528,-2.470177
3.519921,-8.713956,-2.458934
3.523145,-8.716368,-2.447690
3.526369,-8.718765,-2.436443
3.529593,-8.721146,-2.425195
3.532817,-8.723513,-2.413945
3.536041,-8.725863,-2.402693
3.539264,-8.728198,-2.391439
3.542488,-8.730518,-2.380184
3.545711,-8.732822,-2.368927
3.548935,-8.735111,-2.357668
3.552158,-8.737385,-2.346408
3.555381,-8.739643,-2.335146
3.558604,-8.741885,-2.323882
3.561827,-8.744112,-2.312617
3.565050,-8.746324,-2.301351
3.568272,-8.748520,-2.290083
4.497155,-7.791227,-3.442408
4.499707,-7.793537,-3.429523
4.502348,-7.795757,-3.416704
4.505081,-7.797892,-3.403935
4.507904,-7.799945,-3.391201
4.510818,-7.801920,-3.378490
4.513824,-7.803821,-3.365791
4.516783,-7.805613,-3.353456
4.519674,-7.807300,-3.341511
4.522501,-7.850676,-3.329927
4.525267,-8.277289,-3.318697
4.527978,-8.332021,-3.307999
4.530627,-8.381348,-3.297611
4.533215,-8.425809,-3.287507
4.535745,-8.465889,-3.277668
4.538220,-8.502026,-3.268070
4.540642,-8.534612,-3.258697
4.543014,-8.564003,-3.249532
4.545338,-8.590515,-3.240557
4.547618,-8.614437,-3.231761
4.549856,-8.636025,-3.223129
4.552055,-8.655514,-3.214650
4.554216,-8.673111,-3.206312
4.556341,-8.689005,-3.198107
4.558434,-8.703366,-3.190026
4.560496,-8.716345,-3.182059
4.562528,-8.728081,-3.174199
4.564533,-8.738697,-3.166441
4.566513,-8.748304,-3.158777
4.568468,-8.757002,-3.151201
4.570400,-8.764882,-3.143710
4.572311,-8.772025,-3.136297
4.574202,-8.778503,-3.128958
4.576074,-8.784383,-3.121690
4.577928,-8.789723,-3.114488
4.579765,-8.794578,-3.107351
4.581586,-8.798994,-3.100273
4.583392,-8.803015,-3.093254
4.585184,-8.806681,-3.086289
4.586962,-8.810025,-3.079378
4.588727,-8.813081,-3.072517
4.590481,-8.815875,-3.065704
4.592222,-8.818433,-3.058939
4.593953,-8.820779,-3.052219
4.595673,-8.822933,-3.045543
4.597383,-8.824914,-3.038910
4.599083,-8.826738,-3.032317
4.600774,-8.828421,-3.025765
4.602457,-8.829976,-3.019251
4.604131,-8.831416,-3.012775
4.605796,-8.832752,-3.006337
4.607454,-8.833993,-2.999935
4.609104,-8.835149,-2.993568
4.610746,-8.836227,-2.987235
4.612382,-8.837235,-2.980937
4.614010,-8.838179,-2.974672
4.615632,-8.839066,-2.968440
4.617247,-8.839900,-2.962241
4.618856,-8.840686,-2.956073
4.620458,-8.841430,-2.949937
4.622054,-8.842133,-2.943831
4.623644,-8.842801,-2.937757
4.343684,-8.843436,-2.931712
3.635034,-8.844023,-2.925484
3.635784,-8.844537,-2.918754
3.636611,-8.845026,-2.912061
3.637506,-8.845490,-2.905404
3.638463,-8.845934,-2.898784
3.639474,-8.846358,-2.892199
3.640533,-8.846763,-2.885650
3.641637,-8.847152,-2.879136
3.642778,-8.847525,-2.872658
3.643954,-8.847884,-2.866214
3.645160,-8.848229,-2.859805
3.646394,-8.848563,-2.853430
3.647650,-8.848884,-2.847090
3.648928,-8.849195,-2.840783
3.650224,-8.849496,-2.834510
3.651536,-8.849788,-2.828270
3.652862,-8.850070,-2.822064
3.654200,-8.850345,-2.815891
3.655549,-8.850612,-2.809751
3.656907,-8.850871,-2.803643
3.658272,-8.851124,-2.797568
3.659644,-8.851369,-2.791525
3.661021,-8.851609,-2.785514
3.662402,-8.851843,-2.779535
3.663787,-8.852071,-2.773588
3.665175,-8.852293,-2.767672
3.666564,-8.852511,-2.761788
3.667955,-8.852723,-2.755935
3.669346,-8.852931,-2.750112
3.670738,-8.853134,-2.744321
3.672130,-8.853332,-2.738560
3.673521,-8.853527,-2.732830
3.674911,-8.853717,-2.727130
3.676299,-8.853903,-2.721461
3.677686,-8.854086,-2.715821
3.679071,-8.854265,-2.710211
3.680454,-8.854440,-2.704631
3.681834,-8.854611,-2.699080
3.683212,-8.854780,-2.693559
3.684587,-8.854944,-2.688067
3.685960,-8.855106,-2.682604
3.687329,-8.855264,-2.677170
3.688695,-8.855420,-2.671765
3.690058,-8.855572,-2.666388
3.691417,-8.855722,-2.661039
3.692773,-8.855868,-2.655719
3.694125,-8.856012,-2.650427
3.695474,-8.856153,-2.645163
3.696819,-8.856291,-2.639927
3.698160,-8.856427,-2.634719
3.699498,-8.856560,-2.629538
3.700831,-8.856690,-2.624384
3.702161,-8.856818,-2.619258
3.703487,-8.856944,-2.614159
3.704809,-8.857067,-2.609087
3.706127,-8.857188,-2.604041
3.707441,-8.857307,-2.599023
3.708752,-8.857423,-2.594031
3.710058,-8.857537,-2.589065
3.711360,-8.857649,-2.584125
3.712658,-8.857759,-2.579212
3.713952,-8.857866,-2.574325
3.715242,-8.857972,-2.569463
3.716528,-8.858076,-2.564627
3.717809,-8.858177,-2.559817
3.719087,-8.858277,-2.555032
3.720361,-8.858375,-2.550273
3.721631,-8.858470,-2.545538
3.722896,-8.858564,-2.540829
3.724158,-8.858656,-2.536145
3.725415,-8.858747,-1.606214
3.727145,-8.859082,-1.526860
3.728904,-8.859432,-1.522249
3.730653,-8.859778,-1.517662
3.732393,-8.860119,-1.513099
3.734123,-8.860456,-1.508561
3.735844,-8.860788,-1.504047
3.737556,-8.861115,-1.499556
3.739258,-8.861439,-1.495090
3.740951,-8.861758,-1.490647
3.742635,-8.862073,-1.486228
3.744310,-8.862384,-1.481832
3.745975,-8.862690,-1.477459
3.747632,-8.862992,-1.473110
3.749280,-8.863291,-1.468783
3.750918,-8.863585,-1.464480
3.752548,-8.863875,-1.460199
3.754169,-8.864162,-1.455941
3.755781,-8.864444,-1.451706
3.757385,-8.864723,-1.447493
3.758979,-8.864998,-1.443302
3.760565,-8.865269,-1.439133
3.762143,-8.865537,-1.434987
3.763712,-8.865801,-1.430863
3.765272,-8.866061,-1.426760
3.766824,-8.866318,-1.422679
3.768367,-8.866571,-1.418620
3.769903,-8.866821,-1.414582
3.771429,-8.867067,-1.410565
3.772948,-8.867310,-1.406570
3.774458,-8.867550,-1.402596
3.775960,-8.867786,-1.398643
3.777454,-8.868019,-1.394711
3.778940,-8.868249,-1.390800
3.780418,-8.868475,-1.386909
3.781887,-8.868699,-1.383039
3.783349,-8.868919,-1.379189
3.784803,-8.869136,-1.375360
3.786249,-8.869350,-1.371551
3.787687,-8.869561,-1.367763
3.789118,-8.869769,-1.363994
3.790540,-8.869974,-1.360245
3.791955,-8.870177,-1.356516
3.793363,-8.870376,-1.352807
3.794762,-8.870573,-1.349118
3.796154,-8.870766,-1.345448
3.797539,-8.870957,-1.341797
3.798916,-8.871145,-1.338166
3.800286,-8.871331,-1.334554
3.801648,-8.871514,-1.330961
3.803003,-8.871694,-1.327387
3.804350,-8.871872,-1.323832
3.805690,-8.872047,-1.320296
3.807023,-8.872219,-1.316778
3.808349,-8.872389,-1.313280
3.809668,-8.872556,-1.309799
3.810979,-8.872721,-1.306337
3.812284,-8.872884,-1.302894
3.813581,-8.873044,-1.299468
3.814871,-8.873202,-1.296061
3.816155,-8.873358,-1.292672
3.817431,-8.873511,-1.289301
3.818701,-8.873662,-1.285947
3.819963,-8.873810,-1.282612
3.821219,-8.873957,-1.279294
3.822468,-8.874101,-1.275993
3.823710,-8.874243,-1.272710
3.824946,-8.874383,-1.269444
3.826175,-8.874520,-1.266196
3.827397,-8.874656,-1.262965
3.828613,-8.874789,-1.259751
3.829822,-8.874921,-1.256554
3.831025,-8.875050,-1.253374
3.832221,-8.875178,-1.250210
3.833411,-8.875303,-1.247064
3.834594,-8.875427,-1.243934
3.835771,-8.875549,-1.240820
3.836942,-8.875668,-1.237724
3.838106,-8.875786,-1.234643
3.839264,-8.875902,-1.231579
3.840416,-8.876016,-1.228531
3.841561,-8.876129,-1.225499
3.842701,-8.876239,-1.222483
3.843834,-8.876348,-1.219483
3.844961,-8.876455,-1.216499
3.846082,-8.876561,-1.213531
3.847197,-8.876664,-1.210578
3.848306,-8.876766,-1.207642
3.849409,-8.876866,-1.204720
3.850506,-8.876965,-1.201814
3.851597,-8.877062,-1.198924
3.852683,-8.877158,-1.196048
3.853762,-8.877251,-1.193188
3.854836,-8.877344,-1.190344
3.855904,-8.877435,-1.187514
3.856966,-8.877524,-1.184699
3.858022,-8.877612,-1.181899
3.859073,-8.877698,-1.179114
3.860118,-8.877783,-1.176343
3.861158,-8.877866,-1.173587
3.862192,-8.877948,-1.170846
3.863220,-8.878028,-1.168119
3.864243,-8.878108,-1.165407
3.865260,-8.878185,-1.162709
3.866272,-8.878262,-1.160025
3.867278,-8.878337,-1.157356
3.868279,-8.878411,-1.154701
3.869275,-8.878483,-1.152059
3.870265,-8.878554,-1.149432
3.871250,-8.878624,-1.146818
3.872230,-8.878693,-1.144219
3.873204,-8.878760,-1.141633
3.874173,-8.878826,-1.139061
3.875137,-8.878891,-1.136502
3.876096,-8.878955,-1.133957
3.877050,-8.879017,-1.131425
3.877998,-8.879079,-1.128907
3.878942,-8.879139,-1.126402
3.879880,-8.879198,-1.123910
3.880814,-8.879256,-1.121432
3.881742,-8.879313,-1.118966
3.882665,-8.879369,-1.116514
3.883584,-8.879424,-1.114075
3.884497,-8.879477,-1.111648
3.885406,-8.879530,-1.109235
3.886309,-8.879581,-1.106834
3.887208,-8.879632,-1.104445
3.888102,-8.879682,-1.102070
3.888992,-8.879730,-1.099707
3.889876,-8.879778,-1.097356
3.890756,-8.879824,-1.095018
3.891631,-8.879870,-1.092692
3.892501,-8.879915,-1.090379
3.893367,-8.879958,-1.088078
3.894228,-8.880001,-1.085789
3.895084,-8.880043,-1.083512
3.895936,-8.880084,-1.081247
3.896783,-8.880124,-1.078994
3.897626,-8.880164,-1.076753
3.898464,-8.880202,-1.074523
3.899298,-8.880240,-1.072306
3.900127,-8.880276,-1.070100
3.900952,-8.880312,-1.067906
3.901773,-8.880347,-1.065724
3.902589,-8.880382,-1.063553
3.903400,-8.880415,-1.061393
3.904207,-8.880448,-1.059245
3.905010,-8.880480,-1.057109
3.905809,-8.880511,-1.054983
3.906604,-8.880541,-1.052869
3.907394,-8.880571,-1.050766
3.908180,-8.880600,-1.048674
3.908961,-8.880628,-1.046593
3.909739,-8.880656,-1.044524
3.910512,-8.880683,-1.042465
3.911282,-8.880709,-1.040417
3.912047,-8.880734,-1.038379
3.912808,-8.880759,-1.036353
3.913565,-8.880783,-1.034337
3.914318,-8.880806,-1.032332
3.915067,-8.880829,-1.030338
3.915812,-8.880851,-1.028354
3.916553,-8.880873,-1.026380
3.917290,-8.880894,-1.024417
3.918023,-8.880914,-1.022465
3.918752,-8.880934,-1.020522
3.919477,-8.880953,-1.018590
3.920198,-8.880971,-1.016668
3.920916,-8.880989,-1.014757
3.921629,-8.881007,-1.012855
3.922339,-8.881023,-1.010963
3.923045,-8.881040,-1.009082
3.923748,-8.881055,-1.007210
3.924446,-8.881071,-1.005348
3.925141,-8.881085,-1.003496
3.925832,-8.881099,-1.001654
3.926520,-8.881113,-0.999822
3.927203,-8.881126,-0.997999
3.927883,-8.881138,-0.996186
3.928560,-8.881151,-0.994382
3.929233,-8.881162,-0.992588
3.929902,-8.881173,-0.990804
3.930568,-8.881184,-0.989029
3.931230,-8.881194,-0.987263
3.931888,-8.881204,-0.985506
3.932544,-8.881213,-0.983759
3.933195,-8.881222,-0.982021
3.933843,-8.881230,-0.980292
3.934488,-8.881238,-0.978573
3.935129,-8.881246,-0.976862
3.935767,-8.881253,-0.975161
3.936401,-8.881259,-0.973468
3.937032,-8.881266,-0.971785
3.937660,-8.881271,-0.970110
3.938284,-8.881277,-0.968444
3.938905,-8.881282,-0.966787
3.939523,-8.881287,-0.965139
3.940137,-8.881291,-0.963499
3.940749,-8.881295,-0.961868
3.941356,-8.881299,-0.960246
3.941961,-8.881302,-0.958632
3.942563,-8.881305,-0.957027
3.943161,-8.881307,-0.955430
3.943756,-8.881309,-0.953841
3.944348,-8.881311,-0.952261
3.944936,-8.881313,-0.950690
3.945522,-8.881314,-0.949126
3.946104,-8.881315,-0.947571
3.946684,-8.881315,-0.946024
3.947260,-8.881315,-0.944486
3.947833,-8.881315,-0.942955
3.948403,-8.881315,-0.941433
3.948970,-8.881314,-0.939918
3.949534,-8.881313,-0.938412
3.950095,-8.881312,-0.936913
3.950654,-8.881310,-0.935422
3.951209,-8.881308,-0.933940
3.951761,-8.881306,-0.932465
3.952310,-8.881304,-0.930997
3.952856,-8.881301,-0.929538
3.953400,-8.881298,-0.928086
3.953940,-8.881295,-0.926642
3.954478,-8.881291,-0.925206
3.955013,-8.881287,-0.923777
3.955545,-8.881284,-0.922355
3.956074,-8.881279,-0.920942
3.956600,-8.881275,-0.919535
3.957123,-8.881270,-0.918136
3.957644,-8.881265,-0.916745
3.958162,-8.881260,-0.915360
3.958677,-8.881255,-0.913984
3.959190,-8.881249,-0.912614
3.959699,-8.881243,-0.911251
3.960206,-8.881237,-0.909896
3.960711,-8.881231,-0.908548
3.961212,-8.881225,-0.907207
3.961711,-8.881218,-0.905873
3.962208,-8.881211,-0.904546
3.962701,-8.881204,-0.903226
3.963192,-8.881197,-0.901913
3.963681,-8.881190,-0.900607
3.964167,-8.881182,-0.899308
3.964650,-8.881174,-0.898016
3.965131,-8.881166,-0.896731
3.965609,-8.881158,-0.895452
3.966084,-8.881150,-0.894180
3.966557,-8.881142,-0.892915
3.967028,-8.881133,-0.891656
3.967496,-8.881124,-0.890404
3.967962,-8.881115,-0.889159
3.968425,-8.881106,-0.887920
3.968885,-8.881097,-0.886688
3.969344,-8.881087,-0.885462
3.969799,-8.881078,-0.884243
3.970253,-8.881068,-0.883030
3.970704,-8.881058,-0.881824
3.971152,-8.881048,-0.880624
3.971598,-8.881038,-0.879430
3.972042,-8.881028,-0.878243
3.972484,-8.881018,-0.877061
3.972923,-8.881007,-0.875886
3.973359,-8.880997,-0.874718
3.973794,-8.880986,-0.873555
3.974226,-8.880975,-0.872399
3.974656,-8.880964,-0.871248
3.975083,-8.880953,-0.870104
3.975509,-8.880942,-0.868966
3.975932,-8.880931,-0.867833
3.976353,-8.880919,-0.866707
3.976771,-8.880908,-0.865587
3.977187,-8.880896,-0.864472
3.977602,-8.880884,-0.863364
3.978014,-8.880872,-0.862261
3.978423,-8.880861,-0.861164
3.978831,-8.880849,-0.860073
3.979236,-8.880836,-0.858987
3.979640,-8.880824,-0.857908
3.980041,-8.880812,-0.856834
3.980440,-8.880800,-0.855765
3.980837,-8.880787,-0.854703
3.981231,-8.880775,-0.853646
3.981624,-8.880762,-0.852594
3.982015,-8.880749,-0.851548
3.982403,-8.880736,-0.850508
3.982790,-8.880724,-0.849473
3.983174,-8.880711,-0.848443
3.983557,-8.880698,-0.847419
3.983937,-8.880685,-0.846400
3.984315,-8.880672,-0.845387
3.984692,-8.880658,-0.844379
3.985066,-8.880645,-0.843376
3.985438,-8.880632,-0.842379
3.985809,-8.880618,-0.841387
3.986177,-8.880605,-0.840400
3.986544,-8.880591,-0.839418
3.986908,-8.880578,-0.838442
3.987271,-8.880564,-0.837470
3.987631,-8.880551,-0.836504
3.987990,-8.880537,-0.835543
3.988347,-8.880523,-0.834587
3.988702,-8.880509,-0.833636
3.989055,-8.880496,-0.832689
3.989406,-8.880482,-0.831748
3.989756,-8.880468,-0.830812
3.990103,-8.880454,-0.829881
3.990449,-8.880440,-0.828955
3.990793,-8.880426,-0.828033
3.991135,-8.880412,-0.827117
3.991475,-8.880398,-0.826205
3.991813,-8.880383,-0.825298
3.992150,-8.880369,-0.824396
3.992485,-8.880355,-0.823499
3.992818,-8.880341,-0.822606
3.993149,-8.880326,-0.821718
3.993479,-8.880312,-0.820835
3.993807,-8.880298,-0.819956
3.994133,-8.880283,-0.819082
3.994457,-8.880269,-0.818213
3.994780,-8.880255,-0.817348
3.995101,-8.880240,-0.816487
3.995420,-8.880226,-0.815632
3.995737,-8.880211,-0.814780
3.996053,-8.880197,-0.813934
3.996367,-8.880182,-0.813091
3.996680,-8.880168,-0.812254
3.996991,-8.880153,-0.811420
3.997300,-8.880139,-0.810591
3.997608,-8.880124,-0.809766
3.997914,-8.880110,-0.808946
3.998218,-8.880095,-0.808130
3.998521,-8.880080,-0.807318
3.998822,-8.880066,-0.806511
3.999121,-8.880051,-0.805708
3.999419,-8.880037,-0.804909
3.999716,-8.880022,-0.804114
4.000010,-8.880007,-0.803323
4.000304,-8.879993,-0.802537
4.000595,-8.879978,-0.801755
4.000886,-8.879963,-0.800976
4.001174,-8.879949,-0.800202
4.001461,-8.879934,-0.799432
4.001747,-8.879919,-0.798666
4.002031,-8.879905,-0.797904
4.002313,-8.879890,-0.797147
4.002595,-8.879875,-0.796393
4.002874,-8.879861,-0.795643
4.003152,-8.879846,-0.794897
4.003429,-8.879832,-0.794155
4.003704,-8.879817,-0.793417
4.003978,-8.879802,-0.792682
4.004250,-8.879788,-0.791952
4.004521,-8.879773,-0.791225
4.004790,-8.879758,-0.790503
4.005058,-8.879744,-0.789784
4.005325,-8.879729,-0.789069
4.005590,-8.879715,-0.788357
4.005854,-8.879700,-0.787650
4.006116,-8.879686,-0.786946
4.006377,-8.879671,-0.786246
4.006637,-8.879656,-0.785549
4.006895,-8.879642,-0.784856
4.007152,-8.879627,-0.784167
4.007407,-8.879613,-0.783481
4.007661,-8.879598,-0.782799
4.007914,-8.879584,-0.782121
4.008166,-8.879570,-0.781446
4.008416,-8.879555,-0.780775
4.008665,-8.879541,-0.780107
4.008912,-8.879526,-0.779443
4.009158,-8.879512,-0.778782
4.009403,-8.879498,-0.778125
4.009647,-8.879483,-0.777471
4.009889,-8.879469,-0.776821
4.010130,-8.879455,-0.776174
4.010370,-8.879440,-0.775531
4.010608,-8.879426,-0.774891
4.010846,-8.879412,-0.774254
4.011082,-8.879398,-0.773621
4.011316,-8.879383,-0.772990
4.011550,-8.879369,-0.772364
4.011782,-8.879355,-0.771740
4.012013,-8.879341,-0.771120
4.012243,-8.879327,-0.770503
4.012472,-8.879313,-0.769890
4.012699,-8.879299,-0.769279
4.012925,-8.879285,-0.768672
4.013150,-8.879271,-0.768068
4.013374,-8.879257,-0.767467
4.013597,-8.879243,-0.766869
4.013818,-8.879229,-0.766275
4.014038,-8.879215,-0.765683
4.014257,-8.879201,-0.765095
4.014475,-8.879187,-0.764510
4.014692,-8.879173,-0.763928
4.014908,-8.879160,-0.763349
4.015122,-8.879146,-0.762773
4.015336,-8.879132,-0.762200
4.015548,-8.879119,-0.761630
4.015759,-8.879105,-0.761063
4.015969,-8.879091,-0.760499
4.016178,-8.879078,-0.759938
4.016386,-8.879064,-0.759380
4.016593,-8.879050,-0.758825
4.016798,-8.879037,-0.758273
4.017003,-8.879023,-0.757723
4.017206,-8.879010,-0.757177
4.017409,-8.878997,-0.756633
4.017610,-8.878983,-0.756093
4.017810,-8.878970,-0.755555
4.018010,-8.878957,-0.755020
4.018208,-8.878943,-0.754488
4.018405,-8.878930,-0.753958
4.018601,-8.878917,-0.753432
4.018796,-8.878904,-0.752908
4.018990,-8.878890,-0.752387
4.019183,-8.878877,-0.751868
4.019375,-8.878864,-0.751353
4.019566,-8.878851,-0.750840
4.019756,-8.878838,-0.750330
4.019945,-8.878825,-0.749822
4.020133,-8.878812,-0.749317
4.020320,-8.878799,-0.748815
4.020506,-8.878786,-0.748316
4.020691,-8.878773,-0.747819
4.020875,-8.878761,-0.747324
4.021058,-8.878748,-0.746833
4.021240,-8.878735,-0.746344
4.021421,-8.878722,-0.745857
4.021601,-8.878710,-0.745373
4.021780,-8.878697,-0.744892
4.021959,-8.878685,-0.744413
4.022136,-8.878672,-0.743936
4.022312,-8.878659,-0.743462
4.022488,-8.878647,-0.742991
4.022662,-8.878634,-0.742522
4.022836,-8.878622,-0.742056
4.023009,-8.878610,-0.741592
4.023181,-8.878597,-0.741130
4.023351,-8.878585,-0.740671
4.023521,-8.878573,-0.740214
4.023690,-8.878561,-0.739760
4.023859,-8.878548,-0.739308
4.024026,-8.878536,-0.738859
4.024192,-8.878524,-0.738411
4.024358,-8.878512,-0.737967
4.024523,-8.878500,-0.737524
4.024686,-8.878488,-0.737084
4.024849,-8.878476,-0.736646
4.025012,-8.878464,-0.736211
4.025173,-8.878452,-0.735777
4.025333,-8.878440,-0.735346
4.025493,-8.878428,-0.734918
4.025651,-8.878417,-0.734491
4.025809,-8.878405,-0.734067
4.025966,-8.878393,-0.733645
4.026122,-8.878382,-0.733225
4.026278,-8.878370,-0.732808
4.026432,-8.878358,-0.732392
4.026586,-8.878347,-0.731979
4.026739,-8.878335,-0.731568
4.026891,-8.878324,-0.731159
4.027043,-8.878312,-0.730753
4.027193,-8.878301,-0.730348
4.027343,-8.878290,-0.729946
4.027492,-8.878278,-0.729545
4.027640,-8.878267,-0.729147
4.027787,-8.878256,-0.728751
4.027934,-8.878245,-0.728357
4.028080,-8.878233,-0.727965
4.028225,-8.878222,-0.727575
4.028369,-8.878211,-0.727187
4.028513,-8.878200,-0.726802
4.028655,-8.878189,-0.726418
4.028797,-8.878178,-0.726036
4.028939,-8.878167,-0.725656
4.029079,-8.878156,-0.725279
4.029219,-8.878145,-0.724903
4.029358,-8.878135,-0.724529
4.029496,-8.878124,-0.724157
4.029634,-8.878113,-0.723787
4.029771,-8.878102,-0.723419
4.029907,-8.878092,-0.723053
4.030043,-8.878081,-0.722689
4.030177,-8.878070,-0.722327
4.030311,-8.878060,-0.721967
4.030445,-8.878049,-0.721609
4.030577,-8.878039,-0.721252
4.030709,-8.878028,-0.720897
4.030840,-8.878018,-0.720545
4.030971,-8.878008,-0.720194
4.031101,-8.877997,-0.719845
4.031230,-8.877987,-0.719498
4.031358,-8.877977,-0.719152
4.031486,-8.877967,-0.718809
4.031613,-8.877957,-0.718467
4.031740,-8.877946,-0.718127
4.031865,-8.877936,-0.717789
4.031991,-8.877926,-0.717452
4.032115,-8.877916,-0.717118
4.032239,-8.877906,-0.716785
4.032362,-8.877896,-0.716454
4.032484,-8.877886,-0.716124
4.032606,-8.877877,-0.715797
4.032728,-8.877867,-0.715471
4.032848,-8.877857,-0.715147
4.032968,-8.877847,-0.714824
4.033087,-8.877837,-0.714503
4.033206,-8.877828,-0.714184
4.033324,-8.877818,-0.713867
4.033442,-8.877809,-0.713551
4.033558,-8.877799,-0.713237
4.033675,-8.877789,-0.712924
4.033790,-8.877780,-0.712614
4.033905,-8.877770,-0.712304
4.034020,-8.877761,-0.711997
4.034133,-8.877752,-0.711691
4.034246,-8.877742,-0.711387
4.034359,-8.877733,-0.711084
4.034471,-8.877724,-0.710783
4.034582,-8.877715,-0.710483
4.034693,-8.877705,-0.710185
4.034804,-8.877696,-0.709889
4.034913,-8.877687,-0.709594
4.035022,-8.877678,-0.709301
4.035131,-8.877669,-0.709009
4.035239,-8.877660,-0.708719
4.035346,-8.877651,-0.708430
4.035453,-8.877642,-0.708143
4.035559,-8.877633,-0.707857
4.035665,-8.877624,-0.707573
4.035770,-8.877615,-0.707290
4.035874,-8.877607,-0.707009
4.035978,-8.877598,-0.706729
4.036082,-8.877589,-0.706451
4.036185,-8.877580,-0.706174
4.036287,-8.877572,-0.705899
4.036389,-8.877563,-0.705625
4.036490,-8.877555,-0.705352
4.036591,-8.877546,-0.705081
4.036691,-8.877538,-0.704812
4.036791,-8.877529,-0.704544
4.036890,-8.877521,-0.704277
4.036989,-8.877512,-0.704011
4.037087,-8.877504,-0.703747
4.037185,-8.877496,-0.703485
4.037282,-8.877487,-0.703224
4.037378,-8.877479,-0.702964
4.037474,-8.877471,-0.702705
4.037570,-8.877463,-0.702448
4.037665,-8.877454,-0.702193
4.037760,-8.877446,-0.701938
4.037854,-8.877438,-0.701685
4.037947,-8.877430,-0.701433
4.038041,-8.877422,-0.701183
4.038133,-8.877414,-0.700934
4.038225,-8.877406,-0.700686
4.038317,-8.877398,-0.700439
4.038408,-8.877390,-0.700194
4.038499,-8.877382,-0.699950
4.038589,-8.877375,-0.699708
4.038679,-8.877367,-0.699466
4.038768,-8.877359,-0.699226
4.038857,-8.877351,-0.698987
4.038945,-8.877344,-0.698750
4.039033,-8.877336,-0.698513
4.039120,-8.877328,-0.698278
4.039207,-8.877321,-0.698045
4.039294,-8.877313,-0.697812
4.039380,-8.877306,-0.697581
4.039465,-8.877298,-0.697350
4.039550,-8.877291,-0.697121
4.039635,-8.877283,-0.696894
4.039719,-8.877276,-0.696667
4.039803,-8.877269,-0.696442
4.039886,-8.877261,-0.696217
4.039969,-8.877254,-0.695994
4.040052,-8.877247,-0.695773
4.040134,-8.877239,-0.695552
4.040215,-8.877232,-0.695332
4.040297,-8.877225,-0.695114
4.040377,-8.877218,-0.694897
4.040458,-8.877211,-0.694681
4.040538,-8.877204,-0.694466
4.040617,-8.877197,-0.694252
4.040696,-8.877190,-0.694039
4.040775,-8.877183,-0.693828
4.040853,-8.877176,-0.693617
4.040931,-8.877169,-0.693408
4.041008,-8.877162,-0.693200
4.041085,-8.877155,-0.692992
4.041162,-8.877148,-0.692786
4.041238,-8.877141,-0.692581
4.041314,-8.877135,-0.692377
4.041389,-8.877128,-0.692175
4.041464,-8.877121,-0.691973
4.041539,-8.877114,-0.691772
4.041613,-8.877108,-0.691572
4.041687,-8.877101,-0.691374
4.041760,-8.877095,-0.691176
4.041833,-8.877088,-0.690980
4.041906,-8.877082,-0.690784
4.041978,-8.877075,-0.690590
4.042050,-8.877069,-0.690396
4.042122,-8.877062,-0.690204
4.042193,-8.877056,-0.690012
4.042263,-8.877049,-0.689822
4.042334,-8.877043,-0.689633
4.042404,-8.877037,-0.689444
4.042474,-8.877030,-0.689257
4.042543,-8.877024,-0.689070
4.042612,-8.877018,-0.688885
4.042680,-8.877012,-0.688700
4.042749,-8.877005,-0.688517
4.042816,-8.876999,-0.688334
4.042884,-8.876993,-0.688153
4.042951,-8.876987,-0.687972
4.043018,-8.876981,-0.687792
4.043084,-8.876975,-0.687614
4.043150,-8.876969,-0.687436
4.043216,-8.876963,-0.687259
4.043281,-8.876957,-0.687083
4.043346,-8.876951,-0.686908
4.043411,-8.876945,-0.686734
4.043476,-8.876939,-0.686561
4.043540,-8.876933,-0.686388
4.043603,-8.876927,-0.686217
4.043667,-8.876922,-0.686046
4.043730,-8.876916,-0.685877
4.043792,-8.876910,-0.685708
4.043855,-8.876904,-0.685540
4.043917,-8.876899,-0.685373
4.043978,-8.876893,-0.685207
4.044040,-8.876887,-0.685042
4.044101,-8.876882,-0.684878
4.044162,-8.876876,-0.684714
4.044222,-8.876871,-0.684552
4.044282,-8.876865,-0.684390
4.044342,-8.876859,-0.684229
4.044401,-8.876854,-0.684069
4.044460,-8.876849,-0.683910
4.044519,-8.876843,-0.683752
4.044578,-8.876838,-0.683594
4.044636,-8.876832,-0.683437
4.044694,-8.876827,-0.683282
4.044752,-8.876822,-0.683126
4.044809,-8.876816,-0.682972
4.044866,-8.876811,-0.682819
4.044923,-8.876806,-0.682666
4.044979,-8.876800,-0.682514
4.045035,-8.876795,-0.682363
4.045091,-8.876790,-0.682213
4.045147,-8.876785,-0.682064
4.045202,-8.876780,-0.681915
4.045257,-8.876775,-0.681767
4.045311,-8.876770,-0.681620
4.045366,-8.876764,-0.681474
4.045420,-8.876759,-0.681328
4.045474,-8.876754,-0.681183
4.045527,-8.876749,-0.681039
4.045580,-8.876744,-0.680896
4.045633,-8.876739,-0.680753
4.045686,-8.876735,-0.680612
4.045738,-8.876730,-0.680471
4.045791,-8.876725,-0.680330
4.045842,-8.876720,-0.680191
4.045894,-8.876715,-0.680052
4.045945,-8.876710,-0.679914
4.045996,-8.876705,-0.679776
4.046047,-8.876701,-0.679640
4.046098,-8.876696,-0.679504
4.046148,-8.876691,-0.679369
4.046198,-8.876686,-0.679234
4.046248,-8.876682,-0.679100
4.046297,-8.876677,-0.678967
4.046346,-8.876672,-0.678835
4.046395,-8.876668,-0.678703
4.046444,-8.876663,-0.678572
4.046492,-8.876659,-0.678442
4.046540,-8.876654,-0.678312
4.046588,-8.876650,-0.678183
4.046636,-8.876645,-0.678055
4.046683,-8.876641,-0.677927
4.046731,-8.876636,-0.677800
4.046777,-8.876632,-0.677674
4.046824,-8.876627,-0.677549
4.046871,-8.876623,-0.677424
4.046917,-8.876619,-0.677299
4.046963,-8.876614,-0.677176
4.047008,-8.876610,-0.677053
4.047054,-8.876606,-0.676930
4.047099,-8.876601,-0.676809
4.047144,-8.876597,-0.676688
4.047189,-8.876593,-0.676567
4.047233,-8.876588,-0.676447
4.047277,-8.876584,-0.676328
4.047322,-8.876580,-0.676210
4.047365,-8.876576,-0.676092
4.047409,-8.876572,-0.675974
4.047452,-8.876568,-0.675858
4.047495,-8.876564,-0.675742
4.047538,-8.876559,-0.675626
4.047581,-8.876555,-0.675511
4.047623,-8.876551,-0.675397
4.047666,-8.876547,-0.675283
4.047708,-8.876543,-0.675170
4.047749,-8.876539,-0.675058
4.047791,-8.876535,-0.674946
4.047832,-8.876531,-0.674835
4.047873,-8.876527,-0.674724
4.047914,-8.876523,-0.674614
4.047955,-8.876520,-0.674504
4.047995,-8.876516,-0.674396
4.048036,-8.876512,-0.674287
4.048076,-8.876508,-0.674179
4.048116,-8.876504,-0.674072
4.048155,-8.876500,-0.673965
4.048195,-8.876497,-0.673859
4.048234,-8.876493,-0.673754
4.048273,-8.876489,-0.673649
4.048312,-8.876485,-0.673544
4.048350,-8.876482,-0.673440
4.048389,-8.876478,-0.673337
4.048427,-8.876474,-0.673234
4.048465,-8.876471,-0.673132
4.048503,-8.876467,-0.673030
4.048540,-8.876463,-0.672929
4.048578,-8.876460,-0.672828
4.048615,-8.876456,-0.672728
4.048652,-8.876453,-0.672628
4.048689,-8.876449,-0.672529
4.048725,-8.876445,-0.672431
4.048762,-8.876442,-0.672333
4.048798,-8.876438,-0.672235
4.048834,-8.876435,-0.672138
4.048870,-8.876432,-0.672041
4.048906,-8.876428,-0.671945
4.048941,-8.876425,-0.671850
4.048976,-8.876421,-0.671755
4.049011,-8.876418,-0.671660
4.049046,-8.876414,-0.671566
4.049081,-8.876411,-0.671473
4.049116,-8.876408,-0.671380
4.049150,-8.876404,-0.671287
4.049184,-8.876401,-0.671195
4.049218,-8.876398,-0.671104
4.049252,-8.876394,-0.671013
4.049286,-8.876391,-0.670922
4.049319,-8.876388,-0.670832
4.049353,-8.876385,-0.670742
4.049386,-8.876381,-0.670653
4.049419,-8.876378,-0.670564
4.049451,-8.876375,-0.670476
4.049484,-8.876372,-0.670388
4.049516,-8.876369,-0.670301
4.049549,-8.876366,-0.670214
4.049581,-8.876363,-0.670127
4.049613,-8.876359,-0.670041
4.049645,-8.876356,-0.669956
4.049676,-8.876353,-0.669871
4.049708,-8.876350,-0.669786
4.049739,-8.876347,-0.669702
4.049770,-8.876344,-0.669618
4.049801,-8.876341,-0.669535
4.049832,-8.876338,-0.669452
4.049862,-8.876335,-0.669370
4.049893,-8.876332,-0.669288
4.049923,-8.876329,-0.669206
4.049953,-8.876326,-0.669125
4.049983,-8.876323,-0.669044
4.050013,-8.876320,-0.668964
4.050043,-8.876317,-0.668884
4.050072,-8.876315,-0.668805
4.050102,-8.876312,-0.668726
4.050131,-8.876309,-0.668647
4.050160,-8.876306,-0.668569
4.050189,-8.876303,-0.668491
4.050217,-8.876300,-0.668414
4.050246,-8.876298,-0.668337
4.050274,-8.876295,-0.668260
4.050303,-8.876292,-0.668184
4.050331,-8.876289,-0.668108
4.050359,-8.876286,-0.668033
4.050387,-8.876284,-0.667958
4.050414,-8.876281,-0.667883
4.050442,-8.876278,-0.667809
4.050469,-8.876276,-0.667735
4.050497,-8.876273,-0.667662
4.050524,-8.876270,-0.667589
4.050551,-8.876268,-0.667516
4.050578,-8.876265,-0.667444
4.050604,-8.876262,-0.667372
4.050631,-8.876260,-0.667301
4.050657,-8.876257,-0.667229
4.050684,-8.876255,-0.667159
4.050710,-8.876252,-0.667088
4.050736,-8.876249,-0.667018
4.050762,-8.876247,-0.666949
4.050787,-8.876244,-0.666879
4.050813,-8.876242,-0.666810
4.050838,-8.876239,-0.666742
4.050864,-8.876237,-0.666674
4.050889,-8.876234,-0.666606
4.050914,-8.876232,-0.666538
4.050939,-8.876229,-0.666471
4.050964,-8.876227,-0.666404
4.050988,-8.876224,-0.666338
4.051013,-8.876222,-0.666272
4.051037,-8.876220,-0.666206
4.051062,-8.876217,-0.666141
4.051086,-8.876215,-0.666076
4.051110,-8.876212,-0.666011
4.051134,-8.876210,-0.665947
4.051157,-8.876208,-0.665883
4.051181,-8.876205,-0.665819
4.051205,-8.876203,-0.665756
4.051228,-8.876201,-0.665693
4.051251,-8.876198,-0.665630
4.051274,-8.876196,-0.665568
4.051297,-8.876194,-0.665506
4.051320,-8.876192,-0.665444
4.051343,-8.876189,-0.665383
4.051366,-8.876187,-0.665321
4.051388,-8.876185,-0.665261
4.051411,-8.876183,-0.665200
4.051433,-8.876180,-0.665140
4.051455,-8.876178,-0.665080
4.051477,-8.876176,-0.665021
4.051499,-8.876174,-0.664962
4.051521,-8.876172,-0.664903
4.051543,-8.876170,-0.664844
4.051565,-8.876167,-0.664786
4.051586,-8.876165,-0.664728
4.051608,-8.876163,-0.664671
4.051629,-8.876161,-0.664613
4.051650,-8.876159,-0.664556
4.051671,-8.876157,-0.664500
4.051692,-8.876155,-0.664443
4.051713,-8.876153,-0.664387
4.051734,-8.876151,-0.664331
4.051754,-8.876149,-0.664276
4.051775,-8.876147,-0.664220
4.051795,-8.876144,-0.664165
4.051815,-8.876142,-0.664111
4.051836,-8.876140,-0.664056
4.051856,-8.876138,-0.664002
4.051876,-8.876136,-0.663949
4.051896,-8.876134,-0.663895
4.051915,-8.876132,-0.663842
4.051935,-8.876131,-0.663789
4.051955,-8.876129,-0.663736
4.051974,-8.876127,-0.663684
4.051993,-8.876125,-0.663632
4.052013,-8.876123,-0.663580
4.052032,-8.876121,-0.663528
4.052051,-8.876119,-0.663477
4.052070,-8.876117,-0.663426
4.052089,-8.876115,-0.663375
4.052107,-8.876113,-0.663324
4.052126,-8.876111,-0.663274
4.052145,-8.876110,-0.663224
4.052163,-8.876108,-0.663174
4.052182,-8.876106,-0.663125
4.052200,-8.876104,-0.663076
4.052218,-8.876102,-0.663027
4.052236,-8.876100,-0.662978
4.052254,-8.876099,-0.662930
4.052272,-8.876097,-0.662882
4.052290,-8.876095,-0.662834
4.052307,-8.876093,-0.662786
4.052325,-8.876092,-0.662739
4.052343,-8.876090,-0.662691
4.052360,-8.876088,-0.662644
4.052377,-8.876086,-0.662598
4.052395,-8.876085,-0.662551
4.052412,-8.876083,-0.662505
4.052429,-8.876081,-0.662459
4.052446,-8.876080,-0.662413
4.052463,-8.876078,-0.662368
4.052479,-8.876076,-0.662323
4.052496,-8.876074,-0.662278
4.052513,-8.876073,-0.662233
4.052529,-8.876071,-0.662188
4.052546,-8.876069,-0.662144
4.052562,-8.876068,-0.662100
4.052578,-8.876066,-0.662056
4.052595,-8.876065,-0.662013
4.052611,-8.876063,-0.661969
4.052627,-8.876061,-0.661926
4.052643,-8.876060,-0.661883
4.052659,-8.876058,-0.661841
4.052674,-8.876057,-0.661798
4.052690,-8.876055,-0.661756
4.052706,-8.876053,-0.661714
4.052721,-8.876052,-0.661672
4.052737,-8.876050,-0.661631
4.052752,-8.876049,-0.661589
4.052767,-8.876047,-0.661548
4.052782,-8.876046,-0.661507
4.052797,-8.876044,-0.661466
4.052813,-8.876043,-0.661426
4.052827,-8.876041,-0.661386
4.052842,-8.876040,-0.661346
4.052857,-8.876038,-0.661306
4.052872,-8.876037,-0.661266
4.052887,-8.876035,-0.661227
4.052901,-8.876034,-0.661187
4.052916,-8.876032,-0.661148
4.052930,-8.876031,-0.661109
4.052944,-8.876029,-0.661071
4.052959,-8.876028,-0.661032
4.052973,-8.876027,-0.660994
4.052987,-8.876025,-0.660956
4.053001,-8.876024,-0.660918
4.053015,-8.876022,-0.660881
4.053029,-8.876021,-0.660843
4.053043,-8.876020,-0.660806
4.053056,-8.876018,-0.660769
4.053070,-8.876017,-0.660732
4.053084,-8.876015,-0.660696
4.053097,-8.876014,-0.660659
4.053111,-8.876013,-0.660623
4.053124,-8.876011,-0.660587
4.053137,-8.876010,-0.660551
4.053151,-8.876009,-0.660515
4.053164,-8.876007,-0.660480
4.053177,-8.876006,-0.660444
4.053190,-8.876005,-0.660409
4.053203,-8.876003,-0.660374
4.053216,-8.876002,-0.660340
4.053229,-8.876001,-0.660305
4.053242,-8.875999,-0.660271
4.053254,-8.875998,-0.660236
4.053267,-8.875997,-0.660202
4.053279,-8.875996,-0.660169
4.053292,-8.875994,-0.660135
4.053304,-8.875993,-0.660101
4.053317,-8.875992,-0.660068
4.053329,-8.875991,-0.660035
4.053341,-8.875989,-0.660002
4.053353,-8.875988,-0.659969
4.053366,-8.875987,-0.659936
4.053378,-8.875986,-0.659904
4.053390,-8.875985,-0.659872
4.053402,-8.875983,-0.659840
4.053413,-8.875982,-0.659808
4.053425,-8.875981,-0.659776
4.053437,-8.875980,-0.659744
4.053449,-8.875979,-0.659713
4.053460,-8.875977,-0.659681
4.053472,-8.875976,-0.659650
4.053483,-8.875975,-0.659619
4.053495,-8.875974,-0.659589
4.053506,-8.875973,-0.659558
4.053517,-8.875972,-0.659527
4.053529,-8.875970,-0.659497
4.053540,-8.875969,-0.659467
4.053551,-8.875968,-0.659437
4.053562,-8.875967,-0.659407
4.053573,-8.875966,-0.659377
4.053584,-8.875965,-0.659348
4.053595,-8.875964,-0.659319
4.053606,-8.875963,-0.659289
4.053617,-8.875962,-0.659260
4.053627,-8.875960,-0.659231
4.053638,-8.875959,-0.659203
4.053649,-8.875958,-0.659174
4.053659,-8.875957,-0.659146
4.053670,-8.875956,-0.659117
4.053680,-8.875955,-0.659089
4.053691,-8.875954,-0.659061
4.053701,-8.875953,-0.659033
4.053711,-8.875952,-0.659005
4.053722,-8.875951,-0.658978
4.053732,-8.875950,-0.658950
4.053742,-8.875949,-0.658923
4.053752,-8.875948,-0.658896
4.053762,-8.875947,-0.658869
4.053772,-8.875946,-0.658842
4.053782,-8.875945,-0.658815
4.053792,-8.875944,-0.658789
4.053802,-8.875943,-0.658762
4.053811,-8.875942,-0.658736
4.053821,-8.875941,-0.658710
4.053831,-8.875940,-0.658684
4.053840,-8.875939,-0.658658
4.053850,-8.875938,-0.658632
4.053859,-8.875937,-0.658607
4.053869,-8.875936,-0.658581
4.053878,-8.875935,-0.658556
4.053888,-8.875934,-0.658531
4.053897,-8.875933,-0.658506
4.053906,-8.875932,-0.658481
4.053915,-8.875931,-0.658456
4.053925,-8.875930,-0.658431
4.053934,-8.875929,-0.658407
4.053943,-8.875928,-0.658382
4.053952,-8.875928,-0.658358
4.053961,-8.875927,-0.658334
4.053970,-8.875926,-0.658310
4.053979,-8.875925,-0.658286
4.053987,-8.875924,-0.658262
4.053996,-8.875923,-0.658238
4.054005,-8.875922,-0.658215
4.054014,-8.875921,-0.658191
4.054022,-8.875920,-0.658168
4.054031,-8.875920,-0.658145
4.054039,-8.875919,-0.658122
4.054048,-8.875918,-0.658099
4.054056,-8.875917,-0.658076
4.054065,-8.875916,-0.658053
4.054073,-8.875915,-0.658031
4.054082,-8.875914,-0.658008
4.054090,-8.875914,-0.657986
4.054098,-8.875913,-0.657964
4.054106,-8.875912,-0.657941
4.054115,-8.875911,-0.657920
4.054123,-8.875910,-0.657898
4.054131,-8.875909,-0.657876
4.054139,-8.875909,-0.657854
4.054147,-8.875908,-0.657833
4.054155,-8.875907,-0.657811
4.054163,-8.875906,-0.657790
4.054170,-8.875905,-0.657769
4.054178,-8.875905,-0.657748
4.054186,-8.875904,-0.657727
4.054194,-8.875903,-0.657706
4.054202,-8.875902,-0.657685
4.054209,-8.875901,-0.657664
4.054217,-8.875901,-0.657644
4.054224,-8.875900,-0.657623
4.054232,-8.875899,-0.657603
4.054239,-8.875898,-0.657583
4.054247,-8.875898,-0.657563
4.054254,-8.875897,-0.657543
4.054262,-8.875896,-0.657523
4.054269,-8.875895,-0.657503
4.054276,-8.875895,-0.657483
4.054284,-8.875894,-0.657464
4.054291,-8.875893,-0.657444
4.054298,-8.875892,-0.657425
4.054305,-8.875892,-0.657406
4.054312,-8.875891,-0.657387
4.054319,-8.875890,-0.657367
4.054327,-8.875889,-0.657349
4.054334,-8.875889,-0.657330
4.054341,-8.875888,-0.657311
4.054347,-8.875887,-0.657292
4.054354,-8.875887,-0.657274
4.054361,-8.875886,-0.657255
4.054368,-8.875885,-0.657237
4.054375,-8.875884,-0.657218
4.054382,-8.875884,-0.657200
4.054388,-8.875883,-0.657182
4.054395,-8.875882,-0.657164
4.054402,-8.875882,-0.657146
4.054408,-8.875881,-0.657128
4.054415,-8.875880,-0.657111
4.054421,-8.875880,-0.657093
4.054428,-8.875879,-0.657076
4.054434,-8.875878,-0.657058
4.054441,-8.875878,-0.657041
4.054447,-8.875877,-0.657023
4.054454,-8.875876,-0.657006
4.054460,-8.875876,-0.656989
4.054466,-8.875875,-0.656972
4.054473,-8.875874,-0.656955
4.054479,-8.875874,-0.656939
4.054485,-8.875873,-0.656922
4.054491,-8.875873,-0.656905
4.054497,-8.875872,-0.656889
4.054503,-8.875871,-0.656872
4.054509,-8.875871,-0.656856
4.054516,-8.875870,-0.656839
4.054522,-8.875869,-0.656823
4.054528,-8.875869,-0.656807
4.054533,-8.875868,-0.656791
4.054539,-8.875868,-0.656775
4.054545,-8.875867,-0.656759
4.054551,-8.875866,-0.656744
4.054557,-8.875866,-0.656728
4.054563,-8.875865,-0.656712
4.054569,-8.875865,-0.656697
4.054574,-8.875864,-0.656681
4.054580,-8.875864,-0.656666
4.054586,-8.875863,-0.656651
4.054591,-8.875862,-0.656635
4.054597,-8.875862,-0.656620
4.054603,-8.875861,-0.656605
4.054608,-8.875861,-0.656590
4.054614,-8.875860,-0.656575
4.054619,-8.875860,-0.656560
4.054625,-8.875859,-0.656546
4.054630,-8.875858,-0.656531
4.054635,-8.875858,-0.656516
4.054641,-8.875857,-0.656502
4.054646,-8.875857,-0.656488
4.054652,-8.875856,-0.656473
4.054657,-8.875856,-0.656459
4.054662,-8.875855,-0.656445
4.054667,-8.875855,-0.656431
4.054673,-8.875854,-0.656416
4.054678,-8.875854,-0.656402
4.054683,-8.875853,-0.656389
4.054688,-8.875852,-0.656375
4.054693,-8.875852,-0.656361
4.054698,-8.875851,-0.656347
4.054703,-8.875851,-0.656334
4.054708,-8.875850,-0.656320
4.054713,-8.875850,-0.656307
4.054718,-8.875849,-0.656293
4.054723,-8.875849,-0.656280
4.054728,-8.875848,-0.656267
4.054733,-8.875848,-0.656253
4.054738,-8.875847,-0.656240
4.054743,-8.875847,-0.656227
4.054748,-8.875846,-0.656214
4.054752,-8.875846,-0.656201
4.054757,-8.875845,-0.656188
4.054762,-8.875845,-0.656176
4.054767,-8.875844,-0.656163
4.054771,-8.875844,-0.656150
4.054776,-8.875843,-0.656138
4.054781,-8.875843,-0.656125
4.054785,-8.875842,-0.656113
4.054790,-8.875842,-0.656100
4.054795,-8.875842,-0.656088
4.054799,-8.875841,-0.656076
4.054804,-8.875841,-0.656064
4.054808,-8.875840,-0.656051
4.054813,-8.875840,-0.656039
4.054817,-8.875839,-0.656027
4.054821,-8.875839,-0.656015
4.054826,-8.875838,-0.656004
4.054830,-8.875838,-0.655992
4.054835,-8.875837,-0.655980
4.054839,-8.875837,-0.655968
4.054843,-8.875837,-0.655957
4.054848,-8.875836,-0.655945
4.054852,-8.875836,-0.655934
4.054856,-8.875835,-0.655922
4.054860,-8.875835,-0.655911
4.054865,-8.875834,-0.655899
4.054869,-8.875834,-0.655888
4.054873,-8.875834,-0.655877
4.054877,-8.875833,-0.655866
4.054881,-8.875833,-0.655855
4.054885,-8.875832,-0.655844
4.054889,-8.875832,-0.655833
4.054893,-8.875831,-0.655822
4.054897,-8.875831,-0.655811
4.054901,-8.875831,-0.655800
4.054905,-8.875830,-0.655789
4.054909,-8.875830,-0.655779
4.054913,-8.875829,-0.655768
4.054917,-8.875829,-0.655757
4.054921,-8.875829,-0.655747
4.054925,-8.875828,-0.655736
4.054929,-8.875828,-0.655726
4.054933,-8.875827,-0.655716
4.054937,-8.875827,-0.655705
4.054940,-8.875827,-0.655695
4.054944,-8.875826,-0.655685
4.054948,-8.875826,-0.655675
4.054952,-8.875825,-0.655665
4.054955,-8.875825,-0.655655
4.054959,-8.875825,-0.655645
4.054963,-8.875824,-0.655635
4.054967,-8.875824,-0.655625
4.054970,-8.875824,-0.655615
4.054974,-8.875823,-0.655605
4.054977,-8.875823,-0.655595
4.054981,-8.875822,-0.655586
4.054985,-8.875822,-0.655576
4.054988,-8.875822,-0.655567
4.054992,-8.875821,-0.655557
4.054995,-8.875821,-0.655548
4.054999,-8.875821,-0.655538
4.055002,-8.875820,-0.655529
4.055006,-8.875820,-0.655520
4.055009,-8.875820,-0.655510
4.055012,-8.875819,-0.655501
4.055016,-8.875819,-0.655492
4.055019,-8.875819,-0.655483
4.055023,-8.875818,-0.655474
4.055026,-8.875818,-0.655465
4.055029,-8.875817,-0.655456
4.055033,-8.875817,-0.655447
4.055036,-8.875817,-0.655438
4.055039,-8.875816,-0.655429
4.055043,-8.875816,-0.655420
4.055046,-8.875816,-0.655411
4.055049,-8.875815,-0.655403
4.055052,-8.875815,-0.655394
4.055055,-8.875815,-0.655385
4.055059,-8.875814,-0.655377
4.055062,-8.875814,-0.655368
4.055065,-8.875814,-0.655360
4.055068,-8.875813,-0.655351
4.055071,-8.875813,-0.655343
4.055074,-8.875813,-0.655335
4.055077,-8.875813,-0.655326
4.055080,-8.875812,-0.655318
4.055083,-8.875812,-0.655310
4.055087,-8.875812,-0.655302
4.055090,-8.875811,-0.655294
4.055093,-8.875811,-0.655285
4.055096,-8.875811,-0.655277
4.055098,-8.875810,-0.655269
4.055101,-8.875810,-0.655261
4.055104,-8.875810,-0.655253
4.055107,-8.875809,-0.655246
4.055110,-8.875809,-0.655238
4.055113,-8.875809,-0.655230
4.055116,-8.875809,-0.655222
4.055119,-8.875808,-0.655215
4.055122,-8.875808,-0.655207
4.055125,-8.875808,-0.655199
4.055127,-8.875807,-0.655192
4.055130,-8.875807,-0.655184
4.055133,-8.875807,-0.655177
4.055136,-8.875807,-0.655169
4.055138,-8.875806,-0.655162
4.055141,-8.875806,-0.655154
4.055144,-8.875806,-0.655147
4.055147,-8.875805,-0.655140
4.055149,-8.875805,-0.655132
4.055152,-8.875805,-0.655125
4.055155,-8.875805,-0.655118
4.055157,-8.875804,-0.655111
4.055160,-8.875804,-0.655104
4.055163,-8.875804,-0.655096
4.055165,-8.875804,-0.655089
4.055168,-8.875803,-0.655082
4.055171,-8.875803,-0.655075
4.055173,-8.875803,-0.655068
4.055176,-8.875802,-0.655062
4.055178,-8.875802,-0.655055
4.055181,-8.875802,-0.655048
4.055183,-8.875802,-0.655041
4.055186,-8.875801,-0.655034
4.055188,-8.875801,-0.655028
4.055191,-8.875801,-0.655021
4.055193,-8.875801,-0.655014
4.055196,-8.875800,-0.655008
4.055198,-8.875800,-0.655001
4.055201,-8.875800,-0.654994
4.055203,-8.875800,-0.654988
4.055205,-8.875799,-0.654981
4.055208,-8.875799,-0.654975
4.055210,-8.875799,-0.654969
4.055213,-8.875799,-0.654962
4.055215,-8.875798,-0.654956
4.055217,-8.875798,-0.654949
4.055220,-8.875798,-0.654943
4.055222,-8.875798,-0.654937
4.055224,-8.875797,-0.654931
4.055227,-8.875797,-0.654925
4.055229,-8.875797,-0.654918
4.055231,-8.875797,-0.654912
4.055233,-8.875797,-0.654906
4.055236,-8.875796,-0.654900
4.055238,-8.875796,-0.654894
4.055240,-8.875796,-0.654888
4.055242,-8.875796,-0.654882
4.055244,-8.875795,-0.654876
4.055247,-8.875795,-0.654870
4.055249,-8.875795,-0.654864
4.055251,-8.875795,-0.654859
4.055253,-8.875794,-0.654853
4.055255,-8.875794,-0.654847
4.055257,-8.875794,-0.654841
4.055260,-8.875794,-0.654836
4.055262,-8.875794,-0.654830
4.055264,-8.875793,-0.654824
4.055266,-8.875793,-0.654819
4.055268,-8.875793,-0.654813
4.055270,-8.875793,-0.654807
4.055272,-8.875793,-0.654802
4.055274,-8.875792,-0.654796
4.055276,-8.875792,-0.654791
4.055278,-8.875792,-0.654785
4.055280,-8.875792,-0.654780
4.055282,-8.875791,-0.654775
4.055284,-8.875791,-0.654769
4.055286,-8.875791,-0.654764
4.055288,-8.875791,-0.654759
4.055290,-8.875791,-0.654753
4.055292,-8.875790,-0.654748
4.055294,-8.875790,-0.654743
4.055296,-8.875790,-0.654738
4.055298,-8.875790,-0.654733
4.055300,-8.875790,-0.654727
4.055302,-8.875789,-0.654722
4.055304,-8.875789,-0.654717
4.055305,-8.875789,-0.654712
4.055307,-8.875789,-0.654707
4.055309,-8.875789,-0.654702
4.055311,-8.875789,-0.654697
4.055313,-8.875788,-0.654692
4.055315,-8.875788,-0.654687
4.055316,-8.875788,-0.654682
4.055318,-8.875788,-0.654677
4.055320,-8.875788,-0.654673
4.055322,-8.875787,-0.654668
4.055324,-8.875787,-0.654663
4.055325,-8.875787,-0.654658
4.055327,-8.875787,-0.654653
4.055329,-8.875787,-0.654649
4.055331,-8.875786,-0.654644
4.055332,-8.875786,-0.654639
4.055334,-8.875786,-0.654635
4.055336,-8.875786,-0.654630
4.055338,-8.875786,-0.654625
4.055339,-8.875786,-0.654621
4.055341,-8.875785,-0.654616
4.055343,-8.875785,-0.654612
4.055344,-8.875785,-0.654607
4.055346,-8.875785,-0.654603
4.055348,-8.875785,-0.654598
4.055349,-8.875785,-0.654594
4.055351,-8.875784,-0.654589
4.055353,-8.875784,-0.654585
4.055354,-8.875784,-0.654581
4.055356,-8.875784,-0.654576
4.055357,-8.875784,-0.654572
4.055359,-8.875784,-0.654568
4.055361,-8.875783,-0.654563
4.055362,-8.875783,-0.654559
4.055364,-8.875783,-0.654555
4.055365,-8.875783,-0.654551
4.055367,-8.875783,-0.654546
4.055368,-8.875783,-0.654542
4.055370,-8.875782,-0.654538
4.055372,-8.875782,-0.654534
4.055373,-8.875782,-0.654530
4.055375,-8.875782,-0.654526
4.055376,-8.875782,-0.654522
4.055378,-8.875782,-0.654518
4.055379,-8.875782,-0.654514
4.055381,-8.875781,-0.654510
4.055382,-8.875781,-0.654506
4.055383,-8.875781,-0.654502
4.055385,-8.875781,-0.654498
4.055386,-8.875781,-0.654494
4.055388,-8.875781,-0.654490
4.055389,-8.875780,-0.654486
4.055391,-8.875780,-0.654482
4.055392,-8.875780,-0.654479
4.055394,-8.875780,-0.654475
4.055395,-8.875780,-0.654471
4.055396,-8.875780,-0.654467
4.055398,-8.875780,-0.654463
4.055399,-8.875779,-0.654460
4.055400,-8.875779,-0.654456
4.055402,-8.875779,-0.654452
4.055403,-8.875779,-0.654449
4.055405,-8.875779,-0.654445
4.055406,-8.875779,-0.654441
4.055407,-8.875779,-0.654438
4.055409,-8.875778,-0.654434
4.055410,-8.875778,-0.654431
4.055411,-8.875778,-0.654427
4.055413,-8.875778,-0.654423
4.055414,-8.875778,-0.654420
4.055415,-8.875778,-0.654416
4.055416,-8.875778,-0.654413
4.055418,-8.875778,-0.654409
4.055419,-8.875777,-0.654406
4.055420,-8.875777,-0.654403
4.055422,-8.875777,-0.654399
4.055423,-8.875777,-0.654396
4.055424,-8.875777,-0.654392
4.055425,-8.875777,-0.654389
4.055427,-8.875777,-0.654386
4.055428,-8.875776,-0.654382
4.055429,-8.875776,-0.654379
4.055430,-8.875776,-0.654376
4.055431,-8.875776,-0.654372
4.055433,-8.875776,-0.654369
4.058951,-8.883242,-0.657638
4.063659,-8.889316,-0.659518
4.069496,-8.894163,-0.660104
4.076360,-8.897911,-0.659521
4.084154,-8.900675,-0.657885
4.092791,-8.902555,-0.655299
4.102190,-8.903639,-0.651856
4.112277,-8.904006,-0.647643
4.122984,-8.903726,-0.642736
4.134251,-8.902860,-0.637205
4.146020,-8.901463,-0.631114
4.158241,-8.899585,-0.624520
4.170867,-8.897269,-0.617475
4.183858,-8.894554,-0.610025
4.197175,-8.891477,-0.602212
4.210784,-8.888068,-0.594075
4.224654,-8.884355,-0.585647
4.238757,-8.880365,-0.576958
4.253068,-8.876119,-0.568038
4.267565,-8.871640,-0.558911
4.282227,-8.866945,-0.549599
4.297035,-8.862050,-0.540123
4.311974,-8.856972,-0.530501
4.327029,-8.851724,-0.520749
4.342185,-8.846318,-0.510882
4.357432,-8.840766,-0.500913
4.372758,-8.835077,-0.490855
4.388154,-8.829260,-0.480718
4.403611,-8.823324,-0.470512
4.419121,-8.817276,-0.460246
4.434677,-8.811124,-0.449927
4.450274,-8.804872,-0.439562
4.465905,-8.798527,-0.429158
4.481565,-8.792094,-0.418721
4.497249,-8.785577,-0.408255
4.512955,-8.778980,-0.397765
4.528677,-8.772307,-0.387256
4.544413,-8.765562,-0.376731
4.560160,-8.758747,-0.366194
4.575915,-8.751865,-0.355648
4.591676,-8.744919,-0.345095
4.607441,-8.737911,-0.334537
4.623207,-8.730844,-0.323978
4.638973,-8.723718,-0.313419
4.654738,-8.716536,-0.302862
4.670499,-8.709300,-0.292309
4.686257,-8.702010,-0.281760
4.702009,-8.694668,-0.271219
4.717755,-8.687276,-0.260684
4.733494,-8.679833,-0.250159
4.749225,-8.672342,-0.239643
4.764947,-8.664803,-0.229139
4.780659,-8.657217,-0.218645
4.796362,-8.649585,-0.208164
4.812054,-8.641907,-0.197696
4.827734,-8.634183,-0.187242
4.843404,-8.626416,-0.176802
4.859061,-8.618604,-0.166376
4.874706,-8.610749,-0.155966
4.890339,-8.602851,-0.145572
4.905958,-8.594910,-0.135193
4.921565,-8.586927,-0.124831
4.937158,-8.578901,-0.114486
4.952737,-8.570834,-0.104158
4.968302,-8.562726,-0.093848
4.983854,-8.554577,-0.083555
4.999391,-8.546386,-0.073280
5.014913,-8.538155,-0.063023
5.030421,-8.529884,-0.052785
5.045915,-8.521572,-0.042566
5.061393,-8.513220,-0.032365
5.076857,-8.504829,-0.022184
5.092305,-8.496397,-0.012022
5.107738,-8.487926,-0.001879
5.123156,-8.479416,0.008244
5.138558,-8.470866,0.018347
5.153945,-8.462278,0.028430
5.169317,-8.453650,0.038493
5.184673,-8.444983,0.048536
5.200013,-8.436278,0.058558
5.215337,-8.427533,0.068560
5.230645,-8.418751,0.078541
5.245938,-8.409930,0.088501
5.261214,-8.401070,0.098440
5.276474,-8.392172,0.108358
5.291718,-8.383236,0.118255
5.306946,-8.374262,0.128131
5.322158,-8.365250,0.137985
5.337353,-8.356200,0.147818
5.352532,-8.347112,0.157628
5.367694,-8.337986,0.167418
5.382840,-8.328823,0.177185
5.397970,-8.319622,0.186930
5.413082,-8.310384,0.196653
5.428178,-8.301108,0.206353
5.443258,-8.291795,0.216032
5.458320,-8.282444,0.225688
5.473366,-8.273057,0.235321
5.488395,-8.263632,0.244932
5.503407,-8.254170,0.254519
5.518402,-8.244672,0.264084
5.533379,-8.235136,0.273626
5.548340,-8.225564,0.283145
5.563284,-8.215955,0.292641
5.578210,-8.206309,0.302113
5.593119,-8.196626,0.311562
5.608011,-8.186908,0.320987
5.622886,-8.177152,0.330389
5.637743,-8.167361,0.339767
5.652583,-8.157533,0.349121
5.667405,-8.147669,0.358452
5.682210,-8.137769,0.367758
5.696997,-8.127833,0.377040
5.711767,-8.117860,0.386298
5.726519,-8.107852,0.395532
5.741253,-8.097808,0.404741
5.755969,-8.087729,0.413926
5.770668,-8.077613,0.423086
5.785349,-8.067463,0.432221
5.800012,-8.057276,0.441332
5.814656,-8.047054,0.450417
5.829283,-8.036797,0.459478
5.843892,-8.026505,0.468513
5.858483,-8.016177,0.477524
5.873055,-8.005814,0.486509
5.887610,-7.995416,0.495469
5.902146,-7.984984,0.504403
5.916664,-7.974516,0.513311
5.931163,-7.964013,0.522194
5.945644,-7.953476,0.531051
5.960107,-7.942904,0.539883
5.974551,-7.932298,0.548688
5.988977,-7.921657,0.557467
6.003384,-7.910982,0.566220
6.017773,-7.900272,0.574947
6.032143,-7.889528,0.583648
6.046494,-7.878750,0.592322
6.060826,-7.867938,0.600970
6.075140,-7.857092,0.609591
6.089435,-7.846212,0.618185
6.103711,-7.835298,0.626752
6.117968,-7.824350,0.635293
6.132206,-7.813369,0.643806
6.146425,-7.802354,0.652293
6.160625,-7.791305,0.660752
6.174805,-7.780224,0.669184
6.188967,-7.769108,0.677589
6.203109,-7.757960,0.685966
6.217232,-7.746778,0.694316
6.231336,-7.735564,0.702638
6.245421,-7.724316,0.710933
6.259486,-7.713035,0.719199
6.273532,-7.701722,0.727438
6.287558,-7.690376,0.735649
6.301565,-7.678997,0.743831
6.315552,-7.667585,0.751986
6.329519,-7.656141,0.760112
6.343467,-7.644665,0.768210
6.357395,-7.633156,0.776280
6.371303,-7.621616,0.784321
6.385192,-7.610043,0.792333
6.399061,-7.598438,0.800317
6.412910,-7.586801,0.808272
6.426739,-7.575132,0.816198
6.440548,-7.563431,0.824095
6.454336,-7.551699,0.831963
6.468105,-7.539935,0.839802
6.481854,-7.528139,0.847612
6.495583,-7.516312,0.855392
6.509291,-7.504454,0.863144
6.522979,-7.492564,0.870865
6.536647,-7.480644,0.878557
6.550295,-7.468692,0.886220
6.563922,-7.456709,0.893853
6.577529,-7.444696,0.901456
6.591115,-7.432651,0.909029
6.604681,-7.420576,0.916572
6.618226,-7.408470,0.924085
6.631751,-7.396334,0.931568
6.645255,-7.384168,0.939021
6.658738,-7.371971,0.946444
6.672201,-7.359743,0.953836
6.685643,-7.347486,0.961198
6.699064,-7.335198,0.968529
6.712464,-7.322881,0.975829
6.725844,-7.310534,0.983099
6.739202,-7.298157,0.990338
6.752539,-7.285750,0.997546
6.765856,-7.273314,1.004724
6.779151,-7.260848,1.011870
6.792425,-7.248353,1.018985
6.805679,-7.235828,1.026069
6.818910,-7.223274,1.033122
6.832121,-7.210691,1.040143
6.845310,-7.198080,1.047133
6.858479,-7.185439,1.054092
6.871625,-7.172769,1.061019
6.884751,-7.160071,1.067914
6.897854,-7.147344,1.074778
6.910937,-7.134588,1.081610
6.923998,-7.121805,1.088409
6.937037,-7.108992,1.095177
6.950054,-7.096152,1.101913
6.963050,-7.083283,1.108617
6.976025,-7.070387,1.115289
6.988977,-7.057462,1.121928
7.001908,-7.044509,1.128535
7.014817,-7.031529,1.135110
7.027704,-7.018521,1.141652
7.040569,-7.005486,1.148162
7.053412,-6.992423,1.154639
7.066233,-6.979333,1.161083
7.079032,-6.966215,1.167495
7.091809,-6.953071,1.173874
7.104564,-6.939899,1.180220
7.117297,-6.926701,1.186532
7.130008,-6.913475,1.192812
7.142696,-6.900223,1.199059
7.155362,-6.886944,1.205272
7.168006,-6.873639,1.211453
7.180627,-6.860307,1.217599
7.193226,-6.846949,1.223713
7.205803,-6.833564,1.229793
7.218357,-6.820154,1.235839
7.230888,-6.806717,1.241852
7.243397,-6.793255,1.247831
7.255884,-6.779766,1.253776
7.268348,-6.766252,1.259688
7.280789,-6.752713,1.265565
7.293207,-6.739148,1.271409
7.305602,-6.725557,1.277219
7.317975,-6.711941,1.282994
7.330325,-6.698300,1.288736
7.342652,-6.684634,1.294443
7.354956,-6.670942,1.300115
7.367237,-6.657226,1.305754
7.379495,-6.643486,1.311358
7.391730,-6.629720,1.316927
7.403942,-6.615930,1.322462
7.416131,-6.602115,1.327963
7.428297,-6.588276,1.333428
7.440439,-6.574413,1.338859
7.452558,-6.560526,1.344255
7.464654,-6.546614,1.349616
7.476727,-6.532679,1.354942
7.488776,-6.518720,1.360234
7.500802,-6.504737,1.365490
7.512804,-6.490730,1.370711
7.524783,-6.476700,1.375897
7.536739,-6.462647,1.381047
7.548671,-6.448570,1.386162
7.560579,-6.434470,1.391242
7.572463,-6.420347,1.396287
7.584324,-6.406201,1.401295
7.596162,-6.392032,1.406269
7.607975,-6.377841,1.411206
7.619765,-6.363626,1.416108
7.631531,-6.349390,1.420975
7.643273,-6.335130,1.425805
7.654991,-6.320849,1.430600
7.666685,-6.306545,1.435358
7.678355,-6.292219,1.440081
7.690001,-6.277872,1.444768
7.701624,-6.263502,1.449418
7.713222,-6.249110,1.454033
7.724796,-6.234697,1.458611
7.736345,-6.220263,1.463153
7.747871,-6.205807,1.467659
7.759372,-6.191329,1.472128
7.770849,-6.176830,1.476561
7.782302,-6.162311,1.480957
7.793730,-6.147770,1.485317
7.805134,-6.133208,1.489640
7.816514,-6.118626,1.493927
7.827869,-6.104023,1.498177
7.839200,-6.089399,1.502390
7.850506,-6.074755,1.506566
7.861787,-6.060091,1.510706
7.873044,-6.045406,1.514808
7.884277,-6.030702,1.518874
7.895484,-6.015977,1.522902
7.906667,-6.001233,1.526894
7.917825,-5.986468,1.530848
7.928958,-5.971685,1.534766
7.940067,-5.956881,1.538646
7.951150,-5.942058,1.542488
7.962209,-5.927216,1.546294
7.973243,-5.912355,1.550062
7.984252,-5.897474,1.553792
7.995236,-5.882575,1.557485
8.006194,-5.867657,1.561141
8.017128,-5.852720,1.564759
8.028037,-5.837764,1.568340
8.038920,-5.822790,1.571882
8.049778,-5.807798,1.575388
8.060611,-5.792787,1.578855
8.071419,-5.777758,1.582284
8.082202,-5.762712,1.585676
8.092959,-5.747647,1.589030
8.103691,-5.732564,1.592346
8.114397,-5.717464,1.595624
8.125078,-5.702346,1.598864
8.135734,-5.687210,1.602065
8.146364,-5.672058,1.605229
8.156968,-5.656888,1.608355
8.167547,-5.641701,1.611442
8.178100,-5.626497,1.614491
8.188628,-5.611276,1.617502
8.199130,-5.596038,1.620474
8.209606,-5.580784,1.623408
8.220057,-5.565513,1.626304
8.230482,-5.550226,1.629161
8.240881,-5.534922,1.631980
8.251254,-5.519602,1.634760
8.261601,-5.504267,1.637502
8.271923,-5.488915,1.640205
8.282218,-5.473547,1.642869
8.292488,-5.458164,1.645494
8.302731,-5.442765,1.648081
8.312949,-5.427351,1.650630
8.323140,-5.411921,1.653139
8.333305,-5.396476,1.655609
8.343444,-5.381016,1.658041
8.353557,-5.365541,1.660433
8.363644,-5.350051,1.662787
8.373704,-5.334547,1.665102
8.383739,-5.319027,1.667378
8.393747,-5.303493,1.669614
8.403728,-5.287945,1.671812
8.413683,-5.272383,1.673970
8.423612,-5.256806,1.676089
8.433515,-5.241215,1.678169
8.443391,-5.225611,1.680210
8.453240,-5.209992,1.682211
8.463063,-5.194360,1.684173
8.472859,-5.178715,1.686096
8.482629,-5.163056,1.687979
8.492372,-5.147383,1.689823
8.502089,-5.131698,1.691628
8.511778,-5.115999,1.693393
8.521441,-5.100287,1.695119
8.531078,-5.084563,1.696805
8.540687,-5.068826,1.698451
8.550270,-5.053076,1.700058
8.559826,-5.037313,1.701625
8.569355,-5.021539,1.703153
8.578857,-5.005752,1.704641
8.588332,-4.989953,1.706089
8.597780,-4.974142,1.707498
8.607201,-4.958319,1.708866
8.616595,-4.942484,1.710195
8.625962,-4.926638,1.711484
8.635302,-4.910780,1.712733
8.644615,-4.894911,1.713943
8.653901,-4.879031,1.715112
8.663159,-4.863139,1.716242
8.672391,-4.847237,1.717331
8.681595,-4.831323,1.718381
8.690772,-4.815399,1.719390
8.699921,-4.799464,1.720360
8.709043,-4.783519,1.721289
8.718138,-4.767563,1.722179
8.727205,-4.751597,1.723028
8.736245,-4.735620,1.723837
8.745258,-4.719634,1.724606
8.754243,-4.703638,1.725335
8.763201,-4.687632,1.726024
8.772131,-4.671616,1.726672
8.781033,-4.655591,1.727281
8.789908,-4.639556,1.727849
8.798755,-4.623512,1.728376
8.807575,-4.607459,1.728864
8.816366,-4.591397,1.729311
8.825131,-4.575326,1.729718
8.833867,-4.559246,1.730084
8.842576,-4.543157,1.730410
8.851257,-4.527060,1.730696
8.859910,-4.510954,1.730941
8.868535,-4.494840,1.731146
8.877132,-4.478718,1.731310
8.885701,-4.462587,1.731434
8.894243,-4.446449,1.731517
8.902756,-4.430303,1.731560
8.911242,-4.414149,1.731563
8.919699,-4.397988,1.731524
8.928129,-4.381819,1.731446
8.936530,-4.365643,1.731327
8.944903,-4.349460,1.731167
8.953248,-4.333269,1.730966
8.961565,-4.317072,1.730725
8.969854,-4.300867,1.730444
8.978114,-4.284657,1.730122
8.986347,-4.268439,1.729759
8.994551,-4.252215,1.729355
9.002726,-4.235985,1.728911
9.010874,-4.219748,1.728426
9.018993,-4.203505,1.727901
9.027084,-4.187257,1.727334
9.035146,-4.171002,1.726728
9.043180,-4.154742,1.726080
9.051185,-4.138476,1.725392
9.059162,-4.122205,1.724662
9.067110,-4.105929,1.723893
9.075030,-4.089647,1.723082
9.082922,-4.073360,1.722231
9.090784,-4.057068,1.721339
9.098619,-4.040771,1.720406
9.106424,-4.024470,1.719432
9.114201,-4.008164,1.718417
9.121949,-3.991853,1.717362
9.129669,-3.975539,1.716266
9.137359,-3.959219,1.715129
9.145021,-3.942896,1.713952
9.152654,-3.926569,1.712733
9.160259,-3.910238,1.711474
9.167834,-3.893903,1.710173
9.175381,-3.877565,1.708832
9.182899,-3.861223,1.707451
9.190388,-3.844878,1.706028
9.197847,-3.828530,1.704564
9.205278,-3.812178,1.703060
9.212680,-3.795824,1.701515
9.220053,-3.779466,1.699929
9.227397,-3.763106,1.698302
9.234712,-3.746744,1.696634
9.241998,-3.730379,1.694926
9.249255,-3.714011,1.693176
9.256482,-3.697642,1.691386
9.263681,-3.681270,1.689555
9.270850,-3.664896,1.687683
9.277990,-3.648520,1.685770
9.285101,-3.632143,1.683816
9.292182,-3.615764,1.681821
9.299235,-3.599384,1.679786
9.306258,-3.583002,1.677710
9.313252,-3.566619,1.675593
9.320216,-3.550235,1.673435
9.327151,-3.533850,1.671236
9.334057,-3.517464,1.668997
9.340933,-3.501077,1.666716
9.347780,-3.484690,1.664395
9.354597,-3.468302,1.662033
9.361385,-3.451914,1.659630
9.368143,-3.435525,1.657186
9.374872,-3.419137,1.654702
9.381572,-3.402749,1.652177
9.388241,-3.386360,1.649611
9.394882,-3.369972,1.647004
9.401492,-3.353585,1.644357
9.408073,-3.337198,1.641668
9.414624,-3.320811,1.638939
9.421146,-3.304425,1.636170
9.427638,-3.288041,1.633359
9.434100,-3.271657,1.630508
9.440533,-3.255274,1.627616
9.446936,-3.238893,1.624683
9.453309,-3.222513,1.621710
9.459652,-3.206134,1.618696
9.465965,-3.189758,1.615641
9.472249,-3.173383,1.612546
9.478502,-3.157009,1.609410
9.484726,-3.140638,1.606233
9.490920,-3.124269,1.603016
9.497084,-3.107902,1.599758
9.503218,-3.091538,1.596460
9.509322,-3.075176,1.593121
9.515396,-3.058817,1.589741
9.521440,-3.042461,1.586321
9.527454,-3.026107,1.582861
9.533438,-3.009756,1.579359
9.539392,-2.993409,1.575818
9.545316,-2.977065,1.572236
9.551210,-2.960724,1.568613
9.557074,-2.944387,1.564950
9.562907,-2.928053,1.561246
9.568711,-2.911723,1.557503
9.574484,-2.895397,1.553718
9.580227,-2.879075,1.549893
9.585940,-2.862757,1.546028
9.591622,-2.846443,1.542123
9.597275,-2.830134,1.538177
9.602897,-2.813829,1.534191
9.608489,-2.797529,1.530165
9.614050,-2.781234,1.526098
9.619581,-2.764943,1.521991
9.625082,-2.748657,1.517844
9.630553,-2.732377,1.513657
9.635993,-2.716102,1.509430
9.641402,-2.699832,1.505162
9.646782,-2.683567,1.500854
9.652130,-2.667309,1.496506
9.657449,-2.651055,1.492118
9.662737,-2.634808,1.487690
9.667994,-2.618567,1.483222
9.673221,-2.602332,1.478714
9.678418,-2.586103,1.474166
9.683583,-2.569880,1.469578
9.688719,-2.553664,1.464950
9.693823,-2.537454,1.460282
9.698898,-2.521252,1.455574
9.703941,-2.505056,1.450827
9.708954,-2.488866,1.446039
9.713936,-2.472684,1.441212
9.718888,-2.456510,1.436345
9.723809,-2.440342,1.431438
9.728699,-2.424182,1.426491
9.733559,-2.408030,1.421505
9.738388,-2.391885,1.416479
9.743186,-2.375748,1.411414
9.747954,-2.359619,1.406308
9.752690,-2.343498,1.401164
9.757396,-2.327385,1.395979
9.762071,-2.311280,1.390755
9.766715,-2.295184,1.385492
9.771329,-2.279096,1.380189
9.775911,-2.263017,1.374847
9.780463,-2.246947,1.369466
9.784984,-2.230886,1.364045
9.789474,-2.214833,1.358584
9.793933,-2.198790,1.353085
9.798361,-2.182756,1.347546
9.802758,-2.166732,1.341968
9.807125,-2.150717,1.336351
9.811460,-2.134712,1.330694
9.815764,-2.118716,1.324999
9.820038,-2.102730,1.319264
9.824280,-2.086754,1.313490
9.828491,-2.070789,1.307678
9.832672,-2.054833,1.301826
9.836821,-2.038888,1.295935
9.840939,-2.022953,1.290006
9.845026,-2.007029,1.284037
9.849082,-1.991116,1.278030
9.853107,-1.975213,1.271984
9.857101,-1.959321,1.265899
9.861064,-1.943441,1.259776
9.864995,-1.927571,1.253614
9.868896,-1.911713,1.247413
9.872765,-1.895866,1.241174
9.876603,-1.880031,1.234896
9.880410,-1.864208,1.228579
9.884186,-1.848396,1.222224
9.887930,-1.832596,1.215831
9.891644,-1.816808,1.209399
9.895326,-1.801032,1.202929
9.898976,-1.785269,1.196421
9.902596,-1.769518,1.189874
9.906184,-1.753779,1.183289
9.909741,-1.738053,1.176666
9.913267,-1.722340,1.170005
9.916761,-1.706639,1.163306
9.920224,-1.690951,1.156568
9.923656,-1.675277,1.149793
9.927056,-1.659615,1.142980
9.930425,-1.643967,1.136128
9.933763,-1.628333,1.129239
9.937069,-1.612712,1.122312
9.940344,-1.597104,1.115348
9.943587,-1.581510,1.108345
9.946799,-1.565931,1.101305
9.949980,-1.550365,1.094227
9.953129,-1.534813,1.087112
9.956247,-1.519275,1.079959
9.959333,-1.503752,1.072769
9.962388,-1.488244,1.065541
9.965411,-1.472749,1.058276
9.968403,-1.457270,1.050973
9.971363,-1.441805,1.043634
9.974292,-1.426356,1.036257
9.977190,-1.410921,1.028842
9.980055,-1.395501,1.021391
9.982890,-1.380097,1.013902
9.985692,-1.364708,1.006377
9.988464,-1.349335,0.998814
9.991203,-1.333977,0.991215
9.993911,-1.318635,0.983579
9.996588,-1.303309,0.975906
9.999233,-1.287998,0.968196
10.001846,-1.272704,0.960449
10.004428,-1.257426,0.952666
10.006978,-1.242164,0.944846
10.009496,-1.226919,0.936989
10.011983,-1.211690,0.929096
10.014438,-1.196478,0.921167
10.016862,-1.181282,0.913201
10.019254,-1.166104,0.905199
10.021614,-1.150942,0.897160
10.023943,-1.135797,0.889086
10.026239,-1.120670,0.880975
10.028505,-1.105560,0.872828
10.030738,-1.090467,0.864645
10.032940,-1.075392,0.856426
10.035110,-1.060334,0.848171
10.037248,-1.045294,0.839880
10.039355,-1.030272,0.831553
10.041430,-1.015268,0.823191
10.043473,-1.000282,0.814792
10.045485,-0.985314,0.806359
10.047464,-0.970365,0.797889
10.049412,-0.955434,0.789384
10.051328,-0.940521,0.780844
10.053213,-0.925627,0.772268
10.055066,-0.910752,0.763657
10.056886,-0.895896,0.755010
10.058675,-0.881058,0.746329
10.060433,-0.866240,0.737612
10.062158,-0.851441,0.728860
10.063852,-0.836661,0.720073
10.065514,-0.821900,0.711251
10.067144,-0.807159,0.702394
10.068742,-0.792438,0.693503
10.070308,-0.777736,0.684576
10.071843,-0.763054,0.675615
10.073345,-0.748392,0.666619
10.074816,-0.733750,0.657589
10.076255,-0.719129,0.648524
10.077662,-0.704527,0.639424
10.079038,-0.689946,0.630290
10.080381,-0.675385,0.621122
10.081693,-0.660845,0.611920
10.082972,-0.646325,0.602683
10.084220,-0.631827,0.593413
10.085436,-0.617349,0.584108
10.086620,-0.602892,0.574769
10.087772,-0.588456,0.565396
10.088893,-0.574042,0.555990
10.089981,-0.559649,0.546550
10.091037,-0.545277,0.537076
10.092062,-0.530926,0.527568
10.093055,-0.516598,0.518027
10.094015,-0.502291,0.508452
10.094944,-0.488006,0.498844
10.095841,-0.473742,0.489202
10.096706,-0.459501,0.479527
10.097539,-0.445282,0.469819
10.098340,-0.431085,0.460078
10.099109,-0.416911,0.450304
10.099847,-0.402759,0.440496
10.100552,-0.388630,0.430656
10.101225,-0.374523,0.420783
10.101867,-0.360439,0.410877
10.102476,-0.346378,0.400938
10.103054,-0.332339,0.390967
10.103599,-0.318324,0.380963
10.104113,-0.304332,0.370927
10.104595,-0.290363,0.360858
10.105045,-0.276418,0.350757
10.105462,-0.262496,0.340623
10.105848,-0.248598,0.330458
10.106202,-0.234723,0.320260
10.106524,-0.220872,0.310030
10.106814,-0.207045,0.299768
10.107072,-0.193242,0.289475
10.107298,-0.179463,0.279149
10.107492,-0.165708,0.268792
10.107654,-0.151977,0.258403
10.107784,-0.138271,0.247983
10.107883,-0.124589,0.237531
10.107949,-0.110932,0.227047
10.107983,-0.097300,0.216533
10.107985,-0.083692,0.205986
10.107956,-0.070109,0.195409
10.107894,-0.056551,0.184801
10.107800,-0.043018,0.174161
10.107675,-0.029510,0.163491
10.107517,-0.016027,0.152790
10.107328,-0.002570,0.142058
10.107106,0.010862,0.131295
10.106853,0.024268,0.120501
10.106568,0.037649,0.109678
10.106250,0.051004,0.098823
10.105901,0.064333,0.087938
10.105520,0.077636,0.077023
10.105106,0.090914,0.066078
10.104661,0.104165,0.055102
10.104184,0.117390,0.044097
10.103675,0.130589,0.033061
10.103134,0.143761,0.021996
10.102561,0.156907,0.010900
10.101956,0.170026,-0.000225
10.101319,0.183119,-0.011379
10.100650,0.196185,-0.022564
10.099949,0.209224,-0.033777
10.099216,0.222236,-0.045020
10.098452,0.235221,-0.056293
10.097655,0.248179,-0.067595
10.096827,0.261109,-0.078925
10.095966,0.274013,-0.090285
10.095074,0.286889,-0.101674
10.094149,0.299738,-0.113092
10.093193,0.312558,-0.124538
10.092205,0.325352,-0.136013
10.091185,0.338117,-0.147517
10.090132,0.350855,-0.159049
10.089049,0.363565,-0.170610
10.087933,0.376247,-0.182199
10.086785,0.388900,-0.193816
10.085605,0.401526,-0.205462
10.084394,0.414123,-0.217136
10.083150,0.426692,-0.228837
10.081875,0.439232,-0.240567
10.080567,0.451744,-0.252324
10.079228,0.464227,-0.264109
10.077857,0.476681,-0.275922
10.076454,0.489107,-0.287762
10.075019,0.501504,-0.299630
10.073553,0.513871,-0.311525
10.072054,0.526210,-0.323448
10.070524,0.538520,-0.335397
10.068962,0.550800,-0.347374
10.067368,0.563051,-0.359377
10.065742,0.575272,-0.371408
10.064084,0.587464,-0.383465
10.062394,0.599626,-0.395550
10.060673,0.611759,-0.407660
10.058920,0.623862,-0.419798
10.057135,0.635935,-0.431961
10.055318,0.647979,-0.444152
10.053469,0.659992,-0.456368
10.051589,0.671975,-0.468610
10.049677,0.683928,-0.480879
10.047732,0.695850,-0.493174
10.045757,0.707743,-0.505494
10.043749,0.719605,-0.517840
10.041710,0.731436,-0.530212
10.039639,0.743237,-0.542610
10.037536,0.755007,-0.555033
10.035401,0.766747,-0.567481
10.033235,0.778455,-0.579955
10.031037,0.790133,-0.592454
10.028807,0.801780,-0.604978
10.026545,0.813396,-0.617527
10.024252,0.824980,-0.630101
10.021927,0.836534,-0.642700
10.019570,0.848056,-0.655324
10.017182,0.859546,-0.667972
10.014762,0.871005,-0.680645
10.012310,0.882433,-0.693342
10.009827,0.893829,-0.706063
10.007312,0.905194,-0.718809
10.004765,0.916526,-0.731579
10.002187,0.927827,-0.744373
9.999577,0.939096,-0.757191
9.996935,0.950333,-0.770033
9.994262,0.961537,-0.782898
9.991557,0.972710,-0.795787
9.988821,0.983851,-0.808700
9.986053,0.994959,-0.821636
9.983253,1.006034,-0.834595
9.980422,1.017078,-0.847578
9.977559,1.028089,-0.860584
9.974665,1.039067,-0.873613
9.971739,1.050012,-0.886664
9.968782,1.060925,-0.899739
9.965793,1.071805,-0.912836
9.962773,1.082652,-0.925956
9.959721,1.093466,-0.939099
9.956637,1.104248,-0.952264
9.953522,1.114996,-0.965451
9.950376,1.125710,-0.978660
9.947198,1.136392,-0.991892
9.943989,1.147040,-1.005146
9.940748,1.157655,-1.018421
9.937476,1.168237,-1.031718
9.934172,1.178785,-1.045037
9.930837,1.189299,-1.058378
9.927471,1.199780,-1.071740
9.924073,1.210227,-1.085124
9.920644,1.220640,-1.098528
9.917183,1.231019,-1.111954
9.913691,1.241364,-1.125401
9.910168,1.251676,-1.138869
9.906613,1.261953,-1.152358
9.903027,1.272196,-1.165868
9.899410,1.282405,-1.179398
9.895761,1.292579,-1.192949
9.892081,1.302720,-1.206520
9.888370,1.312826,-1.220112
9.884628,1.322897,-1.233724
9.880854,1.332934,-1.247356
9.877049,1.342936,-1.261008
9.873213,1.352904,-1.274680
9.869345,1.362837,-1.288371
9.865447,1.372735,-1.302083
9.861517,1.382598,-1.315814
9.857556,1.392426,-1.329564
9.853564,1.402219,-1.343334
9.849541,1.411978,-1.357123
9.845486,1.421701,-1.370931
9.841400,1.431389,-1.384759
9.837284,1.441041,-1.398605
9.833136,1.450659,-1.412470
9.828957,1.460241,-1.426353
9.824747,1.469788,-1.440256
9.820506,1.479299,-1.454177
9.816234,1.488774,-1.468116
9.811931,1.498214,-1.482073
9.807597,1.507619,-1.496049
9.803232,1.516987,-1.510043
9.798835,1.526320,-1.524055
9.794408,1.535617,-1.538084
9.789950,1.544878,-1.552131
9.785461,1.554104,-1.566196
9.780941,1.563293,-1.580279
9.776390,1.572446,-1.594378
9.771808,1.581563,-1.608495
9.767196,1.590644,-1.622630
9.762552,1.599688,-1.636781
9.757878,1.608697,-1.650949
9.753172,1.617668,-1.665134
9.748436,1.626604,-1.679336
9.743669,1.635503,-1.693554
9.738872,1.644366,-1.707789
9.734043,1.653192,-1.722041
9.729184,1.661981,-1.736308
9.724294,1.670734,-1.750592
9.719373,1.679449,-1.764892
9.714421,1.688129,-1.779207
9.709439,1.696771,-1.793539
9.704426,1.705376,-1.807886
9.699383,1.713945,-1.822249
9.694308,1.722476,-1.836627
9.689203,1.730971,-1.851021
9.684068,1.739428,-1.865430
9.678902,1.747848,-1.879854
9.673705,1.756231,-1.894293
9.668478,1.764577,-1.908747
9.663220,1.772885,-1.923216
9.657932,1.781157,-1.937700
9.652613,1.789390,-1.952198
9.647263,1.797587,-1.966710
9.641883,1.805745,-1.981237
9.636473,1.813867,-1.995778
9.631032,1.821950,-2.010333
9.625561,1.829996,-2.024902
9.620059,1.838004,-2.039485
9.614527,1.845975,-2.054082
9.608964,1.853908,-2.068692
9.603372,1.861803,-2.083316
9.597748,1.869660,-2.097954
9.592095,1.877479,-2.112604
9.586411,1.885260,-2.127268
9.580697,1.893004,-2.141945
9.574953,1.900709,-2.156635
9.569178,1.908376,-2.171338
9.563373,1.916005,-2.186053
9.557538,1.923596,-2.200781
9.551673,1.931148,-2.215521
9.545777,1.938662,-2.230274
9.539851,1.946138,-2.245039
9.533896,1.953576,-2.259816
9.527910,1.960975,-2.274605
9.521894,1.968336,-2.289406
9.515848,1.975658,-2.304219
9.509771,1.982942,-2.319044
9.503665,1.990188,-2.333880
9.497529,1.997394,-2.348727
9.491363,2.004562,-2.363586
9.485166,2.011692,-2.378456
9.478940,2.018782,-2.393337
9.472684,2.025834,-2.408228
9.466398,2.032847,-2.423131
9.460082,2.039822,-2.438045
9.453736,2.046757,-2.452968
9.447361,2.053653,-2.467903
9.440955,2.060511,-2.482848
9.434520,2.067330,-2.497803
9.428054,2.074109,-2.512768
9.421560,2.080850,-2.527743
9.415035,2.087551,-2.542728
9.408480,2.094214,-2.557723
9.401896,2.100837,-2.572727
9.395282,2.107421,-2.587741
9.388639,2.113966,-2.602764
9.381966,2.120471,-2.617796
9.375263,2.126937,-2.632838
9.368530,2.133364,-2.647889
9.361768,2.139752,-2.662948
9.354977,2.146100,-2.678017
9.348156,2.152409,-2.693094
9.341305,2.158678,-2.708179
9.334425,2.164908,-2.723273
9.327515,2.171098,-2.738376
9.320576,2.177249,-2.753486
9.313608,2.183360,-2.768605
9.306610,2.189432,-2.783731
9.299583,2.195464,-2.798865
9.292526,2.201456,-2.814007
9.285440,2.207409,-2.829157
9.278325,2.213322,-2.844314
9.271180,2.219195,-2.859478
9.264006,2.225028,-2.874650
9.256803,2.230822,-2.889829
9.249571,2.236576,-2.905014
9.242309,2.242290,-2.920207
9.235019,2.247964,-2.935406
9.227699,2.253598,-2.950612
9.220350,2.259192,-2.965824
9.212972,2.264746,-2.981043
9.205564,2.270260,-2.996267
9.198128,2.275735,-3.011498
9.190663,2.281169,-3.026735
9.183169,2.286563,-3.041978
9.175645,2.291917,-3.057227
9.168093,2.297231,-3.072481
9.160512,2.302505,-3.087741
9.152902,2.307739,-3.103006
9.145263,2.312933,-3.118276
9.137595,2.318086,-3.133552
9.129898,2.323199,-3.148832
9.122173,2.328272,-3.164118
9.114419,2.333305,-3.179408
9.106636,2.338297,-3.194703
9.098824,2.343249,-3.210002
9.090983,2.348161,-3.225306
9.083114,2.353033,-3.240614
9.075216,2.357864,-3.255926
9.067290,2.362655,-3.271242
9.059335,2.367405,-3.286562
9.051351,2.372115,-3.301886
9.043339,2.376785,-3.317213
9.035298,2.381414,-3.332544
9.027229,2.386002,-3.347879
9.019131,2.390551,-3.363217
9.011005,2.395058,-3.378557
9.002851,2.399526,-3.393901
8.994668,2.403952,-3.409248
8.986456,2.408339,-3.424598
8.978217,2.412684,-3.439950
8.969949,2.416989,-3.455305
8.961652,2.421254,-3.470663
8.953328,2.425478,-3.486022
8.944975,2.429661,-3.501384
8.936594,2.433804,-3.516748
8.928185,2.437906,-3.532113
8.919747,2.441968,-3.547481
8.911282,2.445988,-3.562850
8.902788,2.449969,-3.578221
8.894266,2.453908,-3.593593
8.885717,2.457807,-3.608967
8.877139,2.461665,-3.624342
8.868533,2.465483,-3.639717
8.859899,2.469259,-3.655094
8.851238,2.472995,-3.670472
8.842548,2.476691,-3.685850
8.833831,2.480345,-3.701229
8.825085,2.483959,-3.716608
8.816312,2.487532,-3.731987
8.807511,2.491064,-3.747367
8.798683,2.494556,-3.762747
8.789826,2.498007,-3.778127
8.780942,2.501417,-3.793506
8.772030,2.504786,-3.808886
8.763091,2.508115,-3.824264
8.754124,2.511402,-3.839643
8.745129,2.514649,-3.855020
8.736107,2.517855,-3.870397
8.727057,2.521021,-3.885773
8.717980,2.524145,-3.901148
8.708875,2.527229,-3.916521
8.699743,2.530272,-3.931894
8.690584,2.533274,-3.947265
8.681397,2.536235,-3.962634
8.672182,2.539155,-3.978002
8.662941,2.542035,-3.993368
8.653672,2.544874,-4.008732
8.644375,2.547672,-4.024094
8.635052,2.550429,-4.039453
8.625701,2.553145,-4.054811
8.616324,2.555820,-4.070166
8.606919,2.558455,-4.085519
8.597486,2.561049,-4.100868
8.588027,2.563602,-4.116216
8.578541,2.566114,-4.131560
8.569028,2.568586,-4.146901
8.559488,2.571016,-4.162239
8.549920,2.573406,-4.177574
8.540326,2.575755,-4.192905
8.530705,2.578063,-4.208233
8.521057,2.580331,-4.223557
8.511383,2.582557,-4.238877
8.501681,2.584743,-4.254193
8.491953,2.586888,-4.269506
8.482198,2.588992,-4.284814
8.472416,2.591056,-4.300118
8.462607,2.593079,-4.315418
8.452772,2.595061,-4.330713
8.442911,2.597002,-4.346003
8.433022,2.598902,-4.361289
8.423108,2.600762,-4.376569
8.413166,2.602581,-4.391845
8.403198,2.604359,-4.407116
8.393204,2.606097,-4.422381
8.383183,2.607794,-4.437641
8.373136,2.609450,-4.452895
8.363063,2.611066,-4.468144
8.352963,2.612641,-4.483387
8.342837,2.614175,-4.498624
8.332685,2.615668,-4.513855
8.322506,2.617121,-4.529080
7.252335,3.577390,-5.592164
7.238064,3.578130,-5.620356
7.223966,3.578797,-5.647992
7.210042,3.579400,-5.675070
7.196293,3.579946,-5.701591
7.182722,3.580443,-5.727553
7.169328,3.416936,-5.752956
7.156050,3.208045,-5.777867
7.142868,3.145764,-5.802300
7.129807,3.089722,-5.826247
7.116777,3.039271,-5.849862
7.103790,2.993841,-5.873127
7.090859,2.953193,-5.895777
7.077998,2.917176,-5.917515
7.065216,2.885310,-5.938384
7.052524,2.857165,-5.958421
7.039933,2.832351,-5.977664
7.027452,2.810518,-5.996143
7.015089,2.791348,-6.013890
7.002853,2.774559,-6.030930
6.990751,2.759892,-6.047289
6.978790,2.747117,-6.062988
6.966976,2.736025,-6.078050
6.955453,2.726368,-6.092373
6.944918,2.717688,-6.105400
6.935282,2.709889,-6.117256
6.926464,2.702882,-6.128056
6.918390,2.696591,-6.137903
6.910992,2.690943,-6.146889
6.904210,2.685876,-6.155099
6.897989,2.681332,-6.162607
6.892276,2.677259,-6.169483
6.887027,2.673611,-6.175787
6.882199,2.670344,-6.181576
6.877755,2.667421,-6.186899
6.873659,2.664809,-6.191802
6.869880,2.662475,-6.196325
6.866390,2.660392,-6.200505
6.863163,2.658535,-6.204375
6.860174,2.656881,-6.207966
6.857402,2.655411,-6.211303
6.854828,2.654105,-6.214412
6.852434,2.652947,-6.217315
6.852940,2.651923,-6.220030
7.805037,2.651017,-6.222577
7.807400,2.650110,-6.224867
7.809456,2.649303,-6.227027
7.811236,2.648586,-6.229071
7.812769,2.647950,-6.231007
7.814082,2.647387,-6.232847
7.815197,2.646889,-6.234599
7.816135,2.646450,-6.236271
7.816915,2.646063,-6.237869
7.817553,2.645723,-6.239402
7.818064,2.645426,-6.240874
7.818462,2.645167,-6.242290
7.818758,2.644942,-6.243657
7.818965,2.644747,-6.244977
7.819090,2.644579,-6.246255
7.819143,2.644437,-6.247495
7.819132,2.644316,-6.248700
7.819063,2.644214,-6.249872
7.818943,2.644130,-6.251014
7.818778,2.644062,-6.252129
7.818572,2.644008,-6.253219
7.818330,2.643966,-6.254286
7.818055,2.643935,-6.255332
7.817753,2.643914,-6.256358
7.817425,2.643902,-6.257365
7.817074,2.643898,-6.258355
7.816704,2.643900,-6.259330
7.816317,2.643909,-6.260290
7.815914,2.643923,-6.261236
7.815497,2.643942,-6.262170
7.815069,2.643964,-6.263092
7.814631,2.643991,-6.264002
7.814183,2.644021,-6.264901
7.813728,2.644053,-6.265791
7.813266,2.644088,-6.266671
7.812798,2.644125,-6.267543
7.812326,2.644163,-6.268406
7.811849,2.644203,-6.269261
7.811369,2.644244,-6.270108
7.810886,2.644287,-6.270947
7.810400,2.644330,-6.271780
7.809913,2.644373,-6.272606
7.809425,2.644418,-6.273426
7.808935,2.644462,-6.274239
7.808445,2.644507,-6.275046
7.807955,2.644552,-6.275848
7.807464,2.644596,-6.276644
7.806974,2.644641,-6.277434
7.806484,2.644686,-6.278219
7.805995,2.644730,-6.278999
7.805507,2.644774,-6.279773
7.805019,2.644818,-6.280543
7.804533,2.644861,-6.281308
7.804048,2.644904,-6.282068
7.803564,2.644947,-6.282824
7.803081,2.644989,-6.283575
7.802600,2.645030,-6.284321
7.802121,2.645071,-6.285063
7.801643,2.645111,-6.285801
7.801167,2.645151,-6.286534
7.800693,2.645190,-6.287264
7.800220,2.645228,-6.287989
7.799750,2.645266,-6.288710
7.799281,2.645303,-6.289426
7.798814,2.645339,-6.290139
7.798349,2.645375,-6.290848
7.797886,2.645410,-6.291553
7.797425,2.645444,-6.292254
7.796966,2.645478,-6.292951
7.796508,2.645511,-6.293645
7.796053,2.645543,-6.294334
7.795600,2.645575,-6.295020
7.795149,2.645605,-6.295702
7.794700,2.645636,-6.296381
7.794252,2.645665,-6.297056
7.793807,2.645694,-6.297727
7.793364,2.645722,-6.298394
7.792923,2.645750,-6.299058
7.792484,2.645777,-6.299719
7.792047,2.645803,-6.300376
7.791611,2.645828,-6.301029
7.791178,2.645853,-6.301679
7.790747,2.645877,-6.302325
7.790318,2.645901,-6.302968
7.789891,2.645923,-6.303608
7.789466,2.645946,-6.304244
7.789042,2.645967,-6.304877
7.788621,2.645988,-6.305506
7.788202,2.646008,-6.306132
7.787785,2.646028,-6.306755
7.787369,2.646047,-6.307374
7.786956,2.646066,-6.307991
7.786544,2.646083,-6.308604
7.786135,2.646101,-6.309213
7.785727,2.646117,-6.309820
7.785321,2.646133,-6.310423
7.784917,2.646149,-6.311023
7.784515,2.646164,-6.311620
7.784115,2.646178,-6.312214
7.783717,2.646192,-6.312804
7.783321,2.646205,-6.313392
7.782926,2.646218,-6.313976
7.782534,2.646230,-6.314557
7.782143,2.646241,-6.315136
7.781754,2.646252,-6.315711
7.781367,2.646263,-6.316283
7.780981,2.646273,-6.316852
7.780598,2.646282,-6.317418
7.780216,2.646291,-6.317981
7.779836,2.646299,-6.318541
7.779458,2.646307,-6.319099
7.779082,2.646314,-6.319653
7.778707,2.646321,-6.320204
7.778335,2.646327,-6.320753
7.777964,2.646333,-6.321298
7.777594,2.646339,-6.321841
7.777227,2.646344,-6.322381
7.776861,2.646348,-6.322918
7.776497,2.646352,-6.323452
7.776135,2.646355,-6.323983
7.775774,2.646359,-6.324512
7.775415,2.646361,-6.325037
7.775058,2.646363,-6.325560
7.774702,2.646365,-6.326081
7.774349,2.646366,-6.326598
7.773996,2.646367,-6.327113
7.773646,2.646367,-6.327625
7.773297,2.646367,-6.328134
7.772950,2.646367,-6.328641
7.772604,2.646366,-6.329145
7.772260,2.646365,-6.329646
7.771918,2.646363,-6.330145
7.771577,2.646361,-6.330641
7.771238,2.646358,-6.331134
7.770901,2.646355,-6.331625
7.770565,2.646352,-6.332113
7.770230,2.646348,-6.332599
7.769898,2.646344,-6.333082
7.769567,2.646340,-6.333563
7.769237,2.646335,-6.334041
7.768909,2.646330,-6.334517
7.768583,2.646324,-6.334990
7.768258,2.646319,-6.335460
7.767934,2.646312,-6.335928
7.767612,2.646306,-6.336394
7.767292,2.646299,-6.336857
7.766973,2.646291,-6.337318
7.766656,2.646284,-6.337776
7.766340,2.646276,-6.338232
7.766026,2.646268,-6.338685
7.765713,2.646259,-6.339136
7.765402,2.646250,-6.339585
7.765092,2.646241,-6.340031
7.764783,2.646231,-6.340476
7.764476,2.646221,-6.340917
7.764171,2.646211,-6.341357
7.763867,2.646200,-6.341794
7.763564,2.646190,-6.342228
7.763263,2.646179,-6.342661
7.762963,2.646167,-6.343091
7.762665,2.646155,-6.343519
7.762368,2.646143,-6.343944
7.762073,2.646131,-6.344368
7.761779,2.646119,-6.344789
7.761486,2.646106,-6.345208
7.761195,2.646093,-6.345625
7.760905,2.646079,-6.346039
7.760616,2.646066,-6.346452
7.760329,2.646052,-6.346862
7.760043,2.646038,-6.347270
7.759759,2.646023,-6.347676
7.759476,2.646008,-6.348080
7.759194,2.645993,-6.348481
7.758914,2.645978,-6.348881
7.758634,2.645963,-6.349278
7.758357,2.645947,-6.349674
7.758080,2.645931,-6.350067
7.757805,2.645915,-6.350458
7.757531,2.645899,-6.350847
7.757259,2.645882,-6.351234
7.756988,2.645865,-6.351619
7.756718,2.645848,-6.352002
7.756449,2.645831,-6.352383
7.756182,2.645813,-6.352762
7.755916,2.645796,-6.353139
7.755651,2.645778,-6.353514
7.755387,2.645760,-6.353887
7.755125,2.645741,-6.354258
7.754864,2.645723,-6.354627
7.754604,2.645704,-6.354995
7.754345,2.645685,-6.355360
7.754088,2.645666,-6.355723
7.753832,2.645646,-6.356085
7.753577,2.645627,-6.356444
7.753323,2.645607,-6.356802
7.753071,2.645587,-6.357158
7.752819,2.645567,-6.357511
7.752569,2.645547,-6.357863
7.752320,2.645527,-5.466398
7.752054,2.645460,-5.358562
7.751786,2.645389,-5.358908
7.751520,2.645318,-5.359253
7.751256,2.645247,-5.359596
7.750992,2.645177,-5.359937
7.750730,2.645107,-5.360276
7.750470,2.645038,-5.360614
7.750211,2.644969,-5.360949
7.749953,2.644900,-5.361283
7.749696,2.644831,-5.361615
7.749441,2.644763,-5.361946
7.749187,2.644695,-5.362274
7.748935,2.644628,-5.362601
7.748684,2.644561,-5.362927
7.748434,2.644494,-5.363250
7.748185,2.644428,-5.363572
7.747938,2.644361,-5.363892
7.747692,2.644296,-5.364210
7.747447,2.644230,-5.364527
7.747204,2.644165,-5.364842
7.746962,2.644101,-5.365156
7.746721,2.644036,-5.365468
7.746481,2.643972,-5.365778
7.746243,2.643908,-5.366086
7.746006,2.643845,-5.366393
7.745770,2.643782,-5.366698
7.745535,2.643719,-5.367002
7.745302,2.643657,-5.367304
7.745070,2.643594,-5.367605
7.744838,2.643533,-5.367904
7.744609,2.643471,-5.368201
7.744380,2.643410,-5.368497
7.744153,2.643349,-5.368791
7.743926,2.643288,-5.369084
7.743701,2.643228,-5.369375
7.743477,2.643168,-5.369664
7.743255,2.643109,-5.369952
7.743033,2.643049,-5.370239
7.742813,2.642990,-5.370524
7.742593,2.642931,-5.370808
7.742375,2.642873,-5.371090
7.742158,2.642815,-5.371370
7.741943,2.642757,-5.371649
7.741728,2.642699,-5.371927
7.741514,2.642642,-5.372203
7.741302,2.642585,-5.372478
7.741090,2.642529,-5.372751
7.740880,2.642472,-5.373023
7.740671,2.642416,-5.373293
7.740463,2.642360,-5.373562
7.740256,2.642305,-5.373830
7.740050,2.642250,-5.374096
7.739845,2.642195,-5.374361
7.739641,2.642140,-5.374624
7.739439,2.642086,-5.374886
7.739237,2.642032,-5.375147
7.739036,2.641978,-5.375406
7.738837,2.641924,-5.375664
7.738638,2.641871,-5.375920
7.738441,2.641818,-5.376176
7.738244,2.641765,-5.376430
7.738049,2.641713,-5.376682
7.737855,2.641661,-5.376933
7.737661,2.641609,-5.377183
7.737469,2.641557,-5.377432
7.737277,2.641506,-5.377679
7.737087,2.641454,-5.377925
7.736898,2.641404,-5.378169
7.736709,2.641353,-5.378413
7.736522,2.641303,-5.378655
7.736335,2.641253,-5.378896
7.736150,2.641203,-5.379135
7.735965,2.641153,-5.379373
7.735782,2.641104,-5.379610
7.735599,2.641055,-5.379846
7.735418,2.641006,-5.380081
7.735237,2.640957,-5.380314
7.735057,2.640909,-5.380546
7.734879,2.640861,-5.380777
7.734701,2.640813,-5.381007
7.734524,2.640766,-5.381235
7.734348,2.640718,-5.381462
7.734173,2.640671,-5.381688
7.733999,2.640625,-5.381913
7.733825,2.640578,-5.382137
7.733653,2.640532,-5.382359
7.733482,2.640485,-5.382581
7.733311,2.640440,-5.382801
7.733141,2.640394,-5.383020
7.732973,2.640349,-5.383238
7.732805,2.640303,-5.383454
7.732638,2.640258,-5.383670
7.732471,2.640214,-5.383884
7.732306,2.640169,-5.384098
7.732142,2.640125,-5.384310
7.731978,2.640081,-5.384521
7.731816,2.640037,-5.384731
7.731654,2.639994,-5.384940
7.731493,2.639950,-5.385147
7.731333,2.639907,-5.385354
7.731173,2.639864,-5.385560
7.731015,2.639822,-5.385764
7.730857,2.639779,-5.385968
7.730700,2.639737,-5.386170
7.730544,2.639695,-5.386371
7.730389,2.639653,-5.386571
7.730235,2.639612,-5.386771
7.730081,2.639570,-5.386969
7.729928,2.639529,-5.387166
7.729776,2.639488,-5.387362
7.729625,2.639447,-5.387557
7.729475,2.639407,-5.387751
7.729325,2.639366,-5.387944
7.729176,2.639326,-5.388136
7.729028,2.639286,-5.388327
7.728881,2.639247,-5.388517
7.728734,2.639207,-5.388706
7.728589,2.639168,-5.388894
7.728444,2.639129,-5.389081
7.728299,2.639090,-5.389267
7.728156,2.639051,-5.389452
7.728013,2.639013,-5.389636
7.727871,2.638975,-5.389819
7.727730,2.638936,-5.390001
7.727589,2.638899,-5.390182
7.727450,2.638861,-5.390362
7.727311,2.638823,-5.390542
7.727172,2.638786,-5.390720
7.727035,2.638749,-5.390897
7.726898,2.638712,-5.391074
7.726762,2.638675,-5.391249
7.726626,2.638639,-5.391424
7.726492,2.638602,-5.391597
7.726358,2.638566,-5.391770
7.726224,2.638530,-5.391942
7.726092,2.638495,-5.392113
7.725960,2.638459,-5.392283
7.725829,2.638424,-5.392452
7.725698,2.638388,-5.392620
7.725568,2.638353,-5.392788
7.725439,2.638318,-5.392954
7.725310,2.638284,-5.393120
7.725183,2.638249,-5.393285
7.725055,2.638215,-5.393449
7.724929,2.638181,-5.393612
7.724803,2.638147,-5.393774
7.724678,2.638113,-5.393935
7.724553,2.638079,-5.394096
7.724429,2.638046,-5.394255
7.724306,2.638013,-5.394414
7.724184,2.637979,-5.394572
7.724062,2.637946,-5.394729
7.723940,2.637914,-5.394886
7.723820,2.637881,-5.395041
7.723700,2.637849,-5.395196
7.723580,2.637816,-5.395350
7.723461,2.637784,-5.395503
7.723343,2.637752,-5.395655
7.723226,2.637721,-5.395806
7.723109,2.637689,-5.395957
7.722992,2.637658,-5.396107
7.722877,2.637626,-5.396256
7.722762,2.637595,-5.396404
7.722647,2.637564,-5.396552
7.722533,2.637534,-5.396698
7.722420,2.637503,-5.396844
7.722307,2.637472,-5.396989
7.722195,2.637442,-5.397134
7.722083,2.637412,-5.397278
7.721972,2.637382,-5.397420
7.721862,2.637352,-5.397563
7.721752,2.637322,-5.397704
7.721643,2.637293,-5.397845
7.721534,2.637264,-5.397985
7.721426,2.637234,-5.398124
7.721319,2.637205,-5.398262
7.721212,2.637176,-5.398400
7.721105,2.637148,-5.398537
7.721000,2.637119,-5.398673
7.720894,2.637090,-5.398809
7.720790,2.637062,-5.398944
7.720685,2.637034,-5.399078
7.720582,2.637006,-5.399211
7.720479,2.636978,-5.399344
7.720376,2.636950,-5.399476
7.720274,2.636923,-5.399608
7.720172,2.636895,-5.399738
7.720072,2.636868,-5.399868
7.719971,2.636841,-5.399998
7.719871,2.636814,-5.400126
7.719772,2.636787,-5.400254
7.719673,2.636760,-5.400381
7.719575,2.636733,-5.400508
7.719477,2.636707,-5.400634
7.719379,2.636681,-5.400759
7.719283,2.636654,-5.400884
7.719186,2.636628,-5.401008
7.719091,2.636602,-5.401131
7.718995,2.636577,-5.401254
7.718900,2.636551,-5.401376
7.718806,2.636525,-5.401497
7.718712,2.636500,-5.401618
7.718619,2.636475,-5.401738
7.718526,2.636450,-5.401858
7.718434,2.636425,-5.401976
7.718342,2.636400,-5.402095
7.718251,2.636375,-5.402212
7.718160,2.636350,-5.402329
7.718069,2.636326,-5.402446
7.717979,2.636302,-5.402561
7.717890,2.636277,-5.402677
7.717801,2.636253,-5.402791
7.717712,2.636229,-5.402905
7.717624,2.636205,-5.403018
7.717537,2.636182,-5.403131
7.717449,2.636158,-5.403243
7.717363,2.636135,-5.403355
7.717276,2.636111,-5.403466
7.717191,2.636088,-5.403576
7.717105,2.636065,-5.403686
7.717020,2.636042,-5.403795
7.716936,2.636019,-5.403904
7.716852,2.635996,-5.404012
7.716768,2.635973,-5.404120
7.716685,2.635951,-5.404227
7.716602,2.635929,-5.404333
7.716520,2.635906,-5.404439
7.716438,2.635884,-5.404544
7.716357,2.635862,-5.404649
7.716276,2.635840,-5.404753
7.716195,2.635818,-5.404857
7.716115,2.635797,-5.404960
7.716036,2.635775,-5.405062
7.715956,2.635753,-5.405164
7.715877,2.635732,-5.405266
7.715799,2.635711,-5.405367
7.715721,2.635690,-5.405467
7.715643,2.635669,-5.405567
7.715566,2.635648,-5.405666
7.715489,2.635627,-5.405765
7.715413,2.635606,-5.405864
7.715337,2.635585,-5.405961
7.715261,2.635565,-5.406059
7.715186,2.635545,-5.406155
7.715111,2.635524,-5.406252
7.715036,2.635504,-5.406348
7.714962,2.635484,-5.406443
7.714889,2.635464,-5.406538
7.714815,2.635444,-5.406632
7.714742,2.635424,-5.406726
7.714670,2.635405,-5.406819
7.714598,2.635385,-5.406912
7.714526,2.635366,-5.407004
7.714455,2.635346,-5.407096
7.714384,2.635327,-5.407187
7.714313,2.635308,-5.407278
7.714243,2.635289,-5.407368
7.714173,2.635270,-5.407458
7.714103,2.635251,-5.407548
7.714034,2.635232,-5.407637
7.713965,2.635214,-5.407725
7.713897,2.635195,-5.407813
7.713829,2.635176,-5.407901
7.713761,2.635158,-5.407988
7.713693,2.635140,-5.408074
7.713626,2.635122,-5.408161
7.713560,2.635104,-5.408246
7.713493,2.635086,-5.408332
7.713427,2.635068,-5.408417
7.713362,2.635050,-5.408501
7.713297,2.635032,-5.408585
7.713232,2.635014,-5.408668
7.713167,2.634997,-5.408751
7.713103,2.634979,-5.408834
7.713039,2.634962,-5.408916
7.712975,2.634945,-5.408998
7.712912,2.634928,-5.409079
7.712849,2.634911,-5.409160
7.712786,2.634894,-5.409241
7.712724,2.634877,-5.409321
7.712662,2.634860,-5.409401
7.712600,2.634843,-5.409480
7.712539,2.634827,-5.409559
7.712478,2.634810,-5.409637
7.712417,2.634794,-5.409715
7.712357,2.634777,-5.409793
7.712297,2.634761,-5.409870
7.712237,2.634745,-5.409946
7.712178,2.634728,-5.410023
7.712119,2.634712,-5.410099
7.712060,2.634696,-5.410174
7.712002,2.634681,-5.410250
7.711943,2.634665,-5.410324
7.711886,2.634649,-5.410399
7.711828,2.634633,-5.410473
7.711771,2.634618,-5.410546
7.711714,2.634602,-5.410619
7.711657,2.634587,-5.410692
7.711601,2.634572,-5.410765
7.711545,2.634557,-5.410837
7.711489,2.634541,-5.410908
7.711433,2.634526,-5.410980
7.711378,2.634511,-5.411051
7.711323,2.634496,-5.411121
7.711269,2.634482,-5.411191
7.711214,2.634467,-5.411261
7.711160,2.634452,-5.411331
7.711107,2.634438,-5.411400
7.711053,2.634423,-5.411469
7.711000,2.634409,-5.411537
7.710947,2.634394,-5.411605
7.710894,2.634380,-5.411673
7.710842,2.634366,-5.411740
7.710790,2.634352,-5.411807
7.710738,2.634337,-5.411873
7.710687,2.634323,-5.411940
7.710635,2.634310,-5.412006
7.710584,2.634296,-5.412071
7.710534,2.634282,-5.412136
7.710483,2.634268,-5.412201
7.710433,2.634255,-5.412266
7.710383,2.634241,-5.412330
7.710333,2.634227,-5.412394
7.710284,2.634214,-5.412457
7.710235,2.634201,-5.412520
7.710186,2.634187,-5.412583
7.710137,2.634174,-5.412646
7.710089,2.634161,-5.412708
7.710041,2.634148,-5.412770
7.709993,2.634135,-5.412831
7.709945,2.634122,-5.412893
7.709898,2.634109,-5.412953
7.709850,2.634096,-5.413014
7.709804,2.634084,-5.413074
7.709757,2.634071,-5.413134
7.709711,2.634058,-5.413194
7.709664,2.634046,-5.413253
7.709618,2.634033,-5.413312
7.709573,2.634021,-5.413371
7.709527,2.634008,-5.413429
7.709482,2.633996,-5.413487
7.709437,2.633984,-5.413545
7.709392,2.633972,-5.413602
7.709348,2.633960,-5.413660
7.709304,2.633948,-5.413716
7.709260,2.633936,-5.413773
7.709216,2.633924,-5.413829
7.709172,2.633912,-5.413885
7.709129,2.633900,-5.413941
7.709086,2.633888,-5.413996
7.709043,2.633877,-5.414051
7.709000,2.633865,-5.414106
7.708958,2.633854,-5.414161
7.708916,2.633842,-5.414215
7.708874,2.633831,-5.414269
7.708832,2.633819,-5.414323
7.708790,2.633808,-5.414376
7.708749,2.633797,-5.414429
7.708708,2.633786,-5.414482
7.708667,2.633775,-5.414534
7.708626,2.633763,-5.414587
7.708586,2.633752,-5.414639
7.708546,2.633742,-5.414690
7.708505,2.633731,-5.414742
7.708466,2.633720,-5.414793
7.708426,2.633709,-5.414844
7.708387,2.633698,-5.414895
7.708347,2.633688,-5.414945
7.708308,2.633677,-5.414995
7.708270,2.633666,-5.415045
7.708231,2.633656,-5.415094
7.708193,2.633646,-5.415144
7.708154,2.633635,-5.415193
7.708116,2.633625,-5.415242
7.708079,2.633615,-5.415290
7.708041,2.633604,-5.415339
7.708004,2.633594,-5.415387
7.707966,2.633584,-5.415434
7.707929,2.633574,-5.415482
7.707892,2.633564,-5.415529
7.707856,2.633554,-5.415576
7.707819,2.633544,-5.415623
7.707783,2.633534,-5.415670
7.707747,2.633524,-5.415716
7.707711,2.633515,-5.415762
7.707676,2.633505,-5.415808
7.707640,2.633495,-5.415853
7.707605,2.633486,-5.415899
7.707570,2.633476,-5.415944
7.707535,2.633467,-5.415989
7.707500,2.633457,-5.416033
7.707465,2.633448,-5.416078
7.707431,2.633438,-5.416122
7.707397,2.633429,-5.416166
7.707363,2.633420,-5.416209
7.707329,2.633411,-5.416253
7.707295,2.633401,-5.416296
7.707262,2.633392,-5.416339
7.707228,2.633383,-5.416382
7.707195,2.633374,-5.416425
7.707162,2.633365,-5.416467
7.707130,2.633356,-5.416509
7.707097,2.633347,-5.416551
7.707064,2.633339,-5.416593
7.707032,2.633330,-5.416634
7.707000,2.633321,-5.416675
7.706968,2.633312,-5.416716
7.706936,2.633304,-5.416757
7.706905,2.633295,-5.416798
7.706873,2.633287,-5.416838
7.706842,2.633278,-5.416878
7.706811,2.633270,-5.416918
7.706780,2.633261,-5.416958
7.706749,2.633253,-5.416998
7.706718,2.633245,-5.417037
7.706688,2.633236,-5.417076
7.706658,2.633228,-5.417115
7.706628,2.633220,-5.417154
7.706598,2.633212,-5.417192
7.706568,2.633203,-5.417230
7.706538,2.633195,-5.417269
7.706508,2.633187,-5.417306
7.706479,2.633179,-5.417344
7.706450,2.633171,-5.417382
7.706421,2.633164,-5.417419
7.706392,2.633156,-5.417456
7.706363,2.633148,-5.417493
7.706335,2.633140,-5.417530
7.706306,2.633132,-5.417566
7.706278,2.633125,-5.417603
7.706250,2.633117,-5.417639
7.706222,2.633109,-5.417675
7.706194,2.633102,-5.417711
7.706166,2.633094,-5.417746
7.706138,2.633087,-5.417782
7.706111,2.633079,-5.417817
7.706084,2.633072,-5.417852
7.706057,2.633064,-5.417887
7.706030,2.633057,-5.417921
7.706003,2.633050,-5.417956
7.705976,2.633042,-5.417990
7.705949,2.633035,-5.418024
7.705923,2.633028,-5.418058
7.705897,2.633021,-5.418092
7.705871,2.633014,-5.418126
7.705845,2.633007,-5.418159
7.705819,2.633000,-5.418192
7.705793,2.632993,-5.418225
7.705767,2.632986,-5.418258
7.705742,2.632979,-5.418291
7.705716,2.632972,-5.418323
7.705691,2.632965,-5.418356
7.705666,2.632958,-5.418388
7.705641,2.632951,-5.418420
7.705616,2.632945,-5.418452
7.705592,2.632938,-5.418484
7.705567,2.632931,-5.418515
7.705543,2.632924,-5.418546
7.705518,2.632918,-5.418578
7.705494,2.632911,-5.418609
7.705470,2.632905,-5.418640
7.705446,2.632898,-5.418670
7.705422,2.632892,-5.418701
7.705399,2.632885,-5.418731
7.705375,2.632879,-5.418761
7.705352,2.632872,-5.418792
7.705328,2.632866,-5.418821
7.705305,2.632860,-5.418851
7.705282,2.632854,-5.418881
7.705259,2.632847,-5.418910
7.705236,2.632841,-5.418940
7.705214,2.632835,-5.418969
7.705191,2.632829,-5.418998
7.705169,2.632823,-5.419026
7.705146,2.632817,-5.419055
7.705124,2.632811,-5.419084
7.705102,2.632804,-5.419112
7.705080,2.632799,-5.419140
7.705058,2.632793,-5.419168
7.705036,2.632787,-5.419196
7.705015,2.632781,-5.419224
7.704993,2.632775,-5.419252
7.704972,2.632769,-5.419279
7.704951,2.632763,-5.419307
7.704929,2.632757,-5.419334
7.704908,2.632752,-5.419361
7.704887,2.632746,-5.419388
7.704866,2.632740,-5.419415
7.704846,2.632735,-5.419441
7.704825,2.632729,-5.419468
7.704804,2.632723,-5.419494
7.704784,2.632718,-5.419520
7.704764,2.632712,-5.419546
7.704743,2.632707,-5.419572
7.704723,2.632701,-5.419598
7.704703,2.632696,-5.419624
7.704683,2.632690,-5.419649
7.704664,2.632685,-5.419675
7.704644,2.632680,-5.419700
7.704624,2.632674,-5.419725
7.704605,2.632669,-5.419750
7.704586,2.632664,-5.419775
7.704566,2.632659,-5.419800
7.704547,2.632653,-5.419824
7.704528,2.632648,-5.419849
7.704509,2.632643,-5.419873
7.704490,2.632638,-5.419898
7.704471,2.632633,-5.419922
7.704453,2.632628,-5.419946
7.704434,2.632623,-5.419969
7.704416,2.632618,-5.419993
7.704397,2.632613,-5.420017
7.704379,2.632608,-5.420040
7.704361,2.632603,-5.420064
7.704343,2.632598,-5.420087
7.704325,2.632593,-5.420110
7.704307,2.632588,-5.420133
7.704289,2.632583,-5.420156
7.704271,2.632578,-5.420179
7.704253,2.632573,-5.420201
7.704236,2.632569,-5.420224
7.704218,2.632564,-5.420246
7.704201,2.632559,-5.420268
7.704184,2.632554,-5.420291
7.704167,2.632550,-5.420313
7.704150,2.632545,-5.420335
7.704133,2.632540,-5.420356
7.704116,2.632536,-5.420378
7.704099,2.632531,-5.420400
7.704082,2.632527,-5.420421
7.704066,2.632522,-5.420442
7.704049,2.632518,-5.420464
7.704032,2.632513,-5.420485
7.704016,2.632509,-5.420506
7.704000,2.632504,-5.420527
7.703984,2.632500,-5.420548
7.703967,2.632495,-5.420568
7.703951,2.632491,-5.420589
7.703935,2.632487,-5.420609
7.703920,2.632482,-5.420630
7.703904,2.632478,-5.420650
7.703888,2.632474,-5.420670
7.703872,2.632470,-5.420690
7.703857,2.632465,-5.420710
7.703841,2.632461,-5.420730
7.703826,2.632457,-5.420750
7.703811,2.632453,-5.420769
7.703796,2.632449,-5.420789
7.703780,2.632444,-5.420808
7.703765,2.632440,-5.420828
7.703750,2.632436,-5.420847
7.703736,2.632432,-5.420866
7.703721,2.632428,-5.420885
7.703706,2.632424,-5.420904
7.703691,2.632420,-5.420923
7.703677,2.632416,-5.420941
7.703662,2.632412,-5.420960
7.703648,2.632408,-5.420979
7.703633,2.632404,-5.420997
7.703619,2.632401,-5.421015
7.703605,2.632397,-5.421034
7.703591,2.632393,-5.421052
7.703577,2.632389,-5.421070
7.703563,2.632385,-5.421088
7.703549,2.632381,-5.421106
7.703535,2.632378,-5.421123
7.703521,2.632374,-5.421141
7.703507,2.632370,-5.421159
7.703494,2.632366,-5.421176
7.703480,2.632363,-5.421194
7.703467,2.632359,-5.421211
7.703453,2.632355,-5.421228
7.703440,2.632352,-5.421245
7.703427,2.632348,-5.421262
7.703414,2.632345,-5.421279
7.703400,2.632341,-5.421296
7.703387,2.632337,-5.421313
7.703374,2.632334,-5.421329
7.703361,2.632330,-5.421346
7.703349,2.632327,-5.421363
7.703336,2.632323,-5.421379
7.703323,2.632320,-5.421395
7.703310,2.632316,-5.421411
7.703298,2.632313,-5.421428
7.703285,2.632310,-5.421444
7.703273,2.632306,-5.421460
7.703260,2.632303,-5.421476
7.703248,2.632299,-5.421491
7.703236,2.632296,-5.421507
7.703224,2.632293,-5.421523
7.703211,2.632289,-5.421538
7.703199,2.632286,-5.421554
7.703187,2.632283,-5.421569
7.703175,2.632280,-5.421585
7.703164,2.632276,-5.421600
7.703152,2.632273,-5.421615
7.703140,2.632270,-5.421630
7.703128,2.632267,-5.421645
7.703117,2.632264,-5.421660
7.703105,2.632260,-5.421675
7.703094,2.632257,-5.421690
7.703082,2.632254,-5.421704
7.703071,2.632251,-5.421719
7.703059,2.632248,-5.421734
7.703048,2.632245,-5.421748
7.703037,2.632242,-5.421762
7.703026,2.632239,-5.421777
7.703015,2.632236,-5.421791
7.703004,2.632233,-5.421805
7.702993,2.632230,-5.421819
7.702982,2.632227,-5.421833
7.702971,2.632224,-5.421847
7.702960,2.632221,-5.421861
7.702949,2.632218,-5.421875
7.702939,2.632215,-5.421889
7.702928,2.632212,-5.421902
7.702917,2.632209,-5.421916
7.702907,2.632206,-5.421929
7.702896,2.632204,-5.421943
7.702886,2.632201,-5.421956
7.702876,2.632198,-5.421969
7.702865,2.632195,-5.421983
7.702855,2.632192,-5.421996
7.702845,2.632189,-5.422009
7.702835,2.632187,-5.422022
7.702825,2.632184,-5.422035
7.702814,2.632181,-5.422048
7.702804,2.632179,-5.422061
7.702795,2.632176,-5.422073
7.702785,2.632173,-5.422086
7.702775,2.632170,-5.422099
7.702765,2.632168,-5.422111
7.702755,2.632165,-5.422124
7.702746,2.632162,-5.422136
7.702736,2.632160,-5.422148
7.702726,2.632157,-5.422161
7.702717,2.632155,-5.422173
7.702707,2.632152,-5.422185
7.702698,2.632149,-5.422197
7.702689,2.632147,-5.422209
7.702679,2.632144,-5.422221
7.702670,2.632142,-5.422233
7.702661,2.632139,-5.422245
7.702652,2.632137,-5.422257
7.702642,2.632134,-5.422269
7.702633,2.632132,-5.422280
7.702624,2.632129,-5.422292
7.702615,2.632127,-5.422303
7.702606,2.632125,-5.422315
7.702597,2.632122,-5.422326
7.702589,2.632120,-5.422338
7.702580,2.632117,-5.422349
7.702571,2.632115,-5.422360
7.702562,2.632113,-5.422371
7.702554,2.632110,-5.422382
7.702545,2.632108,-5.422393
7.702537,2.632105,-5.422404
7.702528,2.632103,-5.422415
7.702519,2.632101,-5.422426
7.702511,2.632099,-5.422437
7.702503,2.632096,-5.422448
7.702494,2.632094,-5.422459
7.702486,2.632092,-5.422469
7.702478,2.632089,-5.422480
7.702469,2.632087,-5.422490
7.702461,2.632085,-5.422501
7.702453,2.632083,-5.422511
7.702445,2.632081,-5.422522
7.702437,2.632078,-5.422532
7.702429,2.632076,-5.422542
7.702421,2.632074,-5.422553
7.702413,2.632072,-5.422563
7.702405,2.632070,-5.422573
7.702397,2.632068,-5.422583
7.702390,2.632065,-5.422593
7.702382,2.632063,-5.422603
7.702374,2.632061,-5.422613
7.702366,2.632059,-5.422623
7.702359,2.632057,-5.422632
7.702351,2.632055,-5.422642
7.702344,2.632053,-5.422652
7.702336,2.632051,-5.422662
7.702329,2.632049,-5.422671
7.702321,2.632047,-5.422681
7.702314,2.632045,-5.422690
7.702306,2.632043,-5.422700
7.702299,2.632041,-5.422709
7.702292,2.632039,-5.422718
7.702285,2.632037,-5.422728
7.702277,2.632035,-5.422737
7.702270,2.632033,-5.422746
7.702263,2.632031,-5.422755
7.702256,2.632029,-5.422764
7.702249,2.632027,-5.422773
7.702242,2.632025,-5.422782
7.702235,2.632023,-5.422791
7.702228,2.632021,-5.422800
7.702221,2.632019,-5.422809
7.702214,2.632018,-5.422818
7.702207,2.632016,-5.422827
7.702201,2.632014,-5.422835
7.702194,2.632012,-5.422844
7.702187,2.632010,-5.422853
7.702180,2.632008,-5.422861
7.702174,2.632007,-5.422870
7.702167,2.632005,-5.422878
7.702160,2.632003,-5.422887
7.702154,2.632001,-5.422895
7.702147,2.631999,-5.422904
7.702141,2.631998,-5.422912
7.702134,2.631996,-5.422920
7.702128,2.631994,-5.422929
7.702122,2.631992,-5.422937
7.702115,2.631991,-5.422945
7.702109,2.631989,-5.422953
7.702103,2.631987,-5.422961
7.702096,2.631985,-5.422969
7.702090,2.631984,-5.422977
7.702084,2.631982,-5.422985
7.702078,2.631980,-5.422993
7.702072,2.631979,-5.423001
7.702066,2.631977,-5.423009
7.702060,2.631975,-5.423016
7.702054,2.631974,-5.423024
7.702048,2.631972,-5.423032
7.702042,2.631971,-5.423039
7.702036,2.631969,-5.423047
7.702030,2.631967,-5.423055
7.702024,2.631966,-5.423062
7.702018,2.631964,-5.423070
7.702012,2.631963,-5.423077
7.702006,2.631961,-5.423084
7.702001,2.631959,-5.423092
7.701995,2.631958,-5.423099
7.701989,2.631956,-5.423107
7.701984,2.631955,-5.423114
7.701978,2.631953,-5.423121
7.701972,2.631952,-5.423128
7.701967,2.631950,-5.423135
7.701961,2.631949,-5.423142
7.701956,2.631947,-5.423149
7.701950,2.631946,-5.423157
7.701945,2.631944,-5.423164
7.701939,2.631943,-5.423170
7.701934,2.631941,-5.423177
7.701929,2.631940,-5.423184
7.701923,2.631938,-5.423191
7.701918,2.631937,-5.423198
7.701913,2.631935,-5.423205
7.701907,2.631934,-5.423211
7.701902,2.631933,-5.423218
7.701897,2.631931,-5.423225
7.701892,2.631930,-5.423232
7.701887,2.631928,-5.423238
7.701882,2.631927,-5.423245
7.701876,2.631925,-5.423251
7.701871,2.631924,-5.423258
7.701866,2.631923,-5.423264
7.701861,2.631921,-5.423271
7.701856,2.631920,-5.423277
7.701851,2.631919,-5.423283
7.701846,2.631917,-5.423290
7.701842,2.631916,-5.423296
7.701837,2.631915,-5.423302
7.701832,2.631913,-5.423309
7.701827,2.631912,-5.423315
7.701822,2.631911,-5.423321
7.701817,2.631909,-5.423327
7.701813,2.631908,-5.423333
7.701808,2.631907,-5.423339
7.701803,2.631906,-5.423345
7.701799,2.631904,-5.423351
7.701794,2.631903,-5.423357
7.701789,2.631902,-5.423363
7.701785,2.631900,-5.423369
7.701780,2.631899,-5.423375
7.701775,2.631898,-5.423381
7.701771,2.631897,-5.423387
7.701766,2.631895,-5.423392
7.701762,2.631894,-5.423398
7.701757,2.631893,-5.423404
7.701753,2.631892,-5.423410
7.701749,2.631891,-5.423415
7.701744,2.631889,-5.423421
7.701740,2.631888,-5.423427
7.701735,2.631887,-5.423432
7.701731,2.631886,-5.423438
7.701727,2.631885,-5.423443
7.701723,2.631884,-5.423449
7.701718,2.631882,-5.423454
7.701714,2.631881,-5.423460
7.701710,2.631880,-5.423465
7.701706,2.631879,-5.423470
7.701701,2.631878,-5.423476
7.701697,2.631877,-5.423481
7.701693,2.631876,-5.423486
7.701689,2.631874,-5.423492
7.701685,2.631873,-5.423497
7.701681,2.631872,-5.423502
7.701677,2.631871,-5.423507
7.701673,2.631870,-5.423512
7.701669,2.631869,-5.423517
7.701665,2.631868,-5.423523
7.701661,2.631867,-5.423528
7.701657,2.631866,-5.423533
7.701653,2.631865,-5.423538
7.701649,2.631864,-5.423543
7.701645,2.631862,-5.423548
7.701641,2.631861,-5.423553
7.701638,2.631860,-5.423558
7.701634,2.631859,-5.423562
7.701630,2.631858,-5.423567
7.701626,2.631857,-5.423572
7.701623,2.631856,-5.423577
7.701619,2.631855,-5.423582
7.701615,2.631854,-5.423587
7.701611,2.631853,-5.423591
7.701608,2.631852,-5.423596
7.701604,2.631851,-5.423601
7.701600,2.631850,-5.423605
7.701597,2.631849,-5.423610
7.701593,2.631848,-5.423615
7.701590,2.631847,-5.423619
7.701586,2.631846,-5.423624
7.701583,2.631845,-5.423628
7.701579,2.631844,-5.423633
7.701575,2.631843,-5.423637
7.701572,2.631842,-5.423642
7.701569,2.631842,-5.423646
7.701565,2.631841,-5.423651
7.701562,2.631840,-5.423655
7.701558,2.631839,-5.423659
7.701555,2.631838,-5.423664
7.701551,2.631837,-5.423668
7.701548,2.631836,-5.423672
7.701545,2.631835,-5.423677
7.701541,2.631834,-5.423681
7.701538,2.631833,-5.423685
7.701535,2.631832,-5.423689
7.701532,2.631831,-5.423694
7.701528,2.631831,-5.423698
7.701525,2.631830,-5.423702
7.701522,2.631829,-5.423706
7.701519,2.631828,-5.423710
7.701515,2.631827,-5.423714
7.701512,2.631826,-5.423718
7.701509,2.631825,-5.423722
7.701506,2.631824,-5.423726
7.701503,2.631824,-5.423730
7.701500,2.631823,-5.423734
7.701497,2.631822,-5.423738
7.701494,2.631821,-5.423742
7.701491,2.631820,-5.423746
7.701487,2.631819,-5.423750
7.701484,2.631819,-5.423754
7.701481,2.631818,-5.423758
7.701478,2.631817,-5.423762
7.701475,2.631816,-5.423766
7.701472,2.631815,-5.423769
7.701470,2.631815,-5.423773
7.701467,2.631814,-5.423777
7.701464,2.631813,-5.423781
7.701461,2.631812,-5.423784
7.701458,2.631811,-5.423788
7.701455,2.631811,-5.423792
7.701452,2.631810,-5.423795
7.701449,2.631809,-5.423799
7.701447,2.631808,-5.423803
7.701444,2.631807,-5.423806
7.701441,2.631807,-5.423810
7.701438,2.631806,-5.423813
7.701435,2.631805,-5.423817
7.701433,2.631804,-5.423821
7.701430,2.631804,-5.423824
7.701427,2.631803,-5.423828
7.701424,2.631802,-5.423831
7.701422,2.631801,-5.423834
7.701419,2.631801,-5.423838
7.701416,2.631800,-5.423841
7.701414,2.631799,-5.423845
7.701411,2.631799,-5.423848
7.701408,2.631798,-5.423852
7.701406,2.631797,-5.423855
7.701403,2.631796,-5.423858
7.701401,2.631796,-5.423862
7.756620,2.657131,-5.389602
7.805648,2.679425,-5.360072
7.848983,2.698899,-5.334876
7.887181,2.715854,-5.313576
7.920743,2.730557,-5.295780
7.950126,2.743242,-5.281133
7.975740,2.754117,-5.269319
7.997955,2.763366,-5.260051
8.017107,2.771151,-5.253073
8.033498,2.777619,-5.248154
8.047400,2.782898,-5.245087
8.059060,2.787104,-5.243685
8.068699,2.790340,-5.243779
8.076517,2.792697,-5.245219
8.082694,2.794260,-5.247868
8.087393,2.795100,-5.251605
8.090759,2.795286,-5.256319
8.092924,2.794876,-5.261911
8.094007,2.793924,-5.268292
8.094115,2.792479,-5.275381
8.093343,2.790584,-5.283107
8.091779,2.788277,-5.291405
8.089499,2.785595,-5.300215
8.086575,2.782568,-5.309486
8.083068,2.779226,-5.319169
8.079037,2.775595,-5.329222
8.074532,2.771698,-5.339607
8.069598,2.767555,-5.350288
8.064279,2.763186,-5.361236
8.058609,2.758608,-5.372421
8.052624,2.753837,-5.383818
8.046353,2.748887,-5.395405
8.039824,2.743770,-5.407160
8.033060,2.738498,-5.419066
8.026084,2.733081,-5.431106
8.018915,2.727529,-5.443265
8.011571,2.721850,-5.455529
8.004068,2.716052,-5.467886
7.996421,2.710142,-5.480325
7.988642,2.704126,-5.492836
7.980743,2.698009,-5.505410
7.972735,2.691798,-5.518040
7.964626,2.685496,-5.530717
7.956426,2.679109,-5.543436
7.948142,2.672638,-5.556191
7.939780,2.666089,-5.568975
7.931347,2.659465,-5.581784
7.922849,2.652767,-5.594615
7.914290,2.645999,-5.607462
7.905676,2.639164,-5.620323
7.897009,2.632262,-5.633194
7.888293,2.625297,-5.646072
7.879533,2.618270,-5.658955
7.870730,2.611182,-5.671840
7.861888,2.604035,-5.684726
7.853008,2.596830,-5.697609
7.844094,2.589569,-5.710489
7.835146,2.582252,-5.723363
7.826167,2.574880,-5.736230
7.817158,2.567455,-5.749090
7.808121,2.559977,-5.761940
7.799056,2.552448,-5.774780
7.789966,2.544866,-5.787608
7.780851,2.537234,-5.800424
7.771711,2.529552,-5.813227
7.762548,2.521820,-5.826015
7.753363,2.514039,-5.838789
7.744156,2.506209,-5.851548
7.734928,2.498330,-5.864290
7.725680,2.490404,-5.877016
7.716411,2.482430,-5.889725
7.707122,2.474408,-5.902416
7.697815,2.466339,-5.915089
7.688488,2.458224,-5.927744
7.679143,2.450062,-5.940380
7.669780,2.441854,-5.952996
7.660398,2.433599,-5.965593
7.650999,2.425299,-5.978171
7.641583,2.416953,-5.990727
7.632149,2.408561,-6.003264
7.622698,2.400124,-6.015780
7.613230,2.391642,-6.028274
7.603746,2.383114,-6.040748
7.594244,2.374542,-6.053199
7.584727,2.365925,-6.065629
7.575193,2.357263,-6.078037
7.565642,2.348556,-6.090423
7.556076,2.339805,-6.102787
7.546493,2.331010,-6.115127
7.536895,2.322170,-6.127445
7.527280,2.313287,-6.139740
7.517650,2.304359,-6.152012
7.508004,2.295387,-6.164261
7.498342,2.286372,-6.176485
7.488665,2.277313,-6.188687
7.478972,2.268210,-6.200864
7.469264,2.259064,-6.213017
7.459540,2.249874,-6.225146
7.449801,2.240641,-6.237250
7.440046,2.231364,-6.249330
7.430276,2.222044,-6.261386
7.420491,2.212682,-6.273416
7.410690,2.203276,-6.285421
7.400875,2.193827,-6.297401
7.391044,2.184335,-6.309356
7.381198,2.174801,-6.321285
7.371337,2.165224,-6.333189
7.361461,2.155604,-6.345067
7.351570,2.145942,-6.356919
7.341663,2.136238,-6.368745
7.331742,2.126491,-6.380544
7.321806,2.116701,-6.392318
7.311855,2.106870,-6.404064
7.301889,2.096996,-6.415784
7.291909,2.087081,-6.427478
7.281913,2.077123,-6.439144
7.271903,2.067124,-6.450783
7.261878,2.057083,-6.462395
7.251838,2.047000,-6.473980
7.241784,2.036876,-6.485537
7.231714,2.026710,-6.497066
7.221631,2.016502,-6.508567
7.211532,2.006253,-6.520041
7.201419,1.995963,-6.531487
7.191291,1.985632,-6.542904
7.181149,1.975260,-6.554293
7.170993,1.964847,-6.565653
7.160822,1.954392,-6.576985
7.150636,1.943897,-6.588288
7.140436,1.933361,-6.599562
7.130221,1.922785,-6.610807
7.119993,1.912168,-6.622023
7.109749,1.901510,-6.633210
7.099492,1.890812,-6.644367
7.089220,1.880074,-6.655495
7.078934,1.869296,-6.666593
7.068634,1.858477,-6.677661
7.058319,1.847618,-6.688699
7.047990,1.836720,-6.699706
7.037648,1.825781,-6.710684
7.027290,1.814803,-6.721631
7.016919,1.803785,-6.732548
7.006534,1.792728,-6.743434
6.996135,1.781631,-6.754289
6.985721,1.770494,-6.765114
6.975294,1.759319,-6.775907
6.964853,1.748104,-6.786669
6.954397,1.736850,-6.797400
6.943928,1.725557,-6.808099
6.933445,1.714225,-6.818767
6.922948,1.702854,-6.829403
6.912437,1.691444,-6.840007
6.901912,1.679996,-6.850579
6.891374,1.668509,-6.861119
6.880822,1.656984,-6.871627
6.870256,1.645421,-6.882103
6.859676,1.633819,-6.892546
6.849082,1.622179,-6.902957
6.838475,1.610501,-6.913334
6.827855,1.598785,-6.923679
6.817220,1.587032,-6.933991
6.806572,1.575240,-6.944270
6.795911,1.563411,-6.954515
6.785236,1.551544,-6.964728
6.774547,1.539640,-6.974906
6.763845,1.527699,-6.985051
6.753130,1.515720,-6.995163
6.742401,1.503704,-7.005240
6.731659,1.491651,-7.015284
6.720903,1.479561,-7.025293
6.710135,1.467434,-7.035268
6.699352,1.455271,-7.045209
6.688557,1.443071,-7.055115
6.677748,1.430834,-7.064987
6.666926,1.418561,-7.074824
6.656091,1.406252,-7.084626
6.645243,1.393907,-7.094393
6.634381,1.381525,-7.104125
6.623506,1.369107,-7.113822
6.612619,1.356654,-7.123484
6.601718,1.344165,-7.133110
6.590804,1.331640,-7.142700
6.579877,1.319079,-7.152255
6.568938,1.306483,-7.161774
6.557985,1.293852,-7.171257
6.547019,1.281186,-7.180704
6.536041,1.268484,-7.190115
6.525049,1.255747,-7.199489
6.514045,1.242976,-7.208828
6.503028,1.230170,-7.218129
6.491998,1.217329,-7.227394
6.480956,1.204453,-7.236622
6.469901,1.191543,-7.245814
6.458833,1.178599,-7.254968
6.447752,1.165620,-7.264086
6.436659,1.152607,-7.273166
6.425553,1.139561,-7.282208
6.414434,1.126480,-7.291214
6.403303,1.113366,-7.300182
6.392160,1.100218,-7.309112
6.381004,1.087036,-7.318004
6.369835,1.073821,-7.326859
6.358654,1.060573,-7.335675
6.347461,1.047291,-7.344453
6.336255,1.033977,-7.353193
6.325037,1.020629,-7.361895
6.313806,1.007249,-7.370559
6.302564,0.993836,-7.379183
6.291309,0.980390,-7.387770
6.280041,0.966912,-7.396317
6.268762,0.953402,-7.404825
6.257470,0.939859,-7.413295
6.246167,0.926284,-7.421725
6.234851,0.912677,-7.430116
6.223523,0.899038,-7.438468
6.212183,0.885368,-7.446781
6.200831,0.871665,-7.455053
6.189466,0.857932,-7.463287
6.178090,0.844166,-7.471480
6.166702,0.830370,-7.479634
6.155302,0.816542,-7.487748
6.143891,0.802684,-7.495821
6.132467,0.788794,-7.503855
6.121031,0.774874,-7.511848
6.109584,0.760923,-7.519801
6.098125,0.746941,-7.527713
6.086654,0.732929,-7.535585
6.075171,0.718887,-7.543416
6.063677,0.704814,-7.551206
6.052171,0.690712,-7.558956
6.040654,0.676579,-7.566664
6.029125,0.662417,-7.574332
6.017584,0.648225,-7.581958
6.006032,0.634004,-7.589543
5.994468,0.619753,-7.597086
5.982893,0.605472,-7.604588
5.971306,0.591163,-7.612049
5.959708,0.576825,-7.619468
5.948099,0.562458,-7.626845
5.936478,0.548061,-7.634180
5.924846,0.533637,-7.641473
5.913202,0.519184,-7.648724
5.901547,0.504702,-7.655933
5.889881,0.490192,-7.663100
5.878204,0.475654,-7.670224
5.866516,0.461088,-7.677306
5.854816,0.446494,-7.684346
5.843106,0.431873,-7.691342
5.831384,0.417224,-7.698296
5.819651,0.402547,-7.705208
5.807907,0.387843,-7.712076
5.796152,0.373112,-7.718901
5.784387,0.358353,-7.725683
5.772610,0.343568,-7.732422
5.760822,0.328756,-7.739118
5.749024,0.313917,-7.745770
5.737214,0.299052,-7.752379
5.725394,0.284160,-7.758944
5.713563,0.269243,-7.765466
5.701721,0.254298,-7.771944
5.689869,0.239328,-7.778378
5.678006,0.224332,-7.784768
5.666132,0.209311,-7.791114
5.654247,0.194263,-7.797417
5.642352,0.179191,-7.803675
5.630447,0.164093,-7.809888
5.618530,0.148969,-7.816058
5.606604,0.133821,-7.822183
5.594666,0.118648,-7.828263
5.582719,0.103450,-7.834299
5.570760,0.088227,-7.840290
5.558792,0.072980,-7.846236
5.546813,0.057708,-7.852138
5.534824,0.042412,-7.857994
5.522824,0.027093,-7.863806
5.510815,0.011749,-7.869573
5.498794,-0.003619,-7.875294
5.486764,-0.019010,-7.880970
5.474724,-0.034425,-7.886601
5.462673,-0.049863,-7.892186
5.450613,-0.065325,-7.897726
5.438542,-0.080809,-7.903220
5.426461,-0.096317,-7.908669
5.414370,-0.111847,-7.914072
5.402269,-0.127400,-7.919429
5.390158,-0.142976,-7.924740
5.378038,-0.158574,-7.930005
5.365907,-0.174194,-7.935225
5.353766,-0.189836,-7.940398
5.341616,-0.205501,-7.945525
5.329456,-0.221187,-7.950605
5.317286,-0.236895,-7.955640
5.305106,-0.252624,-7.960627
5.292916,-0.268375,-7.965569
5.280717,-0.284147,-7.970464
5.268509,-0.299940,-7.975312
5.256290,-0.315754,-7.980114
5.244062,-0.331589,-7.984868
5.231824,-0.347445,-7.989576
5.219577,-0.363321,-7.994237
5.207321,-0.379218,-7.998851
5.195055,-0.395135,-8.003418
5.182779,-0.411072,-8.007938
5.170494,-0.427028,-8.012411
5.158200,-0.443005,-8.016836
5.145896,-0.459001,-8.021214
5.133583,-0.475017,-8.025545
5.121261,-0.491053,-8.029828
5.108929,-0.507107,-8.034064
5.096589,-0.523181,-8.038252
5.084239,-0.539273,-8.042392
5.071880,-0.555384,-8.046485
5.059511,-0.571514,-8.050530
5.047134,-0.587663,-8.054527
5.034748,-0.603829,-8.058476
5.022352,-0.620014,-8.062377
5.009948,-0.636217,-8.066230
4.997534,-0.652438,-8.070035
4.985112,-0.668676,-8.073792
4.972681,-0.684932,-8.077500
4.960241,-0.701206,-8.081161
4.947792,-0.717497,-8.084772
4.935334,-0.733805,-8.088336
4.922867,-0.750130,-8.091851
4.910392,-0.766472,-8.095318
4.897908,-0.782830,-8.098736
4.885415,-0.799205,-8.102105
4.872914,-0.815597,-8.105425
4.860404,-0.832004,-8.108697
4.847885,-0.848428,-8.111920
4.835358,-0.864868,-8.115094
4.822823,-0.881323,-8.118220
4.810278,-0.897794,-8.121296
4.797726,-0.914281,-8.124323
4.785165,-0.930783,-8.127301
4.772595,-0.947300,-8.130230
4.760017,-0.963832,-8.133110
4.747431,-0.980379,-8.135941
4.734837,-0.996941,-8.138722
4.722234,-1.013517,-8.141454
4.709623,-1.030108,-8.144136
4.697004,-1.046712,-8.146770
4.684376,-1.063331,-8.149353
4.671741,-1.079964,-8.151887
4.659097,-1.096611,-8.154372
4.646445,-1.113272,-8.156806
4.633785,-1.129946,-8.159191
4.621117,-1.146633,-8.161527
4.608441,-1.163333,-8.163812
4.595758,-1.180047,-8.166048
4.583066,-1.196773,-8.168234
4.570366,-1.213512,-8.170370
4.557659,-1.230263,-8.172456
4.544943,-1.247027,-8.174492
4.532220,-1.263804,-8.176477
4.519489,-1.280592,-8.178413
4.506751,-1.297392,-8.180299
4.494004,-1.314204,-8.182134
4.481250,-1.331028,-8.183919
4.468489,-1.347863,-8.185654
4.455719,-1.364709,-8.187339
4.442943,-1.381567,-8.188973
4.430158,-1.398436,-8.190557
4.417366,-1.415315,-8.192091
4.404567,-1.432205,-8.193574
4.391760,-1.449106,-8.195006
4.378946,-1.466017,-8.196388
4.366124,-1.482938,-8.197719
4.353295,-1.499870,-8.199000
4.340459,-1.516811,-8.200230
4.327615,-1.533762,-8.201409
4.314764,-1.550722,-8.202538
4.301906,-1.567692,-8.203616
4.289041,-1.584671,-8.204643
4.276168,-1.601660,-8.205619
4.263288,-1.618657,-8.206545
4.250402,-1.635663,-8.207419
4.237508,-1.652678,-8.208243
4.224607,-1.669701,-8.209015
4.211699,-1.686733,-8.209737
4.198785,-1.703773,-8.210408
4.185863,-1.720820,-8.211027
4.172934,-1.737876,-8.211596
4.159999,-1.754939,-8.212113
4.147056,-1.772010,-8.212579
4.134107,-1.789088,-8.212994
4.121151,-1.806173,-8.213358
4.108188,-1.823266,-8.213671
4.095219,-1.840365,-8.213932
4.082243,-1.857471,-8.214142
4.069260,-1.874584,-8.214301
4.056271,-1.891703,-8.214409
4.043275,-1.908828,-8.214465
4.030272,-1.925959,-8.214470
4.017263,-1.943097,-8.214423
4.004248,-1.960240,-8.214325
3.991226,-1.977388,-8.214176
3.978197,-1.994543,-8.213975
3.965162,-2.011702,-8.213722
3.952121,-2.028867,-8.213418
3.939074,-2.046036,-8.213063
3.926020,-2.063210,-8.212656
3.912960,-2.080389,-8.212198
3.899893,-2.097573,-8.211687
3.886821,-2.114761,-8.211126
3.873742,-2.131953,-8.210512
3.860657,-2.149149,-8.209847
3.847566,-2.166349,-8.209131
3.834469,-2.183552,-8.208362
3.821366,-2.200759,-8.207543
3.808257,-2.217970,-8.206671
3.795142,-2.235183,-8.205747
3.782021,-2.252400,-8.204772
3.768894,-2.269620,-8.203746
3.755761,-2.286842,-8.202667
3.742623,-2.304067,-8.201537
3.729478,-2.321294,-8.200354
3.716328,-2.338523,-8.199120
3.703172,-2.355755,-8.197835
3.690010,-2.372989,-8.196497
3.676843,-2.390224,-8.195108
3.663670,-2.407461,-8.193667
3.650491,-2.424699,-8.192174
3.637306,-2.441938,-8.190629
3.624117,-2.459179,-8.189032
3.610921,-2.476421,-8.187383
3.597720,-2.493663,-8.185683
3.584514,-2.510906,-8.183931
3.571302,-2.528150,-8.182126
3.558085,-2.545393,-8.180270
3.544862,-2.562637,-8.178362
3.531634,-2.579881,-8.176402
3.518401,-2.597125,-8.174391
3.505162,-2.614368,-8.172327
3.491919,-2.631611,-8.170211
3.478670,-2.648853,-8.168044
3.465415,-2.666095,-8.165824
3.452156,-2.683335,-8.163553
3.438892,-2.700574,-8.161230
3.425622,-2.717812,-8.158855
3.412348,-2.735049,-8.156428
3.399068,-2.752283,-8.153949
3.385783,-2.769516,-8.151418
3.372494,-2.786747,-8.148835
3.359199,-2.803976,-8.146201
3.345900,-2.821203,-8.143514
3.332596,-2.838427,-8.140776
3.319287,-2.855649,-8.137985
3.305973,-2.872868,-8.135143
3.292654,-2.890083,-8.132249
3.279331,-2.907296,-8.129303
3.266003,-2.924506,-8.126305
3.252670,-2.941712,-8.123256
3.239333,-2.958914,-8.120154
3.225991,-2.976113,-8.117001
3.212644,-2.993308,-8.113796
3.199293,-3.010499,-8.110539
3.185938,-3.027685,-8.107230
3.172578,-3.044868,-8.103869
3.159213,-3.062045,-8.100457
3.145844,-3.079218,-8.096992
3.132471,-3.096386,-8.093476
3.119093,-3.113549,-8.089909
3.105711,-3.130707,-8.086289
3.092325,-3.147860,-8.082618
3.078935,-3.165007,-8.078895
3.065540,-3.182148,-8.075120
3.052141,-3.199284,-8.071294
3.038738,-3.216413,-8.067416
3.025331,-3.233537,-8.063486
3.011919,-3.250654,-8.059505
2.998504,-3.267764,-8.055472
2.985084,-3.284868,-8.051387
2.971661,-3.301965,-8.047251
2.958234,-3.319055,-8.043063
2.944802,-3.336138,-8.038824
2.931367,-3.353214,-8.034533
2.917928,-3.370282,-8.030191
2.904485,-3.387343,-8.025797
2.891038,-3.404396,-8.021352
2.877588,-3.421441,-8.016855
2.864133,-3.438478,-8.012307
2.850675,-3.455506,-8.007707
2.837214,-3.472526,-8.003056
2.823748,-3.489538,-7.998354
2.810279,-3.506541,-7.993600
2.796807,-3.523535,-7.988795
2.783331,-3.540520,-7.983939
2.769851,-3.557496,-7.979031
2.756368,-3.574462,-7.974072
2.742881,-3.591419,-7.969062
2.729391,-3.608367,-7.964001
2.715898,-3.625304,-7.958889
2.702401,-3.642231,-7.953725
2.688901,-3.659148,-7.948511
2.675397,-3.676055,-7.943245
2.661890,-3.692952,-7.937928
2.648380,-3.709837,-7.932561
2.634867,-3.726712,-7.927142
2.621351,-3.743576,-7.921673
2.607831,-3.760429,-7.916152
2.594308,-3.777271,-7.910581
2.580783,-3.794101,-7.904958
2.567254,-3.810920,-7.899285
2.553722,-3.827726,-7.893561
2.540187,-3.844521,-7.887787
2.526649,-3.861304,-7.881962
2.513109,-3.878075,-7.876086
2.499565,-3.894833,-7.870159
2.486018,-3.911579,-7.864182
2.472469,-3.928312,-7.858154
2.458917,-3.945032,-7.852076
2.445362,-3.961739,-7.845947
2.431804,-3.978433,-7.839768
2.418244,-3.995113,-7.833538
2.404681,-4.011781,-7.827258
2.391115,-4.028434,-7.820927
2.377547,-4.045074,-7.814547
2.363976,-4.061699,-7.808116
2.350402,-4.078311,-7.801635
2.336826,-4.094908,-7.795103
2.323248,-4.111491,-7.788522
2.309667,-4.128060,-7.781890
2.296083,-4.144613,-7.775209
2.282498,-4.161152,-7.768477
2.268909,-4.177675,-7.761696
2.255319,-4.194184,-7.754864
2.241726,-4.210677,-7.747983
2.228131,-4.227154,-7.741052
2.214533,-4.243616,-7.734071
2.200934,-4.260062,-7.727041
2.187332,-4.276492,-7.719960
2.173728,-4.292906,-7.712831
2.160122,-4.309304,-7.705651
2.146514,-4.325685,-7.698422
2.132904,-4.342050,-7.691144
2.119291,-4.358398,-7.683816
2.105677,-4.374728,-7.676439
2.092061,-4.391042,-7.669012
2.078443,-4.407339,-7.661536
2.064823,-4.423618,-7.654011
2.051201,-4.439880,-7.646437
2.037577,-4.456124,-7.638814
2.023951,-4.472350,-7.631141
2.010324,-4.488559,-7.623420
1.996695,-4.504749,-7.615649
1.983064,-4.520921,-7.607830
1.969431,-4.537074,-7.599962
1.955797,-4.553209,-7.592045
1.942161,-4.569325,-7.584080
1.928524,-4.585422,-7.576065
1.914885,-4.601500,-7.568002
1.901244,-4.617559,-7.559891
1.887602,-4.633599,-7.551731
1.873958,-4.649619,-7.543522
1.860313,-4.665619,-7.535266
1.846667,-4.681600,-7.526961
1.833019,-4.697560,-7.518607
1.819369,-4.713501,-7.510206
1.805719,-4.729421,-7.501756
1.792067,-4.745321,-7.493258
1.778414,-4.761201,-7.484712
1.764759,-4.777059,-7.476119
1.751104,-4.792897,-7.467477
1.737447,-4.808714,-7.458788
1.723789,-4.824509,-7.450050
1.710130,-4.840284,-7.441266
1.696470,-4.856037,-7.432433
1.682809,-4.871768,-7.423553
1.669147,-4.887478,-7.414625
1.655483,-4.903165,-7.405650
1.641819,-4.918831,-7.396628
1.628154,-4.934474,-7.387558
1.614488,-4.950095,-7.378441
1.600821,-4.965694,-7.369277
1.587153,-4.981270,-7.360066
1.573485,-4.996823,-7.350808
1.559815,-5.012354,-7.341503
1.546145,-5.027861,-7.332151
1.532474,-5.043345,-7.322752
1.518803,-5.058806,-7.313307
1.505130,-5.074243,-7.303815
1.491457,-5.089656,-7.294276
1.477784,-5.105046,-7.284691
1.464110,-5.120412,-7.275059
1.450435,-5.135753,-7.265381
1.436760,-5.151071,-7.255656
1.423084,-5.166364,-7.245886
1.409408,-5.181633,-7.236069
1.395732,-5.196877,-7.226206
1.382055,-5.212096,-7.216297
1.368377,-5.227290,-7.206343
1.354700,-5.242459,-7.196342
1.341022,-5.257603,-7.186296
1.327344,-5.272721,-7.176204
1.313665,-5.287814,-7.166066
1.299986,-5.302882,-7.155883
1.286307,-5.317923,-7.145654
1.272628,-5.332939,-7.135381
1.258949,-5.347928,-7.125061
1.245269,-5.362892,-7.114697
1.231590,-5.377829,-7.104287
1.217911,-5.392739,-7.093833
1.204231,-5.407623,-7.083333
1.190551,-5.422480,-7.072789
1.176872,-5.437310,-7.062199
1.163193,-5.452113,-7.051566
1.149513,-5.466889,-7.040887
1.135834,-5.481637,-7.030164
1.122155,-5.496358,-7.019396
1.108476,-5.511052,-7.008584
1.094797,-5.525717,-6.997728
1.081119,-5.540355,-6.986828
1.067441,-5.554965,-6.975883
1.053763,-5.569546,-6.964895
1.040085,-5.584100,-6.953862
1.026408,-5.598624,-6.942786
1.012732,-5.613121,-6.931666
0.999055,-5.627588,-6.920502
0.985379,-5.642027,-6.909294
0.971704,-5.656436,-6.898044
0.958029,-5.670817,-6.886749
0.944354,-5.685168,-6.875412
0.930680,-5.699490,-6.864031
0.917007,-5.713783,-6.852607
0.903334,-5.728045,-6.841140
0.889662,-5.742278,-6.829630
0.875991,-5.756481,-6.818077
0.862320,-5.770654,-6.806482
0.848650,-5.784797,-6.794844
0.834981,-5.798910,-6.783163
0.821313,-5.812992,-6.771440
0.807645,-5.827043,-6.759674
0.793978,-5.841064,-6.747866
0.780313,-5.855054,-6.736016
0.766648,-5.869013,-6.724124
0.752983,-5.882941,-6.712190
0.739320,-5.896837,-6.700214
0.725658,-5.910702,-6.688196
0.711997,-5.924536,-6.676136
0.698337,-5.938338,-6.664035
0.684678,-5.952108,-6.651892
0.671020,-5.965847,-6.639708
0.657363,-5.979553,-6.627483
0.643708,-5.993227,-6.615216
0.630053,-6.006869,-6.602908
0.616400,-6.020479,-6.590560
0.602748,-6.034056,-6.578170
0.589097,-6.047600,-6.565740
0.575448,-6.061112,-6.553268
0.561799,-6.074591,-6.540757
0.548153,-6.088036,-6.528204
0.534507,-6.101449,-6.515612
0.520863,-6.114828,-6.502979
0.507221,-6.128174,-6.490306
0.493579,-6.141486,-6.477593
0.479940,-6.154765,-6.464839
0.466302,-6.168010,-6.452046
0.452665,-6.181221,-6.439214
0.439030,-6.194398,-6.426341
0.425396,-6.207541,-6.413429
0.411765,-6.220649,-6.400478
0.398134,-6.233723,-6.387487
0.384506,-6.246763,-6.374457
0.370879,-6.259768,-6.361388
0.357254,-6.272738,-6.348279
0.343631,-6.285673,-6.335132
0.330009,-6.298574,-6.321947
0.316389,-6.311439,-6.308722
0.302772,-6.324269,-6.295459
0.289155,-6.337063,-6.282157
0.275541,-6.349822,-6.268817
0.261929,-6.362546,-6.255439
0.248319,-6.375234,-6.242023
0.234711,-6.387886,-6.228569
0.221104,-6.400502,-6.215076
0.207500,-6.413082,-6.201546
0.193898,-6.425626,-6.187979
0.180298,-6.438133,-6.174373
0.166700,-6.450604,-6.160731
0.153104,-6.463039,-6.147051
0.139510,-6.475436,-6.133333
0.125919,-6.487797,-6.119579
0.112330,-6.500122,-6.105788
0.098743,-6.512409,-6.091959
0.085158,-6.524659,-6.078094
0.071575,-6.536872,-6.064193
0.057995,-6.549047,-6.050255
0.044417,-6.561185,-6.036280
0.030842,-6.573286,-6.022269
0.017269,-6.585349,-6.008222
0.003698,-6.597374,-5.994139
-0.009870,-6.609361,-5.980020
-0.023435,-6.621310,-5.965865
-0.036999,-6.633221,-5.951675
-0.050559,-6.645094,-5.937448
-0.064117,-6.656929,-5.923187
-0.077673,-6.668725,-5.908890
-0.091225,-6.680482,-5.894558
-0.104776,-6.692201,-5.880191
-0.118323,-6.703881,-5.865788
-0.131868,-6.715522,-5.851351
-0.145410,-6.727124,-5.836879
-0.158949,-6.738687,-5.822373
-0.172486,-6.750211,-5.807832
-0.186020,-6.761696,-5.793257
-0.199551,-6.773141,-5.778647
-0.213079,-6.784547,-5.764004
-0.226604,-6.795912,-5.749326
-0.240127,-6.807239,-5.734615
-0.253646,-6.818525,-5.719870
-0.267163,-6.829772,-5.705091
-0.280676,-6.840978,-5.690279
-0.294187,-6.852144,-5.675433
-0.307694,-6.863270,-5.660554
-0.321198,-6.874356,-5.645642
-0.334700,-6.885401,-5.630697
-0.348198,-6.896406,-5.615719
-0.361693,-6.907370,-5.600709
-0.375185,-6.918293,-5.585666
-0.388674,-6.929176,-5.570590
-0.402159,-6.940017,-5.555482
-0.415642,-6.950817,-5.540342
-0.429121,-6.961577,-5.525170
-0.442597,-6.972295,-5.509966
-0.456069,-6.982971,-5.494730
-0.469538,-6.993606,-5.479462
-0.483004,-7.004200,-5.464163
-0.496466,-7.014752,-5.448832
-0.509925,-7.025262,-5.433470
-0.523381,-7.035730,-5.418077
-0.536833,-7.046157,-5.402653
-0.550282,-7.056541,-5.387198
-0.563727,-7.066884,-5.371712
-0.577168,-7.077184,-5.356195
-0.590606,-7.087441,-5.340648
-0.604041,-7.097657,-5.325071
-0.617472,-7.107829,-5.309463
-0.630899,-7.117960,-5.293826
-0.644322,-7.128047,-5.278158
-0.657742,-7.138092,-5.262460
-0.671158,-7.148094,-5.246733
-0.684571,-7.158053,-5.230976
-0.697980,-7.167969,-5.215190
-0.711384,-7.177841,-5.199375
-0.724786,-7.187671,-5.183530
-0.738183,-7.197457,-5.167656
-0.751576,-7.207200,-5.151754
-0.764966,-7.216899,-5.135823
-0.778351,-7.226555,-5.119863
-0.791733,-7.236167,-5.103874
-0.805111,-7.245735,-5.087858
-0.818485,-7.255260,-5.071813
-0.831854,-7.264740,-5.055740
-0.845220,-7.274177,-5.039639
-0.858582,-7.283569,-5.023510
-0.871940,-7.292917,-5.007354
-0.885293,-7.302221,-4.991170
-0.898642,-7.311480,-4.974959
-0.911988,-7.320695,-4.958721
-0.925329,-7.329866,-4.942455
-0.938666,-7.338992,-4.926163
-0.951999,-7.348073,-4.909843
-0.965327,-7.357110,-4.893498
-0.978651,-7.366101,-4.877125
-0.991971,-7.375048,-4.860727
-1.005287,-7.383950,-4.844302
-1.018598,-7.392806,-4.827850
-1.031905,-7.401617,-4.811373
-1.045208,-7.410384,-4.794871
-1.058506,-7.419104,-4.778342
-1.071800,-7.427780,-4.761788
-1.085089,-7.436410,-4.745209
-1.098374,-7.444994,-4.728604
-1.111654,-7.453533,-4.711975
-1.124930,-7.462026,-4.695320
-1.138201,-7.470473,-4.678640
-1.151468,-7.478874,-4.661936
-1.164730,-7.487229,-4.645208
-1.177987,-7.495539,-4.628455
-1.191240,-7.503802,-4.611678
-1.204488,-7.512019,-4.594876
-1.217732,-7.520190,-4.578051
-1.230971,-7.528314,-4.561202
-1.244205,-7.536392,-4.544330
-1.257434,-7.544424,-4.527434
-1.270659,-7.552409,-4.510514
-1.283878,-7.560348,-4.493572
-1.297093,-7.568239,-4.476606
-1.310303,-7.576084,-4.459618
-1.323509,-7.583883,-4.442606
-1.336709,-7.591634,-4.425572
-1.349905,-7.599339,-4.408516
-1.363095,-7.606996,-4.391437
-1.376281,-7.614606,-4.374337
-1.389461,-7.622170,-4.357214
-1.402637,-7.629685,-4.340069
-1.415807,-7.637154,-4.322903
-1.428973,-7.644576,-4.305715
-1.442133,-7.651949,-4.288505
-1.455289,-7.659276,-4.271275
-1.468439,-7.666555,-4.254023
-1.481584,-7.673786,-4.236750
-1.494724,-7.680970,-4.219457
-1.507859,-7.688106,-4.202143
-1.520989,-7.695194,-4.184808
-1.534113,-7.702234,-4.167453
-1.547232,-7.709226,-4.150078
-1.560346,-7.716171,-4.132683
-1.573455,-7.723067,-4.115267
-1.586558,-7.729915,-4.097832
-1.599656,-7.736715,-4.080378
-1.612748,-7.743467,-4.062904
-1.625836,-7.750171,-4.045411
-1.638917,-7.756826,-4.027898
-1.651994,-7.763433,-4.010367
-1.665065,-7.769991,-3.992817
-1.678130,-7.776501,-3.975248
-1.691190,-7.782962,-3.957661
-1.704245,-7.789375,-3.940055
-1.717294,-7.795739,-3.922431
-1.730337,-7.802054,-3.904789
-1.743375,-7.808321,-3.887129
-1.756408,-7.814538,-3.869451
-1.769434,-7.820707,-3.851756
-1.782455,-7.826827,-3.834043
-1.795471,-7.832898,-3.816313
-1.808481,-7.838920,-3.798566
-1.821485,-7.844892,-3.780802
-1.834483,-7.850816,-3.763021
-1.847476,-7.856690,-3.745223
-1.860462,-7.862516,-3.727409
-1.873443,-7.868291,-3.709578
-1.886419,-7.874018,-3.691732
-1.899388,-7.879695,-3.673869
-1.912352,-7.885323,-3.655990
-1.925310,-7.890901,-3.638096
-1.938261,-7.896430,-3.620186
-1.951207,-7.901909,-3.602260
-1.964147,-7.907338,-3.584320
-1.977082,-7.912718,-3.566364
-1.990010,-7.918048,-3.548393
-2.002932,-7.923329,-3.530408
-2.015848,-7.928559,-3.512408
-2.028758,-7.933740,-3.494393
-2.041662,-7.938871,-3.476364
-2.054560,-7.943952,-3.458321
-2.067452,-7.948983,-3.440264
-2.080338,-7.953963,-3.422193
-2.093217,-7.958894,-3.404108
-2.106091,-7.963775,-3.386010
-2.118958,-7.968606,-3.367899
-2.131820,-7.973386,-3.349774
-2.144675,-7.978117,-3.331636
-2.157523,-7.982797,-3.313486
-2.170366,-7.987426,-3.295323
-2.183202,-7.992006,-3.277147
-2.196032,-7.996535,-3.258958
-2.208856,-8.001014,-3.240758
-2.221673,-8.005442,-3.222545
-2.234484,-8.009820,-3.204320
-2.247288,-8.014147,-3.186084
-2.260087,-8.018424,-3.167836
-2.272878,-8.022650,-3.149577
-2.285664,-8.026826,-3.131306
-2.298443,-8.030951,-3.113024
-2.311215,-8.035025,-3.094731
-2.323981,-8.039049,-3.076427
-2.336741,-8.043022,-3.058113
-2.349493,-8.046944,-3.039788
-2.362240,-8.050816,-3.021453
-2.374980,-8.054636,-3.003108
-2.387713,-8.058406,-2.984753
-2.400440,-8.062125,-2.966388
-2.413160,-8.065793,-2.948013
-2.425873,-8.069410,-2.929628
-2.438580,-8.072976,-2.911235
-2.451280,-8.076491,-2.892832
-2.463973,-8.079955,-2.874420
-2.476660,-8.083368,-2.855999
-2.489340,-8.086731,-2.837570
-2.502013,-8.090042,-2.819132
-2.514679,-8.093302,-2.800685
-2.527339,-8.096510,-2.782230
-2.539992,-8.099668,-2.763768
-2.552638,-8.102774,-2.745297
-2.565277,-8.105830,-2.726819
-2.577909,-8.108834,-2.708333
-2.590535,-8.111787,-2.689839
-2.603153,-8.114688,-2.671339
-2.615765,-8.117539,-2.652831
-2.628369,-8.120338,-2.634316
-2.640967,-8.123085,-2.615795
-2.653558,-8.125782,-2.597267
-2.666141,-8.128427,-2.578732
-2.678718,-8.131021,-2.560191
-2.691288,-8.133563,-2.541644
-2.703850,-8.136054,-2.523092
-2.716406,-8.138494,-2.504533
-2.728954,-8.140882,-2.485969
-2.741496,-8.143218,-2.467399
-2.754030,-8.145504,-2.448824
-2.766557,-8.147738,-2.430244
-2.779077,-8.149920,-2.411659
-2.791589,-8.152051,-2.393069
-2.804095,-8.154130,-2.374474
-2.816593,-8.156158,-2.355875
-2.829084,-8.158134,-2.337272
-2.841568,-8.160059,-2.318664
-2.854045,-8.161932,-2.300053
-2.866514,-8.163754,-2.281437
-2.878976,-8.165524,-2.262818
-2.891431,-8.167243,-2.244196
-2.903878,-8.168910,-2.225570
-2.916318,-8.170525,-2.206941
-2.928751,-8.172089,-2.188309
-2.941176,-8.173601,-2.169674
-2.953594,-8.175062,-2.151036
-2.966005,-8.176471,-2.132396
-2.978408,-8.177829,-2.113753
-2.990803,-8.179134,-2.095109
-3.003191,-8.180389,-2.076462
-3.015572,-8.181591,-2.057813
-3.027945,-8.182742,-2.039163
-3.040310,-8.183842,-2.020511
-3.052668,-8.184890,-2.001858
-3.065019,-8.185886,-1.983204
-3.077362,-8.186830,-1.964548
-3.089697,-8.187723,-1.945892
-3.102025,-8.188564,-1.927235
-3.114345,-8.189354,-1.908577
-3.126657,-8.190092,-1.889919
-3.138962,-8.190779,-1.871261
-3.151259,-8.191413,-1.852603
-3.163548,-8.191997,-1.833944
-3.175830,-8.192528,-1.815286
-3.188104,-8.193008,-1.796629
-3.200370,-8.193437,-1.777972
-3.212629,-8.193814,-1.759316
-3.224879,-8.194139,-1.740660
-3.237122,-8.194413,-1.722006
-3.249357,-8.194635,-1.703353
-3.261584,-8.194805,-1.684702
-3.273804,-8.194924,-1.666052
-3.286015,-8.194992,-1.647403
-3.298219,-8.195008,-1.628757
-3.310415,-8.194972,-1.610113
-3.322603,-8.194885,-1.591471
-3.334782,-8.194747,-1.572831
-3.346954,-8.194556,-1.554194
-3.359118,-8.194315,-1.535559
-3.371275,-8.194022,-1.516928
-3.383423,-8.193677,-1.498299
-3.395563,-8.193281,-1.479674
-3.407695,-8.192834,-1.461052
-3.419819,-8.192335,-1.442434
-3.431935,-8.191785,-1.423819
-3.444043,-8.191184,-1.405208
-3.456143,-8.190531,-1.386601
-3.468234,-8.189826,-1.367998
-3.480318,-8.189071,-1.349400
-3.492393,-8.188264,-1.330806
-3.504461,-8.187406,-1.312217
-3.516520,-8.186496,-1.293633
-3.528571,-8.185536,-1.275054
-3.540614,-8.184524,-1.256479
-3.552648,-8.183460,-1.237911
-3.564675,-8.182346,-1.219347
-3.576693,-8.181180,-1.200790
-3.588703,-8.179964,-1.182238
-3.600705,-8.178696,-1.163692
-3.612698,-8.177377,-1.145152
-3.624683,-8.176007,-1.126619
-3.636660,-8.174586,-1.108092
-3.648628,-8.173114,-1.089571
-3.660588,-8.171590,-1.071057
-3.672540,-8.170016,-1.052551
-3.684483,-8.168391,-1.034051
-3.696418,-8.166715,-1.015559
-3.708345,-8.164988,-0.997074
-3.720263,-8.163210,-0.978597
-3.732173,-8.161382,-0.960127
-3.744074,-8.159502,-0.941666
-3.755967,-8.157572,-0.923212
-3.767851,-8.155591,-0.904767
-3.779727,-8.153559,-0.886330
-3.791595,-8.151477,-0.867901
-3.803453,-8.149343,-0.849482
-3.815304,-8.147160,-0.831071
-3.827146,-8.144925,-0.812669
-3.838979,-8.142640,-0.794277
-3.850803,-8.140305,-0.775893
-3.862619,-8.137918,-0.757520
-3.874427,-8.135482,-0.739156
-3.886226,-8.132995,-0.720802
-3.898016,-8.130458,-0.702458
-3.909797,-8.127870,-0.684124
-3.921570,-8.125232,-0.665800
-3.933334,-8.122543,-0.647487
-3.945090,-8.119805,-0.629184
-2.961476,-7.153430,-1.652551
-2.955099,-7.177459,-1.634788
-2.948026,-7.201833,-1.617544
-2.940261,-7.226555,-1.600818
-2.931805,-7.251629,-1.584608
-2.922660,-7.277056,-1.568914
-2.912828,-7.302840,-1.553736
-2.902573,-7.328565,-1.539046
-2.892758,-7.353619,-1.525058
-2.884088,-7.377777,-1.512051
-2.876461,-7.401126,-1.499989
-2.869781,-7.423745,-1.488834
-2.863964,-7.445708,-1.478555
-2.858931,-7.466160,-1.468734
-2.854610,-7.905708,-1.459128
-2.850658,-8.123563,-1.450389
-2.847186,-8.176641,-1.442104
-2.844250,-8.224523,-1.433992
-2.841802,-8.267717,-1.426036
-2.839798,-8.306681,-1.418221
-2.838198,-8.341830,-1.410535
-2.836965,-8.373537,-1.402966
-2.836064,-8.402139,-1.395506
-2.835464,-8.427939,-1.388146
-2.835136,-8.451212,-1.380879
-3.611837,-8.472204,-1.373698
-3.660972,-8.491521,-1.365890
-3.678738,-8.508991,-1.358129
-3.694944,-8.524780,-1.350439
-3.709745,-8.539054,-1.342816
-3.723282,-8.551959,-1.335258
-3.735682,-8.563629,-1.327762
-3.747057,-8.574186,-1.320325
-3.757511,-8.583736,-1.312946
-3.767133,-8.592379,-1.305623
-3.776008,-8.600203,-1.298354
-3.784208,-8.607288,-1.291136
-3.791802,-8.613706,-1.283970
-3.798847,-8.619522,-1.276853
-3.805399,-8.624794,-1.269784
-3.811506,-8.629575,-1.262762
-3.817211,-8.633914,-1.255786
-3.822553,-8.637853,-1.248856
-3.827567,-8.641431,-1.241969
-3.832286,-8.644683,-1.235126
-3.836737,-8.647641,-1.228325
-3.840947,-8.650333,-1.221566
-3.844937,-8.652786,-1.214848
-3.848729,-8.655022,-1.208171
-3.852342,-8.657062,-1.201534
-3.855791,-8.658926,-1.194936
-3.859093,-8.660630,-1.188378
-3.862261,-8.662189,-1.181857
-3.865306,-8.663619,-1.175375
-3.868240,-8.664931,-1.168931
-3.871073,-8.666136,-1.162523
-3.873813,-8.667246,-1.156153
-3.876469,-8.668268,-1.149819
-3.879047,-8.669212,-1.143521
-3.881554,-8.670085,-1.137259
-3.883997,-8.670893,-1.131033
-3.886379,-8.671644,-1.124842
-3.888706,-8.672342,-1.118685
-3.890983,-8.672992,-1.112563
-3.893212,-8.673600,-1.106476
-3.895398,-8.674168,-1.100423
-3.897543,-8.674701,-1.094403
-3.899650,-8.675202,-1.088417
-3.901723,-8.675674,-1.082465
-3.903762,-8.676120,-1.076545
-3.905770,-8.676542,-1.070659
-3.907750,-8.676943,-1.064805
-3.909702,-8.677324,-1.058984
-3.911628,-8.677687,-1.053195
-3.913530,-8.678034,-1.047438
-3.915409,-8.678367,-1.041712
-3.917265,-8.678686,-1.036019
-3.919101,-8.678993,-1.030357
-3.920916,-8.679289,-1.024726
-3.922712,-8.679576,-1.019126
-3.924490,-8.679853,-1.013557
-3.926249,-8.680121,-1.008019
-3.927991,-8.680383,-1.002511
-3.929717,-8.680637,-0.997033
-3.931427,-8.680885,-0.991586
-3.933120,-8.681128,-0.986169
-3.934799,-8.681365,-0.980781
-3.936463,-8.681597,-0.975423
-3.938112,-8.681825,-0.970094
-3.939747,-8.682049,-0.964795
-3.941369,-8.682270,-0.959525
-3.942976,-8.682487,-0.954283
-3.944571,-8.682701,-0.949071
-3.946152,-8.682912,-0.943887
-3.947721,-8.683121,-0.938731
-3.949277,-8.683327,-0.933604
-3.950821,-8.683531,-0.928505
-3.952353,-8.683733,-0.923434
-3.953872,-8.683934,-0.918391
-3.955380,-8.684132,-0.913375
-3.956876,-8.684329,-0.908387
-3.958360,-8.684525,-0.903426
-3.959833,-8.684719,-0.898492
-3.961295,-8.684912,-0.893585
-3.962745,-8.685104,-0.888705
-3.964185,-8.685295,-0.883852
-3.965613,-8.685485,-0.879026
-3.967031,-8.685674,-0.874226
-3.968438,-8.685862,-0.869452
-3.969834,-8.686049,-0.864704
-3.971220,-8.686236,-0.859982
-3.972595,-8.686422,-0.855286
-3.973960,-8.686608,-0.850616
-3.975315,-8.686793,-0.845971
-3.976660,-8.686978,-0.841352
-3.977994,-8.687162,-0.836758
-3.979319,-8.687345,-0.832189
-3.980633,-8.687529,-0.827645
-3.981938,-8.687712,-0.823126
-3.983233,-8.687894,-0.818632
-3.984518,-8.688076,-0.814162
-3.985794,-8.688259,-0.809716
-3.987060,-8.688440,-0.805295
-3.988316,-8.688622,-0.800898
-3.989564,-8.688803,-0.796525
-3.990801,-8.688985,-0.792176
-3.992030,-8.689166,-0.787851
-3.993249,-8.689347,-0.783549
-3.994459,-8.689528,-0.779271
-3.995660,-8.689709,-0.775016
-3.996853,-8.689889,-0.770785
-3.998036,-8.690070,-0.766576
-3.999210,-8.690251,-0.762391
-4.000375,-8.690431,-0.758228
-4.001532,-8.690612,-0.754088
-4.002680,-8.690793,-0.749971
-4.003819,-8.690973,-0.745876
-4.004950,-8.691154,-0.741803
-4.006072,-8.691335,-0.737753
-4.007186,-8.691515,-0.733724
-4.008291,-8.691696,-0.729718
-4.009388,-8.691877,-0.725733
-4.010477,-8.692058,-0.721771
-4.011558,-8.692239,-0.717829
-4.012630,-8.692420,-0.713910
-4.013694,-8.692602,-0.710011
-4.014750,-8.692783,-0.706134
-4.015799,-8.692964,-0.702278
-4.016839,-8.693146,-0.698443
-4.017871,-8.693328,-0.694629
-4.018896,-8.693510,-0.690836
-4.019912,-8.693692,-0.687063
-4.020921,-8.693874,-0.683311
-4.021923,-8.694056,-0.679580
-4.022916,-8.694239,-0.675868
-4.023902,-8.694422,-0.672177
-4.024881,-8.694604,-0.668506
-4.025852,-8.694788,-0.664855
-4.026816,-8.694971,-0.661224
-4.027772,-8.695154,-0.657612
-4.028721,-8.695338,-0.654020
-4.029663,-8.695522,-0.650448
-4.030597,-8.695706,-0.646895
-4.031525,-8.695890,-0.643362
-4.032445,-8.696075,-0.639847
-4.033358,-8.696260,-0.636352
-4.034264,-8.696445,-0.632876
-4.035164,-8.696630,-0.629419
-4.036056,-8.696815,-0.625980
-4.036941,-8.697001,-0.622560
-4.037820,-8.697187,-0.619159
-4.038692,-8.697373,-0.615776
-4.039557,-8.697559,-0.612412
-4.040415,-8.697746,-0.609066
-4.041267,-8.697933,-0.605738
-4.042112,-8.698120,-0.602428
-4.042951,-8.698307,-0.599136
-4.043783,-8.698495,-0.595862
-4.044608,-8.698683,-0.592606
-4.045428,-8.698871,-0.589367
-4.046240,-8.699060,-0.586146
-4.047047,-8.699248,-0.582943
-4.047847,-8.699437,-0.579757
-4.048641,-8.699626,-0.576588
-4.049429,-8.699816,-0.573436
-4.050211,-8.700006,-0.570302
-4.050986,-8.700196,-0.567184
-4.051756,-8.700386,-0.564083
-4.052520,-8.700576,-0.561000
-4.053277,-8.700767,-0.557932
-4.054029,-8.700958,-0.554882
-4.054774,-8.701149,-0.551848
-4.055514,-8.701341,-0.548830
-4.056248,-8.701533,-0.545829
-4.056977,-8.701725,-0.542844
-4.057699,-8.701917,0.130213
-4.058178,-8.702431,0.463077
-4.058536,-8.703098,0.466014
-4.058893,-8.703761,0.468934
-4.059247,-8.704419,0.471839
-4.059600,-8.705072,0.474728
-4.059951,-8.705721,0.477602
-4.060299,-8.706366,0.480460
-4.060646,-8.707006,0.483302
-4.060991,-8.707642,0.486130
-4.061335,-8.708273,0.488941
-4.061676,-8.708900,0.491738
-4.062015,-8.709523,0.494519
-4.062353,-8.710141,0.497286
-4.062689,-8.710755,0.500037
-4.063023,-8.711365,0.502774
-4.063355,-8.711971,0.505496
-4.063685,-8.712573,0.508203
-4.064014,-8.713170,0.510895
-4.064341,-8.713764,0.513573
-4.064666,-8.714353,0.516237
-4.064989,-8.714939,0.518886
-4.065311,-8.715520,0.521520
-4.065631,-8.716098,0.524141
-4.065949,-8.716671,0.526747
-4.066265,-8.717241,0.529339
-4.066580,-8.717807,0.531917
-4.066893,-8.718369,0.534482
-4.067204,-8.718927,0.537032
-4.067514,-8.719481,0.539569
-4.067822,-8.720032,0.542092
-4.068128,-8.720579,0.544601
-4.068433,-8.721122,0.547097
-4.068736,-8.721662,0.549579
-4.069037,-8.722198,0.552048
-4.069337,-8.722730,0.554504
-4.069635,-8.723259,0.556946
-4.069932,-8.723784,0.559375
-4.070226,-8.724306,0.561791
-4.070520,-8.724824,0.564194
-4.070812,-8.725339,0.566584
-4.071102,-8.725850,0.568961
-4.071390,-8.726358,0.571326
-4.071678,-8.726863,0.573677
-4.071963,-8.727364,0.576016
-4.072247,-8.727862,0.578343
-4.072530,-8.728356,0.580656
-4.072811,-8.728847,0.582958
-4.073090,-8.729335,0.585247
-4.073368,-8.729820,0.587523
-4.073644,-8.730301,0.589788
-4.073919,-8.730780,0.592040
-4.074193,-8.731255,0.594280
-4.074465,-8.731727,0.596508
-4.074736,-8.732195,0.598723
-4.075005,-8.732661,0.600927
-4.075273,-8.733124,0.603120
-4.075539,-8.733583,0.605300
-4.075804,-8.734040,0.607468
-4.076067,-8.734494,0.609625
-4.076329,-8.734944,0.611771
-4.076590,-8.735392,0.613904
-4.076849,-8.735836,0.616027
-4.077107,-8.736278,0.618137
-4.077363,-8.736717,0.620237
-4.077618,-8.737153,0.622325
-4.077872,-8.737586,0.624402
-4.078124,-8.738016,0.626468
-4.078375,-8.738444,0.628523
-4.078625,-8.738869,0.630566
-4.078873,-8.739290,0.632599
-4.079120,-8.739710,0.634621
-4.079366,-8.740126,0.636631
-4.079611,-8.740540,0.638631
-4.079854,-8.740951,0.640621
-4.080095,-8.741359,0.642599
-4.080336,-8.741765,0.644567
-4.080575,-8.742168,0.646525
-4.080813,-8.742568,0.648472
-4.081050,-8.742966,0.650408
-4.081285,-8.743361,0.652334
-4.081519,-8.743754,0.654250
-4.081752,-8.744144,0.656155
-4.081984,-8.744532,0.658050
-4.082214,-8.744917,0.659935
-4.082443,-8.745299,0.661810
-4.082671,-8.745680,0.663675
-4.082898,-8.746057,0.665530
-4.083124,-8.746433,0.667374
-4.083348,-8.746806,0.669209
-4.083571,-8.747176,0.671034
-4.083793,-8.747544,0.672850
-4.084014,-8.747910,0.674655
-4.084234,-8.748273,0.676451
-4.084452,-8.748634,0.678237
-4.084669,-8.748993,0.680014
-4.084885,-8.749350,0.681781
-4.085100,-8.749704,0.683539
-4.085314,-8.750056,0.685287
-4.085527,-8.750405,0.687026
-4.085738,-8.750753,0.688755
-4.085949,-8.751098,0.690475
-4.086158,-8.751441,0.692187
-4.086366,-8.751782,0.693888
-4.086573,-8.752121,0.695581
-4.086779,-8.752457,0.697265
-4.086984,-8.752791,0.698939
-4.087188,-8.753124,0.700605
-4.087391,-8.753454,0.702262
-4.087593,-8.753782,0.703910
-4.087793,-8.754108,0.705549
-4.087993,-8.754432,0.707179
-4.088191,-8.754754,0.708800
-4.088389,-8.755074,0.710413
-4.088585,-8.755391,0.712018
-4.088780,-8.755707,0.713613
-4.088974,-8.756021,0.715200
-4.089168,-8.756333,0.716779
-4.089360,-8.756643,0.718349
-4.089551,-8.756951,0.719911
-4.089741,-8.757257,0.721464
-4.089930,-8.757561,0.723009
-4.090119,-8.757863,0.724546
-4.090306,-8.758163,0.726075
-4.090492,-8.758462,0.727595
-4.090677,-8.758758,0.729107
-4.090861,-8.759053,0.730611
-4.091045,-8.759346,0.732107
-4.091227,-8.759637,0.733596
-4.091408,-8.759926,0.735076
-4.091589,-8.760213,0.736548
-4.091768,-8.760499,0.738012
-4.091946,-8.760782,0.739469
-4.092124,-8.761065,0.740918
-4.092300,-8.761345,0.742359
-4.092476,-8.761623,0.743792
-4.092651,-8.761900,0.745218
-4.092824,-8.762175,0.746636
-4.092997,-8.762449,0.748046
-4.093169,-8.762720,0.749449
-4.093340,-8.762990,0.750845
-4.093510,-8.763259,0.752233
-4.093680,-8.763525,0.753613
-4.093848,-8.763790,0.754986
-4.094015,-8.764054,0.756352
-4.094182,-8.764315,0.757711
-4.094347,-8.764575,0.759062
-4.094512,-8.764834,0.760406
-4.094676,-8.765091,0.761743
-4.094839,-8.765346,0.763073
-4.095001,-8.765600,0.764395
-4.095163,-8.765852,0.765711
-4.095323,-8.766103,0.767020
-4.095483,-8.766352,0.768321
-4.095641,-8.766600,0.769616
-4.095799,-8.766846,0.770904
-4.095956,-8.767090,0.772185
-4.096113,-8.767333,0.773459
-4.096268,-8.767575,0.774726
-4.096423,-8.767815,0.775986
-4.096577,-8.768054,0.777240
-4.096730,-8.768291,0.778487
-4.096882,-8.768526,0.779728
-4.097033,-8.768761,0.780961
-4.097184,-8.768993,0.782189
-4.097333,-8.769225,0.783409
-4.097482,-8.769455,0.784623
-4.097631,-8.769684,0.785831
-4.097778,-8.769911,0.787032
-4.097925,-8.770137,0.788227
-4.098070,-8.770361,0.789416
-4.098216,-8.770584,0.790598
-4.098360,-8.770806,0.791774
-4.098503,-8.771026,0.792943
-4.098646,-8.771245,0.794107
-4.098788,-8.771463,0.795264
-4.098930,-8.771680,0.796415
-4.099070,-8.771895,0.797560
-4.099210,-8.772108,0.798698
-4.099349,-8.772321,0.799831
-4.099487,-8.772532,0.800958
-4.099625,-8.772742,0.802078
-4.099762,-8.772951,0.803193
-4.099898,-8.773158,0.804302
-4.100033,-8.773364,0.805405
-4.100168,-8.773569,0.806502
-4.100302,-8.773773,0.807593
-4.100435,-8.773975,0.808678
-4.100568,-8.774177,0.809758
-4.100700,-8.774377,0.810832
-4.100831,-8.774576,0.811900
-4.100962,-8.774773,0.812962
-4.101091,-8.774970,0.814019
-4.101221,-8.775165,0.815070
-4.101349,-8.775359,0.816115
-4.101477,-8.775552,0.817155
-4.101604,-8.775744,0.818190
-4.101730,-8.775934,0.819219
-4.101856,-8.776124,0.820242
-4.101981,-8.776312,0.821260
-4.102106,-8.776500,0.822273
-4.102229,-8.776686,0.823280
-4.102353,-8.776871,0.824282
-4.102475,-8.777055,0.825278
-4.102597,-8.777237,0.826270
-4.102718,-8.777419,0.827255
-4.102839,-8.777600,0.828236
-4.102959,-8.777779,0.829212
-4.103078,-8.777958,0.830182
-4.103197,-8.778135,0.831147
-4.103315,-8.778312,0.832107
-4.103432,-8.778487,0.833062
-4.103549,-8.778661,0.834012
-4.103665,-8.778835,0.834957
-4.103780,-8.779007,0.835896
-4.103895,-8.779178,0.836831
-4.104010,-8.779348,0.837761
-4.104124,-8.779518,0.838686
-4.104237,-8.779686,0.839606
-4.104349,-8.779853,0.840521
-4.104461,-8.780019,0.841431
-4.104573,-8.780184,0.842336
-4.104683,-8.780349,0.843237
-4.104794,-8.780512,0.844133
-4.104903,-8.780674,0.845024
-4.105012,-8.780836,0.845910
-4.105121,-8.780996,0.846791
-4.105229,-8.781156,0.847668
-4.105336,-8.781314,0.848541
-4.105443,-8.781472,0.849408
-4.105549,-8.781628,0.850271
-4.105654,-8.781784,0.851129
-4.105760,-8.781939,0.851983
-4.105864,-8.782093,0.852833
-4.105968,-8.782246,0.853677
-4.106071,-8.782398,0.854518
-4.106174,-8.782549,0.855354
-4.106277,-8.782700,0.856185
-4.106379,-8.782849,0.857012
-4.106480,-8.782998,0.857835
-4.106581,-8.783145,0.858653
-4.106681,-8.783292,0.859467
-4.106780,-8.783438,0.860276
-4.106880,-8.783583,0.861082
-4.106978,-8.783728,0.861883
-4.107076,-8.783871,0.862679
-4.107174,-8.784014,0.863472
-4.107271,-8.784156,0.864260
-4.107368,-8.784297,0.865044
-4.107464,-8.784437,0.865824
-4.107559,-8.784576,0.866600
-4.107654,-8.784715,0.867372
-4.107749,-8.784852,0.868140
-4.107843,-8.784989,0.868903
-4.107936,-8.785125,0.869663
-4.108029,-8.785261,0.870418
-4.108122,-8.785395,0.871170
-4.108214,-8.785529,0.871917
-4.108306,-8.785662,0.872661
-4.108397,-8.785794,0.873400
-4.108487,-8.785926,0.874136
-4.108578,-8.786056,0.874868
-4.108667,-8.786186,0.875596
-4.108756,-8.786315,0.876320
-4.108845,-8.786444,0.877040
-4.108934,-8.786571,0.877756
-4.109021,-8.786698,0.878469
-4.109109,-8.786825,0.879178
-4.109196,-8.786950,0.879883
-4.109282,-8.787075,0.880584
-4.109368,-8.787199,0.881282
-4.109454,-8.787322,0.881976
-4.109539,-8.787445,0.882666
-4.109623,-8.787567,0.883353
-4.109707,-8.787688,0.884035
-4.109791,-8.787808,0.884715
-4.109874,-8.787928,0.885390
-4.109957,-8.788047,0.886063
-4.110040,-8.788166,0.886731
-4.110122,-8.788284,0.887396
-4.110203,-8.788401,0.888058
-4.110284,-8.788517,0.888716
-4.110365,-8.788633,0.889370
-4.110445,-8.788748,0.890021
-4.110525,-8.788862,0.890669
-4.110605,-8.788976,0.891313
-4.110684,-8.789089,0.891954
-4.110762,-8.789202,0.892591
-4.110841,-8.789313,0.893225
-4.110918,-8.789425,0.893856
-4.110996,-8.789535,0.894483
-4.111073,-8.789645,0.895107
-4.111149,-8.789754,0.895728
-4.111225,-8.789863,0.896345
-4.111301,-8.789971,0.896959
-4.111377,-8.790078,0.897570
-4.111451,-8.790185,0.898178
-4.111526,-8.790291,0.898782
-4.111600,-8.790397,0.899383
-4.111674,-8.790502,0.899982
-4.111747,-8.790606,0.900576
-4.111820,-8.790710,0.901168
-4.111893,-8.790813,0.901757
-4.111965,-8.790916,0.902342
-4.112037,-8.791018,0.902925
-4.112109,-8.791119,0.903504
-4.112180,-8.791220,0.904080
-4.112251,-8.791321,0.904653
-4.112321,-8.791420,0.905223
-4.112391,-8.791520,0.905791
-4.112461,-8.791618,0.906355
-4.112530,-8.791716,0.906916
-4.112599,-8.791814,0.907474
-4.112667,-8.791911,0.908029
-4.112735,-8.792007,0.908582
-4.112803,-8.792103,0.909131
-4.112871,-8.792198,0.909677
-4.112938,-8.792293,0.910221
-4.113005,-8.792387,0.910762
-4.113071,-8.792481,0.911300
-4.113137,-8.792574,0.911835
-4.113203,-8.792667,0.912367
-4.113268,-8.792759,0.912896
-4.113333,-8.792850,0.913423
-4.113398,-8.792941,0.913946
-4.113462,-8.793032,0.914467
-4.113526,-8.793122,0.914986
-4.113590,-8.793211,0.915501
-4.113653,-8.793300,0.916014
-4.113716,-8.793389,0.916524
-4.113779,-8.793477,0.917031
-4.113841,-8.793564,0.917536
-4.113903,-8.793652,0.918038
-4.113965,-8.793738,0.918537
-4.114026,-8.793824,0.919034
-4.114087,-8.793910,0.919528
-4.114148,-8.793995,0.920020
-4.114208,-8.794079,0.920509
-4.114268,-8.794164,0.920995
-4.114328,-8.794247,0.921479
-4.114387,-8.794330,0.921960
-4.114447,-8.794413,0.922439
-4.114505,-8.794495,0.922915
-4.114564,-8.794577,0.923388
-4.114622,-8.794659,0.923859
-4.114680,-8.794739,0.924328
-4.114738,-8.794820,0.924794
-4.114795,-8.794900,0.925258
-4.114852,-8.794979,0.925719
-4.114909,-8.795058,0.926178
-4.114965,-8.795137,0.926634
-4.115021,-8.795215,0.927088
-4.115077,-8.795293,0.927540
-4.115132,-8.795370,0.927989
-4.115188,-8.795447,0.928436
-4.115243,-8.795524,0.928880
-4.115297,-8.795600,0.929322
-4.115352,-8.795675,0.929762
-4.115406,-8.795751,0.930199
-4.115459,-8.795825,0.930634
-4.115513,-8.795900,0.931067
-4.115566,-8.795974,0.931498
-4.115619,-8.796047,0.931926
-4.115672,-8.796120,0.932352
-4.115724,-8.796193,0.932776
-4.115776,-8.796265,0.933197
-4.115828,-8.796337,0.933617
-4.115880,-8.796409,0.934034
-4.115931,-8.796480,0.934449
-4.115982,-8.796550,0.934861
-4.116033,-8.796621,0.935272
-4.116083,-8.796691,0.935680
-4.116133,-8.796760,0.936086
-4.116183,-8.796829,0.936490
-4.116233,-8.796898,0.936892
-4.116282,-8.796966,0.937292
-4.116332,-8.797034,0.937690
-4.116381,-8.797102,0.938085
-4.116429,-8.797169,0.938479
-4.116478,-8.797236,0.938870
-4.116526,-8.797303,0.939259
-4.116574,-8.797369,0.939647
-4.116621,-8.797435,0.940032
-4.116669,-8.797500,0.940415
-4.116716,-8.797565,0.940796
-4.116763,-8.797630,0.941175
-4.116809,-8.797694,0.941553
-4.116856,-8.797758,0.941928
-4.116902,-8.797822,0.942301
-4.116948,-8.797885,0.942672
-4.116994,-8.797948,0.943041
-4.117039,-8.798010,0.943409
-4.117084,-8.798072,0.943774
-4.117129,-8.798134,0.944138
-4.117174,-8.798196,0.944499
-4.117218,-8.798257,0.944859
-4.117263,-8.798318,0.945217
-4.117307,-8.798378,0.945572
-4.117350,-8.798438,0.945926
-4.117394,-8.798498,0.946278
-4.117437,-8.798558,0.946629
-4.117480,-8.798617,0.946977
-4.117523,-8.798676,0.947324
-4.117566,-8.798734,0.947668
-4.117608,-8.798793,0.948011
-4.117651,-8.798850,0.948352
-4.117693,-8.798908,0.948692
-4.117734,-8.798965,0.949029
-4.117776,-8.799022,0.949365
-4.117817,-8.799079,0.949699
-4.117858,-8.799135,0.950031
-4.117899,-8.799191,0.950362
-4.117940,-8.799247,0.950690
-4.117980,-8.799302,0.951017
-4.118021,-8.799357,0.951343
-4.118061,-8.799412,0.951666
-4.118101,-8.799466,0.951988
-4.118140,-8.799521,0.952308
-4.118180,-8.799575,0.952626
-4.118219,-8.799628,0.952943
-4.118258,-8.799681,0.953258
-4.118297,-8.799734,0.953572
-4.118335,-8.799787,0.953884
-4.118374,-8.799839,0.954194
-4.118412,-8.799892,0.954502
-4.118450,-8.799943,0.954809
-4.118488,-8.799995,0.955114
-4.118525,-8.800046,0.955418
-4.118563,-8.800097,0.955720
-4.118600,-8.800148,0.956020
-4.118637,-8.800198,0.956319
-4.118674,-8.800248,0.956617
-4.118710,-8.800298,0.956912
-4.118747,-8.800348,0.957207
-4.118783,-8.800397,0.957499
-4.118819,-8.800446,0.957790
-4.118855,-8.800495,0.958080
-4.118890,-8.800544,0.958368
-4.118926,-8.800592,0.958654
-4.118961,-8.800640,0.958939
-4.118996,-8.800688,0.959223
-4.119031,-8.800735,0.959505
-4.119066,-8.800782,0.959785
-4.119100,-8.800829,0.960064
-4.119135,-8.800876,0.960342
-4.119169,-8.800922,0.960618
-4.119203,-8.800969,0.960893
-4.119237,-8.801014,0.961166
-4.119271,-8.801060,0.961438
-4.119304,-8.801106,0.961708
-4.119337,-8.801151,0.961977
-4.119370,-8.801196,0.962244
-4.119403,-8.801240,0.962510
-4.119436,-8.801285,0.962775
-4.119469,-8.801329,0.963038
-4.119501,-8.801373,0.963300
-4.119533,-8.801417,0.963561
-4.119566,-8.801460,0.963820
-4.119598,-8.801503,0.964078
-4.119629,-8.801546,0.964334
-4.119661,-8.801589,0.964589
-4.119692,-8.801632,0.964843
-4.119724,-8.801674,0.965095
-4.119755,-8.801716,0.965346
-4.119786,-8.801758,0.965596
-4.119816,-8.801800,0.965844
-4.119847,-8.801841,0.966091
-4.119877,-8.801882,0.966337
-4.119908,-8.801923,0.966582
-4.119938,-8.801964,0.966825
-4.119968,-8.802004,0.967067
-4.119998,-8.802045,0.967308
-4.120027,-8.802085,0.967547
-4.120057,-8.802125,0.967785
-4.120086,-8.802164,0.968022
-4.120115,-8.802204,0.968258
-4.120144,-8.802243,0.968492
-4.120173,-8.802282,0.968725
-4.120202,-8.802321,0.968957
-4.120231,-8.802359,0.969188
-4.120259,-8.802398,0.969417
-4.120287,-8.802436,0.969646
-4.120315,-8.802474,0.969873
-4.120343,-8.802511,0.970098
-4.120371,-8.802549,0.970323
-4.120399,-8.802586,0.970547
-4.120427,-8.802623,0.970769
-4.120454,-8.802660,0.970990
-4.120481,-8.802697,0.971210
-4.120508,-8.802733,0.971429
-4.120535,-8.802770,0.971647
-4.120562,-8.802806,0.971863
-4.120589,-8.802842,0.972079
-4.120615,-8.802878,0.972293
-4.120642,-8.802913,0.972506
-4.120668,-8.802948,0.972718
-4.120694,-8.802984,0.972929
-4.120720,-8.803019,0.973139
-4.120746,-8.803053,0.973347
-4.120772,-8.803088,0.973555
-4.120797,-8.803122,0.973762
-4.120823,-8.803157,0.973967
-4.120848,-8.803191,0.974171
-4.120873,-8.803224,0.974375
-4.120899,-8.803258,0.974577
-4.120923,-8.803292,0.974778
-4.120948,-8.803325,0.974978
-4.120973,-8.803358,0.975177
-4.120997,-8.803391,0.975375
-4.121022,-8.803424,0.975572
-4.121046,-8.803456,0.975768
-4.121070,-8.803489,0.975962
-4.121094,-8.803521,0.976156
-4.121118,-8.803553,0.976349
-4.121142,-8.803585,0.976541
-4.121166,-8.803617,0.976732
-4.121189,-8.803648,0.976921
-4.121213,-8.803680,0.977110
-4.121236,-8.803711,0.977298
-4.121259,-8.803742,0.977485
-4.121282,-8.803773,0.977671
-4.121305,-8.803803,0.977855
-4.121328,-8.803834,0.978039
-4.121350,-8.803864,0.978222
-4.121373,-8.803894,0.978404
-4.121395,-8.803924,0.978585
-4.121418,-8.803954,0.978765
-4.121440,-8.803984,0.978944
-4.121462,-8.804014,0.979122
-4.121484,-8.804043,0.979299
-4.121506,-8.804072,0.979476
-4.121528,-8.804101,0.979651
-4.121549,-8.804130,0.979825
-4.121571,-8.804159,0.979999
-4.121592,-8.804188,0.980172
-4.121613,-8.804216,0.980343
-4.121635,-8.804244,0.980514
-4.121656,-8.804273,0.980684
-4.121677,-8.804301,0.980853
-4.121697,-8.804328,0.981021
-4.121718,-8.804356,0.981188
-4.121739,-8.804384,0.981354
-4.121759,-8.804411,0.981520
-4.121780,-8.804438,0.981684
-4.121800,-8.804465,0.981848
-4.121820,-8.804492,0.982011
-4.121840,-8.804519,0.982173
-4.121860,-8.804546,0.982334
-4.121880,-8.804572,0.982494
-4.121900,-8.804599,0.982654
-4.121920,-8.804625,0.982812
-4.121939,-8.804651,0.982970
-4.121959,-8.804677,0.983127
-4.121978,-8.804703,0.983283
-4.121997,-8.804729,0.983439
-4.122016,-8.804754,0.983593
-4.122036,-8.804780,0.983747
-4.122054,-8.804805,0.983900
-4.122073,-8.804830,0.984052
-4.122092,-8.804855,0.984203
-4.122111,-8.804880,0.984353
-4.122129,-8.804905,0.984503
-4.122148,-8.804929,0.984652
-4.122166,-8.804954,0.984800
-4.122184,-8.804978,0.984947
-4.122203,-8.805002,0.985094
-4.122221,-8.805026,0.985240
-4.122239,-8.805050,0.985385
-4.122257,-8.805074,0.985529
-4.122274,-8.805098,0.985672
-4.122292,-8.805121,0.985815
-4.122310,-8.805145,0.985957
-4.122327,-8.805168,0.986098
-4.122345,-8.805191,0.986239
-4.122362,-8.805214,0.986379
-4.122379,-8.805237,0.986518
-4.122396,-8.805260,0.986656
-4.122413,-8.805283,0.986793
-4.122430,-8.805306,0.986930
-4.122447,-8.805328,0.987066
-4.122464,-8.805350,0.987202
-4.122481,-8.805373,0.987336
-4.122497,-8.805395,0.987470
-4.122514,-8.805417,0.987604
-4.122530,-8.805438,0.987736
-4.122547,-8.805460,0.987868
-4.122563,-8.805482,0.987999
-4.122579,-8.805503,0.988130
-4.122595,-8.805525,0.988260
-4.122611,-8.805546,0.988389
-4.122627,-8.805567,0.988517
-4.122643,-8.805588,0.988645
-4.122659,-8.805609,0.988772
-4.122675,-8.805630,0.988898
-4.122690,-8.805651,0.989024
-4.122706,-8.805671,0.989149
-4.122721,-8.805692,0.989274
-4.122737,-8.805712,0.989397
-4.122752,-8.805732,0.989521
-4.122767,-8.805753,0.989643
-4.122782,-8.805773,0.989765
-4.122797,-8.805793,0.989886
-4.122812,-8.805813,0.990007
-4.122827,-8.805832,0.990127
-4.122842,-8.805852,0.990246
-4.122857,-8.805871,0.990365
-4.122871,-8.805891,0.990483
-4.122886,-8.805910,0.990600
-4.122900,-8.805929,0.990717
-4.122915,-8.805949,0.990833
-4.122929,-8.805968,0.990949
-4.122943,-8.805986,0.991064
-4.122958,-8.806005,0.991178
-4.122972,-8.806024,0.991292
-4.122986,-8.806043,0.991405
-4.123000,-8.806061,0.991518
-4.123014,-8.806079,0.991630
-4.123027,-8.806098,0.991741
-4.123041,-8.806116,0.991852
-4.123055,-8.806134,0.991962
-4.123068,-8.806152,0.992072
-4.123082,-8.806170,0.992181
-4.123095,-8.806188,0.992289
-4.123109,-8.806206,0.992397
-4.123122,-8.806223,0.992505
-4.123135,-8.806241,0.992611
-4.123149,-8.806258,0.992718
-4.123162,-8.806276,0.992823
-4.123175,-8.806293,0.992928
-4.123188,-8.806310,0.993033
-4.123201,-8.806327,0.993137
-4.123213,-8.806344,0.993240
-4.123226,-8.806361,0.993343
-4.123239,-8.806378,0.993446
-4.123252,-8.806395,0.993548
-4.123264,-8.806411,0.993649
-4.123277,-8.806428,0.993750
-4.123289,-8.806444,0.993850
-4.123302,-8.806461,0.993950
-4.123314,-8.806477,0.994049
-4.123326,-8.806493,0.994148
-4.123338,-8.806509,0.994246
-4.123350,-8.806525,0.994343
-4.123362,-8.806541,0.994441
-4.123374,-8.806557,0.994537
-4.123386,-8.806573,0.994633
-4.123398,-8.806588,0.994729
-4.123410,-8.806604,0.994824
-4.123422,-8.806620,0.994919
-4.123433,-8.806635,0.995013
-4.123445,-8.806650,0.995106
-4.123457,-8.806666,0.995199
-4.123468,-8.806681,0.995292
-4.123480,-8.806696,0.995384
-4.123491,-8.806711,0.995476
-4.123502,-8.806726,0.995567
-4.123514,-8.806741,0.995658
-4.123525,-8.806756,0.995748
-4.123536,-8.806770,0.995838
-4.123547,-8.806785,0.995927
-4.123558,-8.806799,0.996016
-4.123569,-8.806814,0.996104
-4.123580,-8.806828,0.996192
-4.123591,-8.806843,0.996279
-4.123601,-8.806857,0.996366
-4.123612,-8.806871,0.996453
-4.123623,-8.806885,0.996539
-4.123634,-8.806899,0.996625
-4.123644,-8.806913,0.996710
-4.123655,-8.806927,0.996794
-4.123665,-8.806941,0.996879
-4.123675,-8.806955,0.996962
-4.123686,-8.806968,0.997046
-4.123696,-8.806982,0.997129
-4.123706,-8.806995,0.997211
-4.123717,-8.807009,0.997293
-4.123727,-8.807022,0.997375
-4.123737,-8.807035,0.997456
-4.123747,-8.807049,0.997537
-4.123757,-8.807062,0.997617
-4.123767,-8.807075,0.997697
-4.123777,-8.807088,0.997777
-4.123786,-8.807101,0.997856
-4.123796,-8.807114,0.997934
-4.123806,-8.807126,0.998013
-4.123816,-8.807139,0.998090
-4.123825,-8.807152,0.998168
-4.123835,-8.807164,0.998245
-4.123844,-8.807177,0.998322
-4.123854,-8.807189,0.998398
-4.123863,-8.807202,0.998474
-4.123872,-8.807214,0.998549
-4.123882,-8.807226,0.998624
-4.123891,-8.807239,0.998699
-4.123900,-8.807251,0.998773
-4.123909,-8.807263,0.998847
-4.123919,-8.807275,0.998920
-4.123928,-8.807287,0.998993
-4.123937,-8.807299,0.999066
-4.123946,-8.807311,0.999138
-4.123955,-8.807322,0.999210
-4.123963,-8.807334,0.999282
-4.123972,-8.807346,0.999353
-4.123981,-8.807357,0.999424
-4.123990,-8.807369,0.999494
-4.123999,-8.807380,0.999564
-4.124007,-8.807392,0.999634
-4.124016,-8.807403,0.999703
-4.124024,-8.807414,0.999772
-4.124033,-8.807425,0.999841
-4.124041,-8.807437,0.999909
-4.124050,-8.807448,0.999977
-4.124058,-8.807459,1.000045
-4.124067,-8.807470,1.000112
-4.124075,-8.807481,1.000179
-4.124083,-8.807491,1.000245
-4.124091,-8.807502,1.000311
-4.124099,-8.807513,1.000377
-4.124108,-8.807524,1.000442
-4.124116,-8.807534,1.000507
-4.124124,-8.807545,1.000572
-4.124132,-8.807555,1.000636
-4.124140,-8.807566,1.000701
-4.124148,-8.807576,1.000764
-4.124155,-8.807587,1.000828
-4.124163,-8.807597,1.000891
-4.124171,-8.807607,1.000953
-4.124179,-8.807617,1.001016
-4.124187,-8.807627,1.001078
-4.124194,-8.807638,1.001140
-4.124202,-8.807648,1.001201
-4.124209,-8.807658,1.001262
-4.124217,-8.807667,1.001323
-4.124224,-8.807677,1.001383
-4.124232,-8.807687,1.001444
-4.124239,-8.807697,1.001503
-4.124247,-8.807707,1.001563
-4.124254,-8.807716,1.001622
-4.124261,-8.807726,1.001681
-4.124269,-8.807735,1.001739
-4.124276,-8.807745,1.001798
-4.124283,-8.807754,1.001856
-4.124290,-8.807764,1.001913
-4.124297,-8.807773,1.001971
-4.124304,-8.807782,1.002028
-4.124312,-8.807792,1.002084
-4.124319,-8.807801,1.002141
-4.124325,-8.807810,1.002197
-4.124332,-8.807819,1.002253
-4.124339,-8.807828,1.002309
-4.124346,-8.807837,1.002364
-4.124353,-8.807846,1.002419
-4.124360,-8.807855,1.002473
-4.124367,-8.807864,1.002528
-4.124373,-8.807873,1.002582
-4.124380,-8.807882,1.002636
-4.124387,-8.807890,1.002689
-4.124393,-8.807899,1.002743
-4.124400,-8.807908,1.002796
-4.124406,-8.807916,1.002848
-4.124413,-8.807925,1.002901
-4.124419,-8.807933,1.002953
-4.124426,-8.807942,1.003005
-4.124432,-8.807950,1.003056
-4.124439,-8.807959,1.003108
-4.124445,-8.807967,1.003159
-4.124451,-8.807975,1.003210
-4.124458,-8.807983,1.003260
-4.124464,-8.807992,1.003311
-4.124470,-8.808000,1.003361
-4.124476,-8.808008,1.003410
-4.124482,-8.808016,1.003460
-4.124488,-8.808024,1.003509
-4.124495,-8.808032,1.003558
-4.124501,-8.808040,1.003607
-4.124507,-8.808048,1.003655
-4.124513,-8.808056,1.003703
-4.124519,-8.808064,1.003751
-4.124524,-8.808071,1.003799
-4.124530,-8.808079,1.003846
-4.124536,-8.808087,1.003894
-4.124542,-8.808094,1.003941
-4.124548,-8.808102,1.003987
-4.124554,-8.808110,1.004034
-4.124559,-8.808117,1.004080
-4.124565,-8.808125,1.004126
-4.124571,-8.808132,1.004172
-4.124576,-8.808139,1.004217
-4.124582,-8.808147,1.004262
-4.124588,-8.808154,1.004307
-4.124593,-8.808161,1.004352
-4.124599,-8.808169,1.004397
-4.124604,-8.808176,1.004441
-4.124610,-8.808183,1.004485
-4.124615,-8.808190,1.004529
-4.124621,-8.808197,1.004573
-4.124626,-8.808204,1.004616
-4.124631,-8.808211,1.004659
-4.124637,-8.808218,1.004702
-4.124642,-8.808225,1.004745
-4.124647,-8.808232,1.004787
-4.124652,-8.808239,1.004829
-4.124658,-8.808246,1.004871
-4.124663,-8.808253,1.004913
-4.124668,-8.808260,1.004955
-4.124673,-8.808266,1.004996
-4.124678,-8.808273,1.005037
-4.124683,-8.808280,1.005078
-4.124688,-8.808286,1.005119
-4.124693,-8.808293,1.005160
-4.124698,-8.808299,1.005200
-4.124703,-8.808306,1.005240
-4.124708,-8.808312,1.005280
-4.124713,-8.808319,1.005319
-4.124718,-8.808325,1.005359
-4.124723,-8.808332,1.005398
-4.124728,-8.808338,1.005437
-4.124733,-8.808344,1.005476
-4.124738,-8.808351,1.005515
-4.124742,-8.808357,1.005553
-4.124747,-8.808363,1.005591
-4.124752,-8.808369,1.005629
-4.124757,-8.808375,1.005667
-4.124761,-8.808382,1.005705
-4.124766,-8.808388,1.005742
-4.124770,-8.808394,1.005780
-4.124775,-8.808400,1.005817
-4.124780,-8.808406,1.005853
-4.124784,-8.808412,1.005890
-4.124789,-8.808418,1.005927
-4.124793,-8.808424,1.005963
-4.124798,-8.808429,1.005999
-4.124802,-8.808435,1.006035
-4.124807,-8.808441,1.006070
-4.124811,-8.808447,1.006106
-4.124815,-8.808453,1.006141
-4.124820,-8.808458,1.006176
-4.124824,-8.808464,1.006211
-4.124828,-8.808470,1.006246
-4.124833,-8.808475,1.006281
-4.124837,-8.808481,1.006315
-4.124841,-8.808486,1.006349
-4.124846,-8.808492,1.006383
-4.124850,-8.808497,1.006417
-4.124854,-8.808503,1.006451
-4.124858,-8.808508,1.006485
-4.124862,-8.808514,1.006518
-4.124866,-8.808519,1.006551
-4.124870,-8.808525,1.006584
-4.124874,-8.808530,1.006617
-4.124879,-8.808535,1.006649
-4.124883,-8.808540,1.006682
-4.124887,-8.808546,1.006714
-4.124891,-8.808551,1.006746
-4.124895,-8.808556,1.006778
-4.124899,-8.808561,1.006810
-4.124902,-8.808566,1.006842
-4.124906,-8.808572,1.006873
-4.124910,-8.808577,1.006905
-4.124914,-8.808582,1.006936
-4.124918,-8.808587,1.006967
-4.124922,-8.808592,1.006997
-4.124926,-8.808597,1.007028
-4.124929,-8.808602,1.007059
-4.124933,-8.808607,1.007089
-4.124937,-8.808612,1.007119
-4.124941,-8.808616,1.007149
-4.124944,-8.808621,1.007179
-4.124948,-8.808626,1.007209
-4.124952,-8.808631,1.007238
-4.124955,-8.808636,1.007268
-4.124959,-8.808640,1.007297
-4.124963,-8.808645,1.007326
-4.124966,-8.808650,1.007355
-4.124970,-8.808655,1.007384
-4.124973,-8.808659,1.007412
-4.124977,-8.808664,1.007441
-4.124980,-8.808668,1.007469
-4.124984,-8.808673,1.007497
-4.124987,-8.808678,1.007525
-4.124991,-8.808682,1.007553
-4.124994,-8.808687,1.007581
-4.124998,-8.808691,1.007608
-4.125001,-8.808696,1.007636
-4.125004,-8.808700,1.007663
-4.125008,-8.808704,1.007690
-4.125011,-8.808709,1.007717
-4.125015,-8.808713,1.007744
-4.125018,-8.808717,1.007771
-4.125021,-8.808722,1.007797
-4.125024,-8.808726,1.007824
-4.125028,-8.808730,1.007850
-4.125031,-8.808735,1.007876
-4.125034,-8.808739,1.007902
-4.125037,-8.808743,1.007928
-4.125041,-8.808747,1.007954
-4.125044,-8.808751,1.007980
-4.125047,-8.808756,1.008005
-4.125050,-8.808760,1.008030
-4.125053,-8.808764,1.008056
-4.125056,-8.808768,1.008081
-4.125059,-8.808772,1.008106
-4.125063,-8.808776,1.008131
-4.125066,-8.808780,1.008155
-4.125069,-8.808784,1.008180
-4.125072,-8.808788,1.008204
-4.125075,-8.808792,1.008229
-4.125078,-8.808796,1.008253
-4.125081,-8.808800,1.008277
-4.125084,-8.808804,1.008301
-4.125087,-8.808807,1.008324
-4.125090,-8.808811,1.008348
-4.125093,-8.808815,1.008372
-4.125095,-8.808819,1.008395
-4.125098,-8.808823,1.008418
-4.125101,-8.808826,1.008442
-4.125104,-8.808830,1.008465
-4.125107,-8.808834,1.008488
-4.125110,-8.808838,1.008510
-4.125113,-8.808841,1.008533
-4.125115,-8.808845,1.008556
-4.125118,-8.808849,1.008578
-4.125121,-8.808852,1.008601
-4.125124,-8.808856,1.008623
-4.125126,-8.808859,1.008645
-4.125129,-8.808863,1.008667
-4.125132,-8.808867,1.008689
-4.125135,-8.808870,1.008711
-4.125137,-8.808874,1.008732
-4.125140,-8.808877,1.008754
-4.125143,-8.808881,1.008775
-4.125145,-8.808884,1.008796
-4.125148,-8.808887,1.008818
-4.125151,-8.808891,1.008839
-4.125153,-8.808894,1.008860
-4.125156,-8.808898,1.008881
-4.125158,-8.808901,1.008901
-4.125161,-8.808904,1.008922
-4.125163,-8.808908,1.008943
-4.125166,-8.808911,1.008963
-4.125169,-8.808914,1.008983
-4.125171,-8.808918,1.009003
-4.125174,-8.808921,1.009024
-4.125176,-8.808924,1.009044
-4.125178,-8.808927,1.009063
-4.125181,-8.808931,1.009083
-4.125183,-8.808934,1.009103
-4.125186,-8.808937,1.009123
-4.125188,-8.808940,1.009142
-4.125191,-8.808943,1.009161
-4.125193,-8.808946,1.009181
-4.125195,-8.808949,1.009200
-4.125198,-8.808953,1.009219
-4.125200,-8.808956,1.009238
-4.125203,-8.808959,1.009257
-4.125205,-8.808962,1.009276
-4.125207,-8.808965,1.009294
-4.125209,-8.808968,1.009313
-4.125212,-8.808971,1.009331
-4.125214,-8.808974,1.009350
-4.125216,-8.808977,1.009368
-4.125219,-8.808980,1.009386
-4.125221,-8.808983,1.009404
-4.125223,-8.808986,1.009422
-4.125225,-8.808988,1.009440
-4.125228,-8.808991,1.009458
-4.125230,-8.808994,1.009476
-4.125232,-8.808997,1.009493
-4.125234,-8.809000,1.009511
-4.125236,-8.809003,1.009528
-4.125238,-8.809006,1.009546
-4.125241,-8.809008,1.009563
-4.125243,-8.809011,1.009580
-4.125245,-8.809014,1.009597
-4.125247,-8.809017,1.009614
-4.125249,-8.809019,1.009631
-4.125251,-8.809022,1.009648
-4.125253,-8.809025,1.009665
-4.125255,-8.809028,1.009681
-4.125257,-8.809030,1.009698
-4.125259,-8.809033,1.009714
-4.125261,-8.809036,1.009731
-4.125263,-8.809038,1.009747
-4.125265,-8.809041,1.009763
-4.125267,-8.809043,1.009779
-4.125269,-8.809046,1.009795
-4.125271,-8.809049,1.009811
-4.125273,-8.809051,1.009827
-4.125275,-8.809054,1.009843
-4.125277,-8.809056,1.009859
-4.125279,-8.809059,1.009874
-4.125281,-8.809061,1.009890
-4.125283,-8.809064,1.009905
-4.125285,-8.809066,1.009921
-4.125287,-8.809069,1.009936
-4.125289,-8.809071,1.009951
-4.125291,-8.809074,1.009966
-4.125293,-8.809076,1.009981
-4.125294,-8.809079,1.009996
-4.125296,-8.809081,1.010011
-4.125298,-8.809084,1.010026
-4.125300,-8.809086,1.010041
-4.125302,-8.809088,1.010056
-4.125304,-8.809091,1.010070
-4.125305,-8.809093,1.010085
-4.125307,-8.809095,1.010099
-4.125309,-8.809098,1.010113
-4.125311,-8.809100,1.010128
-4.125312,-8.809102,1.010142
-4.125314,-8.809105,1.010156
-4.125316,-8.809107,1.010170
-4.125318,-8.809109,1.010184
-4.125319,-8.809111,1.010198
-4.125321,-8.809114,1.010212
-4.125323,-8.809116,1.010226
-4.125325,-8.809118,1.010239
-4.125326,-8.809120,1.010253
-4.125328,-8.809122,1.010266
-4.125330,-8.809125,1.010280
-4.125331,-8.809127,1.010293
-4.125333,-8.809129,1.010307
-4.125335,-8.809131,1.010320
-4.125336,-8.809133,1.010333
-4.125338,-8.809135,1.010346
-4.125340,-8.809138,1.010359
-4.125341,-8.809140,1.010372
-4.125343,-8.809142,1.010385
-4.125344,-8.809144,1.010398
-4.125346,-8.809146,1.010411
-4.125348,-8.809148,1.010424
-4.125349,-8.809150,1.010436
-4.125351,-8.809152,1.010449
-4.125352,-8.809154,1.010461
-4.125354,-8.809156,1.010474
-4.125355,-8.809158,1.010486
-4.125357,-8.809160,1.010499
-4.125358,-8.809162,1.010511
-4.125360,-8.809164,1.010523
-4.125361,-8.809166,1.010535
-4.125363,-8.809168,1.010547
-4.125364,-8.809170,1.010559
-4.125366,-8.809172,1.010571
-4.125367,-8.809174,1.010583
-4.125369,-8.809176,1.010595
-4.125370,-8.809178,1.010607
-4.125372,-8.809180,1.010618
-4.125373,-8.809181,1.010630
-4.125375,-8.809183,1.010642
-4.125376,-8.809185,1.010653
-4.125377,-8.809187,1.010664
-4.125379,-8.809189,1.010676
-4.125380,-8.809191,1.010687
-4.125382,-8.809193,1.010698
-4.125383,-8.809194,1.010710
-4.125384,-8.809196,1.010721
-4.125386,-8.809198,1.010732
-4.125387,-8.809200,1.010743
-4.125389,-8.809202,1.010754
-4.125390,-8.809203,1.010765
-4.125391,-8.809205,1.010776
-4.125393,-8.809207,1.010787
-4.125394,-8.809209,1.010797
-4.125395,-8.809210,1.010808
-4.125397,-8.809212,1.010819
-4.125398,-8.809214,1.010829
-4.125399,-8.809215,1.010840
-4.125401,-8.809217,1.010850
-4.125402,-8.809219,1.010861
-4.125403,-8.809220,1.010871
-4.125404,-8.809222,1.010881
-4.125406,-8.809224,1.010892
-4.125407,-8.809225,1.010902
-4.125408,-8.809227,1.010912
-4.125409,-8.809229,1.010922
-4.125411,-8.809230,1.010932
-4.125412,-8.809232,1.010942
-4.125413,-8.809234,1.010952
-4.125414,-8.809235,1.010962
-4.125416,-8.809237,1.010972
-4.125417,-8.809238,1.010981
-4.125418,-8.809240,1.010991
-4.125419,-8.809242,1.011001
-4.125420,-8.809243,1.011010
-4.125422,-8.809245,1.011020
-4.125423,-8.809246,1.011030
-4.125424,-8.809248,1.011039
-4.125425,-8.809249,1.011048
-4.125426,-8.809251,1.011058
-4.125427,-8.809252,1.011067
-4.125429,-8.809254,1.011076
-4.125430,-8.809255,1.011086
-4.125431,-8.809257,1.011095
-4.125432,-8.809258,1.011104
-4.125433,-8.809260,1.011113
-4.125434,-8.809261,1.011122
-4.125435,-8.809263,1.011131
-4.125437,-8.809264,1.011140
-4.125438,-8.809266,1.011149
-4.125439,-8.809267,1.011158
-4.125440,-8.809268,1.011167
-4.125441,-8.809270,1.011175
-4.125442,-8.809271,1.011184
-4.125443,-8.809273,1.011193
-4.125444,-8.809274,1.011201
-4.125445,-8.809275,1.011210
-4.125446,-8.809277,1.011218
-4.125447,-8.809278,1.011227
-4.125448,-8.809280,1.011235
-4.125449,-8.809281,1.011244
-4.125450,-8.809282,1.011252
-4.125451,-8.809284,1.011260
-4.125453,-8.809285,1.011269
-4.125454,-8.809286,1.011277
-4.125455,-8.809288,1.011285
-4.125456,-8.809289,1.011293
-4.125457,-8.809290,1.011301
-4.125458,-8.809292,1.011309
-4.125459,-8.809293,1.011317
-4.125460,-8.809294,1.011325
-4.125461,-8.809295,1.011333
-4.125462,-8.809297,1.011341
-4.125462,-8.809298,1.011349
-4.125463,-8.809299,1.011357
-4.125464,-8.809300,1.011364
-4.125465,-8.809302,1.011372
-4.125466,-8.809303,1.011380
-4.125467,-8.809304,1.011387
-4.125468,-8.809305,1.011395
-4.125469,-8.809307,1.011403
-4.125470,-8.809308,1.011410
-4.125471,-8.809309,1.011418
-4.125472,-8.809310,1.011425
-4.125473,-8.809311,1.011432
-4.125474,-8.809313,1.011440
-4.125475,-8.809314,1.011447
-4.125476,-8.809315,1.011454
-4.125476,-8.809316,1.011462
-4.125477,-8.809317,1.011469
-4.125478,-8.809319,1.011476
-4.125479,-8.809320,1.011483
-4.125480,-8.809321,1.011490
-4.125481,-8.809322,1.011497
-4.125482,-8.809323,1.011504
-4.125483,-8.809324,1.011511
-4.125484,-8.809325,1.011518
-4.125484,-8.809326,1.011525
-4.125485,-8.809328,1.011532
-4.125486,-8.809329,1.011539
-4.125487,-8.809330,1.011546
-4.125488,-8.809331,1.011552
-4.125489,-8.809332,1.011559
-4.125489,-8.809333,1.011566
-4.125490,-8.809334,1.011572
-4.125491,-8.809335,1.011579
-4.125492,-8.809336,1.011586
-4.125493,-8.809337,1.011592
-4.125494,-8.809338,1.011599
-4.125494,-8.809339,1.011605
-4.125495,-8.809340,1.011612
-4.125496,-8.809342,1.011618
-4.125497,-8.809343,1.011624
-4.125498,-8.809344,1.011631
-4.125498,-8.809345,1.011637
-4.125499,-8.809346,1.011643
-4.125500,-8.809347,1.011650
-4.125501,-8.809348,1.011656
-4.125501,-8.809349,1.011662
-4.125502,-8.809350,1.011668
-4.125503,-8.809351,1.011674
-4.125504,-8.809352,1.011680
-4.125504,-8.809353,1.011687
-4.125505,-8.809354,1.011693
-4.125506,-8.809355,1.011699
-4.125507,-8.809356,1.011704
-4.125507,-8.809356,1.011710
-4.125508,-8.809357,1.011716
-4.125509,-8.809358,1.011722
-4.125510,-8.809359,1.011728
-4.125510,-8.809360,1.011734
-4.125511,-8.809361,1.011740
-4.125512,-8.809362,1.011745
-4.125512,-8.809363,1.011751
-4.125513,-8.809364,1.011757
-4.125514,-8.809365,1.011762
-4.125515,-8.809366,1.011768
-4.125515,-8.809367,1.011774
-4.125516,-8.809368,1.011779
-4.125517,-8.809369,1.011785
-4.125517,-8.809369,1.011790
-4.125518,-8.809370,1.011796
-4.125519,-8.809371,1.011801
-4.125519,-8.809372,1.011807
-4.125520,-8.809373,1.011812
-4.125521,-8.809374,1.011817
-4.125521,-8.809375,1.011823
-4.125522,-8.809376,1.011828
-4.125523,-8.809376,1.011833
-4.125523,-8.809377,1.011839
-4.125524,-8.809378,1.011844
-4.125525,-8.809379,1.011849
-4.125525,-8.809380,1.011854
-4.125526,-8.809381,1.011859
-4.125527,-8.809381,1.011864
-4.125527,-8.809382,1.011869
-4.125528,-8.809383,1.011875
-4.125528,-8.809384,1.011880
-4.125529,-8.809385,1.011885
-4.125530,-8.809386,1.011890
-4.125530,-8.809386,1.011895
-4.125531,-8.809387,1.011899
-4.125532,-8.809388,1.011904
-4.125532,-8.809389,1.011909
-4.125533,-8.809389,1.011914
-4.125533,-8.809390,1.011919
-4.125534,-8.809391,1.011924
-4.125535,-8.809392,1.011929
-4.125535,-8.809393,1.011933
-4.125536,-8.809393,1.011938
-4.125536,-8.809394,1.011943
-4.125537,-8.809395,1.011947
-4.125537,-8.809396,1.011952
-4.125538,-8.809396,1.011957
-4.125539,-8.809397,1.011961
-4.125539,-8.809398,1.011966
-4.125540,-8.809399,1.011970
-4.125540,-8.809399,1.011975
-4.125541,-8.809400,1.011979
-4.125541,-8.809401,1.011984
-4.125542,-8.809402,1.011988
-4.125543,-8.809402,1.011993
-4.125543,-8.809403,1.011997
-4.125544,-8.809404,1.012002
-4.125544,-8.809404,1.012006
-4.125545,-8.809405,1.012010
-4.125545,-8.809406,1.012015
-4.125546,-8.809406,1.012019
-4.125546,-8.809407,1.012023
-4.125547,-8.809408,1.012028
-4.125547,-8.809409,1.012032
-4.125548,-8.809409,1.012036
-4.125548,-8.809410,1.012040
-4.125549,-8.809411,1.012044
-4.125549,-8.809411,1.012048
-4.125550,-8.809412,1.012053
-4.125550,-8.809413,1.012057
-4.125551,-8.809413,1.012061
-4.125551,-8.809414,1.012065
-4.125552,-8.809415,1.012069
-4.125552,-8.809415,1.012073
-4.125553,-8.809416,1.012077
-4.125553,-8.809416,1.012081
-4.125554,-8.809417,1.012085
-4.125554,-8.809418,1.012089
-4.125555,-8.809418,1.012093
-4.125555,-8.809419,1.012097
-4.125556,-8.809420,1.012100
-4.125556,-8.809420,1.012104
-4.125557,-8.809421,1.012108
-4.125557,-8.809422,1.012112
-4.125558,-8.809422,1.012116
-4.125558,-8.809423,1.012119
-4.125559,-8.809423,1.012123
-4.125559,-8.809424,1.012127
-4.125560,-8.809425,1.012131
-4.125560,-8.809425,1.012134
-4.125561,-8.809426,1.012138
-4.125561,-8.809426,1.012142
-4.125561,-8.809427,1.012145
-4.125562,-8.809428,1.012149
-4.125562,-8.809428,1.012153
-4.125563,-8.809429,1.012156
-4.125563,-8.809429,1.012160
-4.125564,-8.809430,1.012163
-4.125564,-8.809430,1.012167
-4.125565,-8.809431,1.012170
-4.125565,-8.809432,1.012174
-4.125565,-8.809432,1.012177
-4.125566,-8.809433,1.012181
-4.125566,-8.809433,1.012184
-4.125567,-8.809434,1.012188
-4.125567,-8.809434,1.012191
-4.125568,-8.809435,1.012194
-4.125568,-8.809435,1.012198
-4.125568,-8.809436,1.012201
-4.125569,-8.809436,1.012204
-4.125569,-8.809437,1.012208
-4.125570,-8.809438,1.012211
-4.125570,-8.809438,1.012214
-4.125570,-8.809439,1.012217
-4.125571,-8.809439,1.012221
-4.125571,-8.809440,1.012224
-4.125572,-8.809440,1.012227
-4.125572,-8.809441,1.012230
-4.125572,-8.809441,1.012233
-4.125573,-8.809442,1.012237
-4.125573,-8.809442,1.012240
-4.125574,-8.809443,1.012243
-4.125574,-8.809443,1.012246
-4.125574,-8.809444,1.012249
-4.125575,-8.809444,1.012252
-4.125575,-8.809445,1.012255
-4.125575,-8.809445,1.012258
-4.125576,-8.809446,1.012261
-4.125576,-8.809446,1.012264
-4.125577,-8.809447,1.012267
-4.125577,-8.809447,1.012270
-4.125577,-8.809448,1.012273
-4.125578,-8.809448,1.012276
-4.125578,-8.809449,1.012279
-4.125578,-8.809449,1.012282
-4.125579,-8.809450,1.012285
-4.125579,-8.809450,1.012288
-4.125580,-8.809450,1.012291
-4.125580,-8.809451,1.012293
-4.125580,-8.809451,1.012296
-4.125581,-8.809452,1.012299
-4.201925,-8.698175,1.015316
-4.271450,-8.597377,1.018917
-4.334653,-8.506251,1.023055
-4.392163,-8.423828,1.027678
-4.444545,-8.349234,1.032741
-4.492310,-8.281684,1.038201
-4.535918,-8.220471,1.044021
-4.575783,-8.164960,1.050165
-4.612277,-8.114579,1.056601
-4.645737,-8.068812,1.063299
-4.676466,-8.027197,1.070233
-4.704735,-7.989317,1.077380
-4.730790,-7.954797,1.084716
-4.754853,-7.923299,1.092223
-4.777121,-7.894520,1.099882
-4.797774,-7.868186,1.107678
-4.816973,-7.844052,1.115596
-4.834863,-7.821896,1.123623
-4.851575,-7.801519,1.131746
-4.867226,-7.782742,1.139956
-4.881922,-7.765403,1.148242
-4.895759,-7.749357,1.156597
-4.908821,-7.734475,1.165011
-4.921186,-7.720637,1.173480
-4.932924,-7.707739,1.181995
-4.944097,-7.695685,1.190551
-4.954761,-7.684389,1.199144
-4.964967,-7.673775,1.207768
-4.974760,-7.663772,1.216421
-4.984181,-7.654319,1.225097
-4.993268,-7.645359,1.233794
-5.002052,-7.636842,1.242508
-5.010565,-7.628722,1.251238
-5.018833,-7.620958,1.259980
-5.026881,-7.613513,1.268733
-5.034729,-7.606355,1.277495
-5.042397,-7.599452,1.286263
-5.049904,-7.592779,1.295037
-5.057265,-7.586312,1.303814
-5.064494,-7.580027,1.312595
-5.071605,-7.573907,1.321377
-5.078608,-7.567932,1.330159
-5.085514,-7.562088,1.338941
-5.092332,-7.556360,1.347722
-5.099071,-7.550735,1.356501
-5.105739,-7.545202,1.365278
-5.112342,-7.539750,1.374051
-5.118886,-7.534370,1.382821
-5.125377,-7.529054,1.391587
-5.131819,-7.523793,1.400348
-5.138218,-7.518581,1.409104
-5.144577,-7.513413,1.417855
-5.150900,-7.508281,1.426600
-5.157191,-7.503183,1.435339
-5.163451,-7.498112,1.444072
-5.169684,-7.493065,1.452799
-5.175892,-7.488038,1.461519
-5.182077,-7.483029,1.470232
-5.188241,-7.478033,1.478939
-5.194386,-7.473050,1.487638
-5.200514,-7.468075,1.496330
-5.206625,-7.463107,1.505015
-5.212721,-7.458145,1.513692
-5.218804,-7.453186,1.522361
-5.224873,-7.448229,1.531023
-5.230931,-7.443272,1.539677
-5.236978,-7.438314,1.548323
-5.243014,-7.433355,1.556961
-5.249040,-7.428392,1.565591
-5.255058,-7.423426,1.574213
-5.261067,-7.418455,1.582827
-5.267068,-7.413478,1.591432
-5.273061,-7.408496,1.600029
-5.279047,-7.403507,1.608618
-5.285026,-7.398511,1.617199
-5.290998,-7.393507,1.625771
-5.296965,-7.388495,1.634334
-5.302925,-7.383475,1.642890
-5.308879,-7.378446,1.651436
-5.314828,-7.373408,1.659974
-5.320772,-7.368360,1.668504
-5.326710,-7.363303,1.677024
-5.332643,-7.358236,1.685536
-5.338571,-7.353159,1.694040
-5.344495,-7.348071,1.702535
-5.350413,-7.342974,1.711020
-5.356328,-7.337866,1.719498
-5.362237,-7.332747,1.727966
-5.368142,-7.327618,1.736425
-5.374043,-7.322477,1.744876
-5.379939,-7.317326,1.753318
-5.385831,-7.312164,1.761750
-5.391719,-7.306991,1.770174
-5.397603,-7.301807,1.778589
-5.403483,-7.296611,1.786995
-5.409358,-7.291405,1.795392
-5.415230,-7.286187,1.803780
-5.421098,-7.280958,1.812158
-5.426961,-7.275718,1.820528
-5.432821,-7.270466,1.828889
-5.438676,-7.265203,1.837240
-5.444528,-7.259929,1.845583
-5.450376,-7.254643,1.853916
-5.456220,-7.249346,1.862240
-5.462060,-7.244037,1.870554
-5.467896,-7.238718,1.878860
-5.473729,-7.233387,1.887156
-5.479557,-7.228044,1.895443
-5.485382,-7.222690,1.903721
-5.491203,-7.217325,1.911989
-5.497020,-7.211948,1.920248
-5.502833,-7.206560,1.928498
-5.508643,-7.201161,1.936738
-5.514449,-7.195750,1.944969
-5.520251,-7.190328,1.953190
-5.526049,-7.184895,1.961403
-5.531843,-7.179450,1.969605
-5.537633,-7.173994,1.977798
-5.543420,-7.168527,1.985982
-5.549203,-7.163048,1.994156
-5.554982,-7.157558,2.002320
-5.560758,-7.152057,2.010475
-5.566530,-7.146545,2.018621
-5.572297,-7.141021,2.026756
-5.578062,-7.135487,2.034882
-5.583822,-7.129941,2.042999
-5.589579,-7.124384,2.051106
-5.595331,-7.118815,2.059203
-5.601080,-7.113236,2.067290
-5.606826,-7.107646,2.075368
-5.612567,-7.102044,2.083436
-5.618305,-7.096431,2.091494
-5.624039,-7.090807,2.099542
-5.629769,-7.085172,2.107581
-5.635496,-7.079527,2.115610
-5.641218,-7.073870,2.123629
-5.646937,-7.068202,2.131638
-5.652652,-7.062523,2.139637
-5.658364,-7.056833,2.147626
-5.664071,-7.051132,2.155605
-5.669775,-7.045420,2.163575
-5.675475,-7.039697,2.171534
-5.681172,-7.033964,2.179484
-5.686864,-7.028219,2.187423
-5.692553,-7.022464,2.195353
-5.698238,-7.016697,2.203272
-5.703919,-7.010920,2.211181
-5.709597,-7.005132,2.219081
-5.715270,-6.999333,2.226970
-5.720940,-6.993524,2.234849
-5.726606,-6.987704,2.242718
-5.732269,-6.981873,2.250576
-5.737927,-6.976031,2.258425
-5.743582,-6.970178,2.266263
-5.749233,-6.964315,2.274091
-5.754880,-6.958441,2.281909
-5.760524,-6.952557,2.289717
-5.766163,-6.946662,2.297514
-5.771799,-6.940756,2.305302
-5.777432,-6.934840,2.313078
-5.783060,-6.928913,2.320845
-5.788685,-6.922976,2.328601
-5.794305,-6.917028,2.336347
-5.799922,-6.911069,2.344082
-5.805536,-6.905100,2.351807
-5.811145,-6.899121,2.359522
-5.816751,-6.893131,2.367226
-5.822353,-6.887130,2.374919
-5.827951,-6.881119,2.382603
-5.833545,-6.875098,2.390275
-5.839136,-6.869067,2.397938
-5.844723,-6.863025,2.405589
-5.850305,-6.856972,2.413230
-5.855885,-6.850910,2.420861
-5.861460,-6.844837,2.428481
-5.867032,-6.838753,2.436090
-5.872600,-6.832660,2.443689
-5.878164,-6.826556,2.451277
-5.883724,-6.820442,2.458854
-5.889280,-6.814318,2.466421
-5.894833,-6.808183,2.473977
-5.900382,-6.802039,2.481522
-5.905927,-6.795884,2.489057
-5.911468,-6.789719,2.496580
-5.917006,-6.783544,2.504093
-5.922540,-6.777359,2.511596
-5.928070,-6.771164,2.519087
-5.933596,-6.764958,2.526568
-5.939118,-6.758743,2.534037
-5.944637,-6.752518,2.541496
-5.950151,-6.746282,2.548944
-5.955662,-6.740037,2.556382
-5.961170,-6.733782,2.563808
-5.966673,-6.727517,2.571223
-5.972173,-6.721242,2.578627
-5.977668,-6.714957,2.586021
-5.983160,-6.708662,2.593403
-5.988649,-6.702357,2.600774
-5.994133,-6.696042,2.608135
-5.999614,-6.689718,2.615484
-6.005090,-6.683384,2.622822
-6.010563,-6.677040,2.630149
-6.016033,-6.670686,2.637465
-6.021498,-6.664322,2.644770
-6.026960,-6.657949,2.652064
-6.032417,-6.651566,2.659347
-6.037871,-6.645174,2.666618
-6.043322,-6.638771,2.673879
-6.048768,-6.632359,2.681128
-6.054211,-6.625938,2.688366
-6.059649,-6.619507,2.695593
-6.065084,-6.613066,2.702808
-6.070515,-6.606616,2.710012
-6.075943,-6.600156,2.717205
-6.081366,-6.593687,2.724387
-6.086786,-6.587208,2.731557
-6.092202,-6.580720,2.738716
-6.097614,-6.574222,2.745864
-6.103023,-6.567715,2.753000
-6.108427,-6.561198,2.760125
-6.113828,-6.554672,2.767238
-6.119225,-6.548137,2.774340
-6.124618,-6.541592,2.781431
-6.130007,-6.535038,2.788510
-6.135393,-6.528475,2.795578
-6.140775,-6.521902,2.802634
-6.146152,-6.515320,2.809678
-6.151527,-6.508729,2.816712
-6.156897,-6.502128,2.823733
-6.162263,-6.495519,2.830743
-6.167626,-6.488900,2.837742
-6.172985,-6.482272,2.844729
-6.178340,-6.475635,2.851704
-6.183691,-6.468989,2.858668
-6.189038,-6.462333,2.865620
-6.194382,-6.455669,2.872560
-6.199722,-6.448995,2.879489
-6.205058,-6.442313,2.886406
-6.210390,-6.435621,2.893312
-6.215718,-6.428921,2.900205
-6.221043,-6.422211,2.907087
-6.226364,-6.415493,2.913957
-6.231681,-6.408765,2.920816
-6.236994,-6.402029,2.927662
-6.242303,-6.395284,2.934497
-6.247608,-6.388530,2.941320
-6.252910,-6.381767,2.948131
-6.258208,-6.374995,2.954931
-6.263502,-6.368215,2.961718
-6.268792,-6.361425,2.968494
-6.274079,-6.354627,2.975258
-6.279361,-6.347820,2.982009
-6.284640,-6.341005,2.988749
-6.289915,-6.334181,2.995477
-6.295186,-6.327348,3.002193
-6.300453,-6.320506,3.008897
-6.305717,-6.313656,3.015589
-6.310976,-6.306797,3.022269
-6.316232,-6.299929,3.028937
-6.321484,-6.293053,3.035593
-6.326733,-6.286169,3.042237
-6.331977,-6.279276,3.048869
-6.337218,-6.272374,3.055489
-6.342454,-6.265464,3.062097
-6.347687,-6.258546,3.068693
-6.352916,-6.251619,3.075276
-6.358142,-6.244683,3.081847
-6.363363,-6.237740,3.088407
-6.368581,-6.230787,3.094954
-6.373795,-6.223827,3.101488
-6.379005,-6.216858,3.108011
-6.384211,-6.209881,3.114522
-6.389413,-6.202896,3.121020
-6.394612,-6.195902,3.127506
-6.399807,-6.188900,3.133979
-6.404998,-6.181890,3.140441
-6.410185,-6.174872,3.146890
-6.415368,-6.167845,3.153327
-6.420548,-6.160810,3.159751
-6.425723,-6.153768,3.166164
-6.430895,-6.146717,3.172563
-6.436063,-6.139658,3.178951
-6.441227,-6.132591,3.185326
-6.446388,-6.125516,3.191689
-6.451544,-6.118433,3.198039
-6.456697,-6.111341,3.204377
-6.461846,-6.104242,3.210702
-6.466991,-6.097135,3.217015
-6.472132,-6.090020,3.223316
-6.477269,-6.082898,3.229604
-6.482403,-6.075767,3.235879
-6.487533,-6.068628,3.242143
-6.492659,-6.061482,3.248393
-6.497781,-6.054328,3.254631
-6.502899,-6.047165,3.260857
-6.508014,-6.039996,3.267069
-6.513124,-6.032818,3.273270
-6.518231,-6.025633,3.279458
-6.523334,-6.018440,3.285633
-6.528433,-6.011239,3.291795
-6.533529,-6.004031,3.297945
-6.538620,-5.996815,3.304082
-6.543708,-5.989591,3.310207
-6.548792,-5.982360,3.316319
-6.553872,-5.975121,3.322418
-6.558948,-5.967875,3.328504
-6.564021,-5.960621,3.334578
-6.569089,-5.953360,3.340639
-6.574154,-5.946091,3.346688
-6.579215,-5.938815,3.352723
-6.584272,-5.931531,3.358746
-6.589325,-5.924240,3.364756
-6.594375,-5.916942,3.370753
-6.599420,-5.909636,3.376738
-6.604462,-5.902323,3.382709
-6.609500,-5.895002,3.388668
-6.614534,-5.887674,3.394614
-6.619565,-5.880339,3.400547
-6.624591,-5.872997,3.406467
-6.629614,-5.865648,3.412375
-6.634633,-5.858291,3.418269
-6.639648,-5.850927,3.424150
-6.644659,-5.843556,3.430019
-6.649666,-5.836178,3.435875
-6.654670,-5.828793,3.441717
-6.659670,-5.821400,3.447547
-6.664665,-5.814001,3.453364
-6.669657,-5.806594,3.459167
-6.674646,-5.799181,3.464958
-6.679630,-5.791760,3.470736
-6.684611,-5.784333,3.476500
-6.689588,-5.776899,3.482252
-6.694560,-5.769457,3.487991
-6.699530,-5.762009,3.493716
-6.704495,-5.754554,3.499428
-6.709456,-5.747092,3.505128
-6.714414,-5.739624,3.510814
-6.719368,-5.732148,3.516487
-6.724318,-5.724666,3.522147
-6.729264,-5.717177,3.527794
-6.734206,-5.709681,3.533428
-6.739145,-5.702178,3.539048
-6.744079,-5.694669,3.544656
-6.749010,-5.687153,3.550250
-6.753937,-5.679631,3.555831
-6.758861,-5.672102,3.561398
-6.763780,-5.664566,3.566953
-6.768695,-5.657024,3.572494
-6.773607,-5.649475,3.578022
-6.778515,-5.641920,3.583537
-6.783419,-5.634358,3.589038
-6.788319,-5.626790,3.594527
-6.793216,-5.619215,3.600001
-6.798108,-5.611634,3.605463
-6.802997,-5.604046,3.610911
-6.807882,-5.596452,3.616346
-6.812763,-5.588852,3.621768
-6.817641,-5.581246,3.627176
-6.822514,-5.573633,3.632571
-6.827384,-5.566014,3.637952
-6.832249,-5.558388,3.643321
-6.837111,-5.550756,3.648675
-6.841970,-5.543119,3.654016
-6.846824,-5.535474,3.659344
-6.851674,-5.527824,3.664659
-6.856521,-5.520168,3.669960
-6.861364,-5.512505,3.675247
-6.866203,-5.504837,3.680521
-6.871038,-5.497162,3.685782
-6.875870,-5.489482,3.691029
-6.880697,-5.481795,3.696262
-6.885521,-5.474102,3.701483
-6.890341,-5.466404,3.706689
-6.895157,-5.458699,3.711882
-6.899969,-5.450989,3.717062
-6.904778,-5.443272,3.722227
-6.909582,-5.435550,3.727380
-6.914383,-5.427822,3.732519
-6.919180,-5.420088,3.737644
-6.923973,-5.412348,3.742755
-6.928763,-5.404603,3.747853
-6.933548,-5.396852,3.752938
-6.938330,-5.389095,3.758008
-6.943108,-5.381332,3.763065
-6.947882,-5.373564,3.768109
-6.952652,-5.365790,3.773138
-6.957418,-5.358010,3.778154
-6.962181,-5.350225,3.783157
-6.966939,-5.342434,3.788146
-6.971694,-5.334638,3.793121
-6.976445,-5.326836,3.798082
-6.981193,-5.319029,3.803029
-6.985936,-5.311216,3.807963
-6.990676,-5.303398,3.812883
-6.995411,-5.295574,3.817790
-7.000143,-5.287745,3.822682
-7.004872,-5.279910,3.827561
-7.009596,-5.272070,3.832426
-7.014316,-5.264225,3.837277
-7.019033,-5.256375,3.842115
-7.023746,-5.248519,3.846938
-7.028455,-5.240658,3.851748
-7.033160,-5.232792,3.856544
-7.037862,-5.224920,3.861326
-7.042559,-5.217043,3.866094
-7.047253,-5.209162,3.870849
-7.051943,-5.201275,3.875589
-7.056629,-5.193383,3.880316
-7.061311,-5.185485,3.885028
-7.065990,-5.177583,3.889727
-7.070664,-5.169676,3.894412
-7.075335,-5.161764,3.899083
-7.080002,-5.153847,3.903740
-7.084665,-5.145924,3.908383
-7.089325,-5.137997,3.913013
-7.093980,-5.130065,3.917628
-7.098632,-5.122128,3.922229
-7.103280,-5.114187,3.926816
-7.107924,-5.106240,3.931390
-7.112564,-5.098289,3.935949
-7.117201,-5.090332,3.940495
-7.121833,-5.082372,3.945026
-7.126462,-5.074406,3.949543
-7.131087,-5.066435,3.954046
-7.135708,-5.058460,3.958536
-7.140326,-5.050481,3.963011
-7.144939,-5.042496,3.967472
-7.149549,-5.034507,3.971919
-7.154155,-5.026514,3.976352
-7.158757,-5.018516,3.980771
-7.163355,-5.010513,3.985176
-7.167950,-5.002506,3.989567
-7.172540,-4.994494,3.993944
-7.177127,-4.986478,3.998306
-7.181710,-4.978458,4.002655
-7.186289,-4.970433,4.006989
-7.190865,-4.962403,4.011309
-7.195436,-4.954370,4.015615
-7.200004,-4.946332,4.019907
-7.204568,-4.938289,4.024185
-7.209128,-4.930243,4.028449
-7.213684,-4.922192,4.032698
-7.218237,-4.914137,4.036933
-7.222785,-4.906077,4.041154
-7.227330,-4.898014,4.045361
-7.231871,-4.889946,4.049554
-7.236408,-4.881875,4.053732
-7.240942,-4.873799,4.057896
-7.245471,-4.865719,4.062046
-7.249997,-4.857635,4.066182
-7.254519,-4.849547,4.070303
-7.259037,-4.841455,4.074411
-7.263552,-4.833359,4.078504
-7.268062,-4.825259,4.082582
-7.272569,-4.817155,4.086647
-7.277072,-4.809047,4.090697
-7.281571,-4.800936,4.094733
-7.286066,-4.792820,4.098754
-7.290557,-4.784701,4.102762
-7.295045,-4.776578,4.106755
-7.299529,-4.768451,4.110733
-7.304009,-4.760320,4.114698
-7.308485,-4.752186,4.118648
-7.312958,-4.744048,4.122583
-7.317426,-4.735906,4.126504
-7.321891,-4.727761,4.130411
-7.326352,-4.719612,4.134304
-7.330809,-4.711459,4.138182
-7.335262,-4.703303,4.142046
-7.339712,-4.695143,4.145896
-7.344158,-4.686980,4.149731
-7.348600,-4.678813,4.153551
-7.353038,-4.670643,4.157358
-7.357472,-4.662470,4.161149
-7.361903,-4.654293,4.164927
-7.366329,-4.646112,4.168690
-7.370752,-4.637928,4.172439
-7.375171,-4.629741,4.176173
-7.379587,-4.621551,4.179893
-7.383998,-4.613357,4.183598
-7.388406,-4.605160,4.187289
-7.392809,-4.596960,4.190965
-7.397210,-4.588757,4.194627
-7.401606,-4.580550,4.198275
-7.405998,-4.572340,4.201908
-7.410387,-4.564127,4.205526
-7.414772,-4.555911,4.209130
-7.419153,-4.547692,4.212720
-7.423530,-4.539470,4.216295
-7.427903,-4.531245,4.219855
-7.432273,-4.523017,4.223401
-7.436639,-4.514786,4.226933
-7.441001,-4.506552,4.230450
-7.445359,-4.498315,4.233952
-7.449713,-4.490075,4.237440
-7.454064,-4.481832,4.240914
-7.458411,-4.473586,4.244373
-7.462754,-4.465338,4.247817
-7.467093,-4.457087,4.251247
-7.471428,-4.448833,4.254662
-7.475760,-4.440576,4.258062
-7.480087,-4.432317,4.261449
-7.484411,-4.424055,4.264820
-7.488732,-4.415790,4.268177
-7.493048,-4.407522,4.271519
-7.497361,-4.399252,4.274847
-7.501669,-4.390980,4.278160
-7.505974,-4.382704,4.281459
-7.510275,-4.374427,4.284743
-7.514573,-4.366146,4.288012
-7.518866,-4.357864,4.291267
-7.523156,-4.349578,4.294507
-7.527442,-4.341291,4.297732
-7.531724,-4.333001,4.300943
-7.536003,-4.324708,4.304139
-7.540277,-4.316414,4.307321
-7.544548,-4.308117,4.310488
-7.548815,-4.299817,4.313640
-7.553078,-4.291515,4.316777
-7.557337,-4.283212,4.319900
-7.561593,-4.274905,4.323009
-7.565845,-4.266597,4.326102
-7.570093,-4.258287,4.329181
-7.574337,-4.249974,4.332246
-7.578577,-4.241659,4.335295
-7.582814,-4.233342,4.338330
-7.587047,-4.225023,4.341350
-7.591276,-4.216702,4.344356
-7.595501,-4.208379,4.347347
-7.599723,-4.200055,4.350323
-7.603940,-4.191728,4.353284
-7.608154,-4.183399,4.356231
-7.612364,-4.175068,4.359163
-7.616570,-4.166735,4.362080
-7.620773,-4.158401,4.364983
-7.624971,-4.150064,4.367871
-7.629166,-4.141726,4.370744
-7.633357,-4.133386,4.373602
-7.637545,-4.125045,4.376446
-7.641728,-4.116701,4.379275
-7.645908,-4.108356,4.382089
-7.650084,-4.100009,4.384889
-7.654256,-4.091661,4.387673
-7.658424,-4.083311,4.390443
-7.662589,-4.074959,4.393199
-7.666750,-4.066606,4.395939
-7.670906,-4.058251,4.398665
-7.675060,-4.049895,4.401376
-7.679209,-4.041537,4.404072
-7.683355,-4.033178,4.406753
-7.687496,-4.024818,4.409420
-7.691634,-4.016456,4.412072
-7.695769,-4.008092,4.414709
-7.699899,-3.999727,4.417331
-7.704026,-3.991361,4.419939
-7.708149,-3.982994,4.422531
-7.712268,-3.974625,4.425109
-7.716383,-3.966255,4.427673
-7.720495,-3.957884,4.430221
-7.724602,-3.949511,4.432754
-7.728706,-3.941138,4.435273
-7.732806,-3.932763,4.437777
-7.736903,-3.924387,4.440266
-7.740995,-3.916010,4.442741
-7.745084,-3.907632,4.445200
-7.749169,-3.899253,4.447645
-7.753250,-3.890873,4.450075
-7.757328,-3.882492,4.452490
-7.761401,-3.874110,4.454890
-7.765471,-3.865727,4.457276
-7.769537,-3.857343,4.459646
-7.773600,-3.848958,4.462002
-7.777658,-3.840573,4.464343
-7.781713,-3.832186,4.466669
-7.785764,-3.823799,4.468980
-7.789811,-3.815411,4.471277
-7.793855,-3.807022,4.473559
-7.797894,-3.798633,4.475825
-7.801930,-3.790243,4.478077
-7.805962,-3.781852,4.480314
-7.809990,-3.773460,4.482537
-7.814015,-3.765068,4.484744
-7.818036,-3.756675,4.486937
-7.822052,-3.748282,4.489115
-7.826066,-3.739888,4.491277
-7.830075,-3.731494,4.493426
-7.834081,-3.723099,4.495559
-7.838082,-3.714703,4.497677
-7.842080,-3.706308,4.499781
-7.846075,-3.697912,4.501869
-7.850065,-3.689515,4.503943
-7.854052,-3.681118,4.506002
-7.858035,-3.672721,4.508046
-7.862014,-3.664323,4.510075
-7.865989,-3.655925,4.512090
-7.869961,-3.647527,4.514089
-7.873929,-3.639129,4.516074
-7.877893,-3.630730,4.518044
-7.881853,-3.622332,4.519998
-7.885810,-3.613933,4.521939
-7.889762,-3.605534,4.523864
-7.893711,-3.597135,4.525774
-7.897657,-3.588736,4.527669
-7.901598,-3.580337,4.529550
-7.905536,-3.571937,4.531416
-7.909469,-3.563538,4.533267
-7.913400,-3.555139,4.535103
-7.917326,-3.546740,4.536924
-7.921248,-3.538341,4.538730
-7.925167,-3.529942,4.540521
-7.929082,-3.521543,4.542298
-7.932993,-3.513145,4.544059
-7.936901,-3.504747,4.545806
-7.940805,-3.496348,4.547538
-7.944704,-3.487951,4.549255
-7.948601,-3.479553,4.550957
-7.952493,-3.471156,4.552645
-7.956382,-3.462759,4.554317
-7.960266,-3.454362,4.555975
-7.964147,-3.445966,4.557617
-7.968025,-3.437570,4.559245
-7.971898,-3.429175,4.560858
-7.975768,-3.420780,4.562456
-7.979634,-3.412385,4.564039
-7.983496,-3.403991,4.565608
-7.987355,-3.395598,4.567161
-7.991209,-3.387205,4.568700
-7.995060,-3.378813,4.570223
-7.998907,-3.370421,4.571732
-8.002751,-3.362030,4.573226
-8.006590,-3.353640,4.574705
-8.010426,-3.345250,4.576170
-8.014258,-3.336861,4.577619
-8.018087,-3.328473,4.579054
-8.021911,-3.320086,4.580473
-8.025732,-3.311699,4.581878
-8.029549,-3.303313,4.583268
-8.033362,-3.294929,4.584643
-8.037172,-3.286545,4.586003
-8.040978,-3.278161,4.587349
-8.044779,-3.269779,4.588679
-8.048578,-3.261398,4.589995
-8.052372,-3.253018,4.591296
-8.056163,-3.244639,4.592582
-8.059950,-3.236261,4.593853
-8.063733,-3.227883,4.595109
-8.067512,-3.219507,4.596351
-8.071288,-3.211133,4.597577
-8.075060,-3.202759,4.598789
-8.078828,-3.194386,4.599986
-8.082592,-3.186015,4.601168
-8.086353,-3.177645,4.602335
-8.090109,-3.169276,4.603487
-8.093863,-3.160908,4.604625
-8.097612,-3.152542,4.605748
-8.101357,-3.144177,4.606855
-8.105099,-3.135813,4.607948
-8.108837,-3.127451,4.609027
-8.112571,-3.119090,4.610090
-8.116302,-3.110731,4.611139
-8.120029,-3.102373,4.612172
-8.123752,-3.094016,4.613191
-8.127471,-3.085661,4.614195
-8.131186,-3.077308,4.615184
-8.134898,-3.068956,4.616159
-8.138606,-3.060606,4.617119
-8.142310,-3.052257,4.618063
-8.146011,-3.043910,4.618993
-8.149707,-3.035565,4.619909
-8.153400,-3.027221,4.620809
-8.157089,-3.018879,4.621695
-8.160775,-3.010539,4.622565
-8.164456,-3.002200,4.623421
-8.168134,-2.993864,4.624263
-8.171808,-2.985529,4.625089
-8.175479,-2.977196,4.625901
-8.179145,-2.968865,4.626697
-8.182808,-2.960536,4.627480
-8.186467,-2.952209,4.628247
-8.190123,-2.943884,4.628999
-8.193774,-2.935560,4.629737
-8.197422,-2.927239,4.630460
-8.201066,-2.918920,4.631168
-8.204706,-2.910603,4.631862
-8.208343,-2.902288,4.632540
-8.211976,-2.893975,4.633204
-8.215605,-2.885664,4.633853
-8.219230,-2.877355,4.634488
-8.222852,-2.869049,4.635108
-8.226470,-2.860744,4.635712
-8.230084,-2.852442,4.636303
-8.233694,-2.844143,4.636878
-8.237301,-2.835845,4.637439
-8.240903,-2.827550,4.637985
-8.244503,-2.819257,4.638516
-8.248098,-2.810967,4.639032
-8.251689,-2.802679,4.639534
-8.255277,-2.794393,4.640021
-8.258861,-2.786110,4.640494
-8.262442,-2.777830,4.640951
-8.266018,-2.769552,4.641394
-8.269591,-2.761276,4.641823
-8.273160,-2.753003,4.642236
-8.276725,-2.744733,4.642635
-8.280287,-2.736465,4.643019
-8.283845,-2.728200,4.643389
-8.287399,-2.719937,4.643744
-8.290949,-2.711677,4.644084
-8.294496,-2.703420,4.644409
-8.298038,-2.695166,4.644720
-8.301577,-2.686914,4.645016
-8.305113,-2.678665,4.645298
-8.308644,-2.670419,4.645564
-8.312172,-2.662176,4.645817
-8.315696,-2.653936,4.646054
-8.319217,-2.645698,4.646277
-8.322733,-2.637464,4.646485
-8.326246,-2.629232,4.646679
-8.329755,-2.621003,4.646858
-8.333260,-2.612778,4.647022
-8.336762,-2.604555,4.647172
-8.340260,-2.596336,4.647307
-8.343754,-2.588119,4.647428
-8.347244,-2.579906,4.647534
-8.350731,-2.571696,4.647625
-8.354214,-2.563489,4.647702
-8.357693,-2.555285,4.647764
-8.361168,-2.547084,4.647811
-8.364640,-2.538887,4.647844
-8.368108,-2.530693,4.647863
-8.371572,-2.522502,4.647867
-8.375032,-2.514314,4.647856
-8.378489,-2.506130,4.647831
-8.381942,-2.497949,4.647791
-8.385391,-2.489771,4.647736
-8.388836,-2.481597,4.647668
-8.392278,-2.473426,4.647584
-8.395716,-2.465259,4.647486
-8.399150,-2.457096,4.647374
-8.402581,-2.448935,4.647247
-8.406007,-2.440779,4.647105
-8.409430,-2.432626,4.646949
-8.412850,-2.424476,4.646779
-8.416265,-2.416330,4.646594
-8.419677,-2.408188,4.646394
-8.423085,-2.400049,4.646180
-8.426489,-2.391914,4.645952
-8.429889,-2.383783,4.645709
-8.433286,-2.375656,4.645451
-8.436679,-2.367532,4.645179
-8.440069,-2.359412,4.644893
-8.443454,-2.351296,4.644592
-8.446836,-2.343184,4.644277
-8.450214,-2.335075,4.643947
-8.453588,-2.326971,4.643603
-8.456959,-2.318870,4.643245
-8.460326,-2.310774,4.642872
-8.463689,-2.302681,4.642485
-8.467048,-2.294592,4.642083
-8.470404,-2.286508,4.641667
-8.473756,-2.278427,4.641236
-8.477104,-2.270351,4.640791
-8.480448,-2.262278,4.640332
-8.483789,-2.254210,4.639858
-8.487126,-2.246146,4.639370
-8.490459,-2.238086,4.638868
-8.493788,-2.230030,4.638351
-8.497114,-2.221979,4.637820
-8.500436,-2.213932,4.637275
-8.503754,-2.205889,4.636715
-8.507068,-2.197850,4.636141
-8.510379,-2.189816,4.635553
-8.513686,-2.181786,4.634950
-8.516989,-2.173760,4.634333
-8.520289,-2.165739,4.633702
-8.523585,-2.157722,4.633056
-8.526877,-2.149710,4.632397
-8.530165,-2.141702,4.631723
-8.533450,-2.133698,4.631034
-8.536730,-2.125700,4.630332
-8.540008,-2.117705,4.629615
-8.543281,-2.109716,4.628884
-8.546550,-2.101731,4.628138
-8.549816,-2.093750,4.627379
-8.553078,-2.085774,4.626605
-8.556337,-2.077803,4.625817
-8.559592,-2.069837,4.625015
-8.562842,-2.061875,4.624199
-8.566090,-2.053918,4.623368
-8.569333,-2.045966,4.622523
-8.572573,-2.038019,4.621664
-8.575809,-2.030076,4.620791
-8.579041,-2.022138,4.619904
-8.582269,-2.014206,4.619003
-8.585494,-2.006278,4.618087
-8.588715,-1.998355,4.617158
-8.591932,-1.990437,4.616214
-8.595146,-1.982524,4.615256
-8.598356,-1.974616,4.614284
-8.601562,-1.966713,4.613298
-8.604764,-1.958815,4.612298
-8.607963,-1.950922,4.611283
-8.611158,-1.943034,4.610255
-8.614349,-1.935152,4.609213
-8.617536,-1.927274,4.608156
-8.620720,-1.919402,4.607086
-8.623900,-1.911535,4.606001
-8.627076,-1.903673,4.604903
-8.630248,-1.895816,4.603790
-8.633417,-1.887965,4.602663
-8.636582,-1.880119,4.601523
-8.639743,-1.872278,4.600368
-8.642901,-1.864443,4.599200
-8.646054,-1.856613,4.598017
-8.649204,-1.848788,4.596820
-8.652351,-1.840969,4.595610
-8.655493,-1.833155,4.594386
-8.658632,-1.825347,4.593147
-8.661767,-1.817544,4.591895
-8.664898,-1.809747,4.590629
-8.668026,-1.801955,4.589348
-8.671150,-1.794169,4.588054
-8.674270,-1.786389,4.586746
-8.677386,-1.778614,4.585425
-8.680499,-1.770845,4.584089
-8.683608,-1.763081,4.582739
-8.686713,-1.755323,4.581376
-8.689815,-1.747571,4.579999
-8.692912,-1.739825,4.578607
-8.696006,-1.732084,4.577203
-8.699096,-1.724349,4.575784
-8.702183,-1.716620,4.574351
-8.705266,-1.708897,4.572905
-8.708345,-1.701180,4.571445
-8.711420,-1.693468,4.569971
-8.714492,-1.685763,4.568483
-8.717559,-1.678063,4.566981
-8.720623,-1.670369,4.565466
-8.723684,-1.662682,4.563937
-8.726740,-1.655000,4.562395
-8.729793,-1.647325,4.560838
-8.732842,-1.639655,4.559268
-8.735888,-1.631991,4.557684
-8.738929,-1.624334,4.556087
-8.741967,-1.616683,4.554475
-8.745002,-1.609038,4.552851
-8.748032,-1.601399,4.551212
-8.751059,-1.593766,4.549560
-8.754082,-1.586140,4.547894
-8.757101,-1.578520,4.546215
-8.760116,-1.570906,4.544521
-8.763128,-1.563298,4.542815
-8.766136,-1.555697,4.541095
-8.769140,-1.548102,4.539361
-8.772141,-1.540513,4.537613
-8.775138,-1.532931,4.535852
-8.778131,-1.525355,4.534078
-8.781120,-1.517786,4.532290
-8.784106,-1.510223,4.530488
-8.787088,-1.502666,4.528673
-8.790066,-1.495116,4.526844
-8.793040,-1.487573,4.525002
-8.796011,-1.480036,4.523146
-8.798978,-1.472506,4.521277
-8.801941,-1.464982,4.519395
-8.804900,-1.457466,4.517499
-8.807856,-1.449955,4.515589
-8.810808,-1.442452,4.513666
-8.813756,-1.434955,4.511730
-8.816701,-1.427464,4.509780
-8.819641,-1.419981,4.507817
-8.822578,-1.412504,4.505840
-8.825512,-1.405034,4.503851
-8.828441,-1.397571,4.501847
-8.831367,-1.390115,4.499831
-8.834289,-1.382666,4.497801
-8.837207,-1.375223,4.495757
-8.840122,-1.367788,4.493701
-8.843033,-1.360359,4.491631
-8.845940,-1.352937,4.489548
-8.848843,-1.345523,4.487451
-8.851743,-1.338115,4.485341
-8.854638,-1.330714,4.483218
-8.857531,-1.323321,4.481082
-8.860419,-1.315934,4.478933
-8.863304,-1.308555,4.476770
-8.866184,-1.301183,4.474594
-8.869062,-1.293818,4.472405
-8.871935,-1.286460,4.470202
-8.874805,-1.279109,4.467987
-8.877671,-1.271765,4.465758
-8.880533,-1.264429,4.463516
-8.883391,-1.257100,4.461261
-8.886246,-1.249778,4.458993
-8.889097,-1.242464,4.456712
-8.891944,-1.235157,4.454418
-8.894788,-1.227857,4.452110
-8.897627,-1.220564,4.449790
-8.900463,-1.213279,4.447456
-8.903296,-1.206002,4.445110
-8.906124,-1.198732,4.442750
-8.908949,-1.191469,4.440377
-8.911770,-1.184214,4.437992
-8.914587,-1.176966,4.435593
-8.917401,-1.169726,4.433181
-8.920211,-1.162494,4.430757
-8.923017,-1.155269,4.428319
-8.925819,-1.148051,4.425869
-8.928618,-1.140842,4.423405
-8.931412,-1.133640,4.420929
-8.934203,-1.126445,4.418439
-8.936991,-1.119259,4.415937
-8.939774,-1.112080,4.413422
-8.942554,-1.104908,4.410894
-8.945330,-1.097745,4.408353
-8.948103,-1.090589,4.405799
-8.950871,-1.083441,4.403233
-8.953636,-1.076301,4.400653
-8.956397,-1.069169,4.398061
-8.959155,-1.062045,4.395456
-8.961908,-1.054928,4.392839
-8.964658,-1.047820,4.390208
-8.967404,-1.040719,4.387565
-8.970147,-1.033627,4.384909
-8.972885,-1.026542,4.382240
-8.975620,-1.019466,4.379559
-8.978351,-1.012397,4.376865
-8.981079,-1.005337,4.374158
-8.983802,-0.998284,4.371438
-8.986522,-0.991240,4.368706
-8.989238,-0.984204,4.365961
-8.991951,-0.977176,4.363204
-8.994659,-0.970156,4.360434
-8.997364,-0.963144,4.357651
-9.000065,-0.956141,4.354856
-9.002763,-0.949145,4.352048
-9.005456,-0.942158,4.349228
-9.008146,-0.935180,4.346395
-9.010832,-0.928209,4.343549
-9.013515,-0.921247,4.340691
-9.016193,-0.914294,4.337821
-9.018868,-0.907348,4.334938
-9.021539,-0.900411,4.332042
-9.024207,-0.893483,4.329135
-9.026870,-0.886562,4.326214
-9.029530,-0.879651,4.323281
-9.032186,-0.872748,4.320336
-9.034839,-0.865853,4.317379
-9.037487,-0.858967,4.314409
-9.040132,-0.852089,4.311426
-9.042773,-0.845220,4.308431
-9.045410,-0.838359,4.305424
-9.048044,-0.831507,4.302405
-9.050674,-0.824664,4.299373
-9.053300,-0.817830,4.296329
-9.055922,-0.811004,4.293273
-9.058541,-0.804186,4.290204
-9.061156,-0.797378,4.287123
-9.063767,-0.790578,4.284030
-9.066374,-0.783787,4.280925
-9.068977,-0.777005,4.277807
-9.071577,-0.770231,4.274678
-9.074173,-0.763466,4.271536
-9.076766,-0.756711,4.268382
-9.079354,-0.749964,4.265215
-9.081939,-0.743226,4.262037
-9.084520,-0.736496,4.258846
-9.087097,-0.729776,4.255644
-9.089670,-0.723065,4.252429
-9.092240,-0.716362,4.249202
-9.094806,-0.709669,4.245963
-9.097368,-0.702985,4.242713
-9.099927,-0.696309,4.239450
-9.102481,-0.689643,4.236175
-9.105032,-0.682986,4.232888
-9.107579,-0.676338,4.229589
-9.110123,-0.669699,4.226278
-9.112662,-0.663069,4.222955
-9.115198,-0.656448,4.219620
-9.117730,-0.649837,4.216273
-9.120258,-0.643235,4.212915
-9.122783,-0.636642,4.209544
-9.125304,-0.630058,4.206162
-9.127821,-0.623483,4.202767
-9.130334,-0.616918,4.199361
-9.132843,-0.610362,4.195943
-9.135349,-0.603815,4.192514
-9.137851,-0.597278,4.189072
-9.140349,-0.590750,4.185619
-9.142844,-0.584231,4.182154
-9.145334,-0.577722,4.178677
-9.147821,-0.571222,4.175188
-9.150304,-0.564732,4.171688
-9.152783,-0.558251,4.168176
-9.155259,-0.551780,4.164652
-9.157731,-0.545318,4.161117
-9.160199,-0.538866,4.157570
-9.162663,-0.532423,4.154011
-9.165123,-0.525990,4.150441
-9.167580,-0.519566,4.146859
-10.245752,-0.200592,3.040561
-10.246393,-0.276830,3.016859
-10.247263,-0.348674,2.992754
-10.248339,-0.416607,2.968283
-10.249600,-0.481062,2.943474
-10.251025,-0.542432,2.918356
-10.252598,-0.601068,2.892952
-10.254303,-0.657286,2.867284
-10.256125,-0.711372,2.841372
-10.258050,-0.762520,2.815897
-10.260067,-0.810021,2.791458
-9.977194,-0.854242,2.767960
-9.725419,-0.895539,2.745109
-9.681531,-0.934196,2.722857
-9.642303,-0.970463,2.701289
-9.607266,-1.004583,2.680343
-9.575998,-1.036774,2.659963
-9.548119,-1.067235,2.640099
-9.523288,-1.096145,2.620704
-9.501196,-1.123664,2.601736
-9.481567,-1.149941,2.583156
-9.464152,-1.175105,2.564930
-9.448726,-1.199276,2.547025
-9.435087,-1.222563,2.529413
-9.423055,-1.245061,2.512067
-9.412465,-1.266860,2.494964
-9.403170,-1.288038,2.478081
-9.395039,-1.308667,2.461399
-9.387951,-1.328812,2.444899
-9.381731,-1.347713,2.429099
-9.376220,-1.364665,2.414470
-9.371347,-1.379852,2.400903
-9.367045,-1.393437,2.388299
-9.363257,-1.405570,2.376570
-9.359932,-1.416387,2.365635
-9.357021,-1.426010,2.355420
-9.354482,-1.434553,2.345859
-9.352277,-1.442114,2.336893
-9.350372,-1.448788,2.328466
-9.348736,-1.454657,2.320528
-9.347342,-1.459796,2.313037
-9.346164,-1.464275,2.305949
-9.345179,-1.468155,2.299230
-9.344369,-1.471494,2.292846
-9.343714,-1.474341,2.286766
-9.343198,-1.476745,2.280964
-9.342807,-1.478746,2.275414
-9.342527,-1.480383,2.270095
-9.342347,-1.481690,2.264985
-9.342255,-1.482700,2.260067
-9.342242,-1.483440,2.255323
-9.342300,-1.483937,2.250739
-9.342421,-1.484214,2.246302
-9.342597,-1.484291,2.241998
-9.342822,-1.484189,2.237816
-9.343091,-1.483925,2.233747
-9.343399,-1.483514,2.229781
-9.343741,-1.482972,2.225910
-9.344113,-1.482311,2.222126
-9.344510,-1.481542,2.218422
-9.344931,-1.480677,2.214793
-9.345372,-1.479725,2.211232
-9.345830,-1.478696,2.207734
-9.346303,-1.477597,2.204295
-9.346789,-1.476434,2.200911
-9.347285,-1.475216,2.197578
-9.347790,-1.473948,2.194292
-9.348303,-1.472635,2.191050
-9.348822,-1.471282,2.187850
-9.349346,-1.469893,2.184688
-9.349873,-1.468473,2.181563
-9.350403,-1.467025,2.178472
-9.350935,-1.465553,2.175414
-9.351468,-1.464059,2.172387
-9.352001,-1.462546,2.169388
-9.352534,-1.461017,2.166417
-9.353066,-1.459473,2.163472
-9.353596,-1.457918,2.160553
-9.354125,-1.456352,2.157657
-9.354651,-1.454777,2.154785
-9.355174,-1.453195,2.151935
-9.355695,-1.451608,2.149106
-9.356212,-1.450015,2.146297
-9.356726,-1.448419,2.143508
-9.357236,-1.446821,2.140739
-9.357742,-1.445221,2.137988
-9.358244,-1.443620,2.135255
-9.358742,-1.442019,2.132540
-9.359236,-1.440418,2.129843
-9.359725,-1.438819,2.127161
-9.360210,-1.437221,2.124497
-9.360690,-1.435625,2.121848
-9.361165,-1.434033,2.119215
-9.361636,-1.432443,2.116598
-9.362102,-1.430856,2.113996
-9.362563,-1.429274,2.111408
-9.363019,-1.427695,2.108836
-9.363471,-1.426121,2.106278
-9.363917,-1.424551,2.103734
-9.364359,-1.422985,2.101204
-9.364796,-1.421425,2.098688
-9.365228,-1.419870,2.096186
-9.365655,-1.418320,2.093697
-9.366077,-1.416775,2.091222
-9.366494,-1.415235,2.088760
-9.366907,-1.413702,2.086312
-9.367315,-1.412174,2.083876
-9.367718,-1.410651,2.081453
-9.368116,-1.409135,2.079044
-9.368510,-1.407624,2.076646
-9.368899,-1.406119,2.074262
-9.369283,-1.404620,2.071890
-9.369663,-1.403127,2.069530
-9.370038,-1.401641,2.067183
-9.370409,-1.400160,2.064847
-9.370774,-1.398685,2.062525
-9.371136,-1.397217,2.060214
-9.371493,-1.395754,2.057915
-9.371846,-1.394298,2.055628
-9.372194,-1.392848,2.053352
-9.372538,-1.391403,2.051089
-9.372877,-1.389966,2.048837
-9.373212,-1.388534,2.046597
-9.373543,-1.387108,2.044369
-9.373870,-1.385689,2.042151
-9.374193,-1.384275,2.039946
-9.374511,-1.382868,2.037752
-9.374825,-1.381467,2.035568
-9.375136,-1.380071,2.033397
-9.375442,-1.378682,2.031236
-9.375744,-1.377299,2.029087
-9.376042,-1.375922,2.026948
-9.376337,-1.374551,2.024821
-9.376627,-1.373186,2.022704
-9.376914,-1.371828,2.020598
-9.377197,-1.370475,2.018503
-9.377476,-1.369128,2.016419
-9.377751,-1.367786,2.014346
-9.378022,-1.366451,2.012283
-9.378290,-1.365122,2.010231
-9.378555,-1.363799,2.008189
-9.378815,-1.362481,2.006158
-9.379072,-1.361169,2.004137
-9.379326,-1.359864,2.002127
-9.379576,-1.358563,2.000127
-9.379822,-1.357269,1.998137
-9.380065,-1.355981,1.996157
-9.380305,-1.354698,1.994188
-9.380541,-1.353421,1.992229
-9.380774,-1.352149,1.990279
-9.381004,-1.350883,1.988340
-9.381230,-1.349623,1.986411
-9.381453,-1.348369,1.984491
-9.381673,-1.347120,1.982582
-9.381890,-1.345876,1.980682
-9.382103,-1.344638,1.978792
-9.382314,-1.343406,1.976912
-9.382521,-1.342179,1.975041
-9.382725,-1.340958,1.973180
-9.382927,-1.339742,1.971329
-9.383125,-1.338532,1.969487
-9.383320,-1.337327,1.967655
-9.383512,-1.336127,1.965832
-9.383702,-1.334933,1.964018
-9.383888,-1.333744,1.962214
-9.384072,-1.332560,1.960419
-9.384253,-1.331382,1.958633
-9.384431,-1.330209,1.956856
-9.384606,-1.329041,1.955089
-9.384778,-1.327879,1.953330
-9.384948,-1.326721,1.951581
-9.385115,-1.325569,1.949840
-9.385279,-1.324422,1.948109
-9.385441,-1.323280,1.946387
-9.385600,-1.322144,1.944673
-9.385757,-1.321012,1.942968
-9.385910,-1.319886,1.941272
-9.386062,-1.318764,1.939585
-9.386211,-1.317648,1.937906
-9.386357,-1.316537,1.936236
-9.386501,-1.315430,1.934575
-9.386642,-1.314329,1.932922
-9.386781,-1.313232,1.931278
-9.386918,-1.312141,1.929642
-9.387052,-1.311054,1.928015
-9.387184,-1.309973,1.926396
-9.387314,-1.308896,1.924785
-9.387441,-1.307824,1.923183
-9.387566,-1.306757,1.921589
-9.387688,-1.305694,1.920003
-9.387809,-1.304637,1.918425
-9.387927,-1.303584,1.916855
-9.388043,-1.302536,1.915294
-9.388157,-1.301492,1.913740
-9.388269,-1.300454,1.912195
-9.388379,-1.299420,1.910658
-9.388486,-1.298391,2.762996
-9.388425,-1.297261,2.907607
-9.388336,-1.296119,2.906093
-9.388246,-1.294983,2.904587
-9.388156,-1.293852,2.903089
-9.388066,-1.292728,2.901598
-9.387977,-1.291609,2.900115
-9.387887,-1.290496,2.898640
-9.387797,-1.289388,2.897173
-9.387707,-1.288287,2.895713
-9.387617,-1.287191,2.894261
-9.387527,-1.286101,2.892816
-9.387437,-1.285016,2.891378
-9.387347,-1.283937,2.889948
-9.387258,-1.282863,2.888526
-9.387168,-1.281795,2.887111
-9.387078,-1.280732,2.885703
-9.386988,-1.279675,2.884302
-9.386898,-1.278624,2.882909
-9.386809,-1.277577,2.881522
-9.386719,-1.276537,2.880143
-9.386629,-1.275501,2.878772
-9.386540,-1.274471,2.877407
-9.386450,-1.273446,2.876049
-9.386360,-1.272426,2.874698
-9.386271,-1.271412,2.873354
-9.386182,-1.270403,2.872018
-9.386092,-1.269399,2.870688
-9.386003,-1.268400,2.869365
-9.385914,-1.267407,2.868049
-9.385825,-1.266418,2.866739
-9.385736,-1.265435,2.865437
-9.385647,-1.264456,2.864141
-9.385558,-1.263483,2.862852
-9.385469,-1.262515,2.861569
-9.385381,-1.261552,2.860293
-9.385292,-1.260593,2.859024
-9.385204,-1.259640,2.857762
-9.385115,-1.258692,2.856505
-9.385027,-1.257748,2.855256
-9.384939,-1.256809,2.854013
-9.384851,-1.255876,2.852776
-9.384763,-1.254947,2.851546
-9.384675,-1.254022,2.850322
-9.384588,-1.253103,2.849104
-9.384500,-1.252188,2.847893
-9.384413,-1.251278,2.846688
-9.384326,-1.250373,2.845489
-9.384239,-1.249472,2.844297
-9.384152,-1.248576,2.843110
-9.384065,-1.247685,2.841930
-9.383978,-1.246798,2.840756
-9.383892,-1.245916,2.839588
-9.383805,-1.245039,2.838426
-9.383719,-1.244166,2.837270
-9.383633,-1.243297,2.836120
-9.383547,-1.242433,2.834976
-9.383461,-1.241573,2.833838
-9.383376,-1.240718,2.832706
-9.383290,-1.239868,2.831579
-9.383205,-1.239021,2.830459
-9.383120,-1.238179,2.829344
-9.383035,-1.237342,2.828235
-9.382950,-1.236508,2.827132
-9.382865,-1.235680,2.826035
-9.382781,-1.234855,2.824943
-9.382697,-1.234034,2.823857
-9.382613,-1.233218,2.822777
-9.382529,-1.232406,2.821702
-9.382445,-1.231599,2.820633
-9.382362,-1.230795,2.819569
-9.382278,-1.229996,2.818511
-9.382195,-1.229201,2.817458
-9.382112,-1.228409,2.816411
-9.382029,-1.227622,2.815369
-9.381947,-1.226839,2.814333
-9.381864,-1.226060,2.813302
-9.381782,-1.225286,2.812276
-9.381700,-1.224515,2.811256
-9.381618,-1.223748,2.810241
-9.381537,-1.222985,2.809231
-9.381456,-1.222226,2.808227
-9.381374,-1.221471,2.807228
-9.381293,-1.220720,2.806233
-9.381213,-1.219973,2.805245
-9.381132,-1.219229,2.804261
-9.381052,-1.218490,2.803282
-9.380971,-1.217754,2.802309
-9.380891,-1.217022,2.801340
-9.380812,-1.216294,2.800376
-9.380732,-1.215570,2.799418
-9.380653,-1.214849,2.798464
-9.380574,-1.214133,2.797516
-9.380495,-1.213420,2.796572
-9.380416,-1.212710,2.795634
-9.380338,-1.212005,2.794700
-9.380260,-1.211302,2.793771
-9.380181,-1.210604,2.792847
-9.380104,-1.209909,2.791927
-9.380026,-1.209218,2.791013
-9.379949,-1.208531,2.790103
-9.379872,-1.207847,2.789198
-9.379795,-1.207166,2.788297
-9.379718,-1.206489,2.787402
-9.379642,-1.205816,2.786511
-9.379565,-1.205146,2.785624
-9.379489,-1.204479,2.784742
-9.379413,-1.203816,2.783865
-9.379338,-1.203157,2.782992
-9.379263,-1.202501,2.782124
-9.379187,-1.201848,2.781261
-9.379113,-1.201199,2.780402
-9.379038,-1.200553,2.779547
-9.378963,-1.199910,2.778697
-9.378889,-1.199271,2.777851
-9.378815,-1.198635,2.777010
-9.378742,-1.198002,2.776173
-9.378668,-1.197373,2.775340
-9.378595,-1.196747,2.774512
-9.378522,-1.196124,2.773688
-9.378449,-1.195504,2.772868
-9.378376,-1.194888,2.772052
-9.378304,-1.194275,2.771241
-9.378232,-1.193664,2.770434
-9.378160,-1.193058,2.769631
-9.378088,-1.192454,2.768833
-9.378017,-1.191853,2.768038
-9.377946,-1.191256,2.767248
-9.377875,-1.190662,2.766462
-9.377804,-1.190070,2.765680
-9.377734,-1.189482,2.764902
-9.377663,-1.188897,2.764128
-9.377593,-1.188315,2.763358
-9.377524,-1.187736,2.762592
-9.377454,-1.187160,2.761830
-9.377385,-1.186587,2.761072
-9.377316,-1.186017,2.760318
-9.377247,-1.185450,2.759568
-9.377178,-1.184886,2.758822
-9.377110,-1.184324,2.758079
-9.377042,-1.183766,2.757341
-9.376974,-1.183211,2.756606
-9.376906,-1.182658,2.755875
-9.376839,-1.182109,2.755148
-9.376772,-1.181562,2.754425
-9.376705,-1.181018,2.753706
-9.376638,-1.180477,2.752990
-9.376572,-1.179939,2.752278
-9.376506,-1.179403,2.751570
-9.376440,-1.178870,2.750865
-9.376374,-1.178341,2.750165
-9.376308,-1.177813,2.749467
-9.376243,-1.177289,2.748774
-9.376178,-1.176767,2.748084
-9.376113,-1.176248,2.747397
-9.376049,-1.175732,2.746715
-9.375984,-1.175218,2.746035
-9.375920,-1.174708,2.745360
-9.375856,-1.174199,2.744688
-9.375793,-1.173694,2.744019
-9.375729,-1.173191,2.743354
-9.375666,-1.172690,2.742692
-9.375603,-1.172193,2.742034
-9.375541,-1.171697,2.741379
-9.375478,-1.171205,2.740727
-9.375416,-1.170715,2.740079
-9.375354,-1.170227,2.739435
-9.375292,-1.169742,2.738793
-9.375231,-1.169260,2.738155
-9.375170,-1.168780,2.737521
-9.375108,-1.168303,2.736890
-9.375048,-1.167828,2.736262
-9.374987,-1.167355,2.735637
-9.374927,-1.166885,2.735015
-9.374867,-1.166418,2.734397
-9.374807,-1.165953,2.733782
-9.374747,-1.165490,2.733170
-9.374688,-1.165030,2.732562
-9.374628,-1.164572,2.731956
-9.374569,-1.164117,2.731354
-9.374511,-1.163663,2.730755
-9.374452,-1.163213,2.730159
-9.374394,-1.162764,2.729566
-9.374336,-1.162318,2.728976
-9.374278,-1.161875,2.728389
-9.374220,-1.161433,2.727806
-9.374163,-1.160994,2.727225
-9.374106,-1.160557,2.726647
-9.374049,-1.160123,2.726073
-9.373992,-1.159690,2.725501
-9.373936,-1.159260,2.724933
-9.373879,-1.158833,2.724367
-9.373823,-1.158407,2.723804
-9.373768,-1.157984,2.723245
-9.373712,-1.157563,2.722688
-9.373657,-1.157144,2.722134
-9.373602,-1.156727,2.721583
-9.373547,-1.156312,2.721035
-9.373492,-1.155900,2.720489
-9.373438,-1.155490,2.719947
-9.373383,-1.155081,2.719407
-9.373329,-1.154675,2.718870
-9.373275,-1.154272,2.718337
-9.373222,-1.153870,2.717805
-9.373169,-1.153470,2.717277
-9.373115,-1.153073,2.716751
-9.373062,-1.152677,2.716228
-9.373010,-1.152284,2.715708
-9.372957,-1.151892,2.715191
-9.372905,-1.151503,2.714676
-9.372853,-1.151115,2.714164
-9.372801,-1.150730,2.713654
-9.372749,-1.150347,2.713148
-9.372698,-1.149966,2.712643
-9.372647,-1.149586,2.712142
-9.372596,-1.149209,2.711643
-9.372545,-1.148834,2.711147
-9.372494,-1.148460,2.710653
-9.372444,-1.148089,2.710162
-9.372394,-1.147719,2.709674
-9.372344,-1.147352,2.709188
-9.372294,-1.146986,2.708704
-9.372245,-1.146622,2.708223
-9.372195,-1.146260,2.707745
-9.372146,-1.145900,2.707269
-9.372098,-1.145542,2.706796
-9.372049,-1.145186,2.706325
-9.372000,-1.144832,2.705856
-9.371952,-1.144479,2.705390
-9.371904,-1.144128,2.704926
-9.371856,-1.143780,2.704465
-9.371809,-1.143433,2.704007
-9.371761,-1.143087,2.703550
-9.371714,-1.142744,2.703096
-9.371667,-1.142402,2.702645
-9.371620,-1.142062,2.702195
-9.371573,-1.141724,2.701748
-9.371527,-1.141388,2.701304
-9.371481,-1.141054,2.700862
-9.371435,-1.140721,2.700422
-9.371389,-1.140390,2.699984
-9.371343,-1.140060,2.699549
-9.371298,-1.139733,2.699116
-9.371252,-1.139407,2.698685
-9.371207,-1.139083,2.698256
-9.371162,-1.138760,2.697830
-9.371118,-1.138439,2.697406
-9.371073,-1.138120,2.696984
-9.371029,-1.137803,2.696564
-9.370985,-1.137487,2.696147
-9.370941,-1.137173,2.695732
-9.370897,-1.136860,2.695318
-9.370854,-1.136549,2.694907
-9.370811,-1.136240,2.694499
-9.370767,-1.135932,2.694092
-9.370725,-1.135626,2.693687
-9.370682,-1.135322,2.693285
-9.370639,-1.135019,2.692885
-9.370597,-1.134718,2.692486
-9.370555,-1.134418,2.692090
-9.370513,-1.134120,2.691696
-9.370471,-1.133823,2.691304
-9.370429,-1.133528,2.690914
-9.370388,-1.133235,2.690526
-9.370347,-1.132943,2.690140
-9.370306,-1.132652,2.689756
-9.370265,-1.132364,2.689375
-9.370224,-1.132076,2.688995
-9.370183,-1.131790,2.688617
-9.370143,-1.131506,2.688241
-9.370103,-1.131223,2.687867
-9.370063,-1.130941,2.687495
-9.370023,-1.130662,2.687125
-9.369984,-1.130383,2.686757
-9.369944,-1.130106,2.686391
-9.369905,-1.129830,2.686026
-9.369866,-1.129556,2.685664
-9.369827,-1.129283,2.685303
-9.369788,-1.129012,2.684945
-9.369750,-1.128742,2.684588
-9.369711,-1.128474,2.684233
-9.369673,-1.128207,2.683880
-9.369635,-1.127941,2.683529
-9.369597,-1.127677,2.683180
-9.369559,-1.127414,2.682832
-9.369522,-1.127152,2.682487
-9.369484,-1.126892,2.682143
-9.369447,-1.126633,2.681801
-9.369410,-1.126376,2.681460
-9.369373,-1.126120,2.681122
-9.369337,-1.125865,2.680785
-9.369300,-1.125612,2.680450
-9.369264,-1.125360,2.680117
-9.369228,-1.125109,2.679786
-9.369192,-1.124859,2.679456
-9.369156,-1.124611,2.679128
-9.369120,-1.124364,2.678802
-9.369085,-1.124119,2.678477
-9.369049,-1.123874,2.678154
-9.369014,-1.123631,2.677833
-9.368979,-1.123390,2.677513
-9.368944,-1.123149,2.677196
-9.368910,-1.122910,2.676879
-9.368875,-1.122672,2.676565
-9.368841,-1.122435,2.676252
-9.368806,-1.122200,2.675941
-9.368772,-1.121965,2.675631
-9.368738,-1.121732,2.675323
-9.368705,-1.121501,2.675017
-9.368671,-1.121270,2.674712
-9.368638,-1.121041,2.674409
-9.368604,-1.120812,2.674107
-9.368571,-1.120585,2.673807
-9.368538,-1.120359,2.673509
-9.368505,-1.120135,2.673212
-9.368473,-1.119911,2.672916
-9.368440,-1.119689,2.672623
-9.368408,-1.119468,2.672330
-9.368376,-1.119248,2.672040
-9.368344,-1.119029,2.671751
-9.368312,-1.118811,2.671463
-9.368280,-1.118595,2.671177
-9.368248,-1.118380,2.670892
-9.368217,-1.118165,2.670609
-9.368185,-1.117952,2.670327
-9.368154,-1.117740,2.670047
-9.368123,-1.117529,2.669768
-9.368092,-1.117319,2.669491
-9.368062,-1.117111,2.669215
-9.368031,-1.116903,2.668941
-9.368001,-1.116696,2.668668
-9.367970,-1.116491,2.668396
-9.367940,-1.116286,2.668126
-9.367910,-1.116083,2.667857
-9.367880,-1.115881,2.667590
-9.367851,-1.115680,2.667324
-9.367821,-1.115480,2.667059
-9.367791,-1.115280,2.666796
-9.367762,-1.115082,2.666535
-9.367733,-1.114885,2.666274
-9.367704,-1.114689,2.666015
-9.367675,-1.114494,2.665758
-9.367646,-1.114300,2.665501
-9.367618,-1.114107,2.665246
-9.367589,-1.113916,2.664993
-9.367561,-1.113725,2.664740
-9.367533,-1.113535,2.664489
-9.367504,-1.113346,2.664240
-9.367477,-1.113158,2.663991
-9.367449,-1.112971,2.663744
-9.367421,-1.112785,2.663498
-9.367393,-1.112600,2.663254
-9.367366,-1.112416,2.663011
-9.367339,-1.112233,2.662769
-9.367312,-1.112051,2.662528
-9.367285,-1.111870,2.662289
-9.367258,-1.111689,2.662051
-9.367231,-1.111510,2.661814
-9.367204,-1.111332,2.661578
-9.367178,-1.111154,2.661344
-9.367151,-1.110978,2.661110
-9.367125,-1.110802,2.660878
-9.367099,-1.110628,2.660648
-9.367073,-1.110454,2.660418
-9.367047,-1.110281,2.660190
-9.367021,-1.110109,2.659963
-9.366996,-1.109938,2.659737
-9.366970,-1.109768,2.659512
-9.366945,-1.109599,2.659288
-9.366919,-1.109431,2.659066
-9.366894,-1.109263,2.658845
-9.366869,-1.109097,2.658625
-9.366844,-1.108931,2.658406
-9.366820,-1.108766,2.658188
-9.366795,-1.108602,2.657971
-9.366770,-1.108439,2.657756
-9.366746,-1.108277,2.657541
-9.366722,-1.108115,2.657328
-9.366697,-1.107955,2.657116
-9.366673,-1.107795,2.656905
-9.366649,-1.107636,2.656695
-9.366625,-1.107478,2.656486
-9.366602,-1.107321,2.656278
-9.366578,-1.107165,2.656071
-9.366555,-1.107009,2.655866
-9.366531,-1.106854,2.655661
-9.366508,-1.106700,2.655458
-9.366485,-1.106547,2.655256
-9.366462,-1.106395,2.655054
-9.366439,-1.106243,2.654854
-9.366416,-1.106093,2.654655
-9.366393,-1.105943,2.654457
-9.366371,-1.105793,2.654259
-9.366348,-1.105645,2.654063
-9.366326,-1.105497,2.653868
-9.366304,-1.105351,2.653674
-9.366281,-1.105205,2.653481
-9.366259,-1.105059,2.653289
-9.366237,-1.104915,2.653098
-9.366216,-1.104771,2.652908
-9.366194,-1.104628,2.652719
-9.366172,-1.104486,2.652531
-9.366151,-1.104344,2.652344
-9.366129,-1.104203,2.652158
-9.366108,-1.104063,2.651973
-9.366087,-1.103924,2.651789
-9.366066,-1.103785,2.651606
-9.366045,-1.103647,2.651424
-9.366024,-1.103510,2.651242
-9.366003,-1.103374,2.651062
-9.365982,-1.103238,2.650883
-9.365962,-1.103103,2.650704
-9.365941,-1.102969,2.650527
-9.365921,-1.102835,2.650350
-9.365900,-1.102702,2.650175
-9.365880,-1.102570,2.650000
-9.365860,-1.102438,2.649826
-9.365840,-1.102308,2.649653
-9.365820,-1.102178,2.649481
-9.365801,-1.102048,2.649310
-9.365781,-1.101919,2.649140
-9.365761,-1.101791,2.648971
-9.365742,-1.101664,2.648803
-9.365722,-1.101537,2.648635
-9.365703,-1.101411,2.648468
-9.365684,-1.101285,2.648303
-9.365665,-1.101161,2.648138
-9.365646,-1.101037,2.647974
-9.365627,-1.100913,2.647811
-9.365608,-1.100790,2.647648
-9.365589,-1.100668,2.647487
-9.365570,-1.100547,2.647326
-9.365552,-1.100426,2.647167
-9.365533,-1.100305,2.647008
-9.365515,-1.100186,2.646850
-9.365497,-1.100067,2.646692
-9.365479,-1.099948,2.646536
-9.365460,-1.099831,2.646380
-9.365442,-1.099713,2.646225
-9.365424,-1.099597,2.646071
-9.365407,-1.099481,2.645918
-9.365389,-1.099366,2.645766
-9.365371,-1.099251,2.645614
-9.365354,-1.099137,2.645463
-9.365336,-1.099023,2.645313
-9.365319,-1.098910,2.645164
-9.365301,-1.098798,2.645016
-9.365284,-1.098686,2.644868
-9.365267,-1.098575,2.644721
-9.365250,-1.098464,2.644575
-9.365233,-1.098354,2.644430
-9.365216,-1.098245,2.644285
-9.365199,-1.098136,2.644141
-9.365183,-1.098028,2.643998
-9.365166,-1.097920,2.643856
-9.365149,-1.097813,2.643715
-9.365133,-1.097707,2.643574
-9.365117,-1.097600,2.643434
-9.365100,-1.097495,2.643294
-9.365084,-1.097390,2.643156
-9.365068,-1.097286,2.643018
-9.365052,-1.097182,2.642881
-9.365036,-1.097079,2.642744
-9.365020,-1.096976,2.642608
-9.365004,-1.096874,2.642473
-9.364988,-1.096772,2.642339
-9.364973,-1.096671,2.642205
-9.364957,-1.096570,2.642072
-9.364942,-1.096470,2.641940
-9.364926,-1.096371,2.641809
-9.364911,-1.096272,2.641678
-9.364896,-1.096173,2.641548
-9.364880,-1.096075,2.641418
-9.364865,-1.095978,2.641289
-9.364850,-1.095881,2.641161
-9.364835,-1.095784,2.641034
-9.364820,-1.095688,2.640907
-9.364805,-1.095593,2.640781
-9.364791,-1.095498,2.640656
-9.364776,-1.095403,2.640531
-9.364761,-1.095310,2.640407
-9.364747,-1.095216,2.640283
-9.364732,-1.095123,2.640160
-9.364718,-1.095031,2.640038
-9.364704,-1.094939,2.639917
-9.364689,-1.094847,2.639796
-9.364675,-1.094756,2.639675
-9.364661,-1.094666,2.639556
-9.364647,-1.094575,2.639437
-9.364633,-1.094486,2.639318
-9.364619,-1.094397,2.639200
-9.364606,-1.094308,2.639083
-9.364592,-1.094220,2.638967
-9.364578,-1.094132,2.638851
-9.364564,-1.094045,2.638735
-9.364551,-1.093958,2.638621
-9.364537,-1.093872,2.638507
-9.364524,-1.093786,2.638393
-9.364511,-1.093700,2.638280
-9.364497,-1.093615,2.638168
-9.364484,-1.093531,2.638056
-9.364471,-1.093446,2.637945
-9.364458,-1.093363,2.637834
-9.364445,-1.093279,2.637724
-9.364432,-1.093197,2.637615
-9.364419,-1.093114,2.637506
-9.364406,-1.093032,2.637398
-9.364394,-1.092951,2.637290
-9.364381,-1.092870,2.637183
-9.364368,-1.092789,2.637076
-9.364356,-1.092709,2.636970
-9.364343,-1.092629,2.636865
-9.364331,-1.092550,2.636760
-9.364319,-1.092471,2.636656
-9.364306,-1.092392,2.636552
-9.364294,-1.092314,2.636448
-9.364282,-1.092236,2.636346
-9.364270,-1.092159,2.636244
-9.364258,-1.092082,2.636142
-9.364246,-1.092005,2.636041
-9.364234,-1.091929,2.635940
-9.364222,-1.091853,2.635840
-9.364210,-1.091778,2.635741
-9.364198,-1.091703,2.635642
-9.364187,-1.091628,2.635543
-9.364175,-1.091554,2.635445
-9.364163,-1.091481,2.635348
-9.364152,-1.091407,2.635251
-9.364140,-1.091334,2.635154
-9.364129,-1.091262,2.635058
-9.364118,-1.091189,2.634963
-9.364106,-1.091117,2.634868
-9.364095,-1.091046,2.634773
-9.364084,-1.090975,2.634679
-9.364073,-1.090904,2.634586
-9.364062,-1.090834,2.634493
-9.364051,-1.090764,2.634400
-9.364040,-1.090694,2.634309
-9.364029,-1.090625,2.634217
-9.364018,-1.090556,2.634126
-9.364007,-1.090487,2.634035
-9.363997,-1.090419,2.633945
-9.363986,-1.090351,2.633856
-9.363975,-1.090284,2.633767
-9.363965,-1.090217,2.633678
-9.363954,-1.090150,2.633590
-9.363944,-1.090084,2.633502
-9.363934,-1.090018,2.633415
-9.363923,-1.089952,2.633328
-9.363913,-1.089887,2.633241
-9.363903,-1.089822,2.633156
-9.363892,-1.089757,2.633070
-9.363882,-1.089692,2.632985
-9.363872,-1.089628,2.632901
-9.363862,-1.089565,2.632816
-9.363852,-1.089501,2.632733
-9.363842,-1.089438,2.632649
-9.363832,-1.089376,2.632567
-9.363823,-1.089313,2.632484
-9.363813,-1.089251,2.632402
-9.363803,-1.089190,2.632321
-9.363793,-1.089128,2.632240
-9.363784,-1.089067,2.632159
-9.363774,-1.089007,2.632079
-9.363765,-1.088946,2.631999
-9.363755,-1.088886,2.631920
-9.363746,-1.088826,2.631841
-9.363736,-1.088767,2.631762
-9.363727,-1.088708,2.631684
-9.363718,-1.088649,2.631606
-9.363708,-1.088590,2.631529
-9.363699,-1.088532,2.631452
-9.363690,-1.088474,2.631375
-9.363681,-1.088416,2.631299
-9.363672,-1.088359,2.631224
-9.363663,-1.088302,2.631148
-9.363654,-1.088245,2.631073
-9.363645,-1.088189,2.630999
-9.363636,-1.088133,2.630925
-9.363627,-1.088077,2.630851
-9.363618,-1.088022,2.630777
-9.363610,-1.087966,2.630704
-9.363601,-1.087911,2.630632
-9.363592,-1.087857,2.630560
-9.363584,-1.087802,2.630488
-9.363575,-1.087748,2.630416
-9.363567,-1.087694,2.630345
-9.363558,-1.087641,2.630274
-9.363550,-1.087588,2.630204
-9.363541,-1.087535,2.630134
-9.363533,-1.087482,2.630064
-9.363525,-1.087429,2.629995
-9.363517,-1.087377,2.629926
-9.363508,-1.087325,2.629858
-9.363500,-1.087274,2.629790
-9.363492,-1.087223,2.629722
-9.363484,-1.087172,2.629654
-9.363476,-1.087121,2.629587
-9.363468,-1.087070,2.629521
-9.363460,-1.087020,2.629454
-9.363452,-1.086970,2.629388
-9.363444,-1.086920,2.629322
-9.363436,-1.086871,2.629257
-9.363428,-1.086822,2.629192
-9.363421,-1.086773,2.629127
-9.363413,-1.086724,2.629063
-9.363405,-1.086675,2.628999
-9.363398,-1.086627,2.628935
-9.363390,-1.086579,2.628872
-9.363382,-1.086532,2.628809
-9.363375,-1.086484,2.628746
-9.363367,-1.086437,2.628684
-9.363360,-1.086390,2.628622
-9.363353,-1.086343,2.628560
-9.363345,-1.086297,2.628499
-9.363338,-1.086251,2.628438
-9.363331,-1.086205,2.628377
-9.363323,-1.086159,2.628317
-9.363316,-1.086114,2.628257
-9.363309,-1.086068,2.628197
-9.363302,-1.086023,2.628138
-9.363295,-1.085979,2.628078
-9.363287,-1.085934,2.628020
-9.363280,-1.085890,2.627961
-9.363273,-1.085846,2.627903
-9.363266,-1.085802,2.627845
-9.363260,-1.085758,2.627787
-9.363253,-1.085715,2.627730
-9.363246,-1.085672,2.627673
-9.363239,-1.085629,2.627616
-9.363232,-1.085586,2.627560
-9.363225,-1.085544,2.627504
-9.363219,-1.085501,2.627448
-9.363212,-1.085459,2.627392
-9.363205,-1.085418,2.627337
-9.363199,-1.085376,2.627282
-9.363192,-1.085335,2.627228
-9.363186,-1.085293,2.627173
-9.363179,-1.085253,2.627119
-9.363173,-1.085212,2.627065
-9.363166,-1.085171,2.627012
-9.363160,-1.085131,2.626959
-9.363153,-1.085091,2.626906
-9.363147,-1.085051,2.626853
-9.363141,-1.085011,2.626801
-9.363134,-1.084972,2.626748
-9.363128,-1.084933,2.626697
-9.363122,-1.084894,2.626645
-9.363116,-1.084855,2.626594
-9.363110,-1.084816,2.626543
-9.363103,-1.084778,2.626492
-9.363097,-1.084740,2.626441
-9.363091,-1.084701,2.626391
-9.363085,-1.084664,2.626341
-9.363079,-1.084626,2.626291
-9.363073,-1.084589,2.626242
-9.363067,-1.084551,2.626193
-9.363061,-1.084514,2.626144
-9.363056,-1.084477,2.626095
-9.363050,-1.084441,2.626047
-9.363044,-1.084404,2.625999
-9.363038,-1.084368,2.625951
-9.363032,-1.084332,2.625903
-9.363027,-1.084296,2.625855
-9.363021,-1.084260,2.625808
-9.363015,-1.084225,2.625761
-9.363010,-1.084190,2.625715
-9.363004,-1.084154,2.625668
-9.362998,-1.084119,2.625622
-9.362993,-1.084085,2.625576
-9.362987,-1.084050,2.625530
-9.362982,-1.084016,2.625485
-9.362976,-1.083981,2.625440
-9.362971,-1.083947,2.625395
-9.362966,-1.083913,2.625350
-9.362960,-1.083880,2.625306
-9.362955,-1.083846,2.625261
-9.362949,-1.083813,2.625217
-9.362944,-1.083780,2.625173
-9.362939,-1.083747,2.625130
-9.362934,-1.083714,2.625086
-9.362928,-1.083681,2.625043
-9.362923,-1.083649,2.625000
-9.362918,-1.083617,2.624958
-9.362913,-1.083584,2.624915
-9.362908,-1.083552,2.624873
-9.362903,-1.083521,2.624831
-9.362898,-1.083489,2.624789
-9.362893,-1.083457,2.624748
-9.362888,-1.083426,2.624706
-9.362883,-1.083395,2.624665
-9.362878,-1.083364,2.624624
-9.362873,-1.083333,2.624583
-9.362868,-1.083303,2.624543
-9.362863,-1.083272,2.624503
-9.362858,-1.083242,2.624463
-9.362853,-1.083212,2.624423
-9.362849,-1.083182,2.624383
-9.362844,-1.083152,2.624344
-9.362839,-1.083122,2.624304
-9.362834,-1.083093,2.624265
-9.362830,-1.083063,2.624227
-9.362825,-1.083034,2.624188
-9.362820,-1.083005,2.624150
-9.362816,-1.082976,2.624111
-9.362811,-1.082947,2.624073
-9.362806,-1.082918,2.624035
-9.362802,-1.082890,2.623998
-9.362797,-1.082862,2.623960
-9.362793,-1.082833,2.623923
-9.362788,-1.082805,2.623886
-9.362784,-1.082778,2.623849
-9.362779,-1.082750,2.623813
-9.362775,-1.082722,2.623776
-9.362771,-1.082695,2.623740
-9.362766,-1.082668,2.623704
-9.362762,-1.082640,2.623668
-9.362758,-1.082613,2.623632
-9.362753,-1.082586,2.623597
-9.362749,-1.082560,2.623562
-9.362745,-1.082533,2.623526
-9.362740,-1.082507,2.623491
-9.362736,-1.082480,2.623457
-9.362732,-1.082454,2.623422
-9.362728,-1.082428,2.623388
-9.362724,-1.082402,2.623353
-9.362720,-1.082376,2.623319
-9.362716,-1.082351,2.623286
-9.362711,-1.082325,2.623252
-9.362707,-1.082300,2.623218
-9.362703,-1.082275,2.623185
-9.362699,-1.082250,2.623152
-9.362695,-1.082225,2.623119
-9.362691,-1.082200,2.623086
-9.362687,-1.082175,2.623053
-9.362683,-1.082151,2.623021
-9.362679,-1.082126,2.622989
-9.362676,-1.082102,2.622957
-9.362672,-1.082078,2.622925
-9.362668,-1.082054,2.622893
-9.362664,-1.082030,2.622861
-9.362660,-1.082006,2.622830
-9.362656,-1.081982,2.622798
-9.362653,-1.081959,2.622767
-9.362649,-1.081935,2.622736
-9.362645,-1.081912,2.622706
-9.362641,-1.081889,2.622675
-9.362638,-1.081866,2.622644
-9.362634,-1.081843,2.622614
-9.362630,-1.081820,2.622584
-9.362627,-1.081797,2.622554
-9.362623,-1.081774,2.622524
-9.362619,-1.081752,2.622494
-9.362616,-1.081730,2.622465
-9.362612,-1.081707,2.622435
-9.362609,-1.081685,2.622406
-9.362605,-1.081663,2.622377
-9.362602,-1.081641,2.622348
-9.362598,-1.081620,2.622320
-9.362595,-1.081598,2.622291
-9.362591,-1.081576,2.622262
-9.362588,-1.081555,2.622234
-9.362584,-1.081534,2.622206
-9.362581,-1.081512,2.622178
-9.362578,-1.081491,2.622150
-9.362574,-1.081470,2.622122
-9.362571,-1.081449,2.622095
-9.362568,-1.081429,2.622067
-9.362564,-1.081408,2.622040
-9.362561,-1.081387,2.622013
-9.362558,-1.081367,2.621986
-9.362554,-1.081347,2.621959
-9.362551,-1.081326,2.621932
-9.362548,-1.081306,2.621906
-9.362545,-1.081286,2.621879
-9.362541,-1.081266,2.621853
-9.362538,-1.081247,2.621827
-9.362535,-1.081227,2.621801
-9.362532,-1.081207,2.621775
-9.362529,-1.081188,2.621749
-9.362526,-1.081168,2.621723
-9.362523,-1.081149,2.621698
-9.362520,-1.081130,2.621673
-9.362516,-1.081111,2.621647
-9.362513,-1.081092,2.621622
-9.362510,-1.081073,2.621597
-9.362507,-1.081054,2.621573
-9.362504,-1.081036,2.621548
-9.362501,-1.081017,2.621523
-9.362498,-1.080998,2.621499
-9.362495,-1.080980,2.621475
-9.362492,-1.080962,2.621450
-9.362490,-1.080944,2.621426
-9.362487,-1.080925,2.621402
-9.362484,-1.080907,2.621379
-9.362481,-1.080889,2.621355
-9.362478,-1.080872,2.621331
-9.362475,-1.080854,2.621308
-9.362472,-1.080836,2.621285
-9.362469,-1.080819,2.621261
-9.362467,-1.080801,2.621238
-9.362464,-1.080784,2.621215
-9.362461,-1.080767,2.621193
-9.362458,-1.080749,2.621170
-9.362456,-1.080732,2.621147
-9.362453,-1.080715,2.621125
-9.362450,-1.080698,2.621103
-9.362447,-1.080682,2.621080
-9.362445,-1.080665,2.621058
-9.362442,-1.080648,2.621036
-9.362439,-1.080632,2.621014
-9.362437,-1.080615,2.620993
-9.362434,-1.080599,2.620971
-9.362431,-1.080582,2.620949
-9.362429,-1.080566,2.620928
-9.362426,-1.080550,2.620907
-9.362424,-1.080534,2.620885
-9.362421,-1.080518,2.620864
-9.362419,-1.080502,2.620843
-9.362416,-1.080486,2.620822
-9.362413,-1.080471,2.620802
-9.362411,-1.080455,2.620781
-9.362408,-1.080440,2.620761
-9.362406,-1.080424,2.620740
-9.362403,-1.080409,2.620720
-9.362401,-1.080393,2.620700
-9.362399,-1.080378,2.620679
-9.362396,-1.080363,2.620659
-9.362394,-1.080348,2.620640
-9.362391,-1.080333,2.620620
-9.362389,-1.080318,2.620600
-9.362386,-1.080303,2.620580
-9.362384,-1.080288,2.620561
-9.362382,-1.080274,2.620542
-9.362379,-1.080259,2.620522
-9.362377,-1.080245,2.620503
-9.362375,-1.080230,2.620484
-9.362372,-1.080216,2.620465
-9.362370,-1.080202,2.620446
-9.362368,-1.080187,2.620427
-9.362366,-1.080173,2.620409
-9.362363,-1.080159,2.620390
-9.362361,-1.080145,2.620372
-9.362359,-1.080131,2.620353
-9.362357,-1.080117,2.620335
-9.362354,-1.080104,2.620317
-9.362352,-1.080090,2.620299
-9.362350,-1.080076,2.620281
-9.362348,-1.080063,2.620263
-9.362346,-1.080049,2.620245
-9.362343,-1.080036,2.620227
-9.362341,-1.080022,2.620210
-9.362339,-1.080009,2.620192
-9.362337,-1.079996,2.620175
-9.362335,-1.079983,2.620157
-9.362333,-1.079970,2.620140
-9.362331,-1.079957,2.620123
-9.362329,-1.079944,2.620106
-9.362327,-1.079931,2.620089
-9.362324,-1.079918,2.620072
-9.362322,-1.079905,2.620055
-9.362320,-1.079893,2.620038
-9.362318,-1.079880,2.620022
-9.362316,-1.079868,2.620005
-9.362314,-1.079855,2.619989
-9.362312,-1.079843,2.619972
-9.362310,-1.079830,2.619956
-9.362308,-1.079818,2.619940
-9.362306,-1.079806,2.619923
-9.362304,-1.079794,2.619907
-9.362302,-1.079782,2.619891
-9.362301,-1.079770,2.619876
-9.362299,-1.079758,2.619860
-9.362297,-1.079746,2.619844
-9.362295,-1.079734,2.619829
-9.362293,-1.079722,2.619813
-9.362291,-1.079711,2.619798
-9.362289,-1.079699,2.619782
-9.362287,-1.079687,2.619767
-9.362285,-1.079676,2.619752
-9.362284,-1.079664,2.619736
-9.362282,-1.079653,2.619721
-9.362280,-1.079642,2.619706
-9.362278,-1.079630,2.619692
-9.362276,-1.079619,2.619677
-9.362274,-1.079608,2.619662
-9.362273,-1.079597,2.619647
-9.362271,-1.079586,2.619633
-9.362269,-1.079575,2.619618
-9.362267,-1.079564,2.619604
-9.362266,-1.079553,2.619589
-9.362264,-1.079542,2.619575
-9.362262,-1.079531,2.619561
-9.362260,-1.079521,2.619547
-9.362259,-1.079510,2.619533
-9.362257,-1.079500,2.619519
-9.362255,-1.079489,2.619505
-9.362254,-1.079479,2.619491
-9.362252,-1.079468,2.619477
-9.362250,-1.079458,2.619463
-9.362249,-1.079447,2.619450
-9.362247,-1.079437,2.619436
-9.362245,-1.079427,2.619423
-9.362244,-1.079417,2.619409
-9.362242,-1.079407,2.619396
-9.362240,-1.079397,2.619383
-9.362239,-1.079387,2.619370
-9.362237,-1.079377,2.619356
-9.362236,-1.079367,2.619343
-9.362234,-1.079357,2.619330
-9.362232,-1.079347,2.619317
-9.362231,-1.079337,2.619305
-9.362229,-1.079328,2.619292
-9.362228,-1.079318,2.619279
-9.362226,-1.079309,2.619266
-9.362225,-1.079299,2.619254
-9.362223,-1.079290,2.619241
-9.362222,-1.079280,2.619229
-9.362220,-1.079271,2.619216
-9.362219,-1.079261,2.619204
-9.362217,-1.079252,2.619192
-9.362216,-1.079243,2.619180
-9.362214,-1.079234,2.619168
-9.362213,-1.079225,2.619155
-9.362211,-1.079215,2.619143
-9.362210,-1.079206,2.619131
-9.362208,-1.079197,2.619120
-9.362207,-1.079189,2.619108
-9.362205,-1.079180,2.619096
-9.362204,-1.079171,2.619084
-9.362202,-1.079162,2.619073
-9.362201,-1.079153,2.619061
-9.362200,-1.079144,2.619050
-9.362198,-1.079136,2.619038
-9.362197,-1.079127,2.619027
-9.362195,-1.079119,2.619015
-9.362194,-1.079110,2.619004
-9.362193,-1.079102,2.618993
-9.362191,-1.079093,2.618982
-9.362190,-1.079085,2.618971
-9.362189,-1.079076,2.618960
-9.362187,-1.079068,2.618949
-9.362186,-1.079060,2.618938
-9.362185,-1.079052,2.618927
-9.362183,-1.079043,2.618916
-9.362182,-1.079035,2.618905
-9.362181,-1.079027,2.618895
-9.362179,-1.079019,2.618884
-9.362178,-1.079011,2.618873
-9.362177,-1.079003,2.618863
-9.362176,-1.078995,2.618852
-9.362174,-1.078987,2.618842
-9.362173,-1.078979,2.618832
-9.362172,-1.078972,2.618821
-9.362170,-1.078964,2.618811
-9.362169,-1.078956,2.618801
-9.362168,-1.078948,2.618791
-9.362167,-1.078941,2.618781
-9.362165,-1.078933,2.618771
-9.362164,-1.078926,2.618761
-9.362163,-1.078918,2.618751
-9.362162,-1.078911,2.618741
-9.362161,-1.078903,2.618731
-9.362159,-1.078896,2.618721
-9.362158,-1.078888,2.618711
-9.362157,-1.078881,2.618702
-9.362156,-1.078874,2.618692
-9.362155,-1.078867,2.618683
-9.362154,-1.078859,2.618673
-9.362152,-1.078852,2.618664
-9.362151,-1.078845,2.618654
-9.362150,-1.078838,2.618645
-9.362149,-1.078831,2.618635
-9.362148,-1.078824,2.618626
-9.362147,-1.078817,2.618617
-9.362146,-1.078810,2.618608
-9.362144,-1.078803,2.618599
-9.362143,-1.078796,2.618589
-9.362142,-1.078789,2.618580
-9.362141,-1.078783,2.618571
-9.362140,-1.078776,2.618562
-9.362139,-1.078769,2.618554
-9.362138,-1.078762,2.618545
-9.362137,-1.078756,2.618536
-9.362136,-1.078749,2.618527
-9.362135,-1.078742,2.618518
-9.362134,-1.078736,2.618510
-9.362133,-1.078729,2.618501
-9.362131,-1.078723,2.618493
-9.362130,-1.078716,2.618484
-9.362129,-1.078710,2.618476
-9.362128,-1.078704,2.618467
-9.362127,-1.078697,2.618459
-9.362126,-1.078691,2.618450
-9.362125,-1.078685,2.618442
-9.362124,-1.078678,2.618434
-9.362123,-1.078672,2.618426
-9.362122,-1.078666,2.618417
-9.362121,-1.078660,2.618409
-9.362120,-1.078654,2.618401
-9.362119,-1.078648,2.618393
-9.362118,-1.078641,2.618385
-9.362117,-1.078635,2.618377
-9.362116,-1.078629,2.618369
-9.362115,-1.078623,2.618361
-9.362114,-1.078618,2.618354
-9.362114,-1.078612,2.618346
-9.362113,-1.078606,2.618338
-9.362112,-1.078600,2.618330
-9.362111,-1.078594,2.618323
-9.362110,-1.078588,2.618315
-9.362109,-1.078583,2.618307
-9.362108,-1.078577,2.618300
-9.362107,-1.078571,2.618292
-9.362106,-1.078566,2.618285
-9.362105,-1.078560,2.618277
-9.362104,-1.078554,2.618270
-9.362103,-1.078549,2.618263
-9.362102,-1.078543,2.618255
-9.362102,-1.078538,2.618248
-9.362101,-1.078532,2.618241
-9.362100,-1.078527,2.618234
-9.362099,-1.078521,2.618226
-9.362098,-1.078516,2.618219
-9.362097,-1.078511,2.618212
-9.362096,-1.078505,2.618205
-9.362095,-1.078500,2.618198
-9.362095,-1.078495,2.618191
-9.362094,-1.078489,2.618184
-9.362093,-1.078484,2.618177
-9.362092,-1.078479,2.618170
-9.362091,-1.078474,2.618163
-9.362090,-1.078469,2.618157
-9.362090,-1.078463,2.618150
-9.362089,-1.078458,2.618143
-9.362088,-1.078453,2.618136
-9.362087,-1.078448,2.618130
-9.362086,-1.078443,2.618123
-9.362085,-1.078438,2.618117
-9.362085,-1.078433,2.618110
-9.362084,-1.078428,2.618104
-9.362083,-1.078423,2.618097
-9.362082,-1.078419,2.618091
-9.362081,-1.078414,2.618084
-9.362081,-1.078409,2.618078
-9.362080,-1.078404,2.618071
-9.362079,-1.078399,2.618065
-9.362078,-1.078394,2.618059
-9.362078,-1.078390,2.618053
-9.362077,-1.078385,2.618046
-9.362076,-1.078380,2.618040
-9.362075,-1.078376,2.618034
-9.362075,-1.078371,2.618028
-9.362074,-1.078366,2.618022
-9.362073,-1.078362,2.618016
-9.362072,-1.078357,2.618010
-9.362072,-1.078353,2.618004
-9.362071,-1.078348,2.617998
-9.362070,-1.078344,2.617992
-9.362069,-1.078339,2.617986
-9.362069,-1.078335,2.617980
-9.362068,-1.078330,2.617974
-9.362067,-1.078326,2.617968
-9.362067,-1.078322,2.617963
-9.362066,-1.078317,2.617957
-9.362065,-1.078313,2.617951
-9.362065,-1.078309,2.617945
-9.362064,-1.078304,2.617940
-9.362063,-1.078300,2.617934
-9.362062,-1.078296,2.617929
-9.362062,-1.078292,2.617923
-9.362061,-1.078287,2.617917
-9.362060,-1.078283,2.617912
-9.362060,-1.078279,2.617906
-9.362059,-1.078275,2.617901
-9.362058,-1.078271,2.617896
-9.362058,-1.078267,2.617890
-9.362057,-1.078263,2.617885
-9.362056,-1.078259,2.617879
-9.362056,-1.078255,2.617874
-9.362055,-1.078251,2.617869
-9.362054,-1.078247,2.617864
-9.362054,-1.078243,2.617858
-9.362053,-1.078239,2.617853
-9.362053,-1.078235,2.617848
-9.362052,-1.078231,2.617843
-9.362051,-1.078227,2.617838
-9.362051,-1.078223,2.617833
-9.362050,-1.078219,2.617828
-9.362049,-1.078216,2.617823
-9.362049,-1.078212,2.617818
-9.362048,-1.078208,2.617813
-9.362048,-1.078204,2.617808
-9.362047,-1.078201,2.617803
-9.362046,-1.078197,2.617798
-9.362046,-1.078193,2.617793
-9.362045,-1.078189,2.617788
-9.362045,-1.078186,2.617783
-9.362044,-1.078182,2.617778
-9.362043,-1.078179,2.617774
-9.362043,-1.078175,2.617769
-9.362042,-1.078171,2.617764
-9.362042,-1.078168,2.617759
-9.362041,-1.078164,2.617755
-9.362041,-1.078161,2.617750
-9.362040,-1.078157,2.617745
-9.362039,-1.078154,2.617741
-9.362039,-1.078150,2.617736
-9.362038,-1.078147,2.617732
-9.362038,-1.078143,2.617727
-9.362037,-1.078140,2.617723
-9.362037,-1.078137,2.617718
-9.362036,-1.078133,2.617714
-9.362036,-1.078130,2.617709
-9.362035,-1.078127,2.617705
-9.362034,-1.078123,2.617700
-9.362034,-1.078120,2.617696
-9.362033,-1.078117,2.617692
-9.362033,-1.078113,2.617687
-9.362032,-1.078110,2.617683
-9.362032,-1.078107,2.617679
-9.362031,-1.078104,2.617675
-9.362031,-1.078100,2.617670
-9.362030,-1.078097,2.617666
-9.362030,-1.078094,2.617662
-9.362029,-1.078091,2.617658
-9.362029,-1.078088,2.617654
-9.362028,-1.078085,2.617649
-9.362028,-1.078081,2.617645
-9.362027,-1.078078,2.617641
-9.362027,-1.078075,2.617637
-9.362026,-1.078072,2.617633
-9.362026,-1.078069,2.617629
-9.362025,-1.078066,2.617625
-9.362025,-1.078063,2.617621
-9.362024,-1.078060,2.617617
-9.362024,-1.078057,2.617613
-9.362023,-1.078054,2.617609
-9.362023,-1.078051,2.617605
-9.362022,-1.078048,2.617602
-9.362022,-1.078045,2.617598
-9.362021,-1.078043,2.617594
-9.362021,-1.078040,2.617590
-9.362021,-1.078037,2.617586
-9.362020,-1.078034,2.617583
-9.362020,-1.078031,2.617579
-9.362019,-1.078028,2.617575
-9.362019,-1.078025,2.617571
-9.362018,-1.078023,2.617568
-9.362018,-1.078020,2.617564
-9.362017,-1.078017,2.617560
-9.362017,-1.078014,2.617557
-9.362016,-1.078012,2.617553
-9.362016,-1.078009,2.617549
-9.362016,-1.078006,2.617546
-9.362015,-1.078003,2.617542
-9.362015,-1.078001,2.617539
-9.362014,-1.077998,2.617535
-9.362014,-1.077995,2.617532
-9.362013,-1.077993,2.617528
-9.362013,-1.077990,2.617525
-9.362013,-1.077988,2.617521
-9.362012,-1.077985,2.617518
-9.362012,-1.077982,2.617514
-9.362011,-1.077980,2.617511
-9.362011,-1.077977,2.617508
-9.362010,-1.077975,2.617504
-9.362010,-1.077972,2.617501
-9.362010,-1.077970,2.617498
-9.362009,-1.077967,2.617494
-9.362009,-1.077965,2.617491
-9.362008,-1.077962,2.617488
-9.362008,-1.077960,2.617485
-9.362008,-1.077957,2.617481
-9.362007,-1.077955,2.617478
-9.362007,-1.077952,2.617475
-9.362006,-1.077950,2.617472
-9.362006,-1.077948,2.617469
-9.362006,-1.077945,2.617465
-9.362005,-1.077943,2.617462
-9.362005,-1.077941,2.617459
-9.362005,-1.077938,2.617456
-9.362004,-1.077936,2.617453
-9.362004,-1.077934,2.617450
-9.362003,-1.077931,2.617447
-9.362003,-1.077929,2.617444
-9.362003,-1.077927,2.617441
-9.362002,-1.077924,2.617438
-9.362002,-1.077922,2.617435
-9.362002,-1.077920,2.617432
-9.362001,-1.077918,2.617429
-9.362001,-1.077915,2.617426
-9.362000,-1.077913,2.617423
-9.362000,-1.077911,2.617420
-9.362000,-1.077909,2.617417
-9.361999,-1.077907,2.617414
-9.361999,-1.077904,2.617411
-9.361999,-1.077902,2.617408
-9.361998,-1.077900,2.617406
-9.361998,-1.077898,2.617403
-9.361998,-1.077896,2.617400
-9.361997,-1.077894,2.617397
-9.361997,-1.077892,2.617394
-9.361997,-1.077889,2.617392
-9.419252,-1.011382,2.626360
-9.471286,-0.951249,2.633568
-9.518356,-0.896776,2.639333
-9.560958,-0.847395,2.643802
-9.599538,-0.802593,2.647107
-9.634496,-0.761910,2.649365
-9.666194,-0.724933,2.650683
-9.694957,-0.691290,2.651154
-9.721076,-0.660648,2.650864
-9.744816,-0.632705,2.649890
-9.766414,-0.607191,2.648299
-9.786083,-0.583863,2.646153
-9.804015,-0.562504,2.643508
-9.820382,-0.542915,2.640413
-9.835342,-0.524921,2.636912
-9.849033,-0.508361,2.633047
-9.861582,-0.493094,2.628853
-9.873103,-0.478989,2.624362
-9.883697,-0.465931,2.619604
-9.893456,-0.453815,2.614605
-9.902464,-0.442548,2.609389
-9.910794,-0.432045,2.603977
-9.918514,-0.422231,2.598388
-9.925684,-0.413035,2.592639
-9.932359,-0.404397,2.586747
-9.938586,-0.396262,2.580725
-9.944411,-0.388579,2.574585
-9.949873,-0.381303,2.568340
-9.955007,-0.374394,2.561998
-9.959846,-0.367816,2.555570
-9.964418,-0.361535,2.549064
-9.968750,-0.355523,2.542487
-9.972864,-0.349752,2.535846
-9.976782,-0.344199,2.529147
-9.980523,-0.338842,2.522395
-9.984104,-0.333662,2.515596
-9.987539,-0.328641,2.508754
-9.990844,-0.323764,2.501872
-9.994030,-0.319017,2.494955
-9.997109,-0.314386,2.488006
-10.000090,-0.309860,2.481027
-10.002983,-0.305429,2.474021
-10.005796,-0.301084,2.466991
-10.008536,-0.296816,2.459939
-10.011210,-0.292618,2.452866
-10.013823,-0.288483,2.445775
-10.016381,-0.284405,2.438667
-10.018890,-0.280378,2.431543
-10.021352,-0.276397,2.424405
-10.023773,-0.272459,2.417253
-10.026155,-0.268559,2.410090
-10.028502,-0.264693,2.402915
-10.030817,-0.260858,2.395729
-10.033102,-0.257051,2.388535
-10.035359,-0.253270,2.381331
-10.037591,-0.249512,2.374119
-10.039799,-0.245775,2.366899
-10.041986,-0.242057,2.359671
-10.044152,-0.238357,2.352437
-10.046299,-0.234673,2.345197
-10.048428,-0.231003,2.337950
-10.050540,-0.227346,2.330698
-10.052637,-0.223702,2.323440
-10.054719,-0.220068,2.316177
-10.056787,-0.216445,2.308910
-10.058841,-0.212830,2.301637
-10.060883,-0.209225,2.294360
-10.062913,-0.205627,2.287079
-10.064931,-0.202037,2.279794
-10.066938,-0.198453,2.272504
-10.068935,-0.194876,2.265211
-10.070921,-0.191304,2.257914
-10.072897,-0.187738,2.250614
-10.074864,-0.184177,2.243310
-10.076821,-0.180621,2.236002
-10.078769,-0.177069,2.228691
-10.080709,-0.173522,2.221377
-10.082639,-0.169978,2.214059
-10.084562,-0.166438,2.206739
-10.086476,-0.162902,2.199415
-10.088381,-0.159369,2.192088
-10.090279,-0.155840,2.184759
-10.092169,-0.152314,2.177426
-10.094051,-0.148790,2.170090
-10.095925,-0.145270,2.162752
-10.097792,-0.141752,2.155410
-10.099651,-0.138237,2.148066
-10.101503,-0.134725,2.140719
-10.103347,-0.131215,2.133369
-10.105184,-0.127708,2.126017
-10.107013,-0.124203,2.118662
-10.108836,-0.120700,2.111304
-10.110651,-0.117200,2.103943
-10.112459,-0.113702,2.096580
-10.114259,-0.110207,2.089214
-10.116053,-0.106713,2.081845
-10.117840,-0.103222,2.074474
-10.119619,-0.099733,2.067100
-10.121391,-0.096247,2.059723
-10.123157,-0.092762,2.052344
-10.124915,-0.089280,2.044962
-10.126667,-0.085799,2.037578
-10.128411,-0.082321,2.030191
-10.130148,-0.078845,2.022802
-10.131879,-0.075370,2.015410
-10.133602,-0.071898,2.008016
-10.135319,-0.068428,2.000619
-10.137028,-0.064960,1.993219
-10.138731,-0.061494,1.985817
-10.140427,-0.058030,1.978413
-10.142116,-0.054568,1.971006
-10.143798,-0.051108,1.963597
-10.145473,-0.047651,1.956185
-10.147141,-0.044195,1.948770
-10.148802,-0.040741,1.941353
-10.150456,-0.037289,1.933934
-10.152103,-0.033839,1.926512
-10.153744,-0.030391,1.919088
-10.155377,-0.026946,1.911662
-10.157004,-0.023502,1.904233
-10.158624,-0.020060,1.896801
-10.160237,-0.016620,1.889367
-10.161843,-0.013183,1.881931
-10.163442,-0.009747,1.874492
-10.165034,-0.006313,1.867051
-10.166619,-0.002882,1.859608
-10.168198,0.000548,1.852162
-10.169769,0.003976,1.844714
-10.171334,0.007401,1.837263
-10.172891,0.010825,1.829810
-10.174442,0.014246,1.822355
-10.175986,0.017666,1.814897
-10.177523,0.021083,1.807437
-10.179053,0.024499,1.799974
-10.180576,0.027912,1.792510
-10.182093,0.031323,1.785043
-10.183602,0.034733,1.777573
-10.185105,0.038140,1.770102
-10.186600,0.041545,1.762628
-10.188089,0.044948,1.755151
-10.189571,0.048349,1.747673
-10.191046,0.051748,1.740192
-10.192514,0.055145,1.732709
-10.193975,0.058540,1.725223
-10.195429,0.061933,1.717735
-10.196876,0.065324,1.710245
-10.198317,0.068713,1.702753
-10.199750,0.072099,1.695258
-10.201177,0.075484,1.687762
-10.202596,0.078866,1.680262
-10.204009,0.082247,1.672761
-10.205415,0.085625,1.665258
-10.206814,0.089001,1.657752
-10.208206,0.092375,1.650244
-10.209591,0.095747,1.642734
-10.210969,0.099117,1.635221
-10.212340,0.102485,1.627707
-10.213705,0.105851,1.620190
-10.215062,0.109214,1.612671
-10.216412,0.112576,1.605149
-10.217756,0.115935,1.597626
-10.219093,0.119292,1.590100
-10.220422,0.122647,1.582573
-10.221745,0.126000,1.575043
-10.223061,0.129351,1.567511
-10.224370,0.132700,1.559976
-10.225672,0.136047,1.552440
-10.226967,0.139391,1.544901
-10.228255,0.142734,1.537361
-10.229536,0.146074,1.529818
-10.230811,0.149412,1.522273
-10.232078,0.152748,1.514726
-10.233338,0.156082,1.507177
-10.234592,0.159413,1.499625
-10.235838,0.162743,1.492072
-10.237078,0.166070,1.484517
-10.238311,0.169395,1.476959
-10.239536,0.172718,1.469399
-10.240755,0.176039,1.461838
-10.241967,0.179358,1.454274
-10.243172,0.182674,1.446708
-10.244370,0.185989,1.439140
-10.245561,0.189301,1.431570
-10.246745,0.192611,1.423998
-10.247922,0.195919,1.416424
-10.249092,0.199224,1.408848
-10.250256,0.202528,1.401270
-10.251412,0.205829,1.393689
-10.252561,0.209128,1.386107
-10.253704,0.212425,1.378523
-10.254839,0.215719,1.370937
-10.255968,0.219012,1.363348
-10.257089,0.222302,1.355758
-10.258204,0.225590,1.348166
-10.259311,0.228876,1.340572
-10.260412,0.232160,1.332976
-10.261506,0.235441,1.325377
-10.262593,0.238720,1.317777
-10.263672,0.241997,1.310175
-10.264745,0.245272,1.302571
-10.265811,0.248544,1.294965
-10.266870,0.251815,1.287357
-10.267922,0.255083,1.279747
-10.268967,0.258348,1.272136
-10.270005,0.261612,1.264522
-10.271036,0.264873,1.256906
-10.272060,0.268132,1.249289
-10.273078,0.271389,1.241669
-10.274088,0.274644,1.234048
-10.275091,0.277896,1.226425
-10.276087,0.281146,1.218799
-10.277077,0.284394,1.211172
-10.278059,0.287639,1.203543
-10.279034,0.290883,1.195913
-10.280003,0.294124,1.188280
-10.280964,0.297362,1.180645
-10.281919,0.300599,1.173009
-10.282866,0.303833,1.165371
-10.283807,0.307065,1.157731
-10.284740,0.310295,1.150089
-10.285667,0.313522,1.142445
-10.286586,0.316747,1.134800
-10.287499,0.319970,1.127152
-10.288405,0.323190,1.119503
-10.289303,0.326409,1.111852
-10.290195,0.329624,1.104199
-10.291080,0.332838,1.096545
-10.291957,0.336049,1.088888
-10.292828,0.339258,1.081230
-10.293692,0.342465,1.073570
-10.294549,0.345669,1.065909
-10.295398,0.348871,1.058245
-10.296241,0.352071,1.050580
-10.297077,0.355269,1.042913
-10.297906,0.358464,1.035244
-10.298728,0.361656,1.027574
-10.299543,0.364847,1.019901
-10.300351,0.368035,1.012227
-10.301152,0.371221,1.004552
-10.301945,0.374404,0.996874
-10.302732,0.377585,0.989195
-10.303512,0.380764,0.981515
-10.304285,0.383941,0.973832
-10.305051,0.387115,0.966148
-10.305810,0.390286,0.958462
-10.306562,0.393456,0.950774
-10.307307,0.396623,0.943085
-10.308045,0.399787,0.935394
-10.308776,0.402950,0.927702
-10.309500,0.406110,0.920008
-10.310217,0.409267,0.912312
-10.310928,0.412423,0.904614
-10.311631,0.415575,0.896915
-10.312327,0.418726,0.889214
-10.313016,0.421874,0.881512
-10.313698,0.425020,0.873808
-10.314373,0.428163,0.866102
-10.315041,0.431304,0.858395
-10.315702,0.434443,0.850686
-10.316356,0.437579,0.842976
-10.317003,0.440713,0.835264
-10.317643,0.443844,0.827550
-10.318276,0.446973,0.819835
-10.318902,0.450100,0.812118
-10.319521,0.453224,0.804400
-10.320134,0.456346,0.796680
-10.320739,0.459465,0.788958
-10.321337,0.462582,0.781235
-10.321928,0.465697,0.773511
-10.322512,0.468809,0.765785
-10.323089,0.471919,0.758057
-10.323659,0.475026,0.750328
-10.324222,0.478131,0.742597
-10.324778,0.481233,0.734865
-10.325327,0.484333,0.727131
-10.325869,0.487431,0.719396
-10.326404,0.490526,0.711660
-10.326932,0.493619,0.703921
-10.327453,0.496709,0.696182
-10.327967,0.499797,0.688441
-10.328474,0.502883,0.680698
-10.328974,0.505966,0.672954
-10.329467,0.509046,0.665209
-10.329953,0.512124,0.657462
-10.330432,0.515200,0.649713
-10.330904,0.518273,0.641963
-10.331369,0.521344,0.634212
-10.331827,0.524412,0.626459
-10.332278,0.527478,0.618705
-10.332722,0.530541,0.610950
-10.333159,0.533602,0.603193
-10.333589,0.536661,0.595434
-10.334012,0.539717,0.587675
-10.334427,0.542770,0.579914
-10.334836,0.545821,0.572151
-10.335238,0.548870,0.564387
-10.335633,0.551916,0.556622
-10.336021,0.554959,0.548855
-10.336402,0.558000,0.541087
-10.336775,0.561039,0.533318
-10.337142,0.564075,0.525547
-10.337502,0.567108,0.517775
-10.337855,0.570140,0.510002
-10.338200,0.573168,0.502227
-10.338539,0.576194,0.494451
-10.338871,0.579218,0.486674
-10.339195,0.582239,0.478895
-10.339513,0.585257,0.471115
-10.339824,0.588273,0.463334
-10.340127,0.591287,0.455552
-10.340424,0.594298,0.447768
-10.340713,0.597306,0.439983
-10.340996,0.600312,0.432196
-10.341272,0.603316,0.424409
-10.341540,0.606317,0.416620
-10.341802,0.609315,0.408830
-10.342056,0.612311,0.401038
-10.342304,0.615304,0.393246
-10.342544,0.618295,0.385452
-10.342777,0.621284,0.377657
-10.343004,0.624269,0.369860
-10.343223,0.627252,0.362063
-10.343436,0.630233,0.354264
-10.343641,0.633211,0.346464
-10.343839,0.636187,0.338663
-10.344030,0.639160,0.330860
-10.344215,0.642130,0.323057
-10.344392,0.645098,0.315252
-10.344562,0.648063,0.307446
-10.344725,0.651026,0.299639
-10.344882,0.653986,0.291831
-10.345031,0.656944,0.284021
-10.345173,0.659899,0.276211
-10.345308,0.662851,0.268399
-10.345436,0.665801,0.260586
-10.345557,0.668749,0.252772
-10.345671,0.671693,0.244957
-10.345778,0.674635,0.237141
-10.345878,0.677575,0.229324
-10.345971,0.680512,0.221505
-10.346057,0.683446,0.213686
-10.346136,0.686378,0.205865
-10.346208,0.689307,0.198043
-10.346273,0.692234,0.190221
-10.346331,0.695158,0.182397
-10.346381,0.698080,0.174572
-10.346425,0.700998,0.166746
-10.346462,0.703915,0.158919
-10.346492,0.706828,0.151091
-10.346514,0.709739,0.143261
-10.346530,0.712648,0.135431
-10.346539,0.715553,0.127600
-10.346540,0.718457,0.119768
-10.346535,0.721357,0.111934
-10.346523,0.724255,0.104100
-10.346503,0.727150,0.096265
-10.346477,0.730043,0.088428
-10.346443,0.732933,0.080591
-10.346403,0.735821,0.072753
-10.346355,0.738705,0.064914
-10.346301,0.741587,0.057073
-10.346239,0.744467,0.049232
-10.346170,0.747344,0.041390
-10.346095,0.750218,0.033547
-10.346012,0.753090,0.025703
-10.345922,0.755959,0.017857
-10.345826,0.758825,0.010011
-10.345722,0.761689,0.002165
-10.345611,0.764550,-0.005683
-10.345493,0.767408,-0.013532
-10.345369,0.770264,-0.021382
-10.345237,0.773117,-0.029232
-10.345098,0.775967,-0.037084
-10.344952,0.778815,-0.044936
-10.344799,0.781660,-0.052790
-10.344639,0.784502,-0.060644
-10.344472,0.787342,-0.068499
-10.344298,0.790179,-0.076355
-10.344117,0.793013,-0.084212
-10.343929,0.795845,-0.092069
-10.343734,0.798674,-0.099928
-10.343532,0.801500,-0.107787
-10.343323,0.804324,-0.115647
-10.343107,0.807145,-0.123508
-10.342883,0.809963,-0.131370
-10.342653,0.812779,-0.139233
-10.342416,0.815592,-0.147096
-10.342172,0.818402,-0.154961
-10.341920,0.821210,-0.162826
-10.341662,0.824014,-0.170692
-10.341397,0.826817,-0.178558
-10.341125,0.829616,-0.186426
-10.340845,0.832413,-0.194294
-10.340559,0.835207,-0.202163
-10.340265,0.837998,-0.210033
-10.339965,0.840787,-0.217903
-10.339657,0.843572,-0.225775
-10.339343,0.846356,-0.233647
-10.339021,0.849136,-0.241519
-10.338693,0.851914,-0.249393
-10.338357,0.854689,-0.257267
-10.338015,0.857461,-0.265142
-10.337665,0.860231,-0.273018
-10.337309,0.862997,-0.280894
-10.336945,0.865762,-0.288771
-10.336574,0.868523,-0.296649
-10.336197,0.871282,-0.304528
-10.335812,0.874037,-0.312407
-10.335420,0.876791,-0.320287
-10.335021,0.879541,-0.328167
-10.334616,0.882289,-0.336048
-10.334203,0.885034,-0.343930
-10.333783,0.887776,-0.351813
-10.333356,0.890515,-0.359696
-10.332922,0.893252,-0.367580
-10.332481,0.895986,-0.375464
-10.332034,0.898717,-0.383349
-10.331579,0.901445,-0.391235
-10.331117,0.904171,-0.399121
-10.330648,0.906894,-0.407008
-10.330172,0.909614,-0.414895
-10.329689,0.912332,-0.422784
-10.329199,0.915046,-0.430672
-10.328702,0.917758,-0.438561
-10.328198,0.920467,-0.446451
-10.327687,0.923173,-0.454342
-10.327169,0.925877,-0.462233
-10.326644,0.928578,-0.470124
-10.326111,0.931276,-0.478016
-10.325572,0.933971,-0.485909
-10.325026,0.936663,-0.493802
-10.324473,0.939353,-0.501696
-10.323913,0.942040,-0.509590
-10.323346,0.944724,-0.517485
-10.322772,0.947405,-0.525380
-10.322190,0.950084,-0.533276
-10.321602,0.952759,-0.541172
-10.321007,0.955432,-0.549069
-10.320405,0.958102,-0.556966
-10.319795,0.960770,-0.564864
-10.319179,0.963434,-0.572762
-10.318556,0.966096,-0.580661
-10.317926,0.968755,-0.588560
-10.317288,0.971411,-0.596460
-10.316644,0.974064,-0.604360
-10.315993,0.976714,-0.612260
-10.315334,0.979362,-0.620161
-10.314669,0.982007,-0.628062
-10.313997,0.984649,-0.635964
-10.313317,0.987288,-0.643867
-10.312631,0.989924,-0.651769
-10.311938,0.992558,-0.659672
-10.311237,0.995189,-0.667576
-10.310530,0.997817,-0.675480
-10.309815,1.000442,-0.683384
-10.309094,1.003064,-0.691288
-10.308366,1.005683,-0.699193
-10.307630,1.008300,-0.707099
-10.306888,1.010913,-0.715004
-10.306138,1.013524,-0.722911
-10.305382,1.016132,-0.730817
-10.304619,1.018738,-0.738724
-10.303848,1.021340,-0.746631
-10.303071,1.023939,-0.754538
-10.302286,1.026536,-0.762446
-10.301495,1.029130,-0.770354
-10.300697,1.031721,-0.778263
-10.299891,1.034309,-0.786171
-10.299079,1.036894,-0.794080
-10.298259,1.039477,-0.801990
-10.297433,1.042056,-0.809899
-10.296600,1.044633,-0.817809
-10.295759,1.047207,-0.825719
-10.294912,1.049778,-0.833630
-10.294057,1.052346,-0.841540
-10.293196,1.054911,-0.849451
-10.292328,1.057473,-0.857362
-10.291452,1.060033,-0.865274
-10.290570,1.062589,-0.873185
-10.289680,1.065143,-0.881097
-10.288784,1.067694,-0.889009
-10.287881,1.070242,-0.896922
-10.286970,1.072787,-0.904834
-10.286053,1.075329,-0.912747
-10.285129,1.077869,-0.920660
-10.284197,1.080405,-0.928573
-10.283259,1.082939,-0.936486
-10.282314,1.085469,-0.944400
-10.281361,1.087997,-0.952314
-10.280402,1.090522,-0.960227
-10.279436,1.093044,-0.968141
-10.278463,1.095563,-0.976056
-10.277482,1.098079,-0.983970
-10.276495,1.100592,-0.991884
-10.275501,1.103103,-0.999799
-10.274500,1.105610,-1.007714
-10.273492,1.108115,-1.015628
-10.272477,1.110617,-1.023543
-10.271454,1.113115,-1.031458
-10.270425,1.115611,-1.039374
-10.269389,1.118104,-1.047289
-10.268346,1.120594,-1.055204
-10.267296,1.123081,-1.063120
-10.266239,1.125565,-1.071035
-10.265175,1.128047,-1.078951
-10.264104,1.130525,-1.086866
-10.263026,1.133001,-1.094782
-10.261941,1.135473,-1.102698
-10.260849,1.137943,-1.110614
-10.259750,1.140409,-1.118529
-10.258645,1.142873,-1.126445
-10.257532,1.145334,-1.134361
-10.256412,1.147792,-1.142277
-10.255285,1.150247,-1.150193
-10.254151,1.152699,-1.158109
-10.253011,1.155148,-1.166025
-10.251863,1.157594,-1.173941
-10.250708,1.160037,-1.181857
-10.249547,1.162477,-1.189773
-10.248378,1.164915,-1.197689
-10.247203,1.167349,-1.205605
-10.246020,1.169780,-1.213520
-10.244831,1.172209,-1.221436
-10.243634,1.174634,-1.229352
-10.242431,1.177057,-1.237268
-10.241221,1.179476,-1.245183
-10.240003,1.181893,-1.253099
-10.238779,1.184307,-1.261014
-10.237548,1.186717,-1.268930
-10.236310,1.189125,-1.276845
-10.235064,1.191530,-1.284760
-10.233812,1.193932,-1.292675
-10.232553,1.196331,-1.300590
-10.231287,1.198727,-1.308505
-10.230014,1.201120,-1.316420
-10.228734,1.203510,-1.324335
-10.227447,1.205897,-1.332249
-10.226154,1.208281,-1.340163
-10.224853,1.210662,-1.348078
-10.223545,1.213040,-1.355992
-10.222230,1.215415,-1.363906
-10.220909,1.217787,-1.371819
-10.219580,1.220156,-1.379733
-10.218245,1.222522,-1.387646
-10.216902,1.224885,-1.395560
-10.215553,1.227246,-1.403473
-10.214196,1.229603,-1.411386
-10.212833,1.231957,-1.419298
-10.211463,1.234308,-1.427211
-10.210086,1.236656,-1.435123
-10.208701,1.239002,-1.443035
-10.207310,1.241344,-1.450947
-10.205912,1.243683,-1.458858
-10.204507,1.246019,-1.466769
-10.203096,1.248353,-1.474681
-10.201677,1.250683,-1.482591
-10.200251,1.253010,-1.490502
-10.198818,1.255334,-1.498412
-10.197379,1.257656,-1.506322
-10.195932,1.259974,-1.514232
-10.194479,1.262289,-1.522141
-10.193018,1.264601,-1.530050
-10.191551,1.266911,-1.537959
-10.190077,1.269217,-1.545868
-10.188595,1.271520,-1.553776
-10.187107,1.273820,-1.561684
-10.185612,1.276117,-1.569592
-10.184110,1.278411,-1.577499
-10.182601,1.280703,-1.585406
-10.181086,1.282991,-1.593312
-10.179563,1.285276,-1.601219
-10.178033,1.287558,-1.609125
-10.176497,1.289837,-1.617030
-10.174953,1.292113,-1.624935
-10.173403,1.294386,-1.632840
-10.171845,1.296656,-1.640744
-10.170281,1.298923,-1.648648
-10.168710,1.301186,-1.656552
-10.167132,1.303447,-1.664455
-10.165547,1.305705,-1.672358
-10.163955,1.307960,-1.680260
-10.162356,1.310212,-1.688162
-10.160751,1.312460,-1.696064
-10.159138,1.314706,-1.703965
-10.157519,1.316949,-1.711866
-10.155892,1.319188,-1.719766
-10.154259,1.321425,-1.727666
-10.152619,1.323658,-1.735565
-10.150971,1.325889,-1.743464
-10.149317,1.328116,-1.751362
-10.147657,1.330340,-1.759260
-10.145989,1.332562,-1.767158
-10.144314,1.334780,-1.775055
-10.142632,1.336995,-1.782951
-10.140944,1.339207,-1.790847
-10.139248,1.341416,-1.798743
-10.137546,1.343622,-1.806638
-10.135837,1.345825,-1.814532
-10.134121,1.348025,-1.822426
-10.132398,1.350222,-1.830319
-10.130668,1.352415,-1.838212
-10.128931,1.354606,-1.846104
-10.127188,1.356794,-1.853996
-10.125437,1.358978,-1.861887
-10.123680,1.361160,-1.869778
-10.121915,1.363338,-1.877668
-10.120144,1.365513,-1.885557
-10.118366,1.367686,-1.893446
-10.116581,1.369855,-1.901334
-10.114790,1.372021,-1.909222
-10.112991,1.374184,-1.917109
-10.111185,1.376344,-1.924996
-10.109373,1.378501,-1.932881
-10.107554,1.380655,-1.940767
-10.105727,1.382805,-1.948651
-10.103894,1.384953,-1.956535
-10.102054,1.387098,-1.964418
-10.100208,1.389239,-1.972301
-10.098354,1.391377,-1.980183
-10.096494,1.393513,-1.988064
-10.094626,1.395645,-1.995945
-10.092752,1.397774,-2.003825
-10.090871,1.399900,-2.011704
-10.088983,1.402023,-2.019583
-10.087088,1.404143,-2.027461
-10.085186,1.406260,-2.035338
-10.083278,1.408373,-2.043215
-10.081363,1.410484,-2.051091
-10.079440,1.412591,-2.058966
-10.077511,1.414695,-2.066840
-10.075575,1.416797,-2.074714
-10.073632,1.418895,-2.082587
-10.071683,1.420990,-2.090459
-10.069726,1.423082,-2.098330
-10.067763,1.425171,-2.106201
-10.065793,1.427256,-2.114071
-10.063816,1.429339,-2.121940
-10.061832,1.431418,-2.129808
-10.059841,1.433495,-2.137676
-10.057844,1.435568,-2.145542
-10.055839,1.437638,-2.153408
-10.053828,1.439705,-2.161274
-10.051810,1.441769,-2.169138
-10.049785,1.443830,-2.177002
-10.047754,1.445888,-2.184864
-10.045715,1.447942,-2.192726
-10.043670,1.449994,-2.200587
-10.041618,1.452042,-2.208447
-10.039558,1.454087,-2.216307
-10.037493,1.456129,-2.224165
-10.035420,1.458168,-2.232023
-10.033340,1.460204,-2.239880
-10.031254,1.462237,-2.247736
-10.029161,1.464266,-2.255591
-10.027061,1.466293,-2.263445
-10.024954,1.468316,-2.271298
-10.022841,1.470336,-2.279151
-10.020720,1.472353,-2.287002
-10.018593,1.474367,-2.294853
-10.016459,1.476378,-2.302702
-10.014318,1.478386,-2.310551
-10.012171,1.480390,-2.318399
-10.010016,1.482392,-2.326246
-10.007855,1.484390,-2.334092
-10.005687,1.486385,-2.341937
-10.003512,1.488377,-2.349781
-10.001330,1.490366,-2.357624
-9.999142,1.492351,-2.365466
-9.996947,1.494334,-2.373307
-9.994745,1.496313,-2.381147
-9.992536,1.498290,-2.388986
-9.990320,1.500263,-2.396824
-9.988098,1.502233,-2.404662
-9.985869,1.504199,-2.412498
-9.983633,1.506163,-2.420333
-9.981390,1.508123,-2.428167
-9.979140,1.510081,-2.436000
-9.976884,1.512035,-2.443832
-9.974621,1.513986,-2.451663
-9.972351,1.515934,-2.459493
-9.970074,1.517879,-2.467322
-9.967791,1.519820,-2.475150
-9.965500,1.521759,-2.482977
-9.963203,1.523694,-2.490802
-9.960900,1.525626,-2.498627
-9.958589,1.527555,-2.506451
-9.956272,1.529481,-2.514273
-9.953948,1.531403,-2.522095
-9.951617,1.533323,-2.529915
-9.949279,1.535239,-2.537734
-9.946935,1.537152,-2.545552
-9.944584,1.539062,-2.553369
-9.942226,1.540969,-2.561185
-9.939861,1.542872,-2.569000
-9.937489,1.544773,-2.576813
-9.935111,1.546670,-2.584626
-9.932726,1.548564,-2.592437
-9.930335,1.550455,-2.600247
-9.927936,1.552343,-2.608056
-9.925531,1.554227,-2.615864
-9.923119,1.556109,-2.623670
-9.920700,1.557987,-2.631476
-9.918275,1.559862,-2.639280
-9.915843,1.561734,-2.647083
-9.913404,1.563602,-2.654885
-9.910958,1.565468,-2.662685
-9.908506,1.567330,-2.670485
-9.906047,1.569189,-2.678283
-9.903581,1.571045,-2.686080
-9.901108,1.572898,-2.693876
-9.898629,1.574748,-2.701670
-9.896143,1.576594,-2.709463
-9.893650,1.578437,-2.717255
-9.891151,1.580277,-2.725046
-9.888644,1.582114,-2.732835
-9.886131,1.583948,-2.740623
-9.883612,1.585778,-2.748410
-9.881085,1.587605,-2.756196
-9.878552,1.589430,-2.763980
-9.876012,1.591250,-2.771763
-9.873466,1.593068,-2.779545
-9.870913,1.594883,-2.787325
-9.868353,1.596694,-2.795104
-9.865786,1.598502,-2.802882
-9.863213,1.600307,-2.810659
-9.860633,1.602109,-2.818434
-9.858046,1.603907,-2.826207
-9.855452,1.605702,-2.833980
-9.852852,1.607495,-2.841751
-9.850245,1.609283,-2.849520
-9.847632,1.611069,-2.857289
-9.845012,1.612852,-2.865056
-9.842385,1.614631,-2.872821
-9.839751,1.616407,-2.880585
-9.837111,1.618180,-2.888348
-9.834464,1.619950,-2.896109
-9.831810,1.621716,-2.903869
-9.829150,1.623480,-2.911628
-9.826482,1.625240,-2.919385
-9.823809,1.626996,-2.927141
-9.821128,1.628750,-2.934895
-9.818441,1.630501,-2.942648
-9.815747,1.632248,-2.950399
-9.813047,1.633992,-2.958149
-9.810340,1.635733,-2.965898
-9.807626,1.637470,-2.973645
-9.804906,1.639205,-2.981390
-9.802179,1.640936,-2.989134
-9.799445,1.642664,-2.996877
-9.796704,1.644389,-3.004618
-9.793957,1.646110,-3.012358
-9.791204,1.647828,-3.020096
-9.788443,1.649544,-3.027832
-9.785676,1.651255,-3.035567
-9.782902,1.652964,-3.043301
-9.780122,1.654670,-3.051033
-9.777335,1.656372,-3.058763
-9.774541,1.658071,-3.066492
-9.771741,1.659767,-3.074220
-9.768934,1.661459,-3.081946
-9.766121,1.663148,-3.089670
-9.763301,1.664835,-3.097393
-9.760474,1.666517,-3.105114
-9.757640,1.668197,-3.112834
-9.754800,1.669874,-3.120552
-9.751953,1.671547,-3.128268
-9.749100,1.673217,-3.135983
-9.746240,1.674884,-3.143696
-9.743373,1.676547,-3.151408
-9.740500,1.678207,-3.159118
-9.737620,1.679864,-3.166826
-9.734734,1.681518,-3.174533
-9.731841,1.683169,-3.182238
-9.728941,1.684816,-3.189941
-9.726035,1.686460,-3.197643
-9.723122,1.688101,-3.205343
-9.720202,1.689739,-3.213042
-9.717276,1.691374,-3.220739
-9.714344,1.693005,-3.228434
-9.711404,1.694633,-3.236127
-9.708458,1.696257,-3.243819
-9.705506,1.697879,-3.251509
-9.702547,1.699497,-3.259198
-9.699581,1.701112,-3.266884
-9.696609,1.702724,-3.274569
-9.693630,1.704333,-3.282253
-9.690644,1.705938,-3.289934
-9.687652,1.707540,-3.297614
-9.684653,1.709139,-3.305292
-9.681648,1.710735,-3.312969
-9.678636,1.712327,-3.320643
-9.675618,1.713916,-3.328316
-9.672593,1.715502,-3.335987
-9.669562,1.717085,-3.343657
-9.666523,1.718664,-3.351324
-9.663479,1.720240,-3.358990
-9.660427,1.721813,-3.366654
-9.657370,1.723383,-3.374316
-9.654305,1.724949,-3.381977
-9.651234,1.726512,-3.389635
-9.648157,1.728072,-3.397292
-9.645073,1.729629,-3.404947
-9.641982,1.731182,-3.412600
-9.638885,1.732732,-3.420252
-9.635781,1.734279,-3.427901
-9.632671,1.735823,-3.435549
-9.629554,1.737364,-3.443194
-9.626431,1.738901,-3.450838
-9.623301,1.740435,-3.458481
-9.620165,1.741965,-3.466121
-9.617022,1.743493,-3.473759
-9.613872,1.745017,-3.481396
-9.610716,1.746538,-3.489030
-9.607554,1.748056,-3.496663
-9.604385,1.749570,-3.504294
-9.601209,1.751081,-3.511923
-9.598027,1.752589,-3.519550
-9.594838,1.754094,-3.527175
-9.591643,1.755595,-3.534798
-9.588441,1.757093,-3.542419
-9.585233,1.758588,-3.550038
-9.582019,1.760080,-3.557656
-9.578797,1.761568,-3.565271
-9.575570,1.763053,-3.572884
-9.572335,1.764535,-3.580496
-9.569095,1.766014,-3.588105
-9.565847,1.767489,-3.595713
-9.562594,1.768961,-3.603319
-9.559333,1.770430,-3.610922
-9.556067,1.771896,-3.618524
-9.552794,1.773358,-3.626123
-9.549514,1.774817,-3.633721
-9.546228,1.776273,-3.641316
-9.542935,1.777726,-3.648910
-9.539636,1.779175,-3.656501
-9.536330,1.780621,-3.664091
-9.533018,1.782064,-3.671678
-9.529699,1.783503,-3.679264
-9.526374,1.784939,-3.686847
-9.523043,1.786372,-3.694428
-9.519705,1.787802,-3.702008
-9.516360,1.789229,-3.709585
-9.513009,1.790652,-3.717160
-9.509652,1.792072,-3.724733
-9.506288,1.793488,-3.732304
-9.502918,1.794902,-3.739873
-9.499541,1.796312,-3.747440
-9.496158,1.797719,-3.755004
-9.492768,1.799122,-3.762567
-9.489372,1.800523,-3.770127
-9.485969,1.801920,-3.777686
-9.482560,1.803313,-3.785242
-9.479145,1.804704,-3.792796
-9.475723,1.806091,-3.800348
-9.472295,1.807475,-3.807897
-9.468860,1.808856,-3.815445
-9.465419,1.810233,-3.822990
-9.461971,1.811608,-3.830534
-9.458517,1.812979,-3.838075
-9.455057,1.814346,-3.845614
-9.451590,1.815711,-3.853150
-9.448116,1.817072,-3.860685
-9.444637,1.818430,-3.868217
-9.441151,1.819784,-3.875747
-9.437658,1.821135,-3.883275
-9.434159,1.822483,-3.890801
-9.430654,1.823828,-3.898325
-9.427142,1.825170,-3.905846
-9.423624,1.826508,-3.913365
-9.420099,1.827843,-3.920882
-9.416568,1.829175,-3.928396
-9.413031,1.830503,-3.935909
-9.409487,1.831828,-3.943419
-9.405937,1.833150,-3.950926
-9.402380,1.834469,-3.958432
-9.398817,1.835784,-3.965935
-9.395248,1.837096,-3.973436
-9.391672,1.838405,-3.980935
-9.388090,1.839710,-3.988431
-9.384502,1.841013,-3.995925
-9.380907,1.842312,-4.003417
-9.377306,1.843607,-4.010906
-9.373698,1.844900,-4.018393
-9.370084,1.846189,-4.025878
-9.366464,1.847475,-4.033360
-9.362837,1.848757,-4.040840
-9.359204,1.850037,-4.048318
-9.355565,1.851313,-4.055794
-9.351919,1.852585,-4.063267
-9.348267,1.853855,-4.070737
-9.344609,1.855121,-4.078206
-9.340944,1.856384,-4.085672
-9.337273,1.857644,-4.093135
-9.333595,1.858900,-4.100596
-9.329912,1.860153,-4.108055
-9.326221,1.861403,-4.115511
-9.322525,1.862650,-4.122965
-9.318822,1.863893,-4.130417
-9.315113,1.865133,-4.137866
-9.311398,1.866370,-4.145313
-9.307676,1.867603,-4.152757
-9.303948,1.868833,-4.160199
-9.300213,1.870060,-4.167638
-9.296473,1.871284,-4.175075
-9.292726,1.872504,-4.182509
-9.288972,1.873721,-4.189941
-9.285213,1.874935,-4.197371
-9.281447,1.876146,-4.204798
-9.277675,1.877353,-4.212223
-9.273896,1.878557,-4.219645
-9.270111,1.879758,-4.227064
-9.266320,1.880955,-4.234481
-9.262523,1.882149,-4.241896
-9.258719,1.883340,-4.249308
-9.254909,1.884528,-4.256718
-9.251093,1.885712,-4.264125
-9.247270,1.886893,-4.271529
-9.243441,1.888071,-4.278931
-9.239606,1.889245,-4.286331
-9.235765,1.890417,-4.293727
-9.231917,1.891585,-4.301122
-9.228063,1.892749,-4.308514
-9.224203,1.893911,-4.315903
-9.220337,1.895069,-4.323289
-9.216464,1.896224,-4.330673
-9.212585,1.897375,-4.338055
-9.208700,1.898523,-4.345434
-9.204808,1.899668,-4.352810
-9.200911,1.900810,-4.360184
-9.197007,1.901949,-4.367555
-9.193096,1.903084,-4.374923
-9.189180,1.904216,-4.382289
-9.185257,1.905344,-4.389652
-9.181328,1.906470,-4.397013
-9.177393,1.907592,-4.404371
-9.173452,1.908710,-4.411726
-9.169504,1.909826,-4.419079
-9.165551,1.910938,-4.426428
-9.161590,1.912047,-4.433776
-9.157624,1.913153,-4.441120
-9.153652,1.914255,-4.448462
-9.149673,1.915354,-4.455802
-9.145688,1.916450,-4.463138
-9.141697,1.917543,-4.470472
-9.137700,1.918632,-4.477803
-9.133696,1.919718,-4.485132
-9.129687,1.920801,-4.492457
-9.125671,1.921880,-4.499780
-9.121649,1.922957,-4.507101
-9.117620,1.924030,-4.514418
-9.113586,1.925099,-4.521733
-9.109545,1.926166,-4.529045
-9.105498,1.927229,-4.536355
-9.101445,1.928288,-4.543661
-9.097386,1.929345,-4.550965
-9.093321,1.930398,-4.558266
-9.089249,1.931448,-4.565564
-9.085172,1.932495,-4.572860
-9.081088,1.933538,-4.580153
-9.076998,1.934579,-4.587443
-9.072902,1.935616,-4.594730
-9.068799,1.936649,-4.602014
-9.064691,1.937680,-4.609296
-9.060576,1.938707,-4.616574
-9.056455,1.939730,-4.623850
-9.052328,1.940751,-4.631123
-9.048195,1.941768,-4.638393
-9.044056,1.942782,-4.645661
-9.039911,1.943793,-4.652925
-9.035759,1.944800,-4.660187
-9.031602,1.945805,-4.667446
-9.027438,1.946805,-4.674702
-9.023268,1.947803,-4.681955
-9.019092,1.948797,-4.689205
-9.014910,1.949789,-4.696453
-9.010722,1.950776,-4.703697
-9.006527,1.951761,-4.710938
-9.002327,1.952742,-4.718177
-8.998120,1.953720,-4.725413
-8.993908,1.954695,-4.732646
-8.989689,1.955666,-4.739876
-8.985464,1.956635,-4.747103
-8.981233,1.957599,-4.754327
-8.976996,1.958561,-4.761548
-8.972753,1.959520,-4.768766
-8.968504,1.960475,-4.775981
-8.964248,1.961426,-4.783193
-8.959987,1.962375,-4.790403
-8.955720,1.963320,-4.797609
-8.951446,1.964262,-4.804813
-8.947167,1.965201,-4.812013
-8.942881,1.966137,-4.819210
-8.938589,1.967069,-4.826405
-8.934291,1.967998,-4.833596
-8.929987,1.968924,-4.840785
-8.925678,1.969846,-4.847970
-8.921362,1.970765,-4.855152
-8.917040,1.971681,-4.862332
-8.912712,1.972594,-4.869508
-8.908377,1.973503,-4.876682
