mag_x (uT),mag_y (uT),mag_z (uT)
27.632928,-0.004723,-16.614490
27.637525,0.004970,-16.608415
27.648065,-0.013669,-16.610298
27.641297,-0.010089,-16.606215
27.661077,-0.018358,-16.617026
27.654012,-0.033920,-16.601570
27.661015,-0.040852,-16.611947
27.673562,-0.047646,-16.624649
27.650362,-0.068075,-16.590426
27.669843,-0.083269,-16.595985
27.647985,-0.120757,-16.592185
27.668077,-0.112150,-16.602396
27.680464,-0.144125,-16.587060
27.660221,-0.151362,-16.589110
27.665043,-0.178445,-16.601792
27.680241,-0.216328,-16.578053
27.669156,-0.221486,-16.552932
27.691079,-0.224721,-16.578648
27.673195,-0.249988,-16.568266
27.691185,-0.277131,-16.560333
27.672464,-0.306102,-16.547755
27.694115,-0.327664,-16.540354
27.683675,-0.343113,-16.529517
27.706432,-0.365041,-16.542015
27.724112,-0.398079,-16.523478
27.699640,-0.439541,-16.502992
27.695377,-0.427125,-16.522538
27.713759,-0.467794,-16.512123
27.708401,-0.481056,-16.498824
27.726221,-0.529052,-16.506394
27.707407,-0.547807,-16.522345
27.719147,-0.573383,-16.498819
27.723253,-0.580971,-16.488145
27.731009,-0.599890,-16.486305
27.716662,-0.630502,-16.492132
27.729262,-0.660247,-16.474244
27.750018,-0.664177,-16.479702
27.743733,-0.705227,-16.485800
27.712180,-0.727197,-16.461039
27.734880,-0.749192,-16.446915
27.750904,-0.783664,-16.463315
27.753506,-0.787824,-16.459418
27.776132,-0.829091,-16.440091
27.752229,-0.838374,-16.435596
27.730761,-0.886619,-16.440936
27.771397,-0.895868,-16.415672
27.767359,-0.903115,-16.423960
27.757411,-0.930459,-16.414898
27.752957,-0.950342,-16.417677
27.760081,-0.965029,-16.386781
27.766329,-0.991942,-16.398641
27.750514,-1.028564,-16.404006
27.772467,-1.032185,-16.390620
27.785720,-1.070073,-16.376284
27.793906,-1.082380,-16.368451
27.783535,-1.103200,-16.368611
27.785478,-1.122633,-16.350654
27.780712,-1.154898,-16.349584
27.764339,-1.173616,-16.345378
27.796714,-1.181364,-16.347728
27.777733,-1.212696,-16.340368
27.801719,-1.220890,-16.349078
27.788384,-1.248758,-16.346037
27.802812,-1.272111,-16.349613
27.777842,-1.280808,-16.346852
27.797973,-1.342643,-16.327493
27.799358,-1.338556,-16.318470
27.798330,-1.356602,-16.305900
27.799454,-1.353379,-16.301756
27.807100,-1.386214,-16.294507
27.799682,-1.432690,-16.290946
27.796926,-1.444945,-16.303435
27.811083,-1.458238,-16.292532
27.817148,-1.475777,-16.289768
27.815037,-1.494616,-16.272260
27.809006,-1.527010,-16.272157
27.811195,-1.544868,-16.266511
27.817615,-1.574645,-16.233081
27.826435,-1.582252,-16.274678
27.814371,-1.597352,-16.240075
27.840858,-1.614771,-16.255371
27.835193,-1.645608,-16.223710
27.838525,-1.657950,-16.228285
27.854473,-1.662066,-16.238129
27.816443,-1.681114,-16.237498
27.828593,-1.704048,-16.229337
27.841383,-1.736110,-16.222258
27.845837,-1.753883,-16.211009
27.830747,-1.760810,-16.205205
27.842937,-1.779260,-16.207008
27.845503,-1.791209,-16.191308
27.831258,-1.821231,-16.202404
27.847610,-1.822340,-16.172691
27.850244,-1.856181,-16.218367
27.850487,-1.876353,-16.190133
27.856223,-1.892347,-16.171375
27.861884,-1.889743,-16.160471
27.857249,-1.915132,-16.157196
27.859414,-1.945351,-16.156056
27.857491,-1.963379,-16.166845
27.855241,-1.966179,-16.145640
27.844185,-1.984518,-16.134406
27.862013,-2.013522,-16.149692
27.864750,-2.013227,-16.131837
27.874204,-2.044355,-16.134440
27.850050,-2.054871,-16.122225
27.864353,-2.060313,-16.116310
27.870228,-2.091492,-16.117823
27.883688,-2.108710,-16.116402
27.859930,-2.114970,-16.118506
27.907926,-2.143359,-16.108098
27.872412,-2.146618,-16.104958
27.878030,-2.169563,-16.080428
27.868487,-2.187527,-16.098622
27.880245,-2.183333,-16.071385
27.893274,-2.209925,-16.087900
27.884696,-2.240185,-16.058859
27.881322,-2.234262,-16.089376
27.889214,-2.251437,-16.062632
27.864484,-2.266379,-16.049509
27.865310,-2.274740,-16.046668
27.894393,-2.303013,-16.053160
27.881389,-2.327502,-16.048151
27.890745,-2.332216,-16.053813
27.906480,-2.341678,-16.037401
27.907860,-2.356524,-16.045655
27.893918,-2.371501,-16.026517
27.896386,-2.401077,-16.042787
27.900772,-2.413242,-16.029957
27.898522,-2.425568,-16.025143
27.895015,-2.443404,-16.012539
27.892139,-2.462595,-16.022535
27.916799,-2.461647,-16.002986
27.912451,-2.480636,-15.988312
27.888780,-2.479095,-15.999430
27.905714,-2.516399,-15.976800
27.921874,-2.510780,-15.997550
27.931691,-2.524263,-15.981046
27.898180,-2.562403,-15.972613
27.914735,-2.576839,-15.978721
27.884603,-2.579771,-15.970046
27.894649,-2.591108,-15.972040
27.895578,-2.607114,-15.969093
27.903303,-2.613937,-15.934455
27.937758,-2.631371,-15.960444
27.927559,-2.620319,-15.963928
27.928574,-2.662702,-15.939258
27.911751,-2.667890,-15.932461
27.912507,-2.685795,-15.934541
27.929907,-2.690573,-15.945034
27.928837,-2.725110,-15.923962
27.917238,-2.718546,-15.940381
27.915617,-2.737684,-15.938146
27.932769,-2.730023,-15.917645
27.924833,-2.751285,-15.922921
27.935837,-2.794356,-15.912166
27.916056,-2.796200,-15.919696
27.945444,-2.798390,-15.902677
27.937660,-2.806066,-15.889137
27.915366,-2.820304,-15.898137
27.935529,-2.842862,-15.891653
27.941324,-2.820614,-15.896670
27.940715,-2.865101,-15.899076
27.941497,-2.874665,-15.882525
27.935220,-2.873664,-15.892692
27.940015,-2.905570,-15.882605
27.939675,-2.904370,-15.883782
27.933805,-2.915038,-15.846627
27.948296,-2.929305,-15.859637
27.939242,-2.942216,-15.861896
27.951225,-2.943783,-15.847965
27.933912,-2.974683,-15.833307
27.928523,-2.969238,-15.861636
27.945456,-2.989776,-15.848213
27.946510,-2.968710,-15.830564
27.937480,-3.017101,-15.819037
27.940374,-3.036857,-15.836279
27.950903,-3.023397,-15.818139
27.940050,-3.038937,-15.841689
27.947990,-3.050521,-15.815345
27.932597,-3.070580,-15.820310
27.939170,-3.065572,-15.805722
27.950426,-3.072709,-15.797243
27.948218,-3.087842,-15.822779
27.943753,-3.118420,-15.810575
27.950212,-3.129015,-15.825107
27.953630,-3.131932,-15.790829
27.930587,-3.167371,-15.800087
27.949150,-3.142920,-15.808876
27.953784,-3.154262,-15.793902
27.957482,-3.183867,-15.792037
27.944958,-3.189656,-15.789671
27.960882,-3.199247,-15.779327
27.962652,-3.202602,-15.776866
27.976382,-3.216394,-15.774371
27.950766,-3.237326,-15.764735
27.960797,-3.231459,-15.755926
27.966292,-3.235230,-15.763479
27.959629,-3.248673,-15.751112
27.989533,-3.270814,-15.768022
27.971114,-3.264377,-15.756769
27.949867,-3.271956,-15.747379
27.956348,-3.280873,-15.740863
27.956463,-3.298493,-15.741771
27.960884,-3.304001,-15.725834
27.961241,-3.328684,-15.742543
27.973537,-3.331912,-15.729304
27.977522,-3.358850,-15.731271
27.981563,-3.357437,-15.729456
27.972932,-3.360667,-15.733115
27.954408,-3.355214,-15.706235
27.970563,-3.371124,-15.721180
27.962849,-3.398917,-15.709863
27.981549,-3.397257,-15.706412
27.994627,-3.397102,-15.699626
27.971972,-3.437663,-15.732384
27.975762,-3.420652,-15.703205
27.969467,-3.432006,-15.700430
27.966261,-3.454302,-15.698563
27.979183,-3.451642,-15.699966
27.969355,-3.466284,-15.687678
27.979808,-3.464495,-15.668187
27.973696,-3.489633,-15.699019
27.963740,-3.507703,-15.684019
27.980378,-3.507671,-15.676403
27.977371,-3.542377,-15.690144
27.973285,-3.512436,-15.677290
27.978100,-3.512647,-15.666800
27.989797,-3.534942,-15.664636
27.973840,-3.541463,-15.665567
27.964047,-3.527544,-15.662770
27.994378,-3.561723,-15.660400
27.974522,-3.563613,-15.657076
27.985656,-3.584657,-15.640174
27.997175,-3.574663,-15.651851
27.996763,-3.600923,-15.648530
27.989892,-3.599071,-15.644780
27.983105,-3.585713,-15.647082
27.994787,-3.607660,-15.635444
27.993484,-3.631409,-15.626874
27.992305,-3.623961,-15.618799
27.985326,-3.633871,-15.627554
27.991249,-3.651256,-15.632390
27.995540,-3.663889,-15.622292
27.975856,-3.660347,-15.606812
27.979280,-3.662429,-15.607594
27.988307,-3.682418,-15.605209
27.975784,-3.673984,-15.601319
27.973737,-3.693354,-15.601360
27.984165,-3.691433,-15.610452
27.986731,-3.685355,-15.615796
28.009833,-3.702215,-15.584945
28.001682,-3.715429,-15.615934
28.001121,-3.736336,-15.599315
27.999629,-3.732526,-15.582550
28.002256,-3.736446,-15.606902
28.013778,-3.752107,-15.588659
27.979942,-3.753868,-15.574316
27.998976,-3.749370,-15.571180
27.991232,-3.776165,-15.584910
27.986657,-3.787346,-15.583748
27.997779,-3.765858,-15.572170
28.009254,-3.785628,-15.574069
28.007057,-3.782012,-15.559558
27.997351,-3.802232,-15.559441
27.985775,-3.814400,-15.565093
28.000633,-3.827926,-15.573131
28.004988,-3.814190,-15.573883
28.005690,-3.850906,-15.562346
27.985799,-3.842443,-15.566795
27.995582,-3.843051,-15.560163
27.999857,-3.847455,-15.540553
28.000847,-3.858915,-15.548018
28.008804,-3.870470,-15.558059
27.998333,-3.889334,-15.557256
27.991106,-3.879079,-15.526292
28.006168,-3.882237,-15.533743
27.987834,-3.892567,-15.523029
28.011982,-3.909110,-15.522783
28.011711,-3.890897,-15.532946
28.015260,-3.909993,-15.524977
28.003628,-3.912056,-15.513513
28.031912,-3.904162,-15.519969
28.030518,-3.932725,-15.525808
28.007826,-3.935708,-15.524782
28.015860,-3.941949,-15.531720
28.019788,-3.953306,-15.524179
28.003389,-3.958168,-15.490579
28.013554,-3.947786,-15.503288
28.007216,-3.966732,-15.512413
28.011692,-3.972285,-15.494609
27.998177,-3.983502,-15.489018
28.020144,-3.997028,-15.486923
28.009144,-3.995042,-15.492387
28.025809,-4.003590,-15.499405
28.001343,-4.015112,-15.503606
28.029173,-4.003557,-15.482937
28.016861,-4.011209,-15.496043
28.015722,-4.025184,-15.482991
28.022587,-4.038655,-15.495435
28.021188,-4.035524,-15.487407
28.029302,-4.042760,-15.484714
28.017728,-4.040574,-15.461731
28.024457,-4.052363,-15.493279
28.014823,-4.055996,-15.466921
27.997928,-4.086845,-15.481501
28.022986,-4.064346,-15.497788
28.035498,-4.049585,-15.469338
28.029989,-4.090251,-15.457495
28.029893,-4.088838,-15.491611
28.002795,-4.096229,-15.458885
28.012924,-4.095543,-15.473241
28.030106,-4.096474,-15.465649
28.013673,-4.108852,-15.450932
28.014819,-4.101555,-15.452378
28.024952,-4.108123,-15.465081
28.029099,-4.098193,-15.445586
28.038200,-4.115224,-15.443965
28.020352,-4.115035,-15.441712
28.026515,-4.146334,-15.446663
28.011789,-4.141944,-15.425696
28.012719,-4.133078,-15.437056
28.047297,-4.136492,-15.443039
28.018441,-4.164653,-15.439299
28.015351,-4.155809,-15.425283
28.023510,-4.156790,-15.410889
28.017546,-4.172172,-15.417685
28.031203,-4.174900,-15.441461
28.025004,-4.171245,-15.425409
28.026990,-4.176900,-15.429493
28.020301,-4.197830,-15.447314
28.018964,-4.184742,-15.425272
28.024650,-4.190956,-15.442031
28.002930,-4.195811,-15.421220
28.013613,-4.197326,-15.422005
28.027158,-4.219916,-15.425014
28.018345,-4.216067,-15.420409
28.015022,-4.243947,-15.414067
28.037703,-4.221614,-15.411931
28.015898,-4.233299,-15.407998
28.037726,-4.221592,-15.405390
28.027066,-4.233395,-15.397881
28.020231,-4.252320,-15.394592
28.049313,-4.256366,-15.404251
28.032814,-4.258547,-15.400590
28.025645,-4.265198,-15.370021
28.019859,-4.273159,-15.399557
28.030487,-4.269768,-15.410635
28.022478,-4.268668,-15.390866
28.040367,-4.287565,-15.395888
28.025596,-4.267529,-15.378066
28.025647,-4.291358,-15.394041
28.029624,-4.279715,-15.396497
28.023923,-4.307185,-15.380703
28.024760,-4.316716,-15.382289
28.025120,-4.302880,-15.383934
28.045301,-4.287773,-15.382676
28.025036,-4.299881,-15.370877
28.031425,-4.334065,-15.396668
28.009281,-4.331110,-15.371332
28.028298,-4.325181,-15.400114
28.015559,-4.337769,-15.377990
28.029085,-4.329654,-15.363235
28.042972,-4.348870,-15.379518
28.041480,-4.335751,-15.363349
28.022706,-4.349645,-15.367357
28.033713,-4.340317,-15.386666
28.049521,-4.344000,-15.366017
28.029559,-4.370017,-15.352784
28.031091,-4.365372,-15.362921
28.031741,-4.370863,-15.358177
28.034050,-4.365493,-15.365504
28.019068,-4.353426,-15.360479
28.016310,-4.376727,-15.354801
28.036528,-4.383609,-15.354409
28.011085,-4.370453,-15.341067
28.034051,-4.382868,-15.353709
28.033771,-4.391538,-15.342186
28.031103,-4.389914,-15.356728
28.047060,-4.400402,-15.340837
28.047329,-4.401443,-15.358547
28.021108,-4.403331,-15.345329
28.042234,-4.416408,-15.338265
28.023564,-4.402921,-15.328791
28.052756,-4.415042,-15.346568
28.055052,-4.431583,-15.333047
28.049635,-4.422602,-15.340401
28.046896,-4.423952,-15.318067
28.045244,-4.428290,-15.349024
28.070335,-4.434823,-15.331275
28.030256,-4.448820,-15.345211
28.047174,-4.426315,-15.320556
28.039775,-4.442975,-15.330063
28.040119,-4.454257,-15.317875
28.056430,-4.448042,-15.315200
28.025245,-4.457353,-15.317738
28.039303,-4.458445,-15.338083
28.023521,-4.459956,-15.327875
28.047390,-4.477710,-15.333662
28.022938,-4.474166,-15.323909
28.047027,-4.476075,-15.306511
28.042088,-4.481618,-15.304790
28.040575,-4.465370,-15.318298
28.030768,-4.493293,-15.300662
28.045175,-4.495812,-15.315053
28.059073,-4.496046,-15.302239
28.039430,-4.499905,-15.310973
28.024225,-4.502264,-15.318758
28.038681,-4.507814,-15.319038
28.045177,-4.506898,-15.302765
28.054787,-4.516757,-15.310559
28.043965,-4.510665,-15.306946
28.045100,-4.491731,-15.296984
28.035891,-4.515210,-15.294867
28.048405,-4.509412,-15.284180
28.051032,-4.529704,-15.279730
28.018910,-4.522579,-15.311812
28.057058,-4.544342,-15.277872
28.062960,-4.545196,-15.295697
28.052715,-4.533434,-15.287238
28.031351,-4.539465,-15.296343
28.045117,-4.551647,-15.285703
28.041810,-4.552580,-15.291051
28.039392,-4.541738,-15.281431
28.053147,-4.561901,-15.284858
28.042594,-4.559496,-15.283737
28.040733,-4.563623,-15.270541
28.038434,-4.566225,-15.290847
28.042829,-4.563662,-15.271256
28.026963,-4.563388,-15.283870
28.037965,-4.572063,-15.268012
28.044041,-4.565784,-15.274702
28.037406,-4.571055,-15.276632
28.052404,-4.576354,-15.292044
28.039567,-4.599572,-15.281962
28.056701,-4.584572,-15.260262
28.043932,-4.594298,-15.282372
28.056137,-4.598678,-15.275971
28.048958,-4.611516,-15.260460
28.047409,-4.598137,-15.269788
28.036450,-4.592940,-15.278422
28.032023,-4.593263,-15.266831
28.043423,-4.587491,-15.272199
28.040614,-4.607022,-15.285466
28.049837,-4.603207,-15.267853
28.057461,-4.615571,-15.246707
28.039949,-4.618750,-15.258838
28.059983,-4.608087,-15.256449
28.052104,-4.631645,-15.265111
28.055143,-4.631258,-15.262754
28.049502,-4.609790,-15.263600
28.047761,-4.616815,-15.234700
28.031531,-4.632755,-15.254510
28.048277,-4.627085,-15.256614
28.041028,-4.639273,-15.244321
28.066288,-4.635526,-15.253353
28.058059,-4.633913,-15.248027
28.054255,-4.641915,-15.247493
28.069970,-4.656539,-15.253128
28.049227,-4.639905,-15.252988
28.044691,-4.643221,-15.243436
28.047135,-4.656238,-15.249417
28.062063,-4.660497,-15.236986
28.066705,-4.668080,-15.253877
28.041840,-4.668515,-15.246837
28.057225,-4.647853,-15.250876
28.032152,-4.665326,-15.241195
28.055490,-4.673439,-15.221895
28.055223,-4.670530,-15.248952
28.056059,-4.666632,-15.235600
28.048289,-4.667288,-15.246255
28.043908,-4.664860,-15.234445
28.039153,-4.665545,-15.245635
28.043908,-4.680487,-15.259774
28.046413,-4.688021,-15.237978
28.044575,-4.691252,-15.248732
28.057751,-4.694054,-15.217026
28.051474,-4.692179,-15.231353
28.053346,-4.699635,-15.231434
28.053925,-4.708072,-15.229239
28.046021,-4.699215,-15.231895
28.039422,-4.694204,-15.239118
28.058596,-4.698604,-15.219222
28.060723,-4.689715,-15.231016
28.049871,-4.695469,-15.222920
28.049312,-4.702735,-15.240849
28.058817,-4.703955,-15.235084
28.062844,-4.701869,-15.245438
28.056728,-4.707537,-15.232399
28.047054,-4.709605,-15.225189
28.052657,-4.720116,-15.233271
28.040683,-4.706930,-15.222000
28.044940,-4.718806,-15.219237
28.037291,-4.712095,-15.213788
28.068534,-4.728477,-15.223838
28.044232,-4.721535,-15.225137
28.054997,-4.724203,-15.195709
28.062254,-4.746188,-15.207838
28.065264,-4.726750,-15.207093
28.040033,-4.726328,-15.223962
28.060940,-4.747639,-15.213823
28.046926,-4.733477,-15.205172
28.049119,-4.749113,-15.222430
28.054610,-4.723342,-15.209385
28.049561,-4.743560,-15.218553
28.074584,-4.753196,-15.196362
28.058362,-4.744272,-15.217021
28.058315,-4.738506,-15.221064
28.052838,-4.753070,-15.204665
28.039628,-4.741800,-15.203435
28.078236,-4.757788,-15.196867
28.052905,-4.749593,-15.203620
28.030660,-4.778084,-15.200069
28.047261,-4.764681,-15.196280
28.064566,-4.751730,-15.203452
28.060481,-4.763005,-15.185138
28.061610,-4.770169,-15.191981
28.043571,-4.772245,-15.196669
28.075429,-4.796743,-15.189504
28.069410,-4.773541,-15.200304
28.046788,-4.784429,-15.202698
28.070605,-4.775916,-15.206822
28.062682,-4.767387,-15.196017
28.055110,-4.769143,-15.186314
28.057332,-4.785493,-15.180539
28.054850,-4.786357,-15.201646
28.059727,-4.791643,-15.174729
28.051096,-4.788754,-15.173702
28.041247,-4.784672,-15.184876
28.044613,-4.796653,-15.175245
28.059457,-4.786459,-15.185911
28.059278,-4.799447,-15.188347
28.063329,-4.783186,-15.189748
28.057011,-4.799603,-15.190867
28.058407,-4.791577,-15.197157
28.068268,-4.802133,-15.194706
28.057613,-4.786307,-15.177403
28.069054,-4.798926,-15.197501
28.042044,-4.821210,-15.184292
28.034065,-4.808362,-15.169396
28.054057,-4.792810,-15.184947
28.053216,-4.813923,-15.186356
28.052636,-4.802218,-15.191383
28.045563,-4.806024,-15.176004
28.052890,-4.821481,-15.166743
28.059511,-4.808710,-15.186706
28.062669,-4.827370,-15.178104
28.051206,-4.826192,-15.194719
28.062296,-4.814733,-15.153868
28.055452,-4.820424,-15.167073
28.056785,-4.829627,-15.178071
28.060367,-4.833114,-15.173222
28.065436,-4.839428,-15.169845
28.036675,-4.820090,-15.165439
28.075300,-4.832463,-15.174178
28.050066,-4.820139,-15.183256
28.049434,-4.840391,-15.165976
28.059089,-4.835052,-15.168898
28.047226,-4.836899,-15.154847
28.045490,-4.868514,-15.173312
28.043940,-4.833143,-15.168121
28.051252,-4.830298,-15.164623
28.064205,-4.836336,-15.175590
28.065691,-4.829985,-15.172091
28.065194,-4.866271,-15.159768
28.044143,-4.844540,-15.151053
28.072462,-4.822420,-15.155693
28.054161,-4.849661,-15.153140
28.053007,-4.843175,-15.176623
28.046918,-4.862188,-15.151924
28.039837,-4.855384,-15.167885
28.050487,-4.841692,-15.156346
28.066625,-4.854343,-15.148420
28.054205,-4.853311,-15.166258
28.072283,-4.866281,-15.157406
28.066517,-4.863984,-15.135519
28.064003,-4.857309,-15.160442
28.063510,-4.849297,-15.165961
28.065354,-4.867811,-15.155922
28.061149,-4.871572,-15.153679
28.065515,-4.875257,-15.164671
28.057828,-4.860011,-15.158870
28.064130,-4.875833,-15.156913
28.047546,-4.851644,-15.152520
28.064125,-4.867239,-15.163575
28.068094,-4.888692,-15.170660
28.080152,-4.864915,-15.171940
28.051470,-4.873084,-15.160963
28.073897,-4.895885,-15.162849
28.061104,-4.869757,-15.156470
28.033316,-4.877285,-15.165224
28.068556,-4.863968,-15.152480
28.057290,-4.864375,-15.147113
28.052995,-4.867949,-15.156049
28.050893,-4.891545,-15.141113
28.054983,-4.880005,-15.144921
28.063826,-4.891932,-15.146380
28.063720,-4.890503,-15.149125
28.077684,-4.877420,-15.142798
28.077949,-4.868246,-15.156652
28.067809,-4.890557,-15.155735
28.071766,-4.894765,-15.140018
28.062625,-4.881391,-15.161316
28.051025,-4.895969,-15.158506
28.054855,-4.881722,-15.148804
28.071484,-4.910234,-15.166825
28.065008,-4.902863,-15.149874
28.063455,-4.893034,-15.167052
28.039677,-4.914375,-15.132633
28.056815,-4.911572,-15.149087
28.068584,-4.897191,-15.140115
28.041295,-4.899566,-15.141340
28.074660,-4.902343,-15.150773
28.063478,-4.896714,-15.144547
28.074403,-4.911308,-15.157104
28.055949,-4.917662,-15.161789
28.052016,-4.903938,-15.136711
28.083659,-4.905875,-15.155201
28.069319,-4.925490,-15.120628
28.069479,-4.915972,-15.142255
28.087168,-4.919831,-15.143639
28.053600,-4.897808,-15.122773
28.055612,-4.904682,-15.142716
28.069653,-4.899704,-15.134562
28.057397,-4.926989,-15.144502
28.087849,-4.904724,-15.143600
28.066889,-4.916571,-15.160956
28.048440,-4.909100,-15.125032
28.045497,-4.923241,-15.144085
28.059702,-4.907542,-15.135819
28.042989,-4.924975,-15.119328
28.061887,-4.923699,-15.125565
28.066045,-4.945616,-15.123581
28.050051,-4.929598,-15.137347
28.070963,-4.920954,-15.170083
28.064837,-4.924572,-15.140982
28.077880,-4.916757,-15.147816
28.058137,-4.933309,-15.129489
28.055955,-4.927943,-15.130024
28.070588,-4.917607,-15.117360
28.071953,-4.937172,-15.149266
28.074636,-4.932065,-15.156272
28.055535,-4.951569,-15.133875
28.063384,-4.936970,-15.128206
28.051681,-4.924273,-15.124039
28.049904,-4.916798,-15.137660
28.070133,-4.953637,-15.130175
28.063320,-4.921235,-15.134327
28.064358,-4.925353,-15.123755
28.060836,-4.951632,-15.119765
28.046944,-4.949934,-15.124032
28.075913,-4.931532,-15.127114
28.061192,-4.941659,-15.147376
28.072698,-4.945375,-15.130942
28.088966,-4.929854,-15.130649
28.079070,-4.946507,-15.136718
28.061525,-4.956399,-15.131133
28.051958,-4.953724,-15.115873
28.061098,-4.951329,-15.144506
28.063432,-4.945442,-15.134679
28.051924,-4.957288,-15.117438
28.061670,-4.956927,-15.132196
28.076684,-4.946514,-15.133572
28.070219,-4.960727,-15.122028
28.063502,-4.949562,-15.114390
28.047850,-4.958785,-15.112184
28.071306,-4.957425,-15.139687
28.068797,-4.968709,-15.129801
28.061395,-4.951761,-15.120939
28.063991,-4.964291,-15.136252
28.053881,-4.941312,-15.145033
28.071733,-4.970004,-15.107770
28.064772,-4.976389,-15.122190
28.073855,-4.946912,-15.116209
28.066355,-4.942856,-15.125905
28.059264,-4.974113,-15.111439
28.058409,-4.952375,-15.119069
28.052231,-4.983343,-15.110200
28.063047,-4.951663,-15.106241
28.077794,-4.959841,-15.109671
28.075869,-4.961401,-15.111541
28.061159,-4.963077,-15.129015
28.058813,-4.953923,-15.126492
28.048950,-4.971338,-15.125304
28.053621,-4.975633,-15.099495
28.055665,-4.982391,-15.115101
28.071387,-4.967662,-15.099808
28.054098,-4.965397,-15.118309
28.064023,-4.976464,-15.135924
28.071069,-4.970857,-15.130040
28.073693,-4.984902,-15.115037
28.057720,-4.960756,-15.121106
28.084109,-4.982873,-15.119976
28.056459,-4.961671,-15.134656
28.050030,-4.972554,-15.126437
28.066539,-5.006058,-15.115398
28.067305,-4.982404,-15.093597
28.065204,-4.972359,-15.123279
28.053883,-4.985082,-15.101950
28.063383,-4.975489,-15.102557
28.072752,-4.979201,-15.101067
28.061952,-4.969846,-15.131727
28.076989,-4.977951,-15.114213
28.081790,-4.996974,-15.127313
28.066910,-4.959268,-15.109892
28.053178,-4.978614,-15.103193
28.061482,-4.987212,-15.117905
28.072463,-5.003559,-15.111053
28.070035,-5.004755,-15.097499
28.074905,-4.966874,-15.119304
28.064669,-4.982071,-15.117624
28.052267,-4.970871,-15.116764
28.051127,-4.975652,-15.105673
28.073525,-4.989488,-15.103646
28.079007,-4.976918,-15.111285
28.045164,-4.992453,-15.102195
28.061545,-4.985948,-15.116559
28.051442,-4.995500,-15.099645
28.039382,-5.011528,-15.126139
28.043930,-4.988712,-15.118694
28.064240,-5.006536,-15.127243
28.070547,-4.999742,-15.099296
28.073081,-5.015409,-15.122082
28.086402,-4.989391,-15.105555
28.060076,-5.001445,-15.121169
28.061350,-4.992763,-15.117517
28.065997,-4.981146,-15.090153
28.047737,-4.983648,-15.087413
28.076304,-4.998103,-15.113520
28.061781,-5.015096,-15.115093
28.077647,-4.991091,-15.102673
28.073430,-4.994900,-15.109237
28.068202,-4.996197,-15.123174
28.076679,-4.997220,-15.094613
28.062682,-4.993707,-15.108753
28.063129,-4.995449,-15.115166
28.057303,-4.993870,-15.117399
28.070924,-4.999419,-15.106593
28.070364,-5.003876,-15.095512
28.060247,-5.001540,-15.113367
28.061560,-5.006520,-15.114056
28.059829,-5.010842,-15.115091
28.072740,-5.006270,-15.097678
28.052154,-5.013801,-15.087744
28.061970,-5.011289,-15.108925
28.073907,-5.014576,-15.122394
28.069332,-5.018159,-15.097468
28.060438,-5.013972,-15.100705
28.082018,-5.006666,-15.110625
28.070226,-4.986407,-15.110652
28.071976,-5.002859,-15.110118
28.076178,-5.013184,-15.101794
28.075515,-5.014569,-15.090574
28.072923,-5.010473,-15.110282
28.068024,-5.022733,-15.094416
28.049536,-5.019591,-15.116592
28.054598,-4.999617,-15.106231
28.066966,-5.012540,-15.084164
28.072383,-5.021924,-15.105309
28.059532,-5.007300,-15.100053
28.074932,-5.027652,-15.090533
28.066783,-5.008555,-15.093930
28.064700,-5.013995,-15.096854
28.063186,-5.028936,-15.105011
28.060451,-5.026799,-15.097342
28.077573,-5.017621,-15.095549
28.054824,-5.011079,-15.112874
28.063394,-5.013757,-15.096036
28.066265,-5.024024,-15.082316
28.071680,-4.992910,-15.085116
28.065166,-5.006047,-15.097690
28.068624,-5.011911,-15.107246
28.065857,-5.024341,-15.094219
28.086004,-5.013204,-15.100418
28.073265,-5.017714,-15.077743
28.066539,-5.039653,-15.087973
28.069382,-5.033637,-15.077177
28.065567,-5.032347,-15.089388
28.057305,-5.027011,-15.111036
28.043996,-5.023632,-15.084123
28.050560,-5.021584,-15.079096
28.071901,-5.017225,-15.068758
28.063682,-5.020381,-15.099448
28.072331,-5.040883,-15.101685
28.065556,-5.030941,-15.102454
28.056856,-5.026043,-15.085080
28.078663,-5.022826,-15.084070
28.082979,-5.025031,-15.108686
28.074941,-5.014059,-15.088504
28.072396,-5.026914,-15.076271
28.057902,-5.021547,-15.095560
28.063657,-5.037827,-15.101569
28.053430,-5.034061,-15.095154
28.061858,-5.034068,-15.098122
28.041059,-5.015433,-15.086326
28.068839,-5.029347,-15.112461
28.060787,-5.051090,-15.103566
28.070858,-5.038944,-15.091124
28.059051,-5.019453,-15.099651
28.066412,-5.042002,-15.087105
28.064818,-5.029285,-15.109523
28.074380,-5.029867,-15.098076
28.064622,-5.025903,-15.111505
28.093621,-5.041395,-15.084310
28.065914,-5.040380,-15.072600
28.072021,-5.038887,-15.099538
28.074473,-5.020533,-15.081583
28.079730,-5.032019,-15.084130
28.048097,-5.045887,-15.082296
28.070405,-5.035900,-15.100362
28.079423,-5.037129,-15.090814
28.057681,-5.046354,-15.079703
28.069726,-5.045415,-15.090011
28.062147,-5.042940,-15.063040
28.057356,-5.044074,-15.086533
28.063342,-5.015715,-15.076490
28.070530,-5.047126,-15.092286
28.062548,-5.035472,-15.108194
28.068804,-5.021784,-15.097712
28.062034,-5.037431,-15.105285
28.072182,-5.046928,-15.107593
28.061780,-5.046817,-15.071769
28.074403,-5.052712,-15.079192
28.075851,-5.036313,-15.082386
28.061597,-5.052022,-15.095254
28.072422,-5.043539,-15.102871
28.061696,-5.058413,-15.093688
28.067421,-5.040627,-15.079527
28.070505,-5.039205,-15.112113
28.071476,-5.039832,-15.093222
28.101771,-5.064165,-15.090836
28.070615,-5.042467,-15.099404
28.055408,-5.039567,-15.072419
28.064703,-5.049063,-15.088988
28.061774,-5.039866,-15.090979
28.072638,-5.054130,-15.086384
28.091196,-5.037108,-15.078372
28.068576,-5.026437,-15.079461
28.076972,-5.048399,-15.078501
28.081679,-5.036733,-15.092233
28.058396,-5.038974,-15.093118
28.057797,-5.045690,-15.091905
28.068216,-5.049182,-15.082480
28.052212,-5.042950,-15.093884
28.087739,-5.044021,-15.092695
28.075339,-5.047851,-15.068710
28.038159,-5.060235,-15.086586
28.059330,-5.059930,-15.077187
28.073693,-5.052173,-15.099267
28.079861,-5.041209,-15.079669
28.062121,-5.055439,-15.075419
28.062074,-5.037228,-15.094564
28.072398,-5.043778,-15.094741
28.054296,-5.054681,-15.089532
28.074032,-5.049898,-15.073384
28.073153,-5.053892,-15.089982
28.047265,-5.072463,-15.071250
28.068948,-5.053233,-15.095444
28.059926,-5.044406,-15.100801
28.059563,-5.052571,-15.085212
28.079480,-5.039710,-15.081860
28.069353,-5.042355,-15.068328
28.057751,-5.056442,-15.088970
28.059494,-5.042394,-15.079805
28.056985,-5.074032,-15.082783
28.060534,-5.049519,-15.079817
28.064465,-5.072189,-15.090531
28.067434,-5.074750,-15.086721
28.045947,-5.058848,-15.096029
28.073344,-5.067067,-15.086695
28.079776,-5.056025,-15.079721
28.070823,-5.032698,-15.092422
28.078844,-5.061028,-15.084585
28.068105,-5.071358,-15.080430
28.054384,-5.061390,-15.088364
28.075534,-5.056588,-15.069060
28.066772,-5.062927,-15.086859
28.087966,-5.057155,-15.079054
28.075222,-5.055011,-15.074814
28.073560,-5.049398,-15.079599
28.069232,-5.049854,-15.074109
28.062201,-5.057404,-15.067398
28.085840,-5.063398,-15.071634
28.062785,-5.041428,-15.063980
28.078683,-5.058229,-15.071677
28.063265,-5.052548,-15.087941
28.074891,-5.065208,-15.077385
28.056630,-5.057320,-15.087028
28.072959,-5.063936,-15.089328
28.063840,-5.045938,-15.085897
28.074857,-5.064348,-15.092858
28.061594,-5.068589,-15.087293
28.072753,-5.064857,-15.082187
28.073693,-5.076233,-15.075402
28.057168,-5.073216,-15.084134
28.063542,-5.089778,-15.078117
28.076130,-5.049664,-15.072401
28.064693,-5.064630,-15.077575
28.062736,-5.065359,-15.078777
28.062406,-5.069217,-15.067857
28.078198,-5.078486,-15.079057
28.060749,-5.062334,-15.082177
28.062141,-5.069109,-15.077861
28.044321,-5.060854,-15.089721
28.077497,-5.092317,-15.089413
28.065197,-5.062846,-15.077046
28.061155,-5.037302,-15.074886
28.077940,-5.074088,-15.092734
28.068292,-5.062916,-15.075039
28.073790,-5.065222,-15.089457
28.052418,-5.086541,-15.084488
28.064672,-5.069424,-15.076467
28.072760,-5.058501,-15.090685
28.061738,-5.082832,-15.078665
28.057515,-5.071217,-15.100390
28.074781,-5.076102,-15.097872
28.071280,-5.077082,-15.072980
28.078741,-5.066815,-15.086982
28.087336,-5.059082,-15.079078
28.071745,-5.058436,-15.069379
28.070263,-5.072797,-15.079435
28.078277,-5.057569,-15.083733
28.079384,-5.079266,-15.062690
28.080361,-5.054566,-15.076976
28.058481,-5.073755,-15.070647
28.053964,-5.069213,-15.090968
28.072888,-5.081120,-15.089503
28.059888,-5.066741,-15.076792
28.057804,-5.070227,-15.064807
28.053135,-5.057176,-15.069584
28.076928,-5.064335,-15.079067
28.072010,-5.088464,-15.074710
28.059347,-5.073406,-15.067042
28.077251,-5.081711,-15.088285
28.086352,-5.058767,-15.081278
28.068050,-5.056552,-15.059861
28.052659,-5.073221,-15.088018
28.066648,-5.083855,-15.081324
28.081450,-5.067917,-15.084644
28.078474,-5.082772,-15.071347
28.056696,-5.065123,-15.084445
28.077531,-5.077169,-15.075628
28.063045,-5.055633,-15.077050
28.072884,-5.073151,-15.089609
28.076327,-5.069375,-15.071559
28.061473,-5.086449,-15.057678
28.065047,-5.076113,-15.076200
28.054396,-5.090861,-15.075582
28.061820,-5.051600,-15.084043
28.071752,-5.056369,-15.078705
28.069741,-5.070806,-15.085582
28.086596,-5.071777,-15.078939
28.079626,-5.070037,-15.074007
28.077039,-5.064882,-15.070492
28.076114,-5.083908,-15.067250
28.085662,-5.093156,-15.087674
28.078596,-5.087873,-15.077336
28.059804,-5.075783,-15.060531
28.068635,-5.074358,-15.071178
28.072684,-5.059289,-15.083221
28.071556,-5.085423,-15.085669
28.057747,-5.077443,-15.079862
28.063302,-5.083298,-15.075908
28.068261,-5.086682,-15.076059
28.073795,-5.079586,-15.066624
28.066224,-5.091674,-15.080436
28.076635,-5.084007,-15.086639
28.070556,-5.072012,-15.075139
28.062070,-5.088597,-15.074530
28.068784,-5.088314,-15.070064
28.066549,-5.083711,-15.073563
28.058247,-5.070630,-15.073473
28.067907,-5.088724,-15.075614
28.067412,-5.070970,-15.077597
28.085524,-5.078937,-15.075277
28.068899,-5.076379,-15.073003
28.069546,-5.085174,-15.070048
28.075884,-5.075709,-15.075069
28.077123,-5.066244,-15.059808
28.082862,-5.079228,-15.075116
28.078492,-5.062439,-15.065644
28.070442,-5.085814,-15.078376
28.068425,-5.069431,-15.063966
28.092423,-5.068301,-15.078044
28.064509,-5.065251,-15.077950
28.082515,-5.072060,-15.071126
28.066305,-5.071363,-15.076185
28.091253,-5.099229,-15.058984
28.069565,-5.082957,-15.054720
28.065594,-5.081539,-15.076557
28.070786,-5.074884,-15.075374
28.064097,-5.063708,-15.064814
28.064473,-5.078771,-15.076166
28.067434,-5.080168,-15.064403
28.051422,-5.069145,-15.089775
28.061137,-5.068319,-15.074807
28.052345,-5.096543,-15.082049
28.082611,-5.092381,-15.068794
28.095650,-5.063332,-15.073285
28.069880,-5.084179,-15.076915
28.070499,-5.089674,-15.088880
28.085041,-5.100539,-15.069264
28.077619,-5.079733,-15.057441
28.051067,-5.073661,-15.078725
28.065818,-5.089428,-15.066487
28.074958,-5.069987,-15.070315
28.074594,-5.088868,-15.067763
28.049051,-5.089015,-15.057456
28.076067,-5.073200,-15.074803
28.060385,-5.056185,-15.080273
28.060217,-5.059788,-15.045123
28.054514,-5.088220,-15.068183
28.066536,-5.080711,-15.070838
28.049117,-5.089408,-15.089963
28.058807,-5.082160,-15.056692
28.084392,-5.078526,-15.069950
28.053865,-5.070959,-15.067441
28.075673,-5.064282,-15.047726
28.070879,-5.085158,-15.080063
28.059354,-5.099681,-15.072808
28.070432,-5.081928,-15.071905
28.073322,-5.090961,-15.081770
28.075303,-5.096809,-15.084292
28.057034,-5.088048,-15.076814
28.084244,-5.083134,-15.072339
28.060251,-5.085507,-15.061847
28.076174,-5.100299,-15.080249
28.062288,-5.085403,-15.051689
28.080919,-5.095109,-15.064640
28.060516,-5.086017,-15.069401
28.069225,-5.092453,-15.081221
28.068967,-5.103109,-15.058484
28.060985,-5.117729,-15.067743
28.064263,-5.071077,-15.084972
28.063355,-5.069874,-15.077616
28.070757,-5.080432,-15.056265
28.059363,-5.093089,-15.048761
28.072804,-5.071813,-15.078884
28.051887,-5.090544,-15.062619
28.076833,-5.088953,-15.067633
28.075886,-5.078393,-15.072640
28.061574,-5.089124,-15.077726
28.071829,-5.087427,-15.053822
28.077805,-5.088031,-15.066894
28.064475,-5.097061,-15.073753
28.062881,-5.082656,-15.072486
28.063593,-5.093871,-15.057418
28.079762,-5.087625,-15.070833
28.068957,-5.079486,-15.065255
28.067905,-5.087799,-15.040389
28.057603,-5.109190,-15.070702
28.051503,-5.107565,-15.061899
28.082211,-5.092806,-15.053862
28.060718,-5.083855,-15.072188
28.066245,-5.092036,-15.057225
28.066461,-5.096407,-15.055561
28.071240,-5.087111,-15.053671
28.070012,-5.078599,-15.080136
28.066246,-5.083245,-15.074997
28.086030,-5.094694,-15.066515
28.067976,-5.080497,-15.059035
28.060491,-5.078374,-15.074947
28.054063,-5.086610,-15.069653
28.077014,-5.085706,-15.064778
28.061353,-5.086649,-15.077667
28.071290,-5.082766,-15.073603
28.069070,-5.116133,-15.075071
28.067048,-5.101568,-15.066971
28.079067,-5.077738,-15.060691
28.071157,-5.095725,-15.053820
28.060069,-5.104404,-15.067329
28.078059,-5.089187,-15.067446
28.056934,-5.100798,-15.065917
28.079618,-5.096655,-15.049211
28.070574,-5.096014,-15.042686
28.066649,-5.080665,-15.061928
28.049600,-5.101732,-15.067492
28.080237,-5.105307,-15.068929
28.072193,-5.081300,-15.055775
28.068968,-5.089619,-15.078729
28.057722,-5.094932,-15.052623
28.072000,-5.080712,-15.061703
28.069899,-5.101913,-15.049280
28.072828,-5.088600,-15.061942
28.056313,-5.100998,-15.054209
28.053961,-5.085953,-15.072664
28.071790,-5.105431,-15.062023
28.063157,-5.087260,-15.079473
28.055385,-5.096192,-15.069594
28.074991,-5.094712,-15.067538
28.068825,-5.103907,-15.076996
28.078962,-5.092662,-15.072667
28.078483,-5.082897,-15.058918
28.062012,-5.102606,-15.045801
28.072334,-5.084845,-15.067090
28.065423,-5.085916,-15.077169
28.072941,-5.103264,-15.059893
28.053862,-5.108309,-15.066861
28.078956,-5.100342,-15.054688
28.081950,-5.078801,-15.063439
28.072316,-5.103846,-15.060607
28.069551,-5.092194,-15.064281
28.074302,-5.085381,-15.070217
28.063175,-5.095449,-15.074689
28.060513,-5.090630,-15.065125
28.091161,-5.085401,-15.066925
28.054568,-5.095755,-15.065540
28.060241,-5.104466,-15.077933
28.064482,-5.097963,-15.081621
28.065495,-5.093932,-15.066060
28.055517,-5.091624,-15.081010
28.060352,-5.084433,-15.067247
28.051692,-5.083264,-15.070872
28.063673,-5.106856,-15.069168
28.073966,-5.085835,-15.067300
28.079073,-5.098504,-15.058096
28.072794,-5.094474,-15.070314
28.068308,-5.096182,-15.049051
28.054379,-5.089051,-15.079386
28.059775,-5.084237,-15.060047
28.053786,-5.097343,-15.058676
28.070226,-5.091209,-15.065311
28.064497,-5.108381,-15.067274
28.063636,-5.100139,-15.065568
28.072306,-5.103936,-15.064455
28.081245,-5.104361,-15.065834
28.069361,-5.094116,-15.067022
28.072294,-5.099266,-15.074601
28.056269,-5.107133,-15.061378
28.076856,-5.092438,-15.079445
28.085372,-5.108192,-15.056971
28.064148,-5.087820,-15.082132
28.054748,-5.099430,-15.084537
28.084306,-5.097797,-15.072060
28.057440,-5.097966,-15.065622
28.073201,-5.095318,-15.073416
28.058170,-5.112665,-15.050923
28.077847,-5.113472,-15.050928
28.072202,-5.106351,-15.074337
28.062250,-5.107666,-15.056133
28.076912,-5.094509,-15.083777
28.069134,-5.097579,-15.068395
28.080658,-5.110292,-15.070449
28.073636,-5.087641,-15.081823
28.069545,-5.089104,-15.064968
28.070513,-5.081512,-15.063944
28.079457,-5.083992,-15.066241
28.071051,-5.087937,-15.061706
28.050916,-5.088053,-15.056238
28.083420,-5.103624,-15.080493
28.067461,-5.081982,-15.063793
28.057253,-5.100588,-15.058716
28.062360,-5.111300,-15.074355
28.068727,-5.092691,-15.073628
28.050407,-5.103281,-15.049304
28.077772,-5.105870,-15.051264
28.053933,-5.103375,-15.073204
28.062812,-5.099541,-15.063245
28.074224,-5.092969,-15.061655
28.073971,-5.117727,-15.078958
28.063020,-5.109436,-15.052206
28.053673,-5.111723,-15.074045
28.084220,-5.081710,-15.041744
28.067623,-5.083853,-15.067455
28.076432,-5.128417,-15.058014
28.073118,-5.090479,-15.064964
28.077132,-5.101992,-15.058838
28.051591,-5.113300,-15.064215
28.070934,-5.088630,-15.051267
28.068639,-5.090474,-15.051967
28.089361,-5.085896,-15.056584
28.076338,-5.109367,-15.072460
28.068675,-5.080717,-15.059760
28.070395,-5.099640,-15.062041
28.065922,-5.073953,-15.088354
28.057660,-5.091769,-15.084460
28.075652,-5.111904,-15.074321
28.076874,-5.104336,-15.046630
28.055317,-5.105127,-15.062973
28.067097,-5.098028,-15.070447
28.057561,-5.105543,-15.062791
28.066937,-5.089661,-15.052773
28.073281,-5.088788,-15.078700
28.070569,-5.109992,-15.077747
28.059449,-5.101365,-15.049073
28.062536,-5.101561,-15.043435
28.079705,-5.119487,-15.065000
28.061961,-5.092816,-15.063071
28.071446,-5.112354,-15.066450
28.059772,-5.084485,-15.049571
28.069431,-5.099302,-15.065156
28.053528,-5.084865,-15.059156
28.076928,-5.112474,-15.063420
28.058668,-5.087072,-15.080073
28.078564,-5.105478,-15.063974
28.071364,-5.103374,-15.056023
28.063560,-5.097444,-15.060829
28.078079,-5.108953,-15.055235
28.053829,-5.088954,-15.069975
28.053301,-5.098584,-15.051231
28.068957,-5.109529,-15.071386
28.068132,-5.098918,-15.052780
28.078749,-5.090553,-15.051881
28.057548,-5.101180,-15.061990
28.076219,-5.095208,-15.066546
28.087170,-5.099674,-15.068465
28.068985,-5.092927,-15.067084
28.065214,-5.092935,-15.072015
28.046825,-5.095106,-15.068026
28.058527,-5.106432,-15.069705
28.061615,-5.105221,-15.069638
28.072698,-5.081667,-15.054339
28.083925,-5.109812,-15.079904
28.072628,-5.085956,-15.066236
28.063849,-5.109688,-15.064308
28.066000,-5.101564,-15.072673
28.080878,-5.117639,-15.072576
28.052825,-5.081965,-15.051289
28.063875,-5.117780,-15.062677
28.064678,-5.095005,-15.072418
28.050906,-5.091442,-15.057214
28.077724,-5.104650,-15.070650
28.060819,-5.108716,-15.071927
28.062915,-5.089762,-15.070858
28.055616,-5.102389,-15.067605
28.048882,-5.102483,-15.077285
28.054821,-5.116366,-15.067865
28.076973,-5.106243,-15.075895
28.073078,-5.083106,-15.067974
28.077565,-5.108580,-15.072402
28.069865,-5.114576,-15.065230
28.077806,-5.111694,-15.056123
28.065554,-5.091195,-15.056187
28.085822,-5.117996,-15.069467
28.099236,-5.105962,-15.062163
28.073871,-5.127233,-15.044361
28.062351,-5.097507,-15.057414
28.074951,-5.114085,-15.073430
28.084170,-5.112713,-15.074625
28.064685,-5.087774,-15.067642
28.076994,-5.117728,-15.072015
28.077309,-5.113351,-15.053213
28.081089,-5.107539,-15.088292
28.071568,-5.101482,-15.078754
28.066457,-5.097921,-15.056181
28.063486,-5.099254,-15.067109
28.081416,-5.093640,-15.079352
28.060241,-5.107853,-15.054021
28.072222,-5.094035,-15.059080
28.087971,-5.129025,-15.061285
28.064825,-5.101223,-15.069230
28.066396,-5.082703,-15.066929
28.073790,-5.105998,-15.053446
28.063520,-5.105451,-15.063451
28.056582,-5.093826,-15.077795
28.073223,-5.095422,-15.050239
28.063070,-5.107628,-15.069350
28.063527,-5.076886,-15.063425
28.071826,-5.105133,-15.056719
28.082171,-5.124811,-15.063154
28.060089,-5.093026,-15.066576
28.057848,-5.110375,-15.056250
28.060185,-5.112333,-15.040894
28.088351,-5.096654,-15.068614
28.082808,-5.106912,-15.055538
28.070957,-5.105173,-15.070080
28.074027,-5.112939,-15.063791
28.074472,-5.115313,-15.048525
28.055529,-5.092906,-15.073113
28.082504,-5.089984,-15.063899
28.071560,-5.101097,-15.075180
28.077927,-5.106257,-15.062553
28.061674,-5.097872,-15.060586
28.091391,-5.106303,-15.077467
28.074971,-5.095678,-15.051338
28.063486,-5.102786,-15.051252
28.072621,-5.087757,-15.068261
28.053982,-5.110618,-15.059210
28.078620,-5.084595,-15.069720
28.064437,-5.091843,-15.067832
28.065004,-5.103945,-15.050249
28.055206,-5.100390,-15.062278
28.078466,-5.097878,-15.052356
28.079361,-5.113933,-15.067556
28.064024,-5.085750,-15.053891
28.069806,-5.088001,-15.063433
28.077132,-5.107173,-15.065819
28.083177,-5.081771,-15.056016
28.062137,-5.109965,-15.059224
28.070413,-5.101454,-15.043272
28.078482,-5.121832,-15.053223
28.070876,-5.095337,-15.068274
28.093415,-5.095237,-15.038959
28.080077,-5.103201,-15.058471
28.065949,-5.094468,-15.075168
28.065663,-5.098668,-15.051058
28.079250,-5.100520,-15.057149
28.057801,-5.109315,-15.073457
28.072944,-5.111315,-15.057421
28.064122,-5.095746,-15.063245
28.062520,-5.093934,-15.051702
28.058411,-5.109285,-15.067305
28.086452,-5.094890,-15.063677
28.075668,-5.086042,-15.053290
28.076190,-5.102228,-15.073963
28.067958,-5.103744,-15.061510
28.047300,-5.097459,-15.058980
28.057642,-5.097462,-15.061685
28.065541,-5.108067,-15.060191
28.058046,-5.085453,-15.056924
28.073780,-5.107091,-15.056543
28.059098,-5.102113,-15.065856
28.044743,-5.114562,-15.066092
28.075896,-5.122934,-15.055362
28.067751,-5.079304,-15.058656
28.065466,-5.107243,-15.062777
28.059197,-5.095346,-15.086109
28.065391,-5.104024,-15.058705
28.053470,-5.106435,-15.069220
28.052347,-5.096958,-15.067329
28.070806,-5.128932,-15.061510
28.074744,-5.103350,-15.071047
28.086355,-5.104593,-15.050881
28.083323,-5.112077,-15.070504
28.063953,-5.106042,-15.058065
28.064966,-5.085702,-15.059690
28.069399,-5.107304,-15.071025
28.072305,-5.124838,-15.058952
28.069281,-5.095428,-15.052072
28.062072,-5.094649,-15.057101
28.071421,-5.094855,-15.056525
28.082963,-5.098496,-15.079375
28.055150,-5.097445,-15.043151
28.074068,-5.121253,-15.064099
28.060472,-5.106169,-15.056310
28.063334,-5.088426,-15.051705
28.073134,-5.103951,-15.084627
28.057310,-5.095134,-15.064237
28.052087,-5.101836,-15.070730
28.057963,-5.111923,-15.068561
28.063221,-5.099239,-15.060036
28.092208,-5.104136,-15.073199
28.062638,-5.115951,-15.066422
28.060864,-5.102474,-15.050085
28.071206,-5.091861,-15.034576
28.075420,-5.094651,-15.066194
28.063623,-5.098978,-15.056300
28.063086,-5.114548,-15.072263
28.074038,-5.095628,-15.066689
28.064579,-5.113994,-15.062294
28.092691,-5.116255,-15.065304
28.069389,-5.109177,-15.083446
28.084941,-5.075351,-15.060626
28.067048,-5.103516,-15.048931
28.081268,-5.093230,-15.066955
28.071474,-5.092938,-15.060161
28.062753,-5.098090,-15.065224
28.070157,-5.107293,-15.062916
28.062307,-5.108412,-15.060628
28.066482,-5.109811,-15.055575
28.074271,-5.100258,-15.035965
28.061286,-5.102924,-15.065715
28.073999,-5.110018,-15.072325
28.063429,-5.094208,-15.069874
28.081129,-5.116378,-15.066126
28.067974,-5.107784,-15.044013
28.065331,-5.114631,-15.051186
28.082848,-5.126732,-15.046224
28.081763,-5.118727,-15.075255
28.057990,-5.125366,-15.049118
28.072005,-5.098439,-15.056212
28.077687,-5.099227,-15.077101
28.059529,-5.085071,-15.064436
28.084057,-5.090370,-15.070130
28.070116,-5.115907,-15.048374
28.060126,-5.112110,-15.067926
28.058081,-5.130076,-15.061408
28.073793,-5.096407,-15.041848
28.090502,-5.099118,-15.055805
28.057922,-5.112106,-15.060512
28.055664,-5.093198,-15.053839
28.073358,-5.106471,-15.055102
28.075969,-5.100183,-15.050056
28.060794,-5.110532,-15.066109
28.081630,-5.107906,-15.067915
28.075457,-5.115314,-15.061291
28.059678,-5.104305,-15.072458
28.070363,-5.098533,-15.075190
28.084511,-5.110043,-15.040758
28.060697,-5.107724,-15.060793
28.050775,-5.105970,-15.046346
28.079409,-5.104799,-15.060126
28.053713,-5.107019,-15.089439
28.047472,-5.109780,-15.083387
28.067624,-5.084662,-15.072678
28.060332,-5.092624,-15.057541
28.080821,-5.087070,-15.038440
28.075186,-5.078530,-15.078674
28.067445,-5.119959,-15.053030
28.086973,-5.099057,-15.058260
28.068319,-5.111124,-15.069808
28.053126,-5.108282,-15.061316
28.060969,-5.084545,-15.052488
28.050468,-5.095030,-15.062690
28.071090,-5.097558,-15.060507
28.080480,-5.115404,-15.050952
28.081650,-5.134382,-15.073970
28.054982,-5.091858,-15.062855
28.071995,-5.095452,-15.047614
28.068583,-5.097571,-15.058327
28.079313,-5.091958,-15.055653
28.082619,-5.111155,-15.062194
28.075964,-5.100054,-15.069849
28.063569,-5.105351,-15.073602
28.066532,-5.092878,-15.046010
28.081204,-5.101954,-15.053724
28.062908,-5.092605,-15.063995
28.071564,-5.109509,-15.043917
28.056443,-5.097440,-15.071802
28.072523,-5.108416,-15.066024
28.082231,-5.102650,-15.058240
28.057227,-5.113171,-15.070880
28.067568,-5.086338,-15.054620
28.075588,-5.101749,-15.059009
28.073583,-5.110889,-15.043322
28.091223,-5.100725,-15.063495
28.065479,-5.113218,-15.051899
28.058527,-5.103582,-15.042728
28.071248,-5.103256,-15.041035
28.072276,-5.093146,-15.064038
28.087692,-5.108579,-15.061474
28.072229,-5.117712,-15.059262
28.081203,-5.125923,-15.038444
28.094023,-5.139469,-15.006758
28.093662,-5.149573,-14.976644
28.135904,-5.164860,-14.951656
28.136696,-5.178412,-14.916638
28.158070,-5.201054,-14.883100
28.166947,-5.226526,-14.835677
28.192040,-5.241217,-14.817991
28.200121,-5.264333,-14.750826
28.215105,-5.292988,-14.713284
28.261206,-5.305234,-14.653304
28.264039,-5.330955,-14.613943
28.286326,-5.347711,-14.568062
28.325046,-5.373565,-14.508264
28.332182,-5.426985,-14.449500
28.359044,-5.432946,-14.411262
28.387973,-5.476571,-14.327681
28.399020,-5.498803,-14.288057
28.422513,-5.539853,-14.234002
28.431627,-5.528144,-14.176614
28.475269,-5.584928,-14.111344
28.495478,-5.611339,-14.054261
28.495416,-5.635343,-13.995430
28.532106,-5.660504,-13.924761
28.586466,-5.689182,-13.887436
28.596626,-5.715795,-13.812071
28.611488,-5.723022,-13.759367
28.646434,-5.766105,-13.671600
28.650775,-5.802608,-13.620619
28.703374,-5.822518,-13.566081
28.723066,-5.847217,-13.476149
28.733729,-5.874835,-13.432953
28.762540,-5.902124,-13.363126
28.788881,-5.932513,-13.292982
28.802841,-5.945377,-13.241806
28.834296,-5.973790,-13.160913
28.862000,-6.008014,-13.098844
28.889795,-6.037884,-13.039949
28.906312,-6.040101,-12.975390
28.921819,-6.096361,-12.889429
28.967095,-6.133117,-12.845883
29.005520,-6.131873,-12.768462
29.009153,-6.185692,-12.720547
29.028192,-6.197879,-12.653794
29.057850,-6.219475,-12.564763
29.071784,-6.240333,-12.502631
29.105116,-6.252181,-12.448029
29.129310,-6.286020,-12.371916
29.154447,-6.311878,-12.305215
29.180851,-6.332550,-12.240593
29.207789,-6.374171,-12.172901
29.205392,-6.390041,-12.116854
29.241925,-6.423278,-12.047485
29.269281,-6.425889,-11.963478
29.286359,-6.455055,-11.913072
29.296696,-6.485350,-11.836395
29.324549,-6.536506,-11.756460
29.352042,-6.519293,-11.688512
29.347222,-6.540400,-11.623881
29.388717,-6.576532,-11.565562
29.411105,-6.609387,-11.491181
29.431398,-6.603760,-11.421113
29.440168,-6.643140,-11.343369
29.466868,-6.644030,-11.287114
29.518251,-6.675233,-11.238144
29.533421,-6.680610,-11.152014
29.539428,-6.719344,-11.086904
29.565742,-6.742606,-11.018192
29.587079,-6.764967,-10.948213
29.594446,-6.762433,-10.882948
29.626930,-6.808598,-10.819076
29.653705,-6.823878,-10.732793
29.690920,-6.829167,-10.669053
29.699395,-6.838143,-10.594378
29.708452,-6.870859,-10.515136
29.737528,-6.892737,-10.467190
29.759162,-6.913875,-10.378846
29.782335,-6.925091,-10.321012
29.796508,-6.923063,-10.248626
29.820561,-6.972436,-10.179906
29.821048,-6.965707,-10.122866
29.850822,-6.968272,-10.049563
29.870321,-7.002642,-9.973942
29.915938,-7.020080,-9.885752
29.913104,-7.029064,-9.843906
29.926903,-7.043453,-9.775358
29.943969,-7.061879,-9.686200
29.969720,-7.087044,-9.624357
29.983940,-7.087985,-9.557565
30.007213,-7.136553,-9.474282
30.016709,-7.133339,-9.401758
30.061086,-7.149600,-9.337337
30.049821,-7.155443,-9.270116
30.079513,-7.205512,-9.197145
30.113716,-7.184069,-9.120071
30.122394,-7.197241,-9.032982
30.139940,-7.208734,-8.972004
30.168078,-7.211058,-8.901509
30.169518,-7.249676,-8.861167
30.172001,-7.264796,-8.770707
30.198194,-7.254187,-8.706779
30.228505,-7.278550,-8.636767
30.240446,-7.278812,-8.560500
30.257906,-7.283915,-8.495180
30.259391,-7.301258,-8.418514
30.281349,-7.302113,-8.359325
30.311494,-7.331875,-8.267243
30.332113,-7.358023,-8.194778
30.340503,-7.339575,-8.135985
30.360886,-7.345778,-8.062032
30.369986,-7.391109,-7.984143
30.386512,-7.366482,-7.915864
30.418115,-7.379191,-7.854063
30.421701,-7.392554,-7.782851
30.430578,-7.414261,-7.722250
30.459033,-7.407390,-7.641724
30.483833,-7.433876,-7.566699
30.491351,-7.434992,-7.495849
30.514978,-7.446747,-7.422544
30.517282,-7.455976,-7.353399
30.515379,-7.448999,-7.263986
30.553649,-7.460025,-7.200947
30.563305,-7.477896,-7.128611
30.588553,-7.478243,-7.074177
30.611381,-7.493884,-6.991149
30.605063,-7.487378,-6.912721
30.616064,-7.509528,-6.839741
30.653287,-7.513368,-6.785924
30.644736,-7.512899,-6.704656
30.661157,-7.505491,-6.635380
30.674656,-7.519560,-6.558335
30.676450,-7.532605,-6.491687
30.700153,-7.545967,-6.424874
30.719573,-7.542467,-6.342887
30.734775,-7.543562,-6.280193
30.749044,-7.565592,-6.204459
30.763208,-7.536918,-6.124568
30.767261,-7.555216,-6.050164
30.799346,-7.545334,-5.962621
30.801230,-7.549104,-5.912090
30.815036,-7.554065,-5.847923
30.810800,-7.565030,-5.768968
30.828532,-7.556909,-5.709979
30.873341,-7.576839,-5.622719
30.874822,-7.575981,-5.557713
30.883530,-7.557933,-5.494139
30.881727,-7.568367,-5.404199
30.913449,-7.577889,-5.328014
30.912718,-7.559307,-5.264935
30.921915,-7.586893,-5.204017
30.957072,-7.576102,-5.131380
30.930602,-7.552733,-5.059046
30.948019,-7.577930,-4.976911
30.977443,-7.581105,-4.904563
30.981765,-7.564262,-4.830413
31.021910,-7.573166,-4.771504
31.017469,-7.566391,-4.695558
31.009088,-7.587035,-4.604996
31.025259,-7.571001,-4.555383
31.042926,-7.574375,-4.469509
31.060476,-7.573645,-4.396714
31.050684,-7.566033,-4.343945
31.087993,-7.581108,-4.270411
31.077966,-7.552895,-4.183835
31.092767,-7.534006,-4.113652
31.096387,-7.552708,-4.065469
31.131525,-7.552055,-3.979609
31.128695,-7.533916,-3.909606
31.131198,-7.560564,-3.830168
31.154330,-7.520792,-3.771913
31.161907,-7.534076,-3.685496
31.150555,-7.529896,-3.619849
31.177749,-7.532760,-3.541912
31.179249,-7.526220,-3.476461
31.172350,-7.501126,-3.406994
31.194273,-7.510346,-3.329823
31.208974,-7.511549,-3.255161
31.219214,-7.487664,-3.187012
31.233283,-7.491510,-3.110618
31.236719,-7.473853,-3.033485
31.244155,-7.477575,-2.963260
31.243283,-7.459783,-2.880798
31.264250,-7.471532,-2.818296
31.260461,-7.471696,-2.759006
31.276586,-7.458632,-2.686542
31.279557,-7.428513,-2.616680
31.294702,-7.444950,-2.545542
31.320171,-7.434536,-2.491088
31.305033,-7.410790,-2.393661
31.301755,-7.413998,-2.332645
31.322742,-7.414837,-2.244643
31.339233,-7.388336,-2.194835
31.335762,-7.393972,-2.107268
31.346618,-7.352471,-2.047460
31.338701,-7.354910,-1.982737
31.351279,-7.361923,-1.902754
31.362458,-7.339011,-1.832072
31.376566,-7.332592,-1.767909
31.380474,-7.316848,-1.689963
31.374573,-7.307127,-1.611460
31.386583,-7.290852,-1.535357
31.385282,-7.288788,-1.480102
31.405238,-7.281760,-1.389123
31.399375,-7.260519,-1.342189
31.402176,-7.252436,-1.253916
31.415886,-7.249894,-1.183880
31.419978,-7.219062,-1.128103
31.417085,-7.208983,-1.048369
31.426932,-7.204978,-0.987539
31.438100,-7.194193,-0.898310
31.431792,-7.177555,-0.849420
31.441847,-7.156276,-0.757618
31.461779,-7.142220,-0.703150
31.465945,-7.139665,-0.620445
31.455272,-7.117718,-0.585518
31.473704,-7.120664,-0.496559
31.469427,-7.097399,-0.428140
31.466408,-7.091603,-0.346959
31.483404,-7.050721,-0.297013
31.491025,-7.041568,-0.208798
31.479871,-7.015230,-0.139010
31.487091,-7.019911,-0.059598
31.477471,-7.009032,-0.022126
31.493851,-6.975019,0.068196
31.488319,-6.972621,0.143172
31.512454,-6.958642,0.217875
31.504835,-6.926302,0.254635
31.491131,-6.905348,0.371556
31.509898,-6.894406,0.426108
31.518504,-6.859299,0.478722
31.505591,-6.868115,0.549305
31.516347,-6.823731,0.614305
31.511711,-6.809898,0.690969
31.496444,-6.802132,0.751523
31.511160,-6.783781,0.832768
31.542589,-6.760477,0.892873
31.536137,-6.734908,0.963861
31.547352,-6.725634,1.036800
31.534892,-6.704815,1.109387
31.534389,-6.667524,1.176108
31.538681,-6.657213,1.234652
31.536890,-6.659870,1.312937
31.555421,-6.641674,1.373920
31.551175,-6.601602,1.444325
31.538288,-6.593410,1.512201
31.558910,-6.581236,1.578223
31.563767,-6.540830,1.646246
31.554507,-6.519235,1.719195
31.552059,-6.508127,1.777028
31.545947,-6.453708,1.853203
31.540837,-6.447668,1.929357
31.561046,-6.426207,2.002084
31.559548,-6.421800,2.073167
31.546634,-6.372780,2.122141
31.548710,-6.368402,2.199309
31.551107,-6.331412,2.264558
31.552935,-6.323958,2.330066
31.555008,-6.304223,2.399159
31.548470,-6.274469,2.462472
31.553826,-6.247783,2.530463
31.554523,-6.237899,2.592882
31.565012,-6.186727,2.671463
31.553901,-6.159733,2.744573
31.552263,-6.151370,2.805975
31.550909,-6.120415,2.862887
31.544660,-6.092791,2.946133
31.538681,-6.078742,2.995414
31.539776,-6.021408,3.068144
31.522675,-6.032261,3.131925
31.540388,-5.978556,3.215462
31.534978,-5.972060,3.251921
31.561803,-5.937580,3.326174
31.504179,-5.905231,3.412856
31.529656,-5.887808,3.447557
31.521101,-5.850066,3.522530
31.530012,-5.810801,3.584331
31.510271,-5.789624,3.665900
31.508171,-5.780805,3.738690
31.511075,-5.748388,3.813142
31.514475,-5.699199,3.852686
31.508821,-5.681288,3.921625
31.506539,-5.656918,3.984693
31.510006,-5.616091,4.041819
31.509160,-5.587066,4.111211
31.493738,-5.561538,4.185034
31.481906,-5.534759,4.262694
31.493921,-5.507262,4.300744
31.497274,-5.492336,4.369120
31.503707,-5.429735,4.420964
31.458276,-5.397224,4.508515
31.475355,-5.387529,4.569418
31.472682,-5.356154,4.645334
31.482267,-5.315936,4.698160
31.463733,-5.292418,4.767141
31.465196,-5.266390,4.811273
31.460649,-5.248757,4.867943
31.444207,-5.212857,4.951439
31.453223,-5.172035,5.005188
31.439060,-5.129709,5.062855
31.422703,-5.108442,5.141347
31.412335,-5.067189,5.197328
31.431639,-5.041041,5.268435
31.432366,-5.004556,5.342606
31.411973,-4.978786,5.401615
31.415949,-4.940363,5.455515
31.408363,-4.914527,5.524549
31.403943,-4.884930,5.569786
31.397214,-4.830240,5.643861
31.393361,-4.792138,5.711425
31.367415,-4.764431,5.758828
31.383010,-4.749338,5.807170
31.390346,-4.680043,5.874273
31.377024,-4.655711,5.943809
31.355462,-4.631907,6.009934
31.346970,-4.599899,6.074647
31.339590,-4.562691,6.121322
31.333718,-4.528333,6.188864
31.325834,-4.486356,6.237196
31.328740,-4.448544,6.298426
31.324610,-4.413556,6.385502
31.314798,-4.375018,6.423655
31.312112,-4.336407,6.498397
31.296530,-4.312321,6.558286
31.287835,-4.257419,6.615836
31.265721,-4.218555,6.667578
31.267635,-4.171711,6.735675
31.260066,-4.160335,6.793228
31.249939,-4.116613,6.852554
31.240350,-4.070591,6.905648
31.248275,-4.020710,6.959254
31.230252,-3.987435,7.038133
31.212519,-3.958980,7.068038
31.200047,-3.941565,7.147869
31.206010,-3.878378,7.198590
31.185373,-3.859228,7.252678
31.178334,-3.814191,7.319627
31.186181,-3.768292,7.382138
31.165649,-3.741965,7.433775
31.173850,-3.689049,7.498845
31.159468,-3.646256,7.581025
31.131552,-3.621378,7.618104
31.119131,-3.579637,7.682314
31.141869,-3.525340,7.712765
31.115651,-3.482705,7.805822
31.107519,-3.458269,7.857475
31.101137,-3.413259,7.917646
31.078574,-3.370176,7.955817
31.071815,-3.313164,8.021416
31.067746,-3.288315,8.067237
31.078865,-3.235417,8.138429
31.049868,-3.192158,8.195064
31.030800,-3.162191,8.231764
31.015215,-3.111548,8.298007
31.010128,-3.072475,8.353541
31.006891,-3.017157,8.408525
30.991627,-2.995191,8.446925
30.968061,-2.967432,8.510889
30.975322,-2.902940,8.580991
30.955785,-2.872361,8.635993
30.945678,-2.815476,8.699337
30.939110,-2.775055,8.747480
30.912624,-2.734217,8.785461
30.905635,-2.680637,8.834292
30.896919,-2.627300,8.914788
30.891868,-2.601475,8.954191
30.860937,-2.553386,9.015324
30.857637,-2.511006,9.080900
30.839098,-2.481560,9.138521
30.829854,-2.416561,9.185462
30.818528,-2.369602,9.226071
30.816298,-2.330568,9.289486
30.787118,-2.268256,9.335871
30.784779,-2.240709,9.380024
30.774264,-2.176442,9.440259
30.757171,-2.141234,9.491129
30.745128,-2.082493,9.558470
30.736825,-2.041563,9.593731
30.717203,-2.005762,9.649795
30.712657,-1.965189,9.720615
30.685955,-1.921552,9.754189
30.695695,-1.867053,9.820173
30.687621,-1.825658,9.841909
30.643721,-1.785172,9.901692
30.622345,-1.732556,9.935840
30.621513,-1.692072,10.006743
30.610691,-1.649973,10.057286
30.600644,-1.585607,10.099293
30.577744,-1.529002,10.171725
30.571820,-1.497135,10.227300
30.536556,-1.433922,10.262937
30.524106,-1.391182,10.330076
30.514709,-1.351117,10.363692
30.527885,-1.292684,10.414028
30.494739,-1.239150,10.474816
30.483231,-1.192409,10.514633
30.471204,-1.145984,10.567009
30.465438,-1.095571,10.616254
30.426169,-1.051924,10.670702
30.409871,-1.019470,10.721188
30.390858,-0.961953,10.754485
30.410823,-0.912645,10.814670
30.387376,-0.869484,10.854304
30.353364,-0.786175,10.917279
30.321989,-0.753567,10.969903
30.336401,-0.705105,11.006002
30.324033,-0.659699,11.050505
30.279638,-0.595986,11.080162
30.269307,-0.564812,11.130964
30.267738,-0.507771,11.189189
30.241057,-0.478776,11.251474
30.206890,-0.387314,11.288588
30.192978,-0.348417,11.317519
30.195169,-0.303095,11.379177
30.173704,-0.246676,11.435405
30.162948,-0.196614,11.476712
30.125080,-0.148784,11.535443
30.104796,-0.108412,11.569426
30.097378,-0.039478,11.613698
30.096905,0.018574,11.642752
30.080410,0.051090,11.701181
30.055834,0.101801,11.747119
30.044020,0.169719,11.792969
30.019623,0.217365,11.815373
29.981987,0.287303,11.865545
29.979337,0.309394,11.922809
29.948395,0.374378,11.989370
29.927985,0.425464,12.020975
29.943371,0.492303,12.044305
29.905945,0.530141,12.096855
29.878625,0.584614,12.146858
29.848889,0.633443,12.196433
29.847373,0.717735,12.237116
29.827158,0.746256,12.286621
29.808169,0.804623,12.304338
29.777604,0.860719,12.357323
29.769124,0.906417,12.390690
29.743966,0.956728,12.437576
29.732002,1.029342,12.479044
29.714720,1.069083,12.520991
29.695197,1.135219,12.567173
29.676104,1.178868,12.623363
29.642848,1.233577,12.647747
29.633157,1.286386,12.679610
29.615667,1.366429,12.727271
29.596635,1.403671,12.773664
29.575287,1.456195,12.814200
29.541283,1.529392,12.856294
29.544389,1.570816,12.902791
29.496417,1.633751,12.942186
29.498341,1.692109,12.997995
29.472390,1.737428,13.015171
29.465282,1.786795,13.055453
29.419342,1.840187,13.090169
29.423911,1.893986,13.129854
29.376878,1.972737,13.186347
29.360497,1.999971,13.217485
29.342845,2.088608,13.239862
29.321581,2.144232,13.286161
29.302313,2.195469,13.337641
29.277063,2.248582,13.374663
29.268222,2.279621,13.418961
29.229333,2.364125,13.445104
29.217977,2.413676,13.469791
29.191901,2.488957,13.510671
29.179189,2.528443,13.534477
29.146212,2.583512,13.576840
29.130535,2.645072,13.622559
29.100560,2.703145,13.654300
29.071565,2.742098,13.695325
29.037087,2.811917,13.730711
29.045373,2.885226,13.757713
28.996741,2.923565,13.815609
28.978312,2.977716,13.830019
28.978498,3.054677,13.869997
28.943517,3.095102,13.898545
28.922046,3.166999,13.936376
28.907112,3.228206,13.974027
28.878476,3.277506,14.010696
28.836374,3.326979,14.071932
28.836595,3.397287,14.080279
28.794972,3.459545,14.119015
28.785452,3.502128,14.136762
28.762712,3.566982,14.166374
28.732094,3.639358,14.203848
28.717280,3.688096,14.248618
28.683952,3.760226,14.291283
28.664735,3.794890,14.310956
28.643091,3.865245,14.350486
28.606043,3.909584,14.372386
28.593153,3.990637,14.426740
28.567734,4.052128,14.448523
28.551743,4.107011,14.477358
28.502015,4.175535,14.501692
28.493084,4.235496,14.542071
28.471179,4.274124,14.567361
28.446704,4.331377,14.579582
28.420099,4.404917,14.640642
28.369586,4.466712,14.670862
28.378124,4.521490,14.679406
28.325078,4.569683,14.712984
28.309510,4.630080,14.748815
28.294625,4.709803,14.757813
28.274944,4.763696,14.824325
28.234316,4.836382,14.823127
28.212982,4.889085,14.864765
28.181027,4.951957,14.887650
28.162411,4.995033,14.914175
28.151655,5.080925,14.948014
28.099206,5.103989,14.964408
28.099049,5.186157,14.996520
28.066802,5.239748,15.028591
28.034148,5.309861,15.054341
27.995717,5.360897,15.118214
27.971561,5.444248,15.123810
27.959357,5.487022,15.121814
27.921779,5.568347,15.187036
27.908073,5.624052,15.206715
27.860010,5.665922,15.223279
27.837925,5.735241,15.265322
27.823963,5.775308,15.272650
27.810922,5.874655,15.307387
27.755994,5.908081,15.311423
27.738706,5.998443,15.355186
27.702418,6.046165,15.389000
27.685148,6.108687,15.413722
27.663338,6.165669,15.431345
27.642094,6.235876,15.471584
27.593024,6.257266,15.467363
27.563586,6.340473,15.511180
27.528723,6.425731,15.535730
27.518878,6.460914,15.551764
27.488702,6.548178,15.585258
27.444548,6.601787,15.587495
27.424274,6.672172,15.627667
27.402316,6.737515,15.628083
27.371329,6.786336,15.679944
27.358061,6.855458,15.683676
27.329245,6.905393,15.709833
27.282992,6.986714,15.728686
27.266924,7.031002,15.770963
27.232582,7.095933,15.788790
27.174175,7.163431,15.800495
27.180190,7.233050,15.806630
27.148122,7.280943,15.854307
27.108048,7.354261,15.867240
27.105212,7.403948,15.894111
27.050058,7.458870,15.908058
27.007994,7.551675,15.920106
26.997631,7.610894,15.948076
26.969126,7.673569,15.959915
26.953224,7.738587,15.997571
26.927576,7.795537,16.005147
26.868697,7.869432,16.025743
26.855572,7.906518,16.047366
26.808701,7.973041,16.064081
26.785520,8.036224,16.069490
26.750662,8.101511,16.111792
26.739350,8.163912,16.116997
26.701905,8.238712,16.129337
26.686519,8.297115,16.148251
26.637529,8.364002,16.163499
26.606795,8.421721,16.195063
26.568035,8.474063,16.177288
26.546039,8.573885,16.219028
26.515820,8.599429,16.238479
26.485837,8.675138,16.239630
26.455705,8.722377,16.283915
26.416508,8.787685,16.287664
26.386723,8.859145,16.292867
26.362130,8.931603,16.312184
26.319403,8.995070,16.336552
26.297444,9.038249,16.336531
26.271613,9.122322,16.352894
26.225895,9.186626,16.385462
26.197102,9.265654,16.386438
26.161195,9.297044,16.410536
26.145060,9.356671,16.437221
26.116883,9.441691,16.424979
26.061271,9.497106,16.450581
26.041926,9.563040,16.472107
26.004066,9.637624,16.493266
25.988323,9.691961,16.497002
25.948930,9.762786,16.514593
25.915772,9.804827,16.510123
25.871142,9.898208,16.534594
25.848963,9.956345,16.547333
25.829332,9.996144,16.560995
25.789788,10.073668,16.567854
25.747343,10.130248,16.583654
25.721708,10.177534,16.583365
25.695618,10.263252,16.606377
25.637534,10.324473,16.632676
25.623428,10.372443,16.636514
25.584738,10.466681,16.629612
25.555176,10.525288,16.664417
25.549410,10.577011,16.657537
25.483626,10.645618,16.657522
25.454640,10.711930,16.671072
25.430271,10.757592,16.677190
25.381077,10.840143,16.683481
25.355543,10.888751,16.698647
25.327342,10.955668,16.719490
25.291042,11.031761,16.733728
25.258308,11.072864,16.721017
25.229577,11.137982,16.729729
25.198561,11.224542,16.739550
25.145837,11.281784,16.766390
25.120701,11.350895,16.765041
25.095800,11.386019,16.768183
25.034367,11.466127,16.785357
25.017973,11.544519,16.806097
24.966168,11.591912,16.793018
24.942973,11.650094,16.802007
24.895411,11.709740,16.818824
24.872543,11.772571,16.829142
24.852953,11.841351,16.826794
24.817257,11.910059,16.816517
24.753831,11.982284,16.844338
24.750230,12.043826,16.846208
24.696749,12.100836,16.857533
24.658932,12.175214,16.850134
24.624736,12.236818,16.863561
24.591106,12.295442,16.870220
24.571931,12.364679,16.859068
24.532692,12.431379,16.868679
24.494980,12.482872,16.903443
24.464011,12.556539,16.878736
24.425856,12.613576,16.880450
24.379314,12.674790,16.880557
24.353424,12.763530,16.879764
24.307443,12.803433,16.888875
24.272634,12.871817,16.891676
24.241034,12.936776,16.904321
24.215598,13.002997,16.898993
24.176253,13.070820,16.914764
24.106650,13.128764,16.916381
24.113735,13.177487,16.922596
24.060979,13.259010,16.914223
24.033805,13.310091,16.913155
23.996002,13.385068,16.920542
23.949334,13.428791,16.917455
23.914009,13.500517,16.925638
23.870115,13.572641,16.927358
23.850468,13.645508,16.924803
23.813003,13.686423,16.934779
23.751180,13.749771,16.908715
23.749313,13.836554,16.913012
23.697273,13.889678,16.926302
23.663448,13.954997,16.918435
23.627974,13.996462,16.916622
23.594699,14.064108,16.925909
23.542964,14.136825,16.931905
23.513395,14.205798,16.919999
23.467076,14.262849,16.933914
23.434588,14.315843,16.908183
23.403187,14.388656,16.927074
23.373931,14.460280,16.922089
23.314681,14.513628,16.923599
23.284529,14.585472,16.907066
23.256639,14.631045,16.886183
23.213064,14.699595,16.912527
23.182744,14.761388,16.909521
23.127044,14.822848,16.911025
23.116458,14.908946,16.907602
23.080636,14.970541,16.905354
23.032095,15.004245,16.895876
22.995139,15.079653,16.900391
22.941970,15.132151,16.871152
22.899982,15.197955,16.904263
22.878520,15.263740,16.872078
22.836071,15.328338,16.867631
22.774340,15.379161,16.865049
22.758366,15.443717,16.861503
22.712418,15.518995,16.865562
22.685047,15.568486,16.852287
22.645601,15.624453,16.839367
22.600661,15.686568,16.855454
22.580188,15.753529,16.833104
22.523703,15.823630,16.824875
22.468955,15.885589,16.824720
22.421032,15.941459,16.814790
22.420340,16.006986,16.800878
22.350240,16.052306,16.803903
22.330155,16.149732,16.790972
22.294180,16.196444,16.765363
22.252206,16.254961,16.755312
22.207076,16.298427,16.777218
22.160025,16.374435,16.760696
22.133390,16.432958,16.782466
22.087174,16.491127,16.757411
22.051359,16.543505,16.754848
22.010502,16.614909,16.720511
21.974285,16.671379,16.729468
21.931936,16.747162,16.707856
21.898597,16.802654,16.694723
21.844910,16.851539,16.698905
21.809254,16.925549,16.697026
21.748288,16.986720,16.692206
21.736177,17.052654,16.668623
21.704061,17.108940,16.656577
21.651537,17.166076,16.644394
21.620809,17.225955,16.642596
21.586919,17.278888,16.617366
21.558440,17.346087,16.612042
21.510844,17.422596,16.601673
21.448107,17.449579,16.593715
21.428449,17.529112,16.590081
21.371165,17.574074,16.560878
21.324132,17.629481,16.568036
21.287653,17.708919,16.553786
21.250159,17.766856,16.558913
21.213900,17.821750,16.540686
21.174569,17.879046,16.513973
21.127122,17.929881,16.500847
21.088163,17.999878,16.502760
21.056797,18.053527,16.479297
21.002745,18.136575,16.476668
20.964862,18.188764,16.463356
20.922426,18.218444,16.425560
20.867209,18.295642,16.431412
20.839020,18.347462,16.406511
20.793330,18.414017,16.408998
20.761018,18.474890,16.381945
20.720003,18.552568,16.364237
20.681680,18.592555,16.339478
20.639383,18.644216,16.343699
20.588964,18.719765,16.312776
20.585626,18.770270,16.330530
20.501815,18.833159,16.278925
20.467742,18.881195,16.287117
20.418785,18.939446,16.281625
20.396790,18.994712,16.256881
20.352031,19.072115,16.231766
20.307212,19.109736,16.220189
20.261053,19.177190,16.202325
20.193387,19.208536,16.192662
20.182236,19.284741,16.179522
20.149457,19.355833,16.144919
20.097774,19.394018,16.131586
20.040465,19.464817,16.133027
20.018413,19.498491,16.126532
19.957922,19.583620,16.087168
19.910475,19.638757,16.066874
19.882156,19.693236,16.045284
19.848418,19.760811,16.031185
19.793821,19.814835,16.001399
19.752887,19.856326,16.009370
19.723876,19.925004,15.980764
19.670489,19.970199,15.943881
19.634117,20.039467,15.935503
19.577692,20.093936,15.921724
19.526674,20.143497,15.908337
19.498752,20.203030,15.881537
19.449558,20.269750,15.862632
19.421740,20.325200,15.845245
19.367731,20.359375,15.823236
19.324787,20.431598,15.790116
19.274161,20.476877,15.793099
19.240139,20.536109,15.764680
19.191803,20.584555,15.755963
19.166230,20.662698,15.723260
19.109301,20.716851,15.700222
19.060515,20.774676,15.680839
19.026269,20.823495,15.664591
18.987203,20.862794,15.640962
18.933779,20.923819,15.621915
18.898802,20.978699,15.573595
18.856023,21.029798,15.580114
18.795876,21.087722,15.553168
18.761992,21.154757,15.539798
18.730423,21.211540,15.507365
18.677766,21.251947,15.481900
18.634407,21.310405,15.455958
18.603513,21.374513,15.440010
18.531885,21.420292,15.395216
18.496249,21.477285,15.396854
18.454648,21.527971,15.385841
18.420712,21.570496,15.347965
18.355092,21.635982,15.342320
18.334373,21.678204,15.318113
18.293262,21.747677,15.267868
18.253566,21.803143,15.271557
18.183652,21.845444,15.240526
18.149352,21.914113,15.188022
18.101146,21.959924,15.186249
18.076392,22.014127,15.165916
18.023315,22.054454,15.138280
17.967185,22.118705,15.120529
17.909487,22.168077,15.075439
17.899845,22.221184,15.055183
17.855364,22.289115,15.055169
17.777657,22.332533,15.020534
17.761581,22.385877,15.004660
17.712328,22.444388,14.965363
17.668951,22.485915,14.950745
17.618746,22.534732,14.903460
17.567878,22.590913,14.882094
17.535749,22.632417,14.858206
17.501303,22.696960,14.822778
17.429820,22.753068,14.805657
17.382359,22.796403,14.764820
17.354454,22.848358,14.742082
17.299113,22.902643,14.720424
17.258771,22.944245,14.711774
17.208730,23.005741,14.678660
17.174660,23.048486,14.622291
17.142597,23.102997,14.610601
17.081306,23.156755,14.611026
17.033491,23.208061,14.560528
16.999852,23.269832,14.527496
16.956582,23.310453,14.505608
16.919270,23.337673,14.488383
16.860002,23.390247,14.458957
16.802846,23.438414,14.434905
16.773853,23.515090,14.420780
16.749933,23.563017,14.356170
16.686968,23.590516,14.328296
16.634189,23.654917,14.317037
16.580441,23.709924,14.275021
16.525960,23.750423,14.237472
16.479512,23.791159,14.229978
16.447175,23.853483,14.190041
16.403203,23.901523,14.152705
16.338741,23.941601,14.128093
16.312056,24.016354,14.100249
16.266030,24.052738,14.081058
16.214756,24.092944,14.038510
16.172646,24.126436,14.004801
16.140020,24.196363,13.977483
16.085920,24.236733,13.933472
16.050499,24.268701,13.926715
16.008793,24.351675,13.898408
15.943455,24.381848,13.863260
15.881358,24.425522,13.827151
15.864593,24.468890,13.802225
15.831082,24.524729,13.743130
15.764752,24.575125,13.728777
15.726762,24.614071,13.712313
15.663712,24.676098,13.679481
15.614576,24.732561,13.634695
15.580535,24.752401,13.612681
15.537241,24.804049,13.576691
15.475496,24.847670,13.536787
15.443049,24.909929,13.500258
15.394550,24.950572,13.472668
15.339587,24.995548,13.437642
15.292919,25.053213,13.423166
15.237835,25.087042,13.399792
15.205825,25.118692,13.346220
15.155773,25.159730,13.307046
15.110620,25.212469,13.301736
15.061202,25.257719,13.254583
15.032452,25.287991,13.205628
14.967382,25.369195,13.176850
14.923340,25.382467,13.138060
14.874993,25.444142,13.110317
14.837524,25.496394,13.074447
14.781627,25.518573,13.050200
14.727270,25.564965,13.012650
14.692820,25.610494,12.974308
14.652978,25.668836,12.939558
14.610209,25.712281,12.904150
14.562712,25.755271,12.874968
14.491573,25.785195,12.823570
14.458006,25.845384,12.826991
14.426618,25.884451,12.772526
14.372850,25.907597,12.725237
14.326993,25.964459,12.696213
14.264227,26.021363,12.687746
14.216741,26.059792,12.630629
14.165829,26.092475,12.594712
14.134201,26.139476,12.557283
14.066539,26.158707,12.507048
14.046196,26.219947,12.484080
13.985563,26.266456,12.447074
13.945101,26.314512,12.428978
13.893909,26.365490,12.379054
13.851415,26.390708,12.364009
13.810560,26.439557,12.310830
13.769712,26.493046,12.248280
13.713886,26.500450,12.245032
13.680173,26.572913,12.194496
13.619158,26.593029,12.140195
13.558746,26.644883,12.143734
13.529943,26.691454,12.100567
13.481312,26.712718,12.036225
13.425972,26.768024,12.004342
13.373834,26.805360,11.974669
13.337464,26.832058,11.952957
13.288666,26.877900,11.896266
13.225019,26.936258,11.881852
13.179582,26.954243,11.834330
13.151039,27.004398,11.796299
13.084305,27.035397,11.741436
13.053982,27.079262,11.703560
13.004593,27.120790,11.686142
12.966843,27.159507,11.649406
12.904598,27.185483,11.609132
12.866471,27.241691,11.569722
12.814969,27.276468,11.518495
12.777548,27.315450,11.486141
12.722708,27.352135,11.433260
12.652281,27.368200,11.410076
12.606932,27.424028,11.378952
12.565413,27.482246,11.343649
12.519609,27.490317,11.297251
12.490597,27.544636,11.260416
12.459307,27.566834,11.217385
12.389473,27.621793,11.178026
12.329439,27.646796,11.138469
12.292399,27.692825,11.094639
12.255099,27.724460,11.067388
12.198081,27.766528,11.024296
12.153495,27.800214,10.986376
12.095632,27.845979,10.944416
12.044793,27.858853,10.921924
11.998099,27.884306,10.846299
11.954725,27.936734,10.816868
11.901286,27.996100,10.781955
11.855625,28.011595,10.743040
11.815851,28.049017,10.696839
11.759483,28.089283,10.662363
11.717250,28.103271,10.621190
11.662277,28.156057,10.589298
11.628797,28.193546,10.549472
11.589523,28.214655,10.502600
11.530240,28.234038,10.431633
11.490162,28.307554,10.432392
11.447791,28.326465,10.391783
11.387266,28.362382,10.346109
11.327878,28.401371,10.305488
11.286227,28.433279,10.252960
11.250237,28.456722,10.223495
11.187784,28.486852,10.176493
11.134308,28.526571,10.134992
11.088713,28.562030,10.094670
11.040969,28.608762,10.047011
10.989932,28.647255,10.019750
10.927546,28.659628,9.960436
10.896042,28.705284,9.907445
10.851609,28.735914,9.889977
10.810695,28.749962,9.848675
10.758282,28.783958,9.795922
10.718050,28.826208,9.757734
10.664626,28.855041,9.712600
10.630080,28.892288,9.665759
10.556551,28.908232,9.638676
10.516325,28.958262,9.613342
10.467985,28.981627,9.564763
10.395727,29.012006,9.519338
10.365660,29.047346,9.487038
10.328951,29.077531,9.436113
10.279055,29.129349,9.398124
10.218863,29.145551,9.334380
10.166445,29.159377,9.296317
10.133450,29.187956,9.242940
10.101446,29.216939,9.212432
10.033596,29.239603,9.153597
9.993138,29.266258,9.139616
9.953307,29.324383,9.077934
9.878613,29.355832,9.023397
9.840674,29.377185,8.992861
9.788700,29.394215,8.938967
9.735372,29.437175,8.922027
9.699546,29.442383,8.874555
9.649836,29.512003,8.818901
9.587650,29.503576,8.766372
9.554202,29.570972,8.738937
9.518385,29.580755,8.712815
9.451333,29.609734,8.643938
9.399273,29.646141,8.627520
9.354078,29.679803,8.563499
9.309732,29.688960,8.520909
9.280699,29.720177,8.485200
9.224173,29.748758,8.444671
9.168340,29.768301,8.392061
9.135177,29.803554,8.335051
9.063416,29.815604,8.313479
9.023820,29.861948,8.243259
8.981751,29.897965,8.211831
8.946636,29.896407,8.183706
8.873986,29.919601,8.107467
8.837603,29.975795,8.085843
8.791466,29.998280,8.048951
8.743896,30.018328,7.998970
8.673613,30.021151,7.946218
8.639019,30.078650,7.914462
8.608349,30.096024,7.862323
8.543931,30.125860,7.829977
8.476887,30.135978,7.782033
8.418697,30.147604,7.739490
8.388495,30.198895,7.677342
8.349986,30.213435,7.639391
8.309937,30.231115,7.606712
8.266115,30.275257,7.547977
8.193565,30.280418,7.509945
8.162840,30.297276,7.449458
8.115490,30.317785,7.428242
8.055693,30.353172,7.394276
8.009506,30.373552,7.331401
7.975088,30.405840,7.301617
7.917670,30.424448,7.260797
7.885006,30.443654,7.238684
7.834195,30.458689,7.189323
7.808692,30.468059,7.152705
7.777345,30.479917,7.126564
7.734343,30.522378,7.108691
7.702469,30.518045,7.070486
7.669270,30.531207,7.068815
7.626120,30.543749,7.020731
7.593238,30.565170,7.002426
7.572244,30.564763,6.976627
7.572565,30.585076,6.961098
7.509216,30.606075,6.973109
7.516690,30.597823,6.944303
7.474651,30.599557,6.928587
7.449497,30.613601,6.910847
7.443300,30.644701,6.898512
7.415953,30.624575,6.875869
7.395764,30.631924,6.889102
7.387134,30.629591,6.867534
7.356803,30.662668,6.846031
7.363225,30.653041,6.828581
7.346348,30.656759,6.828642
7.331623,30.670991,6.827787
7.319728,30.667901,6.790419
7.304750,30.671807,6.809486
7.302823,30.694887,6.799138
7.278178,30.689669,6.783594
7.274719,30.679212,6.791395
7.265419,30.703337,6.775972
7.251407,30.699064,6.773207
7.270832,30.693792,6.759157
7.253491,30.703941,6.765171
7.225524,30.704144,6.751824
7.227404,30.708217,6.753173
7.230930,30.706151,6.733788
7.228389,30.720440,6.751553
7.209953,30.694035,6.717515
7.215587,30.710175,6.719859
7.207707,30.707266,6.712905
7.205660,30.724090,6.719551
7.181524,30.728075,6.705398
7.193572,30.723005,6.691617
7.182542,30.734080,6.693054
7.184139,30.709382,6.696004
7.167131,30.720827,6.681720
7.177343,30.731778,6.685746
7.153971,30.748612,6.680592
7.175307,30.746796,6.688066
7.159756,30.750606,6.653994
7.166168,30.742067,6.658010
7.158348,30.743565,6.634512
7.148519,30.748913,6.649887
7.153735,30.748474,6.650977
7.152723,30.749078,6.648674
7.130567,30.745493,6.659787
7.153309,30.769731,6.655685
7.112015,30.738560,6.625459
7.115378,30.743046,6.635511
7.116456,30.759004,6.634686
7.109527,30.765918,6.627725
7.115622,30.767010,6.617275
7.119171,30.762522,6.621649
7.128408,30.767608,6.614249
7.113433,30.770507,6.606814
7.090828,30.775362,6.617938
7.107181,30.770520,6.607709
7.115241,30.764504,6.609319
7.099380,30.783798,6.580729
7.102531,30.776012,6.603292
7.098429,30.762074,6.575483
7.100364,30.773301,6.586512
7.093534,30.784217,6.583868
7.094449,30.801171,6.564398
7.112340,30.766293,6.591221
7.078025,30.782670,6.557284
7.066133,30.781034,6.565350
7.077006,30.786678,6.549315
7.081811,30.782149,6.560365
7.076286,30.794966,6.565547
7.067359,30.789463,6.552282
7.052449,30.790981,6.563847
7.064640,30.774390,6.542166
7.055162,30.774033,6.546828
7.060169,30.774894,6.532755
7.057233,30.793180,6.525271
7.056787,30.785359,6.538634
7.045791,30.815486,6.541602
7.052710,30.794950,6.516702
7.060270,30.819029,6.514790
7.041933,30.784459,6.507542
7.021698,30.822580,6.514395
7.048022,30.807589,6.510228
7.026731,30.811002,6.491911
7.052552,30.817524,6.506321
7.030765,30.798039,6.492143
7.035762,30.810817,6.489338
7.024836,30.792131,6.492473
7.018644,30.810929,6.520704
7.010797,30.819074,6.508501
7.023709,30.820705,6.478342
7.029134,30.826298,6.485341
7.022708,30.797101,6.468369
6.999056,30.815569,6.466391
7.002886,30.829054,6.488097
7.000696,30.815805,6.480534
7.019381,30.830089,6.472020
7.010196,30.828072,6.463110
7.014559,30.832957,6.452330
7.000194,30.816297,6.461148
6.995952,30.806084,6.461787
7.016072,30.847021,6.459555
6.986745,30.822223,6.461361
6.989000,30.832542,6.439073
6.992045,30.834093,6.440399
6.995203,30.812180,6.437329
6.982453,30.836090,6.427081
6.976931,30.838563,6.451952
6.993840,30.809690,6.433509
7.001175,30.835702,6.413637
6.975869,30.843949,6.424882
6.998083,30.829342,6.431029
6.975618,30.840730,6.415737
6.967867,30.836217,6.406559
6.969529,30.827564,6.432950
6.975360,30.840378,6.418786
6.971125,30.848916,6.395619
6.958523,30.828375,6.408934
6.962957,30.846964,6.407090
6.955238,30.844436,6.420819
6.972374,30.818227,6.411191
6.953587,30.839456,6.383882
6.969056,30.830352,6.400221
6.950918,30.862719,6.376892
6.979560,30.858560,6.393721
6.941791,30.841920,6.381438
6.954048,30.841829,6.374349
6.957157,30.852058,6.377873
6.943228,30.858584,6.375947
6.940352,30.853762,6.365946
6.934752,30.840176,6.360239
6.941968,30.843547,6.361738
6.941305,30.845416,6.357849
6.955600,30.855954,6.375343
6.935278,30.872147,6.378149
6.937496,30.854199,6.359650
6.954580,30.848225,6.341811
6.941674,30.847714,6.364547
6.960493,30.854751,6.379150
6.937021,30.861752,6.347967
6.926801,30.845703,6.343071
6.932865,30.854399,6.324807
6.918020,30.849397,6.347521
6.934599,30.853120,6.332757
6.914480,30.866962,6.331019
6.897900,30.861010,6.340626
6.925830,30.879609,6.345700
6.933192,30.871306,6.329173
6.920819,30.875931,6.336568
6.903991,30.873724,6.334238
6.909191,30.874195,6.319536
6.914701,30.876536,6.317289
6.914858,30.891269,6.312829
6.914940,30.854111,6.317349
6.913733,30.862676,6.313547
6.906329,30.867889,6.314545
6.908697,30.879893,6.299425
6.890505,30.858948,6.290807
6.902835,30.870315,6.285017
6.901488,30.887974,6.291441
6.898083,30.890334,6.320893
6.886637,30.892527,6.280820
6.883077,30.883758,6.297144
6.895557,30.886933,6.298187
6.892100,30.885360,6.291958
6.895146,30.898479,6.282736
6.909795,30.874911,6.284385
6.889233,30.880921,6.280264
6.896877,30.878146,6.290440
6.896937,30.880504,6.272741
6.878327,30.903441,6.267387
6.871560,30.873335,6.287328
6.902579,30.883979,6.277722
6.879891,30.889168,6.273308
6.886119,30.877065,6.281131
6.880321,30.874608,6.260047
6.889338,30.902658,6.259849
6.847280,30.882210,6.253421
6.875391,30.891571,6.267466
6.891196,30.899913,6.247837
6.887644,30.882584,6.267694
6.872488,30.902698,6.262645
6.875037,30.882990,6.247130
6.880573,30.881552,6.247937
6.868785,30.903972,6.270389
6.867901,30.903756,6.250756
6.870715,30.893844,6.246615
6.867741,30.880981,6.233406
6.869277,30.901414,6.239100
6.860104,30.899683,6.239404
6.871827,30.886285,6.245272
6.877899,30.894294,6.244884
6.868598,30.887674,6.245817
6.874965,30.901042,6.238252
6.859761,30.915080,6.231906
6.862917,30.909342,6.247954
6.868638,30.921803,6.235283
6.876454,30.916278,6.212636
6.855431,30.909023,6.243149
6.847004,30.905373,6.220075
6.828770,30.919012,6.231469
6.848463,30.928538,6.231839
6.841215,30.929888,6.208722
6.844867,30.916087,6.229077
6.851263,30.909619,6.219599
6.849237,30.909645,6.201023
6.846675,30.923059,6.203838
6.868283,30.911997,6.214373
6.861605,30.909823,6.187905
6.830474,30.906178,6.209806
6.842468,30.916632,6.182808
6.856263,30.911765,6.191786
6.831452,30.894368,6.191890
6.842266,30.905645,6.198193
6.842224,30.901473,6.206476
6.846636,30.898525,6.180051
6.840075,30.911978,6.189629
6.856202,30.897087,6.196971
6.827839,30.923280,6.202206
6.840002,30.914491,6.182600
6.834393,30.937568,6.182423
6.835670,30.919887,6.187384
6.825419,30.905303,6.183049
6.841815,30.908167,6.192689
6.828610,30.934181,6.179834
6.829841,30.913381,6.174763
6.833498,30.920948,6.181178
6.813020,30.918470,6.170354
6.822905,30.944154,6.157123
6.838348,30.905827,6.178483
6.794476,30.916008,6.165426
6.809663,30.923656,6.139369
6.812782,30.909320,6.174037
6.809371,30.930903,6.160154
6.813227,30.925303,6.168217
6.800718,30.914472,6.156046
6.832020,30.925997,6.164783
6.805585,30.917370,6.177690
6.810824,30.929637,6.148207
6.806773,30.927052,6.145576
6.817318,30.936955,6.151221
6.817231,30.934577,6.182374
6.810743,30.915610,6.150841
6.810391,30.928215,6.147589
6.816376,30.933928,6.169947
6.819988,30.914254,6.141883
6.810628,30.944707,6.142336
6.797946,30.946773,6.140077
6.808250,30.928822,6.121086
6.809497,30.919171,6.141377
6.814807,30.921484,6.144846
6.819244,30.929779,6.141167
6.787731,30.930628,6.141352
6.819929,30.944284,6.155874
6.799055,30.944688,6.126427
6.792967,30.935577,6.130599
6.814431,30.942267,6.121145
6.801933,30.941588,6.138721
6.809260,30.925149,6.125623
6.788796,30.936275,6.117548
6.799909,30.944096,6.113450
6.796311,30.940164,6.138692
6.802659,30.959849,6.128350
6.791928,30.936604,6.128688
6.785050,30.928122,6.115695
6.794269,30.932604,6.111118
6.789877,30.927016,6.103872
6.787737,30.945065,6.115121
6.804998,30.929125,6.136164
6.803271,30.939199,6.117489
6.789401,30.945203,6.116774
6.785919,30.940536,6.109062
6.785516,30.935130,6.108065
6.799196,30.951031,6.111820
6.789363,30.949432,6.088824
6.797211,30.953527,6.089140
6.800359,30.919657,6.099429
6.796075,30.937953,6.083529
6.808661,30.937242,6.094280
6.780543,30.951724,6.097225
6.786683,30.949977,6.104470
6.787812,30.947300,6.106159
6.785795,30.943819,6.078899
6.799504,30.957755,6.092229
6.775744,30.937278,6.077404
6.785584,30.939678,6.091338
6.786042,30.957914,6.082176
6.774763,30.934263,6.081125
6.789332,30.953883,6.077418
6.797035,30.959391,6.084865
6.773840,30.948365,6.079316
6.775840,30.936873,6.100027
6.781854,30.950729,6.087647
6.776584,30.929586,6.081386
6.763590,30.953586,6.074077
6.792196,30.940927,6.066272
6.765753,30.966643,6.088077
6.776513,30.946269,6.082065
6.784602,30.960511,6.079603
6.777876,30.961532,6.078862
6.775816,30.971207,6.072368
6.768230,30.940501,6.072814
6.761447,30.939773,6.074249
6.783602,30.962260,6.071369
6.792618,30.976350,6.059696
6.763234,30.949660,6.081968
6.763445,30.943202,6.062923
6.779279,30.958481,6.056163
6.758875,30.954992,6.062442
6.777950,30.951673,6.086055
6.771608,30.967520,6.059814
6.770832,30.951751,6.061159
6.782324,30.951462,6.066619
6.761826,30.943454,6.049930
6.742956,30.954380,6.074630
6.766787,30.956987,6.054480
6.782432,30.954722,6.067139
6.772961,30.951339,6.068123
6.746464,30.947725,6.061253
6.763615,30.963310,6.064840
6.767375,30.953065,6.045542
6.754532,30.948794,6.059361
6.777045,30.962684,6.052350
6.763612,30.938533,6.059785
6.749092,30.959012,6.045425
6.760342,30.958927,6.048453
6.771600,30.964988,6.042303
6.756790,30.953789,6.043915
6.763100,30.956084,6.041540
6.760693,30.951625,6.062257
6.751511,30.960723,6.058961
6.751596,30.964292,6.035186
6.757283,30.974280,6.060037
6.746350,30.966538,6.036839
6.767406,30.967936,6.029916
6.769564,30.962898,6.033368
6.726870,30.967743,6.044607
6.746223,30.951315,6.043577
6.738865,30.967427,6.021386
6.761855,30.949793,6.027385
6.752200,30.953435,6.047086
6.749150,30.968100,6.030872
6.765113,30.964082,6.031087
6.759851,30.966436,6.027980
6.755960,30.958753,6.029747
6.747437,30.961155,6.018663
6.741680,30.968206,6.043255
6.769586,30.953999,6.028906
6.729940,30.971862,6.023402
6.748149,30.968467,6.031549
6.767696,30.990370,6.037176
6.754529,30.959209,6.005002
6.738205,30.977174,6.021675
6.747895,30.960927,6.027221
6.743381,30.955115,6.025174
6.747106,30.960881,6.029793
6.751332,30.992839,6.022227
6.755509,30.973760,6.022163
6.757459,30.979339,6.034236
6.756747,30.972402,6.028127
6.743036,30.972298,6.011126
6.741234,30.970317,6.022853
6.755620,30.956676,6.018353
6.746227,30.961339,6.013443
6.751403,30.967500,6.005293
6.733927,30.979253,6.021243
6.746483,30.979071,6.013381
6.746312,30.975406,6.005236
6.742885,30.962722,6.007831
6.763029,30.988394,5.998974
6.747613,30.963948,5.997126
6.730410,30.976923,6.002844
6.729713,30.970057,6.024024
6.738107,30.970746,5.991478
6.744845,30.974507,5.992797
6.737497,30.958299,6.024191
6.722311,30.971566,5.981586
6.744954,30.964030,5.995904
6.753470,30.976411,6.015734
6.738191,30.991162,5.997149
6.732979,30.971527,6.006966
6.749702,30.962759,5.988808
6.750716,30.956935,6.000139
6.763839,30.969965,5.980223
6.745593,30.965174,6.012276
6.726198,30.978070,6.014652
6.734597,30.973521,6.004914
6.752991,30.983070,5.999007
6.726340,30.966785,6.003338
6.742649,30.982736,5.988989
6.745047,30.990873,5.986050
6.724426,30.976243,5.994080
6.732923,30.976019,5.991992
6.723957,30.989098,6.002546
6.736295,30.987087,5.997378
6.729100,30.972074,6.006506
6.729577,30.961977,6.000232
6.718489,30.972856,5.997861
6.717595,30.983054,5.997325
6.742565,30.980847,6.004225
6.734733,30.977666,5.994874
6.733391,30.965769,5.994826
6.759369,30.966061,5.981622
6.720322,30.986914,5.982163
6.723103,30.983240,5.979295
6.727908,30.976529,5.996257
6.714784,30.983591,5.995554
6.737165,30.990747,5.982640
6.726375,30.970494,5.981511
6.728567,30.975792,5.981535
6.747145,30.991350,5.980639
6.729594,30.986238,6.003597
6.715044,30.978090,5.974996
6.724298,30.964718,5.986854
6.715474,30.975413,5.991234
6.722436,30.990036,5.988977
6.737004,30.980353,5.960811
6.726753,30.988770,5.990393
6.732984,30.980026,5.997637
6.719377,30.986202,5.974667
6.731627,30.998453,5.970334
6.727847,30.996273,5.963473
6.719104,30.971052,5.973686
6.735514,30.971229,5.980554
6.729000,30.987754,5.969469
6.726894,30.976621,5.977705
6.703270,30.962187,5.970074
6.726132,30.971359,5.961154
6.728206,30.993096,5.959528
6.729077,30.972254,5.972262
6.710570,30.985019,5.975199
6.747748,30.980485,5.991317
6.737120,30.981055,5.976195
6.708097,30.995420,5.971707
6.717608,31.001095,5.986394
6.720945,30.972880,5.974221
6.737576,30.981044,5.976543
6.722694,31.002979,5.961687
6.720928,30.996014,5.959526
6.714855,30.979211,5.952356
6.720457,30.983408,5.976454
6.730900,30.982515,5.958352
6.734357,30.989749,5.945711
6.738970,30.969871,5.969156
6.707720,30.959492,5.953318
6.722043,30.992367,5.971443
6.723049,30.984310,5.987324
6.730646,30.986569,5.949748
6.732103,30.984629,5.976301
6.708910,31.000814,5.970248
6.722142,30.990976,5.964517
6.729511,30.987018,5.959124
6.719445,30.990190,5.958819
6.722351,30.994990,5.959099
6.706262,31.005813,5.948105
6.721940,30.996349,5.954525
6.720512,30.993883,5.959504
6.722682,30.985854,5.951709
6.708546,30.994695,5.959062
6.725370,30.990403,5.970194
6.711492,30.995117,5.954770
6.716157,30.968680,5.950377
6.727894,31.001345,5.958023
6.711651,30.979715,5.947525
6.711282,30.981196,5.950583
6.705885,30.996684,5.950469
6.721856,30.985810,5.948609
6.697607,30.978277,5.953108
6.715751,30.983105,5.946346
6.705599,30.991894,5.952980
6.701204,30.971384,5.949172
6.723354,30.998186,5.948936
6.698318,30.989102,5.941240
6.712075,30.991588,5.962158
6.735328,30.992357,5.962754
6.698998,30.973991,5.936329
6.708069,30.986910,5.937174
6.707893,30.990533,5.933925
6.722226,30.998821,5.952198
6.703973,30.995670,5.951502
6.719170,30.994464,5.954139
6.716003,30.997471,5.945643
6.724390,30.997384,5.950995
6.700992,31.002718,5.955422
6.703759,30.977258,5.936543
6.711953,30.988694,5.954351
6.715821,30.989900,5.949054
6.713069,30.984753,5.932005
6.716532,30.996638,5.935093
6.710964,31.001707,5.952698
6.711906,31.003663,5.951468
6.705398,30.993760,5.949301
6.710034,30.991843,5.950342
6.704831,31.012785,5.951768
6.701470,30.982853,5.947877
6.717206,30.997099,5.941375
6.702461,30.993874,5.942357
6.713466,30.991773,5.932529
6.707695,30.979333,5.936347
6.724420,30.985089,5.921840
6.709357,31.007842,5.923816
6.699714,30.996967,5.938326
6.694924,30.992188,5.939099
6.701826,30.995040,5.931978
6.713221,30.966693,5.950303
6.713235,30.989225,5.938737
6.700769,30.994904,5.946046
6.724109,31.007207,5.940484
6.692844,31.012052,5.935781
6.709366,30.982834,5.931431
6.708262,30.992583,5.934152
6.686099,30.991741,5.937346
6.701851,30.980658,5.949968
6.695136,31.009310,5.932828
6.703271,30.998610,5.932862
6.697251,30.993943,5.927082
6.699417,30.988687,5.941090
6.689196,31.009724,5.938699
6.693791,31.002453,5.910441
6.703361,31.005886,5.935415
6.704311,30.993016,5.940054
6.692385,31.001119,5.935506
6.722524,31.002803,5.924642
6.713558,31.005753,5.930713
6.689054,31.001352,5.929790
6.717411,31.005224,5.927753
6.693149,31.005501,5.939456
6.701841,30.994065,5.935877
6.706434,30.997742,5.933123
6.709159,30.985789,5.928962
6.693527,31.003240,5.919102
6.703225,30.989996,5.922651
6.719657,31.003881,5.934855
6.692170,31.012150,5.927851
6.691495,30.999090,5.926122
6.688040,31.000745,5.933636
6.705263,31.009548,5.919289
6.697929,30.996374,5.911414
6.701621,31.005381,5.917986
6.709416,30.987194,5.923745
6.708919,30.995238,5.919154
6.703238,31.010784,5.921788
6.688357,30.999561,5.913819
6.709546,31.002022,5.902560
6.682071,30.998198,5.924572
6.716622,31.014404,5.926388
6.682373,31.008149,5.918770
6.687011,31.007013,5.918242
6.710027,31.002123,5.923015
6.690390,30.980802,5.938873
6.710784,30.997806,5.905267
6.685712,30.980177,5.935200
6.694875,31.006332,5.916563
6.704101,30.984861,5.915237
6.707075,31.006457,5.909768
6.691042,31.010341,5.912552
6.683573,31.004771,5.919759
6.699423,31.001680,5.917402
6.701287,30.982154,5.921521
6.693250,31.004012,5.926067
6.697054,30.983211,5.911486
6.705316,31.007561,5.922798
6.705159,31.015602,5.905270
6.704183,30.987759,5.921905
6.695392,31.008020,5.911835
6.700494,31.001940,5.935562
6.701779,30.981531,5.907259
6.698389,30.988853,5.909394
6.682216,31.011032,5.923261
6.701685,31.011898,5.908357
6.676479,31.003090,5.914779
6.698966,31.006838,5.907224
6.694452,31.007308,5.909971
6.688472,31.015745,5.920814
6.692638,30.991456,5.904921
6.691696,30.993746,5.935803
6.705602,31.007087,5.926296
6.696386,31.001963,5.918163
6.705908,31.000229,5.905896
6.695726,30.995614,5.917503
6.700201,31.005075,5.898554
6.705898,31.001236,5.915602
6.683156,30.989711,5.911592
6.701994,30.979654,5.906173
6.697886,31.018140,5.908780
6.692601,31.020589,5.921608
6.696003,30.990547,5.914569
6.700412,31.011535,5.922800
6.702144,31.004963,5.913250
6.694381,31.014337,5.882288
6.697458,31.019031,5.902297
6.702009,30.996190,5.921085
6.691577,30.993695,5.914269
6.686398,30.997826,5.919747
6.703222,31.003734,5.891598
6.673412,30.996555,5.896274
6.689467,30.991358,5.909912
6.691514,31.002393,5.899095
6.696750,31.006800,5.919205
6.683831,31.004359,5.917631
6.682774,31.009582,5.892572
6.678879,31.019135,5.900352
6.678742,31.001486,5.902032
6.690533,30.999502,5.907046
6.694204,31.009391,5.906382
6.672635,31.002417,5.904800
6.688919,31.001307,5.917879
6.685965,31.007158,5.894610
6.692884,31.018395,5.902725
6.675191,31.018324,5.921644
6.689283,31.007097,5.908246
6.683437,31.004871,5.904270
6.713210,31.012244,5.910836
6.693452,31.003434,5.911633
6.689012,30.998549,5.915281
6.696126,30.990057,5.900214
6.700337,31.006575,5.911070
6.685956,30.988976,5.903653
6.670815,31.010140,5.898506
6.700102,31.002103,5.889900
6.692325,31.022439,5.911297
6.702123,31.011761,5.897552
6.700114,30.998385,5.890698
6.694020,31.004006,5.915193
6.685419,30.982928,5.911816
6.694741,30.994049,5.902123
6.674867,31.023709,5.920703
6.687890,30.994467,5.893299
6.689812,30.998551,5.908845
6.691835,31.006018,5.899792
6.690158,30.999099,5.900475
6.690704,30.997046,5.905406
6.683757,31.019634,5.898437
6.705080,30.994462,5.902582
6.688395,30.991482,5.894800
6.681823,30.988212,5.887940
6.684606,30.996164,5.892566
6.687769,30.986811,5.905417
6.705937,31.005746,5.909425
6.681829,30.994371,5.900870
6.682389,31.008670,5.892108
6.683417,31.008736,5.886410
6.682676,30.997672,5.905792
6.697214,31.013224,5.898996
6.691731,30.996232,5.899509
6.686342,30.994978,5.911135
6.696782,30.986022,5.915377
6.691772,30.994898,5.904758
6.690850,31.004736,5.905992
6.682965,31.012147,5.894021
6.675865,31.015204,5.912730
6.670281,31.016299,5.906111
6.701270,31.014078,5.899935
6.683305,31.005766,5.900105
6.702926,31.020372,5.916883
6.683196,31.008823,5.883093
6.687602,31.004798,5.903068
6.675332,31.018203,5.903893
6.695241,31.013300,5.904757
6.665945,31.010329,5.916140
6.682897,30.992905,5.887557
6.681055,31.000790,5.895310
6.691655,31.007524,5.898576
6.679446,31.009152,5.900903
6.687628,30.990542,5.880482
6.679459,30.995013,5.886632
6.684371,31.005600,5.892878
6.685715,30.990376,5.877980
6.689667,30.998971,5.891204
6.681376,31.016950,5.901981
6.701200,30.993855,5.900071
6.669776,31.006596,5.871713
6.682768,31.017660,5.885517
6.683376,30.998096,5.898366
6.703600,30.990815,5.877010
6.675296,31.021047,5.899926
6.681617,31.014336,5.882917
6.671020,31.014745,5.888607
6.696188,31.016083,5.884033
6.675227,31.010740,5.910642
6.677439,31.012088,5.913711
6.669132,31.009238,5.892598
6.706656,31.009377,5.887156
6.689909,30.995365,5.896577
6.684903,31.007797,5.918462
6.666986,30.998180,5.898979
6.691785,31.011039,5.896823
6.677547,31.003749,5.887914
6.703648,31.015736,5.891176
6.684748,31.010668,5.875400
6.693389,31.000118,5.890771
6.693872,30.986398,5.884552
6.696331,31.018072,5.895698
6.678535,31.005723,5.891497
6.681558,31.005665,5.884809
6.671805,31.007599,5.889476
6.687426,31.001199,5.906078
6.699356,31.009394,5.901964
6.685376,31.007799,5.877603
6.679603,31.016110,5.898517
6.685417,30.998701,5.878570
6.681392,31.005085,5.902759
6.694599,30.997567,5.890614
6.683677,31.003849,5.889839
6.686575,31.014268,5.910922
6.686089,31.009449,5.890845
6.684959,31.023066,5.890724
6.675355,31.010105,5.898245
6.689819,31.009987,5.884977
6.691411,31.011872,5.891432
6.680484,31.009731,5.893428
6.708269,31.009626,5.889557
6.670734,31.002946,5.902902
6.693982,31.016468,5.896895
6.689612,31.007601,5.871218
6.664797,31.017427,5.875427
6.674729,31.027295,5.891716
6.679410,31.012753,5.870229
6.678769,31.008246,5.899897
6.685261,31.018284,5.893574
6.688728,31.004204,5.889649
6.682165,31.011984,5.897353
6.685514,31.012308,5.887145
6.685623,31.004885,5.897917
6.670540,30.997022,5.887388
6.698915,31.019353,5.899683
6.687093,31.005891,5.887643
6.697385,31.014256,5.884183
6.694006,30.998204,5.878071
6.673959,31.010826,5.884924
6.675355,31.007544,5.879478
6.686153,31.022110,5.884372
6.684251,31.024353,5.898880
6.673929,31.006311,5.874604
6.671401,30.995449,5.906619
6.677730,31.004536,5.889591
6.687292,31.006657,5.876789
6.694420,31.009235,5.869606
6.664235,31.027560,5.875939
6.680762,31.005414,5.875632
6.672317,30.992812,5.873745
6.674873,30.996441,5.884677
6.684233,31.005586,5.889564
6.691512,30.998989,5.891454
6.682357,31.011986,5.888974
6.684147,31.005035,5.881052
6.683167,31.023236,5.875622
6.696203,31.009766,5.880928
6.660235,31.003916,5.906596
6.664602,31.006228,5.916516
6.697175,31.028058,5.876400
6.681676,31.019586,5.881217
6.688092,31.021213,5.874385
6.687754,30.982117,5.878468
6.681373,31.015957,5.900554
6.672261,31.010138,5.863573
6.679068,31.021595,5.867251
6.682711,31.005840,5.883395
6.680799,31.020188,5.892173
6.666335,31.003226,5.876600
6.678491,31.015656,5.890787
6.683152,31.016894,5.879603
6.668806,31.026885,5.888997
6.686559,31.003003,5.869062
6.685946,31.023362,5.870893
6.679857,31.018285,5.884141
6.687611,31.001896,5.893531
6.681222,31.011447,5.874063
6.665257,31.019129,5.889196
6.685745,31.001232,5.892461
6.661889,31.014094,5.872101
6.692616,31.004940,5.884911
6.686619,31.002386,5.877109
6.682641,31.009255,5.876702
6.670728,31.002351,5.894199
6.681982,31.012777,5.870639
6.668230,31.006412,5.873458
6.683942,31.018342,5.879005
6.670754,31.006724,5.879938
6.682638,31.019638,5.871412
6.678466,30.984974,5.894630
6.699670,31.005652,5.867123
6.674022,31.007999,5.885682
6.670840,31.007118,5.879866
6.685135,30.989884,5.880456
6.676921,31.014771,5.888423
6.703292,31.014051,5.876753
6.691056,31.019195,5.882773
6.678503,31.001640,5.889150
6.681022,30.996422,5.887401
6.672264,31.025125,5.894378
6.675011,31.004241,5.874232
6.669080,30.998864,5.875888
6.684656,31.009473,5.871448
6.666618,31.022659,5.869473
6.681227,31.023572,5.885749
6.655533,31.010268,5.885211
6.665097,31.023895,5.869204
6.664237,30.997818,5.893137
6.686222,31.008548,5.871627
6.690280,31.013750,5.886345
6.696832,31.012724,5.890705
6.692726,31.010658,5.874470
6.692533,31.023600,5.889195
6.661985,30.994905,5.883699
6.668196,31.018330,5.885651
6.678388,31.005752,5.870775
6.679465,30.993835,5.872355
6.690395,30.995654,5.883243
6.676121,31.016855,5.883817
6.693189,31.026228,5.893219
6.676590,31.020776,5.882439
6.669610,31.009565,5.883680
6.676882,31.013120,5.882661
6.660539,31.016758,5.869385
6.684833,31.010607,5.889665
6.669281,31.007411,5.876780
6.676367,30.993397,5.877624
6.677964,31.014933,5.877416
6.662043,31.015117,5.885757
6.695449,31.014734,5.876088
6.669519,31.015674,5.878529
6.674730,31.014300,5.881063
6.686456,30.995619,5.883453
6.694402,31.018962,5.874236
6.678170,31.001842,5.868091
6.686146,30.996924,5.878274
6.686157,31.013956,5.879877
6.670773,31.027122,5.879489
6.670691,31.001021,5.893123
6.683404,31.015360,5.882137
6.657255,31.003735,5.862221
6.686835,31.006920,5.874354
6.681148,31.014384,5.875145
6.660953,31.019715,5.884198
6.671169,31.012691,5.878768
6.674573,30.991339,5.892055
6.669543,30.987985,5.875043
6.679286,31.022894,5.872938
6.675036,31.012010,5.887323
6.676433,31.007233,5.870301
6.691868,31.031861,5.877923
6.697380,31.018179,5.886619
6.692527,31.007917,5.882665
6.673873,30.992244,5.880284
6.676450,31.030399,5.904367
6.674466,31.022058,5.879823
6.688247,31.026152,5.878176
6.677332,30.997666,5.889873
6.685116,30.997600,5.866409
6.677751,31.011363,5.858091
6.678932,31.009682,5.890753
6.664119,31.001655,5.859452
6.673440,31.006465,5.863164
6.653843,30.998637,5.878237
6.672745,31.018365,5.867741
6.658290,31.003133,5.877398
6.684801,31.008881,5.877256
6.677643,31.021617,5.884807
6.669114,31.022704,5.879714
6.677701,31.012142,5.884023
6.683207,30.995493,5.874599
6.677544,31.011205,5.876928
6.667656,31.006193,5.879179
6.680333,31.026594,5.869856
6.662136,31.013174,5.861427
6.673737,30.994075,5.885437
6.692551,31.006544,5.876544
6.675322,30.991808,5.884509
6.667471,31.023469,5.885280
6.678451,31.005845,5.864561
6.683788,30.995810,5.860708
6.690676,31.008782,5.873143
6.680068,31.011997,5.876254
6.686774,31.012893,5.860402
6.655025,31.032583,5.885584
6.665313,31.016859,5.871270
6.693976,31.020640,5.855056
6.668677,31.023906,5.853856
6.663041,31.019485,5.880102
6.664201,31.011520,5.877611
6.681765,31.020020,5.883142
6.695162,31.014794,5.870428
6.687116,31.018148,5.868811
6.680790,31.008918,5.874331
6.681979,31.013065,5.881614
6.673994,30.995479,5.865669
6.683979,31.015398,5.859076
6.667156,31.008724,5.869760
6.677462,31.011805,5.878358
6.689150,31.011743,5.875482
6.686274,31.026608,5.864458
6.668911,31.016995,5.866846
6.687277,31.003486,5.874810
6.679264,31.009762,5.862502
6.686457,31.011086,5.868039
6.687859,31.013217,5.876556
6.669014,31.029359,5.882689
6.688821,31.017001,5.874867
6.682050,30.993238,5.871445
6.671715,31.021120,5.873802
6.682831,30.991928,5.871830
6.675933,31.015127,5.889905
6.672944,31.006905,5.879185
6.674391,31.012638,5.881748
6.664088,30.997251,5.874652
6.676051,31.016141,5.891606
6.682459,30.997801,5.886785
6.673225,31.028109,5.885602
6.674577,31.022413,5.882336
6.673976,31.020559,5.871139
6.680685,31.019293,5.865128
6.694947,31.006335,5.878587
6.699128,31.007039,5.873829
6.669028,31.018008,5.876575
6.678238,31.014843,5.858182
6.669795,31.008388,5.869090
6.672386,31.032250,5.885675
6.676453,31.018234,5.867462
6.669481,31.019374,5.857439
6.674387,31.011902,5.846957
6.673232,31.005458,5.848523
6.688799,31.024183,5.861672
6.674552,31.006662,5.870278
6.675274,31.021462,5.873524
6.659565,31.021706,5.878174
6.668419,31.019294,5.885544
6.653614,30.997962,5.851849
6.682129,30.996292,5.884518
6.655605,31.017822,5.878297
6.678374,31.007723,5.883986
6.686131,31.017626,5.886957
6.660435,31.012324,5.882509
6.673125,31.012031,5.863206
6.672356,31.002412,5.867941
6.693320,31.016522,5.874587
6.676209,31.002145,5.871348
6.690982,31.028815,5.869492
6.670317,31.024444,5.877889
6.669278,30.994165,5.875900
6.680997,31.007614,5.878662
6.677240,31.019610,5.860696
6.662812,31.002058,5.859150
6.674716,30.995027,5.863552
6.652054,30.986963,5.871194
6.683869,31.032543,5.869557
6.659786,31.007880,5.862837
6.651305,30.999015,5.866652
6.684883,30.994074,5.857821
6.673094,31.018442,5.863185
6.688691,31.012207,5.875075
6.687271,31.029458,5.872250
6.683715,31.007735,5.877800
6.678918,31.007441,5.887382
6.684400,31.009008,5.882154
6.668810,31.009361,5.863225
6.675243,31.011535,5.874993
6.681533,31.012267,5.881754
6.680297,31.015171,5.867997
6.676095,31.013478,5.882718
6.679021,31.025707,5.863053
6.680498,30.989884,5.870570
6.667443,31.025146,5.872114
6.683378,31.025512,5.864567
6.678357,31.016594,5.876598
6.683844,31.018145,5.870392
6.674348,31.008103,5.880579
6.686990,31.007670,5.864437
6.684588,31.006073,5.859147
6.666345,31.014136,5.870504
6.654470,31.002740,5.866385
6.668696,31.009922,5.867391
6.688328,31.007660,5.851917
6.678985,31.022294,5.875017
6.680748,31.014362,5.853912
6.675878,31.014155,5.861419
6.665828,31.007020,5.883037
6.697152,30.997268,5.872858
6.669917,31.021808,5.889577
6.683769,31.003853,5.872628
6.680029,31.014331,5.843111
6.657462,31.029224,5.860772
6.672522,31.013989,5.876915
6.679838,30.997144,5.867249
6.685358,31.028759,5.855938
6.674733,31.025873,5.882850
6.694599,31.012165,5.857870
6.672691,31.008761,5.854204
6.680246,31.008336,5.883090
6.690603,31.010434,5.853446
6.667877,31.004179,5.877397
6.661273,30.997134,5.882890
6.678467,31.002652,5.866615
6.668174,30.997803,5.878654
6.684386,31.034806,5.865889
6.672280,31.014737,5.882622
6.676373,31.031254,5.855438
6.672158,31.026760,5.864722
6.677174,31.019060,5.874560
6.665128,31.034747,5.863311
6.668364,30.996468,5.878328
6.671183,30.996728,5.878065
6.668711,31.024520,5.856910
6.663992,30.996559,5.860976
6.659784,31.016667,5.856377
6.687880,30.987327,5.870636
6.669658,31.004048,5.859162
6.684241,31.009078,5.852729
6.674914,31.016110,5.875061
6.663568,30.998034,5.855574
6.663501,31.008648,5.878436
6.687127,31.001007,5.874862
6.663079,31.010404,5.869676
6.680453,31.013763,5.853235
6.685051,31.019813,5.856262
6.656763,31.021266,5.873374
6.677267,31.012179,5.884727
6.677197,31.023331,5.876718
6.658191,31.019580,5.882500
6.682555,31.007682,5.853120
6.674544,31.023031,5.893190
6.661890,31.005989,5.878814
6.657135,31.008027,5.859764
6.698334,31.008002,5.865936
6.683070,31.023668,5.868788
6.675245,30.999740,5.860870
6.668188,30.996711,5.854169
6.693661,31.031578,5.860231
6.666306,31.013108,5.855632
6.664830,31.005604,5.867164
6.675277,31.016854,5.876559
6.685193,31.003401,5.846297
6.679427,31.009071,5.861829
6.681839,31.004993,5.882667
6.667283,31.015652,5.874055
6.663432,31.029427,5.869036
6.676733,31.012197,5.875048
6.667344,31.015042,5.858148
6.681453,31.013378,5.877742
6.667618,31.005469,5.865897
6.676467,31.030422,5.855187
6.682142,31.012047,5.877099
6.665295,30.993301,5.877579
6.686692,31.020317,5.878893
6.669297,31.011736,5.871921
6.692999,31.017085,5.861614
6.673852,31.016832,5.850648
6.697590,31.002565,5.859124
6.668150,31.008523,5.867008
6.685612,31.015614,5.852607
6.664360,30.998554,5.875009
6.692178,31.035789,5.882006
6.674412,31.014446,5.864465
6.667606,31.011007,5.859933
6.672774,31.020262,5.866393
6.664113,31.003719,5.849594
6.679678,31.007342,5.863576
6.681559,31.018690,5.872061
6.656932,31.010283,5.880903
6.678951,30.998662,5.856671
6.678001,31.022852,5.853284
6.661878,31.023169,5.855233
6.673437,31.007964,5.874588
6.660758,31.022157,5.867087
6.685723,31.020656,5.874549
6.666546,31.021825,5.857946
6.671503,31.019950,5.871966
6.671242,31.015604,5.873556
6.675950,31.029658,5.856290
6.666265,31.027016,5.852494
6.671489,30.997501,5.875183
6.678007,31.022154,5.869996
6.676767,31.011905,5.871780
6.662613,31.002519,5.861306
6.657081,31.006693,5.864142
6.666869,31.012019,5.880432
6.676537,31.009900,5.861585
6.665637,31.026335,5.864230
6.661270,31.031857,5.886424
6.662548,30.991721,5.867064
6.667652,31.023478,5.859899
6.662295,31.004650,5.865769
6.665580,31.011039,5.862683
6.651297,31.024451,5.855273
6.682377,31.020010,5.871542
6.667803,31.022430,5.867649
6.680653,31.031032,5.861146
6.683683,31.023057,5.872542
6.685953,31.014432,5.864377
6.668112,30.995633,5.879957
6.658098,31.018482,5.859886
6.685310,31.013749,5.860725
6.672689,31.015125,5.880275
6.675869,31.022854,5.842563
6.654929,30.997767,5.864253
6.664244,31.003079,5.873169
6.669214,31.004043,5.881737
6.681034,31.016332,5.867721
6.667984,31.007419,5.875566
6.674283,31.010240,5.871207
6.682946,31.010197,5.854020
6.669555,31.020190,5.872792
6.669672,31.032307,5.873300
6.673390,31.026088,5.866609
6.683031,31.021278,5.888551
6.683057,31.020003,5.865561
6.674330,31.013743,5.853255
6.668944,31.017743,5.874791
6.668731,31.002813,5.854812
6.676795,31.014135,5.863050
6.674014,31.018363,5.872600
6.664943,31.009966,5.872258
6.680692,31.010986,5.875216
6.652169,31.018083,5.859406
6.674274,31.024370,5.861579
6.668335,31.005307,5.850689
6.669538,31.027327,5.876628
6.684221,31.019952,5.871277
6.664731,31.014157,5.888324
6.659906,31.006266,5.865896
6.664321,31.019804,5.870252
6.682807,31.031724,5.861998
6.689971,31.029884,5.860593
6.688252,31.016599,5.857245
6.662235,31.017395,5.861505
6.674577,31.012226,5.872439
6.683030,31.030588,5.866271
6.678906,31.019185,5.861357
6.679186,31.012827,5.873289
6.676607,31.011398,5.851535
6.684325,31.003629,5.864359
6.678824,31.015892,5.856316
6.682806,31.000450,5.863374
6.656379,31.015255,5.878942
6.683635,31.012533,5.868369
6.680841,31.031619,5.859890
6.654137,31.017475,5.881467
6.675089,31.010942,5.867273
6.673491,31.016069,5.850783
6.674170,31.014417,5.848877
6.674057,31.011872,5.873662
6.669126,31.012751,5.864176
6.685992,31.017643,5.867557
6.685730,31.008721,5.864265
6.669926,31.007475,5.863403
6.675900,31.022178,5.861435
6.684876,31.015157,5.878901
6.678695,31.036533,5.862212
6.682741,31.010111,5.873890
6.680000,31.012753,5.871284
6.672651,31.004088,5.869768
6.662992,31.023853,5.861336
6.676464,31.002243,5.858998
6.675074,31.007344,5.868717
6.672870,31.013468,5.865986
6.674353,31.022331,5.864403
6.680267,31.009055,5.873013
6.668320,30.992202,5.863419
6.686856,31.022323,5.866706
6.670918,31.011879,5.870853
6.686600,31.016781,5.859904
6.681240,30.997802,5.856107
6.696795,31.010843,5.849845
6.659578,31.013673,5.873510
6.674890,31.013142,5.856829
6.673549,31.014860,5.873521
6.676570,31.015976,5.867044
6.665709,31.029300,5.859684
6.662500,31.012270,5.869951
6.670186,31.016599,5.867896
6.678821,31.008613,5.852765
6.670653,31.021435,5.868442
6.674108,31.027747,5.873145
6.680513,31.002880,5.881506
6.658641,31.001133,5.865214
6.680093,31.012759,5.864814
6.686110,31.014346,5.861059
6.657030,31.014330,5.879530
6.677606,31.012465,5.859415
6.663867,30.995341,5.865999
6.680099,31.005278,5.871823
6.679662,31.005398,5.865618
6.682937,31.000416,5.858518
6.674719,31.008734,5.859453
6.672561,31.023938,5.861453
6.671286,31.008629,5.880015
6.663524,31.018357,5.865105
6.655341,31.022369,5.864380
6.686211,31.027438,5.859135
6.672136,31.020486,5.875176
6.678745,31.011045,5.876226
6.676412,31.003542,5.858827
6.698953,31.018565,5.857324
6.669748,31.013155,5.883550
6.672780,31.023233,5.855013
6.674400,31.023781,5.864467
6.666474,30.999402,5.861458
6.668622,31.015272,5.868289
6.646413,31.000006,5.875640
6.676220,31.019195,5.848331
6.673793,31.005902,5.876113
6.672345,31.017731,5.855934
6.679884,31.012299,5.867752
6.682446,31.015904,5.852491
6.700874,31.000543,5.855336
6.689665,31.022148,5.855903
6.660334,31.015140,5.866423
6.672536,31.016133,5.892742
6.701566,31.018763,5.879487
6.658217,31.006496,5.861131
6.673052,31.022565,5.871749
6.663111,31.008858,5.859086
6.682847,31.017059,5.862422
6.673118,30.988132,5.880928
6.673925,31.013091,5.858013
6.684692,31.015845,5.853436
6.672821,31.033782,5.875315
6.666233,31.000695,5.864067
6.669703,31.015966,5.849827
6.666866,31.007501,5.850576
6.669965,31.016095,5.883144
6.684940,31.005769,5.869789
6.678253,31.017156,5.874620
6.671649,31.017262,5.846492
6.672600,31.026349,5.863089
6.661786,31.014784,5.863827
6.661144,31.030619,5.868143
6.674390,31.033392,5.865380
6.651026,31.019965,5.865562
6.664417,31.013526,5.868435
6.676695,31.021348,5.861452
6.673361,31.021962,5.871339
6.658477,31.031836,5.869389
6.667277,31.025879,5.866353
6.677490,30.991901,5.869864
6.679142,31.017943,5.883383
6.677235,31.024517,5.878664
6.660842,31.014429,5.854262
6.667793,30.997529,5.853629
6.703347,31.032904,5.864566
6.669886,31.005358,5.863099
6.684211,31.003642,5.845683
6.680369,31.008018,5.857877
6.672970,31.014656,5.860369
6.656200,31.011278,5.872760
6.659228,31.018193,5.864296
6.681066,31.020434,5.875642
6.677595,31.005291,5.870105
6.685581,31.028350,5.863926
6.688739,31.028146,5.890370
6.680363,31.010723,5.878927
6.683075,31.008727,5.864294
6.671264,31.018380,5.857025
6.682724,31.012918,5.866203
6.665212,31.010259,5.868312
6.664919,31.008499,5.868138
6.668981,30.989475,5.865969
6.674040,31.019904,5.864282
6.688415,31.031158,5.863192
6.682112,31.030109,5.874601
6.669026,31.023111,5.858078
6.679904,31.007570,5.878220
6.680377,31.000603,5.860523
6.668455,31.012268,5.841853
6.664413,31.016043,5.858366
6.662238,30.988408,5.863255
6.671598,31.030237,5.870999
6.678711,31.012166,5.864603
6.663517,31.004872,5.857937
6.681686,31.025906,5.882748
6.664696,31.011213,5.865339
6.679590,31.025483,5.879108
6.656413,31.007284,5.864550
6.698057,31.019736,5.875669
6.676823,31.010194,5.858719
6.676658,31.024274,5.870587
6.657594,31.017259,5.866686
6.671929,31.021488,5.857055
6.672890,31.021342,5.870158
6.672198,31.035280,5.861066
6.680420,31.026353,5.869295
6.675270,31.020888,5.861278
6.670541,31.027503,5.856692
6.672360,31.009011,5.861936
6.678967,31.021234,5.864101
6.675997,31.021427,5.851792
6.679037,31.020371,5.882702
6.662625,31.015431,5.853144
6.654432,31.000122,5.844355
6.675160,31.020913,5.860275
6.683385,31.026644,5.867232
6.683298,31.016906,5.871160
6.677974,31.005757,5.865869
6.685119,31.002233,5.860471
6.680704,31.016529,5.864145
6.674215,31.016425,5.869984
6.689722,30.997120,5.873596
6.686135,31.008581,5.855079
6.674333,31.005712,5.841163
6.669302,31.024982,5.857289
6.682181,31.014141,5.871364
6.699804,31.005838,5.847709
6.665960,31.018271,5.869714
6.663965,31.015202,5.854699
6.683837,31.010031,5.865121
6.658921,31.019315,5.853111
6.660507,31.021593,5.873016
6.670874,31.031857,5.871689
6.670500,31.008593,5.893577
6.676234,31.021953,5.874733
6.665369,31.028060,5.861776
6.687506,31.009414,5.861765
6.678920,31.012326,5.857672
6.663272,30.992224,5.868000
6.682896,31.020201,5.859529
6.662636,31.011256,5.856596
6.677524,31.000045,5.868792
6.687763,31.007705,5.869095
6.671901,31.006974,5.860083
6.646245,31.004293,5.887718
6.671260,31.020760,5.869010
6.667634,31.005587,5.884268
6.667896,31.014786,5.857699
6.687923,31.010350,5.842675
6.674804,31.024520,5.863607
6.686299,31.023545,5.856359
6.675929,30.996216,5.878938
6.668632,31.017498,5.862140
6.677251,31.027007,5.890457
6.685060,31.016371,5.866469
6.678933,31.005816,5.854081
6.666387,31.010608,5.870976
6.653804,30.998357,5.878322
6.667386,31.000690,5.882336
6.675784,31.022037,5.855120
6.667138,31.029980,5.855966
6.680867,31.005874,5.865004
6.663316,31.005900,5.874673
6.674646,31.003423,5.862778
6.668720,31.020925,5.859174
6.678573,31.030674,5.864930
6.670795,31.005247,5.845234
6.678729,31.005757,5.876386
6.663334,31.031727,5.851587
6.683293,31.001215,5.859693
6.684222,31.003482,5.859515
6.663140,31.016908,5.874905
6.686027,31.017840,5.878120
6.680586,31.015892,5.868310
6.684638,31.027016,5.879784
6.691308,31.013336,5.855240
6.678725,31.005589,5.833775
6.676086,30.998875,5.855632
6.669889,31.007404,5.843384
6.678687,31.021318,5.855121
6.674390,31.012773,5.871123
6.665836,31.023055,5.871540
6.692262,31.010704,5.863209
6.657280,31.024387,5.872738
6.679839,31.005868,5.863921
6.672120,31.008150,5.857858
6.674072,31.011371,5.863460
6.669900,31.019240,5.888093
6.677760,31.023628,5.876259
6.686344,31.003562,5.871033
6.678690,31.015408,5.874793
6.688730,31.025929,5.862782
6.670483,30.995688,5.845865
6.665343,31.027193,5.870070
6.684669,31.022617,5.854433
6.680246,31.026076,5.860702
6.666166,31.001510,5.871198
6.664343,31.028234,5.876816
6.684288,31.012909,5.866128
6.661138,31.027939,5.869985
6.668283,31.021176,5.869679
6.677074,31.011488,5.843577
6.655829,31.006376,5.836173
6.675497,31.018853,5.864377
6.671021,31.023445,5.855355
6.666914,31.017636,5.869265
6.667135,31.014134,5.875306
6.664731,31.005057,5.860680
6.685935,30.998236,5.862184
6.672713,31.008341,5.859037
6.685969,31.019633,5.871637
6.681717,31.014723,5.852007
6.669944,31.027647,5.868810
6.667787,31.020089,5.875108
6.659248,31.014555,5.868431
6.680354,30.992049,5.859973
6.662856,31.011297,5.854001
6.671605,31.022280,5.872249
6.661261,31.017912,5.862464
6.672142,31.009322,5.866224
6.685840,31.024393,5.854571
6.684358,31.020972,5.858980
6.657522,31.038244,5.872404
6.688975,31.010002,5.853584
6.659201,31.010073,5.872465
6.667058,31.015304,5.873158
6.667403,31.017844,5.862298
6.680769,31.020694,5.854165
6.676015,31.009030,5.850385
6.676823,31.018113,5.870386
6.667695,31.016944,5.863146
6.683709,31.020614,5.872215
6.665507,31.017867,5.863341
6.671681,31.010639,5.870636
6.665412,31.002790,5.882690
6.673225,31.033564,5.878612
6.699753,31.022658,5.859770
6.686950,31.020230,5.858328
6.683575,31.012514,5.881148
6.674411,31.003372,5.894287
6.665170,31.008531,5.871856
6.661495,31.004815,5.860695
6.692278,31.016951,5.867948
6.663472,31.009805,5.861470
6.671175,31.011366,5.858052
6.662494,31.017162,5.858699
6.674650,31.010082,5.866968
6.677258,31.016951,5.858721
6.673388,31.024103,5.855942
6.677244,31.015993,5.861602
6.666789,30.998545,5.873062
6.681236,31.024097,5.859199
6.669605,31.021903,5.881944
6.662518,31.020166,5.871302
6.660356,31.016081,5.867903
6.665820,30.990596,5.853747
6.668370,31.030943,5.852244
6.687077,30.994939,5.860244
6.666842,30.985454,5.882373
6.664246,31.009971,5.859593
6.660172,31.021494,5.873732
6.660851,31.032107,5.865214
6.675664,30.998883,5.853330
6.667921,30.998943,5.865855
6.660999,31.018888,5.869118
6.643182,31.016179,5.869433
6.669462,31.028336,5.860839
6.656780,31.009956,5.867750
6.638275,31.014675,5.868689
6.628490,31.022897,5.851249
6.612435,31.017737,5.881354
6.610776,31.007550,5.876135
6.606083,31.022329,5.856331
6.595083,31.029557,5.875882
6.567550,31.042785,5.860175
6.588916,31.043136,5.872252
6.572077,31.030299,5.857507
6.561191,31.028071,5.869657
6.557316,31.056830,5.857203
6.536765,31.044563,5.863096
6.544410,31.046966,5.874060
6.535589,31.029181,5.880350
6.524065,31.039055,5.877315
6.521294,31.062233,5.855344
6.490811,31.051077,5.873823
6.486297,31.056462,5.881848
6.474576,31.051789,5.870879
6.470869,31.065801,5.890602
6.465161,31.073333,5.877004
6.444393,31.059463,5.865621
6.457844,31.064486,5.870024
6.433901,31.061625,5.895777
6.416002,31.078410,5.876074
6.414786,31.060870,5.875587
6.395157,31.062673,5.900404
6.388382,31.066442,5.884615
6.369169,31.078307,5.882651
6.366207,31.069436,5.876264
6.377424,31.061641,5.888092
6.371024,31.084458,5.885854
6.357696,31.088872,5.868184
6.332614,31.085783,5.876429
6.334614,31.084616,5.896125
6.309264,31.082277,5.871165
6.313083,31.092784,5.876567
6.291087,31.101107,5.870617
6.290401,31.086957,5.867597
6.295937,31.093336,5.887192
6.287176,31.104702,5.893121
6.269168,31.092882,5.880965
6.268281,31.101901,5.859449
6.263115,31.082312,5.866189
6.242560,31.106395,5.877747
6.226941,31.103694,5.884433
6.241690,31.100584,5.871575
6.221968,31.107121,5.899783
6.194674,31.104975,5.884870
6.209219,31.097836,5.873751
6.184674,31.106175,5.892273
6.192157,31.112488,5.902225
6.174003,31.108383,5.871317
6.169953,31.100061,5.882801
6.172414,31.116880,5.881743
6.152148,31.113928,5.883839
6.153636,31.116961,5.871511
6.139186,31.141385,5.872074
6.134695,31.117697,5.873489
6.132087,31.134937,5.883614
6.104116,31.125316,5.891775
6.115447,31.142959,5.873424
6.096880,31.129065,5.888938
6.093347,31.130417,5.879952
6.076116,31.119545,5.869326
6.077006,31.145383,5.880703
6.073125,31.129294,5.869441
6.055999,31.134621,5.854440
6.042568,31.131766,5.877206
6.050747,31.154593,5.863275
6.064222,31.141652,5.851668
6.019242,31.125059,5.869150
6.018028,31.138757,5.873736
6.011008,31.149251,5.855447
6.026763,31.137323,5.856904
6.007436,31.147767,5.837981
6.003843,31.162770,5.867939
6.005800,31.153910,5.877802
5.995190,31.163297,5.830533
5.979211,31.141218,5.872284
5.987262,31.153005,5.865467
5.988214,31.146797,5.854686
5.970695,31.155215,5.866113
5.960337,31.160297,5.844082
5.959773,31.168767,5.853861
5.951547,31.153658,5.859403
5.950628,31.167642,5.860469
5.951976,31.167671,5.859613
5.939248,31.176430,5.852047
5.947631,31.175781,5.871768
5.923547,31.149841,5.860021
5.912932,31.156424,5.849691
5.915717,31.182731,5.852356
5.886763,31.170938,5.835541
5.891814,31.181985,5.859206
5.888851,31.178836,5.849379
5.906912,31.166904,5.842854
5.879339,31.179950,5.841933
5.858352,31.183107,5.843863
5.880407,31.179140,5.834604
5.868192,31.192624,5.841910
5.873691,31.173184,5.839144
5.857722,31.176531,5.866508
5.855939,31.190268,5.835587
5.851971,31.193310,5.851477
5.854195,31.192196,5.835950
5.844278,31.172333,5.856800
5.827786,31.179009,5.834949
5.827100,31.203012,5.833431
5.819017,31.197960,5.831077
5.819886,31.178951,5.820470
5.806558,31.194430,5.829137
5.808731,31.185006,5.821994
5.831013,31.180832,5.827792
5.810288,31.211313,5.818724
5.794629,31.221962,5.808111
5.789746,31.211512,5.819050
5.794816,31.193024,5.834382
5.773188,31.207690,5.828159
5.782920,31.201893,5.820521
5.791550,31.192592,5.820464
5.777341,31.196512,5.816937
5.776341,31.204664,5.806584
5.770367,31.204414,5.814685
5.773896,31.209253,5.833654
5.757362,31.211790,5.807697
5.775123,31.208475,5.807416
5.760233,31.219883,5.806359
5.750905,31.220247,5.793387
5.740997,31.205442,5.804488
5.748524,31.205245,5.792951
5.713659,31.205011,5.788972
5.749306,31.199234,5.798356
5.739684,31.214123,5.778036
5.730874,31.224116,5.788128
5.739474,31.212666,5.784199
5.729163,31.226035,5.759315
5.722515,31.226664,5.785464
5.722515,31.218547,5.776235
5.720700,31.211086,5.768703
5.740086,31.217108,5.772636
5.712209,31.203715,5.757656
5.723626,31.220394,5.766605
5.702381,31.210568,5.782747
5.709859,31.228106,5.754129
5.714678,31.212674,5.766809
5.713169,31.221779,5.757582
5.701120,31.229288,5.786478
5.713306,31.228897,5.762259
5.714608,31.228054,5.737770
5.711766,31.233805,5.751288
5.713754,31.230602,5.733876
5.706608,31.228470,5.745818
5.696176,31.233605,5.750199
5.703686,31.236447,5.731951
5.703594,31.223422,5.728592
5.668055,31.229359,5.728905
5.671403,31.232473,5.731809
5.696335,31.235154,5.745513
5.689320,31.234158,5.734522
5.688434,31.237401,5.711870
5.687302,31.221814,5.717433
5.697769,31.228663,5.730053
5.681390,31.232303,5.719624
5.702985,31.224216,5.727687
5.699062,31.228465,5.698401
5.670756,31.238510,5.716676
5.695657,31.248287,5.718033
5.682430,31.237668,5.691822
5.698273,31.250647,5.698389
5.669246,31.243995,5.706484
5.685944,31.237544,5.711585
5.675604,31.251788,5.696117
5.666568,31.227464,5.688681
5.699410,31.251868,5.681745
5.682030,31.261157,5.695964
5.663976,31.245643,5.660221
5.674865,31.242075,5.663060
5.687425,31.272172,5.692182
5.677935,31.243264,5.669011
5.677453,31.246044,5.665018
5.680043,31.231116,5.664242
5.680225,31.233544,5.645958
5.692146,31.263427,5.651839
5.676907,31.259581,5.647764
5.674166,31.232527,5.651031
5.679092,31.251961,5.657615
5.683262,31.254632,5.645686
5.679447,31.246810,5.641739
5.684304,31.259007,5.623571
5.675483,31.261504,5.632112
5.698520,31.253737,5.629529
5.682375,31.258950,5.613359
5.690239,31.263368,5.632953
5.668133,31.258113,5.615742
5.694854,31.258048,5.605542
5.688853,31.252364,5.596064
5.706405,31.267582,5.606112
5.693408,31.247138,5.596620
5.689472,31.244779,5.580587
5.685109,31.253285,5.585485
5.709937,31.254834,5.598368
5.706478,31.248949,5.581070
5.705162,31.267647,5.589306
5.717761,31.255555,5.581218
5.703484,31.269305,5.560043
5.710134,31.263599,5.565764
5.703762,31.253529,5.576499
5.708737,31.265620,5.559244
5.712886,31.264528,5.551617
5.700659,31.240052,5.555700
5.710232,31.255629,5.557118
5.713869,31.243910,5.550162
5.704082,31.252400,5.525665
5.729152,31.252551,5.541257
5.736421,31.258926,5.534343
5.713141,31.264020,5.527808
5.738034,31.277469,5.523851
5.751909,31.259398,5.510812
5.714871,31.261342,5.528491
5.719725,31.280840,5.510307
5.751306,31.263398,5.495960
5.746556,31.250173,5.500394
5.747680,31.277791,5.497775
5.751291,31.273831,5.497366
5.762278,31.256761,5.499165
5.768430,31.273105,5.476108
5.764476,31.268853,5.465298
5.740895,31.273961,5.467937
5.771267,31.259583,5.471979
5.760444,31.273078,5.472318
5.779608,31.274940,5.465432
5.792656,31.267141,5.442350
5.776367,31.261452,5.449612
5.771707,31.272730,5.442730
5.793094,31.271186,5.445001
5.793688,31.274741,5.441517
5.802479,31.266943,5.411491
5.799825,31.251444,5.422618
5.812780,31.275176,5.416334
5.793104,31.269124,5.414598
5.808077,31.272162,5.425713
5.809139,31.267892,5.409687
5.817285,31.279854,5.394144
5.830096,31.271341,5.380860
5.846653,31.268700,5.369209
5.848258,31.252680,5.371820
5.830763,31.278617,5.372663
5.822101,31.287993,5.381251
5.843581,31.253897,5.386326
5.857409,31.267364,5.348542
5.843036,31.263149,5.342696
5.863818,31.274553,5.337142
5.859846,31.279113,5.337761
5.884030,31.276078,5.337938
5.874544,31.272566,5.330851
5.881923,31.267995,5.326070
5.881978,31.266088,5.330837
5.897783,31.249379,5.318752
5.911468,31.283894,5.317099
5.893454,31.257709,5.299185
5.891832,31.266835,5.304367
5.902902,31.268634,5.277398
5.924770,31.258815,5.299966
5.928772,31.274596,5.286328
5.926017,31.285173,5.288030
5.914403,31.242032,5.274882
5.939240,31.277009,5.259282
5.953776,31.272528,5.244264
5.938181,31.277714,5.256386
5.966564,31.277607,5.245360
5.960445,31.268151,5.225169
5.959337,31.258665,5.211082
5.973757,31.262032,5.224539
5.978992,31.274305,5.213437
5.973999,31.269414,5.209195
6.011065,31.265524,5.190944
5.997248,31.277132,5.189881
6.008715,31.267547,5.192646
6.019656,31.281980,5.170417
6.014459,31.272654,5.176048
6.031436,31.267242,5.172344
6.042954,31.257992,5.158454
6.031054,31.274365,5.146576
6.040198,31.263940,5.148096
6.059168,31.281031,5.142165
6.066401,31.275136,5.127379
6.065668,31.267235,5.132917
6.085133,31.271320,5.133747
6.069986,31.263173,5.105777
6.091950,31.259339,5.079155
6.101678,31.274433,5.090986
6.114917,31.263721,5.079994
6.128433,31.267360,5.073963
6.124526,31.260909,5.091871
6.115909,31.266804,5.072375
6.135827,31.257810,5.055768
6.141739,31.275626,5.055649
6.167136,31.258423,5.053819
6.156743,31.258635,5.039559
6.175228,31.276186,5.064197
6.161652,31.260021,5.024181
6.190000,31.259052,5.024250
6.178186,31.273923,5.015843
6.200173,31.261328,5.004379
6.217586,31.247626,4.992972
6.221372,31.271871,4.984726
6.233607,31.258082,4.981817
6.229213,31.250492,4.995567
6.242897,31.271390,4.982311
6.280243,31.263704,4.940257
6.249840,31.245912,4.950952
6.281041,31.235628,4.934475
6.291131,31.263560,4.958029
6.298254,31.263649,4.931362
6.311739,31.243460,4.925160
6.305937,31.233748,4.933799
6.301365,31.253912,4.886888
6.310099,31.247801,4.885033
6.318919,31.251078,4.886138
6.346462,31.252319,4.887546
6.358882,31.251328,4.877455
6.347928,31.230595,4.863908
6.361850,31.251553,4.860620
6.378467,31.243099,4.835480
6.389125,31.259210,4.842765
6.391753,31.255920,4.829735
6.401349,31.251434,4.824443
6.417938,31.262000,4.809060
6.409657,31.249209,4.814311
6.433264,31.240030,4.804676
6.432349,31.244915,4.762000
6.455364,31.243158,4.768797
6.465487,31.259333,4.770062
6.467279,31.222435,4.736079
6.486366,31.249942,4.740380
6.501168,31.220266,4.749836
6.513164,31.232316,4.722653
6.509922,31.258220,4.731120
6.524759,31.235423,4.720597
6.534249,31.234863,4.699989
6.551671,31.236813,4.677649
6.559494,31.247837,4.677629
6.565338,31.231030,4.682809
6.578442,31.233838,4.672988
6.587042,31.249059,4.639971
6.596910,31.237532,4.638490
6.614603,31.227270,4.635908
6.610072,31.226494,4.637261
6.623645,31.229538,4.615149
6.631706,31.228295,4.603615
6.656805,31.224186,4.598298
6.654185,31.226543,4.593955
6.662509,31.236335,4.581253
6.667981,31.238368,4.566295
6.698126,31.228543,4.572286
6.723061,31.229357,4.567016
6.726472,31.220903,4.540025
6.724317,31.236200,4.531969
6.736966,31.226635,4.525753
6.740291,31.238924,4.522837
6.748405,31.219347,4.514324
6.777649,31.229408,4.514238
6.778263,31.211093,4.474320
6.793462,31.229276,4.478761
6.814552,31.235891,4.459523
6.819016,31.221102,4.440578
6.846581,31.241946,4.419833
6.863008,31.200844,4.434505
6.853583,31.230654,4.423287
6.857918,31.219154,4.405651
6.878044,31.219469,4.403790
6.889847,31.223778,4.393150
6.905673,31.208983,4.397951
6.906157,31.189169,4.378617
6.944109,31.198802,4.368307
6.948695,31.221458,4.339731
6.947555,31.192817,4.326556
6.960178,31.203498,4.331084
6.981210,31.200990,4.327637
6.995204,31.220258,4.289631
7.012424,31.197104,4.280379
7.003047,31.204566,4.298181
7.027300,31.178969,4.273502
7.035765,31.187894,4.264493
7.039758,31.187293,4.246080
7.066450,31.220650,4.214765
7.083975,31.183501,4.218078
7.087260,31.204708,4.219205
7.097953,31.201769,4.197371
7.140531,31.177231,4.184105
7.137813,31.187044,4.177525
7.145389,31.192701,4.170904
7.149883,31.177280,4.165960
7.184294,31.176455,4.148631
7.179263,31.155297,4.130755
7.205476,31.189150,4.123796
7.220212,31.177642,4.107567
7.241600,31.161111,4.109537
7.237585,31.185612,4.094435
7.264094,31.178900,4.083728
7.266426,31.168696,4.049365
7.284700,31.166098,4.047789
7.273111,31.154606,4.042623
7.304393,31.158474,4.025469
7.327447,31.157779,4.015473
7.344428,31.169777,4.021606
7.353962,31.132805,3.983482
7.370020,31.153969,3.966351
7.371424,31.161802,3.951455
7.389292,31.158297,3.932290
7.414638,31.147297,3.921168
7.424846,31.150287,3.912998
7.427523,31.153511,3.920173
7.439193,31.152274,3.903544
7.470653,31.136134,3.888041
7.484742,31.142563,3.864764
7.496827,31.128731,3.875226
7.474251,31.144963,3.840087
7.542713,31.140971,3.838819
7.526807,31.135644,3.830638
7.551597,31.125869,3.790972
7.564146,31.133566,3.794922
7.581990,31.140241,3.766579
7.620134,31.119468,3.781378
7.633925,31.122520,3.744434
7.619206,31.122803,3.774614
7.657400,31.124371,3.732527
7.678094,31.120996,3.705767
7.681277,31.092230,3.721327
7.690467,31.121043,3.695641
7.719438,31.118216,3.690553
7.707807,31.101115,3.671544
7.731441,31.104571,3.647597
7.757219,31.107173,3.633772
7.770196,31.104905,3.635046
7.788859,31.092353,3.605027
7.792333,31.095678,3.583759
7.803903,31.093368,3.598817
7.828660,31.104134,3.546054
7.838267,31.078469,3.531792
7.868337,31.085316,3.547427
7.875368,31.084513,3.528625
7.897169,31.085096,3.536540
7.898250,31.084127,3.496170
7.921444,31.061917,3.487072
7.928383,31.068586,3.464014
7.960055,31.069079,3.449585
7.986186,31.075093,3.436000
8.002557,31.056897,3.424777
7.997631,31.073120,3.415690
8.026448,31.054280,3.404947
8.038964,31.073357,3.391001
8.046167,31.068566,3.367033
8.074216,31.057467,3.344382
8.094642,31.048764,3.333718
8.105267,31.056685,3.326108
8.128476,31.051260,3.324094
8.164118,31.038233,3.323654
8.155164,31.050503,3.266334
8.179009,31.061907,3.247225
8.175887,31.028469,3.244678
8.216594,31.047453,3.226784
8.225376,31.036663,3.224924
8.237136,31.032837,3.199349
8.248841,31.029702,3.203173
8.263382,31.011905,3.155967
8.268056,31.010805,3.159632
8.298805,31.021511,3.147714
8.323224,31.013710,3.120283
8.341006,31.021992,3.090976
8.345244,31.018317,3.119873
8.366387,31.008060,3.075466
8.397634,30.981636,3.066889
8.409100,30.999128,3.065442
8.429015,30.979883,3.031521
8.437014,30.981052,3.025255
8.458157,31.000798,3.000585
8.482677,30.988471,2.974407
8.481904,30.978015,2.965146
8.506084,30.977441,2.942895
8.532003,30.989944,2.938387
8.546878,30.977495,2.912900
8.595075,30.961113,2.903703
8.571837,30.966993,2.891155
8.596488,30.939859,2.856892
8.627162,30.953559,2.852392
8.641769,30.975916,2.822874
8.650898,30.953347,2.849368
8.682943,30.943224,2.789360
8.695255,30.934919,2.776374
8.712586,30.931765,2.786721
8.716632,30.921227,2.749381
8.753810,30.925946,2.726284
8.790577,30.939549,2.730695
8.786008,30.924376,2.731759
8.808681,30.915652,2.693795
8.824459,30.913993,2.663751
8.843035,30.915876,2.656821
8.856274,30.907161,2.633593
8.881673,30.922027,2.632245
8.906541,30.901837,2.602900
8.909660,30.885543,2.573814
8.933669,30.899578,2.553617
8.953323,30.878531,2.534787
8.976525,30.889407,2.547213
8.985608,30.881605,2.515727
9.032573,30.880076,2.499012
9.016351,30.885722,2.471210
9.064179,30.864915,2.463911
9.062464,30.860803,2.458982
9.088868,30.863070,2.432293
9.115623,30.858007,2.414299
9.117815,30.866184,2.406460
9.165295,30.854066,2.360936
9.174478,30.822317,2.362901
9.191319,30.850437,2.322492
9.174971,30.817598,2.316181
9.220522,30.836791,2.303388
9.240051,30.826139,2.290271
9.266146,30.815692,2.262391
9.276562,30.813673,2.241589
9.314768,30.814910,2.217124
9.321430,30.805876,2.220721
9.335937,30.780308,2.215856
9.364071,30.804618,2.152346
9.376909,30.793282,2.158955
9.405269,30.800137,2.112739
9.423900,30.759474,2.119329
9.416429,30.785679,2.090803
9.460684,30.764245,2.072720
9.488144,30.779600,2.062651
9.505315,30.747947,2.041429
9.532244,30.763512,2.014975
9.536355,30.745700,2.014824
9.555110,30.752924,1.990068
9.595414,30.738204,1.967010
9.619363,30.745699,1.944353
9.620423,30.727896,1.923695
9.637643,30.727633,1.901966
9.678973,30.719015,1.879187
9.669571,30.728522,1.854350
9.716623,30.707265,1.840214
9.728645,30.719070,1.825845
9.735352,30.695502,1.819550
9.778208,30.699187,1.794716
9.789487,30.693073,1.771358
9.815042,30.674782,1.752103
9.822373,30.688517,1.749787
9.843424,30.677944,1.721042
9.879347,30.671819,1.677771
9.878690,30.664473,1.665086
9.901967,30.638859,1.671871
9.926969,30.646298,1.649752
9.943816,30.638074,1.598119
9.973147,30.643364,1.594933
9.988232,30.632567,1.568192
10.028350,30.610999,1.549790
10.051771,30.633531,1.537255
10.063348,30.618441,1.512831
10.079649,30.614984,1.486990
10.110215,30.606822,1.478864
10.115914,30.601014,1.434466
10.141527,30.589567,1.416010
10.173441,30.587744,1.406183
10.196998,30.581802,1.391510
10.213074,30.587553,1.370322
10.206388,30.584805,1.347151
10.239428,30.554876,1.327238
10.262811,30.548855,1.319977
10.270492,30.553392,1.285492
10.308200,30.533023,1.262212
10.340416,30.547325,1.250653
10.353410,30.526076,1.239828
10.373074,30.533577,1.212041
10.399784,30.517018,1.195294
10.407421,30.521031,1.145716
10.428431,30.499184,1.146581
10.453305,30.504300,1.126079
10.499346,30.481826,1.076304
10.504372,30.477984,1.078813
10.538212,30.471089,1.056407
10.556785,30.465915,1.009181
10.573408,30.463384,1.013504
10.584880,30.444421,0.986483
10.598073,30.466001,0.959633
10.638988,30.455439,0.939112
10.668307,30.432041,0.896563
10.670381,30.410867,0.900119
10.707789,30.419241,0.861193
10.722022,30.420188,0.863989
10.747734,30.394436,0.813774
10.788370,30.402160,0.819617
10.790355,30.390565,0.796350
10.824703,30.390333,0.759614
10.839390,30.367083,0.745816
10.847240,30.381960,0.723990
10.867190,30.352366,0.694372
10.903513,30.352213,0.689960
10.924027,30.344421,0.667125
10.935514,30.336601,0.618741
10.963706,30.324631,0.601327
10.983466,30.340715,0.582528
11.007231,30.327288,0.564615
11.025834,30.311378,0.533582
11.049823,30.282776,0.502068
11.086988,30.290651,0.504893
11.106242,30.292806,0.462817
11.129344,30.288784,0.440338
11.141574,30.292047,0.431566
11.166135,30.250415,0.390162
11.195593,30.254037,0.376610
11.219596,30.245757,0.353717
11.240604,30.247602,0.310665
11.280916,30.241317,0.299623
11.297984,30.234898,0.287160
11.317784,30.230707,0.246023
11.321690,30.208802,0.231796
11.384589,30.214674,0.207725
11.374508,30.177346,0.185217
11.397722,30.178801,0.171930
11.411140,30.158925,0.157673
11.456506,30.160465,0.120427
11.451635,30.147848,0.067679
11.497840,30.141778,0.052860
11.500112,30.123444,0.043563
11.555610,30.117744,0.012485
11.560862,30.112078,-0.022504
11.594847,30.102662,-0.015158
11.633722,30.100317,-0.049408
11.626516,30.079852,-0.086563
11.639733,30.072923,-0.098987
11.675669,30.068052,-0.115732
11.703508,30.065758,-0.152182
11.732562,30.050039,-0.174145
11.749034,30.032715,-0.191126
11.774256,30.048223,-0.217872
11.791801,30.012552,-0.258508
11.806084,30.011099,-0.283398
11.844090,30.020554,-0.303836
11.862948,29.988553,-0.334080
11.902269,30.000590,-0.353972
11.915449,29.975990,-0.367639
11.930007,29.965826,-0.387554
11.975975,29.963559,-0.422878
11.970363,29.947487,-0.432051
11.983610,29.953642,-0.458066
12.038198,29.928705,-0.503078
12.047602,29.912098,-0.533074
12.064917,29.912421,-0.552900
12.113946,29.904311,-0.578834
12.138705,29.878131,-0.607899
12.169564,29.895014,-0.620665
12.184305,29.857610,-0.640724
12.213850,29.867331,-0.659983
12.204887,29.833094,-0.710156
12.241374,29.835982,-0.728442
12.262190,29.832041,-0.742739
12.293967,29.818760,-0.784703
12.312848,29.815007,-0.785341
12.350155,29.789112,-0.819734
12.366563,29.799141,-0.842327
12.372267,29.771941,-0.883501
12.397131,29.759191,-0.912362
12.442675,29.765036,-0.939589
12.453445,29.749181,-0.973413
12.480957,29.734383,-0.987345
12.493209,29.741074,-1.022109
12.536542,29.721926,-1.029018
12.551148,29.706294,-1.070383
12.573933,29.710363,-1.105420
12.612679,29.666405,-1.113601
12.607534,29.665972,-1.167332
12.653513,29.640278,-1.169582
12.673804,29.648635,-1.193704
12.706576,29.622019,-1.234529
12.717783,29.638736,-1.244884
12.741900,29.599763,-1.270046
12.768761,29.591896,-1.300324
12.794418,29.595009,-1.334386
12.823563,29.552308,-1.356113
12.842878,29.576369,-1.395225
12.860144,29.542047,-1.409694
12.892095,29.531722,-1.460978
12.902511,29.526563,-1.454218
12.944893,29.524696,-1.497191
12.962009,29.504991,-1.526309
12.986818,29.496481,-1.537712
13.015060,29.480742,-1.580053
13.032679,29.450821,-1.612269
13.088961,29.446457,-1.632745
13.089912,29.410437,-1.655368
13.113400,29.430325,-1.695418
13.138951,29.407628,-1.712416
13.165776,29.401894,-1.731439
13.183192,29.385707,-1.779282
13.217312,29.368982,-1.794923
13.237725,29.352392,-1.835777
13.238976,29.350176,-1.841747
13.296031,29.340266,-1.884662
13.301559,29.326880,-1.881314
13.342864,29.310370,-1.942554
13.358810,29.306045,-1.966493
13.377381,29.295115,-1.990916
13.416327,29.286955,-2.017014
13.443664,29.260399,-2.050295
13.459506,29.259070,-2.099474
13.486355,29.213318,-2.114857
13.502074,29.218884,-2.130382
13.535088,29.211424,-2.159880
13.557600,29.186786,-2.194311
13.569559,29.184738,-2.211873
13.619413,29.164548,-2.241866
13.638716,29.140099,-2.272849
13.667459,29.141465,-2.307752
13.701451,29.128470,-2.342730
13.716138,29.095355,-2.346305
13.732302,29.096689,-2.394160
13.754031,29.088568,-2.434486
13.787971,29.059548,-2.468198
13.786593,29.066983,-2.476043
13.837720,29.056406,-2.517334
13.847480,29.014766,-2.540144
13.876935,28.985425,-2.573554
13.910968,29.017025,-2.586928
13.940744,28.995380,-2.627607
13.967197,28.959508,-2.660393
13.988960,28.937993,-2.687990
14.007748,28.926621,-2.711418
14.023738,28.914921,-2.739632
14.062446,28.919631,-2.774398
14.085495,28.872432,-2.789232
14.102212,28.878648,-2.818853
14.140043,28.847703,-2.855115
14.142049,28.838693,-2.883332
14.178784,28.810289,-2.915207
14.199124,28.804141,-2.937971
14.238426,28.814582,-2.980787
14.248023,28.803035,-3.003182
14.271396,28.771748,-3.027712
14.316188,28.748667,-3.053655
14.335621,28.748506,-3.081940
14.371074,28.721637,-3.126381
14.382251,28.705489,-3.170703
14.403934,28.688263,-3.198944
14.437446,28.662309,-3.216650
14.456075,28.637461,-3.236512
14.484698,28.636868,-3.276660
14.518756,28.635449,-3.306258
14.552309,28.606720,-3.328414
14.554318,28.607478,-3.379797
14.575302,28.576321,-3.405876
14.599063,28.554728,-3.414180
14.645850,28.530252,-3.460696
14.676220,28.526781,-3.513678
14.671496,28.484320,-3.508851
14.703760,28.507792,-3.521245
14.736863,28.483597,-3.574843
14.757375,28.469735,-3.601580
14.783259,28.444445,-3.620964
14.802317,28.420605,-3.676143
14.837057,28.416712,-3.693748
14.865064,28.387513,-3.717848
14.878403,28.386558,-3.755715
14.900674,28.367641,-3.798945
14.914277,28.342867,-3.818894
14.967153,28.339995,-3.866903
14.983313,28.284926,-3.884247
15.019113,28.297112,-3.919714
15.020057,28.274647,-3.935285
15.076912,28.258878,-3.983486
15.075818,28.248212,-4.005551
15.121085,28.198770,-4.048782
15.144754,28.203240,-4.060650
15.176439,28.177623,-4.095560
15.188235,28.162362,-4.132120
15.217772,28.141264,-4.166763
15.236936,28.122380,-4.193016
15.262674,28.105230,-4.225997
15.283879,28.097919,-4.253413
15.304887,28.073944,-4.289732
15.355775,28.039973,-4.322484
15.376009,28.029302,-4.340696
15.400361,28.000118,-4.402216
15.418541,27.986959,-4.396767
15.443231,27.984634,-4.440866
15.450344,27.954557,-4.479394
15.499659,27.946783,-4.508009
15.514634,27.927342,-4.538453
15.554831,27.881239,-4.571397
15.569407,27.885845,-4.600577
15.573265,27.859446,-4.634213
15.630839,27.848214,-4.658162
15.643185,27.812471,-4.703556
15.664785,27.809378,-4.731573
15.712850,27.773768,-4.776946
15.723931,27.761505,-4.793411
15.753300,27.753243,-4.833809
15.762687,27.711555,-4.854016
15.790553,27.693693,-4.878210
15.815350,27.679356,-4.914539
15.833054,27.643260,-4.948587
15.885407,27.622553,-4.992568
15.902641,27.626911,-5.020250
15.904809,27.599989,-5.069553
15.931851,27.603678,-5.101072
15.982624,27.566056,-5.117897
16.010187,27.539664,-5.149338
16.017153,27.531325,-5.176254
16.068249,27.505780,-5.212238
16.072577,27.472073,-5.248800
16.098187,27.453100,-5.269107
16.117836,27.457602,-5.312220
16.142874,27.422875,-5.344014
16.164847,27.396681,-5.386036
16.206188,27.384028,-5.414440
16.232311,27.347870,-5.434873
16.254837,27.325018,-5.462434
16.269439,27.295608,-5.492318
16.310725,27.282793,-5.540813
16.323719,27.261600,-5.570181
16.350629,27.240500,-5.612114
16.381147,27.217440,-5.622749
16.400963,27.196394,-5.670572
16.416192,27.169777,-5.716563
16.464152,27.152604,-5.731079
16.474751,27.124941,-5.780090
16.501441,27.111240,-5.795487
16.517203,27.077611,-5.827311
16.544610,27.063313,-5.872054
16.564711,27.033282,-5.896461
16.601047,27.027086,-5.936824
16.623504,26.986876,-5.968789
16.650222,26.979145,-5.999214
16.664971,26.949021,-6.024298
16.693005,26.930933,-6.074330
16.722895,26.893191,-6.096902
16.747913,26.900656,-6.125145
16.778176,26.857086,-6.169069
16.803019,26.830732,-6.188039
16.839539,26.819183,-6.242682
16.850123,26.795364,-6.280691
16.877520,26.756409,-6.296572
16.904680,26.739516,-6.344116
16.917434,26.718969,-6.361840
16.937059,26.716737,-6.418772
16.978866,26.666956,-6.441224
16.991136,26.663338,-6.478136
17.024772,26.638705,-6.492704
17.052053,26.599798,-6.518839
17.098396,26.570405,-6.594570
17.078142,26.552765,-6.584593
17.129148,26.531234,-6.627927
17.150704,26.498536,-6.660613
17.173776,26.455207,-6.724145
17.198934,26.443353,-6.729033
17.221537,26.444468,-6.769154
17.256640,26.386541,-6.802920
17.248569,26.396514,-6.831003
17.303101,26.368735,-6.859368
17.327454,26.327199,-6.907915
17.358939,26.315261,-6.941537
17.374697,26.266518,-6.975552
17.396915,26.241641,-7.005740
17.433761,26.216778,-7.050981
17.433916,26.185763,-7.077524
17.457887,26.166659,-7.114806
17.498877,26.153018,-7.150666
17.506759,26.124646,-7.182646
17.537439,26.088066,-7.197015
17.586626,26.084363,-7.269166
17.583810,26.037730,-7.286367
17.617527,26.018999,-7.318885
17.641901,25.980196,-7.357082
17.638826,25.959051,-7.360797
17.675139,25.940546,-7.405752
17.701084,25.919646,-7.446741
17.747301,25.883627,-7.490525
17.753409,25.872845,-7.515286
17.777724,25.843570,-7.569772
17.806714,25.826730,-7.593624
17.839924,25.775263,-7.632221
17.843734,25.758460,-7.653517
17.895431,25.712229,-7.704965
17.911956,25.695505,-7.719885
17.945954,25.657612,-7.761888
17.967522,25.673438,-7.787765
17.977781,25.595742,-7.806714
18.005826,25.586727,-7.840109
18.024168,25.570761,-7.880618
18.054168,25.530149,-7.926621
18.084919,25.492996,-7.969210
18.109202,25.469004,-8.006426
18.125111,25.451137,-8.036276
18.167266,25.430404,-8.058869
18.176093,25.381278,-8.099282
18.208073,25.373344,-8.134562
18.235703,25.340639,-8.177423
18.265353,25.304202,-8.198684
18.281667,25.271409,-8.249584
18.309906,25.231598,-8.267138
18.336940,25.226669,-8.317788
18.366601,25.183151,-8.334295
18.372852,25.143987,-8.354378
18.381316,25.119862,-8.414477
18.436345,25.108159,-8.455743
18.428170,25.079422,-8.459351
18.470753,25.058440,-8.513310
18.461587,25.002717,-8.549542
18.524854,24.968499,-8.574064
18.541396,24.959664,-8.621506
18.588913,24.946518,-8.662265
18.573634,24.897313,-8.684321
18.606982,24.864913,-8.726194
18.643971,24.844391,-8.750259
18.656606,24.817477,-8.790560
18.699917,24.769374,-8.823588
18.695854,24.753282,-8.858005
18.721958,24.713778,-8.881042
18.755547,24.685391,-8.918790
18.769021,24.654009,-8.980799
18.798138,24.625147,-8.994155
18.828785,24.596184,-9.028507
18.846221,24.562802,-9.060236
18.873355,24.529301,-9.106416
18.886996,24.484520,-9.148405
18.926909,24.466245,-9.165970
18.938784,24.442250,-9.198543
18.967500,24.403761,-9.259995
18.975282,24.378258,-9.267232
18.999155,24.352478,-9.323284
19.048535,24.308977,-9.357629
19.059430,24.289259,-9.381315
19.084213,24.251856,-9.417914
19.108219,24.213217,-9.447723
19.128019,24.175207,-9.484826
19.155899,24.156086,-9.517685
19.170111,24.106440,-9.545365
19.195155,24.091378,-9.597093
19.220821,24.066393,-9.616413
19.243832,24.029409,-9.652958
19.281977,23.967709,-9.695739
19.296401,23.955588,-9.739836
19.320088,23.935626,-9.763391
19.349278,23.894498,-9.812351
19.353294,23.865648,-9.845573
19.392780,23.825041,-9.881223
19.387944,23.795792,-9.890154
19.409160,23.762139,-9.940106
19.450449,23.735290,-9.975966
19.490038,23.691090,-9.991927
19.491956,23.652934,-10.055991
19.527729,23.628235,-10.080992
19.530742,23.605939,-10.119854
19.573190,23.553068,-10.134098
19.585017,23.523864,-10.185382
19.605448,23.500475,-10.205734
19.632098,23.466710,-10.251250
19.643251,23.421678,-10.304334
19.685402,23.384289,-10.320279
19.706702,23.357760,-10.354547
19.736625,23.341326,-10.389647
19.740340,23.283173,-10.409747
19.781158,23.257273,-10.450574
19.796981,23.229527,-10.503182
19.803019,23.183641,-10.536732
19.840742,23.135259,-10.567329
19.865108,23.111016,-10.604859
19.873365,23.055817,-10.636564
19.915152,23.042819,-10.644644
19.905020,22.991592,-10.703597
19.946977,22.959385,-10.736903
19.960432,22.929939,-10.775653
19.999295,22.907406,-10.813503
20.036461,22.875171,-10.849658
20.030578,22.817631,-10.874933
20.066265,22.802238,-10.905743
20.085643,22.750827,-10.955565
20.108254,22.717171,-10.980358
20.125386,22.674982,-11.000050
20.134631,22.639426,-11.044374
20.173864,22.623110,-11.082057
20.194263,22.584610,-11.133801
20.212070,22.538988,-11.154987
20.229085,22.515211,-11.175384
20.251137,22.457095,-11.223630
20.287999,22.429358,-11.263977
20.299931,22.393094,-11.289156
20.308206,22.354307,-11.323010
20.339086,22.289162,-11.373533
20.371413,22.263749,-11.379253
20.376271,22.244302,-11.442534
20.416278,22.190264,-11.457680
20.424454,22.173132,-11.503048
20.446670,22.155851,-11.506992
20.472166,22.108472,-11.556793
20.494882,22.072389,-11.563968
20.501130,22.040543,-11.591984
20.517648,22.013639,-11.619148
20.550327,21.983141,-11.641270
20.534049,21.981797,-11.647710
20.583167,21.930534,-11.674687
20.595632,21.927583,-11.695890
20.614356,21.904119,-11.683197
20.611873,21.876087,-11.712344
20.639122,21.850328,-11.728482
20.656151,21.829804,-11.719746
20.674205,21.818054,-11.736918
20.675576,21.829686,-11.732370
20.697453,21.805450,-11.754507
20.705596,21.789118,-11.723706
20.720256,21.759678,-11.738414
20.709284,21.770591,-11.719955
20.728272,21.762847,-11.738750
20.747883,21.750582,-11.745284
20.737764,21.734115,-11.717540
20.736935,21.738997,-11.738809
20.760684,21.749187,-11.734001
20.757237,21.727789,-11.718628
20.766077,21.753568,-11.719508
20.756437,21.736884,-11.710881
20.779412,21.723349,-11.711812
20.789865,21.719532,-11.701398
20.792457,21.717674,-11.702838
20.786309,21.728979,-11.680476
20.786416,21.735682,-11.689086
20.784205,21.720104,-11.695893
20.792824,21.724030,-11.675866
20.803505,21.729700,-11.665437
20.791040,21.715924,-11.651151
20.802296,21.720123,-11.648105
20.800606,21.733882,-11.662186
20.803531,21.730005,-11.644578
20.806842,21.748200,-11.648729
20.811982,21.733002,-11.619521
20.795356,21.735281,-11.635882
20.826477,21.740568,-11.625698
20.805044,21.728890,-11.593912
20.817380,21.753193,-11.597428
20.810105,21.720426,-11.577762
20.817784,21.750179,-11.578025
20.835408,21.739351,-11.590836
20.817687,21.758820,-11.564641
20.841228,21.749944,-11.565014
20.822437,21.768242,-11.553623
20.833609,21.762013,-11.547098
20.819521,21.751124,-11.571537
20.833222,21.764971,-11.547326
20.824098,21.753130,-11.523615
20.839823,21.766852,-11.508033
20.824391,21.784163,-11.513700
20.814407,21.788038,-11.495711
20.814452,21.793073,-11.498117
20.842797,21.804829,-11.493942
20.841886,21.798053,-11.482044
20.813725,21.795010,-11.488097
20.856260,21.789666,-11.470685
20.846326,21.789918,-11.476433
20.845723,21.807083,-11.453804
20.855696,21.790452,-11.453141
20.853321,21.781746,-11.447882
20.827283,21.807043,-11.441770
20.848267,21.812760,-11.431977
20.847682,21.808192,-11.424170
20.828274,21.804230,-11.422051
20.819152,21.826903,-11.421121
20.837288,21.831787,-11.412101
20.851576,21.818907,-11.386671
20.869048,21.812097,-11.390527
20.846097,21.829350,-11.401111
20.867920,21.822434,-11.377908
20.840537,21.799022,-11.385861
20.854883,21.830312,-11.374010
20.856295,21.831910,-11.343355
20.821984,21.848718,-11.351008
20.851446,21.847168,-11.352452
20.851282,21.829142,-11.350130
20.867491,21.852020,-11.336669
20.863741,21.845619,-11.314429
20.854591,21.844344,-11.323844
20.866596,21.871437,-11.334011
20.847033,21.845532,-11.303902
20.861384,21.869328,-11.311694
20.868747,21.868961,-11.299585
20.868343,21.856094,-11.295810
20.862562,21.870541,-11.286344
20.874973,21.887435,-11.280251
20.845018,21.881554,-11.284165
20.890585,21.865751,-11.262050
20.867783,21.867061,-11.262723
20.856381,21.897350,-11.254243
20.861215,21.879938,-11.253236
20.862156,21.861336,-11.230721
20.862308,21.878832,-11.242594
20.866061,21.894184,-11.223452
20.867227,21.883708,-11.234979
20.883982,21.897553,-11.230584
20.882446,21.885194,-11.193737
20.889154,21.892735,-11.211003
20.863834,21.894508,-11.210639
20.881714,21.890477,-11.188027
20.869096,21.897437,-11.209310
20.880407,21.903728,-11.180678
20.871270,21.909829,-11.189848
20.871790,21.913965,-11.180915
20.864674,21.903555,-11.173945
20.873298,21.914305,-11.161087
20.894391,21.906208,-11.154960
20.888659,21.909311,-11.126410
20.881730,21.926790,-11.155085
20.889361,21.936415,-11.148699
20.899561,21.922302,-11.145894
20.888408,21.907084,-11.143971
20.903422,21.917947,-11.136708
20.883880,21.921489,-11.132648
20.883221,21.936791,-11.097338
20.897990,21.938517,-11.108053
20.887148,21.941096,-11.109855
20.895263,21.927905,-11.113624
20.887298,21.946238,-11.099733
20.900651,21.941128,-11.099212
20.891667,21.950996,-11.077599
20.894161,21.952012,-11.091873
20.886105,21.956994,-11.096350
20.904647,21.946509,-11.060023
20.889129,21.960416,-11.075237
20.888879,21.939973,-11.070270
20.877040,21.945433,-11.048436
20.892129,21.956945,-11.053670
20.903701,21.970624,-11.054746
20.892819,21.956874,-11.029415
20.883926,21.957707,-11.047794
20.887005,21.966892,-11.053585
20.895109,21.971615,-11.041033
20.906928,21.959523,-11.019433
20.891289,21.967098,-11.026352
20.885991,21.979803,-11.003184
20.902212,21.991329,-11.016517
20.896298,21.969845,-11.010350
20.896037,21.959519,-10.988505
20.889118,21.981948,-10.994104
20.897238,21.988066,-11.002640
20.903411,21.980618,-10.999042
20.911638,21.972437,-10.983037
20.890814,21.995284,-10.985377
20.900881,22.003797,-10.983293
20.899182,21.974006,-10.991426
20.889521,21.990504,-10.967486
20.911217,21.989064,-10.960952
20.888611,21.995195,-10.946966
20.887444,21.986836,-10.966086
20.924846,21.998671,-10.954633
20.884877,21.991314,-10.952892
20.908713,21.997858,-10.929299
20.902295,22.000083,-10.943849
20.906564,21.999287,-10.958377
20.915036,22.006594,-10.927902
20.911255,22.001078,-10.927467
20.905502,22.015341,-10.939211
20.912492,22.012862,-10.902072
20.901321,21.997496,-10.917001
20.913775,22.016978,-10.901346
20.908388,22.018864,-10.905637
20.929187,22.030913,-10.909943
20.910582,22.020951,-10.888497
20.903176,22.028256,-10.902576
20.903569,22.013528,-10.886117
20.921226,22.023297,-10.912649
20.914468,22.009191,-10.888777
20.914300,22.047458,-10.885818
20.916444,22.015439,-10.879280
20.914304,22.007352,-10.879951
20.927444,22.016957,-10.863024
20.918417,22.018779,-10.871238
20.906603,22.036165,-10.863317
20.918279,22.029192,-10.846823
20.919805,22.028401,-10.851850
20.913697,22.044051,-10.845834
20.909238,22.026812,-10.856069
20.911112,22.044778,-10.854528
20.919866,22.026844,-10.833225
20.919282,22.052105,-10.829490
20.906457,22.037058,-10.847183
20.936488,22.041453,-10.824489
20.925761,22.048925,-10.829736
20.914276,22.063203,-10.821784
20.921145,22.040828,-10.814772
20.925414,22.033238,-10.804576
20.908221,22.043889,-10.799299
20.914690,22.047392,-10.811131
20.920357,22.061246,-10.792910
20.924731,22.054967,-10.792437
20.917772,22.061157,-10.797722
20.920091,22.046262,-10.795857
20.940047,22.061462,-10.786750
20.940484,22.052040,-10.789996
20.902338,22.061934,-10.781370
20.947659,22.077404,-10.789766
20.933020,22.076849,-10.776669
20.936879,22.055250,-10.782823
20.918551,22.072660,-10.760427
20.942309,22.060514,-10.759911
20.927240,22.067587,-10.752526
20.936132,22.071467,-10.754571
20.933816,22.076258,-10.745178
20.927585,22.077360,-10.753488
20.939318,22.089002,-10.755815
20.938053,22.078167,-10.743621
20.934341,22.063587,-10.729986
20.942775,22.072889,-10.747202
20.920676,22.087872,-10.740658
20.954637,22.074476,-10.730003
20.918549,22.057740,-10.730324
20.933995,22.087041,-10.732357
20.933930,22.083857,-10.723476
20.923580,22.093931,-10.726665
20.937379,22.089252,-10.714945
20.925671,22.081446,-10.720885
20.946080,22.117957,-10.714140
20.932446,22.083735,-10.699199
20.927497,22.096079,-10.708322
20.914420,22.096608,-10.697632
20.921977,22.110998,-10.692677
20.935802,22.097169,-10.685249
20.940076,22.091621,-10.705444
20.925678,22.075976,-10.696111
20.934558,22.103179,-10.691176
20.926993,22.093997,-10.695102
20.940193,22.120897,-10.676991
20.941286,22.088775,-10.687100
20.934763,22.101626,-10.663469
20.954616,22.106030,-10.683843
20.938491,22.114784,-10.672505
20.948529,22.093591,-10.666391
20.954260,22.098777,-10.662198
20.915815,22.098335,-10.654406
20.960690,22.106865,-10.645198
20.934115,22.124631,-10.634796
20.942083,22.106180,-10.655436
20.954154,22.100520,-10.645261
20.948176,22.105308,-10.663888
20.940058,22.127780,-10.640297
20.948376,22.104780,-10.657113
20.938661,22.104053,-10.631549
20.943392,22.125275,-10.641933
20.948423,22.121644,-10.640092
20.963835,22.113383,-10.644701
20.941225,22.114868,-10.629536
20.930829,22.125647,-10.637223
20.957843,22.131705,-10.629487
20.958537,22.129287,-10.609933
20.951082,22.134788,-10.613756
20.941155,22.136151,-10.615042
20.946936,22.137155,-10.606927
20.953692,22.113560,-10.608775
20.950518,22.123468,-10.605364
20.943041,22.109463,-10.584795
20.943644,22.131210,-10.601115
20.942551,22.131561,-10.603956
20.957017,22.131112,-10.614487
20.946328,22.124833,-10.590862
20.970918,22.135964,-10.593592
20.958137,22.115868,-10.625220
20.943364,22.123147,-10.587523
20.965998,22.134672,-10.569072
20.952464,22.116787,-10.583623
20.924263,22.135025,-10.569018
20.957559,22.139445,-10.574266
20.969845,22.145682,-10.584570
20.960306,22.141234,-10.585810
20.940860,22.130658,-10.592083
20.948040,22.151558,-10.563230
20.951815,22.148505,-10.557527
20.959877,22.144783,-10.570737
20.952766,22.149927,-10.559516
20.948011,22.137139,-10.564890
20.944314,22.130947,-10.554063
20.955180,22.137621,-10.547795
20.949188,22.134273,-10.537691
20.965800,22.151184,-10.548742
20.951867,22.131416,-10.560583
20.967885,22.165753,-10.550033
20.951715,22.168479,-10.558009
20.964398,22.165277,-10.545297
20.954918,22.151993,-10.547996
20.946410,22.142969,-10.547455
20.956208,22.143335,-10.535780
20.964455,22.154113,-10.548619
20.949545,22.159319,-10.552936
20.941486,22.166568,-10.532099
20.955259,22.159983,-10.536595
20.956434,22.168313,-10.534566
20.953888,22.168262,-10.541258
20.955600,22.151251,-10.540742
20.946053,22.152512,-10.533799
20.944209,22.151036,-10.537786
20.951733,22.176273,-10.518989
20.974925,22.153300,-10.509849
20.963147,22.171571,-10.508950
20.944306,22.153460,-10.525086
20.953711,22.157808,-10.509174
20.964185,22.168000,-10.529504
20.958864,22.165294,-10.500030
20.939632,22.156974,-10.519280
20.971237,22.172404,-10.495309
20.955481,22.163812,-10.509108
20.950532,22.172817,-10.522647
20.951125,22.158973,-10.507292
20.956742,22.181672,-10.486724
20.947068,22.159421,-10.489686
20.965592,22.169255,-10.500378
20.957118,22.152041,-10.483860
20.971416,22.176631,-10.508332
20.965924,22.167311,-10.482285
20.955638,22.164405,-10.484917
20.963177,22.182427,-10.472501
20.955701,22.182363,-10.471981
20.968729,22.181935,-10.481276
20.963057,22.168487,-10.471637
20.974024,22.176936,-10.458269
20.966569,22.179526,-10.469078
20.986929,22.191281,-10.466538
20.967117,22.187714,-10.454540
20.959272,22.149792,-10.464189
20.970171,22.179655,-10.461851
20.973455,22.183433,-10.457470
20.956994,22.164943,-10.472611
20.961798,22.176133,-10.453012
20.953973,22.180983,-10.472534
20.957537,22.187369,-10.456651
20.956394,22.170494,-10.456042
20.963046,22.195301,-10.470144
20.949321,22.178440,-10.450518
20.973225,22.186554,-10.462963
20.957823,22.183440,-10.446444
20.962078,22.181758,-10.433545
20.972601,22.206840,-10.429987
20.964160,22.163364,-10.435704
20.974766,22.190814,-10.431839
20.961264,22.191788,-10.437604
20.968309,22.183280,-10.455220
20.969181,22.185466,-10.444286
20.962811,22.167861,-10.421226
20.968962,22.189529,-10.421892
20.951934,22.178602,-10.434420
20.947692,22.187782,-10.441974
20.954977,22.178216,-10.434537
20.957790,22.199281,-10.416858
20.972567,22.182941,-10.433890
20.955778,22.202658,-10.416765
20.972388,22.200139,-10.430232
20.962831,22.190580,-10.436658
20.972681,22.209858,-10.428326
20.961508,22.190838,-10.393900
20.981262,22.198543,-10.432592
20.948565,22.210342,-10.425262
20.971120,22.200481,-10.413175
20.945406,22.202749,-10.429633
20.981644,22.192112,-10.422470
20.955887,22.195824,-10.410298
20.964528,22.191773,-10.404598
20.976943,22.209781,-10.423510
20.957039,22.194656,-10.383476
20.966639,22.206493,-10.409905
20.955714,22.199928,-10.415825
20.970398,22.193566,-10.408013
20.971026,22.197074,-10.408488
20.973620,22.198591,-10.414266
20.972534,22.178859,-10.386374
20.986967,22.186491,-10.400311
20.983485,22.194252,-10.412956
20.967848,22.213957,-10.404105
20.973652,22.207796,-10.383033
20.980206,22.208744,-10.398889
20.975632,22.205012,-10.390593
20.966068,22.201210,-10.376720
20.985458,22.211405,-10.375887
20.968970,22.193496,-10.392923
20.979837,22.215369,-10.388184
20.962281,22.197335,-10.387009
20.977021,22.206815,-10.379563
20.964344,22.206712,-10.401297
20.999994,22.197744,-10.378457
20.980452,22.209123,-10.387413
20.979945,22.214858,-10.380098
20.975535,22.203517,-10.367021
20.973452,22.216814,-10.369470
20.994721,22.223985,-10.351603
20.980600,22.197948,-10.384772
20.962577,22.203291,-10.364777
20.981483,22.204804,-10.370236
20.962001,22.223964,-10.363638
20.976757,22.204055,-10.364727
20.970466,22.207191,-10.362272
20.985686,22.218134,-10.368650
20.976407,22.198143,-10.359331
20.994920,22.204269,-10.367171
20.970036,22.211023,-10.362841
20.970763,22.214329,-10.367137
20.982440,22.212422,-10.378666
20.969465,22.210899,-10.370296
20.977925,22.209609,-10.375017
20.962354,22.216979,-10.350274
20.962397,22.222995,-10.334794
20.961397,22.225394,-10.354750
20.970738,22.221088,-10.350850
20.965193,22.228970,-10.349609
20.961216,22.207899,-10.346878
20.964625,22.211030,-10.346742
20.987116,22.229392,-10.356140
20.972934,22.221308,-10.356217
20.967321,22.227264,-10.351351
20.984091,22.228762,-10.347759
20.981320,22.216409,-10.357846
20.962709,22.232236,-10.346165
20.975166,22.233808,-10.329567
20.968406,22.234939,-10.346847
20.992894,22.220517,-10.340412
20.973490,22.208211,-10.353426
20.972587,22.224385,-10.337854
20.967833,22.219953,-10.333551
20.952911,22.213869,-10.344989
20.986322,22.226497,-10.349547
20.965793,22.222174,-10.310573
20.962962,22.237561,-10.320651
20.973614,22.223127,-10.333454
20.984855,22.228728,-10.313133
20.977238,22.261039,-10.331559
20.978829,22.230707,-10.346859
20.979190,22.235384,-10.334434
20.990058,22.232308,-10.326818
20.958771,22.240686,-10.332386
20.986658,22.235927,-10.330994
20.970653,22.229926,-10.349450
20.976882,22.235919,-10.322413
20.969534,22.215018,-10.325669
20.977805,22.228789,-10.311165
20.997908,22.214039,-10.321432
20.986447,22.230586,-10.337380
20.984942,22.231720,-10.318456
20.976669,22.250758,-10.309823
21.004232,22.241714,-10.326195
20.971477,22.239219,-10.328142
20.990091,22.239778,-10.314664
20.971977,22.235542,-10.324986
20.973644,22.228424,-10.303876
20.976834,22.236655,-10.309786
20.977269,22.224166,-10.302498
20.972494,22.224953,-10.313189
20.979992,22.241880,-10.295694
20.974177,22.220007,-10.307774
20.991579,22.242857,-10.311812
20.968833,22.225524,-10.296938
20.975060,22.235080,-10.308761
21.001227,22.232066,-10.312245
20.983420,22.232338,-10.309016
20.978044,22.242364,-10.311128
20.984509,22.237414,-10.293871
20.992353,22.237026,-10.299217
20.968637,22.238276,-10.290119
20.984469,22.233074,-10.305617
20.987381,22.220602,-10.304311
20.983609,22.230378,-10.311068
20.997719,22.232332,-10.294624
20.972874,22.253069,-10.296596
20.986708,22.230660,-10.302361
20.980182,22.242890,-10.291004
20.977238,22.236597,-10.286937
20.989739,22.245780,-10.290616
20.980009,22.240747,-10.285750
20.969370,22.245513,-10.287469
20.975215,22.238795,-10.290550
20.976861,22.218409,-10.289720
20.980230,22.252178,-10.269321
20.980256,22.229389,-10.296348
20.995200,22.238295,-10.298852
20.987163,22.264803,-10.288760
20.982469,22.232985,-10.294349
20.968927,22.251430,-10.294201
20.985916,22.243690,-10.273595
20.970456,22.236061,-10.295645
20.987693,22.254260,-10.267725
20.981465,22.261971,-10.299519
20.985177,22.239936,-10.299494
20.983433,22.240475,-10.290222
20.982398,22.226376,-10.283181
20.974101,22.233123,-10.268903
20.984114,22.249351,-10.270421
20.982614,22.237929,-10.292421
20.982951,22.253326,-10.270328
20.985502,22.251735,-10.296463
20.976108,22.245187,-10.284274
20.982480,22.237992,-10.266216
20.987869,22.244913,-10.279653
20.965624,22.249219,-10.266503
20.999965,22.240569,-10.269449
20.968365,22.261761,-10.265701
20.988606,22.264730,-10.263365
20.993273,22.235047,-10.266608
20.979353,22.236986,-10.253185
20.994553,22.244167,-10.272607
20.981675,22.243153,-10.247688
20.980680,22.230202,-10.272326
20.984357,22.250562,-10.267330
20.989638,22.263126,-10.270294
20.993901,22.255361,-10.268308
20.993727,22.258293,-10.257417
20.989660,22.246345,-10.254021
20.991433,22.251234,-10.278944
20.993006,22.258765,-10.260913
20.987668,22.245687,-10.266229
20.986117,22.250253,-10.255287
20.978121,22.238219,-10.244891
20.978632,22.231572,-10.244664
20.971334,22.264710,-10.260964
20.977561,22.246736,-10.242127
20.988310,22.260111,-10.270750
20.984657,22.256029,-10.263321
20.988618,22.242814,-10.251089
20.980838,22.252889,-10.259365
20.980335,22.252831,-10.242228
20.987646,22.255184,-10.270804
20.995939,22.240594,-10.259778
20.984670,22.271483,-10.252849
20.972181,22.265143,-10.252977
20.975536,22.251239,-10.266388
20.985320,22.246320,-10.233279
21.002178,22.251492,-10.243645
20.978550,22.257310,-10.249102
20.978525,22.276842,-10.277137
20.965289,22.262030,-10.250316
20.964073,22.254146,-10.263731
20.978439,22.250987,-10.256781
20.981654,22.253726,-10.257481
20.982674,22.252003,-10.247134
20.981625,22.238358,-10.243747
20.987781,22.243191,-10.241617
20.982505,22.238903,-10.231100
20.984913,22.258972,-10.248919
21.006701,22.264526,-10.251044
20.981205,22.270105,-10.231159
20.990950,22.246688,-10.238479
21.005842,22.260307,-10.251690
20.981127,22.276166,-10.245811
20.993324,22.257053,-10.239881
21.010317,22.254987,-10.248571
20.982713,22.251443,-10.226468
20.995952,22.240872,-10.239422
20.985736,22.262460,-10.245484
20.984026,22.250533,-10.235239
21.014456,22.241040,-10.244425
20.995864,22.269058,-10.254057
21.005434,22.261475,-10.233851
20.984929,22.263877,-10.222219
20.978666,22.267337,-10.233380
20.970092,22.250463,-10.242715
20.967440,22.256645,-10.246031
20.976724,22.261907,-10.237716
20.985419,22.253531,-10.234600
20.985364,22.273872,-10.232911
20.987043,22.277668,-10.231047
20.985033,22.261327,-10.231421
20.978913,22.273155,-10.227473
20.983262,22.253235,-10.239079
21.029841,22.255182,-10.239679
20.984847,22.253461,-10.240873
20.984789,22.263170,-10.228722
20.994993,22.253357,-10.224330
20.990159,22.264464,-10.230163
20.962324,22.262465,-10.228236
20.997552,22.278536,-10.246896
20.993061,22.255714,-10.220815
20.981951,22.276867,-10.237764
20.993974,22.264343,-10.249778
20.991117,22.261888,-10.243604
20.992997,22.262011,-10.240973
20.995464,22.274486,-10.229865
20.990897,22.276227,-10.229874
21.000577,22.265012,-10.239790
20.988079,22.264742,-10.220772
20.994259,22.277501,-10.236052
20.978012,22.276053,-10.223644
20.988806,22.269000,-10.215818
20.979442,22.267417,-10.209880
21.000130,22.279414,-10.217659
20.981892,22.272607,-10.244495
20.973722,22.264655,-10.222574
20.982856,22.262881,-10.214283
20.968101,22.256456,-10.225018
20.979330,22.270532,-10.204461
20.967143,22.270501,-10.220573
20.998789,22.266381,-10.229755
20.993223,22.259110,-10.208071
20.991663,22.253909,-10.226048
20.991273,22.264033,-10.225288
20.983442,22.262863,-10.230646
20.985627,22.267498,-10.215421
20.985213,22.258508,-10.218844
20.995727,22.272896,-10.223055
20.991782,22.261497,-10.222224
20.990042,22.289455,-10.236287
20.993502,22.255807,-10.200284
21.005539,22.277160,-10.223871
20.979761,22.269060,-10.216287
20.990251,22.273131,-10.208081
21.010362,22.269444,-10.219008
20.998319,22.261767,-10.205862
20.970619,22.267513,-10.231729
21.007137,22.272797,-10.227360
21.005713,22.267891,-10.207533
20.975482,22.270042,-10.195695
20.999750,22.268697,-10.196585
20.982312,22.278089,-10.205624
20.986996,22.252006,-10.203878
21.005674,22.295436,-10.197187
21.006523,22.284429,-10.210935
20.977349,22.280801,-10.197776
20.995276,22.278606,-10.209908
21.006818,22.292516,-10.216966
21.017377,22.273170,-10.223423
20.987219,22.272409,-10.198998
20.983386,22.267536,-10.215761
20.993193,22.279895,-10.219977
21.011132,22.274371,-10.216779
20.982912,22.291683,-10.213575
20.978028,22.265872,-10.201083
20.994127,22.260627,-10.217142
20.991206,22.278944,-10.212609
20.996992,22.276479,-10.189990
20.995962,22.271305,-10.217133
20.979105,22.282802,-10.205736
21.000072,22.260493,-10.195780
21.001800,22.264175,-10.184470
21.003052,22.269646,-10.206147
20.998180,22.265189,-10.212590
21.009833,22.277500,-10.206562
21.008031,22.276396,-10.214726
20.986898,22.264072,-10.202378
20.999074,22.256658,-10.202654
21.001462,22.261398,-10.195365
21.003210,22.288376,-10.213786
21.011472,22.284060,-10.188006
20.984086,22.272314,-10.190119
20.985471,22.266836,-10.195435
20.998674,22.275263,-10.192852
20.992191,22.266940,-10.207446
20.974996,22.281403,-10.197966
21.005640,22.274986,-10.198374
21.000896,22.265043,-10.216592
21.010214,22.283369,-10.192729
20.972483,22.280035,-10.182249
21.003733,22.274608,-10.201612
20.987723,22.262944,-10.218532
20.997519,22.270226,-10.218884
20.980731,22.272628,-10.208657
20.978475,22.287061,-10.187525
20.990901,22.281041,-10.191934
21.004579,22.273058,-10.190218
20.978357,22.277596,-10.189886
20.997584,22.266062,-10.187639
20.997947,22.266074,-10.214536
20.981410,22.285557,-10.188145
20.991793,22.283627,-10.189086
20.984697,22.286558,-10.193974
20.983406,22.276921,-10.205554
20.996451,22.269562,-10.191186
21.016229,22.274146,-10.188288
20.978782,22.280986,-10.183899
20.987257,22.280635,-10.195451
20.991800,22.269769,-10.207239
20.996960,22.271091,-10.201816
21.004682,22.288780,-10.195580
20.999755,22.282572,-10.181788
20.998987,22.285024,-10.195784
21.012569,22.269132,-10.195657
20.991109,22.282405,-10.171677
20.981155,22.284450,-10.178301
20.985293,22.285984,-10.174120
20.988823,22.263447,-10.182087
20.990127,22.272096,-10.192698
20.987309,22.289714,-10.182105
21.009795,22.259038,-10.201476
20.989049,22.272399,-10.189826
20.985399,22.293160,-10.194765
21.002370,22.265913,-10.192873
20.984585,22.281704,-10.182725
21.002301,22.265750,-10.193111
20.993697,22.282442,-10.204739
20.997774,22.281179,-10.194497
20.992746,22.281050,-10.174416
21.004327,22.267036,-10.188432
21.018008,22.270133,-10.177402
20.994782,22.271388,-10.180847
21.006015,22.265187,-10.212625
21.000345,22.274338,-10.187221
21.008897,22.261481,-10.183289
20.989065,22.280389,-10.168868
20.999953,22.266531,-10.191803
20.990976,22.275463,-10.174515
20.991210,22.267871,-10.196322
20.988155,22.258835,-10.192595
21.017002,22.291142,-10.180224
20.977339,22.256557,-10.179851
20.996729,22.277439,-10.174487
20.987535,22.279169,-10.187863
20.993845,22.274482,-10.188379
20.983780,22.287942,-10.172008
20.981087,22.283512,-10.189328
20.997685,22.276955,-10.179283
21.001659,22.282704,-10.178869
20.984305,22.281294,-10.198481
20.975558,22.275864,-10.178170
20.993330,22.269560,-10.187555
21.001586,22.281034,-10.188146
20.992229,22.282913,-10.194216
20.980037,22.257996,-10.177093
21.006664,22.283942,-10.184921
21.002513,22.283659,-10.174096
20.986020,22.270099,-10.169437
20.985634,22.275578,-10.181740
21.007202,22.282751,-10.173672
20.990230,22.277190,-10.195727
20.992830,22.289739,-10.180400
21.006119,22.271886,-10.201228
21.002505,22.276430,-10.166571
20.990551,22.269981,-10.172007
20.982149,22.270399,-10.204199
21.006787,22.275457,-10.181455
20.985392,22.288206,-10.167238
20.986021,22.286856,-10.184802
21.001242,22.277831,-10.187126
21.005013,22.273425,-10.184367
20.989428,22.287866,-10.175798
20.982280,22.290862,-10.186869
20.986594,22.287005,-10.161770
20.988311,22.300921,-10.193128
21.000604,22.277161,-10.182883
20.986086,22.278014,-10.188485
21.005283,22.299292,-10.172762
20.982347,22.284652,-10.186657
21.000726,22.263664,-10.156739
20.994571,22.295240,-10.172836
20.988636,22.289398,-10.168900
20.997289,22.287692,-10.191863
20.982459,22.278443,-10.174720
20.978553,22.284929,-10.168682
20.979834,22.277356,-10.173316
20.990102,22.276213,-10.172249
21.009885,22.285872,-10.171222
20.988326,22.284774,-10.170661
20.989289,22.301663,-10.163515
20.991945,22.283752,-10.196687
20.982545,22.284022,-10.156224
21.002254,22.268885,-10.160616
20.983465,22.289576,-10.168537
20.992445,22.279368,-10.182918
20.985677,22.293777,-10.174900
20.997746,22.297772,-10.185900
20.997447,22.266808,-10.183748
20.985340,22.289916,-10.170087
20.984707,22.278098,-10.170255
20.984277,22.279619,-10.189635
20.990584,22.273750,-10.181073
20.979547,22.281822,-10.189935
20.984261,22.284031,-10.178442
20.991872,22.289135,-10.191643
21.008808,22.286149,-10.166464
21.015177,22.267586,-10.181050
20.982037,22.272266,-10.187085
21.006367,22.282900,-10.163611
21.001972,22.294495,-10.150771
20.996101,22.277630,-10.166180
20.980998,22.277408,-10.173162
20.987818,22.282320,-10.157047
20.988562,22.294023,-10.181031
20.989695,22.292651,-10.150096
20.992063,22.292352,-10.165726
20.980995,22.263630,-10.174431
21.000971,22.281794,-10.149025
20.995158,22.283342,-10.172090
20.991208,22.280363,-10.173102
21.004601,22.302740,-10.170873
20.989980,22.281039,-10.163329
21.002349,22.295627,-10.173043
20.995229,22.290753,-10.174421
20.988703,22.272727,-10.178468
20.997075,22.265927,-10.172531
20.985706,22.267338,-10.158908
21.009926,22.292095,-10.155684
20.993563,22.279534,-10.164550
21.004265,22.295098,-10.160078
21.012988,22.278856,-10.173285
20.977590,22.272705,-10.157700
20.984863,22.298255,-10.171887
21.022359,22.290818,-10.185588
21.001542,22.281026,-10.164865
20.999314,22.304150,-10.159893
21.003389,22.283598,-10.158887
21.005449,22.281217,-10.156538
20.994819,22.268244,-10.174234
21.009163,22.296008,-10.167097
20.983557,22.293335,-10.164926
20.992432,22.294162,-10.162551
20.979990,22.288193,-10.170006
21.004761,22.287994,-10.177647
20.972558,22.294290,-10.169824
20.999373,22.291222,-10.149927
20.984756,22.285147,-10.163700
20.998843,22.277356,-10.160907
20.998943,22.288531,-10.169412
20.981473,22.300864,-10.188836
20.993756,22.284930,-10.164474
21.009572,22.272592,-10.165450
20.982662,22.303790,-10.166803
20.976220,22.292070,-10.161510
21.014191,22.273037,-10.165496
20.993363,22.281685,-10.157349
20.982762,22.273029,-10.180333
21.004700,22.292830,-10.151249
20.993472,22.289506,-10.167629
20.993156,22.291530,-10.156049
20.989007,22.279105,-10.162841
20.990910,22.287127,-10.167153
21.007653,22.284186,-10.168785
21.016854,22.296606,-10.165129
20.977483,22.290467,-10.174616
20.998218,22.281114,-10.170150
21.004383,22.294910,-10.161972
21.014261,22.279377,-10.150129
20.987746,22.285275,-10.182219
20.989570,22.293082,-10.164180
20.997718,22.270903,-10.172951
20.996633,22.286940,-10.156214
20.986558,22.304854,-10.163438
20.974722,22.315914,-10.166764
20.991687,22.289228,-10.167671
20.995697,22.291337,-10.156527
21.007862,22.283794,-10.158150
21.005617,22.292305,-10.163589
20.988828,22.279500,-10.157792
20.981332,22.273145,-10.158192
20.984780,22.291285,-10.159763
21.021558,22.262443,-10.161564
21.015900,22.286722,-10.163850
21.003210,22.286032,-10.182221
20.991599,22.290411,-10.165461
21.012498,22.272409,-10.169528
20.985743,22.299972,-10.175513
21.003344,22.285982,-10.163822
21.001444,22.287816,-10.149438
20.997203,22.271636,-10.167499
20.996102,22.308675,-10.143460
21.016817,22.281091,-10.181052
20.988490,22.289964,-10.165062
20.995913,22.284219,-10.161407
21.001934,22.254394,-10.147041
21.011425,22.287925,-10.167683
20.990151,22.279037,-10.165842
21.012208,22.309792,-10.161018
20.989932,22.296644,-10.160924
20.997679,22.293761,-10.138816
21.000619,22.293388,-10.177582
20.982973,22.292688,-10.143919
20.996857,22.278848,-10.157640
20.999948,22.283464,-10.159226
20.994664,22.275910,-10.174412
20.989870,22.301026,-10.165839
20.977642,22.294350,-10.147826
20.999034,22.275039,-10.147798
20.990001,22.281729,-10.156953
20.996933,22.292127,-10.157955
20.997613,22.265113,-10.161699
20.990093,22.309598,-10.141857
20.993659,22.276241,-10.153183
21.003992,22.288031,-10.151400
20.996337,22.291711,-10.162815
21.000223,22.296611,-10.168651
21.002632,22.297636,-10.162769
21.009531,22.294184,-10.164258
20.990533,22.307777,-10.150100
21.001253,22.288100,-10.165276
21.001152,22.293678,-10.166067
20.989424,22.296247,-10.160680
20.988381,22.306813,-10.163923
20.993198,22.283411,-10.182250
21.017096,22.299234,-10.162840
20.984770,22.286323,-10.159685
21.018211,22.284584,-10.149176
20.991163,22.285966,-10.163373
21.000665,22.294105,-10.139452
21.006655,22.295845,-10.139536
21.003864,22.299540,-10.140640
21.003530,22.304631,-10.150649
20.998936,22.288284,-10.170765
21.006425,22.295477,-10.148509
21.016452,22.291906,-10.152389
21.019148,22.291133,-10.159625
20.998619,22.297466,-10.167755
20.988306,22.298863,-10.162988
21.006581,22.289559,-10.152161
20.977929,22.301233,-10.154926
20.985021,22.283712,-10.152793
20.996401,22.280361,-10.154695
21.001497,22.299949,-10.157595
21.001086,22.283754,-10.169004
20.993397,22.293113,-10.139115
20.996637,22.289751,-10.143123
20.997648,22.273331,-10.142130
21.017906,22.277906,-10.156388
20.994275,22.300780,-10.151266
20.995307,22.288881,-10.167471
21.004258,22.275972,-10.155214
20.991336,22.286543,-10.150017
20.993109,22.296354,-10.172024
20.987561,22.292256,-10.152977
21.001109,22.288601,-10.148512
20.998583,22.312149,-10.156880
20.991192,22.283992,-10.177804
21.006839,22.283835,-10.158648
21.013538,22.294549,-10.146788
21.002942,22.285863,-10.150179
21.004691,22.286667,-10.154650
20.987008,22.293143,-10.150239
21.002496,22.304226,-10.157063
21.000469,22.301143,-10.140818
20.996684,22.298041,-10.142086
20.988861,22.290034,-10.158456
21.020322,22.272779,-10.147733
21.005724,22.273422,-10.160816
20.991761,22.283990,-10.133977
21.003003,22.295438,-10.165358
21.013155,22.297768,-10.151639
20.999984,22.291049,-10.154325
21.010082,22.298838,-10.135764
20.985401,22.295989,-10.140863
21.012588,22.283914,-10.166705
20.991913,22.286220,-10.163333
20.994846,22.287233,-10.173263
21.017464,22.309139,-10.166129
20.995941,22.313531,-10.152263
21.020537,22.272720,-10.147622
21.008019,22.312866,-10.156043
20.993439,22.283676,-10.159509
20.999290,22.283676,-10.146409
20.996734,22.302025,-10.152411
20.993429,22.292064,-10.148104
20.989226,22.301357,-10.155605
20.997053,22.306675,-10.144984
21.005747,22.297075,-10.158569
20.973083,22.296229,-10.155440
21.000504,22.298693,-10.142076
20.996398,22.274006,-10.168084
21.008974,22.284560,-10.165872
21.010397,22.283030,-10.149555
20.984681,22.294268,-10.139749
21.004202,22.301825,-10.147065
20.994228,22.275708,-10.162529
21.003668,22.293350,-10.137734
20.963879,22.307761,-10.154003
20.987889,22.287814,-10.157107
21.000622,22.289325,-10.159054
21.014666,22.288284,-10.163189
21.001978,22.306005,-10.141341
21.003750,22.299230,-10.148852
21.003651,22.301473,-10.149210
20.992675,22.285026,-10.151033
21.018980,22.299017,-10.152497
20.986595,22.298385,-10.168493
20.986930,22.299240,-10.156256
20.995886,22.279117,-10.144822
21.005620,22.301494,-10.159748
20.989275,22.287086,-10.129881
20.990123,22.295464,-10.145582
21.007426,22.277212,-10.155549
20.996658,22.291471,-10.162379
20.995647,22.285701,-10.155856
21.002807,22.290254,-10.128316
20.997438,22.280558,-10.156854
20.992254,22.314363,-10.136500
21.002450,22.293784,-10.156251
20.969037,22.285475,-10.162419
21.002163,22.293034,-10.134843
20.980155,22.297332,-10.149298
20.996240,22.292285,-10.133130
21.011606,22.303021,-10.147602
21.008966,22.292417,-10.164203
20.990753,22.295469,-10.137611
20.995723,22.280881,-10.145877
20.981236,22.287343,-10.165646
20.990713,22.277599,-10.145734
21.010709,22.297612,-10.141675
20.995033,22.303640,-10.151927
20.998260,22.279361,-10.128222
20.991876,22.287342,-10.152846
20.995397,22.301480,-10.161049
20.994285,22.277955,-10.143867
21.000482,22.302309,-10.152181
20.979778,22.305678,-10.154769
20.997050,22.282567,-10.129510
21.010749,22.280726,-10.150943
20.993424,22.294898,-10.154732
21.009859,22.285426,-10.173031
20.999597,22.292368,-10.150552
21.003028,22.303300,-10.149572
21.011891,22.294853,-10.148548
21.004992,22.304228,-10.153348
20.983853,22.294880,-10.172245
20.992340,22.294966,-10.143235
20.982624,22.282547,-10.146037
20.998932,22.293790,-10.148815
20.989450,22.291603,-10.144900
20.991504,22.270498,-10.137695
21.007570,22.285275,-10.160226
21.000417,22.293358,-10.163552
20.989624,22.301895,-10.143869
21.001622,22.288080,-10.163158
20.994602,22.285365,-10.153852
20.969750,22.287633,-10.143628
20.998178,22.288275,-10.154685
20.997534,22.284718,-10.148841
21.021330,22.319661,-10.165781
21.007436,22.286454,-10.140763
20.998463,22.278378,-10.148051
20.982481,22.286142,-10.154230
20.993156,22.294807,-10.151204
20.986756,22.303278,-10.138742
21.003026,22.280161,-10.132740
20.978774,22.299889,-10.154712
20.985625,22.296706,-10.173279
21.000016,22.274276,-10.150776
20.999936,22.290249,-10.134479
21.012171,22.297912,-10.161543
20.994639,22.292949,-10.136484
20.996158,22.274278,-10.137558
20.986670,22.295777,-10.148775
21.000543,22.301344,-10.153479
21.005461,22.294395,-10.165417
21.002860,22.305115,-10.157082
21.010323,22.288717,-10.138852
20.999990,22.308024,-10.157537
20.984923,22.283353,-10.140859
20.993591,22.276545,-10.154155
20.995561,22.314333,-10.156503
20.984017,22.303956,-10.153749
20.979446,22.296576,-10.147551
21.006007,22.290223,-10.154158
20.980819,22.313043,-10.134663
20.993735,22.298090,-10.150670
21.004193,22.297147,-10.143581
20.992329,22.282225,-10.131767
20.998254,22.282737,-10.138751
21.008985,22.277846,-10.149244
20.997790,22.289759,-10.143661
20.985297,22.303690,-10.145822
20.994895,22.282853,-10.153168
20.990297,22.293622,-10.111606
20.984455,22.281366,-10.147953
20.984960,22.299922,-10.154958
20.990529,22.288628,-10.152203
21.007599,22.300837,-10.139542
20.983654,22.293054,-10.131270
20.988713,22.297912,-10.147360
20.996802,22.311013,-10.139940
21.004318,22.299066,-10.155477
21.017264,22.301475,-10.142127
20.987405,22.291574,-10.134530
21.010008,22.285654,-10.141037
21.008906,22.298934,-10.157098
20.995502,22.275583,-10.139495
21.001929,22.280468,-10.151394
20.994380,22.292415,-10.150446
20.989827,22.299318,-10.159589
20.998327,22.286650,-10.137148
21.001067,22.291463,-10.148648
21.000447,22.300628,-10.129627
20.983764,22.286996,-10.160653
20.990555,22.288971,-10.158325
20.997604,22.280563,-10.149307
20.989881,22.318461,-10.162920
21.012852,22.283320,-10.144589
20.992749,22.298760,-10.142382
21.008998,22.284769,-10.147638
20.979432,22.297072,-10.150600
21.004511,22.295773,-10.144647
21.008844,22.301589,-10.142840
21.018662,22.288490,-10.137524
21.009384,22.291498,-10.152336
20.997263,22.291576,-10.153563
20.998975,22.288218,-10.144502
21.002338,22.296759,-10.160277
21.008670,22.291869,-10.138365
20.995932,22.285288,-10.153938
20.994499,22.290223,-10.161322
20.986797,22.270342,-10.140257
21.008341,22.297742,-10.151235
20.974830,22.292878,-10.123016
20.997704,22.300797,-10.143785
20.986063,22.300576,-10.138003
20.967226,22.301208,-10.139750
21.000915,22.283351,-10.143371
21.006093,22.289039,-10.152049
21.010211,22.296957,-10.146015
20.990910,22.294457,-10.126164
21.002848,22.298532,-10.160096
20.998521,22.294931,-10.147749
21.018306,22.294806,-10.149793
20.987328,22.299399,-10.133686
20.993860,22.304760,-10.142917
20.995187,22.274051,-10.146186
21.012130,22.291003,-10.139384
20.979687,22.286952,-10.158666
21.007771,22.288174,-10.126903
21.002335,22.299341,-10.136527
20.996178,22.286657,-10.150373
20.980654,22.298328,-10.147686
20.999317,22.284566,-10.148717
21.006001,22.298384,-10.133564
20.999645,22.297272,-10.121372
20.993481,22.299680,-10.152689
21.004553,22.296768,-10.141055
21.002221,22.291637,-10.137460
21.000334,22.297507,-10.138031
20.994142,22.293059,-10.138703
21.000236,22.279257,-10.138325
20.981525,22.305669,-10.145805
20.994225,22.296821,-10.166417
20.999415,22.305954,-10.154097
21.002565,22.297355,-10.139615
20.998908,22.299154,-10.127360
21.004771,22.295386,-10.154655
20.994083,22.289073,-10.135241
20.996627,22.294232,-10.142660
20.987337,22.290921,-10.145187
21.005447,22.297272,-10.143296
21.003199,22.293141,-10.154174
21.006681,22.298441,-10.143888
21.017796,22.291516,-10.170892
20.982719,22.284895,-10.134928
21.002407,22.294799,-10.147430
20.989290,22.274090,-10.140357
21.002625,22.290637,-10.153850
20.994459,22.286156,-10.159147
21.004806,22.287305,-10.150428
20.996637,22.299740,-10.150387
20.998039,22.307196,-10.127450
20.998993,22.308306,-10.145913
21.015724,22.268205,-10.157695
20.993647,22.290051,-10.145475
20.995709,22.296482,-10.139873
21.011615,22.271583,-10.137815
21.006292,22.276193,-10.138063
20.998157,22.279660,-10.129094
21.008590,22.286012,-10.148674
20.998036,22.288689,-10.144935
20.992515,22.303111,-10.148337
21.003962,22.302217,-10.156298
20.996955,22.283961,-10.137058
20.993463,22.295803,-10.164789
20.992934,22.278475,-10.142271
20.994171,22.293657,-10.156653
20.991734,22.295072,-10.140481
20.998532,22.274300,-10.146205
21.003367,22.272232,-10.144499
21.001936,22.299725,-10.135816
20.990048,22.284887,-10.137577
21.011757,22.283250,-10.139523
21.005337,22.295067,-10.134982
20.993971,22.289796,-10.163785
20.993628,22.293375,-10.128430
20.982632,22.276504,-10.151698
20.992576,22.306638,-10.144927
21.009467,22.299788,-10.147152
20.993426,22.282125,-10.122363
20.995794,22.297496,-10.152587
20.982046,22.294943,-10.145734
21.013143,22.288864,-10.142259
21.002653,22.283977,-10.137348
21.012315,22.288724,-10.127873
20.997158,22.289098,-10.120074
20.998196,22.288412,-10.147510
20.997505,22.311574,-10.148456
20.990237,22.295750,-10.146966
20.980787,22.287968,-10.130871
20.994980,22.285073,-10.129271
21.009195,22.291718,-10.151913
21.002593,22.292595,-10.149533
20.993470,22.285696,-10.148834
21.010332,22.288305,-10.123541
20.997152,22.299407,-10.154071
21.004606,22.278214,-10.131856
21.018987,22.301774,-10.139071
21.019342,22.291747,-10.155774
20.991504,22.296362,-10.138460
21.008385,22.297324,-10.129861
20.987458,22.266374,-10.160004
20.991366,22.310933,-10.156931
20.987804,22.306507,-10.131961
21.013751,22.305545,-10.147104
20.994448,22.286414,-10.143848
20.999313,22.283039,-10.138491
20.995974,22.280834,-10.154779
21.010227,22.303748,-10.145950
21.024574,22.301220,-10.134752
21.001282,22.282921,-10.150171
20.996781,22.299625,-10.156990
20.988181,22.307323,-10.130438
20.999050,22.303058,-10.143355
20.984614,22.282299,-10.143636
21.005963,22.299031,-10.137068
21.013083,22.297399,-10.163189
20.998729,22.313151,-10.140620
20.985953,22.296905,-10.126966
20.997571,22.296264,-10.138811
20.978224,22.290668,-10.139440
20.989670,22.303650,-10.165968
20.984471,22.302081,-10.136109
21.000084,22.307211,-10.125675
20.998904,22.278979,-10.145959
21.006206,22.276244,-10.150547
21.008164,22.289792,-10.131906
21.006130,22.285017,-10.129161
20.991001,22.295270,-10.140975
20.995185,22.303221,-10.144576
20.996752,22.291672,-10.135627
20.994653,22.292374,-10.132816
21.000591,22.306763,-10.150089
20.989204,22.282177,-10.139375
20.994611,22.299661,-10.153125
21.002393,22.305302,-10.159111
21.001992,22.297502,-10.148405
21.000609,22.289557,-10.150062
20.994946,22.280028,-10.143696
21.008997,22.297175,-10.144070
21.002460,22.296405,-10.149837
20.990610,22.286668,-10.140753
20.996305,22.299888,-10.144910
20.991295,22.290439,-10.156542
21.006674,22.273551,-10.158059
20.993816,22.280926,-10.160209
20.995588,22.251291,-10.197143
21.008522,22.286268,-10.208434
21.005759,22.254489,-10.220061
20.993584,22.234274,-10.237531
21.008506,22.234613,-10.233121
21.015846,22.251277,-10.260474
21.020726,22.236519,-10.277178
20.993244,22.217838,-10.305925
20.996211,22.210708,-10.309560
21.034519,22.209367,-10.319664
20.981211,22.188853,-10.350349
20.998044,22.167121,-10.349689
21.015441,22.175972,-10.384558
20.991595,22.158470,-10.385758
21.005981,22.161969,-10.427145
21.025226,22.149893,-10.438168
21.010872,22.137108,-10.461770
21.008809,22.125659,-10.481458
21.013552,22.111142,-10.494659
21.025299,22.102024,-10.517908
21.020655,22.118404,-10.535705
21.016554,22.091193,-10.558800
21.012246,22.074063,-10.568035
21.030566,22.063080,-10.607054
21.028652,22.055284,-10.621606
20.993683,22.040369,-10.661612
21.002059,22.031535,-10.665063
21.012055,22.012874,-10.680065
21.012832,21.996788,-10.721766
21.016367,21.994610,-10.729555
21.016120,22.000519,-10.768611
21.009429,21.959843,-10.777079
21.007852,21.962898,-10.824202
21.019454,21.937092,-10.811500
21.019784,21.946675,-10.852869
21.024385,21.936105,-10.884702
21.034493,21.906550,-10.880933
21.035162,21.918632,-10.922083
21.033017,21.892893,-10.928739
21.030309,21.885143,-10.971831
21.034391,21.851518,-10.985887
21.041267,21.860238,-10.997739
21.024719,21.837955,-11.038161
21.018040,21.823412,-11.076558
21.029359,21.809343,-11.060879
21.046857,21.790798,-11.079780
21.020191,21.793470,-11.123168
21.039510,21.783249,-11.144909
21.024576,21.789738,-11.152050
21.029597,21.754855,-11.198531
21.037760,21.748904,-11.205036
21.029780,21.758870,-11.244646
21.044310,21.732562,-11.250038
21.046214,21.714349,-11.269732
21.038453,21.712240,-11.293082
21.032991,21.673655,-11.331535
21.037502,21.662548,-11.354394
21.031826,21.653096,-11.347516
21.046511,21.653007,-11.377111
21.026333,21.624949,-11.411026
21.044023,21.628470,-11.420915
21.041160,21.614269,-11.442945
21.039404,21.597482,-11.453999
21.031902,21.589372,-11.494754
21.038508,21.575658,-11.533714
21.035538,21.545833,-11.536874
21.051598,21.546772,-11.552006
21.034544,21.531516,-11.575193
21.047169,21.537086,-11.609913
21.040876,21.511600,-11.621318
21.062891,21.489896,-11.656853
21.047540,21.482717,-11.678282
21.051149,21.478257,-11.689626
21.044871,21.454286,-11.727844
21.044416,21.451283,-11.743496
21.050211,21.442521,-11.772088
21.059220,21.420667,-11.777136
21.027615,21.414561,-11.781295
21.038911,21.404943,-11.810639
21.052220,21.379317,-11.856395
21.055723,21.366351,-11.892332
21.063979,21.339905,-11.894842
21.068594,21.357585,-11.922860
21.062533,21.328516,-11.924736
21.057975,21.306911,-11.938913
21.058168,21.294683,-11.968356
21.054816,21.296675,-11.984080
21.074339,21.269296,-12.027147
21.051479,21.280247,-12.019979
21.052793,21.235364,-12.064725
21.080325,21.233782,-12.080790
21.065291,21.228413,-12.101103
21.053029,21.207189,-12.144425
21.049489,21.214905,-12.176797
21.085718,21.182188,-12.170085
21.056512,21.175439,-12.198213
21.070981,21.153210,-12.218786
21.079777,21.136849,-12.229172
21.077289,21.140433,-12.258176
21.092392,21.099873,-12.276461
21.080993,21.107056,-12.293732
21.072028,21.105527,-12.330682
21.074418,21.092789,-12.354497
21.080024,21.062102,-12.360372
21.073206,21.051880,-12.385595
21.072635,21.048033,-12.415890
21.073521,21.018434,-12.430119
21.061805,21.036710,-12.453123
21.070435,21.004151,-12.479873
21.063125,20.971750,-12.491592
21.056678,20.981149,-12.523958
21.066126,20.967856,-12.558172
21.080848,20.944832,-12.564877
21.081524,20.938192,-12.589706
21.069478,20.924218,-12.608647
21.081040,20.885680,-12.623128
21.072637,20.906945,-12.652638
21.087995,20.877985,-12.677455
21.049651,20.871474,-12.700697
21.081721,20.852122,-12.723527
21.067963,20.834948,-12.727055
21.088061,20.822119,-12.781062
21.074717,20.802526,-12.779839
21.091036,20.785818,-12.787584
21.070869,20.782624,-12.829330
21.079173,20.783590,-12.841881
21.085170,20.751225,-12.865405
21.089671,20.752288,-12.878040
21.069942,20.730859,-12.923961
21.085801,20.722124,-12.917321
21.070112,20.705160,-12.936773
21.079460,20.677289,-12.981966
21.094092,20.675301,-13.002535
21.103946,20.673505,-13.028490
21.088873,20.634376,-13.041806
21.091452,20.633426,-13.040432
21.100318,20.601269,-13.060835
21.099775,20.587114,-13.088707
21.086089,20.575785,-13.117072
21.077533,20.588233,-13.139555
21.093439,20.544241,-13.169445
21.074642,20.560688,-13.214891
21.083222,20.520377,-13.196329
21.095244,20.520620,-13.231607
21.087149,20.505994,-13.239993
21.092336,20.496389,-13.267924
21.101149,20.471040,-13.299436
21.110522,20.456122,-13.318250
21.110910,20.444549,-13.334539
21.101976,20.432725,-13.368265
21.110624,20.412948,-13.375187
21.113945,20.383229,-13.379609
21.086040,20.384630,-13.433733
21.112392,20.366967,-13.437086
21.088232,20.367062,-13.472104
21.098310,20.333632,-13.468127
21.100588,20.317701,-13.491626
21.103690,20.314816,-13.514342
21.106182,20.295705,-13.546995
21.096421,20.267885,-13.574081
21.105771,20.264372,-13.585571
21.101024,20.252445,-13.625553
21.125482,20.249050,-13.626322
21.113699,20.202721,-13.654742
21.115848,20.204929,-13.670540
21.095023,20.202343,-13.678295
21.105662,20.190072,-13.716428
21.089821,20.168525,-13.751167
21.101929,20.174538,-13.738124
21.108678,20.130512,-13.776865
21.103035,20.124672,-13.810675
21.116122,20.107155,-13.816747
21.113438,20.096365,-13.831734
21.111144,20.084946,-13.844470
21.112233,20.064643,-13.895197
21.091060,20.050373,-13.898268
21.122945,20.038522,-13.921127
21.091367,20.017760,-13.955653
21.101816,20.011006,-13.952428
21.100582,19.982814,-13.981421
21.092433,19.982914,-14.010039
21.133087,19.959215,-14.045000
21.117969,19.922235,-14.046557
21.108610,19.939695,-14.078926
21.091835,19.929063,-14.086830
21.115485,19.897975,-14.090694
21.115894,19.886725,-14.120546
21.122741,19.857645,-14.154332
21.120427,19.849030,-14.186848
21.133392,19.831689,-14.191869
21.106980,19.818009,-14.202440
21.121463,19.823768,-14.238893
21.109613,19.778251,-14.267315
21.111895,19.778375,-14.252227
21.127155,19.775821,-14.301104
21.126108,19.754776,-14.299479
21.107976,19.734707,-14.331549
21.121339,19.721494,-14.352830
21.106870,19.715627,-14.365671
21.126222,19.696507,-14.407394
21.132220,19.666172,-14.432763
21.124881,19.645160,-14.436007
21.110053,19.622180,-14.438836
21.113531,19.624800,-14.467720
21.113883,19.620112,-14.492067
21.112928,19.589836,-14.515953
21.119910,19.567947,-14.552982
21.117706,19.545386,-14.567066
21.115441,19.540070,-14.591075
21.134233,19.527378,-14.596911
21.111039,19.503997,-14.624964
21.109817,19.502660,-14.637081
21.141629,19.472856,-14.663715
21.131029,19.462534,-14.676732
21.119026,19.449659,-14.704990
21.129646,19.431217,-14.716105
21.121332,19.407514,-14.731635
21.103243,19.404906,-14.775433
21.139818,19.392949,-14.781070
21.114221,19.352486,-14.809807
21.131158,19.354511,-14.827016
21.118592,19.344416,-14.841058
21.131259,19.333426,-14.871106
21.139225,19.299058,-14.881395
21.150988,19.291343,-14.901964
21.116292,19.291997,-14.921351
21.132420,19.261788,-14.954164
21.144575,19.235924,-14.959084
21.127369,19.236452,-15.001680
21.126355,19.207021,-15.013933
21.115497,19.212626,-15.035305
21.145342,19.184029,-15.033777
21.141698,19.161263,-15.066565
21.136168,19.151821,-15.096188
21.144425,19.128378,-15.108797
21.131303,19.129680,-15.138112
21.131926,19.090176,-15.164699
21.124897,19.079122,-15.181598
21.152548,19.064520,-15.199073
21.137092,19.039922,-15.208463
21.135759,19.037526,-15.232662
21.124027,19.014509,-15.252997
21.121464,19.012688,-15.259045
21.120726,18.979848,-15.277151
21.146497,18.976611,-15.303174
21.124026,18.943246,-15.328599
21.132384,18.927624,-15.344185
21.137031,18.922275,-15.364775
21.127208,18.916443,-15.374729
21.132225,18.889520,-15.416525
21.143863,18.877175,-15.415990
21.118302,18.832313,-15.450762
21.132387,18.836274,-15.462136
21.132552,18.801966,-15.481524
21.140713,18.807896,-15.493576
21.139836,18.775182,-15.505202
21.132847,18.783933,-15.549932
21.148317,18.745016,-15.556752
21.140553,18.728753,-15.582884
21.137094,18.727583,-15.616856
21.136170,18.702396,-15.625802
21.152801,18.700207,-15.649911
21.139709,18.672468,-15.651978
21.146518,18.652079,-15.671975
21.127803,18.638695,-15.692212
21.146490,18.633072,-15.721079
21.142406,18.595332,-15.759439
21.129355,18.605120,-15.752064
21.141746,18.558835,-15.779823
21.141087,18.553881,-15.795208
21.137008,18.539632,-15.796301
21.133034,18.514824,-15.834215
21.143170,18.489256,-15.834205
21.151925,18.489974,-15.872307
21.146341,18.475699,-15.894427
21.142162,18.450974,-15.927235
21.138478,18.457259,-15.935599
21.130414,18.431051,-15.951514
21.154393,18.398892,-15.965737
21.128978,18.372700,-15.995025
21.151470,18.384080,-16.011945
21.139454,18.339942,-16.048285
21.160749,18.328369,-16.053253
21.138268,18.312421,-16.077269
21.149042,18.329544,-16.098099
21.142275,18.283582,-16.114352
21.132557,18.249185,-16.118055
21.160771,18.243109,-16.134153
21.154714,18.243047,-16.171395
21.176831,18.218000,-16.193468
21.168398,18.197884,-16.208327
21.145285,18.178065,-16.223691
21.140656,18.154530,-16.229405
21.138348,18.141265,-16.289866
21.148583,18.127159,-16.276462
21.139918,18.100225,-16.281756
21.145926,18.074938,-16.312777
21.149438,18.089090,-16.346533
21.161365,18.043086,-16.348388
21.136799,18.039079,-16.347835
21.147184,18.017615,-16.397504
21.128869,17.999831,-16.409488
21.147285,17.980807,-16.427051
21.150176,17.952589,-16.446506
21.146672,17.947833,-16.467272
21.171195,17.924278,-16.480849
21.159842,17.905219,-16.505637
21.158603,17.891341,-16.543860
21.145902,17.883680,-16.538064
21.152319,17.859169,-16.575312
21.148717,17.854769,-16.589742
21.162953,17.839941,-16.589511
21.158362,17.804788,-16.622550
21.150220,17.797233,-16.662515
21.150623,17.759357,-16.672835
21.148068,17.758520,-16.690080
21.156017,17.746340,-16.686843
21.151592,17.720581,-16.703100
21.147331,17.705033,-16.722864
21.151603,17.688416,-16.755874
21.170226,17.657723,-16.786531
21.142137,17.661927,-16.791033
21.156636,17.625124,-16.823219
21.137766,17.609771,-16.834009
21.160408,17.588502,-16.847087
21.159872,17.570810,-16.877936
21.150688,17.564130,-16.875907
21.165637,17.534372,-16.889786
21.163511,17.520785,-16.931993
21.165937,17.496903,-16.928161
21.159963,17.482021,-16.960969
21.152430,17.475295,-16.977236
21.141253,17.450395,-16.991704
21.142635,17.430896,-17.008016
21.133083,17.423736,-17.048520
21.160986,17.391075,-17.063466
21.148044,17.382784,-17.069641
21.155296,17.365906,-17.083375
21.148240,17.334230,-17.100825
21.166337,17.317035,-17.117822
21.153023,17.289810,-17.149265
21.153529,17.283947,-17.157487
21.159127,17.261980,-17.171950
21.155526,17.256897,-17.196841
21.142895,17.242564,-17.198773
21.162585,17.214202,-17.256341
21.172027,17.194707,-17.265177
21.151273,17.178232,-17.259453
21.145427,17.184690,-17.289445
21.145572,17.132230,-17.301433
21.153111,17.111951,-17.307123
21.133313,17.092225,-17.358150
21.155241,17.064759,-17.357487
21.151964,17.054892,-17.391746
21.156675,17.048852,-17.404209
21.151111,17.019350,-17.415340
21.159196,17.015532,-17.429783
21.166662,16.992760,-17.442681
21.166202,16.970789,-17.459886
21.147938,16.964487,-17.488009
21.164488,16.943430,-17.509391
21.156095,16.925735,-17.527092
21.182652,16.911723,-17.537679
21.153244,16.869867,-17.558867
21.166559,16.860334,-17.578135
21.156428,16.836694,-17.606412
21.151891,16.827896,-17.615250
21.155455,16.798491,-17.622429
21.154275,16.776397,-17.664010
21.157185,16.766721,-17.664707
21.168672,16.753154,-17.691068
21.137990,16.734855,-17.716365
21.151157,16.702007,-17.715438
21.162987,16.689537,-17.744503
21.160717,16.671649,-17.767643
21.145757,16.647030,-17.777219
21.158244,16.636817,-17.788737
21.156238,16.600737,-17.810770
21.148177,16.614741,-17.834842
21.151177,16.564281,-17.852919
21.144190,16.557067,-17.850836
21.150370,16.527222,-17.877418
21.154435,16.518084,-17.885755
21.155542,16.489081,-17.912674
21.161066,16.486935,-17.927735
21.148447,16.468384,-17.939221
21.156679,16.441494,-17.961572
21.148521,16.415984,-17.998431
21.152992,16.407887,-18.002374
21.143022,16.377954,-18.024616
21.153568,16.364406,-18.045942
21.145954,16.353328,-18.065697
21.175622,16.320637,-18.065011
21.162647,16.319258,-18.093204
21.157720,16.293537,-18.098102
21.167690,16.267529,-18.126697
21.166910,16.260919,-18.139006
21.145714,16.228719,-18.156874
21.155790,16.200819,-18.186034
21.151172,16.188323,-18.200963
21.166107,16.164943,-18.235321
21.156571,16.159378,-18.225904
21.148641,16.134457,-18.226333
21.165312,16.108123,-18.255064
21.156844,16.080253,-18.291133
21.143394,16.067395,-18.301198
21.149759,16.048715,-18.317026
21.159074,16.025297,-18.336666
21.154295,16.006175,-18.377103
21.142482,16.001379,-18.353137
21.167113,15.996620,-18.398053
21.177451,15.950852,-18.397808
21.156768,15.948240,-18.412502
21.152034,15.909074,-18.428310
21.153091,15.904305,-18.445563
21.146208,15.875605,-18.478226
21.142778,15.846063,-18.483711
21.149500,15.845187,-18.489361
21.140034,15.834767,-18.514350
21.148672,15.794521,-18.549350
21.164999,15.769358,-18.565742
21.151009,15.743947,-18.565757
21.150866,15.748322,-18.588207
21.151535,15.714374,-18.611274
21.145514,15.711753,-18.609653
21.172365,15.671432,-18.643667
21.137389,15.651395,-18.664400
21.157030,15.660618,-18.675726
21.162106,15.633191,-18.688113
21.156583,15.613708,-18.697011
21.158898,15.577142,-18.740169
21.160269,15.563237,-18.740190
21.149691,15.535245,-18.747802
21.157702,15.515998,-18.776558
21.137949,15.492001,-18.797477
21.148975,15.489168,-18.812907
21.155851,15.470726,-18.826468
21.175334,15.433497,-18.841049
21.140109,15.434454,-18.850448
21.151966,15.406472,-18.872403
21.157210,15.383619,-18.885332
21.147847,15.354766,-18.906860
21.163207,15.341511,-18.916495
21.153809,15.318449,-18.937685
21.154809,15.291190,-18.949584
21.158320,15.274298,-18.961250
21.155607,15.272921,-18.976941
21.156113,15.232314,-19.000652
21.149530,15.207826,-19.011519
21.146915,15.201713,-19.039349
21.143081,15.174576,-19.049840
21.143784,15.166028,-19.071632
21.163911,15.146310,-19.093672
21.162214,15.117229,-19.103157
21.156036,15.112370,-19.138478
21.151994,15.074363,-19.148492
21.142258,15.055247,-19.146003
21.148977,15.032018,-19.183616
21.145650,15.010461,-19.180560
21.143042,15.002276,-19.185416
21.147008,14.957705,-19.215813
21.149199,14.964781,-19.236974
21.166427,14.932483,-19.255250
21.138902,14.926158,-19.263970
21.158270,14.876070,-19.292304
21.154692,14.868535,-19.293691
21.159274,14.856128,-19.315516
21.131381,14.822452,-19.331588
21.158300,14.806737,-19.347953
21.155318,14.817596,-19.364783
21.137352,14.775211,-19.373368
21.137223,14.738502,-19.390428
21.149776,14.711419,-19.386819
21.155162,14.706152,-19.432437
21.152795,14.684758,-19.448532
21.147653,14.681378,-19.463868
21.147579,14.626222,-19.475465
21.133758,14.615796,-19.484908
21.154701,14.599584,-19.534608
21.140050,14.583232,-19.524145
21.129654,14.545414,-19.551281
21.130600,14.528228,-19.556841
21.146938,14.508501,-19.566604
21.140378,14.497535,-19.597549
21.137996,14.499508,-19.594171
21.144270,14.451090,-19.621364
21.136573,14.433309,-19.639845
21.149053,14.421942,-19.641673
21.136667,14.404295,-19.659711
21.149894,14.402752,-19.671164
21.129097,14.362939,-19.688422
21.138707,14.317487,-19.701727
21.145861,14.305269,-19.727095
21.148889,14.288863,-19.736311
21.142915,14.249224,-19.745821
21.151307,14.248465,-19.775925
21.165866,14.230706,-19.786532
21.135551,14.198599,-19.799764
21.152855,14.168964,-19.812710
21.139729,14.146951,-19.830033
21.130452,14.144101,-19.845769
21.145276,14.114302,-19.867383
21.130817,14.097450,-19.880281
21.133586,14.085210,-19.901410
21.121208,14.047041,-19.911304
21.140637,14.034729,-19.912927
21.129722,14.011549,-19.918324
21.132029,13.999942,-19.958141
21.142853,13.956912,-19.983897
21.132608,13.953228,-19.982298
21.130899,13.930609,-20.009586
21.155725,13.915056,-20.019733
21.128995,13.876901,-20.039385
21.139115,13.851340,-20.037419
21.128384,13.851878,-20.041341
21.158010,13.830300,-20.080490
21.141759,13.786479,-20.094851
21.164070,13.778558,-20.107981
21.139890,13.762528,-20.148177
21.135808,13.746960,-20.148491
21.147630,13.709323,-20.171126
21.138577,13.684721,-20.176828
21.116082,13.673413,-20.181592
21.107720,13.652229,-20.206001
21.128973,13.643424,-20.219242
21.126614,13.596536,-20.216797
21.137354,13.574356,-20.236847
21.125327,13.580371,-20.277782
21.132339,13.554779,-20.271884
21.148997,13.540257,-20.278652
21.123793,13.492708,-20.297135
21.104847,13.488164,-20.309207
21.147771,13.448577,-20.336547
21.112325,13.417480,-20.336032
21.137784,13.419855,-20.360515
21.113710,13.395339,-20.377769
21.131570,13.368627,-20.389346
21.136823,13.356469,-20.419797
21.122634,13.317915,-20.415793
21.132916,13.284089,-20.437637
21.117554,13.297732,-20.443405
21.126018,13.262683,-20.442186
21.129730,13.235192,-20.485497
21.114437,13.218236,-20.478004
21.123820,13.199830,-20.519621
21.107991,13.169550,-20.506179
21.112206,13.147045,-20.543545
21.131865,13.106936,-20.540417
21.113612,13.096270,-20.573823
21.126427,13.091648,-20.587979
21.129132,13.070425,-20.585210
21.141352,13.050785,-20.621746
21.108827,13.023201,-20.613173
21.137440,12.983728,-20.642266
21.117297,12.963361,-20.642843
21.117196,12.958611,-20.676161
21.108589,12.952302,-20.666586
21.095686,12.906496,-20.679204
21.105972,12.879602,-20.701185
21.109327,12.862760,-20.720656
21.128048,12.842195,-20.725243
21.115713,12.814604,-20.753276
21.109239,12.784930,-20.770449
21.103671,12.782868,-20.794578
21.124360,12.760475,-20.787669
21.108610,12.725516,-20.808364
21.106216,12.701571,-20.826047
21.118993,12.682350,-20.831004
21.103876,12.648438,-20.838402
21.121391,12.632720,-20.871081
21.105627,12.613129,-20.876448
21.114591,12.608785,-20.892844
21.118693,12.552007,-20.910224
21.119454,12.555425,-20.920292
21.105607,12.541449,-20.941628
21.111426,12.497279,-20.945248
21.089881,12.488813,-20.955318
21.123876,12.471923,-20.988304
21.104011,12.439898,-20.987870
21.108219,12.432944,-20.977040
21.108244,12.403669,-21.027020
21.114294,12.360400,-21.037320
21.113500,12.357848,-21.048029
21.102026,12.324169,-21.066164
21.085501,12.313694,-21.055796
21.109496,12.282702,-21.091026
21.108350,12.256309,-21.098627
21.102848,12.243437,-21.107204
21.089050,12.212593,-21.128262
21.106175,12.201972,-21.148999
21.082165,12.164399,-21.161513
21.106173,12.144814,-21.181465
21.083598,12.107176,-21.187054
21.086340,12.105397,-21.192626
21.101189,12.084327,-21.214227
21.086376,12.053914,-21.211462
21.088851,12.047530,-21.243344
21.114729,11.997050,-21.245882
21.096932,12.008260,-21.268658
21.111130,11.976242,-21.274089
21.083148,11.939241,-21.280310
21.108894,11.919407,-21.306546
21.100247,11.899962,-21.310162
21.103515,11.880259,-21.321200
21.087689,11.851151,-21.326761
21.094245,11.815013,-21.353757
21.084817,11.799017,-21.374548
21.087041,11.778103,-21.366267
21.088334,11.757620,-21.395033
21.093992,11.745253,-21.391766
21.092656,11.708671,-21.417314
21.080807,11.697692,-21.427989
21.089177,11.674456,-21.435804
21.079219,11.642957,-21.474978
21.106841,11.622623,-21.468123
21.088080,11.606567,-21.465275
21.100849,11.564180,-21.502948
21.072725,11.545981,-21.500406
21.085408,11.530536,-21.521813
21.082917,11.493679,-21.537900
21.073182,11.498265,-21.549649
21.055981,11.459277,-21.549147
21.080821,11.428278,-21.570987
21.080363,11.422247,-21.599977
21.067304,11.389699,-21.603985
21.068614,11.389821,-21.605676
21.077751,11.370387,-21.631737
21.080719,11.330903,-21.629507
21.079215,11.291913,-21.648442
21.077793,11.272635,-21.657608
21.078471,11.253307,-21.691880
21.074999,11.226836,-21.684892
21.087854,11.208610,-21.710776
21.078511,11.182103,-21.727569
21.080624,11.151016,-21.731793
21.079980,11.137362,-21.728235
21.076879,11.099884,-21.758942
21.066496,11.086924,-21.753619
21.071960,11.067765,-21.780797
21.073625,11.026910,-21.784744
21.072434,11.010392,-21.818992
21.070261,11.000033,-21.826184
21.086044,10.972468,-21.831832
21.055892,10.964283,-21.840193
21.069415,10.941865,-21.850875
21.060850,10.907339,-21.878205
21.076162,10.890470,-21.894714
21.058973,10.847205,-21.900108
21.057979,10.856389,-21.890617
21.046231,10.811922,-21.922550
21.058467,10.805850,-21.918826
21.064104,10.781471,-21.912124
21.075080,10.743461,-21.949801
21.055135,10.722943,-21.964806
21.069645,10.696762,-21.977559
21.064089,10.665180,-21.994468
21.062485,10.632621,-21.991972
21.063631,10.624001,-22.000930
21.044626,10.610642,-22.010775
21.063708,10.564913,-22.045587
21.074296,10.562995,-22.039342
21.042442,10.532626,-22.063302
21.055800,10.495619,-22.066884
21.058589,10.479494,-22.068245
21.037717,10.474562,-22.112604
21.049415,10.447285,-22.093556
21.053737,10.416838,-22.105355
21.055727,10.394014,-22.126780
21.040867,10.354103,-22.147091
21.058720,10.330658,-22.145993
21.066225,10.298199,-22.160957
21.040027,10.304789,-22.169014
21.035823,10.275778,-22.185736
21.056716,10.252625,-22.223562
21.050605,10.192830,-22.215804
21.053849,10.202777,-22.215187
21.058240,10.185052,-22.234508
21.033809,10.151074,-22.258823
21.049490,10.140983,-22.252952
21.044008,10.104409,-22.256086
21.050362,10.073553,-22.292743
21.027684,10.043245,-22.282189
21.032771,10.021111,-22.295098
21.057606,10.013513,-22.314131
21.033451,9.977348,-22.329876
21.041445,9.943766,-22.356920
21.045146,9.930614,-22.352226
21.042074,9.893648,-22.359742
21.042367,9.872097,-22.376632
21.038626,9.865985,-22.373690
21.049480,9.832283,-22.397053
21.020725,9.809062,-22.406807
21.018651,9.785422,-22.425462
21.050489,9.753954,-22.443854
21.044067,9.739469,-22.426244
21.040107,9.711509,-22.469531
21.031807,9.676936,-22.460285
21.036112,9.662880,-22.461728
21.017036,9.654825,-22.488119
21.015384,9.637265,-22.487501
21.025684,9.586395,-22.504140
21.022197,9.567923,-22.517938
21.011022,9.542637,-22.528837
21.033793,9.513520,-22.540240
21.025927,9.528301,-22.545094
21.022263,9.486552,-22.552046
21.019300,9.447090,-22.573550
21.015658,9.423718,-22.578610
21.015957,9.399357,-22.578951
21.014370,9.391311,-22.602180
21.019453,9.365643,-22.616327
21.011942,9.335612,-22.621676
21.008566,9.279658,-22.650047
21.025823,9.285198,-22.655240
21.007767,9.270357,-22.655417
21.016549,9.235829,-22.670136
21.027767,9.226734,-22.675732
21.025207,9.185453,-22.682249
21.018240,9.154616,-22.694803
20.999017,9.135760,-22.719883
20.997866,9.126633,-22.731806
21.008649,9.087784,-22.721925
21.016510,9.051495,-22.743488
20.998551,9.058083,-22.732535
21.004074,9.015715,-22.760220
21.017418,9.001795,-22.781902
21.005843,8.964104,-22.779560
21.007785,8.946544,-22.799696
21.001637,8.921312,-22.791238
20.992521,8.893607,-22.824224
20.999702,8.883583,-22.826909
20.999733,8.848495,-22.822584
21.004208,8.828005,-22.834342
20.979364,8.796044,-22.855335
20.999757,8.781608,-22.862303
20.987073,8.735197,-22.885199
20.995670,8.735274,-22.861331
20.981377,8.693146,-22.914888
20.984176,8.666738,-22.927279
21.002954,8.647627,-22.929068
20.995350,8.633503,-22.936277
20.990818,8.587088,-22.945279
20.976734,8.586441,-22.934080
20.995937,8.561416,-22.958308
21.000691,8.528426,-22.972790
20.979119,8.503289,-22.969527
20.987041,8.464520,-22.985855
20.982853,8.450682,-23.007563
20.975070,8.435472,-23.031043
20.972120,8.410436,-23.014140
20.979263,8.373420,-23.037195
20.984542,8.377397,-23.051261
20.973486,8.334493,-23.045507
20.993501,8.302346,-23.056836
20.968217,8.280899,-23.071412
20.970294,8.264222,-23.085698
20.986558,8.224682,-23.069593
20.953894,8.202921,-23.102286
20.971635,8.171438,-23.109173
20.963545,8.160744,-23.113756
20.965813,8.134747,-23.118788
20.985312,8.101130,-23.132497
20.986354,8.086046,-23.144975
20.981922,8.060910,-23.172377
20.969365,8.036998,-23.175084
20.969803,8.002965,-23.194435
20.952012,7.980687,-23.193524
20.969796,7.965257,-23.174292
20.974000,7.930756,-23.191639
20.956726,7.902081,-23.204540
20.961104,7.878533,-23.230249
20.971898,7.868521,-23.226934
20.973108,7.838672,-23.241971
20.969380,7.811913,-23.257466
20.979149,7.793198,-23.266293
20.958617,7.761776,-23.279481
20.942414,7.722775,-23.278972
20.964098,7.692836,-23.281549
20.956793,7.685068,-23.302685
20.959955,7.647285,-23.296014
20.963679,7.623952,-23.313444
20.950618,7.616899,-23.321747
20.979578,7.596796,-23.320442
20.941214,7.543463,-23.340205
20.946091,7.542719,-23.355415
20.939674,7.504064,-23.354184
20.961504,7.490456,-23.354748
20.956959,7.459495,-23.379415
20.937895,7.415643,-23.378699
20.930750,7.403361,-23.386831
20.939347,7.382192,-23.389683
20.941220,7.342549,-23.406178
20.953631,7.323351,-23.413872
20.956831,7.296673,-23.427710
20.940744,7.266703,-23.459257
20.928702,7.249521,-23.469301
20.928356,7.246896,-23.460344
20.913775,7.215330,-23.468906
20.920749,7.171108,-23.468303
20.933834,7.159929,-23.489141
20.926534,7.153396,-23.493186
20.913621,7.107030,-23.505845
20.929665,7.071785,-23.509809
20.918355,7.061200,-23.533709
20.922510,7.027632,-23.529136
20.933054,7.003040,-23.517564
20.919375,6.974335,-23.533330
20.909128,6.954131,-23.544683
20.907874,6.935013,-23.577404
20.936690,6.899646,-23.566597
20.911626,6.884961,-23.576592
20.931969,6.851442,-23.591406
20.929789,6.820937,-23.593716
20.916245,6.807213,-23.605849
20.931241,6.767569,-23.604010
20.907501,6.753782,-23.627599
20.916921,6.721211,-23.621379
20.924369,6.694753,-23.636397
20.905120,6.669513,-23.623783
20.919209,6.653839,-23.659050
20.917722,6.620878,-23.660553
20.911788,6.593898,-23.666196
20.915993,6.564481,-23.679613
20.901261,6.535692,-23.677704
20.890816,6.532346,-23.678198
20.904259,6.482832,-23.709030
20.906661,6.470337,-23.719029
20.913566,6.441751,-23.728783
20.898504,6.405524,-23.728165
20.893910,6.396449,-23.736470
20.904196,6.372576,-23.751448
20.895503,6.331187,-23.753284
20.889304,6.321529,-23.764046
20.887549,6.292166,-23.767489
20.890339,6.269150,-23.770526
20.880007,6.232251,-23.780849
20.892551,6.197439,-23.776385
20.895921,6.189584,-23.796252
20.894584,6.152071,-23.805152
20.884993,6.117362,-23.790476
20.892859,6.102126,-23.817219
20.874337,6.092823,-23.836765
20.874659,6.056516,-23.818359
20.889668,6.031896,-23.857943
20.875344,6.009142,-23.850482
20.874386,5.981804,-23.851243
20.896700,5.946910,-23.872707
20.887949,5.912725,-23.855848
20.864422,5.899553,-23.880536
20.876761,5.880481,-23.893925
20.870225,5.848859,-23.887353
20.867401,5.824263,-23.886960
20.860762,5.814343,-23.908910
20.853804,5.780194,-23.932094
20.878591,5.751072,-23.923849
20.848305,5.736159,-23.943332
20.868332,5.716356,-23.947339
20.863395,5.671050,-23.953477
20.866462,5.635266,-23.939372
20.882066,5.614457,-23.959251
20.872210,5.610326,-23.989739
20.858603,5.583853,-23.974334
20.856618,5.540558,-23.992590
20.850483,5.499041,-23.988304
20.847651,5.506631,-24.006492
20.853806,5.442329,-23.996657
20.853178,5.438541,-24.013006
20.856111,5.406641,-24.005613
20.848063,5.396231,-24.014055
20.832899,5.379448,-24.025809
20.870473,5.322665,-24.034344
20.820024,5.311692,-24.050050
20.833707,5.283360,-24.055758
20.843662,5.254681,-24.064300
20.849401,5.243325,-24.093006
20.839770,5.201835,-24.076236
20.834273,5.198702,-24.090011
20.839155,5.160292,-24.080594
20.837478,5.118473,-24.079171
20.828394,5.101800,-24.096081
20.826200,5.093553,-24.100100
20.829026,5.061117,-24.120721
20.831677,5.032143,-24.141877
20.834029,4.993534,-24.108861
20.825787,4.985458,-24.129469
20.796529,4.944544,-24.142772
20.823253,4.914416,-24.143829
20.821670,4.871025,-24.141512
20.834990,4.861515,-24.144538
20.827913,4.841403,-24.152876
20.812746,4.822865,-24.157608
20.808508,4.779802,-24.161290
20.821766,4.751330,-24.190445
20.817431,4.715285,-24.178845
20.816083,4.702375,-24.194839
20.814234,4.677881,-24.195449
20.830611,4.667106,-24.221420
20.797865,4.645465,-24.207819
20.803431,4.623356,-24.218803
20.809809,4.590265,-24.237488
20.807002,4.570434,-24.248301
20.802874,4.519612,-24.241673
20.796038,4.507877,-24.241328
20.806136,4.486518,-24.235250
20.799610,4.467871,-24.261166
20.789214,4.424688,-24.259705
20.799966,4.402743,-24.268621
20.792650,4.390445,-24.271590
20.788891,4.351245,-24.280739
20.786579,4.325363,-24.281792
20.800920,4.295145,-24.284465
20.776189,4.277200,-24.291553
20.790382,4.243944,-24.312804
20.782852,4.219117,-24.323022
20.781306,4.195241,-24.320789
20.787221,4.161025,-24.319236
20.775198,4.142689,-24.317677
20.775707,4.100641,-24.332583
20.786701,4.073215,-24.329617
20.787002,4.056691,-24.338265
20.785123,4.021256,-24.341611
20.771979,4.017838,-24.358021
20.758833,3.996234,-24.361510
20.776765,3.948958,-24.370826
20.773249,3.921757,-24.358349
20.769235,3.891972,-24.382475
20.764808,3.870044,-24.400805
20.756894,3.850442,-24.375894
20.763105,3.813605,-24.388009
20.762789,3.783767,-24.390641
20.752840,3.751297,-24.406695
20.759572,3.742857,-24.402018
20.777160,3.725307,-24.403340
20.760892,3.672029,-24.437067
20.760950,3.664268,-24.416392
20.754223,3.637214,-24.411745
20.743818,3.594529,-24.441657
20.764842,3.587821,-24.435433
20.748906,3.543823,-24.434501
20.735509,3.521754,-24.452460
20.767161,3.485203,-24.455551
20.736890,3.468923,-24.470613
20.749715,3.449655,-24.468416
20.750673,3.396324,-24.485425
20.739546,3.405684,-24.486612
20.755423,3.360106,-24.470662
20.737179,3.336337,-24.492556
20.715161,3.320990,-24.488897
20.739759,3.293814,-24.508461
20.733064,3.273569,-24.510211
20.699783,3.223830,-24.517572
20.731540,3.213698,-24.512791
20.732284,3.188141,-24.499176
20.728597,3.135337,-24.521625
20.722526,3.123391,-24.516497
20.737951,3.107993,-24.537715
20.721170,3.074369,-24.538579
20.701666,3.037237,-24.541192
20.717027,3.012574,-24.554369
20.711177,3.003278,-24.553100
20.714132,2.957150,-24.553926
20.706260,2.963369,-24.539950
20.711076,2.929837,-24.579494
20.722954,2.904499,-24.555325
20.698468,2.870673,-24.567704
20.718290,2.836344,-24.577045
20.712649,2.798538,-24.582683
20.711770,2.788330,-24.578288
20.720888,2.767475,-24.576440
20.709459,2.737862,-24.598169
20.701600,2.697376,-24.588541
20.695972,2.681642,-24.591318
20.706304,2.654123,-24.603263
20.686285,2.641518,-24.608533
20.695231,2.613248,-24.617574
20.698943,2.558401,-24.633495
20.692446,2.561678,-24.647913
20.696872,2.511735,-24.637980
20.700981,2.495387,-24.614372
20.684266,2.468691,-24.626622
20.678564,2.429527,-24.656380
20.680456,2.424289,-24.614244
20.660566,2.378751,-24.673227
20.675626,2.365394,-24.624035
20.674122,2.342512,-24.650046
20.678574,2.293255,-24.646790
20.677447,2.293216,-24.659214
20.656700,2.238004,-24.657576
20.692069,2.228486,-24.677553
20.679834,2.197818,-24.675315
20.645476,2.186964,-24.665452
20.672422,2.158583,-24.670520
20.680694,2.099931,-24.689258
20.652479,2.082404,-24.680945
20.666585,2.054437,-24.679414
20.685908,2.021731,-24.685307
20.683561,2.011354,-24.695477
20.669864,2.005630,-24.696718
20.657729,1.955613,-24.703832
20.662351,1.937429,-24.682367
20.685840,1.897377,-24.697429
20.663043,1.895306,-24.704396
20.670215,1.885299,-24.716174
20.685759,1.865623,-24.682731
20.672705,1.834597,-24.701251
20.671871,1.801608,-24.693843
20.696051,1.790141,-24.691423
20.704682,1.754789,-24.682742
20.696560,1.750734,-24.680493
20.704402,1.731653,-24.689853
20.698815,1.719602,-24.654539
20.707402,1.681466,-24.662819
20.711725,1.677551,-24.666645
20.726325,1.650008,-24.664825
20.734745,1.652311,-24.669444
20.752013,1.627577,-24.661222
20.749186,1.596533,-24.644143
20.751440,1.588444,-24.648261
20.766207,1.578519,-24.648018
20.764821,1.547448,-24.654515
20.763635,1.545427,-24.640835
20.758769,1.531123,-24.638111
20.773478,1.490028,-24.651625
20.774808,1.480871,-24.643365
20.789896,1.456694,-24.637125
20.794284,1.453053,-24.626354
20.794295,1.413789,-24.612792
20.806059,1.412402,-24.636368
20.802041,1.403137,-24.614351
20.825942,1.388172,-24.603015
20.834527,1.364663,-24.593545
20.828192,1.352251,-24.588972
20.826442,1.337768,-24.610327
20.842400,1.317890,-24.588840
20.862038,1.298508,-24.580276
20.857488,1.301490,-24.584190
20.840964,1.276903,-24.590277
20.860951,1.249599,-24.577638
20.864763,1.219506,-24.554440
20.897656,1.233630,-24.578823
20.877258,1.232113,-24.583031
20.891808,1.198730,-24.544180
20.902418,1.186590,-24.570230
20.888242,1.164562,-24.531823
20.885916,1.146497,-24.537592
20.935853,1.124500,-24.555625
20.899456,1.118935,-24.548984
20.945119,1.100619,-24.517310
20.938601,1.086443,-24.529098
20.935490,1.097317,-24.509807
20.937750,1.070536,-24.527708
20.961904,1.063829,-24.503726
20.976588,1.055297,-24.520569
20.944057,1.036544,-24.484771
20.966669,1.014748,-24.508253
20.969287,1.000273,-24.503136
20.990004,1.007961,-24.489398
20.992206,0.975399,-24.502421
20.992600,0.950445,-24.491273
20.991460,0.946130,-24.474306
20.999050,0.944973,-24.502910
20.999720,0.909499,-24.473662
21.006319,0.900180,-24.471147
21.022707,0.898853,-24.459949
21.034445,0.877576,-24.469101
21.022473,0.868331,-24.461946
21.054794,0.850097,-24.432968
21.036713,0.845787,-24.453539
21.050062,0.844586,-24.431429
21.038550,0.821395,-24.422551
21.053701,0.807684,-24.449925
21.042946,0.767251,-24.450405
21.060542,0.784494,-24.432176
21.057079,0.757007,-24.425165
21.081733,0.758599,-24.430824
21.072157,0.722389,-24.423736
21.080851,0.732109,-24.425537
21.084568,0.715382,-24.421220
21.097161,0.718844,-24.411339
21.103872,0.700214,-24.384700
21.103741,0.685114,-24.389169
21.100958,0.668488,-24.408403
21.107268,0.639367,-24.387846
21.133686,0.633900,-24.385979
21.117710,0.634063,-24.372903
21.110031,0.625341,-24.369810
21.125796,0.610509,-24.385946
21.133249,0.606362,-24.385035
21.115417,0.579938,-24.364481
21.137540,0.599999,-24.376542
21.157203,0.585882,-24.348125
21.135078,0.554380,-24.356100
21.143625,0.547922,-24.345273
21.171476,0.534965,-24.359493
21.155067,0.527190,-24.349766
21.169128,0.529080,-24.333015
21.162833,0.489794,-24.330464
21.179191,0.500710,-24.341768
21.174378,0.475732,-24.332934
21.188901,0.456292,-24.339997
21.196540,0.458660,-24.328622
21.188902,0.443194,-24.327565
21.203705,0.436503,-24.324645
21.189612,0.419150,-24.313928
21.190788,0.407007,-24.310169
21.182258,0.393241,-24.304026
21.222823,0.399782,-24.296683
21.226964,0.354574,-24.291794
21.210867,0.369404,-24.291887
21.232702,0.370616,-24.300796
21.233486,0.344370,-24.287580
21.232913,0.333909,-24.283891
21.249653,0.342757,-24.275454
21.250372,0.319016,-24.268521
21.253013,0.316433,-24.275017
21.240895,0.308643,-24.268504
21.243210,0.296013,-24.284488
21.254979,0.266918,-24.268512
21.265117,0.274473,-24.268652
21.279975,0.272236,-24.266766
21.270735,0.257303,-24.263043
21.268684,0.233650,-24.245937
21.281383,0.232966,-24.249329
21.285108,0.219404,-24.245787
21.284441,0.199839,-24.239388
21.297666,0.194349,-24.240958
21.281498,0.193460,-24.235860
21.290064,0.168842,-24.218184
21.290943,0.186185,-24.232393
21.314367,0.178118,-24.219702
21.314031,0.174515,-24.217048
21.320546,0.160467,-24.245345
21.309985,0.144202,-24.228924
21.335462,0.132467,-24.230055
21.329854,0.109660,-24.234199
21.325543,0.124941,-24.207823
21.325996,0.114509,-24.189528
21.323755,0.098504,-24.187542
21.336921,0.100398,-24.191950
21.342393,0.078099,-24.188699
21.330052,0.066618,-24.197656
21.340203,0.063584,-24.197497
21.363481,0.064501,-24.197536
21.362342,0.063794,-24.186809
21.343889,0.044774,-24.175884
21.352804,0.029684,-24.196858
21.345633,0.008784,-24.177154
21.359274,0.023639,-24.176660
21.360734,0.007987,-24.181184
21.378968,0.001627,-24.173793
21.388902,-0.017809,-24.179599
21.371147,-0.026776,-24.158120
21.376473,-0.026547,-24.151632
21.377950,-0.047704,-24.149930
21.399296,-0.026548,-24.172706
21.391747,-0.052571,-24.154647
21.389640,-0.060193,-24.136010
21.414610,-0.092729,-24.142289
21.395917,-0.080952,-24.138271
21.421512,-0.085350,-24.141444
21.391827,-0.084003,-24.138579
21.419731,-0.090366,-24.115529
21.407257,-0.116355,-24.112304
21.422379,-0.137797,-24.129889
21.409962,-0.105399,-24.102434
21.420931,-0.129339,-24.139335
21.430112,-0.116378,-24.099964
21.407655,-0.128483,-24.120768
21.431526,-0.153709,-24.120721
21.433340,-0.148695,-24.118011
21.421675,-0.160142,-24.107732
21.431306,-0.174538,-24.098752
21.439121,-0.160822,-24.111699
21.442701,-0.172860,-24.095947
21.451035,-0.174736,-24.097287
21.469180,-0.208823,-24.095828
21.449692,-0.214679,-24.094407
21.463499,-0.214336,-24.075099
21.469220,-0.239535,-24.092022
21.473311,-0.234179,-24.084222
21.462837,-0.227941,-24.074843
21.480989,-0.224679,-24.091888
21.469274,-0.258163,-24.072821
21.470336,-0.261406,-24.069771
21.468406,-0.261410,-24.066118
21.488188,-0.263105,-24.080040
21.498685,-0.285153,-24.076214
21.478566,-0.282785,-24.078379
21.480087,-0.284208,-24.069896
21.496803,-0.303562,-24.065707
21.504251,-0.296234,-24.060942
21.503022,-0.305234,-24.058416
21.486136,-0.305364,-24.054142
21.484839,-0.335558,-24.033476
21.498111,-0.331382,-24.028203
21.524830,-0.331522,-24.037605
21.503098,-0.326728,-24.036750
21.509129,-0.353664,-24.046210
21.500857,-0.343796,-24.042655
21.516639,-0.361486,-24.042317
21.490890,-0.375329,-24.035896
21.510733,-0.350601,-24.043171
21.539873,-0.377461,-24.035611
21.515618,-0.380311,-24.032960
21.530708,-0.396658,-24.039163
21.508445,-0.400024,-24.029789
21.528251,-0.405002,-24.034072
21.533845,-0.396294,-24.016954
21.543347,-0.420197,-24.024087
21.536296,-0.440721,-24.011839
21.533871,-0.446155,-24.019956
21.542557,-0.429096,-24.013059
21.533653,-0.434715,-24.004765
21.543420,-0.443130,-24.009748
21.539645,-0.449446,-23.984030
21.540314,-0.458755,-23.992197
21.548772,-0.463274,-24.010132
21.560107,-0.463547,-24.004907
21.550478,-0.475920,-24.006640
21.567205,-0.479231,-23.979806
21.558694,-0.486047,-23.984906
21.573651,-0.513262,-23.982697
21.567514,-0.491726,-23.991161
21.588078,-0.500563,-23.978035
21.570011,-0.509827,-23.975139
21.569666,-0.503943,-23.979171
21.570856,-0.511301,-23.979039
21.581563,-0.515404,-23.974322
21.580389,-0.537968,-23.976121
21.584378,-0.536003,-23.971110
21.572132,-0.549342,-23.974281
21.576458,-0.550548,-23.976926
21.579983,-0.559458,-23.974104
21.597026,-0.545007,-23.976019
21.590011,-0.555635,-23.968161
21.612423,-0.569811,-23.960182
21.591788,-0.581312,-23.953477
21.596142,-0.596779,-23.970061
21.577857,-0.581954,-23.962382
21.613123,-0.574019,-23.970608
21.617057,-0.578213,-23.956063
21.614222,-0.594443,-23.979631
21.615367,-0.611565,-23.945509
21.622694,-0.619713,-23.948600
21.613603,-0.614330,-23.953263
21.625349,-0.623035,-23.947323
21.624720,-0.636706,-23.945606
21.635677,-0.608294,-23.945715
21.628356,-0.628755,-23.936860
21.647678,-0.631790,-23.938943
21.620540,-0.620957,-23.928627
21.629268,-0.625454,-23.945541
21.621329,-0.673306,-23.933788
21.638911,-0.649919,-23.925947
21.638883,-0.648831,-23.918768
21.622526,-0.672686,-23.914478
21.636296,-0.685455,-23.915764
21.641426,-0.675477,-23.921643
21.643971,-0.668365,-23.929605
21.628371,-0.680679,-23.919017
21.640089,-0.682470,-23.924056
21.648373,-0.691220,-23.907295
21.657077,-0.691114,-23.911299
21.654671,-0.698556,-23.886863
21.646935,-0.687825,-23.900144
21.643664,-0.690812,-23.903405
21.667406,-0.714194,-23.900586
21.662838,-0.700241,-23.898379
21.656439,-0.721705,-23.902750
21.655701,-0.725849,-23.887522
21.660435,-0.749716,-23.901631
21.672822,-0.708697,-23.881281
21.669860,-0.742380,-23.896553
21.660875,-0.731853,-23.898581
21.698563,-0.738904,-23.887205
21.669172,-0.751040,-23.900074
21.682000,-0.759962,-23.877657
21.672143,-0.765020,-23.888893
21.662754,-0.768146,-23.881387
21.683625,-0.767896,-23.876984
21.688054,-0.787603,-23.854997
21.672870,-0.758997,-23.888205
21.679629,-0.769190,-23.887268
21.680018,-0.791214,-23.878503
21.694480,-0.783852,-23.870659
21.696839,-0.795645,-23.883443
21.690345,-0.801727,-23.873004
21.678894,-0.793701,-23.870434
21.697602,-0.786709,-23.871665
21.688364,-0.807539,-23.853687
21.688558,-0.812134,-23.858492
21.694480,-0.809206,-23.874833
21.688921,-0.826587,-23.874753
21.684725,-0.828904,-23.881796
21.715003,-0.820719,-23.837177
21.697720,-0.835909,-23.848330
21.678545,-0.828105,-23.845724
21.700720,-0.848827,-23.850146
21.704225,-0.834911,-23.859685
21.691023,-0.855264,-23.860406
21.702159,-0.857123,-23.858730
21.700716,-0.848929,-23.857185
21.695498,-0.852100,-23.843912
21.718809,-0.853600,-23.841964
21.728131,-0.855472,-23.834671
21.722661,-0.862778,-23.846834
21.707639,-0.844030,-23.822362
21.721672,-0.867439,-23.847031
21.717983,-0.885769,-23.835419
21.711905,-0.877579,-23.832146
21.720770,-0.897056,-23.851985
21.736746,-0.889332,-23.843029
21.735491,-0.881643,-23.833597
21.726012,-0.900460,-23.828865
21.723000,-0.909066,-23.823708
21.733309,-0.897419,-23.841878
21.735021,-0.903789,-23.838600
21.737480,-0.926584,-23.841225
21.730840,-0.893612,-23.825670
21.743517,-0.897283,-23.827191
21.741989,-0.936801,-23.813487
21.739507,-0.921127,-23.814806
21.749039,-0.923141,-23.824612
21.743793,-0.915222,-23.820340
21.723724,-0.932474,-23.829751
21.742274,-0.922089,-23.818649
21.738701,-0.924332,-23.821165
21.758549,-0.940792,-23.809932
21.755818,-0.943335,-23.803256
21.746104,-0.943626,-23.801239
21.750352,-0.963596,-23.811624
21.762123,-0.947861,-23.801483
21.753071,-0.950833,-23.809467
21.769039,-0.946017,-23.798474
21.743126,-0.976813,-23.818806
21.762199,-0.959851,-23.797273
21.757544,-0.959856,-23.786279
21.765637,-0.958853,-23.796623
21.760870,-0.969796,-23.797262
21.746035,-0.972769,-23.787954
21.751902,-0.974617,-23.798229
21.754909,-0.980733,-23.793100
21.762569,-0.970210,-23.799410
21.736878,-0.991381,-23.795146
21.766362,-0.982629,-23.792699
21.752075,-0.983882,-23.797616
21.779575,-0.997045,-23.808282
21.773501,-0.996293,-23.780178
21.771799,-1.006561,-23.790009
21.766587,-1.008186,-23.788505
21.786414,-1.014920,-23.786359
21.771137,-1.008480,-23.795020
21.763693,-1.000583,-23.781899
21.772221,-1.026212,-23.763976
21.794708,-1.030231,-23.775735
21.783222,-1.014199,-23.780973
21.778595,-1.011472,-23.743344
21.780539,-1.009433,-23.791895
21.778875,-1.036949,-23.793953
21.792176,-1.027814,-23.781314
21.790170,-1.030555,-23.798077
21.795102,-1.034313,-23.778264
21.787352,-1.059195,-23.776558
21.782530,-1.048714,-23.769855
21.782692,-1.039295,-23.775434
21.792565,-1.051978,-23.781227
21.785722,-1.055917,-23.766253
21.800538,-1.050169,-23.748773
21.806578,-1.068815,-23.749671
21.777144,-1.066988,-23.765403
21.779484,-1.061550,-23.758683
21.788442,-1.056828,-23.762178
21.798891,-1.061302,-23.756436
21.783974,-1.060578,-23.766482
21.788618,-1.073343,-23.747407
21.793130,-1.075917,-23.771288
21.786105,-1.102367,-23.768334
21.796033,-1.069001,-23.756675
21.818405,-1.077732,-23.741507
21.814572,-1.072726,-23.747326
21.789739,-1.089676,-23.746106
21.806313,-1.085607,-23.752204
21.800441,-1.083240,-23.747444
21.819378,-1.079405,-23.748923
21.805201,-1.073750,-23.747669
21.810197,-1.114661,-23.754676
21.801627,-1.086027,-23.755418
21.819838,-1.094470,-23.756327
21.801837,-1.099346,-23.730644
21.793560,-1.114529,-23.751043
21.822973,-1.120053,-23.744926
21.795662,-1.104558,-23.758068
21.804305,-1.117094,-23.741465
21.822442,-1.121700,-23.761674
21.809404,-1.108679,-23.743077
21.801905,-1.102679,-23.742501
21.834396,-1.121896,-23.746018
21.836666,-1.141676,-23.744246
21.822197,-1.111037,-23.731250
21.822334,-1.123641,-23.733529
21.831380,-1.128962,-23.714438
21.809509,-1.142911,-23.733257
21.822212,-1.152546,-23.739026
21.821117,-1.137732,-23.745182
21.833734,-1.144028,-23.745564
21.838062,-1.140435,-23.735536
21.825135,-1.148608,-23.726289
21.824184,-1.146878,-23.716913
21.832116,-1.150605,-23.741551
21.829278,-1.150276,-23.738177
21.834380,-1.149014,-23.724997
21.835519,-1.148515,-23.737972
21.841206,-1.133926,-23.723481
21.838146,-1.157239,-23.706772
21.840992,-1.176553,-23.731417
21.820033,-1.136417,-23.725012
21.841677,-1.156082,-23.709369
21.820567,-1.164390,-23.728094
21.825089,-1.160609,-23.723930
21.816754,-1.178853,-23.726117
21.841081,-1.170365,-23.718937
21.848819,-1.155767,-23.720546
21.838492,-1.178109,-23.709844
21.838083,-1.157846,-23.720622
21.844688,-1.189279,-23.724420
21.840137,-1.174784,-23.718568
21.845183,-1.164681,-23.707078
21.851690,-1.186562,-23.712021
21.858532,-1.200354,-23.715452
21.854718,-1.184324,-23.709326
21.856249,-1.205000,-23.710656
21.850052,-1.185691,-23.719573
21.849993,-1.204042,-23.719234
21.844502,-1.219177,-23.720680
21.867482,-1.189547,-23.719086
21.845955,-1.195463,-23.700271
21.848758,-1.196863,-23.698682
21.844221,-1.187231,-23.697029
21.845149,-1.202531,-23.692837
21.840843,-1.202417,-23.686579
21.859491,-1.196248,-23.708363
21.861490,-1.198119,-23.690453
21.846622,-1.196115,-23.721265
21.859419,-1.200308,-23.700019
21.854973,-1.203968,-23.721834
21.841768,-1.214374,-23.687975
21.850464,-1.212555,-23.706491
21.861797,-1.230487,-23.705044
21.851040,-1.217692,-23.694953
21.856985,-1.218215,-23.695566
21.849765,-1.225566,-23.691946
21.856198,-1.219560,-23.681469
21.858501,-1.243095,-23.699939
21.862436,-1.241409,-23.694514
21.850020,-1.227809,-23.685906
21.850758,-1.235303,-23.694706
21.854079,-1.220669,-23.693531
21.884819,-1.241240,-23.688084
21.853859,-1.241665,-23.676441
21.855259,-1.233122,-23.686301
21.855238,-1.241419,-23.685205
21.862889,-1.244293,-23.687736
21.857795,-1.233139,-23.693167
21.864107,-1.244951,-23.673149
21.852556,-1.246898,-23.694069
21.869308,-1.260537,-23.685207
21.883972,-1.253197,-23.678253
21.859222,-1.248483,-23.683976
21.854412,-1.270270,-23.687125
21.868826,-1.252628,-23.693101
21.878645,-1.264627,-23.680303
21.878483,-1.247855,-23.677729
21.868927,-1.243183,-23.684649
21.857627,-1.247023,-23.671748
21.866229,-1.272945,-23.686485
21.875065,-1.247269,-23.667603
21.874234,-1.261720,-23.674744
21.871488,-1.269435,-23.653328
21.888387,-1.258943,-23.660303
21.885883,-1.260611,-23.682835
21.882613,-1.280500,-23.684560
21.866802,-1.275682,-23.677430
21.861912,-1.281639,-23.657851
21.877855,-1.295019,-23.668577
21.889967,-1.271336,-23.684297
21.890719,-1.289567,-23.669918
21.878795,-1.289545,-23.653041
21.879679,-1.268847,-23.689377
21.893065,-1.278764,-23.687645
21.879772,-1.268775,-23.658021
21.886156,-1.272671,-23.667459
21.879865,-1.292015,-23.656824
21.886152,-1.283404,-23.673039
21.882657,-1.298393,-23.672194
21.884948,-1.275728,-23.681982
21.872436,-1.288135,-23.678262
21.874439,-1.299068,-23.682520
21.874753,-1.302099,-23.677192
21.905980,-1.307123,-23.660089
21.876185,-1.299145,-23.658025
21.885217,-1.280154,-23.673576
21.900714,-1.315355,-23.674739
21.889781,-1.291712,-23.668936
21.896769,-1.297320,-23.669046
21.892001,-1.316116,-23.679776
21.890652,-1.290956,-23.668475
21.882655,-1.302742,-23.655934
21.892211,-1.321621,-23.664109
21.899894,-1.304194,-23.668133
21.899368,-1.292054,-23.656522
21.896188,-1.308317,-23.646780
21.900809,-1.302533,-23.659653
21.886068,-1.314882,-23.654261
21.906040,-1.304476,-23.664743
21.878781,-1.303144,-23.659359
21.915797,-1.323435,-23.658700
21.879067,-1.298585,-23.655901
21.900761,-1.345892,-23.650502
21.902910,-1.326121,-23.659169
21.895560,-1.331338,-23.659346
21.902233,-1.316530,-23.650974
21.885237,-1.317224,-23.654994
21.881708,-1.316531,-23.658942
21.880861,-1.332792,-23.661895
21.881810,-1.306078,-23.633733
21.900688,-1.324577,-23.644616
21.889493,-1.321311,-23.641374
21.899881,-1.339853,-23.669653
21.896945,-1.327772,-23.646191
21.908022,-1.333400,-23.653968
21.900516,-1.327875,-23.658050
21.917587,-1.323158,-23.635189
21.897871,-1.344069,-23.652659
21.897226,-1.331015,-23.653344
21.911574,-1.331880,-23.670857
21.903128,-1.336647,-23.644189
21.891958,-1.337958,-23.630774
21.908919,-1.347363,-23.662391
21.906006,-1.334273,-23.657331
21.899743,-1.335096,-23.632588
21.903225,-1.329562,-23.657997
21.908753,-1.342635,-23.649745
21.891918,-1.343833,-23.654549
21.905026,-1.338901,-23.649115
21.916124,-1.363151,-23.631827
21.911193,-1.349972,-23.636838
21.918033,-1.346212,-23.641644
21.900949,-1.339750,-23.645245
21.911651,-1.367531,-23.637999
21.901940,-1.341349,-23.646475
21.892245,-1.326303,-23.649089
21.906654,-1.348621,-23.637874
21.909512,-1.358913,-23.627673
21.908313,-1.372803,-23.638597
21.896770,-1.377967,-23.630106
21.927756,-1.358255,-23.641287
21.914104,-1.353591,-23.640694
21.909377,-1.366113,-23.639666
21.932250,-1.364604,-23.635545
21.904102,-1.356432,-23.639197
21.915599,-1.349767,-23.637652
21.912233,-1.351357,-23.650527
21.900531,-1.366627,-23.641235
21.903586,-1.357642,-23.657307
21.918855,-1.354423,-23.645884
21.925208,-1.358041,-23.635747
21.923934,-1.381579,-23.648573
21.910827,-1.370413,-23.636516
21.919086,-1.377936,-23.620053
21.920386,-1.369756,-23.634977
21.917027,-1.379598,-23.618036
21.916592,-1.380282,-23.653076
21.925737,-1.362357,-23.619684
21.923186,-1.359213,-23.636255
21.907251,-1.372205,-23.634051
21.928912,-1.360961,-23.636816
21.914922,-1.378864,-23.617074
21.933536,-1.370345,-23.646561
21.933383,-1.379315,-23.638359
21.925637,-1.385707,-23.642968
21.919159,-1.381317,-23.625139
21.907324,-1.379433,-23.625765
21.935892,-1.386819,-23.618000
21.921476,-1.390483,-23.625253
21.914396,-1.398336,-23.628587
21.906881,-1.386223,-23.636783
21.918331,-1.383155,-23.629333
21.918368,-1.368102,-23.628018
21.924766,-1.400260,-23.648488
21.926339,-1.395564,-23.618680
21.938645,-1.396750,-23.616809
21.904435,-1.385079,-23.608632
21.914066,-1.401145,-23.627403
21.917354,-1.378739,-23.622551
21.917590,-1.384810,-23.629410
21.912764,-1.389925,-23.624647
21.916308,-1.396707,-23.620050
21.909231,-1.380417,-23.624637
21.917667,-1.367794,-23.636025
21.928953,-1.379283,-23.623244
21.941833,-1.373855,-23.605541
21.920522,-1.384715,-23.616941
21.915988,-1.409323,-23.629276
21.928115,-1.404769,-23.625098
21.920852,-1.391398,-23.612326
21.940531,-1.406373,-23.617642
21.933183,-1.411664,-23.643899
21.913742,-1.395920,-23.644786
21.936914,-1.399507,-23.612866
21.937242,-1.396883,-23.632966
21.941142,-1.390532,-23.617060
21.922923,-1.391915,-23.615853
21.915311,-1.406568,-23.629342
21.938840,-1.386640,-23.628331
21.937692,-1.403434,-23.614941
21.938013,-1.422937,-23.601942
21.938964,-1.399047,-23.612014
21.924192,-1.399724,-23.606315
21.921028,-1.426542,-23.621818
21.927502,-1.408690,-23.633826
21.947007,-1.407286,-23.609743
21.947369,-1.394726,-23.624764
21.933273,-1.410199,-23.626207
21.913524,-1.410897,-23.628485
21.952493,-1.403260,-23.602951
21.947313,-1.404028,-23.633683
21.932608,-1.421121,-23.606427
21.920786,-1.405604,-23.597932
21.934855,-1.416736,-23.622651
21.927461,-1.427578,-23.606416
21.921948,-1.409294,-23.630144
21.952719,-1.411481,-23.624958
21.928724,-1.420217,-23.631614
21.931418,-1.405557,-23.630924
21.939485,-1.427706,-23.619018
21.933000,-1.420929,-23.623089
21.948922,-1.420501,-23.613322
21.922058,-1.419276,-23.625818
21.926862,-1.424025,-23.632672
21.945279,-1.424923,-23.630702
21.965691,-1.411029,-23.622865
21.932500,-1.424265,-23.619811
21.931965,-1.403016,-23.635980
21.937135,-1.431591,-23.613408
21.939258,-1.419385,-23.598299
21.924673,-1.422743,-23.600606
21.931987,-1.428303,-23.626090
21.914383,-1.429386,-23.604105
21.941986,-1.425112,-23.604170
21.935868,-1.435452,-23.615410
21.941079,-1.413897,-23.616498
21.926382,-1.428944,-23.628438
21.933259,-1.437382,-23.618822
21.934920,-1.434514,-23.613851
21.943044,-1.443190,-23.620132
21.973831,-1.436376,-23.621519
21.938946,-1.409495,-23.611335
21.943313,-1.431863,-23.616462
21.938274,-1.433309,-23.614561
21.934822,-1.431067,-23.602979
21.936605,-1.427498,-23.622868
21.938768,-1.433617,-23.611248
21.915557,-1.432540,-23.604738
21.942337,-1.449978,-23.589277
21.934439,-1.423588,-23.606169
21.949434,-1.442083,-23.617336
21.956545,-1.424877,-23.606745
21.929496,-1.434868,-23.614808
21.953065,-1.424979,-23.621610
21.939450,-1.456765,-23.601987
21.955130,-1.446218,-23.620004
21.929600,-1.457831,-23.602220
21.953447,-1.447435,-23.605455
21.945036,-1.435425,-23.602223
21.949182,-1.431641,-23.600050
21.953532,-1.425065,-23.597200
21.947165,-1.434825,-23.610855
21.945039,-1.432307,-23.616084
21.949409,-1.438367,-23.598408
21.965749,-1.448259,-23.607261
21.934854,-1.441364,-23.622779
21.947284,-1.439684,-23.607947
21.943279,-1.441364,-23.603824
21.954345,-1.439461,-23.589419
21.942618,-1.426393,-23.603963
21.953157,-1.451354,-23.616717
21.947013,-1.435946,-23.619766
21.939315,-1.449284,-23.623112
21.960017,-1.437075,-23.587876
21.932489,-1.465078,-23.598648
21.951319,-1.440829,-23.596904
21.948468,-1.430858,-23.574689
21.939678,-1.440750,-23.606828
21.953799,-1.436713,-23.589325
21.937919,-1.470929,-23.611638
21.935180,-1.449948,-23.608963
21.948867,-1.450606,-23.610029
21.946378,-1.442954,-23.595484
21.939128,-1.429245,-23.599023
21.963877,-1.451206,-23.606349
21.945886,-1.451042,-23.599541
21.940480,-1.457393,-23.586977
21.949551,-1.454877,-23.591607
21.949085,-1.470230,-23.595412
21.951944,-1.442534,-23.612649
21.966417,-1.453494,-23.604175
21.947648,-1.461714,-23.592934
21.918453,-1.450790,-23.593583
21.924133,-1.447002,-23.605323
21.960036,-1.455792,-23.600295
21.958082,-1.469427,-23.594990
21.952534,-1.452248,-23.586258
21.953467,-1.448844,-23.597195
21.950190,-1.464616,-23.604297
21.961445,-1.437859,-23.603273
21.969739,-1.466910,-23.608206
21.954479,-1.450295,-23.604053
21.937616,-1.444087,-23.591897
21.946095,-1.461753,-23.590932
21.953311,-1.447245,-23.612271
21.944428,-1.442188,-23.596484
21.959570,-1.443218,-23.610617
21.953031,-1.445647,-23.606570
21.953157,-1.456465,-23.591117
21.950213,-1.470165,-23.588868
21.962617,-1.477352,-23.607127
21.942201,-1.460996,-23.584226
21.948408,-1.458500,-23.600304
21.941759,-1.452525,-23.596074
21.944025,-1.455273,-23.594602
21.950973,-1.447010,-23.617459
21.944702,-1.460268,-23.592011
21.956336,-1.447409,-23.595144
21.957904,-1.455282,-23.593465
21.950432,-1.466084,-23.577733
21.962227,-1.483363,-23.591353
21.975666,-1.460927,-23.589285
21.953146,-1.461311,-23.592093
21.945459,-1.469796,-23.576144
21.957024,-1.474991,-23.604173
21.942575,-1.476336,-23.600489
21.936941,-1.456609,-23.590949
21.950065,-1.474207,-23.592639
21.969668,-1.465818,-23.598805
21.958932,-1.463065,-23.602570
21.948181,-1.489505,-23.580366
21.955156,-1.480627,-23.585139
21.966074,-1.466300,-23.587855
21.945622,-1.482231,-23.581931
21.948856,-1.464215,-23.589802
21.937385,-1.467534,-23.601122
21.956413,-1.462552,-23.580495
21.960382,-1.468442,-23.590024
21.938028,-1.464916,-23.577788
21.963865,-1.457764,-23.585715
21.956980,-1.476120,-23.601274
21.962190,-1.480472,-23.596565
21.954643,-1.464152,-23.588044
21.964321,-1.476718,-23.597007
21.956796,-1.460297,-23.595045
21.952650,-1.478610,-23.584924
21.958559,-1.478814,-23.593823
21.956853,-1.464906,-23.582458
21.938056,-1.480638,-23.605748
21.962252,-1.479695,-23.593799
21.954170,-1.495426,-23.587407
21.951068,-1.463809,-23.587590
21.958646,-1.479039,-23.585045
21.964691,-1.461033,-23.607465
21.959382,-1.463264,-23.587914
21.953112,-1.462961,-23.589198
21.959106,-1.472819,-23.589504
21.969516,-1.490982,-23.589948
21.959379,-1.472071,-23.583122
21.953796,-1.483463,-23.572393
21.955541,-1.481871,-23.577679
21.939985,-1.458871,-23.590092
21.958083,-1.481753,-23.603666
21.958681,-1.485311,-23.591378
21.956163,-1.460734,-23.601430
21.969847,-1.477399,-23.588649
21.945142,-1.480874,-23.581819
21.965731,-1.470052,-23.614653
21.961092,-1.488591,-23.592517
21.959763,-1.480392,-23.601988
21.963981,-1.485965,-23.578621
21.948395,-1.487767,-23.592314
21.956969,-1.457178,-23.575000
21.941265,-1.483992,-23.581060
21.971946,-1.472602,-23.570839
21.964806,-1.475984,-23.571657
21.953758,-1.499363,-23.579253
21.967064,-1.488930,-23.578840
21.980912,-1.474470,-23.593120
21.967733,-1.467820,-23.572917
21.946652,-1.478659,-23.595986
21.936473,-1.461510,-23.581447
21.972519,-1.491441,-23.608879
21.957866,-1.487553,-23.606861
21.957561,-1.479097,-23.566305
21.951093,-1.484657,-23.594128
21.963424,-1.473323,-23.579692
21.968681,-1.495201,-23.571033
21.960021,-1.492710,-23.583354
21.981343,-1.474990,-23.574958
21.942971,-1.506653,-23.578179
21.949233,-1.482669,-23.584764
21.968067,-1.490284,-23.585538
21.957077,-1.486760,-23.565555
21.960370,-1.485563,-23.581114
21.964235,-1.490690,-23.592227
21.958559,-1.478120,-23.592490
21.968554,-1.485061,-23.599042
21.962832,-1.482786,-23.586387
21.968098,-1.490221,-23.586535
21.963730,-1.502165,-23.574113
21.965681,-1.500629,-23.592762
21.952717,-1.497071,-23.594421
21.948858,-1.500782,-23.572542
21.968836,-1.502573,-23.571837
21.969261,-1.501403,-23.582177
21.980200,-1.481624,-23.576320
21.965003,-1.503763,-23.585604
21.967956,-1.489142,-23.585239
21.962461,-1.499657,-23.600891
21.969423,-1.508265,-23.575110
21.952518,-1.476022,-23.572215
21.981589,-1.480057,-23.582586
21.957135,-1.487876,-23.586893
21.956652,-1.507554,-23.559757
21.955507,-1.499528,-23.590842
21.972813,-1.485187,-23.578990
21.947645,-1.500324,-23.585249
21.962341,-1.492513,-23.571178
21.978012,-1.498932,-23.584171
21.957389,-1.482930,-23.585982
21.949920,-1.494804,-23.567910
21.976554,-1.502072,-23.593614
21.979532,-1.512186,-23.584126
21.963247,-1.503924,-23.591449
21.968755,-1.496629,-23.582643
21.946933,-1.502515,-23.574498
21.957180,-1.501377,-23.572100
21.962234,-1.496966,-23.591088
21.941162,-1.503063,-23.586045
21.970752,-1.490696,-23.598189
21.971511,-1.497932,-23.574288
21.969513,-1.500999,-23.560216
21.970641,-1.492002,-23.582829
21.953185,-1.503249,-23.590911
21.966776,-1.496487,-23.578115
21.960056,-1.506900,-23.579902
21.953546,-1.483361,-23.602436
21.954917,-1.492216,-23.579525
21.965984,-1.496723,-23.573671
21.961148,-1.512612,-23.611525
21.971134,-1.497476,-23.552507
21.956488,-1.486307,-23.572379
21.948269,-1.517922,-23.571334
21.956631,-1.501747,-23.575493
21.947503,-1.493764,-23.573973
21.963094,-1.504999,-23.548343
21.950984,-1.493881,-23.579626
21.962854,-1.494399,-23.590376
21.964499,-1.503106,-23.593875
21.982231,-1.498551,-23.593720
21.938111,-1.487493,-23.579278
21.969061,-1.490661,-23.577557
21.989157,-1.513365,-23.576051
21.982225,-1.499455,-23.580000
21.974098,-1.502780,-23.582151
21.969784,-1.497402,-23.570551
21.970684,-1.507831,-23.593272
21.975584,-1.496046,-23.566130
21.971429,-1.493504,-23.572734
21.957651,-1.481296,-23.578465
21.982596,-1.488036,-23.586838
21.969783,-1.501031,-23.567481
21.965294,-1.495091,-23.580231
21.979719,-1.488185,-23.578772
21.978870,-1.476346,-23.584092
21.954270,-1.522908,-23.586208
21.971323,-1.518067,-23.584847
21.971678,-1.500191,-23.575068
21.984582,-1.523301,-23.590378
21.971528,-1.514992,-23.576074
21.977806,-1.501614,-23.570818
21.947947,-1.516432,-23.587704
21.965106,-1.504327,-23.577681
21.965939,-1.503324,-23.569424
21.963676,-1.497874,-23.566646
21.975295,-1.510764,-23.588335
21.978964,-1.503986,-23.585360
21.968923,-1.493392,-23.593848
21.977333,-1.514130,-23.589475
21.962254,-1.500132,-23.575326
21.983098,-1.508547,-23.573317
21.976640,-1.507125,-23.573670
21.948350,-1.503603,-23.579402
21.962603,-1.503985,-23.572517
21.954132,-1.491713,-23.578284
21.955300,-1.509846,-23.581067
21.965737,-1.513100,-23.572987
21.985165,-1.496044,-23.592937
21.953978,-1.511211,-23.570045
21.976023,-1.522152,-23.586006
21.973052,-1.491492,-23.585732
21.968783,-1.519031,-23.566370
21.969040,-1.518842,-23.585307
21.970614,-1.514559,-23.586288
21.934810,-1.510147,-23.586287
21.968991,-1.521740,-23.589627
21.981489,-1.497362,-23.573515
21.972000,-1.517683,-23.577981
21.957757,-1.516595,-23.590908
21.971902,-1.496739,-23.585958
21.984786,-1.516097,-23.574285
21.955591,-1.490358,-23.582340
21.962932,-1.497728,-23.578429
21.965268,-1.512470,-23.573375
21.996169,-1.512974,-23.570214
21.969553,-1.498908,-23.565873
21.974935,-1.502637,-23.569984
21.971720,-1.505174,-23.583185
21.969508,-1.530898,-23.569635
21.966989,-1.511502,-23.575490
21.965279,-1.501073,-23.571928
21.970390,-1.520998,-23.579669
21.970340,-1.505129,-23.569643
21.971013,-1.505594,-23.585961
21.973697,-1.503828,-23.584105
21.987062,-1.512545,-23.565765
21.976446,-1.511661,-23.591194
21.978852,-1.501859,-23.578325
21.975323,-1.503421,-23.575312
21.973579,-1.504751,-23.578058
21.958180,-1.518619,-23.598899
21.970075,-1.521082,-23.586879
21.983045,-1.514126,-23.576160
21.962457,-1.504211,-23.569420
21.977448,-1.523131,-23.578354
21.993243,-1.502051,-23.580247
21.976903,-1.511035,-23.568171
21.957377,-1.511816,-23.572240
21.962721,-1.513431,-23.577933
21.972241,-1.504324,-23.570954
21.961503,-1.511357,-23.571811
21.984704,-1.498934,-23.574876
21.964840,-1.494459,-23.585064
21.980990,-1.512797,-23.564418
21.969998,-1.517691,-23.569674
21.964867,-1.525175,-23.559882
21.979303,-1.521545,-23.569936
21.954029,-1.505232,-23.576181
21.963486,-1.506601,-23.584278
21.977777,-1.517946,-23.578864
21.953741,-1.521546,-23.566576
21.963395,-1.520285,-23.560052
21.972816,-1.499967,-23.569422
21.993723,-1.519211,-23.568063
21.973467,-1.512313,-23.585811
21.968010,-1.525625,-23.590761
21.960714,-1.520596,-23.582064
21.989302,-1.522606,-23.566849
21.973355,-1.509467,-23.572434
21.966889,-1.520853,-23.581009
21.946988,-1.503653,-23.580127
21.972872,-1.501975,-23.576181
21.969211,-1.518975,-23.580877
21.976600,-1.516068,-23.580006
21.959091,-1.509187,-23.571287
21.982037,-1.530768,-23.576128
21.971354,-1.506861,-23.570962
21.976799,-1.511846,-23.571577
21.970209,-1.513947,-23.568966
21.975554,-1.515770,-23.581883
21.981524,-1.534636,-23.569575
21.970278,-1.508401,-23.572713
21.960373,-1.526858,-23.570858
21.995354,-1.505361,-23.559312
21.967218,-1.529643,-23.566368
21.972738,-1.511982,-23.560516
21.969166,-1.523872,-23.581081
21.974520,-1.528023,-23.583864
21.973374,-1.516700,-23.576809
21.974667,-1.531872,-23.561876
21.970940,-1.519991,-23.583188
21.993282,-1.507507,-23.559355
21.978241,-1.514007,-23.572229
21.979603,-1.508608,-23.563928
21.979829,-1.516849,-23.586837
21.972018,-1.525632,-23.555606
21.984291,-1.500417,-23.584073
21.975850,-1.518682,-23.585564
21.960526,-1.530555,-23.582993
21.986270,-1.531657,-23.569818
21.960213,-1.518665,-23.580081
21.975609,-1.522479,-23.564653
21.976022,-1.510433,-23.572903
21.983408,-1.516814,-23.577101
21.977188,-1.524859,-23.575306
21.969671,-1.526005,-23.564558
21.964235,-1.523341,-23.578577
21.969420,-1.548602,-23.554202
21.953643,-1.537016,-23.598606
21.977156,-1.499663,-23.566538
21.979271,-1.490029,-23.576298
21.982603,-1.526015,-23.584805
21.969327,-1.531379,-23.577899
21.992076,-1.511282,-23.572852
21.965556,-1.511807,-23.554604
21.985469,-1.534761,-23.577304
21.980065,-1.524148,-23.573615
21.967274,-1.518256,-23.555478
21.964412,-1.514644,-23.577878
21.961449,-1.530036,-23.569160
21.964389,-1.510118,-23.573544
21.973067,-1.520985,-23.560107
21.962289,-1.524054,-23.562356
21.977269,-1.518229,-23.584503
21.973202,-1.502572,-23.581315
21.978496,-1.539949,-23.568229
21.959633,-1.518751,-23.571104
21.991712,-1.536792,-23.555110
21.984131,-1.514575,-23.566594
21.981827,-1.527105,-23.570550
21.970773,-1.526208,-23.573445
21.981162,-1.526928,-23.576758
21.978409,-1.536003,-23.567421
21.979821,-1.528573,-23.567034
21.975885,-1.521927,-23.556132
21.966856,-1.527978,-23.579366
21.975880,-1.519994,-23.579857
21.972216,-1.531117,-23.567903
21.974774,-1.542199,-23.580949
21.982045,-1.501240,-23.558468
21.968805,-1.524110,-23.586851
21.969047,-1.527798,-23.574744
21.968154,-1.504871,-23.586200
21.979788,-1.518044,-23.566272
21.996818,-1.522560,-23.563501
21.967729,-1.513190,-23.556780
21.969409,-1.510641,-23.586033
21.983025,-1.519846,-23.578169
21.993120,-1.508025,-23.589215
21.960602,-1.519005,-23.580797
21.977347,-1.517823,-23.581690
21.991783,-1.542751,-23.574131
21.987371,-1.525149,-23.578096
21.985955,-1.517482,-23.581203
21.980244,-1.529571,-23.566489
21.987828,-1.515656,-23.568022
21.994321,-1.531110,-23.578241
21.967876,-1.517086,-23.582417
21.970109,-1.519910,-23.581143
21.974042,-1.514098,-23.555831
21.971379,-1.514016,-23.564198
21.980447,-1.509120,-23.571392
21.963916,-1.526520,-23.562561
21.985158,-1.512272,-23.572613
21.978386,-1.528357,-23.565492
21.973702,-1.534914,-23.565028
21.981478,-1.524448,-23.579623
21.976845,-1.527515,-23.574380
21.991051,-1.521561,-23.570627
21.965629,-1.498052,-23.572493
21.970239,-1.520242,-23.547680
21.977406,-1.520405,-23.575888
21.975649,-1.515520,-23.573538
21.972794,-1.516806,-23.561959
21.967223,-1.514700,-23.578202
21.988989,-1.509563,-23.564413
21.980956,-1.532330,-23.574458
21.961914,-1.532684,-23.564778
21.967784,-1.519648,-23.569943
21.982004,-1.505872,-23.558839
21.972310,-1.535986,-23.567300
21.982738,-1.538300,-23.583303
21.983167,-1.504520,-23.568717
21.974573,-1.533756,-23.576801
21.965473,-1.518346,-23.569444
21.982611,-1.532362,-23.576873
21.967400,-1.534172,-23.582891
21.973278,-1.516156,-23.565626
21.987246,-1.535100,-23.578234
21.984911,-1.538138,-23.578527
21.972500,-1.525172,-23.580606
21.987274,-1.519975,-23.567158
21.969418,-1.512768,-23.565859
21.986567,-1.511300,-23.571883
21.969536,-1.516731,-23.579832
21.981948,-1.527903,-23.584513
21.971039,-1.514695,-23.563060
21.979566,-1.512343,-23.570624
21.980969,-1.531508,-23.553868
21.977996,-1.525222,-23.558297
21.964381,-1.538160,-23.562186
21.974147,-1.549286,-23.552450
21.974186,-1.502719,-23.578138
21.976083,-1.524185,-23.566782
21.976055,-1.531792,-23.580219
21.996259,-1.520945,-23.572147
21.972675,-1.540326,-23.568638
21.961090,-1.521544,-23.567718
21.971855,-1.531969,-23.567120
21.967793,-1.525494,-23.568295
21.987058,-1.537412,-23.576303
21.967263,-1.532409,-23.570419
21.975306,-1.504163,-23.584080
21.983753,-1.527041,-23.556566
21.975703,-1.544267,-23.571745
21.968310,-1.519858,-23.583749
21.987454,-1.525521,-23.581735
21.980465,-1.512260,-23.576867
21.978337,-1.516842,-23.556132
21.959473,-1.526568,-23.569534
21.971732,-1.523255,-23.571275
21.980456,-1.520952,-23.578418
21.991243,-1.543283,-23.575256
21.975466,-1.513378,-23.569862
21.962484,-1.551194,-23.575824
21.974783,-1.513986,-23.560909
21.979917,-1.533005,-23.580395
21.986517,-1.537393,-23.576325
21.965010,-1.515277,-23.561998
21.993373,-1.522067,-23.577041
21.979129,-1.522431,-23.570486
21.964974,-1.517607,-23.570491
21.984113,-1.548181,-23.570844
21.972440,-1.526995,-23.583088
21.971674,-1.522559,-23.560145
21.971945,-1.519907,-23.579081
21.985091,-1.504382,-23.568538
21.968504,-1.517037,-23.574847
21.966206,-1.530466,-23.567387
21.981730,-1.527290,-23.584926
21.979937,-1.538126,-23.565397
21.990173,-1.524674,-23.570871
21.965984,-1.553407,-23.548378
21.975713,-1.511760,-23.569053
21.982753,-1.540307,-23.552691
21.981071,-1.542155,-23.564687
21.969420,-1.511161,-23.571784
21.970498,-1.521489,-23.566396
21.997659,-1.522190,-23.561262
21.973809,-1.526876,-23.566114
21.970204,-1.519687,-23.580040
22.000163,-1.541003,-23.557851
21.968924,-1.517145,-23.561426
21.981159,-1.537482,-23.583638
21.998029,-1.515134,-23.568935
21.983628,-1.523719,-23.581308
21.978233,-1.529029,-23.573299
21.977918,-1.540424,-23.581250
21.983216,-1.524321,-23.575001
21.989748,-1.519429,-23.567559
21.983167,-1.534114,-23.553402
21.972232,-1.520889,-23.571040
21.975799,-1.523859,-23.561380
21.977886,-1.527947,-23.572686
21.984542,-1.535813,-23.571946
21.972764,-1.523710,-23.565112
21.958599,-1.536226,-23.564924
21.980780,-1.513074,-23.562412
21.993218,-1.533184,-23.556899
21.964259,-1.534623,-23.557974
21.985086,-1.509951,-23.569667
21.974041,-1.537053,-23.577981
21.987913,-1.523856,-23.564653
21.972193,-1.533661,-23.553013
21.978046,-1.539114,-23.574857
21.966103,-1.512390,-23.545097
21.980278,-1.530509,-23.559774
21.970500,-1.547312,-23.572963
21.984309,-1.528919,-23.561604
21.992163,-1.524628,-23.566436
21.985290,-1.509131,-23.583606
21.979302,-1.534879,-23.558786
21.979229,-1.537120,-23.585541
21.985187,-1.532398,-23.589320
21.973650,-1.516672,-23.563655
21.988639,-1.519135,-23.567698
21.975529,-1.520847,-23.553586
21.993413,-1.520814,-23.568143
21.974152,-1.522857,-23.561717
21.978951,-1.537434,-23.590961
21.974764,-1.526713,-23.569180
21.973633,-1.542627,-23.588483
21.967993,-1.517562,-23.571402
21.987043,-1.534855,-23.561526
21.960470,-1.514547,-23.559944
21.985548,-1.522728,-23.583777
21.987922,-1.526304,-23.570858
21.975046,-1.544196,-23.565358
21.969074,-1.517615,-23.560767
21.970616,-1.519709,-23.576931
21.971954,-1.537032,-23.566489
21.977406,-1.531417,-23.563787
21.967599,-1.539894,-23.553868
21.972582,-1.528341,-23.562122
21.984993,-1.540863,-23.564234
21.978695,-1.528113,-23.578419
21.999332,-1.531371,-23.565013
21.973575,-1.543720,-23.558421
21.971904,-1.519201,-23.567790
21.983848,-1.541384,-23.572179
21.980925,-1.506451,-23.559671
21.973090,-1.515422,-23.546421
21.978041,-1.523896,-23.546585
21.969336,-1.528019,-23.569544
21.991079,-1.521829,-23.578991
21.990862,-1.519706,-23.560921
21.990346,-1.541490,-23.572073
21.982140,-1.543156,-23.564576
21.977978,-1.521856,-23.564266
21.963765,-1.513073,-23.562623
21.963408,-1.520989,-23.572458
21.988194,-1.553207,-23.572673
21.979569,-1.523392,-23.583059
21.981516,-1.530202,-23.563113
21.973316,-1.529781,-23.571994
21.982778,-1.516440,-23.572622
21.981232,-1.531997,-23.573462
21.984715,-1.530372,-23.564771
21.977722,-1.533080,-23.566821
21.990843,-1.532350,-23.567073
21.975108,-1.511467,-23.584370
21.988445,-1.535071,-23.569539
21.970956,-1.549136,-23.561044
21.978019,-1.534585,-23.582857
21.986375,-1.516796,-23.555782
21.949617,-1.537283,-23.579493
21.970984,-1.539247,-23.565816
21.975358,-1.526386,-23.573903
21.979933,-1.517739,-23.555876
21.970005,-1.534653,-23.581990
21.960209,-1.529649,-23.574764
21.971784,-1.514439,-23.558219
21.977381,-1.525116,-23.556563
21.978553,-1.526030,-23.567690
21.979141,-1.517774,-23.559696
21.966688,-1.541330,-23.573302
21.980940,-1.564246,-23.569956
21.969434,-1.526177,-23.560970
21.979809,-1.532780,-23.554194
21.982161,-1.511114,-23.595929
21.991749,-1.509920,-23.566991
21.980202,-1.558731,-23.577198
21.999709,-1.527873,-23.571480
21.971076,-1.537899,-23.562201
21.957626,-1.525970,-23.545361
21.990913,-1.538025,-23.542569
21.977504,-1.521397,-23.581420
21.975427,-1.524227,-23.582898
21.975544,-1.550363,-23.559639
21.976256,-1.533351,-23.554261
21.987875,-1.526083,-23.580504
21.990084,-1.523935,-23.572825
21.980552,-1.520231,-23.572999
21.976238,-1.519192,-23.562318
21.993693,-1.531877,-23.561966
21.981383,-1.540202,-23.532850
21.962489,-1.521743,-23.569082
21.963490,-1.509833,-23.552401
21.968725,-1.527201,-23.550143
21.974933,-1.532442,-23.573064
21.984113,-1.516675,-23.560977
21.978810,-1.515757,-23.573016
21.956708,-1.528748,-23.561491
21.977017,-1.519986,-23.562892
21.970395,-1.533363,-23.573634
21.995978,-1.534312,-23.568774
21.959830,-1.542904,-23.578229
21.992378,-1.543155,-23.560822
21.987754,-1.532180,-23.558341
21.963879,-1.515778,-23.556214
21.979098,-1.543332,-23.575864
21.982357,-1.528316,-23.562526
22.008614,-1.519004,-23.573947
21.977307,-1.522123,-23.583858
21.980114,-1.540382,-23.573414
21.973079,-1.509730,-23.566885
21.978847,-1.513783,-23.572393
21.986968,-1.532539,-23.581234
21.985074,-1.544091,-23.575041
21.977637,-1.532640,-23.574990
21.986049,-1.539651,-23.557815
21.967029,-1.548620,-23.564829
21.968710,-1.539753,-23.556599
21.985689,-1.519674,-23.558315
21.990597,-1.532779,-23.563934
21.985140,-1.527465,-23.577235
21.988540,-1.531280,-23.564447
21.988955,-1.540335,-23.564947
21.962851,-1.524991,-23.564023
21.971347,-1.524602,-23.567476
21.968557,-1.523410,-23.567044
21.981564,-1.532834,-23.560944
21.971818,-1.533595,-23.580528
21.961258,-1.549178,-23.584499
21.993508,-1.516451,-23.546801
21.973433,-1.542452,-23.560654
21.989049,-1.524658,-23.566576
21.989154,-1.540748,-23.578867
21.979254,-1.540864,-23.562705
21.974020,-1.533903,-23.561130
21.975594,-1.534101,-23.586750
21.975361,-1.533748,-23.556971
21.972011,-1.530800,-23.566401
21.972371,-1.513119,-23.562851
21.980061,-1.532623,-23.560864
21.973896,-1.518063,-23.559130
21.985026,-1.517093,-23.557351
21.987297,-1.525303,-23.567588
21.987753,-1.544593,-23.569101
21.973296,-1.551442,-23.554486
21.977360,-1.542732,-23.571982
21.976504,-1.542847,-23.566767
21.988825,-1.540197,-23.563904
21.979082,-1.523144,-23.580996
21.969945,-1.541735,-23.569653
21.990557,-1.523452,-23.555163
21.982510,-1.535997,-23.559420
21.962128,-1.525099,-23.549916
21.964851,-1.524028,-23.578466
21.970827,-1.511895,-23.563080
21.985929,-1.506128,-23.560086
21.962892,-1.534069,-23.562129
21.985165,-1.531407,-23.573820
21.975354,-1.544166,-23.565014
21.973658,-1.531119,-23.556786
21.992964,-1.519723,-23.576577
21.998342,-1.525509,-23.569292
21.974425,-1.542922,-23.576262
21.995432,-1.548577,-23.565724
21.968459,-1.532697,-23.558680
21.985017,-1.531424,-23.561163
21.986892,-1.542712,-23.566525
21.982946,-1.540575,-23.541510
21.971074,-1.530574,-23.568835
21.969972,-1.521836,-23.581069
21.962518,-1.525127,-23.559089
21.977082,-1.553874,-23.570331
21.975127,-1.537431,-23.566133
21.969020,-1.538453,-23.559969
21.967564,-1.531945,-23.551431
21.980459,-1.518775,-23.563604
22.000513,-1.543926,-23.576616
21.989148,-1.534867,-23.581475
21.979383,-1.528920,-23.576512
21.970761,-1.537323,-23.563541
21.995751,-1.534206,-23.560794
21.974825,-1.546298,-23.580486
21.978004,-1.519235,-23.563139
21.995017,-1.527149,-23.551770
21.988088,-1.526958,-23.556392
21.973634,-1.525587,-23.572724
21.976432,-1.516671,-23.572684
21.978131,-1.515427,-23.553360
21.987384,-1.516500,-23.572494
21.977409,-1.541880,-23.566861
21.975265,-1.544743,-23.561171
21.968342,-1.546019,-23.559625
21.976595,-1.553051,-23.564162
21.966183,-1.565771,-23.570148
21.969442,-1.606788,-23.574734
21.973681,-1.608219,-23.599196
21.960398,-1.616015,-23.590400
21.960906,-1.674509,-23.596204
21.918764,-1.677789,-23.575877
21.932383,-1.685219,-23.619810
21.922762,-1.740485,-23.599090
21.916574,-1.757376,-23.605279
21.903171,-1.778195,-23.611453
21.885102,-1.804517,-23.627324
21.892440,-1.852265,-23.637661
21.880696,-1.871724,-23.641868
21.862983,-1.912881,-23.638190
21.873010,-1.930533,-23.646279
21.849843,-1.966885,-23.664291
21.839800,-2.011669,-23.659126
21.832238,-2.040947,-23.650530
21.818360,-2.078053,-23.642140
21.820006,-2.105576,-23.671507
21.798913,-2.140661,-23.689519
21.779784,-2.156486,-23.686666
21.780648,-2.209373,-23.683638
21.771967,-2.244129,-23.674211
21.762014,-2.268480,-23.709223
21.770669,-2.316706,-23.719278
21.752524,-2.362939,-23.730509
21.736903,-2.373444,-23.698385
21.708206,-2.424063,-23.729575
21.713192,-2.465964,-23.736805
21.676991,-2.486033,-23.742814
21.699837,-2.526046,-23.755170
21.682584,-2.561575,-23.753336
21.671578,-2.589412,-23.759632
21.646828,-2.632773,-23.763075
21.650114,-2.687404,-23.764843
21.658670,-2.709399,-23.771258
21.634895,-2.739585,-23.777454
21.634471,-2.796031,-23.783205
21.596454,-2.820159,-23.788045
21.605324,-2.885382,-23.806214
21.582976,-2.883708,-23.802626
21.585507,-2.919357,-23.797821
21.567131,-2.970796,-23.815923
21.555804,-2.996842,-23.815900
21.544927,-3.028192,-23.820395
21.523459,-3.069563,-23.834152
21.535583,-3.094323,-23.840224
21.508694,-3.142832,-23.819813
21.501182,-3.191154,-23.829937
21.485545,-3.209146,-23.829190
21.482457,-3.269708,-23.852876
21.467848,-3.304206,-23.857206
21.456520,-3.335415,-23.873957
21.423283,-3.375286,-23.856940
21.447503,-3.415028,-23.887538
21.423480,-3.447439,-23.874599
21.422949,-3.484980,-23.885436
21.398065,-3.519719,-23.873801
21.389571,-3.554286,-23.899101
21.366506,-3.600798,-23.889361
21.375836,-3.622582,-23.912422
21.357821,-3.652731,-23.900881
21.340639,-3.699544,-23.920936
21.327207,-3.736715,-23.911155
21.318568,-3.748411,-23.929561
21.293295,-3.823758,-23.925241
21.284856,-3.869000,-23.927206
21.294732,-3.895583,-23.929313
21.262631,-3.918999,-23.946023
21.257583,-3.948750,-23.945116
21.259226,-3.996546,-23.944711
21.224699,-4.031283,-23.955596
21.225335,-4.071932,-23.958610
21.210796,-4.112488,-23.947527
21.208248,-4.137860,-23.962075
21.202054,-4.177357,-23.963353
21.176938,-4.216030,-23.981640
21.154101,-4.264378,-23.977324
21.155835,-4.303219,-23.953465
21.142294,-4.317356,-23.972656
21.130939,-4.363537,-23.967117
21.114590,-4.432341,-23.985383
21.110481,-4.437017,-23.980867
21.114993,-4.476355,-23.982354
21.085654,-4.512294,-24.016140
21.089672,-4.546108,-23.990973
21.071413,-4.561311,-24.007221
21.057949,-4.615855,-24.003596
21.032044,-4.668026,-24.003795
21.037390,-4.690610,-24.002405
21.035440,-4.721219,-24.002640
21.005555,-4.771787,-24.021306
20.990800,-4.819621,-24.003463
20.997273,-4.852065,-24.017936
20.976301,-4.857089,-24.024726
20.954026,-4.913336,-24.030848
20.947712,-4.956643,-24.024408
20.958993,-5.005179,-24.045597
20.913280,-5.028102,-24.035130
20.900156,-5.074907,-24.046252
20.893060,-5.100723,-24.028707
20.872427,-5.129795,-24.040639
20.861532,-5.187213,-24.068514
20.855659,-5.208044,-24.062353
20.852339,-5.246485,-24.054189
20.819094,-5.295743,-24.048037
20.815702,-5.332674,-24.052336
20.799467,-5.366966,-24.071840
20.805976,-5.413792,-24.054397
20.792466,-5.442425,-24.061247
20.778294,-5.490053,-24.062390
20.758407,-5.524052,-24.053758
20.746844,-5.557215,-24.067525
20.740949,-5.579026,-24.068633
20.733420,-5.613947,-24.066159
20.708729,-5.657170,-24.075575
20.707613,-5.683725,-24.075790
20.679670,-5.757757,-24.084309
20.678146,-5.772637,-24.082258
20.664702,-5.820530,-24.101729
20.650373,-5.861496,-24.077422
20.650937,-5.876380,-24.103796
20.624666,-5.920348,-24.081614
20.618817,-5.956835,-24.087021
20.595131,-5.988552,-24.075929
20.589542,-6.015072,-24.099661
20.571344,-6.061421,-24.111879
20.577208,-6.118749,-24.093934
20.561520,-6.142938,-24.102954
20.532011,-6.189191,-24.102576
20.518413,-6.213197,-24.111050
20.504977,-6.247273,-24.105437
20.506366,-6.298747,-24.096129
20.496666,-6.314955,-24.114649
20.465640,-6.361276,-24.106711
20.463877,-6.397931,-24.108502
20.439019,-6.451363,-24.102116
20.434397,-6.496045,-24.101542
20.420531,-6.511865,-24.113155
20.408023,-6.561002,-24.102649
20.390838,-6.594703,-24.115971
20.384475,-6.616507,-24.098417
20.380202,-6.656684,-24.128491
20.339314,-6.705646,-24.107229
20.343892,-6.743412,-24.121470
20.326762,-6.782891,-24.109545
20.328023,-6.813700,-24.110126
20.307839,-6.849585,-24.110473
20.282486,-6.887062,-24.121958
20.274165,-6.930576,-24.098784
20.264541,-6.959649,-24.132366
20.253186,-6.988962,-24.134028
20.248928,-7.023291,-24.103022
20.240620,-7.075114,-24.106296
20.220938,-7.111234,-24.117884
20.219217,-7.164410,-24.121736
20.187823,-7.198644,-24.125012
20.176735,-7.228369,-24.098570
20.167230,-7.272197,-24.122509
20.149347,-7.311219,-24.110055
20.148595,-7.348572,-24.133481
20.134632,-7.365967,-24.124125
20.101441,-7.425333,-24.113884
20.094242,-7.462030,-24.114383
20.091922,-7.489917,-24.136435
20.080550,-7.534166,-24.108586
20.055627,-7.577167,-24.114469
20.041604,-7.608555,-24.099609
20.048251,-7.647334,-24.124137
20.011312,-7.657236,-24.124197
19.993063,-7.704611,-24.105248
19.986413,-7.736244,-24.116882
19.980042,-7.780436,-24.096940
19.964879,-7.803039,-24.108418
19.953496,-7.830572,-24.097266
19.933010,-7.867847,-24.091686
19.934341,-7.922630,-24.094457
19.917685,-7.975946,-24.110398
19.896354,-7.993062,-24.108840
19.876140,-8.024890,-24.083616
19.864501,-8.061939,-24.091666
19.866543,-8.113416,-24.097867
19.834606,-8.148131,-24.096769
19.819502,-8.178655,-24.089996
19.812674,-8.224673,-24.093730
19.817473,-8.261870,-24.093992
19.779017,-8.290922,-24.098528
19.773231,-8.312413,-24.099245
19.766261,-8.348831,-24.098841
19.746944,-8.407503,-24.092388
19.731189,-8.440562,-24.085274
19.703405,-8.470344,-24.099329
19.685477,-8.513508,-24.074324
19.693644,-8.552996,-24.076956
19.675111,-8.589409,-24.078932
19.665143,-8.620646,-24.071716
19.650584,-8.664761,-24.081933
19.652577,-8.705786,-24.077512
19.621778,-8.733973,-24.088400
19.603307,-8.780600,-24.059646
19.596712,-8.809250,-24.067280
19.566196,-8.849139,-24.066300
19.580162,-8.887368,-24.053078
19.550084,-8.927382,-24.069190
19.542516,-8.947716,-24.047465
19.529951,-8.999144,-24.044329
19.500849,-9.029314,-24.058094
19.499644,-9.076509,-24.059082
19.486196,-9.093581,-24.039454
19.471612,-9.137864,-24.050226
19.451521,-9.166710,-24.044303
19.419105,-9.200353,-24.037900
19.440416,-9.263998,-24.047577
19.418273,-9.287497,-24.048965
19.397323,-9.338920,-24.029808
19.376326,-9.360977,-24.031102
19.352199,-9.397907,-24.037218
19.351387,-9.439236,-24.035339
19.339334,-9.466570,-24.015955
19.339593,-9.516107,-24.018201
19.312520,-9.537196,-24.020307
19.280905,-9.591951,-24.008133
19.300091,-9.626091,-24.013081
19.277196,-9.662727,-24.015869
19.259833,-9.699616,-24.003904
19.250899,-9.732675,-24.002535
19.244483,-9.775076,-23.997678
19.219941,-9.824909,-23.986365
19.196435,-9.842486,-23.983002
19.195741,-9.892250,-23.988773
19.176437,-9.915293,-23.975077
19.137645,-9.949061,-23.964857
19.159392,-9.988703,-23.972296
19.133755,-10.024913,-23.981454
19.096776,-10.058770,-23.967029
19.108593,-10.091842,-23.951396
19.090647,-10.141581,-23.960996
19.079454,-10.172734,-23.939591
19.056443,-10.211634,-23.944224
19.040433,-10.250522,-23.940028
19.037644,-10.292301,-23.945548
19.016602,-10.320914,-23.919841
18.991951,-10.360395,-23.924582
18.974032,-10.399629,-23.924031
18.941980,-10.436776,-23.928914
18.958106,-10.464081,-23.917180
18.950748,-10.498036,-23.895058
18.910337,-10.536729,-23.920005
18.908864,-10.577486,-23.906780
18.902298,-10.624778,-23.902677
18.877918,-10.654727,-23.903485
18.871145,-10.691724,-23.890078
18.856251,-10.712161,-23.891741
18.824270,-10.746750,-23.883589
18.805441,-10.778392,-23.882165
18.824820,-10.843053,-23.869508
18.793021,-10.862148,-23.859612
18.765873,-10.923892,-23.849901
18.767988,-10.923373,-23.863314
18.748294,-10.973712,-23.870649
18.726581,-11.008901,-23.859318
18.708302,-11.036309,-23.831867
18.706710,-11.097411,-23.839480
18.685078,-11.129685,-23.842396
18.665712,-11.161589,-23.822898
18.645233,-11.196788,-23.810095
18.635541,-11.239084,-23.810790
18.638702,-11.269398,-23.806417
18.624721,-11.297466,-23.792763
18.598977,-11.345049,-23.806155
18.589447,-11.383726,-23.794229
18.574744,-11.419399,-23.793246
18.527854,-11.446268,-23.767888
18.543711,-11.488550,-23.775546
18.506103,-11.519831,-23.797678
18.516195,-11.554933,-23.786730
18.494490,-11.589128,-23.758367
18.484069,-11.642519,-23.771935
18.448511,-11.665705,-23.747930
18.436957,-11.698411,-23.741796
18.424993,-11.741327,-23.722183
18.393323,-11.780388,-23.718027
18.400668,-11.814742,-23.729458
18.381838,-11.852062,-23.703471
18.365893,-11.891082,-23.699229
18.356500,-11.894122,-23.713008
18.342332,-11.974005,-23.693228
18.339081,-11.999926,-23.684027
18.323185,-12.048995,-23.696566
18.275524,-12.070537,-23.668797
18.292359,-12.095869,-23.670681
18.241375,-12.149692,-23.666373
18.223428,-12.177130,-23.664191
18.231137,-12.201060,-23.662065
18.227726,-12.235087,-23.650555
18.184087,-12.269463,-23.642246
18.164529,-12.311856,-23.640227
18.166867,-12.360133,-23.620898
18.135560,-12.394020,-23.627686
18.113403,-12.441078,-23.601069
18.129476,-12.480213,-23.598195
18.105073,-12.505980,-23.591258
18.070909,-12.539414,-23.607836
18.077892,-12.562341,-23.580357
18.056970,-12.611969,-23.584108
18.027712,-12.656865,-23.577657
18.014175,-12.685147,-23.545700
18.009243,-12.702272,-23.556615
17.987366,-12.758247,-23.543109
17.965735,-12.802158,-23.541295
17.957194,-12.830833,-23.534382
17.943979,-12.867199,-23.534061
17.949892,-12.894259,-23.511004
17.916270,-12.929185,-23.510523
17.884913,-12.972151,-23.493083
17.882887,-13.016281,-23.515605
17.852222,-13.043090,-23.489443
17.862158,-13.062547,-23.482928
17.832079,-13.108307,-23.476342
17.808304,-13.131134,-23.448656
17.798113,-13.180008,-23.451693
17.803491,-13.216958,-23.453551
17.768025,-13.245541,-23.433326
17.736679,-13.293050,-23.438078
17.726438,-13.317850,-23.425707
17.697257,-13.353516,-23.420149
17.711348,-13.404889,-23.412669
17.676242,-13.437003,-23.386513
17.678146,-13.465039,-23.404315
17.649808,-13.504256,-23.380416
17.635880,-13.524495,-23.375810
17.630215,-13.571306,-23.358944
17.604728,-13.621450,-23.358261
17.579050,-13.621617,-23.361275
17.573839,-13.706470,-23.319637
17.561474,-13.714831,-23.324050
17.537565,-13.745161,-23.304486
17.524832,-13.810636,-23.302390
17.510047,-13.822559,-23.304936
17.509185,-13.855610,-23.303809
17.454786,-13.899906,-23.294192
17.447711,-13.922746,-23.284464
17.435902,-13.955753,-23.273354
17.414965,-14.005274,-23.250590
17.409084,-14.039195,-23.259342
17.397942,-14.059110,-23.247334
17.372185,-14.089991,-23.248816
17.380621,-14.124125,-23.231056
17.346090,-14.167128,-23.218288
17.325275,-14.197907,-23.208501
17.318307,-14.258519,-23.180372
17.316693,-14.274906,-23.199946
17.276281,-14.331474,-23.170561
17.244640,-14.369169,-23.162489
17.235073,-14.379931,-23.166239
17.235860,-14.423782,-23.159576
17.214980,-14.470629,-23.146832
17.188804,-14.478012,-23.127094
17.187351,-14.533531,-23.127766
17.161068,-14.542592,-23.094487
17.128925,-14.590515,-23.102557
17.127489,-14.640524,-23.094362
17.112698,-14.679688,-23.067908
17.103772,-14.711824,-23.067687
17.091390,-14.730447,-23.055886
17.051577,-14.762474,-23.048265
17.032539,-14.816646,-23.044637
17.024319,-14.846890,-23.037262
17.025586,-14.884762,-23.024544
16.998808,-14.916102,-23.010678
16.994573,-14.968215,-22.998082
16.962910,-14.965214,-22.985220
16.936991,-15.014878,-22.985732
16.934297,-15.056369,-22.970823
16.916210,-15.088466,-22.969338
16.899192,-15.126277,-22.951546
16.853259,-15.150466,-22.941303
16.875687,-15.206762,-22.928088
16.852836,-15.230890,-22.913671
16.829971,-15.270745,-22.912170
16.791561,-15.313108,-22.883549
16.788793,-15.324222,-22.896347
16.757917,-15.369849,-22.876710
16.756647,-15.380661,-22.856743
16.737088,-15.451281,-22.859259
16.723972,-15.463662,-22.826631
16.708863,-15.511720,-22.845458
16.710319,-15.543828,-22.832585
16.663178,-15.576962,-22.827580
16.657700,-15.621220,-22.802016
16.642119,-15.649542,-22.788661
16.627831,-15.686839,-22.759898
16.628776,-15.696887,-22.774500
16.581686,-15.756412,-22.744100
16.565050,-15.766734,-22.758508
16.546705,-15.820190,-22.719437
16.552165,-15.854447,-22.713229
16.513498,-15.898895,-22.703376
16.500429,-15.917688,-22.698623
16.487091,-15.940064,-22.687381
16.457962,-15.982573,-22.682406
16.452290,-16.015247,-22.653329
16.425786,-16.071680,-22.650817
16.404795,-16.085298,-22.648944
16.406768,-16.132358,-22.643914
16.366971,-16.154277,-22.619410
16.357875,-16.201091,-22.603369
16.363587,-16.238778,-22.597651
16.325780,-16.281031,-22.572026
16.315363,-16.298439,-22.575740
16.305554,-16.334750,-22.543080
16.282043,-16.375830,-22.546550
16.253527,-16.398860,-22.523176
16.239527,-16.430912,-22.514330
16.222314,-16.462545,-22.491639
16.183741,-16.514453,-22.488096
16.170179,-16.519037,-22.480758
16.169012,-16.573292,-22.468767
16.133011,-16.599822,-22.473410
16.133940,-16.626060,-22.427563
16.115511,-16.687962,-22.435333
16.103421,-16.721068,-22.415758
16.091126,-16.735339,-22.407645
16.081964,-16.785367,-22.388417
16.022595,-16.806198,-22.376049
16.035606,-16.858663,-22.371032
15.988225,-16.882318,-22.352228
16.004175,-16.910126,-22.341049
15.974759,-16.947283,-22.324208
15.942541,-16.993689,-22.319008
15.924437,-17.006083,-22.309566
15.907830,-17.050955,-22.287113
15.906253,-17.095005,-22.292953
15.889435,-17.106530,-22.267031
15.864175,-17.153600,-22.241647
15.859099,-17.177410,-22.242170
15.836636,-17.227366,-22.219667
15.830974,-17.245450,-22.179988
15.804561,-17.295477,-22.196948
15.761266,-17.320658,-22.197071
15.764707,-17.354629,-22.173035
15.750402,-17.381446,-22.157953
15.722143,-17.427126,-22.133260
15.719542,-17.458504,-22.126051
15.684144,-17.485677,-22.117377
15.655199,-17.518119,-22.108796
15.642221,-17.547535,-22.079125
15.637122,-17.579509,-22.055578
15.611111,-17.638248,-22.057245
15.593281,-17.660631,-22.037404
15.580099,-17.675519,-22.018949
15.536522,-17.717280,-22.013405
15.537017,-17.755363,-22.016080
15.526078,-17.798449,-21.992482
15.484661,-17.817631,-21.975165
15.499187,-17.840109,-21.953505
15.463230,-17.888584,-21.941496
15.432537,-17.930310,-21.923924
15.429744,-17.959168,-21.918998
15.408140,-17.985780,-21.909204
15.387712,-18.015048,-21.886197
15.373996,-18.055003,-21.864370
15.348776,-18.100384,-21.851963
15.342430,-18.113970,-21.851403
15.326279,-18.144993,-21.831199
15.309633,-18.183921,-21.823386
15.259213,-18.206734,-21.809065
15.253789,-18.253901,-21.792437
15.229358,-18.299437,-21.775151
15.217509,-18.330674,-21.766361
15.201539,-18.336776,-21.735489
15.195389,-18.374919,-21.729367
15.164639,-18.421682,-21.717073
15.147963,-18.455537,-21.706599
15.134773,-18.481868,-21.691396
15.121739,-18.510166,-21.679231
15.106213,-18.525831,-21.665560
15.041605,-18.586109,-21.647562
15.055663,-18.620320,-21.610481
15.044849,-18.653338,-21.611961
15.014093,-18.681316,-21.586574
15.001288,-18.708832,-21.593138
14.995084,-18.740018,-21.557216
14.952784,-18.770258,-21.554966
14.929532,-18.813913,-21.530658
14.926044,-18.850382,-21.510795
14.920919,-18.881732,-21.506801
14.902902,-18.910963,-21.491050
14.873329,-18.930796,-21.457705
14.845484,-18.971751,-21.450268
14.840630,-19.009139,-21.448124
14.821038,-19.029048,-21.422371
14.804070,-19.095900,-21.405330
14.785616,-19.101007,-21.391345
14.769884,-19.124612,-21.372222
14.733097,-19.158721,-21.368496
14.741314,-19.177331,-21.329311
14.699186,-19.233712,-21.347537
14.678445,-19.252966,-21.316888
14.674332,-19.314304,-21.301625
14.642520,-19.322078,-21.276033
14.645127,-19.363143,-21.261867
14.598655,-19.373885,-21.261634
14.590717,-19.424961,-21.245658
14.588726,-19.450949,-21.218511
14.554169,-19.481525,-21.212873
14.514363,-19.521459,-21.188636
14.510481,-19.542177,-21.173281
14.466423,-19.570539,-21.147525
14.467932,-19.608318,-21.122460
14.435499,-19.630409,-21.106535
14.439035,-19.664424,-21.117903
14.416489,-19.706369,-21.096052
14.411627,-19.761002,-21.074401
14.371213,-19.781432,-21.059544
14.373888,-19.794207,-21.024217
14.337196,-19.850778,-21.002501
14.325338,-19.855287,-20.991813
14.295790,-19.872508,-21.004751
14.281795,-19.942343,-20.959064
14.259794,-19.949778,-20.937241
14.250818,-19.985790,-20.940220
14.222188,-20.035022,-20.917342
14.203423,-20.051756,-20.890516
14.204210,-20.077353,-20.892801
14.163285,-20.119952,-20.864138
14.140993,-20.122392,-20.846793
14.126227,-20.175747,-20.832519
14.123939,-20.217553,-20.820775
14.090214,-20.239173,-20.791817
14.069914,-20.283659,-20.775780
14.044202,-20.293466,-20.764536
14.037938,-20.337857,-20.750328
14.003982,-20.365186,-20.743785
13.987566,-20.391835,-20.720240
13.975430,-20.417159,-20.699745
13.955010,-20.458117,-20.674686
13.929996,-20.493974,-20.674326
13.905876,-20.523156,-20.651728
13.903670,-20.551630,-20.628444
13.869316,-20.576611,-20.623434
13.860081,-20.611137,-20.585107
13.830188,-20.640053,-20.587300
13.814051,-20.671355,-20.564911
13.790534,-20.712185,-20.554419
13.785512,-20.727085,-20.513288
13.742679,-20.764048,-20.498035
13.722947,-20.796113,-20.500895
13.703512,-20.832496,-20.450345
13.701208,-20.860377,-20.435817
13.674306,-20.905355,-20.411891
13.655325,-20.935334,-20.404651
13.624717,-20.943085,-20.406738
13.618703,-20.987603,-20.371704
13.605010,-21.012308,-20.363187
13.573525,-21.047384,-20.365934
13.559518,-21.062295,-20.305435
13.562989,-21.100805,-20.297622
13.497959,-21.141338,-20.293025
13.499708,-21.162692,-20.247758
13.482406,-21.184715,-20.257494
13.460671,-21.226579,-20.213383
13.426990,-21.246938,-20.205351
13.413079,-21.270799,-20.192684
13.415243,-21.307001,-20.174253
13.359639,-21.362414,-20.160885
13.366019,-21.387331,-20.121232
13.352365,-21.397119,-20.117928
13.331893,-21.432767,-20.096161
13.295639,-21.469987,-20.093278
13.250890,-21.492773,-20.063813
13.255326,-21.542178,-20.038512
13.234445,-21.541298,-20.012402
13.221062,-21.596119,-19.981363
13.214314,-21.621910,-19.972510
13.177837,-21.629360,-19.959953
13.157472,-21.673793,-19.963448
13.145619,-21.688905,-19.917049
13.116042,-21.733108,-19.920438
13.099686,-21.769102,-19.887206
13.075948,-21.792831,-19.869172
13.054933,-21.831792,-19.841020
13.034323,-21.853622,-19.839309
13.030675,-21.875839,-19.812993
13.002570,-21.903510,-19.767878
12.971270,-21.948905,-19.778930
12.953829,-21.972611,-19.752850
12.928440,-21.994004,-19.704941
12.922096,-22.028805,-19.701542
12.876218,-22.067282,-19.691302
12.869558,-22.110349,-19.661955
12.862169,-22.129781,-19.646716
12.819685,-22.163575,-19.623278
12.785001,-22.171939,-19.617481
12.808656,-22.208554,-19.587454
12.750938,-22.233630,-19.579638
12.754316,-22.278987,-19.555464
12.718484,-22.296456,-19.534710
12.729429,-22.314144,-19.501889
12.687462,-22.356911,-19.486892
12.659992,-22.365009,-19.466427
12.641322,-22.404841,-19.447911
12.632775,-22.442991,-19.432149
12.606695,-22.461315,-19.410117
12.599663,-22.496957,-19.404191
12.557653,-22.530390,-19.375334
12.538364,-22.575086,-19.343426
12.530316,-22.611242,-19.331833
12.498702,-22.618089,-19.300928
12.474700,-22.642603,-19.282548
12.462721,-22.664833,-19.264757
12.429357,-22.700594,-19.259184
12.411666,-22.716226,-19.245822
12.404084,-22.755210,-19.201274
12.381716,-22.782021,-19.192081
12.368042,-22.810745,-19.178394
12.343487,-22.845108,-19.145825
12.312159,-22.870486,-19.114197
12.283837,-22.910172,-19.094621
12.267845,-22.930305,-19.083275
12.243401,-22.963889,-19.063735
12.225101,-22.993248,-19.035475
12.223556,-23.022105,-19.030930
12.187378,-23.041626,-18.986746
12.174242,-23.067413,-18.991783
12.149502,-23.084678,-18.955548
12.129496,-23.113869,-18.964862
12.111310,-23.153706,-18.920118
12.082184,-23.200653,-18.888013
12.070725,-23.211470,-18.864020
12.061327,-23.250618,-18.854827
12.020547,-23.269545,-18.820977
12.011897,-23.293573,-18.810798
11.990265,-23.334911,-18.776456
11.988502,-23.346027,-18.773529
11.945048,-23.374003,-18.730881
11.933063,-23.417484,-18.727620
11.908327,-23.432064,-18.692628
11.879237,-23.467832,-18.681111
11.864454,-23.478619,-18.662095
11.855407,-23.515900,-18.627649
11.823260,-23.551654,-18.604344
11.771221,-23.560285,-18.579604
11.780478,-23.605629,-18.559923
11.760115,-23.634575,-18.576280
11.733197,-23.659976,-18.538669
11.702448,-23.689551,-18.514936
11.698965,-23.716930,-18.475996
11.684466,-23.747260,-18.461978
11.652839,-23.769281,-18.432934
11.629672,-23.788012,-18.438684
11.593427,-23.837597,-18.378104
11.580119,-23.819167,-18.377281
11.575556,-23.882487,-18.366826
11.528917,-23.887059,-18.354982
11.526368,-23.939214,-18.312104
11.508535,-23.973999,-18.299287
11.488606,-23.996817,-18.252693
11.467263,-24.002765,-18.261922
11.449813,-24.036092,-18.218635
11.441772,-24.080896,-18.211134
11.380139,-24.089487,-18.186263
11.360035,-24.125650,-18.158560
11.339181,-24.144154,-18.136757
11.335694,-24.166732,-18.093126
11.318080,-24.200166,-18.080300
11.302506,-24.229290,-18.065006
11.266109,-24.245942,-18.032688
11.238703,-24.269815,-18.018597
11.211790,-24.329418,-18.016757
11.209577,-24.350196,-17.984075
11.192327,-24.368691,-17.938988
11.159591,-24.380549,-17.941754
11.139951,-24.423183,-17.908986
11.124974,-24.430205,-17.880580
11.086259,-24.479895,-17.870967
11.077866,-24.495554,-17.827392
11.033051,-24.513188,-17.797253
11.030309,-24.528609,-17.800011
11.012537,-24.560347,-17.756146
10.978199,-24.606700,-17.745615
10.961042,-24.649673,-17.716965
10.921608,-24.648157,-17.731078
10.939739,-24.674680,-17.669983
10.912271,-24.697764,-17.651443
10.883908,-24.725516,-17.630677
10.858114,-24.740572,-17.620449
10.842576,-24.776766,-17.588621
10.833951,-24.815077,-17.547357
10.793360,-24.857004,-17.529399
10.774175,-24.847260,-17.528366
10.755072,-24.893255,-17.479319
10.735677,-24.930223,-17.456756
10.700877,-24.931846,-17.445538
10.680896,-24.965182,-17.438206
10.668624,-24.975595,-17.405558
10.646068,-25.022430,-17.371127
10.618732,-25.055056,-17.364165
10.577460,-25.070555,-17.330183
10.565581,-25.080921,-17.304227
10.547477,-25.118244,-17.274238
10.530943,-25.152479,-17.267614
10.501652,-25.186674,-17.224803
10.470509,-25.197504,-17.213396
10.455403,-25.222094,-17.198352
10.438767,-25.232673,-17.163408
10.432469,-25.283947,-17.131414
10.397064,-25.312923,-17.112238
10.375577,-25.313653,-17.084448
10.371775,-25.344093,-17.072670
10.334450,-25.364923,-17.049106
10.308516,-25.396000,-17.012282
10.284594,-25.413120,-16.995244
10.279344,-25.449008,-16.964682
10.251342,-25.483208,-16.951516
10.212436,-25.479486,-16.919701
10.196597,-25.523262,-16.899220
10.188703,-25.533230,-16.890837
10.171220,-25.556769,-16.855583
10.135990,-25.588070,-16.819740
10.116970,-25.600982,-16.806961
10.091745,-25.642068,-16.769724
10.073136,-25.662872,-16.766873
10.041668,-25.678976,-16.721082
10.034333,-25.708566,-16.708230
10.002495,-25.749856,-16.680097
9.978557,-25.762684,-16.642112
9.962437,-25.796282,-16.651250
9.917273,-25.822830,-16.598476
9.906545,-25.835166,-16.567183
9.897422,-25.871108,-16.546646
9.880666,-25.877980,-16.529650
9.848276,-25.899588,-16.502794
9.833376,-25.923421,-16.472519
9.803189,-25.943405,-16.453236
9.766202,-25.977090,-16.407437
9.768315,-26.005842,-16.402070
9.721825,-26.024749,-16.374724
9.716943,-26.059790,-16.349737
9.687693,-26.089889,-16.336026
9.665480,-26.102908,-16.314127
9.649089,-26.121657,-16.269083
9.624551,-26.146427,-16.241305
9.612923,-26.156985,-16.241131
9.577553,-26.211839,-16.210235
9.566114,-26.217855,-16.181247
9.529551,-26.239265,-16.155856
9.506607,-26.282730,-16.130311
9.498786,-26.306006,-16.124582
9.472864,-26.313219,-16.086847
9.448296,-26.350382,-16.065558
9.417784,-26.355794,-16.020129
9.395070,-26.376091,-15.982668
9.372303,-26.400737,-15.976160
9.345610,-26.439270,-15.943497
9.309862,-26.437056,-15.929670
9.310828,-26.485885,-15.906362
9.286933,-26.502299,-15.882935
9.262763,-26.536707,-15.851261
9.238431,-26.553079,-15.822577
9.230644,-26.549250,-15.795910
9.206931,-26.594433,-15.772267
9.178779,-26.627469,-15.754366
9.175211,-26.627095,-15.720447
9.124088,-26.675397,-15.695216
9.111637,-26.696501,-15.673784
9.088136,-26.696781,-15.661446
9.051865,-26.743432,-15.637323
9.041472,-26.743070,-15.583364
9.022966,-26.771975,-15.564942
8.989131,-26.799621,-15.528134
8.977891,-26.817354,-15.514983
8.951591,-26.840146,-15.496838
8.923466,-26.861618,-15.450630
8.898441,-26.909037,-15.417109
8.873949,-26.917158,-15.416270
8.860786,-26.942071,-15.387626
8.841402,-26.963432,-15.371996
8.829598,-26.979187,-15.317960
8.791578,-27.000881,-15.308715
8.760847,-27.018462,-15.279144
8.750260,-27.049925,-15.286357
8.714946,-27.066659,-15.228264
8.712318,-27.111402,-15.205480
8.670842,-27.104013,-15.169641
8.655808,-27.131399,-15.161235
8.640731,-27.155870,-15.126410
8.628462,-27.175726,-15.078056
8.574787,-27.215925,-15.067450
8.567408,-27.221983,-15.034833
8.540239,-27.255365,-15.026966
8.520495,-27.278984,-15.004163
8.478363,-27.292117,-14.954219
8.472774,-27.301118,-14.950733
8.450793,-27.330183,-14.912227
8.410226,-27.358288,-14.882392
8.403308,-27.369791,-14.871666
8.373428,-27.391492,-14.846357
8.347222,-27.421522,-14.803583
8.312899,-27.448263,-14.787342
8.296010,-27.452687,-14.748519
8.283075,-27.472824,-14.736382
8.243236,-27.503211,-14.706767
8.223456,-27.525482,-14.680724
8.198003,-27.550385,-14.657258
8.197881,-27.578352,-14.618844
8.153630,-27.587428,-14.591317
8.138993,-27.585020,-14.572322
8.118991,-27.625996,-14.555004
8.111688,-27.656335,-14.502425
8.083815,-27.660670,-14.484729
8.052559,-27.700026,-14.478780
8.024618,-27.700209,-14.425281
8.014047,-27.740352,-14.431816
7.990027,-27.741339,-14.388194
7.973165,-27.780109,-14.377728
7.943865,-27.800624,-14.321077
7.903608,-27.820843,-14.296093
7.897935,-27.843578,-14.257505
7.864695,-27.849620,-14.239569
7.841948,-27.879882,-14.220063
7.828016,-27.887461,-14.207546
7.816730,-27.919999,-14.161409
7.771164,-27.945196,-14.152565
7.737447,-27.963105,-14.114948
7.718948,-27.976863,-14.093120
7.692356,-27.990393,-14.043213
7.675133,-28.019316,-14.034968
7.648351,-28.032347,-14.003616
7.635780,-28.044222,-13.988945
7.622800,-28.082715,-13.935972
7.601504,-28.073409,-13.922928
7.590433,-28.102966,-13.899275
7.532346,-28.138068,-13.892456
7.516023,-28.169480,-13.826005
7.492621,-28.189730,-13.800517
7.479288,-28.194932,-13.785423
7.452198,-28.206079,-13.716701
7.414293,-28.238398,-13.735474
7.402435,-28.259803,-13.693379
7.376835,-28.272925,-13.673596
7.346743,-28.288637,-13.645475
7.331893,-28.309802,-13.612676
7.327867,-28.317791,-13.578469
7.272480,-28.359324,-13.561066
7.242083,-28.367280,-13.537685
7.235611,-28.390357,-13.507286
7.211207,-28.411930,-13.490347
7.179053,-28.437444,-13.445141
7.168871,-28.449056,-13.429459
7.139636,-28.447091,-13.386257
7.111727,-28.486640,-13.358879
7.086666,-28.516759,-13.335354
7.072753,-28.513758,-13.315232
7.036298,-28.535946,-13.261818
7.031163,-28.567219,-13.255892
7.003924,-28.567521,-13.233133
6.962905,-28.609106,-13.176872
6.947920,-28.613408,-13.161553
6.909912,-28.642655,-13.144527
6.922795,-28.654282,-13.097942
6.896750,-28.685230,-13.085956
6.856131,-28.688210,-13.055842
6.824924,-28.710182,-13.030983
6.813299,-28.733975,-12.995278
6.799275,-28.741014,-12.951366
6.763024,-28.771593,-12.927801
6.740508,-28.777261,-12.900788
6.709949,-28.808801,-12.891477
6.684555,-28.817948,-12.852509
6.677429,-28.844957,-12.827555
6.627444,-28.849058,-12.805303
6.619863,-28.890469,-12.768164
6.599408,-28.888682,-12.756714
6.541088,-28.900263,-12.709303
6.543355,-28.949431,-12.690016
6.539943,-28.960667,-12.642233
6.511976,-28.967398,-12.627723
6.479564,-29.005349,-12.594416
6.459209,-29.006160,-12.574875
6.427073,-29.034589,-12.548926
6.385210,-29.046477,-12.499771
6.363788,-29.072004,-12.480972
6.347048,-29.083588,-12.452465
6.337228,-29.078248,-12.394993
6.318115,-29.117728,-12.414212
6.276571,-29.125763,-12.365940
6.273855,-29.146185,-12.337110
6.252688,-29.134960,-12.311389
6.197412,-29.183751,-12.289968
6.189956,-29.201240,-12.264699
6.165741,-29.208866,-12.239971
6.143052,-29.227294,-12.214366
6.111910,-29.227584,-12.184484
6.098443,-29.270394,-12.153101
6.072456,-29.273318,-12.119024
6.046141,-29.292458,-12.092117
6.012658,-29.302867,-12.047191
5.995785,-29.323613,-12.001290
5.985806,-29.326676,-12.004624
5.953218,-29.346781,-11.968628
5.919782,-29.376561,-11.936363
5.897495,-29.380844,-11.935368
5.905478,-29.402763,-11.871106
5.861591,-29.432867,-11.832640
5.839601,-29.451751,-11.837610
5.819151,-29.462616,-11.782836
5.773199,-29.470740,-11.770081
5.749612,-29.498825,-11.740859
5.745054,-29.520507,-11.705312
5.702361,-29.537721,-11.669995
5.704428,-29.550360,-11.640716
5.652130,-29.562706,-11.619472
5.639258,-29.569259,-11.583019
5.608396,-29.598141,-11.555462
5.584234,-29.609877,-11.535575
5.573263,-29.635600,-11.487244
5.534877,-29.644456,-11.472658
5.513629,-29.644425,-11.444248
5.463662,-29.678695,-11.422546
5.472864,-29.700541,-11.396609
5.446456,-29.707375,-11.345437
5.416448,-29.720629,-11.315539
5.376833,-29.738898,-11.293018
5.362747,-29.745189,-11.260766
5.339925,-29.738229,-11.240510
5.313595,-29.780846,-11.217972
5.283928,-29.805186,-11.189511
5.274046,-29.781459,-11.164387
5.230215,-29.811632,-11.122898
5.203556,-29.835904,-11.089736
5.196176,-29.856010,-11.054061
5.152006,-29.875393,-11.014511
5.140625,-29.897079,-11.010788
5.130475,-29.913665,-10.972807
5.080689,-29.917283,-10.956328
5.086964,-29.942792,-10.934254
5.054456,-29.949098,-10.881600
5.023522,-29.946308,-10.849874
4.979542,-29.979346,-10.810352
4.986725,-29.997167,-10.781598
4.953642,-29.994835,-10.735597
4.942354,-30.023328,-10.727583
4.879483,-30.036281,-10.724280
4.879859,-30.061870,-10.670812
4.854345,-30.062208,-10.628025
4.825187,-30.087250,-10.610548
4.797316,-30.085055,-10.575502
4.773662,-30.116054,-10.581692
4.746874,-30.123720,-10.519222
4.737757,-30.135614,-10.484768
4.720689,-30.151579,-10.475191
4.708188,-30.165892,-10.449057
4.649436,-30.170551,-10.409962
4.627794,-30.207270,-10.355809
4.599052,-30.210114,-10.357296
4.581768,-30.217342,-10.323061
4.573829,-30.246159,-10.303343
4.546847,-30.254342,-10.244772
4.502337,-30.263969,-10.208956
4.474773,-30.269823,-10.208530
4.466293,-30.292416,-10.161549
4.434355,-30.304139,-10.125331
4.421348,-30.320295,-10.093252
4.397917,-30.323280,-10.067146
4.349478,-30.352907,-10.042257
4.342629,-30.354756,-10.021593
4.323226,-30.384654,-9.986531
4.271306,-30.380380,-9.939233
4.269392,-30.409212,-9.907481
4.232945,-30.415344,-9.892061
4.212982,-30.441686,-9.867878
4.189796,-30.449122,-9.830385
4.145174,-30.447279,-9.798204
4.139049,-30.473475,-9.760370
4.129257,-30.484145,-9.719352
4.079597,-30.489177,-9.697628
4.053124,-30.510010,-9.700924
4.038832,-30.529874,-9.641956
4.011845,-30.511012,-9.640332
3.985774,-30.549111,-9.604700
3.958013,-30.556133,-9.538858
3.939610,-30.559229,-9.516600
3.912755,-30.583604,-9.504229
3.897168,-30.611885,-9.466006
3.870818,-30.604221,-9.448233
3.857535,-30.627849,-9.395305
3.828662,-30.626235,-9.386380
3.782876,-30.627724,-9.352245
3.773769,-30.631491,-9.307140
3.726907,-30.673801,-9.279376
3.712527,-30.674725,-9.251040
3.703336,-30.692134,-9.226797
3.670556,-30.692785,-9.200463
3.627345,-30.737810,-9.154562
3.636953,-30.729102,-9.135315
3.593311,-30.739411,-9.101831
3.569070,-30.751754,-9.083128
3.549430,-30.763566,-9.059162
3.522883,-30.785796,-9.029826
3.478648,-30.785513,-9.031776
3.440081,-30.789199,-8.983288
3.430736,-30.788538,-8.976691
3.385333,-30.812271,-8.943852
3.367994,-30.796044,-8.933473
3.339317,-30.815554,-8.932832
3.293113,-30.837175,-8.892766
3.282625,-30.840295,-8.900048
3.256449,-30.832638,-8.870299
3.229554,-30.861570,-8.867086
3.172712,-30.855847,-8.835629
3.158009,-30.883124,-8.843938
3.140051,-30.880993,-8.813327
3.095770,-30.885158,-8.803748
3.069918,-30.893952,-8.766126
3.065947,-30.896721,-8.789407
3.039918,-30.894311,-8.775792
2.994472,-30.936658,-8.776774
2.952653,-30.923557,-8.762593
2.937640,-30.923176,-8.749101
2.897185,-30.911208,-8.722923
2.894089,-30.917291,-8.728319
2.843416,-30.913550,-8.704002
2.794820,-30.929091,-8.702322
2.810149,-30.956110,-8.681831
2.772404,-30.952538,-8.682159
2.721700,-30.952267,-8.661932
2.704527,-30.963258,-8.659032
2.694060,-30.980177,-8.651038
2.643455,-30.959797,-8.656800
2.600212,-30.963110,-8.612991
2.602748,-30.986773,-8.625812
2.568414,-30.977438,-8.626830
2.532515,-30.996026,-8.596261
2.524325,-31.000378,-8.606329
2.486361,-30.998522,-8.592714
2.470446,-30.972510,-8.572430
2.432968,-31.002925,-8.577044
2.388600,-31.004783,-8.587647
2.379511,-31.015174,-8.558160
2.352841,-31.028458,-8.547667
2.329062,-31.018174,-8.539180
2.294598,-31.025095,-8.524610
2.277246,-31.034679,-8.527334
2.238027,-31.035055,-8.500702
2.208275,-31.041001,-8.500525
2.187714,-31.041520,-8.490083
2.164579,-31.054858,-8.486723
2.131074,-31.068824,-8.476895
2.115933,-31.051241,-8.470473
2.103806,-31.049074,-8.465769
2.068780,-31.055642,-8.454619
2.043939,-31.071699,-8.458041
2.013776,-31.059887,-8.448063
1.984205,-31.082687,-8.426247
1.954397,-31.062032,-8.422492
1.952543,-31.059165,-8.422742
1.917317,-31.082356,-8.420833
1.905041,-31.081721,-8.405003
1.880967,-31.085362,-8.406340
1.862125,-31.085593,-8.382748
1.812386,-31.093809,-8.391176
1.806352,-31.110756,-8.386797
1.779642,-31.109575,-8.370902
1.745373,-31.097580,-8.378066
1.738199,-31.106454,-8.350137
1.709712,-31.113559,-8.355354
1.660407,-31.119141,-8.332355
1.651792,-31.123873,-8.342247
1.632583,-31.144297,-8.325577
1.606138,-31.135799,-8.315098
1.580311,-31.140178,-8.313044
1.574581,-31.126764,-8.295814
1.543339,-31.139425,-8.306990
1.521697,-31.135962,-8.298304
1.501019,-31.129910,-8.296324
1.477252,-31.153662,-8.306780
1.468276,-31.143373,-8.264921
1.440320,-31.146795,-8.263475
1.420811,-31.168327,-8.251986
1.390211,-31.165250,-8.262737
1.389800,-31.147969,-8.261572
1.352513,-31.159087,-8.238551
1.334877,-31.156749,-8.234980
1.290890,-31.159765,-8.229953
1.275798,-31.172273,-8.209124
1.255920,-31.172759,-8.220426
1.248092,-31.164747,-8.217405
1.209217,-31.158464,-8.202011
1.201976,-31.183706,-8.203446
1.181975,-31.175297,-8.194573
1.159172,-31.167552,-8.189880
1.162012,-31.195703,-8.165423
1.112991,-31.202481,-8.174571
1.098479,-31.197572,-8.175450
1.098510,-31.184198,-8.150163
1.079100,-31.192803,-8.156872
1.059647,-31.191270,-8.158018
1.020129,-31.190743,-8.127209
0.991747,-31.194424,-8.152318
0.983852,-31.205837,-8.121166
0.965479,-31.214083,-8.121302
0.963766,-31.215992,-8.123671
0.938629,-31.200798,-8.108916
0.892215,-31.215387,-8.103754
0.898387,-31.211672,-8.084792
0.876749,-31.220014,-8.091780
0.851975,-31.228126,-8.084422
0.827334,-31.211089,-8.094552
0.825834,-31.219785,-8.076959
0.818103,-31.233418,-8.043690
0.784812,-31.219988,-8.060294
0.767346,-31.244989,-8.068166
0.746970,-31.215495,-8.072287
0.736167,-31.246584,-8.073668
0.698078,-31.243534,-8.043162
0.684372,-31.233747,-8.037450
0.653392,-31.235586,-8.047991
0.670707,-31.247221,-8.032106
0.642573,-31.236448,-8.004934
0.613771,-31.237096,-8.030159
0.609094,-31.244235,-8.028430
0.592628,-31.252819,-8.009646
0.575355,-31.249118,-7.997379
0.541011,-31.239316,-7.985630
0.528609,-31.244157,-7.984175
0.524294,-31.225053,-7.984922
0.523679,-31.261275,-7.978491
0.491810,-31.277044,-7.968013
0.484764,-31.257031,-7.958120
0.447743,-31.262385,-7.947965
0.424561,-31.278658,-7.942853
0.405374,-31.266098,-7.949537
0.410834,-31.253083,-7.940697
0.374939,-31.259068,-7.953305
0.374334,-31.271776,-7.942159
0.356301,-31.266906,-7.928722
0.342105,-31.270488,-7.921656
0.303737,-31.282055,-7.914352
0.310621,-31.289222,-7.912645
0.289477,-31.271709,-7.916414
0.283667,-31.276578,-7.889574
0.271480,-31.269244,-7.905247
0.249480,-31.293201,-7.890141
0.237640,-31.266702,-7.905769
0.219233,-31.278626,-7.889994
0.196690,-31.276446,-7.883894
0.188336,-31.279161,-7.891475
0.186008,-31.289509,-7.874086
0.143659,-31.295545,-7.875114
0.155060,-31.305612,-7.871355
0.127485,-31.298458,-7.867180
0.106662,-31.296400,-7.856732
0.099201,-31.306321,-7.865861
0.094987,-31.310744,-7.829746
0.085748,-31.299372,-7.841387
0.050922,-31.294287,-7.831143
0.028389,-31.272445,-7.824265
0.021817,-31.292333,-7.846037
0.000203,-31.300914,-7.834776
0.019760,-31.292677,-7.829617
-0.033550,-31.293332,-7.818998
-0.027231,-31.300828,-7.806962
-0.048535,-31.282282,-7.828998
-0.049269,-31.305777,-7.797956
-0.078259,-31.296922,-7.811757
-0.082465,-31.294396,-7.798578
-0.101215,-31.322262,-7.808897
-0.115488,-31.304458,-7.780594
-0.119206,-31.296125,-7.783886
-0.146427,-31.327120,-7.777936
-0.148881,-31.314401,-7.765196
-0.173485,-31.302354,-7.766393
-0.176886,-31.317484,-7.771804
-0.195257,-31.303822,-7.757001
-0.197613,-31.319657,-7.762907
-0.219448,-31.305216,-7.762713
-0.235716,-31.325727,-7.761950
-0.249818,-31.332741,-7.762485
-0.280006,-31.306025,-7.745197
-0.253303,-31.317276,-7.746642
-0.270234,-31.328915,-7.723192
-0.302369,-31.324749,-7.739427
-0.310125,-31.304642,-7.724012
-0.319765,-31.306756,-7.721029
-0.349041,-31.326143,-7.722690
-0.357388,-31.313294,-7.713082
-0.362195,-31.323518,-7.716951
-0.361976,-31.339791,-7.711094
-0.368991,-31.309824,-7.707059
-0.385641,-31.313619,-7.708398
-0.400050,-31.320602,-7.703435
-0.408776,-31.340168,-7.712684
-0.414370,-31.321231,-7.690887
-0.434106,-31.332580,-7.700234
-0.442628,-31.335712,-7.699676
-0.466420,-31.337142,-7.673691
-0.472024,-31.320344,-7.677453
-0.487815,-31.337337,-7.666390
-0.504861,-31.323086,-7.694970
-0.529953,-31.331684,-7.667328
-0.525421,-31.338544,-7.659503
-0.531405,-31.324476,-7.670378
-0.540220,-31.337122,-7.662671
-0.565901,-31.330694,-7.665037
-0.553576,-31.325901,-7.653515
-0.573864,-31.352951,-7.641320
-0.575272,-31.340747,-7.664339
-0.589246,-31.325676,-7.649055
-0.602893,-31.334004,-7.633444
-0.630090,-31.332061,-7.637326
-0.640806,-31.324027,-7.628913
-0.661514,-31.328008,-7.626944
-0.658469,-31.347549,-7.637103
-0.672204,-31.342676,-7.632208
-0.663027,-31.364451,-7.623411
-0.662411,-31.347757,-7.628230
-0.687656,-31.358865,-7.608297
-0.694539,-31.346848,-7.589283
-0.710593,-31.349753,-7.600792
-0.727916,-31.336781,-7.598217
-0.731746,-31.340941,-7.598359
-0.721527,-31.346532,-7.598120
-0.748994,-31.358867,-7.611755
-0.772864,-31.331836,-7.596023
-0.787911,-31.363913,-7.599425
-0.789070,-31.370119,-7.585953
-0.801172,-31.355261,-7.574207
-0.802846,-31.348285,-7.582180
-0.805033,-31.351577,-7.585991
-0.808630,-31.348854,-7.567984
-0.843302,-31.333640,-7.571015
-0.846566,-31.344466,-7.552160
-0.864785,-31.359604,-7.586182
-0.871891,-31.350219,-7.553352
-0.883441,-31.353686,-7.559360
-0.884431,-31.364420,-7.554974
-0.876952,-31.364492,-7.537325
-0.910895,-31.349922,-7.541845
-0.911137,-31.351905,-7.546859
-0.930836,-31.367476,-7.546309
-0.914949,-31.359526,-7.548835
-0.925646,-31.344074,-7.541310
-0.941115,-31.355578,-7.545103
-0.958717,-31.358152,-7.529099
-0.958060,-31.345029,-7.532820
-0.970433,-31.357330,-7.508976
-0.996836,-31.354174,-7.525716
-0.995351,-31.354632,-7.512747
-1.008559,-31.364576,-7.531407
-0.997896,-31.372513,-7.493333
-1.006474,-31.358233,-7.531900
-1.021507,-31.359859,-7.481412
-1.043638,-31.370750,-7.505488
-1.051321,-31.379728,-7.516080
-1.060751,-31.354881,-7.499223
-1.064429,-31.366710,-7.485077
-1.086072,-31.357389,-7.491922
-1.063860,-31.348701,-7.489579
-1.087679,-31.366038,-7.483136
-1.077239,-31.379404,-7.491023
-1.096284,-31.357501,-7.493905
-1.117536,-31.365519,-7.490008
-1.115794,-31.364778,-7.491217
-1.124350,-31.377507,-7.481029
-1.136157,-31.339723,-7.487223
-1.134510,-31.365107,-7.489778
-1.134208,-31.355925,-7.471346
-1.156381,-31.352736,-7.476490
-1.164480,-31.361925,-7.479329
-1.185126,-31.363959,-7.462675
-1.164401,-31.358470,-7.459281
-1.179573,-31.348135,-7.457973
-1.213342,-31.387945,-7.446643
-1.203304,-31.371086,-7.454906
-1.210325,-31.368926,-7.457802
-1.228160,-31.373443,-7.445771
-1.230173,-31.358492,-7.437815
-1.237983,-31.346045,-7.436009
-1.234967,-31.369912,-7.440145
-1.252009,-31.358310,-7.438586
-1.247641,-31.368440,-7.432620
-1.263774,-31.361628,-7.447968
-1.274061,-31.346800,-7.438442
-1.267419,-31.362548,-7.434069
-1.284712,-31.379154,-7.429355
-1.287532,-31.374981,-7.438157
-1.295953,-31.381642,-7.427050
-1.326254,-31.377419,-7.423650
-1.319975,-31.381124,-7.424480
-1.328236,-31.366252,-7.416386
-1.338571,-31.365764,-7.416990
-1.334737,-31.363068,-7.426962
-1.340014,-31.367594,-7.410679
-1.348312,-31.363702,-7.403555
-1.342794,-31.364733,-7.408481
-1.368405,-31.369377,-7.411936
-1.391778,-31.356236,-7.395258
-1.379502,-31.376825,-7.411979
-1.393386,-31.370511,-7.397996
-1.404611,-31.370200,-7.399526
-1.389885,-31.372634,-7.391056
-1.400966,-31.388202,-7.397688
-1.413349,-31.362105,-7.391013
-1.415010,-31.351472,-7.418687
-1.428285,-31.379908,-7.380174
-1.417542,-31.380646,-7.391802
-1.421778,-31.376279,-7.393928
-1.437934,-31.366833,-7.379722
-1.441040,-31.359969,-7.384303
-1.468273,-31.375496,-7.369931
-1.461411,-31.376235,-7.372713
-1.441973,-31.374790,-7.365899
-1.476064,-31.391646,-7.352678
-1.489793,-31.375959,-7.375691
-1.494888,-31.361711,-7.368895
-1.498669,-31.381048,-7.379770
-1.505966,-31.365003,-7.362091
-1.500045,-31.362725,-7.363232
-1.490363,-31.381264,-7.366430
-1.518026,-31.375335,-7.379524
-1.513710,-31.379808,-7.352369
-1.525593,-31.372436,-7.381660
-1.534791,-31.372125,-7.346455
-1.533138,-31.384192,-7.354290
-1.535675,-31.369587,-7.359340
-1.543583,-31.370567,-7.342104
-1.560141,-31.384914,-7.348065
-1.572866,-31.376400,-7.342004
-1.562851,-31.375114,-7.346926
-1.575634,-31.373747,-7.337157
-1.583682,-31.379880,-7.341115
-1.566286,-31.378821,-7.335987
-1.582614,-31.350317,-7.344409
-1.604455,-31.387887,-7.360211
-1.608118,-31.392436,-7.336602
-1.611710,-31.369964,-7.334878
-1.615258,-31.361178,-7.326303
-1.626761,-31.376116,-7.315739
-1.624171,-31.383021,-7.346475
-1.647632,-31.367056,-7.311157
-1.642794,-31.363399,-7.340019
-1.653420,-31.407388,-7.320857
-1.646295,-31.370754,-7.308330
-1.656921,-31.368859,-7.333011
-1.658962,-31.375895,-7.330849
-1.677640,-31.359848,-7.319837
-1.677902,-31.369745,-7.331208
-1.664685,-31.374463,-7.316736
-1.676910,-31.374236,-7.302120
-1.672166,-31.388368,-7.320129
-1.663050,-31.379762,-7.320131
-1.686682,-31.374582,-7.313269
-1.697799,-31.389109,-7.306531
-1.700680,-31.380689,-7.309829
-1.711857,-31.363535,-7.315428
-1.718997,-31.376528,-7.303767
-1.706822,-31.375966,-7.283521
-1.722604,-31.380325,-7.327785
-1.720288,-31.358141,-7.292643
-1.725634,-31.384313,-7.308465
-1.732404,-31.393785,-7.298732
-1.739817,-31.370256,-7.300376
-1.743784,-31.366808,-7.281310
-1.758672,-31.390088,-7.274737
-1.762478,-31.374104,-7.277959
-1.765619,-31.385488,-7.292394
-1.772363,-31.396421,-7.285756
-1.764657,-31.377372,-7.297663
-1.778649,-31.370101,-7.282007
-1.793782,-31.364856,-7.275573
-1.791051,-31.390808,-7.286366
-1.789458,-31.363345,-7.278530
-1.800158,-31.372830,-7.274502
-1.797116,-31.371856,-7.278118
-1.807963,-31.377361,-7.277121
-1.800062,-31.374456,-7.266909
-1.815807,-31.387829,-7.266263
-1.804642,-31.380761,-7.292437
-1.826166,-31.380230,-7.262847
-1.818104,-31.371828,-7.261579
-1.850008,-31.383506,-7.269950
-1.827843,-31.399378,-7.253740
-1.846487,-31.368939,-7.266063
-1.843409,-31.380560,-7.267159
-1.854431,-31.371834,-7.273251
-1.858933,-31.386216,-7.280889
-1.857909,-31.368278,-7.256940
-1.872463,-31.380854,-7.250706
-1.886670,-31.376459,-7.270340
-1.869588,-31.373478,-7.248140
-1.881616,-31.394002,-7.263335
-1.866524,-31.378435,-7.252472
-1.881575,-31.384773,-7.248288
-1.889155,-31.372348,-7.238909
-1.892182,-31.380757,-7.248900
-1.886213,-31.389159,-7.269879
-1.901735,-31.367936,-7.234272
-1.910150,-31.382268,-7.243297
-1.900508,-31.380783,-7.254524
-1.911178,-31.391661,-7.233007
-1.909010,-31.380015,-7.224174
-1.949604,-31.380587,-7.236170
-1.920665,-31.367216,-7.238064
-1.929666,-31.369093,-7.246350
-1.935298,-31.375591,-7.241597
-1.925176,-31.405389,-7.245651
-1.956060,-31.380559,-7.234823
-1.933643,-31.384752,-7.218103
-1.923023,-31.404207,-7.228521
-1.932020,-31.406913,-7.224880
-1.930236,-31.390142,-7.263436
-1.953477,-31.374816,-7.233270
-1.961825,-31.380800,-7.243855
-1.969242,-31.383111,-7.227938
-1.962568,-31.371660,-7.224350
-1.973513,-31.395358,-7.225738
-1.983299,-31.399295,-7.222232
-1.968803,-31.374681,-7.217792
-1.961264,-31.375364,-7.217663
-1.994673,-31.382088,-7.217507
-1.987286,-31.381828,-7.223934
-1.986303,-31.385450,-7.229461
-2.009760,-31.413248,-7.219146
-2.003778,-31.384340,-7.232821
-2.006147,-31.378739,-7.217438
-2.025441,-31.381747,-7.205292
-2.013791,-31.377554,-7.209883
-2.012047,-31.373261,-7.218153
-2.017986,-31.383095,-7.198917
-2.031651,-31.391653,-7.197283
-2.016342,-31.380062,-7.204457
-2.030860,-31.382956,-7.213175
-2.042769,-31.399585,-7.211828
-2.049162,-31.394852,-7.197864
-2.039830,-31.386105,-7.199455
-2.054228,-31.386284,-7.213382
-2.043931,-31.373733,-7.206844
-2.037788,-31.388570,-7.212771
-2.045218,-31.370970,-7.181250
-2.047807,-31.392508,-7.215193
-2.053868,-31.387369,-7.192946
-2.072734,-31.377834,-7.211002
-2.053657,-31.382725,-7.197399
-2.072636,-31.388058,-7.199502
-2.075303,-31.377901,-7.215722
-2.077183,-31.367637,-7.185809
-2.070853,-31.374578,-7.197912
-2.077148,-31.384453,-7.179107
-2.074375,-31.366624,-7.193063
-2.095285,-31.382453,-7.199293
-2.078862,-31.391462,-7.200802
-2.072361,-31.384554,-7.207851
-2.084470,-31.375080,-7.186096
-2.104226,-31.381012,-7.182490
-2.096749,-31.383237,-7.181490
-2.097837,-31.385908,-7.184669
-2.110353,-31.369606,-7.184676
-2.102848,-31.368036,-7.188053
-2.120316,-31.388544,-7.166491
-2.120127,-31.382742,-7.182108
-2.105404,-31.377910,-7.177588
-2.118923,-31.381742,-7.181479
-2.116551,-31.380109,-7.174725
-2.134784,-31.367154,-7.179127
-2.129565,-31.384145,-7.169446
-2.121181,-31.377733,-7.173674
-2.119521,-31.367288,-7.179397
-2.135073,-31.379509,-7.168101
-2.146822,-31.370070,-7.172534
-2.147689,-31.382071,-7.176351
-2.156338,-31.392323,-7.171601
-2.132433,-31.387818,-7.177844
-2.152433,-31.407432,-7.176969
-2.150324,-31.389064,-7.175825
-2.157859,-31.374439,-7.169379
-2.150263,-31.375816,-7.155516
-2.159331,-31.365819,-7.164808
-2.144639,-31.396945,-7.177738
-2.166680,-31.395985,-7.171976
-2.175007,-31.369532,-7.164725
-2.178593,-31.374639,-7.151566
-2.173669,-31.383670,-7.169521
-2.164757,-31.395424,-7.158403
-2.161451,-31.381325,-7.156250
-2.192428,-31.380302,-7.169811
-2.200553,-31.379857,-7.147739
-2.187698,-31.389717,-7.178336
-2.192401,-31.378694,-7.168039
-2.194603,-31.385733,-7.171563
-2.195501,-31.372367,-7.157276
-2.190597,-31.385826,-7.152052
-2.196717,-31.391013,-7.157856
-2.204746,-31.394432,-7.154653
-2.184780,-31.380473,-7.135801
-2.187638,-31.386053,-7.145091
-2.207980,-31.393411,-7.144415
-2.222257,-31.374136,-7.160532
-2.211965,-31.374063,-7.175253
-2.209393,-31.387316,-7.158488
-2.238988,-31.371540,-7.161368
-2.211723,-31.364077,-7.149337
-2.212929,-31.372019,-7.156495
-2.223473,-31.378104,-7.147719
-2.210141,-31.389380,-7.150737
-2.214368,-31.391000,-7.154399
-2.232844,-31.372325,-7.165512
-2.235095,-31.374356,-7.142719
-2.231673,-31.375026,-7.136133
-2.228806,-31.376726,-7.131430
-2.246962,-31.387837,-7.142804
-2.248350,-31.385464,-7.138507
-2.230806,-31.385516,-7.140977
-2.255089,-31.403155,-7.149900
-2.239801,-31.375740,-7.136017
-2.241012,-31.383298,-7.148234
-2.253088,-31.377401,-7.157053
-2.249209,-31.374531,-7.131199
-2.262333,-31.361408,-7.113147
-2.243393,-31.392523,-7.139822
-2.256427,-31.376618,-7.146308
-2.264987,-31.386287,-7.144438
-2.261420,-31.376579,-7.127584
-2.265683,-31.372410,-7.134549
-2.279551,-31.395722,-7.128051
-2.263314,-31.380462,-7.132767
-2.257367,-31.377642,-7.145626
-2.286691,-31.384590,-7.137492
-2.283911,-31.384344,-7.132755
-2.266575,-31.387184,-7.156148
-2.279165,-31.379243,-7.119228
-2.283385,-31.363230,-7.127336
-2.286621,-31.381822,-7.127665
-2.280861,-31.394441,-7.124923
-2.286590,-31.373239,-7.122571
-2.301911,-31.385997,-7.133161
-2.277736,-31.379197,-7.141419
-2.296192,-31.371904,-7.121351
-2.298645,-31.383146,-7.133860
-2.295439,-31.398174,-7.121935
-2.306750,-31.367134,-7.110859
-2.304090,-31.397990,-7.121355
-2.287095,-31.376446,-7.108838
-2.309001,-31.364063,-7.123461
-2.299389,-31.392959,-7.123318
-2.317644,-31.378045,-7.111844
-2.312642,-31.375503,-7.111948
-2.319047,-31.368267,-7.122698
-2.314908,-31.381025,-7.129349
-2.319103,-31.368334,-7.127352
-2.299497,-31.387579,-7.125403
-2.310492,-31.388160,-7.109117
-2.332470,-31.386972,-7.132486
-2.330658,-31.387148,-7.132693
-2.334397,-31.401105,-7.114311
-2.323637,-31.383463,-7.116296
-2.334751,-31.385227,-7.110936
-2.324940,-31.394990,-7.105437
-2.340955,-31.384754,-7.110248
-2.321623,-31.381449,-7.108071
-2.332761,-31.394284,-7.115057
-2.343525,-31.395979,-7.117155
-2.333782,-31.387388,-7.114923
-2.350172,-31.394457,-7.100887
-2.342209,-31.376314,-7.107873
-2.347991,-31.385736,-7.108562
-2.358680,-31.395021,-7.108153
-2.350018,-31.386121,-7.130507
-2.336506,-31.380002,-7.119673
-2.339671,-31.375492,-7.115623
-2.345628,-31.378720,-7.112505
-2.365233,-31.382909,-7.106324
-2.353856,-31.371209,-7.107332
-2.349581,-31.380044,-7.096703
-2.354281,-31.376414,-7.116525
-2.349047,-31.395082,-7.117404
-2.358152,-31.382222,-7.094249
-2.367342,-31.377546,-7.093597
-2.387907,-31.381395,-7.115629
-2.366918,-31.392916,-7.096731
-2.366254,-31.369001,-7.098142
-2.375309,-31.374335,-7.110171
-2.357794,-31.367392,-7.114479
-2.370048,-31.379438,-7.113227
-2.381625,-31.396544,-7.113261
-2.360916,-31.377241,-7.107564
-2.372186,-31.374251,-7.098091
-2.386773,-31.382629,-7.099667
-2.379637,-31.377375,-7.092508
-2.382596,-31.382343,-7.099506
-2.388324,-31.396583,-7.098548
-2.392072,-31.392591,-7.096889
-2.380664,-31.378882,-7.101123
-2.389251,-31.393332,-7.098986
-2.396271,-31.378307,-7.092055
-2.384106,-31.383541,-7.105147
-2.403566,-31.370985,-7.096380
-2.409288,-31.388909,-7.112217
-2.388685,-31.372066,-7.089294
-2.415746,-31.375427,-7.101571
-2.402963,-31.376190,-7.089590
-2.406165,-31.376088,-7.111859
-2.378464,-31.377037,-7.101870
-2.390027,-31.372372,-7.087055
-2.394149,-31.379621,-7.083792
-2.407022,-31.381561,-7.086957
-2.390665,-31.390830,-7.082493
-2.415599,-31.397242,-7.120571
-2.402019,-31.374126,-7.083372
-2.410266,-31.376941,-7.094900
-2.410749,-31.366860,-7.095548
-2.403872,-31.366623,-7.100715
-2.399763,-31.390110,-7.087970
-2.409366,-31.388617,-7.089322
-2.412984,-31.380999,-7.117947
-2.400349,-31.380212,-7.065925
-2.416448,-31.385893,-7.085566
-2.412988,-31.392728,-7.076221
-2.419971,-31.386663,-7.075885
-2.424403,-31.388768,-7.104406
-2.426281,-31.379209,-7.079994
-2.416288,-31.373372,-7.102313
-2.426447,-31.382371,-7.074141
-2.416307,-31.393005,-7.090203
-2.426862,-31.382209,-7.078036
-2.422442,-31.369105,-7.086153
-2.425858,-31.382179,-7.085897
-2.432324,-31.407820,-7.090684
-2.440954,-31.371871,-7.074222
-2.437532,-31.385933,-7.087472
-2.443776,-31.376238,-7.094892
-2.429204,-31.391118,-7.090440
-2.435237,-31.382995,-7.087096
-2.442536,-31.377760,-7.086574
-2.439055,-31.373037,-7.075868
-2.437772,-31.373483,-7.086989
-2.444952,-31.388394,-7.071311
-2.437432,-31.377764,-7.071681
-2.462888,-31.379995,-7.083623
-2.460634,-31.367693,-7.076465
-2.440754,-31.387084,-7.072986
-2.464382,-31.373748,-7.095710
-2.453465,-31.383306,-7.078796
-2.452881,-31.390205,-7.085081
-2.449624,-31.372935,-7.072184
-2.455764,-31.376789,-7.086200
-2.453376,-31.363277,-7.079167
-2.469420,-31.374412,-7.076722
-2.464046,-31.365131,-7.080015
-2.446155,-31.369514,-7.075128
-2.460453,-31.405130,-7.079897
-2.448038,-31.387332,-7.073954
-2.467281,-31.381352,-7.073140
-2.443828,-31.382468,-7.071497
-2.457065,-31.385880,-7.085808
-2.458515,-31.374544,-7.080818
-2.461974,-31.376743,-7.086309
-2.473483,-31.379533,-7.063735
-2.462682,-31.380782,-7.097769
-2.464788,-31.375143,-7.082182
-2.474932,-31.373680,-7.054589
-2.481996,-31.393868,-7.080279
-2.471795,-31.388717,-7.075331
-2.469868,-31.392616,-7.084515
-2.466451,-31.387257,-7.092470
-2.477372,-31.373372,-7.087961
-2.479112,-31.365119,-7.071550
-2.476241,-31.371897,-7.055635
-2.473580,-31.368540,-7.077158
-2.492378,-31.397220,-7.070505
-2.480207,-31.389416,-7.060538
-2.480226,-31.381663,-7.083766
-2.466216,-31.384200,-7.061392
-2.484128,-31.380252,-7.055740
-2.484737,-31.368859,-7.089537
-2.481581,-31.382310,-7.090944
-2.495158,-31.381435,-7.053360
-2.495015,-31.396587,-7.058861
-2.487488,-31.378363,-7.066227
-2.475284,-31.381050,-7.077326
-2.492226,-31.387657,-7.077927
-2.479950,-31.362430,-7.068708
-2.479494,-31.383630,-7.063787
-2.507078,-31.390905,-7.060440
-2.472525,-31.384620,-7.075965
-2.475135,-31.385305,-7.070626
-2.500664,-31.389654,-7.073656
-2.495207,-31.380069,-7.070379
-2.487681,-31.382579,-7.072715
-2.503875,-31.370096,-7.076593
-2.508442,-31.393758,-7.085666
-2.500606,-31.374404,-7.063562
-2.496200,-31.373151,-7.074753
-2.500505,-31.375035,-7.068464
-2.499517,-31.378215,-7.073637
-2.494018,-31.382428,-7.086471
-2.498151,-31.371691,-7.075724
-2.491380,-31.372449,-7.057143
-2.506938,-31.375575,-7.070073
-2.476149,-31.383345,-7.061843
-2.506161,-31.357295,-7.070146
-2.512144,-31.385006,-7.072008
-2.508777,-31.385967,-7.062042
-2.513664,-31.387450,-7.064722
-2.525482,-31.382569,-7.063476
-2.475887,-31.383239,-7.051947
-2.509047,-31.379425,-7.049907
-2.508046,-31.368619,-7.063696
-2.518904,-31.373638,-7.052157
-2.529935,-31.388496,-7.076950
-2.511198,-31.386122,-7.063412
-2.507111,-31.383523,-7.060993
-2.517478,-31.371797,-7.077916
-2.523217,-31.378237,-7.053155
-2.508120,-31.378228,-7.057120
-2.510179,-31.398259,-7.049283
-2.507174,-31.378276,-7.071427
-2.519745,-31.372989,-7.063615
-2.520929,-31.388422,-7.066080
-2.513802,-31.386929,-7.051631
-2.532007,-31.383183,-7.045210
-2.510185,-31.379497,-7.047063
-2.540447,-31.389892,-7.059351
-2.532989,-31.387663,-7.068077
-2.500905,-31.382486,-7.064930
-2.512804,-31.388333,-7.066296
-2.525099,-31.378440,-7.057044
-2.523679,-31.383620,-7.055338
-2.541033,-31.380738,-7.038651
-2.515766,-31.380983,-7.064269
-2.523429,-31.371773,-7.057812
-2.514561,-31.397715,-7.057790
-2.533493,-31.388443,-7.071673
-2.522496,-31.369411,-7.054310
-2.531776,-31.372702,-7.043722
-2.532877,-31.383265,-7.051293
-2.526401,-31.389883,-7.055021
-2.530229,-31.362864,-7.056226
-2.537309,-31.381536,-7.062642
-2.515407,-31.395659,-7.066569
-2.537704,-31.379085,-7.051121
-2.525399,-31.392720,-7.060913
-2.528467,-31.384770,-7.056596
-2.531342,-31.381196,-7.055699
-2.531961,-31.369849,-7.063429
-2.541647,-31.366446,-7.042409
-2.544807,-31.354582,-7.055336
-2.538771,-31.376688,-7.073651
-2.529551,-31.374595,-7.066204
-2.546360,-31.372486,-7.059770
-2.545677,-31.394545,-7.067562
-2.547312,-31.356353,-7.061060
-2.537194,-31.381390,-7.067706
-2.536451,-31.397771,-7.054331
-2.557466,-31.395666,-7.059625
-2.552583,-31.373636,-7.081920
-2.546881,-31.403493,-7.054054
-2.557038,-31.382095,-7.045887
-2.546585,-31.368704,-7.056600
-2.546985,-31.380875,-7.058049
-2.551756,-31.378618,-7.033857
-2.548246,-31.371428,-7.053924
-2.536088,-31.371018,-7.053641
-2.538229,-31.381365,-7.057940
-2.570474,-31.375870,-7.042705
-2.536880,-31.394908,-7.061774
-2.547217,-31.361261,-7.054387
-2.559295,-31.393230,-7.045896
-2.541930,-31.391245,-7.047174
-2.527052,-31.370642,-7.079098
-2.554753,-31.365851,-7.055713
-2.559070,-31.384326,-7.047455
-2.557575,-31.359759,-7.053804
-2.559606,-31.373610,-7.054255
-2.556692,-31.382745,-7.055519
-2.541096,-31.380765,-7.065196
-2.548335,-31.390104,-7.030849
-2.551640,-31.402676,-7.063058
-2.547151,-31.396897,-7.050465
-2.555808,-31.366982,-7.035044
-2.562518,-31.380704,-7.034126
-2.568345,-31.385562,-7.045331
-2.555594,-31.378354,-7.036214
-2.546684,-31.393035,-7.043943
-2.567671,-31.368716,-7.057052
-2.554142,-31.375742,-7.041705
-2.545205,-31.358757,-7.046551
-2.550485,-31.378539,-7.049465
-2.559803,-31.372915,-7.043636
-2.574170,-31.375576,-7.051609
-2.540185,-31.382637,-7.055402
-2.552291,-31.379510,-7.038196
-2.573378,-31.358513,-7.048070
-2.555487,-31.354117,-7.047507
-2.559489,-31.378066,-7.077912
-2.571990,-31.386815,-7.035847
-2.568079,-31.371244,-7.050764
-2.573809,-31.391481,-7.035197
-2.579174,-31.387482,-7.051446
-2.554861,-31.378287,-7.030915
-2.558302,-31.383185,-7.052537
-2.576369,-31.365010,-7.034220
-2.572687,-31.380023,-7.048354
-2.549380,-31.396441,-7.058783
-2.562469,-31.381389,-7.053121
-2.575086,-31.374484,-7.027882
-2.582446,-31.373762,-7.035486
-2.559595,-31.385988,-7.049644
-2.556987,-31.378985,-7.046634
-2.571270,-31.380253,-7.029991
-2.563458,-31.367501,-7.034398
-2.579091,-31.385632,-7.039030
-2.577400,-31.366498,-7.051482
-2.560370,-31.364051,-7.064683
-2.578837,-31.376191,-7.050211
-2.580931,-31.374425,-7.032178
-2.562543,-31.394036,-7.043798
-2.581874,-31.366031,-7.043025
-2.568448,-31.379153,-7.044964
-2.585983,-31.367251,-7.045248
-2.583618,-31.377503,-7.053512
-2.578677,-31.385250,-7.037377
-2.568528,-31.368807,-7.046757
-2.572345,-31.392687,-7.048119
-2.585780,-31.388309,-7.034990
-2.566038,-31.387231,-7.039205
-2.595777,-31.396112,-7.043732
-2.584174,-31.369666,-7.053265
-2.578647,-31.389858,-7.034074
-2.596898,-31.374463,-7.029292
-2.572350,-31.367306,-7.037441
-2.588375,-31.393720,-7.059967
-2.578681,-31.379667,-7.045970
-2.586213,-31.370723,-7.022504
-2.579389,-31.363286,-7.035545
-2.565388,-31.377344,-7.057711
-2.596079,-31.389821,-7.048372
-2.570916,-31.363112,-7.042210
-2.574098,-31.386862,-7.043188
-2.586437,-31.376013,-7.041865
-2.586632,-31.375036,-7.052695
-2.585081,-31.382613,-7.036724
-2.579021,-31.378555,-7.032094
-2.596558,-31.364104,-7.039029
-2.584543,-31.375217,-7.048204
-2.579380,-31.368968,-7.042998
-2.587450,-31.397370,-7.033054
-2.587904,-31.356099,-7.042806
-2.592773,-31.378424,-7.041289
-2.594334,-31.368279,-7.044461
-2.582771,-31.366745,-7.032255
-2.585608,-31.358425,-7.030925
-2.584823,-31.378516,-7.036613
-2.583095,-31.380030,-7.034156
-2.585339,-31.375904,-7.039695
-2.582661,-31.354054,-7.025034
-2.596765,-31.390189,-7.034641
-2.593959,-31.360783,-7.032650
-2.596371,-31.352413,-7.038003
-2.589742,-31.365080,-7.037779
-2.586665,-31.388383,-7.034341
-2.592846,-31.378232,-7.040214
-2.580123,-31.386084,-7.027674
-2.594524,-31.367032,-7.029321
-2.605400,-31.372136,-7.037808
-2.592814,-31.379000,-7.050219
-2.573089,-31.372926,-7.042212
-2.600116,-31.369147,-7.034724
-2.589472,-31.371002,-7.032371
-2.594053,-31.373838,-7.035750
-2.589570,-31.389926,-7.051962
-2.599400,-31.366127,-7.058251
-2.589486,-31.386338,-7.044599
-2.596564,-31.355000,-7.027020
-2.586739,-31.377972,-7.032633
-2.605588,-31.377661,-7.021410
-2.585923,-31.369291,-7.038664
-2.611832,-31.375458,-7.044604
-2.604971,-31.370805,-7.029333
-2.603330,-31.366671,-7.029882
-2.608944,-31.386135,-7.057000
-2.593764,-31.392993,-7.045174
-2.590997,-31.383518,-7.046208
-2.608789,-31.371927,-7.031768
-2.603013,-31.384500,-7.035979
-2.595900,-31.396184,-7.027730
-2.613527,-31.395025,-7.032401
-2.602359,-31.354849,-7.032770
-2.605355,-31.366514,-7.030069
-2.585276,-31.382370,-7.041698
-2.606800,-31.364842,-7.047377
-2.600593,-31.376065,-7.018486
-2.602061,-31.373692,-7.014051
-2.606702,-31.380189,-7.034033
-2.590773,-31.372071,-7.033837
-2.616353,-31.367607,-7.001054
-2.602785,-31.369588,-7.032854
-2.592979,-31.386200,-7.026935
-2.597685,-31.380124,-7.022110
-2.619196,-31.366878,-7.031275
-2.614894,-31.386138,-7.035162
-2.592511,-31.376971,-7.052982
-2.601826,-31.381440,-7.020169
-2.608604,-31.406932,-7.024547
-2.617349,-31.386353,-7.029649
-2.597922,-31.390229,-7.025067
-2.616690,-31.366294,-7.037192
-2.611288,-31.388742,-7.036404
-2.603614,-31.397503,-7.036518
-2.627495,-31.375695,-7.034430
-2.601931,-31.382730,-7.016074
-2.604517,-31.381846,-7.030252
-2.614454,-31.386253,-7.042260
-2.631696,-31.382632,-7.038952
-2.592019,-31.383273,-7.021040
-2.602645,-31.378009,-7.036979
-2.597967,-31.374801,-7.041152
-2.606276,-31.374998,-7.029503
-2.586455,-31.386462,-7.032185
-2.611297,-31.373535,-7.024705
-2.597727,-31.396890,-7.038712
-2.608011,-31.368895,-7.029300
-2.622304,-31.365472,-7.037333
-2.619841,-31.387843,-7.033194
-2.602837,-31.371401,-7.030206
-2.609845,-31.364503,-7.029598
-2.623470,-31.338739,-7.042232
-2.589255,-31.389268,-7.049118
-2.612225,-31.377377,-7.029967
-2.599832,-31.359370,-7.029181
-2.597048,-31.385760,-7.040115
-2.613863,-31.363832,-7.014341
-2.599277,-31.375337,-7.023214
-2.604504,-31.369450,-7.025107
-2.616109,-31.385658,-7.012143
-2.615158,-31.381518,-7.019647
-2.618407,-31.375070,-7.029155
-2.618293,-31.382344,-7.025071
-2.633871,-31.377325,-7.039660
-2.616418,-31.396949,-7.034003
-2.626735,-31.384976,-7.026412
-2.613363,-31.380257,-7.032081
-2.608747,-31.379767,-7.038815
-2.617516,-31.395187,-7.060580
-2.615253,-31.360968,-7.015712
-2.613703,-31.378666,-7.036672
-2.612152,-31.378431,-7.021134
-2.634775,-31.368734,-7.039681
-2.626221,-31.388052,-7.030476
-2.626295,-31.362424,-7.015956
-2.611579,-31.374292,-7.014956
-2.604381,-31.384289,-7.025934
-2.616220,-31.395004,-7.014288
-2.615302,-31.380703,-7.027132
-2.615155,-31.381615,-7.035742
-2.620032,-31.379586,-7.020882
-2.611227,-31.387345,-7.017650
-2.607769,-31.363551,-7.042504
-2.623736,-31.382808,-7.030243
-2.624758,-31.387126,-7.025628
-2.625115,-31.374358,-7.036309
-2.602410,-31.373615,-7.026215
-2.611691,-31.379793,-7.032461
-2.629094,-31.381174,-7.007123
-2.617211,-31.376951,-7.022629
-2.611875,-31.391757,-7.038163
-2.613467,-31.374707,-7.036726
-2.617310,-31.384851,-7.045803
-2.623854,-31.382899,-7.028358
-2.621461,-31.377588,-7.034201
-2.621229,-31.385125,-7.014110
-2.618072,-31.372577,-7.043173
-2.622395,-31.385568,-7.038812
-2.617055,-31.391855,-7.020390
-2.643834,-31.373589,-7.048701
-2.620574,-31.380015,-7.014167
-2.626372,-31.372225,-7.055959
-2.611070,-31.364184,-7.026490
-2.617044,-31.379455,-7.050766
-2.617892,-31.376337,-7.020673
-2.625873,-31.377214,-7.045094
-2.631695,-31.371804,-7.033169
-2.619147,-31.382988,-7.030583
-2.620348,-31.379336,-7.032835
-2.625873,-31.377754,-7.021078
-2.622189,-31.377650,-7.019057
-2.622297,-31.387001,-7.037175
-2.623344,-31.364322,-7.023863
-2.628248,-31.381460,-7.034050
-2.599248,-31.377076,-7.020760
-2.621701,-31.361753,-7.019181
-2.628874,-31.371452,-7.033858
-2.612487,-31.378379,-7.019248
-2.617451,-31.373341,-7.045010
-2.631428,-31.384374,-7.046986
-2.627199,-31.387309,-7.024792
-2.632855,-31.373516,-7.024462
-2.605006,-31.365952,-7.044420
-2.645446,-31.360536,-7.008990
-2.628165,-31.372021,-7.025432
-2.626944,-31.371865,-7.018830
-2.635509,-31.383684,-7.026340
-2.604391,-31.378331,-7.023740
-2.622612,-31.390474,-7.021093
-2.635121,-31.370491,-7.031120
-2.625337,-31.384980,-7.047635
-2.615925,-31.378386,-7.012707
-2.657772,-31.374017,-7.043236
-2.627831,-31.361875,-7.031291
-2.644523,-31.385423,-7.042782
-2.636960,-31.379135,-7.034432
-2.648371,-31.381332,-7.027666
-2.623174,-31.378391,-7.045902
-2.625622,-31.387755,-7.039349
-2.613898,-31.392022,-7.026830
-2.630230,-31.375614,-7.014235
-2.607446,-31.384884,-7.025365
-2.627475,-31.354750,-7.026444
-2.629352,-31.378478,-7.038328
-2.625164,-31.383534,-7.015701
-2.625010,-31.392340,-7.040634
-2.656567,-31.382897,-7.036563
-2.626473,-31.369871,-7.028456
-2.631525,-31.366979,-7.016073
-2.638167,-31.374845,-6.990017
-2.639215,-31.375219,-7.020856
-2.641860,-31.390003,-7.034083
-2.647558,-31.354261,-7.030908
-2.629796,-31.358941,-7.027435
-2.636290,-31.382702,-7.034555
-2.634804,-31.372534,-7.013457
-2.617992,-31.371533,-7.025108
-2.634419,-31.383930,-7.021661
-2.643645,-31.367893,-7.035826
-2.629842,-31.378610,-7.027480
-2.645559,-31.369973,-7.018323
-2.641719,-31.369935,-7.030941
-2.649037,-31.382063,-7.027741
-2.633484,-31.382992,-7.032189
-2.631141,-31.384156,-7.025904
-2.645710,-31.385155,-7.006652
-2.637246,-31.381960,-7.027452
-2.630633,-31.374679,-7.048627
-2.626488,-31.393950,-7.022883
-2.655722,-31.381218,-7.029411
-2.646555,-31.383682,-7.026893
-2.628082,-31.373680,-7.022462
-2.633832,-31.390153,-7.021592
-2.619598,-31.365516,-7.012076
-2.623779,-31.373599,-7.026448
-2.631343,-31.370715,-7.027432
-2.627897,-31.369630,-7.035769
-2.616591,-31.381522,-7.022321
-2.640035,-31.379863,-7.036554
-2.648935,-31.377537,-7.010520
-2.641348,-31.380457,-7.019107
-2.647671,-31.392125,-7.017611
-2.628318,-31.369826,-7.035613
-2.637960,-31.360744,-7.029518
-2.630586,-31.388292,-7.039197
-2.636956,-31.358010,-7.020787
-2.648675,-31.394084,-7.029033
-2.638211,-31.362627,-7.030831
-2.616832,-31.366354,-7.017368
-2.638930,-31.381145,-7.047843
-2.647011,-31.376407,-7.005088
-2.624158,-31.397262,-7.015511
-2.628763,-31.380167,-7.012043
-2.651715,-31.366841,-7.024437
-2.626504,-31.370792,-7.019987
-2.631832,-31.369612,-7.028882
-2.626083,-31.371558,-7.019059
-2.634902,-31.363665,-7.026953
-2.630749,-31.375209,-7.016838
-2.643459,-31.374769,-7.022697
-2.637462,-31.362137,-7.045116
-2.637096,-31.385794,-7.031204
-2.635032,-31.371085,-7.018940
-2.656394,-31.382336,-7.017091
-2.614206,-31.366746,-7.021959
-2.620381,-31.370474,-7.026638
-2.624249,-31.379198,-7.026816
-2.626088,-31.364903,-7.028279
-2.650313,-31.375656,-7.033728
-2.629127,-31.359105,-7.020837
-2.636191,-31.372049,-7.031565
-2.633854,-31.368099,-7.015924
-2.628333,-31.384591,-7.009480
-2.639171,-31.374210,-7.035828
-2.638767,-31.372684,-7.043235
-2.648952,-31.372878,-7.014969
-2.648539,-31.389392,-7.038181
-2.648501,-31.371313,-7.008533
-2.640646,-31.396018,-7.007620
-2.639967,-31.378957,-7.023657
-2.653318,-31.378286,-7.004526
-2.639848,-31.382926,-7.005320
-2.631302,-31.388701,-7.018461
-2.648846,-31.363283,-7.017221
-2.638183,-31.373645,-7.024794
-2.638130,-31.378668,-7.017935
-2.625844,-31.393587,-7.021949
-2.633889,-31.387057,-7.024937
-2.652782,-31.352429,-7.023746
-2.634521,-31.374750,-7.022353
-2.646831,-31.368531,-7.033991
-2.621807,-31.378812,-7.032278
-2.636762,-31.362041,-7.031482
-2.644402,-31.378755,-7.025479
-2.645060,-31.394277,-7.028320
-2.644121,-31.361307,-7.041236
-2.627410,-31.380126,-7.008256
-2.645064,-31.378864,-7.033298
-2.626882,-31.375670,-7.027497
-2.640302,-31.379149,-7.021459
-2.645238,-31.387765,-7.010860
-2.654525,-31.372179,-7.026551
-2.653673,-31.393957,-7.027423
-2.642627,-31.377921,-7.024750
-2.640638,-31.375900,-7.020050
-2.643407,-31.387498,-7.019487
-2.628467,-31.374873,-7.023500
-2.629480,-31.373103,-7.010463
-2.648587,-31.383541,-7.029295
-2.646585,-31.363794,-7.018050
-2.624729,-31.389565,-7.031741
-2.636613,-31.377105,-7.024551
-2.640144,-31.376472,-7.030324
-2.653877,-31.396938,-7.006157
-2.629419,-31.379866,-7.016701
-2.629761,-31.387056,-7.041066
-2.645455,-31.355664,-7.018022
-2.634312,-31.365456,-7.013266
-2.642074,-31.390553,-7.022358
-2.645755,-31.357255,-7.031400
-2.657628,-31.376039,-7.010481
-2.649995,-31.373786,-7.030052
-2.639133,-31.388083,-7.007128
-2.653191,-31.371451,-7.015161
-2.642145,-31.379048,-7.024184
-2.648152,-31.373713,-7.015002
-2.651952,-31.379613,-6.996838
-2.641181,-31.372438,-7.026840
-2.634545,-31.365067,-7.000876
-2.640934,-31.385213,-7.029456
-2.627362,-31.392421,-7.016738
-2.640918,-31.367435,-7.007349
-2.655568,-31.348810,-7.018258
-2.642646,-31.374640,-7.027761
-2.632985,-31.372313,-7.029941
-2.646910,-31.389985,-7.033024
-2.645324,-31.374092,-7.028625
-2.662618,-31.364131,-7.025856
-2.641123,-31.393153,-7.031117
-2.637044,-31.361839,-7.027359
-2.644141,-31.386033,-7.010733
-2.647585,-31.378585,-7.019442
-2.638900,-31.384552,-7.031797
-2.651733,-31.385210,-7.023411
-2.644452,-31.365964,-7.029038
-2.645318,-31.385157,-7.022848
-2.636493,-31.378328,-7.014550
-2.647625,-31.366269,-7.006926
-2.658618,-31.370947,-7.030225
-2.639213,-31.373795,-6.988419
-2.652994,-31.378254,-7.023995
-2.669888,-31.376138,-7.014871
-2.638588,-31.381280,-7.020699
-2.653291,-31.357567,-7.027485
-2.629391,-31.364963,-7.006269
-2.632537,-31.379619,-7.031974
-2.643140,-31.380439,-7.033354
-2.636103,-31.350467,-7.020532
-2.638675,-31.383444,-7.025983
-2.649686,-31.385174,-7.021089
-2.657261,-31.377783,-7.030748
-2.677139,-31.375307,-7.011818
-2.661384,-31.378519,-7.020087
-2.640016,-31.383800,-7.032593
-2.633820,-31.380117,-7.043352
-2.639988,-31.380358,-7.024137
-2.649556,-31.393290,-7.021187
-2.646636,-31.375391,-7.021397
-2.670922,-31.369895,-7.036401
-2.635443,-31.359833,-7.030603
-2.654891,-31.380679,-7.020294
-2.647594,-31.379676,-7.014470
-2.653856,-31.397076,-7.030869
-2.651013,-31.366142,-7.025485
-2.637142,-31.380691,-7.009806
-2.649619,-31.365192,-7.012723
-2.626067,-31.374524,-7.018171
-2.655182,-31.380672,-7.036486
-2.641895,-31.369550,-7.022742
-2.643129,-31.354922,-7.019553
-2.628693,-31.378603,-7.010343
-2.645861,-31.372159,-7.032778
-2.647429,-31.366782,-7.027959
-2.627746,-31.370699,-7.026557
-2.654122,-31.379381,-7.024755
-2.654387,-31.361831,-7.031428
-2.649906,-31.368612,-7.021245
-2.649764,-31.372928,-7.047120
-2.653490,-31.370385,-7.008984
-2.644066,-31.379392,-7.029736
-2.649551,-31.380979,-7.031248
-2.634851,-31.367396,-7.036311
-2.646807,-31.390165,-7.025170
-2.628872,-31.396997,-7.001870
-2.644543,-31.373742,-7.014411
-2.627668,-31.390013,-7.016456
-2.655944,-31.370031,-7.021263
-2.636189,-31.382600,-7.015739
-2.643123,-31.376927,-7.009613
-2.645723,-31.374145,-7.023289
-2.631405,-31.384764,-7.020484
-2.643908,-31.377649,-7.004984
-2.639287,-31.390869,-7.021880
-2.635312,-31.381827,-7.038989
-2.643943,-31.380778,-7.031730
-2.645666,-31.388641,-7.014936
-2.643569,-31.378385,-7.026406
-2.644836,-31.374221,-7.013148
-2.660759,-31.387641,-7.028105
-2.638290,-31.383660,-7.025519
-2.652102,-31.385070,-7.001548
-2.641799,-31.393628,-7.035350
-2.638843,-31.369732,-7.026383
-2.657928,-31.356854,-7.026732
-2.644390,-31.374096,-7.031901
-2.653839,-31.390114,-7.029070
-2.663036,-31.361102,-7.024951
-2.638236,-31.360519,-7.037160
-2.659890,-31.385844,-7.007256
-2.662091,-31.369236,-7.002218
-2.664907,-31.382121,-7.034758
-2.649207,-31.363980,-7.025338
-2.634798,-31.393489,-7.011417
-2.657089,-31.379311,-7.010344
-2.641202,-31.389828,-7.020610
-2.659805,-31.353627,-7.010948
-2.649378,-31.395995,-7.040557
-2.641821,-31.361985,-7.020443
-2.641051,-31.361513,-7.017025
-2.649761,-31.390921,-7.030417
-2.633554,-31.383888,-7.016136
-2.647865,-31.372042,-7.013130
-2.649171,-31.364087,-7.028908
-2.656436,-31.384240,-7.034663
-2.640207,-31.381532,-7.037136
-2.638541,-31.348558,-7.025209
-2.648157,-31.373751,-7.005585
-2.642078,-31.365259,-6.996140
-2.660726,-31.386863,-7.034215
-2.665441,-31.370284,-7.013964
-2.657839,-31.380572,-7.015793
-2.622968,-31.380141,-7.021821
-2.640287,-31.374318,-7.018793
-2.660204,-31.379541,-7.011857
-2.646933,-31.364377,-7.017150
-2.664511,-31.371338,-7.032239
-2.647709,-31.383663,-7.020020
-2.668313,-31.385409,-7.035896
-2.641943,-31.369471,-7.028792
-2.666885,-31.358605,-7.028015
-2.665063,-31.358915,-7.007396
-2.641427,-31.370495,-7.030061
-2.638877,-31.382815,-7.011700
-2.649208,-31.390212,-7.024663
-2.658201,-31.391017,-7.022711
-2.646333,-31.388207,-7.019784
-2.656964,-31.376985,-7.045135
-2.636913,-31.375942,-7.027980
-2.635716,-31.392632,-7.031030
-2.648570,-31.390395,-7.023531
-2.635962,-31.367169,-7.027151
-2.635767,-31.387840,-7.010561
-2.640271,-31.363050,-7.019435
-2.657146,-31.371560,-7.031333
-2.646318,-31.372439,-7.025483
-2.655866,-31.388034,-7.010450
-2.638957,-31.368866,-7.011503
-2.647472,-31.380095,-7.031542
-2.653307,-31.376107,-7.017140
-2.667111,-31.377273,-7.029326
-2.642911,-31.377750,-7.032497
-2.654067,-31.381731,-7.007321
-2.658795,-31.359870,-7.025371
-2.657505,-31.376714,-7.027274
-2.661361,-31.387750,-7.017245
-2.667177,-31.382622,-7.026435
-2.644101,-31.373717,-7.030513
-2.661982,-31.369209,-7.026337
-2.657867,-31.366418,-7.019739
-2.674338,-31.366281,-7.016900
-2.638538,-31.381345,-7.022962
-2.652014,-31.380138,-7.011357
-2.649514,-31.384618,-7.028265
-2.643450,-31.368105,-7.027598
-2.661044,-31.380461,-7.024969
-2.637423,-31.389604,-7.022583
-2.645439,-31.382512,-7.024481
-2.657099,-31.384868,-7.022314
-2.654340,-31.373979,-7.037658
-2.638068,-31.387469,-7.017444
-2.654770,-31.388518,-7.011366
-2.639969,-31.396745,-7.024348
-2.646403,-31.380154,-7.036214
-2.663006,-31.379503,-7.022245
-2.650115,-31.368250,-7.015815
-2.642988,-31.387929,-7.027028
-2.656575,-31.390137,-7.023690
-2.656681,-31.362064,-7.023008
-2.665084,-31.396113,-7.036751
-2.640161,-31.381223,-7.023290
-2.664805,-31.397962,-7.013606
-2.651719,-31.352990,-7.016922
-2.638541,-31.383509,-7.026130
-2.662816,-31.367779,-7.008901
-2.652785,-31.389161,-7.014791
-2.642472,-31.382226,-7.027468
-2.644291,-31.374425,-7.021460
-2.668060,-31.372122,-7.036309
-2.680166,-31.372764,-7.019466
-2.640811,-31.380016,-7.023153
-2.656843,-31.380040,-7.021827
-2.642595,-31.387399,-7.035506
-2.662777,-31.379076,-7.024557
-2.657349,-31.393371,-7.041245
-2.650809,-31.370588,-7.020542
-2.650978,-31.371558,-7.023386
-2.657097,-31.373977,-7.022245
-2.649638,-31.391473,-7.017992
-2.673020,-31.374681,-7.015035
-2.644306,-31.359307,-7.015378
-2.664507,-31.379903,-7.041123
-2.663505,-31.370250,-7.023886
-2.666629,-31.378067,-7.009375
-2.650365,-31.387134,-7.019119
-2.641640,-31.376372,-7.000325
-2.645563,-31.380270,-7.006175
-2.650954,-31.380338,-7.022483
-2.661931,-31.373716,-7.036682
-2.644647,-31.378188,-7.026703
-2.656868,-31.391457,-7.005662
-2.649937,-31.371624,-7.008030
-2.668044,-31.390369,-7.016942
-2.647653,-31.379980,-7.026374
-2.669988,-31.381375,-7.009838
-2.657181,-31.365457,-7.026387
-2.653796,-31.361969,-7.012056
-2.665334,-31.361260,-7.020403
-2.645808,-31.387295,-7.024382
-2.634730,-31.379679,-7.035680
-2.642691,-31.365017,-6.996940
-2.648472,-31.402946,-7.014434
-2.645573,-31.371999,-7.030069
-2.642518,-31.380790,-7.018247
-2.642236,-31.393022,-7.013602
-2.659018,-31.370586,-7.016907
-2.652765,-31.379830,-7.008459
-2.659989,-31.371262,-7.026242
-2.641813,-31.369048,-7.010968
-2.656412,-31.391719,-7.012936
-2.648761,-31.356222,-7.023808
-2.658301,-31.377254,-7.029701
-2.670898,-31.392976,-7.038101
-2.663886,-31.377837,-7.028908
-2.657639,-31.391344,-7.021959
-2.665501,-31.387636,-7.018294
-2.652566,-31.374150,-7.027130
-2.661086,-31.386937,-7.012761
-2.640562,-31.378204,-7.030386
-2.662019,-31.374108,-7.019031
-2.650790,-31.368972,-7.034036
-2.649161,-31.368953,-7.027023
-2.674966,-31.383603,-7.030131
-2.663070,-31.385436,-7.040778
-2.660334,-31.388407,-7.024473
-2.669806,-31.380409,-7.026855
-2.649011,-31.386083,-7.021126
-2.660479,-31.367688,-7.026719
-2.649398,-31.373039,-7.032026
-2.658925,-31.374318,-7.036197
-2.656744,-31.368137,-7.014368
-2.658587,-31.394446,-7.015031
-2.647072,-31.378753,-7.007206
-2.662772,-31.369867,-6.991559
-2.656047,-31.381868,-7.006713
-2.654424,-31.374684,-7.031847
-2.668093,-31.384449,-7.023691
-2.646481,-31.380948,-7.024361
-2.651119,-31.382592,-7.010350
-2.654926,-31.389430,-7.020577
-2.658382,-31.372307,-7.022688
-2.653130,-31.383131,-7.027926
-2.664526,-31.378383,-7.017165
-2.664456,-31.375617,-7.001065
-2.628729,-31.376529,-7.014366
-2.662451,-31.380737,-7.017894
-2.654358,-31.376737,-7.010421
-2.650417,-31.377875,-7.037745
-2.643561,-31.379678,-7.015188
-2.653357,-31.380120,-7.025046
-2.649782,-31.379674,-7.021907
-2.643276,-31.380294,-7.018532
-2.644603,-31.384780,-7.031890
-2.659808,-31.375797,-7.000329
-2.642807,-31.384027,-7.018226
-2.658122,-31.377714,-7.043606
-2.646834,-31.366005,-7.015757
-2.665670,-31.376159,-7.025600
-2.669893,-31.378383,-7.022689
-2.670562,-31.361596,-7.010656
-2.668275,-31.380144,-7.020561
-2.645334,-31.383125,-7.023441
-2.652929,-31.362699,-7.016759
-2.646148,-31.375259,-7.030179
-2.668953,-31.369612,-7.031860
-2.645778,-31.384705,-7.016661
-2.659839,-31.375167,-7.005620
-2.660053,-31.375238,-7.030532
-2.631946,-31.351617,-7.032862
-2.640190,-31.376523,-7.028182
-2.661575,-31.383979,-7.013290
-2.670021,-31.364191,-7.026797
-2.666659,-31.364015,-7.025361
-2.656596,-31.363560,-7.035321
-2.651078,-31.372431,-7.015111
-2.647180,-31.361142,-7.020544
-2.626680,-31.376115,-7.017507
-2.658012,-31.374316,-6.999233
-2.641297,-31.376275,-7.028576
-2.647074,-31.382043,-7.016881
-2.650821,-31.390809,-7.018929
-2.652651,-31.376402,-7.030966
-2.647918,-31.384310,-7.037752
-2.638688,-31.376366,-7.012337
-2.637954,-31.389311,-7.020029
-2.674632,-31.375345,-7.037615
-2.641833,-31.384646,-7.024305
-2.671769,-31.380234,-7.029399
-2.648751,-31.379515,-7.020286
-2.667951,-31.381379,-7.034493
-2.653162,-31.391865,-7.030743
-2.660761,-31.387862,-7.019692
-2.649209,-31.393410,-7.025283
-2.639430,-31.376185,-7.025051
-2.654767,-31.372252,-7.015364
-2.656932,-31.379646,-7.029386
-2.651709,-31.376414,-7.010869
-2.659678,-31.373279,-7.012827
-2.649872,-31.385513,-7.004735
-2.644809,-31.382872,-7.020930
-2.635846,-31.391328,-7.011157
-2.646862,-31.374910,-7.037895
-2.654065,-31.378984,-7.021786
-2.643987,-31.366216,-7.005144
-2.666534,-31.377619,-7.036724
-2.671401,-31.378583,-7.014125
-2.639632,-31.379931,-7.021732
-2.656460,-31.371937,-7.006445
-2.641693,-31.376989,-7.029354
-2.668054,-31.372286,-7.014133
-2.682640,-31.391288,-7.000516
-2.689528,-31.385681,-6.982862
-2.704845,-31.383854,-6.984646
-2.719011,-31.378774,-6.947702
-2.732854,-31.374059,-6.934668
-2.765787,-31.383752,-6.912790
-2.768954,-31.391356,-6.900151
-2.783383,-31.400221,-6.862204
-2.811944,-31.409019,-6.867198
-2.850027,-31.413305,-6.806416
-2.856023,-31.432895,-6.788065
-2.879151,-31.418275,-6.750026
-2.922861,-31.418998,-6.731446
-2.941414,-31.424962,-6.692193
-2.985358,-31.410634,-6.678577
-3.015091,-31.438446,-6.639499
-3.026488,-31.424214,-6.612146
-3.054132,-31.426465,-6.591179
-3.074950,-31.438815,-6.543627
-3.123453,-31.459425,-6.505037
-3.142823,-31.444333,-6.460168
-3.171780,-31.455515,-6.444002
-3.199308,-31.461727,-6.396664
-3.233170,-31.456218,-6.373717
-3.272731,-31.468421,-6.337859
-3.301742,-31.476370,-6.303215
-3.340729,-31.471188,-6.260690
-3.383503,-31.470850,-6.231491
-3.399727,-31.465001,-6.170329
-3.425292,-31.487813,-6.137382
-3.494797,-31.497590,-6.121218
-3.494460,-31.483516,-6.086744
-3.541374,-31.496951,-6.046730
-3.563960,-31.506352,-6.003386
-3.585837,-31.494155,-5.974718
-3.632781,-31.492981,-5.936746
-3.635980,-31.524200,-5.895107
-3.694767,-31.505962,-5.866753
-3.744478,-31.496567,-5.844922
-3.760010,-31.532556,-5.773793
-3.784735,-31.522692,-5.728562
-3.817016,-31.505544,-5.700400
-3.837192,-31.521114,-5.671465
-3.898924,-31.543552,-5.635124
-3.939674,-31.526417,-5.598962
-3.979038,-31.517571,-5.551837
-3.991705,-31.535218,-5.515787
-4.030818,-31.530044,-5.488948
-4.062457,-31.518347,-5.451360
-4.088894,-31.542596,-5.417566
-4.125999,-31.542157,-5.400244
-4.168491,-31.537988,-5.347957
-4.180689,-31.558800,-5.294873
-4.205969,-31.544984,-5.291327
-4.257869,-31.545316,-5.232536
-4.290226,-31.532745,-5.178713
-4.339777,-31.529645,-5.156155
-4.354985,-31.556337,-5.130693
-4.400506,-31.547561,-5.097129
-4.435895,-31.558858,-5.046535
-4.452724,-31.542687,-5.017916
-4.474285,-31.563290,-4.983202
-4.539813,-31.552882,-4.937821
-4.569937,-31.557761,-4.877929
-4.565603,-31.548404,-4.859447
-4.652111,-31.568323,-4.820746
-4.671385,-31.573684,-4.781439
-4.688424,-31.566381,-4.740209
-4.717075,-31.565206,-4.716907
-4.756994,-31.573443,-4.669017
-4.781665,-31.548468,-4.637047
-4.835791,-31.551771,-4.603009
-4.841757,-31.563769,-4.581871
-4.890171,-31.575801,-4.527102
-4.939554,-31.564692,-4.476193
-4.965273,-31.567551,-4.440546
-4.991111,-31.552579,-4.423351
-4.997131,-31.566839,-4.393395
-5.068221,-31.546811,-4.346851
-5.099645,-31.568246,-4.312867
-5.143896,-31.548491,-4.286700
-5.171097,-31.566258,-4.251274
-5.208862,-31.560137,-4.195737
-5.240964,-31.559835,-4.154261
-5.246253,-31.565118,-4.121823
-5.285705,-31.550644,-4.086395
-5.357342,-31.560838,-4.039267
-5.355310,-31.537838,-4.011015
-5.424856,-31.558388,-3.991603
-5.443364,-31.572321,-3.917520
-5.462471,-31.553215,-3.916178
-5.518384,-31.559644,-3.866962
-5.539481,-31.556832,-3.834247
-5.579741,-31.544613,-3.811903
-5.622516,-31.548574,-3.739061
-5.645902,-31.545914,-3.704162
-5.666886,-31.553314,-3.688131
-5.704734,-31.541734,-3.633339
-5.739335,-31.560858,-3.612310
-5.781827,-31.538012,-3.563933
-5.819040,-31.529384,-3.529526
-5.846862,-31.523937,-3.488624
-5.872261,-31.552995,-3.452388
-5.910382,-31.534399,-3.409983
-5.957278,-31.531299,-3.369331
-5.969191,-31.522483,-3.360946
-6.008077,-31.515447,-3.312765
-6.037031,-31.517685,-3.272175
-6.080060,-31.493854,-3.248982
-6.124617,-31.526607,-3.212836
-6.143923,-31.511146,-3.178969
-6.173618,-31.503653,-3.123696
-6.212519,-31.498221,-3.103412
-6.265257,-31.499567,-3.049105
-6.283513,-31.501475,-3.017308
-6.332447,-31.495646,-3.003531
-6.364075,-31.485969,-2.936290
-6.391651,-31.464022,-2.894885
-6.420542,-31.498040,-2.876500
-6.456100,-31.492179,-2.856790
-6.500206,-31.470094,-2.796661
-6.508558,-31.471548,-2.786062
-6.560231,-31.475251,-2.714458
-6.592464,-31.451866,-2.690642
-6.625124,-31.475089,-2.656035
-6.651179,-31.444960,-2.630423
-6.688257,-31.476591,-2.573216
-6.723451,-31.436285,-2.551957
-6.762530,-31.460601,-2.504488
-6.791211,-31.435227,-2.497004
-6.823066,-31.427104,-2.448587
-6.876323,-31.420331,-2.390166
-6.907894,-31.435437,-2.388820
-6.927314,-31.436016,-2.328248
-6.955101,-31.397721,-2.304138
-6.980815,-31.431712,-2.249837
-7.020872,-31.410631,-2.226463
-7.055025,-31.389362,-2.183061
-7.112671,-31.398930,-2.146311
-7.136466,-31.390778,-2.097760
-7.165521,-31.382160,-2.084704
-7.186188,-31.374113,-2.052382
-7.215945,-31.368536,-2.006027
-7.265227,-31.352010,-1.971715
-7.319592,-31.361045,-1.952525
-7.342042,-31.360642,-1.895505
-7.380571,-31.359406,-1.868493
-7.405803,-31.359600,-1.832548
-7.433322,-31.330616,-1.780177
-7.466859,-31.336939,-1.753325
-7.502827,-31.335799,-1.728794
-7.547311,-31.326033,-1.679847
-7.568161,-31.313922,-1.641745
-7.609290,-31.314720,-1.606563
-7.631895,-31.311698,-1.572104
-7.666704,-31.288335,-1.556055
-7.709900,-31.295147,-1.488024
-7.724831,-31.277451,-1.454509
-7.788489,-31.280053,-1.413786
-7.821965,-31.263204,-1.388850
-7.850368,-31.259268,-1.367036
-7.893578,-31.272100,-1.328021
-7.916683,-31.256336,-1.295143
-7.965854,-31.226341,-1.247301
-7.977807,-31.221191,-1.211122
-8.026961,-31.240075,-1.178479
-8.047885,-31.217830,-1.134548
-8.086786,-31.209895,-1.098787
-8.111406,-31.196440,-1.058317
-8.156753,-31.215501,-1.039477
-8.175270,-31.201793,-1.005505
-8.211028,-31.180845,-0.963820
-8.251758,-31.170694,-0.931809
-8.269692,-31.175782,-0.893959
-8.331998,-31.135461,-0.854494
-8.349835,-31.154319,-0.817938
-8.394128,-31.146173,-0.789803
-8.429900,-31.124556,-0.756721
-8.466004,-31.128147,-0.735144
-8.486353,-31.112196,-0.688297
-8.518793,-31.120028,-0.647583
-8.560270,-31.088253,-0.608482
-8.593187,-31.076165,-0.580416
-8.615307,-31.064289,-0.553452
-8.650393,-31.090637,-0.513651
-8.694784,-31.047335,-0.473455
-8.748720,-31.054908,-0.436582
-8.766866,-31.037654,-0.414161
-8.792868,-31.015152,-0.367831
-8.850616,-31.032902,-0.344439
-8.867119,-31.031177,-0.298354
-8.914365,-30.997262,-0.252097
-8.949924,-30.991582,-0.225350
-8.973188,-30.988053,-0.188119
-9.033578,-30.973095,-0.158543
-9.047463,-30.960350,-0.123432
-9.062759,-30.949190,-0.096806
-9.108243,-30.950272,-0.058394
-9.135393,-30.935614,-0.028516
-9.182439,-30.933713,0.020780
-9.208086,-30.916722,0.053531
-9.256282,-30.903448,0.093416
-9.276853,-30.900148,0.112588
-9.315898,-30.881744,0.147400
-9.334543,-30.876207,0.200498
-9.392797,-30.865731,0.211285
-9.420285,-30.862369,0.253230
-9.422173,-30.835953,0.293435
-9.479055,-30.844457,0.312611
-9.499834,-30.836751,0.362406
-9.547862,-30.816412,0.409028
-9.587293,-30.806537,0.450962
-9.628755,-30.804623,0.465501
-9.635390,-30.794862,0.525467
-9.691636,-30.755770,0.535469
-9.707474,-30.757907,0.583284
-9.783887,-30.763233,0.594390
-9.797547,-30.735529,0.644933
-9.825552,-30.723109,0.657193
-9.864379,-30.721992,0.703635
-9.872198,-30.698427,0.752235
-9.937474,-30.698482,0.789719
-9.943959,-30.673699,0.812609
-9.999196,-30.652892,0.841792
-10.016442,-30.650926,0.900815
-10.051585,-30.640722,0.908843
-10.068321,-30.620512,0.924751
-10.128383,-30.617045,0.987155
-10.155739,-30.608811,1.033023
-10.190243,-30.599140,1.051435
-10.230133,-30.591340,1.077147
-10.273846,-30.564390,1.105680
-10.301126,-30.546873,1.144877
-10.334999,-30.556475,1.192944
-10.367951,-30.529066,1.226577
-10.405066,-30.532276,1.252654
-10.411819,-30.506807,1.285062
-10.471266,-30.483207,1.320537
-10.508687,-30.474681,1.348639
-10.545421,-30.470913,1.377359
-10.560729,-30.432778,1.423634
-10.590684,-30.442511,1.455105
-10.639385,-30.402134,1.478171
-10.667030,-30.436948,1.490111
-10.701419,-30.398091,1.558488
-10.708823,-30.394902,1.597373
-10.785247,-30.377505,1.615738
-10.806682,-30.364492,1.660816
-10.835593,-30.335522,1.688549
-10.843282,-30.312760,1.719231
-10.921875,-30.313257,1.751558
-10.944636,-30.284910,1.806338
-10.967337,-30.291641,1.803199
-11.014029,-30.287158,1.860822
-11.043853,-30.258592,1.884798
-11.058231,-30.240415,1.918142
-11.106157,-30.210158,1.928619
-11.145663,-30.207582,1.995182
-11.172484,-30.183428,2.005415
-11.233746,-30.184974,2.028291
-11.240415,-30.168995,2.083202
-11.276371,-30.138802,2.117974
-11.307783,-30.122549,2.131567
-11.333782,-30.115445,2.178628
-11.390809,-30.120061,2.202587
-11.421584,-30.094006,2.246243
-11.453666,-30.077529,2.264963
-11.480745,-30.049319,2.297523
-11.509911,-30.033369,2.348878
-11.545725,-30.025989,2.366673
-11.576269,-30.022190,2.400780
-11.615179,-30.000470,2.443398
-11.641777,-29.984179,2.474951
-11.689334,-29.974037,2.507790
-11.727833,-29.956704,2.524066
-11.737165,-29.935792,2.577817
-11.784348,-29.917127,2.604238
-11.820432,-29.904885,2.643720
-11.862935,-29.871421,2.670174
-11.885431,-29.870256,2.696252
-11.923214,-29.859850,2.727587
-11.966357,-29.847909,2.774211
-11.972759,-29.814668,2.800621
-12.020213,-29.815913,2.823849
-12.066966,-29.789993,2.858122
-12.104186,-29.765619,2.891193
-12.126978,-29.748983,2.931707
-12.152371,-29.741644,2.960605
-12.180931,-29.711984,2.991596
-12.227495,-29.705469,3.016298
-12.241840,-29.689077,3.044477
-12.283135,-29.691503,3.073204
-12.342964,-29.640686,3.104997
-12.356231,-29.640717,3.147750
-12.392028,-29.615687,3.172076
-12.417790,-29.615451,3.220303
-12.453610,-29.566730,3.227825
-12.509766,-29.575101,3.282576
-12.526593,-29.537479,3.323095
-12.554084,-29.522905,3.337575
-12.592475,-29.501051,3.381143
-12.624273,-29.483215,3.375171
-12.673231,-29.488360,3.417414
-12.691505,-29.454941,3.456277
-12.722145,-29.456766,3.476026
-12.763495,-29.439015,3.532144
-12.802806,-29.402204,3.560404
-12.820417,-29.374749,3.576682
-12.847700,-29.372605,3.630890
-12.895698,-29.345125,3.638976
-12.914213,-29.323711,3.675388
-12.967096,-29.285789,3.718933
-12.998355,-29.297278,3.728793
-13.028590,-29.263822,3.755563
-13.048769,-29.283797,3.811824
-13.099232,-29.236366,3.821681
-13.119075,-29.210565,3.843013
-13.155966,-29.200617,3.891241
-13.198553,-29.180253,3.941452
-13.241896,-29.180742,3.962679
-13.264884,-29.156113,3.979871
-13.296531,-29.121224,4.002423
-13.328446,-29.099960,4.022260
-13.351942,-29.086594,4.083242
-13.402950,-29.061095,4.102601
-13.435075,-29.058158,4.133454
-13.463113,-29.019294,4.158921
-13.488387,-29.007544,4.211348
-13.520430,-28.985786,4.215758
-13.566977,-28.946079,4.262530
-13.586211,-28.933092,4.272762
-13.624845,-28.930248,4.321933
-13.644961,-28.904412,4.342062
-13.714548,-28.885624,4.373536
-13.738270,-28.870865,4.410589
-13.747614,-28.851475,4.439380
-13.798143,-28.834347,4.468441
-13.822208,-28.801894,4.500504
-13.859596,-28.766933,4.530610
-13.888195,-28.773060,4.556342
-13.931327,-28.720785,4.592531
-13.947274,-28.722840,4.610278
-13.996809,-28.702652,4.648309
-14.036549,-28.685034,4.668186
-14.066394,-28.639175,4.710583
-14.101973,-28.620370,4.720015
-14.138280,-28.605717,4.768203
-14.143206,-28.580883,4.799767
-14.194687,-28.569109,4.812160
-14.213361,-28.542646,4.832575
-14.253655,-28.526722,4.876620
-14.285738,-28.516906,4.905891
-14.310365,-28.486085,4.935231
-14.354404,-28.453275,4.976772
-14.390023,-28.427332,5.011438
-14.411687,-28.431302,5.009668
-14.452538,-28.396678,5.036650
-14.486556,-28.362247,5.077768
-14.527913,-28.330713,5.108454
-14.570482,-28.337616,5.141499
-14.579154,-28.308243,5.175357
-14.612011,-28.274208,5.202905
-14.646745,-28.250281,5.234773
-14.697001,-28.235922,5.244582
-14.720354,-28.218167,5.285943
-14.745090,-28.195657,5.315830
-14.772825,-28.175462,5.344669
-14.826490,-28.136037,5.375568
-14.855981,-28.134801,5.400413
-14.874480,-28.096799,5.424314
-14.915168,-28.078622,5.439146
-14.957686,-28.041216,5.483832
-14.978736,-28.029478,5.520037
-15.029361,-28.029675,5.548737
-15.038286,-27.996267,5.546426
-15.057198,-27.980061,5.593347
-15.105124,-27.953217,5.608423
-15.125393,-27.937922,5.647505
-15.174750,-27.899445,5.672764
-15.193638,-27.865582,5.707847
-15.241765,-27.823446,5.727112
-15.269083,-27.815440,5.759409
-15.301290,-27.810384,5.786396
-15.328061,-27.780190,5.794271
-15.373980,-27.747993,5.824344
-15.408930,-27.731100,5.868567
-15.433355,-27.706840,5.907935
-15.450984,-27.690630,5.924812
-15.501875,-27.649024,5.942902
-15.541844,-27.621870,5.992007
-15.581557,-27.626656,6.024312
-15.599617,-27.604441,6.026505
-15.636975,-27.572423,6.062107
-15.661795,-27.531725,6.072996
-15.695935,-27.522934,6.111877
-15.727223,-27.484102,6.141913
-15.747352,-27.459487,6.185632
-15.797853,-27.434288,6.193794
-15.838667,-27.417403,6.217125
-15.848646,-27.382589,6.227493
-15.873108,-27.364032,6.275217
-15.932478,-27.342574,6.314340
-15.955987,-27.314611,6.327538
-15.999421,-27.281668,6.354864
-16.032099,-27.270655,6.392801
-16.067594,-27.225899,6.393337
-16.086813,-27.232301,6.434942
-16.120885,-27.178275,6.454705
-16.153261,-27.178724,6.475889
-16.180221,-27.117369,6.519510
-16.199539,-27.121972,6.541255
-16.248468,-27.087409,6.570747
-16.267339,-27.063729,6.586541
-16.296499,-27.046309,6.630677
-16.345662,-27.031944,6.650996
-16.356368,-26.986366,6.671487
-16.412044,-26.958007,6.709039
-16.436214,-26.922782,6.709398
-16.468661,-26.917350,6.760698
-16.487094,-26.879458,6.774212
-16.535426,-26.871481,6.806934
-16.559321,-26.828329,6.821005
-16.588122,-26.810009,6.859297
-16.632649,-26.754615,6.863168
-16.677257,-26.759841,6.886221
-16.693611,-26.721739,6.922604
-16.728915,-26.692553,6.946571
-16.768995,-26.653278,6.986361
-16.777687,-26.634781,7.002724
-16.830437,-26.598114,7.040765
-16.858966,-26.580537,7.058430
-16.878543,-26.559566,7.077762
-16.930737,-26.538646,7.094826
-16.956933,-26.495502,7.121207
-16.988981,-26.467193,7.142766
-17.018293,-26.457858,7.186210
-17.050477,-26.419812,7.215914
-17.074488,-26.405829,7.227869
-17.138049,-26.362664,7.234344
-17.134572,-26.347398,7.269467
-17.174945,-26.316078,7.305204
-17.200889,-26.276965,7.304503
-17.219791,-26.286374,7.343261
-17.282690,-26.240633,7.371136
-17.306817,-26.212729,7.397137
-17.321836,-26.187282,7.402031
-17.367668,-26.158531,7.429344
-17.388059,-26.126337,7.449978
-17.434500,-26.103597,7.487272
-17.437059,-26.076461,7.499101
-17.510750,-26.053594,7.536485
-17.528094,-26.013834,7.553285
-17.563071,-25.971451,7.595365
-17.602932,-25.954042,7.614322
-17.616867,-25.939426,7.626812
-17.647408,-25.894008,7.636973
-17.680753,-25.863414,7.703026
-17.696830,-25.854559,7.681730
-17.746152,-25.804172,7.728787
-17.795134,-25.788200,7.739375
-17.787792,-25.752575,7.762963
-17.849977,-25.721909,7.801062
-17.866737,-25.707849,7.819752
-17.905258,-25.679721,7.832248
-17.935375,-25.650794,7.867052
-17.980402,-25.600187,7.890326
-18.001005,-25.580538,7.909027
-18.029846,-25.556991,7.946633
-18.038602,-25.538334,7.954037
-18.077553,-25.479546,7.971458
-18.121923,-25.475602,7.983606
-18.123824,-25.454067,8.011087
-18.179799,-25.400739,8.044525
-18.222590,-25.390411,8.082398
-18.239117,-25.329535,8.084703
-18.269610,-25.324882,8.109636
-18.307449,-25.288172,8.120489
-18.316265,-25.270188,8.153098
-18.371377,-25.233127,8.175966
-18.393083,-25.205318,8.187877
-18.438303,-25.145289,8.214633
-18.447657,-25.142698,8.241351
-18.501022,-25.122131,8.280202
-18.506278,-25.078913,8.292317
-18.530781,-25.040681,8.323895
-18.587452,-25.028253,8.327653
-18.614831,-24.976411,8.354041
-18.663284,-24.965053,8.361809
-18.672964,-24.925048,8.395420
-18.713461,-24.909994,8.418973
-18.729002,-24.852978,8.452267
-18.779848,-24.843125,8.447688
-18.776533,-24.802901,8.477317
-18.836731,-24.772879,8.511205
-18.878285,-24.754137,8.514421
-18.893003,-24.714765,8.541676
-18.926686,-24.691122,8.553385
-18.951788,-24.644530,8.589989
-18.977486,-24.608762,8.602592
-19.027062,-24.579013,8.620071
-19.041694,-24.582611,8.659595
-19.057979,-24.522865,8.673954
-19.130727,-24.504811,8.686656
-19.135162,-24.480212,8.696000
-19.167529,-24.440444,8.729209
-19.175816,-24.405008,8.746928
-19.240861,-24.359586,8.782128
-19.248085,-24.348038,8.793106
-19.298961,-24.294082,8.802183
-19.314261,-24.274422,8.826743
-19.347431,-24.245095,8.865118
-19.364860,-24.235004,8.852543
-19.408354,-24.202832,8.892903
-19.462333,-24.173127,8.907623
-19.459519,-24.133355,8.934888
-19.507729,-24.099032,8.954043
-19.547402,-24.052514,8.976616
-19.546413,-24.008493,8.980868
-19.602257,-23.989889,9.007118
-19.622592,-23.973780,9.019580
-19.640080,-23.943183,9.055516
-19.680628,-23.894600,9.063322
-19.704711,-23.880920,9.085642
-19.735255,-23.850322,9.116481
-19.764185,-23.787950,9.125826
-19.788139,-23.785133,9.144358
-19.830379,-23.743970,9.168110
-19.863472,-23.686154,9.165636
-19.893888,-23.679582,9.203957
-19.918677,-23.632541,9.224374
-19.944566,-23.615559,9.232368
-19.962045,-23.576338,9.263228
-20.011141,-23.566186,9.277234
-20.042638,-23.510571,9.286404
-20.060690,-23.472969,9.303012
-20.086466,-23.440237,9.327468
-20.128404,-23.426328,9.354362
-20.156793,-23.390154,9.375413
-20.203645,-23.337324,9.376205
-20.213202,-23.305867,9.415703
-20.248038,-23.282611,9.431057
-20.280116,-23.235349,9.437735
-20.314047,-23.226207,9.462284
-20.350649,-23.172978,9.471619
-20.352725,-23.153802,9.481717
-20.390289,-23.105695,9.500947
-20.426697,-23.059909,9.523817
-20.449438,-23.034564,9.533643
-20.487015,-23.007998,9.565515
-20.507079,-22.984045,9.576782
-20.549223,-22.958936,9.600252
-20.564721,-22.911635,9.619125
-20.608315,-22.903291,9.635675
-20.621496,-22.843106,9.646700
-20.657960,-22.830051,9.664388
-20.696998,-22.796339,9.682219
-20.709024,-22.733704,9.700856
-20.733793,-22.696832,9.703645
-20.765920,-22.681469,9.722871
-20.818704,-22.642528,9.753517
-20.840383,-22.631598,9.771804
-20.851545,-22.585994,9.783580
-20.883982,-22.527147,9.800298
-20.918281,-22.524478,9.832501
-20.947119,-22.469005,9.837764
-20.988061,-22.438992,9.852102
-20.982862,-22.421651,9.859175
-21.036708,-22.355990,9.889035
-21.055040,-22.321270,9.897098
-21.095918,-22.287871,9.915181
-21.131397,-22.278556,9.912405
-21.181766,-22.226228,9.952209
-21.173383,-22.206047,9.957735
-21.224648,-22.165320,9.991033
-21.238046,-22.135900,9.988903
-21.270285,-22.090999,10.032211
-21.279922,-22.050333,10.032412
-21.328250,-22.018566,10.036910
-21.353491,-21.991740,10.069122
-21.361902,-21.946096,10.086948
-21.440266,-21.912647,10.099964
-21.450797,-21.898498,10.104326
-21.457750,-21.865221,10.129893
-21.487090,-21.815138,10.126433
-21.536815,-21.764486,10.145418
-21.555396,-21.738148,10.152372
-21.589221,-21.709552,10.170276
-21.615420,-21.684297,10.194839
-21.632307,-21.653770,10.193424
-21.692548,-21.600365,10.191737
-21.696308,-21.581096,10.246350
-21.721067,-21.547691,10.272454
-21.766957,-21.503948,10.260396
-21.784531,-21.473845,10.294682
-21.808933,-21.438974,10.308447
-21.866930,-21.392556,10.315772
-21.873242,-21.370840,10.321980
-21.889678,-21.331700,10.354264
-21.909801,-21.276848,10.357018
-21.948816,-21.259742,10.358555
-21.983428,-21.214040,10.396013
-22.004568,-21.162200,10.416041
-22.034283,-21.140055,10.410181
-22.048957,-21.104933,10.420166
-22.095383,-21.060124,10.437308
-22.118897,-21.029080,10.434770
-22.136735,-20.985853,10.461226
-22.166929,-20.961893,10.486010
-22.218156,-20.935457,10.486206
-22.209334,-20.898590,10.493634
-22.258720,-20.863135,10.521414
-22.294456,-20.817067,10.521740
-22.317913,-20.778328,10.548836
-22.339263,-20.735562,10.575866
-22.359569,-20.697254,10.576020
-22.380371,-20.679212,10.574490
-22.422550,-20.631327,10.580788
-22.447329,-20.598702,10.581896
-22.469756,-20.562694,10.616727
-22.503090,-20.529853,10.653229
-22.546133,-20.493989,10.625804
-22.558137,-20.454288,10.655229
-22.588871,-20.413286,10.665763
-22.615350,-20.378014,10.690881
-22.653191,-20.347583,10.677785
-22.679309,-20.308902,10.717523
-22.702148,-20.281447,10.727785
-22.731364,-20.216359,10.739584
-22.753010,-20.185777,10.725523
-22.774174,-20.151954,10.780328
-22.791987,-20.121514,10.772081
-22.823735,-20.068937,10.769154
-22.844687,-20.058363,10.777011
-22.893840,-20.014840,10.803422
-22.911609,-19.976340,10.807523
-22.933745,-19.930701,10.816045
-22.957012,-19.899977,10.830581
-22.985348,-19.870805,10.839512
-23.018516,-19.828780,10.845473
-23.048150,-19.788573,10.869462
-23.071348,-19.736168,10.861614
-23.102337,-19.694773,10.887277
-23.113830,-19.652682,10.887902
-23.153465,-19.623430,10.913024
-23.175294,-19.618086,10.928438
-23.225435,-19.549125,10.950475
-23.247390,-19.555223,10.933116
-23.268759,-19.490103,10.956675
-23.287928,-19.440929,10.967797
-23.315140,-19.421161,10.966532
-23.342643,-19.371640,10.980918
-23.357698,-19.341913,10.996086
-23.393505,-19.304600,11.004591
-23.405980,-19.254885,10.998808
-23.446661,-19.227188,11.023987
-23.476037,-19.181741,11.040864
-23.502562,-19.151240,11.040174
-23.530236,-19.090668,11.042965
-23.563820,-19.063366,11.051779
-23.574117,-19.034813,11.069030
-23.598319,-18.984169,11.094038
-23.637536,-18.957919,11.075484
-23.666014,-18.902443,11.087618
-23.671647,-18.870825,11.104877
-23.695558,-18.820701,11.101073
-23.745261,-18.816977,11.113944
-23.774949,-18.776177,11.138596
-23.789526,-18.736105,11.140149
-23.826679,-18.684880,11.143048
-23.841163,-18.668392,11.163886
-23.865505,-18.607769,11.153117
-23.924076,-18.577754,11.182490
-23.908883,-18.536198,11.183108
-23.957230,-18.505464,11.206728
-23.973562,-18.456941,11.202178
-24.006968,-18.421061,11.206847
-24.030472,-18.391332,11.219663
-24.067240,-18.337665,11.220716
-24.090687,-18.302219,11.235543
-24.078311,-18.267217,11.248498
-24.119029,-18.215928,11.250755
-24.163865,-18.206319,11.266703
-24.154565,-18.144423,11.272191
-24.205866,-18.117416,11.262659
-24.223301,-18.076447,11.283220
-24.258556,-18.034140,11.299516
-24.300340,-17.990275,11.303142
-24.297024,-17.950966,11.312719
-24.327647,-17.904312,11.326203
-24.351965,-17.901592,11.324308
-24.390842,-17.846102,11.339372
-24.384711,-17.814674,11.325036
-24.449880,-17.774773,11.340950
-24.464199,-17.721106,11.342640
-24.493960,-17.692246,11.361470
-24.514888,-17.654863,11.353680
-24.508412,-17.603695,11.364923
-24.541481,-17.578640,11.356624
-24.569279,-17.518835,11.368537
-24.604677,-17.480813,11.388654
-24.623558,-17.447626,11.387167
-24.650783,-17.395179,11.387351
-24.697805,-17.364706,11.400582
-24.706943,-17.336441,11.425639
-24.729175,-17.258268,11.417163
-24.747641,-17.259352,11.430635
-24.772091,-17.224643,11.427398
-24.797547,-17.172038,11.431317
-24.814391,-17.127107,11.425210
-24.857257,-17.092687,11.440258
-24.864561,-17.063523,11.450725
-24.889174,-17.007203,11.445252
-24.920107,-16.983254,11.450034
-24.953997,-16.942068,11.466593
-24.982318,-16.900511,11.479524
-25.008581,-16.845901,11.490116
-25.029409,-16.793215,11.467279
-25.037494,-16.786021,11.482607
-25.062449,-16.731656,11.487982
-25.096051,-16.699219,11.493425
-25.119312,-16.660634,11.495634
-25.149214,-16.632329,11.503939
-25.175628,-16.587361,11.527974
-25.202046,-16.526428,11.509902
-25.218731,-16.518112,11.525338
-25.229230,-16.454860,11.523221
-25.263935,-16.411714,11.526357
-25.282690,-16.373970,11.544825
-25.303975,-16.348219,11.529211
-25.331801,-16.303522,11.549314
-25.348955,-16.273274,11.555998
-25.386014,-16.206488,11.559706
-25.410533,-16.164093,11.545562
-25.438037,-16.115943,11.567833
-25.464943,-16.111583,11.570844
-25.484023,-16.067143,11.559379
-25.509295,-16.017006,11.571664
-25.530019,-15.974352,11.567473
-25.537415,-15.936863,11.575055
-25.601984,-15.893096,11.583767
-25.590271,-15.842481,11.583703
-25.632015,-15.812484,11.587857
-25.658023,-15.777788,11.587132
-25.672502,-15.736891,11.601451
-25.685639,-15.706907,11.594418
-25.722670,-15.645100,11.596410
-25.750385,-15.611360,11.599264
-25.758982,-15.577073,11.592620
-25.789083,-15.524232,11.611609
-25.807064,-15.513225,11.615100
-25.829410,-15.448136,11.646933
-25.864754,-15.407671,11.616579
-25.877137,-15.372896,11.627204
-25.901976,-15.337769,11.613547
-25.934223,-15.292758,11.626004
-25.966297,-15.255846,11.633739
-25.980467,-15.201779,11.629504
-26.002290,-15.178032,11.642587
-26.017523,-15.140271,11.627180
-26.030411,-15.089197,11.626548
-26.093309,-15.046216,11.616239
-26.076058,-15.016043,11.638395
-26.096671,-14.959702,11.631459
-26.119256,-14.939129,11.632546
-26.131751,-14.881600,11.630977
-26.172586,-14.832770,11.636512
-26.177734,-14.821884,11.647489
-26.222187,-14.769639,11.661121
-26.242222,-14.722954,11.636987
-26.261312,-14.677358,11.649457
-26.287841,-14.644801,11.644849
-26.310555,-14.609641,11.636857
-26.338110,-14.555902,11.633649
-26.368242,-14.533075,11.654679
-26.387420,-14.488030,11.648296
-26.393685,-14.429051,11.645737
-26.433694,-14.397630,11.662510
-26.432390,-14.351722,11.654048
-26.453431,-14.303426,11.656561
-26.483924,-14.278150,11.635585
-26.500339,-14.225606,11.653809
-26.545784,-14.178888,11.645935
-26.542963,-14.138486,11.646115
-26.571269,-14.110795,11.624144
-26.602658,-14.075360,11.653989
-26.611392,-14.015620,11.639328
-26.645763,-13.997463,11.641766
-26.651994,-13.935877,11.642452
-26.699557,-13.917685,11.633531
-26.713842,-13.855629,11.643523
-26.741027,-13.824367,11.655379
-26.735714,-13.766396,11.651526
-26.761157,-13.733895,11.624416
-26.795202,-13.700547,11.643704
-26.825880,-13.640991,11.624701
-26.825539,-13.608446,11.632358
-26.847295,-13.574379,11.632476
-26.861851,-13.545764,11.635636
-26.889658,-13.482736,11.625917
-26.917727,-13.450345,11.618004
-26.952237,-13.428757,11.628953
-26.944648,-13.346792,11.605518
-26.982777,-13.305822,11.620405
-26.998828,-13.265666,11.629011
-27.035094,-13.234960,11.619439
-27.033876,-13.207217,11.636576
-27.078319,-13.152051,11.609349
-27.079089,-13.134593,11.612757
-27.099672,-13.087656,11.619044
-27.112587,-13.008907,11.615971
-27.150093,-12.998482,11.608672
-27.166556,-12.960180,11.597086
-27.197623,-12.926368,11.605818
-27.217856,-12.880200,11.605047
-27.235914,-12.829162,11.599647
-27.247504,-12.791336,11.584804
-27.282475,-12.763530,11.606488
-27.276715,-12.706887,11.583158
-27.315733,-12.690611,11.587455
-27.326394,-12.607732,11.583278
-27.350727,-12.587602,11.586720
-27.376175,-12.550365,11.583181
-27.414164,-12.507074,11.594402
-27.420868,-12.451008,11.568981
-27.430807,-12.420569,11.564513
-27.447665,-12.355732,11.569976
-27.460992,-12.334164,11.577912
-27.511735,-12.305342,11.576807
-27.511166,-12.278053,11.541908
-27.530279,-12.207260,11.558205
-27.550463,-12.171957,11.526306
-27.584956,-12.121257,11.553593
-27.587594,-12.071415,11.541094
-27.629628,-12.032287,11.520812
-27.632150,-11.997324,11.542412
-27.652470,-11.976725,11.536073
-27.666504,-11.933286,11.527997
-27.694510,-11.889069,11.512177
-27.718482,-11.844422,11.504349
-27.737805,-11.796159,11.521066
-27.766081,-11.745889,11.507746
-27.764828,-11.689051,11.502633
-27.795631,-11.667568,11.504848
-27.817317,-11.603605,11.496970
-27.826599,-11.588757,11.489103
-27.858828,-11.548857,11.484955
-27.882048,-11.477304,11.480608
-27.888171,-11.464189,11.481996
-27.908657,-11.394894,11.478595
-27.914170,-11.364052,11.453674
-27.947992,-11.331029,11.447796
-27.974997,-11.310414,11.455468
-27.990450,-11.245872,11.429270
-28.020017,-11.181050,11.433658
-28.052139,-11.184663,11.443483
-28.062521,-11.136905,11.427921
-28.048561,-11.068090,11.414544
-28.088699,-11.041787,11.410169
-28.091974,-10.994257,11.405131
-28.117578,-10.978904,11.416577
-28.130829,-10.928700,11.374511
-28.153737,-10.856240,11.396230
-28.157458,-10.822018,11.379068
-28.192988,-10.786123,11.372182
-28.217397,-10.740845,11.371091
-28.223216,-10.723735,11.343950
-28.240728,-10.670768,11.354127
-28.274715,-10.645067,11.353893
-28.270261,-10.595946,11.332879
-28.293916,-10.532994,11.322994
-28.325371,-10.501442,11.335681
-28.346339,-10.475434,11.306456
-28.350641,-10.405561,11.312908
-28.382824,-10.360201,11.300056
-28.399710,-10.330731,11.290054
-28.412085,-10.299209,11.281634
-28.421063,-10.252585,11.270985
-28.450526,-10.203268,11.264875
-28.461818,-10.158376,11.263402
-28.492690,-10.138291,11.279683
-28.490600,-10.092683,11.250055
-28.526836,-10.056782,11.250305
-28.543663,-10.010168,11.240970
-28.558897,-9.962222,11.229741
-28.572546,-9.933713,11.223472
-28.591737,-9.877479,11.209528
-28.622564,-9.826838,11.198871
-28.628430,-9.806766,11.200258
-28.643909,-9.758298,11.202899
-28.666150,-9.705656,11.179390
-28.679734,-9.672714,11.168551
-28.689314,-9.639725,11.170001
-28.708768,-9.571593,11.150876
-28.727743,-9.536191,11.148049
-28.741738,-9.496916,11.126043
-28.773218,-9.468291,11.126879
-28.785638,-9.422342,11.122337
-28.798489,-9.364563,11.095134
-28.793567,-9.341474,11.107871
-28.839675,-9.299302,11.091202
-28.846661,-9.248122,11.070864
-28.857989,-9.211438,11.073842
-28.901871,-9.181017,11.057766
-28.913989,-9.132806,11.040333
-28.930018,-9.090755,11.042416
-28.946160,-9.057482,11.030299
-28.958186,-9.010133,11.024569
-28.955613,-8.975391,11.009744
-29.004420,-8.927011,11.012961
-29.011841,-8.866179,10.987420
-29.013146,-8.842056,10.980077
-29.031605,-8.805933,10.942491
-29.058379,-8.770719,10.936312
-29.085800,-8.716162,10.945911
-29.091478,-8.666598,10.949913
-29.093332,-8.641345,10.926968
-29.129302,-8.579672,10.928469
-29.142185,-8.544767,10.878295
-29.169469,-8.488417,10.906718
-29.156248,-8.458453,10.890407
-29.170461,-8.416939,10.862391
-29.196621,-8.359351,10.877709
-29.211976,-8.344681,10.872518
-29.220041,-8.295983,10.837915
-29.251973,-8.256577,10.839010
-29.258879,-8.202384,10.816426
-29.271336,-8.181706,10.808906
-29.281024,-8.124902,10.811599
-29.320328,-8.083932,10.791210
-29.329257,-8.042293,10.777468
-29.328981,-8.010443,10.755219
-29.376198,-7.967534,10.750056
-29.371949,-7.921720,10.725948
-29.399004,-7.876731,10.714663
-29.419971,-7.834088,10.692607
-29.420933,-7.805077,10.701133
-29.440467,-7.762796,10.688021
-29.444044,-7.729832,10.658068
-29.476642,-7.692897,10.664657
-29.484205,-7.648972,10.651511
-29.503989,-7.583963,10.629383
-29.487158,-7.560719,10.620285
-29.531683,-7.517882,10.616733
-29.532600,-7.487554,10.605635
-29.551614,-7.423604,10.562183
-29.578888,-7.389664,10.560312
-29.578516,-7.328999,10.567565
-29.595386,-7.306065,10.534945
-29.616375,-7.257190,10.537017
-29.636127,-7.226875,10.505356
-29.643597,-7.189702,10.509504
-29.651258,-7.159252,10.507691
-29.664229,-7.098858,10.482372
-29.691567,-7.062105,10.456507
-29.721592,-7.028831,10.466335
-29.718343,-6.976423,10.429914
-29.726262,-6.916431,10.429881
-29.739081,-6.901144,10.423009
-29.761297,-6.852953,10.383044
-29.776216,-6.815233,10.382210
-29.806353,-6.786873,10.392327
-29.806264,-6.732341,10.368517
-29.808806,-6.681106,10.344698
-29.834744,-6.669007,10.320919
-29.823952,-6.596601,10.326514
-29.838320,-6.575589,10.305137
-29.884815,-6.532754,10.274640
-29.892812,-6.499652,10.282450
-29.891979,-6.452078,10.230069
-29.913060,-6.402635,10.247532
-29.930747,-6.356666,10.233138
-29.952973,-6.319410,10.230840
-29.963883,-6.268176,10.181926
-29.971146,-6.245689,10.191405
-29.998800,-6.199946,10.141080
-30.009089,-6.153745,10.141476
-30.017095,-6.105457,10.142621
-30.028743,-6.078383,10.119238
-30.045542,-6.008118,10.110025
-30.061238,-5.988464,10.089308
-30.078691,-5.944990,10.043329
-30.082131,-5.895521,10.070743
-30.107185,-5.872816,10.038753
-30.087592,-5.817528,10.028420
-30.127257,-5.769813,10.002198
-30.117277,-5.751543,9.981329
-30.154624,-5.699961,9.965708
-30.154317,-5.664222,9.945313
-30.168817,-5.629263,9.957485
-30.193420,-5.601493,9.937478
-30.187732,-5.531080,9.901848
-30.203625,-5.515464,9.916753
-30.236964,-5.472891,9.883565
-30.240407,-5.421100,9.859047
-30.247467,-5.384688,9.846156
-30.253391,-5.337319,9.834729
-30.281709,-5.300973,9.801271
